solid OpenSCAD_Model
  facet normal 0 0 1
    outer loop
      vertex 2.59374 0.341473 39.9144
      vertex 2.59374 -0.341473 39.9144
      vertex 2.61613 0 39.9144
    endloop
  endfacet
  facet normal 0 0 1
    outer loop
      vertex 2.52698 0.677103 39.9144
      vertex 2.59374 -0.341473 39.9144
      vertex 2.59374 0.341473 39.9144
    endloop
  endfacet
  facet normal 0 0 1
    outer loop
      vertex 2.52698 0.677103 39.9144
      vertex 2.52698 -0.677103 39.9144
      vertex 2.59374 -0.341473 39.9144
    endloop
  endfacet
  facet normal 0 0 1
    outer loop
      vertex 2.41698 1.00115 39.9144
      vertex 2.52698 -0.677103 39.9144
      vertex 2.52698 0.677103 39.9144
    endloop
  endfacet
  facet normal 0 0 1
    outer loop
      vertex 2.41698 1.00115 39.9144
      vertex 2.41698 -1.00115 39.9144
      vertex 2.52698 -0.677103 39.9144
    endloop
  endfacet
  facet normal 0 0 1
    outer loop
      vertex 2.26563 1.30806 39.9144
      vertex 2.41698 -1.00115 39.9144
      vertex 2.41698 1.00115 39.9144
    endloop
  endfacet
  facet normal 0 0 1
    outer loop
      vertex 2.26563 1.30806 39.9144
      vertex 2.26563 -1.30806 39.9144
      vertex 2.41698 -1.00115 39.9144
    endloop
  endfacet
  facet normal 0 0 1
    outer loop
      vertex 2.07551 1.5926 39.9144
      vertex 2.26563 -1.30806 39.9144
      vertex 2.26563 1.30806 39.9144
    endloop
  endfacet
  facet normal 0 0 1
    outer loop
      vertex 2.07551 1.5926 39.9144
      vertex 2.07551 -1.5926 39.9144
      vertex 2.26563 -1.30806 39.9144
    endloop
  endfacet
  facet normal 0 0 1
    outer loop
      vertex 1.84988 1.84988 39.9144
      vertex 2.07551 -1.5926 39.9144
      vertex 2.07551 1.5926 39.9144
    endloop
  endfacet
  facet normal 0 0 1
    outer loop
      vertex 1.84988 1.84988 39.9144
      vertex 1.84988 -1.84988 39.9144
      vertex 2.07551 -1.5926 39.9144
    endloop
  endfacet
  facet normal 0 0 1
    outer loop
      vertex 1.5926 2.07551 39.9144
      vertex 1.84988 -1.84988 39.9144
      vertex 1.84988 1.84988 39.9144
    endloop
  endfacet
  facet normal 0 0 1
    outer loop
      vertex 1.5926 2.07551 39.9144
      vertex 1.5926 -2.07551 39.9144
      vertex 1.84988 -1.84988 39.9144
    endloop
  endfacet
  facet normal 0 0 1
    outer loop
      vertex 1.30806 2.26563 39.9144
      vertex 1.5926 -2.07551 39.9144
      vertex 1.5926 2.07551 39.9144
    endloop
  endfacet
  facet normal 0 0 1
    outer loop
      vertex 1.30806 2.26563 39.9144
      vertex 1.30806 -2.26563 39.9144
      vertex 1.5926 -2.07551 39.9144
    endloop
  endfacet
  facet normal 0 0 1
    outer loop
      vertex 1.00115 2.41698 39.9144
      vertex 1.30806 -2.26563 39.9144
      vertex 1.30806 2.26563 39.9144
    endloop
  endfacet
  facet normal 0 0 1
    outer loop
      vertex 1.00115 2.41698 39.9144
      vertex 1.00115 -2.41698 39.9144
      vertex 1.30806 -2.26563 39.9144
    endloop
  endfacet
  facet normal 0 0 1
    outer loop
      vertex 0.677103 2.52698 39.9144
      vertex 1.00115 -2.41698 39.9144
      vertex 1.00115 2.41698 39.9144
    endloop
  endfacet
  facet normal 0 0 1
    outer loop
      vertex 0.677103 2.52698 39.9144
      vertex 0.677103 -2.52698 39.9144
      vertex 1.00115 -2.41698 39.9144
    endloop
  endfacet
  facet normal 0 0 1
    outer loop
      vertex 0.341473 2.59374 39.9144
      vertex 0.677103 -2.52698 39.9144
      vertex 0.677103 2.52698 39.9144
    endloop
  endfacet
  facet normal 0 0 1
    outer loop
      vertex 0.341473 2.59374 39.9144
      vertex 0.341473 -2.59374 39.9144
      vertex 0.677103 -2.52698 39.9144
    endloop
  endfacet
  facet normal 0 0 1
    outer loop
      vertex 0 2.61613 39.9144
      vertex 0.341473 -2.59374 39.9144
      vertex 0.341473 2.59374 39.9144
    endloop
  endfacet
  facet normal 0 0 1
    outer loop
      vertex 0 2.61613 39.9144
      vertex -0 -2.61613 39.9144
      vertex 0.341473 -2.59374 39.9144
    endloop
  endfacet
  facet normal -0 0 1
    outer loop
      vertex -0.341473 2.59374 39.9144
      vertex -0 -2.61613 39.9144
      vertex 0 2.61613 39.9144
    endloop
  endfacet
  facet normal 0 0 1
    outer loop
      vertex -0.341473 2.59374 39.9144
      vertex -0.341473 -2.59374 39.9144
      vertex -0 -2.61613 39.9144
    endloop
  endfacet
  facet normal -0 0 1
    outer loop
      vertex -0.677103 2.52698 39.9144
      vertex -0.341473 -2.59374 39.9144
      vertex -0.341473 2.59374 39.9144
    endloop
  endfacet
  facet normal 0 0 1
    outer loop
      vertex -0.677103 2.52698 39.9144
      vertex -0.677103 -2.52698 39.9144
      vertex -0.341473 -2.59374 39.9144
    endloop
  endfacet
  facet normal -0 0 1
    outer loop
      vertex -1.00115 2.41698 39.9144
      vertex -0.677103 -2.52698 39.9144
      vertex -0.677103 2.52698 39.9144
    endloop
  endfacet
  facet normal 0 0 1
    outer loop
      vertex -1.00115 2.41698 39.9144
      vertex -1.00115 -2.41698 39.9144
      vertex -0.677103 -2.52698 39.9144
    endloop
  endfacet
  facet normal -0 0 1
    outer loop
      vertex -1.30806 2.26563 39.9144
      vertex -1.00115 -2.41698 39.9144
      vertex -1.00115 2.41698 39.9144
    endloop
  endfacet
  facet normal 0 0 1
    outer loop
      vertex -1.30806 2.26563 39.9144
      vertex -1.30806 -2.26563 39.9144
      vertex -1.00115 -2.41698 39.9144
    endloop
  endfacet
  facet normal -0 0 1
    outer loop
      vertex -1.5926 2.07551 39.9144
      vertex -1.30806 -2.26563 39.9144
      vertex -1.30806 2.26563 39.9144
    endloop
  endfacet
  facet normal 0 0 1
    outer loop
      vertex -1.5926 2.07551 39.9144
      vertex -1.5926 -2.07551 39.9144
      vertex -1.30806 -2.26563 39.9144
    endloop
  endfacet
  facet normal -0 0 1
    outer loop
      vertex -1.84988 1.84988 39.9144
      vertex -1.5926 -2.07551 39.9144
      vertex -1.5926 2.07551 39.9144
    endloop
  endfacet
  facet normal 0 0 1
    outer loop
      vertex -1.84988 1.84988 39.9144
      vertex -1.84988 -1.84988 39.9144
      vertex -1.5926 -2.07551 39.9144
    endloop
  endfacet
  facet normal -0 0 1
    outer loop
      vertex -2.07551 1.5926 39.9144
      vertex -1.84988 -1.84988 39.9144
      vertex -1.84988 1.84988 39.9144
    endloop
  endfacet
  facet normal 0 0 1
    outer loop
      vertex -2.07551 1.5926 39.9144
      vertex -2.07551 -1.5926 39.9144
      vertex -1.84988 -1.84988 39.9144
    endloop
  endfacet
  facet normal -0 0 1
    outer loop
      vertex -2.26563 1.30806 39.9144
      vertex -2.07551 -1.5926 39.9144
      vertex -2.07551 1.5926 39.9144
    endloop
  endfacet
  facet normal 0 0 1
    outer loop
      vertex -2.26563 1.30806 39.9144
      vertex -2.26563 -1.30806 39.9144
      vertex -2.07551 -1.5926 39.9144
    endloop
  endfacet
  facet normal -0 0 1
    outer loop
      vertex -2.41698 1.00115 39.9144
      vertex -2.26563 -1.30806 39.9144
      vertex -2.26563 1.30806 39.9144
    endloop
  endfacet
  facet normal 0 0 1
    outer loop
      vertex -2.41698 1.00115 39.9144
      vertex -2.41698 -1.00115 39.9144
      vertex -2.26563 -1.30806 39.9144
    endloop
  endfacet
  facet normal -0 0 1
    outer loop
      vertex -2.52698 0.677103 39.9144
      vertex -2.41698 -1.00115 39.9144
      vertex -2.41698 1.00115 39.9144
    endloop
  endfacet
  facet normal 0 0 1
    outer loop
      vertex -2.52698 0.677103 39.9144
      vertex -2.52698 -0.677103 39.9144
      vertex -2.41698 -1.00115 39.9144
    endloop
  endfacet
  facet normal -0 0 1
    outer loop
      vertex -2.59374 0.341473 39.9144
      vertex -2.52698 -0.677103 39.9144
      vertex -2.52698 0.677103 39.9144
    endloop
  endfacet
  facet normal 0 0 1
    outer loop
      vertex -2.59374 0.341473 39.9144
      vertex -2.59374 -0.341473 39.9144
      vertex -2.52698 -0.677103 39.9144
    endloop
  endfacet
  facet normal 0 -0 1
    outer loop
      vertex -2.59374 -0.341473 39.9144
      vertex -2.59374 0.341473 39.9144
      vertex -2.61613 -0 39.9144
    endloop
  endfacet
  facet normal 0.130532 0.00855534 0.991407
    outer loop
      vertex 7.80361 0 39.2314
      vertex 7.73685 1.01858 39.2314
      vertex 2.61613 0 39.9144
    endloop
  endfacet
  facet normal 0.130531 0.00855878 0.991407
    outer loop
      vertex 7.73685 1.01858 39.2314
      vertex 2.59374 0.341473 39.9144
      vertex 2.61613 0 39.9144
    endloop
  endfacet
  facet normal 0.128298 0.0255202 0.991407
    outer loop
      vertex 7.73685 1.01858 39.2314
      vertex 7.53771 2.01972 39.2314
      vertex 2.59374 0.341473 39.9144
    endloop
  endfacet
  facet normal 0.128298 0.0255197 0.991407
    outer loop
      vertex 7.53771 2.01972 39.2314
      vertex 2.52698 0.677103 39.9144
      vertex 2.59374 0.341473 39.9144
    endloop
  endfacet
  facet normal 0.12387 0.0420477 0.991407
    outer loop
      vertex 7.53771 2.01972 39.2314
      vertex 7.2096 2.98631 39.2314
      vertex 2.52698 0.677103 39.9144
    endloop
  endfacet
  facet normal 0.123869 0.0420483 0.991407
    outer loop
      vertex 7.2096 2.98631 39.2314
      vertex 2.41698 1.00115 39.9144
      vertex 2.52698 0.677103 39.9144
    endloop
  endfacet
  facet normal 0.117322 0.057856 0.991407
    outer loop
      vertex 7.2096 2.98631 39.2314
      vertex 6.75813 3.90181 39.2314
      vertex 2.41698 1.00115 39.9144
    endloop
  endfacet
  facet normal 0.117322 0.0578561 0.991407
    outer loop
      vertex 6.75813 3.90181 39.2314
      vertex 2.26563 1.30806 39.9144
      vertex 2.41698 1.00115 39.9144
    endloop
  endfacet
  facet normal 0.108765 0.0726756 0.991407
    outer loop
      vertex 6.75813 3.90181 39.2314
      vertex 6.19102 4.75054 39.2314
      vertex 2.26563 1.30806 39.9144
    endloop
  endfacet
  facet normal 0.108767 0.0726742 0.991407
    outer loop
      vertex 6.19102 4.75054 39.2314
      vertex 2.07551 1.5926 39.9144
      vertex 2.26563 1.30806 39.9144
    endloop
  endfacet
  facet normal 0.0983498 0.0862497 0.991407
    outer loop
      vertex 6.19102 4.75054 39.2314
      vertex 5.51799 5.51799 39.2314
      vertex 2.07551 1.5926 39.9144
    endloop
  endfacet
  facet normal 0.0983491 0.0862504 0.991407
    outer loop
      vertex 5.51799 5.51799 39.2314
      vertex 1.84988 1.84988 39.9144
      vertex 2.07551 1.5926 39.9144
    endloop
  endfacet
  facet normal 0.0862497 0.0983498 0.991407
    outer loop
      vertex 5.51799 5.51799 39.2314
      vertex 4.75054 6.19102 39.2314
      vertex 1.84988 1.84988 39.9144
    endloop
  endfacet
  facet normal 0.0862505 0.0983492 0.991407
    outer loop
      vertex 4.75054 6.19102 39.2314
      vertex 1.5926 2.07551 39.9144
      vertex 1.84988 1.84988 39.9144
    endloop
  endfacet
  facet normal 0.0726757 0.108766 0.991407
    outer loop
      vertex 4.75054 6.19102 39.2314
      vertex 3.90181 6.75813 39.2314
      vertex 1.5926 2.07551 39.9144
    endloop
  endfacet
  facet normal 0.072674 0.108766 0.991407
    outer loop
      vertex 3.90181 6.75813 39.2314
      vertex 1.30806 2.26563 39.9144
      vertex 1.5926 2.07551 39.9144
    endloop
  endfacet
  facet normal 0.057856 0.117322 0.991407
    outer loop
      vertex 3.90181 6.75813 39.2314
      vertex 2.98631 7.2096 39.2314
      vertex 1.30806 2.26563 39.9144
    endloop
  endfacet
  facet normal 0.0578561 0.117322 0.991407
    outer loop
      vertex 2.98631 7.2096 39.2314
      vertex 1.00115 2.41698 39.9144
      vertex 1.30806 2.26563 39.9144
    endloop
  endfacet
  facet normal 0.0420477 0.12387 0.991407
    outer loop
      vertex 2.98631 7.2096 39.2314
      vertex 2.01972 7.53771 39.2314
      vertex 1.00115 2.41698 39.9144
    endloop
  endfacet
  facet normal 0.0420483 0.123869 0.991407
    outer loop
      vertex 2.01972 7.53771 39.2314
      vertex 0.677103 2.52698 39.9144
      vertex 1.00115 2.41698 39.9144
    endloop
  endfacet
  facet normal 0.0255202 0.128298 0.991407
    outer loop
      vertex 2.01972 7.53771 39.2314
      vertex 1.01858 7.73685 39.2314
      vertex 0.677103 2.52698 39.9144
    endloop
  endfacet
  facet normal 0.0255197 0.128298 0.991407
    outer loop
      vertex 1.01858 7.73685 39.2314
      vertex 0.341473 2.59374 39.9144
      vertex 0.677103 2.52698 39.9144
    endloop
  endfacet
  facet normal 0.00855533 0.130532 0.991407
    outer loop
      vertex 1.01858 7.73685 39.2314
      vertex 0 7.80361 39.2314
      vertex 0.341473 2.59374 39.9144
    endloop
  endfacet
  facet normal 0.00855882 0.130532 0.991407
    outer loop
      vertex 0 7.80361 39.2314
      vertex 0 2.61613 39.9144
      vertex 0.341473 2.59374 39.9144
    endloop
  endfacet
  facet normal -0.00855534 0.130532 0.991407
    outer loop
      vertex 0 7.80361 39.2314
      vertex -1.01858 7.73685 39.2314
      vertex 0 2.61613 39.9144
    endloop
  endfacet
  facet normal -0.00855878 0.130531 0.991407
    outer loop
      vertex -1.01858 7.73685 39.2314
      vertex -0.341473 2.59374 39.9144
      vertex 0 2.61613 39.9144
    endloop
  endfacet
  facet normal -0.0255202 0.128298 0.991407
    outer loop
      vertex -1.01858 7.73685 39.2314
      vertex -2.01972 7.53771 39.2314
      vertex -0.341473 2.59374 39.9144
    endloop
  endfacet
  facet normal -0.0255197 0.128298 0.991407
    outer loop
      vertex -2.01972 7.53771 39.2314
      vertex -0.677103 2.52698 39.9144
      vertex -0.341473 2.59374 39.9144
    endloop
  endfacet
  facet normal -0.0420477 0.12387 0.991407
    outer loop
      vertex -2.01972 7.53771 39.2314
      vertex -2.98631 7.2096 39.2314
      vertex -0.677103 2.52698 39.9144
    endloop
  endfacet
  facet normal -0.0420483 0.123869 0.991407
    outer loop
      vertex -2.98631 7.2096 39.2314
      vertex -1.00115 2.41698 39.9144
      vertex -0.677103 2.52698 39.9144
    endloop
  endfacet
  facet normal -0.057856 0.117322 0.991407
    outer loop
      vertex -2.98631 7.2096 39.2314
      vertex -3.90181 6.75813 39.2314
      vertex -1.00115 2.41698 39.9144
    endloop
  endfacet
  facet normal -0.0578561 0.117322 0.991407
    outer loop
      vertex -3.90181 6.75813 39.2314
      vertex -1.30806 2.26563 39.9144
      vertex -1.00115 2.41698 39.9144
    endloop
  endfacet
  facet normal -0.0726756 0.108765 0.991407
    outer loop
      vertex -3.90181 6.75813 39.2314
      vertex -4.75054 6.19102 39.2314
      vertex -1.30806 2.26563 39.9144
    endloop
  endfacet
  facet normal -0.0726742 0.108767 0.991407
    outer loop
      vertex -4.75054 6.19102 39.2314
      vertex -1.5926 2.07551 39.9144
      vertex -1.30806 2.26563 39.9144
    endloop
  endfacet
  facet normal -0.0862497 0.0983498 0.991407
    outer loop
      vertex -4.75054 6.19102 39.2314
      vertex -5.51799 5.51799 39.2314
      vertex -1.5926 2.07551 39.9144
    endloop
  endfacet
  facet normal -0.0862504 0.0983491 0.991407
    outer loop
      vertex -5.51799 5.51799 39.2314
      vertex -1.84988 1.84988 39.9144
      vertex -1.5926 2.07551 39.9144
    endloop
  endfacet
  facet normal -0.0983498 0.0862497 0.991407
    outer loop
      vertex -5.51799 5.51799 39.2314
      vertex -6.19102 4.75054 39.2314
      vertex -1.84988 1.84988 39.9144
    endloop
  endfacet
  facet normal -0.0983492 0.0862505 0.991407
    outer loop
      vertex -6.19102 4.75054 39.2314
      vertex -2.07551 1.5926 39.9144
      vertex -1.84988 1.84988 39.9144
    endloop
  endfacet
  facet normal -0.108766 0.0726757 0.991407
    outer loop
      vertex -6.19102 4.75054 39.2314
      vertex -6.75813 3.90181 39.2314
      vertex -2.07551 1.5926 39.9144
    endloop
  endfacet
  facet normal -0.108766 0.072674 0.991407
    outer loop
      vertex -6.75813 3.90181 39.2314
      vertex -2.26563 1.30806 39.9144
      vertex -2.07551 1.5926 39.9144
    endloop
  endfacet
  facet normal -0.117322 0.057856 0.991407
    outer loop
      vertex -6.75813 3.90181 39.2314
      vertex -7.2096 2.98631 39.2314
      vertex -2.26563 1.30806 39.9144
    endloop
  endfacet
  facet normal -0.117322 0.0578561 0.991407
    outer loop
      vertex -7.2096 2.98631 39.2314
      vertex -2.41698 1.00115 39.9144
      vertex -2.26563 1.30806 39.9144
    endloop
  endfacet
  facet normal -0.12387 0.0420477 0.991407
    outer loop
      vertex -7.2096 2.98631 39.2314
      vertex -7.53771 2.01972 39.2314
      vertex -2.41698 1.00115 39.9144
    endloop
  endfacet
  facet normal -0.123869 0.0420483 0.991407
    outer loop
      vertex -7.53771 2.01972 39.2314
      vertex -2.52698 0.677103 39.9144
      vertex -2.41698 1.00115 39.9144
    endloop
  endfacet
  facet normal -0.128298 0.0255202 0.991407
    outer loop
      vertex -7.53771 2.01972 39.2314
      vertex -7.73685 1.01858 39.2314
      vertex -2.52698 0.677103 39.9144
    endloop
  endfacet
  facet normal -0.128298 0.0255197 0.991407
    outer loop
      vertex -7.73685 1.01858 39.2314
      vertex -2.59374 0.341473 39.9144
      vertex -2.52698 0.677103 39.9144
    endloop
  endfacet
  facet normal -0.130532 0.00855533 0.991407
    outer loop
      vertex -7.73685 1.01858 39.2314
      vertex -7.80361 -0 39.2314
      vertex -2.59374 0.341473 39.9144
    endloop
  endfacet
  facet normal -0.130532 0.00855882 0.991407
    outer loop
      vertex -7.80361 -0 39.2314
      vertex -2.61613 -0 39.9144
      vertex -2.59374 0.341473 39.9144
    endloop
  endfacet
  facet normal -0.130532 -0.00855534 0.991407
    outer loop
      vertex -7.80361 -0 39.2314
      vertex -7.73685 -1.01858 39.2314
      vertex -2.61613 -0 39.9144
    endloop
  endfacet
  facet normal -0.130531 -0.00855878 0.991407
    outer loop
      vertex -7.73685 -1.01858 39.2314
      vertex -2.59374 -0.341473 39.9144
      vertex -2.61613 -0 39.9144
    endloop
  endfacet
  facet normal -0.128298 -0.0255202 0.991407
    outer loop
      vertex -7.73685 -1.01858 39.2314
      vertex -7.53771 -2.01972 39.2314
      vertex -2.59374 -0.341473 39.9144
    endloop
  endfacet
  facet normal -0.128298 -0.0255197 0.991407
    outer loop
      vertex -7.53771 -2.01972 39.2314
      vertex -2.52698 -0.677103 39.9144
      vertex -2.59374 -0.341473 39.9144
    endloop
  endfacet
  facet normal -0.12387 -0.0420477 0.991407
    outer loop
      vertex -7.53771 -2.01972 39.2314
      vertex -7.2096 -2.98631 39.2314
      vertex -2.52698 -0.677103 39.9144
    endloop
  endfacet
  facet normal -0.123869 -0.0420483 0.991407
    outer loop
      vertex -7.2096 -2.98631 39.2314
      vertex -2.41698 -1.00115 39.9144
      vertex -2.52698 -0.677103 39.9144
    endloop
  endfacet
  facet normal -0.117322 -0.057856 0.991407
    outer loop
      vertex -7.2096 -2.98631 39.2314
      vertex -6.75813 -3.90181 39.2314
      vertex -2.41698 -1.00115 39.9144
    endloop
  endfacet
  facet normal -0.117322 -0.0578561 0.991407
    outer loop
      vertex -6.75813 -3.90181 39.2314
      vertex -2.26563 -1.30806 39.9144
      vertex -2.41698 -1.00115 39.9144
    endloop
  endfacet
  facet normal -0.108765 -0.0726756 0.991407
    outer loop
      vertex -6.75813 -3.90181 39.2314
      vertex -6.19102 -4.75054 39.2314
      vertex -2.26563 -1.30806 39.9144
    endloop
  endfacet
  facet normal -0.108767 -0.0726742 0.991407
    outer loop
      vertex -6.19102 -4.75054 39.2314
      vertex -2.07551 -1.5926 39.9144
      vertex -2.26563 -1.30806 39.9144
    endloop
  endfacet
  facet normal -0.0983498 -0.0862497 0.991407
    outer loop
      vertex -6.19102 -4.75054 39.2314
      vertex -5.51799 -5.51799 39.2314
      vertex -2.07551 -1.5926 39.9144
    endloop
  endfacet
  facet normal -0.0983491 -0.0862504 0.991407
    outer loop
      vertex -5.51799 -5.51799 39.2314
      vertex -1.84988 -1.84988 39.9144
      vertex -2.07551 -1.5926 39.9144
    endloop
  endfacet
  facet normal -0.0862497 -0.0983498 0.991407
    outer loop
      vertex -5.51799 -5.51799 39.2314
      vertex -4.75054 -6.19102 39.2314
      vertex -1.84988 -1.84988 39.9144
    endloop
  endfacet
  facet normal -0.0862505 -0.0983492 0.991407
    outer loop
      vertex -4.75054 -6.19102 39.2314
      vertex -1.5926 -2.07551 39.9144
      vertex -1.84988 -1.84988 39.9144
    endloop
  endfacet
  facet normal -0.0726757 -0.108766 0.991407
    outer loop
      vertex -4.75054 -6.19102 39.2314
      vertex -3.90181 -6.75813 39.2314
      vertex -1.5926 -2.07551 39.9144
    endloop
  endfacet
  facet normal -0.072674 -0.108766 0.991407
    outer loop
      vertex -3.90181 -6.75813 39.2314
      vertex -1.30806 -2.26563 39.9144
      vertex -1.5926 -2.07551 39.9144
    endloop
  endfacet
  facet normal -0.057856 -0.117322 0.991407
    outer loop
      vertex -3.90181 -6.75813 39.2314
      vertex -2.98631 -7.2096 39.2314
      vertex -1.30806 -2.26563 39.9144
    endloop
  endfacet
  facet normal -0.0578561 -0.117322 0.991407
    outer loop
      vertex -2.98631 -7.2096 39.2314
      vertex -1.00115 -2.41698 39.9144
      vertex -1.30806 -2.26563 39.9144
    endloop
  endfacet
  facet normal -0.0420477 -0.12387 0.991407
    outer loop
      vertex -2.98631 -7.2096 39.2314
      vertex -2.01972 -7.53771 39.2314
      vertex -1.00115 -2.41698 39.9144
    endloop
  endfacet
  facet normal -0.0420483 -0.123869 0.991407
    outer loop
      vertex -2.01972 -7.53771 39.2314
      vertex -0.677103 -2.52698 39.9144
      vertex -1.00115 -2.41698 39.9144
    endloop
  endfacet
  facet normal -0.0255202 -0.128298 0.991407
    outer loop
      vertex -2.01972 -7.53771 39.2314
      vertex -1.01858 -7.73685 39.2314
      vertex -0.677103 -2.52698 39.9144
    endloop
  endfacet
  facet normal -0.0255197 -0.128298 0.991407
    outer loop
      vertex -1.01858 -7.73685 39.2314
      vertex -0.341473 -2.59374 39.9144
      vertex -0.677103 -2.52698 39.9144
    endloop
  endfacet
  facet normal -0.00855533 -0.130532 0.991407
    outer loop
      vertex -1.01858 -7.73685 39.2314
      vertex -0 -7.80361 39.2314
      vertex -0.341473 -2.59374 39.9144
    endloop
  endfacet
  facet normal -0.00855882 -0.130532 0.991407
    outer loop
      vertex -0 -7.80361 39.2314
      vertex -0 -2.61613 39.9144
      vertex -0.341473 -2.59374 39.9144
    endloop
  endfacet
  facet normal 0.00855534 -0.130532 0.991407
    outer loop
      vertex -0 -7.80361 39.2314
      vertex 1.01858 -7.73685 39.2314
      vertex -0 -2.61613 39.9144
    endloop
  endfacet
  facet normal 0.00855878 -0.130531 0.991407
    outer loop
      vertex 1.01858 -7.73685 39.2314
      vertex 0.341473 -2.59374 39.9144
      vertex -0 -2.61613 39.9144
    endloop
  endfacet
  facet normal 0.0255202 -0.128298 0.991407
    outer loop
      vertex 1.01858 -7.73685 39.2314
      vertex 2.01972 -7.53771 39.2314
      vertex 0.341473 -2.59374 39.9144
    endloop
  endfacet
  facet normal 0.0255197 -0.128298 0.991407
    outer loop
      vertex 2.01972 -7.53771 39.2314
      vertex 0.677103 -2.52698 39.9144
      vertex 0.341473 -2.59374 39.9144
    endloop
  endfacet
  facet normal 0.0420477 -0.12387 0.991407
    outer loop
      vertex 2.01972 -7.53771 39.2314
      vertex 2.98631 -7.2096 39.2314
      vertex 0.677103 -2.52698 39.9144
    endloop
  endfacet
  facet normal 0.0420483 -0.123869 0.991407
    outer loop
      vertex 2.98631 -7.2096 39.2314
      vertex 1.00115 -2.41698 39.9144
      vertex 0.677103 -2.52698 39.9144
    endloop
  endfacet
  facet normal 0.057856 -0.117322 0.991407
    outer loop
      vertex 2.98631 -7.2096 39.2314
      vertex 3.90181 -6.75813 39.2314
      vertex 1.00115 -2.41698 39.9144
    endloop
  endfacet
  facet normal 0.0578561 -0.117322 0.991407
    outer loop
      vertex 3.90181 -6.75813 39.2314
      vertex 1.30806 -2.26563 39.9144
      vertex 1.00115 -2.41698 39.9144
    endloop
  endfacet
  facet normal 0.0726756 -0.108765 0.991407
    outer loop
      vertex 3.90181 -6.75813 39.2314
      vertex 4.75054 -6.19102 39.2314
      vertex 1.30806 -2.26563 39.9144
    endloop
  endfacet
  facet normal 0.0726742 -0.108767 0.991407
    outer loop
      vertex 4.75054 -6.19102 39.2314
      vertex 1.5926 -2.07551 39.9144
      vertex 1.30806 -2.26563 39.9144
    endloop
  endfacet
  facet normal 0.0862497 -0.0983498 0.991407
    outer loop
      vertex 4.75054 -6.19102 39.2314
      vertex 5.51799 -5.51799 39.2314
      vertex 1.5926 -2.07551 39.9144
    endloop
  endfacet
  facet normal 0.0862504 -0.0983491 0.991407
    outer loop
      vertex 5.51799 -5.51799 39.2314
      vertex 1.84988 -1.84988 39.9144
      vertex 1.5926 -2.07551 39.9144
    endloop
  endfacet
  facet normal 0.0983498 -0.0862497 0.991407
    outer loop
      vertex 5.51799 -5.51799 39.2314
      vertex 6.19102 -4.75054 39.2314
      vertex 1.84988 -1.84988 39.9144
    endloop
  endfacet
  facet normal 0.0983492 -0.0862505 0.991407
    outer loop
      vertex 6.19102 -4.75054 39.2314
      vertex 2.07551 -1.5926 39.9144
      vertex 1.84988 -1.84988 39.9144
    endloop
  endfacet
  facet normal 0.108766 -0.0726757 0.991407
    outer loop
      vertex 6.19102 -4.75054 39.2314
      vertex 6.75813 -3.90181 39.2314
      vertex 2.07551 -1.5926 39.9144
    endloop
  endfacet
  facet normal 0.108766 -0.072674 0.991407
    outer loop
      vertex 6.75813 -3.90181 39.2314
      vertex 2.26563 -1.30806 39.9144
      vertex 2.07551 -1.5926 39.9144
    endloop
  endfacet
  facet normal 0.117322 -0.057856 0.991407
    outer loop
      vertex 6.75813 -3.90181 39.2314
      vertex 7.2096 -2.98631 39.2314
      vertex 2.26563 -1.30806 39.9144
    endloop
  endfacet
  facet normal 0.117322 -0.0578561 0.991407
    outer loop
      vertex 7.2096 -2.98631 39.2314
      vertex 2.41698 -1.00115 39.9144
      vertex 2.26563 -1.30806 39.9144
    endloop
  endfacet
  facet normal 0.12387 -0.0420477 0.991407
    outer loop
      vertex 7.2096 -2.98631 39.2314
      vertex 7.53771 -2.01972 39.2314
      vertex 2.41698 -1.00115 39.9144
    endloop
  endfacet
  facet normal 0.123869 -0.0420483 0.991407
    outer loop
      vertex 7.53771 -2.01972 39.2314
      vertex 2.52698 -0.677103 39.9144
      vertex 2.41698 -1.00115 39.9144
    endloop
  endfacet
  facet normal 0.128298 -0.0255202 0.991407
    outer loop
      vertex 7.53771 -2.01972 39.2314
      vertex 7.73685 -1.01858 39.2314
      vertex 2.52698 -0.677103 39.9144
    endloop
  endfacet
  facet normal 0.128298 -0.0255197 0.991407
    outer loop
      vertex 7.73685 -1.01858 39.2314
      vertex 2.59374 -0.341473 39.9144
      vertex 2.52698 -0.677103 39.9144
    endloop
  endfacet
  facet normal 0.130532 -0.00855533 0.991407
    outer loop
      vertex 7.73685 -1.01858 39.2314
      vertex 7.80361 0 39.2314
      vertex 2.59374 -0.341473 39.9144
    endloop
  endfacet
  facet normal 0.130532 -0.00855882 0.991407
    outer loop
      vertex 7.80361 0 39.2314
      vertex 2.61613 0 39.9144
      vertex 2.59374 -0.341473 39.9144
    endloop
  endfacet
  facet normal 0.25878 0.0169616 0.965787
    outer loop
      vertex 12.8576 0 37.8772
      vertex 12.7476 1.67825 37.8772
      vertex 7.80361 0 39.2314
    endloop
  endfacet
  facet normal 0.25878 0.016961 0.965787
    outer loop
      vertex 12.7476 1.67825 37.8772
      vertex 7.73685 1.01858 39.2314
      vertex 7.80361 0 39.2314
    endloop
  endfacet
  facet normal 0.254352 0.0505917 0.965787
    outer loop
      vertex 12.7476 1.67825 37.8772
      vertex 12.4195 3.32779 37.8772
      vertex 7.73685 1.01858 39.2314
    endloop
  endfacet
  facet normal 0.254351 0.0505938 0.965788
    outer loop
      vertex 12.4195 3.32779 37.8772
      vertex 7.53771 2.01972 39.2314
      vertex 7.73685 1.01858 39.2314
    endloop
  endfacet
  facet normal 0.245572 0.0833587 0.965788
    outer loop
      vertex 12.4195 3.32779 37.8772
      vertex 11.8789 4.92038 37.8772
      vertex 7.53771 2.01972 39.2314
    endloop
  endfacet
  facet normal 0.245571 0.0833595 0.965788
    outer loop
      vertex 11.8789 4.92038 37.8772
      vertex 7.2096 2.98631 39.2314
      vertex 7.53771 2.01972 39.2314
    endloop
  endfacet
  facet normal 0.232588 0.114705 0.965788
    outer loop
      vertex 11.8789 4.92038 37.8772
      vertex 11.135 6.42879 37.8772
      vertex 7.2096 2.98631 39.2314
    endloop
  endfacet
  facet normal 0.232592 0.1147 0.965787
    outer loop
      vertex 11.135 6.42879 37.8772
      vertex 6.75813 3.90181 39.2314
      vertex 7.2096 2.98631 39.2314
    endloop
  endfacet
  facet normal 0.215629 0.144081 0.965787
    outer loop
      vertex 11.135 6.42879 37.8772
      vertex 10.2006 7.8272 37.8772
      vertex 6.75813 3.90181 39.2314
    endloop
  endfacet
  facet normal 0.215629 0.14408 0.965787
    outer loop
      vertex 10.2006 7.8272 37.8772
      vertex 6.19102 4.75054 39.2314
      vertex 6.75813 3.90181 39.2314
    endloop
  endfacet
  facet normal 0.194979 0.170992 0.965787
    outer loop
      vertex 10.2006 7.8272 37.8772
      vertex 9.09168 9.09168 37.8772
      vertex 6.19102 4.75054 39.2314
    endloop
  endfacet
  facet normal 0.19498 0.170991 0.965787
    outer loop
      vertex 9.09168 9.09168 37.8772
      vertex 5.51799 5.51799 39.2314
      vertex 6.19102 4.75054 39.2314
    endloop
  endfacet
  facet normal 0.170992 0.194979 0.965787
    outer loop
      vertex 9.09168 9.09168 37.8772
      vertex 7.8272 10.2006 37.8772
      vertex 5.51799 5.51799 39.2314
    endloop
  endfacet
  facet normal 0.170991 0.19498 0.965787
    outer loop
      vertex 7.8272 10.2006 37.8772
      vertex 4.75054 6.19102 39.2314
      vertex 5.51799 5.51799 39.2314
    endloop
  endfacet
  facet normal 0.144081 0.215629 0.965787
    outer loop
      vertex 7.8272 10.2006 37.8772
      vertex 6.42879 11.135 37.8772
      vertex 4.75054 6.19102 39.2314
    endloop
  endfacet
  facet normal 0.14408 0.215629 0.965787
    outer loop
      vertex 6.42879 11.135 37.8772
      vertex 3.90181 6.75813 39.2314
      vertex 4.75054 6.19102 39.2314
    endloop
  endfacet
  facet normal 0.114705 0.232589 0.965787
    outer loop
      vertex 6.42879 11.135 37.8772
      vertex 4.92038 11.8789 37.8772
      vertex 3.90181 6.75813 39.2314
    endloop
  endfacet
  facet normal 0.1147 0.23259 0.965788
    outer loop
      vertex 4.92038 11.8789 37.8772
      vertex 2.98631 7.2096 39.2314
      vertex 3.90181 6.75813 39.2314
    endloop
  endfacet
  facet normal 0.0833586 0.245572 0.965788
    outer loop
      vertex 4.92038 11.8789 37.8772
      vertex 3.32779 12.4195 37.8772
      vertex 2.98631 7.2096 39.2314
    endloop
  endfacet
  facet normal 0.0833596 0.245572 0.965788
    outer loop
      vertex 3.32779 12.4195 37.8772
      vertex 2.01972 7.53771 39.2314
      vertex 2.98631 7.2096 39.2314
    endloop
  endfacet
  facet normal 0.0505916 0.254352 0.965788
    outer loop
      vertex 3.32779 12.4195 37.8772
      vertex 1.67825 12.7476 37.8772
      vertex 2.01972 7.53771 39.2314
    endloop
  endfacet
  facet normal 0.050594 0.254352 0.965787
    outer loop
      vertex 1.67825 12.7476 37.8772
      vertex 1.01858 7.73685 39.2314
      vertex 2.01972 7.53771 39.2314
    endloop
  endfacet
  facet normal 0.0169616 0.25878 0.965787
    outer loop
      vertex 1.67825 12.7476 37.8772
      vertex 0 12.8576 37.8772
      vertex 1.01858 7.73685 39.2314
    endloop
  endfacet
  facet normal 0.016961 0.25878 0.965787
    outer loop
      vertex 0 12.8576 37.8772
      vertex 0 7.80361 39.2314
      vertex 1.01858 7.73685 39.2314
    endloop
  endfacet
  facet normal -0.0169616 0.25878 0.965787
    outer loop
      vertex 0 12.8576 37.8772
      vertex -1.67825 12.7476 37.8772
      vertex 0 7.80361 39.2314
    endloop
  endfacet
  facet normal -0.016961 0.25878 0.965787
    outer loop
      vertex -1.67825 12.7476 37.8772
      vertex -1.01858 7.73685 39.2314
      vertex 0 7.80361 39.2314
    endloop
  endfacet
  facet normal -0.0505917 0.254352 0.965787
    outer loop
      vertex -1.67825 12.7476 37.8772
      vertex -3.32779 12.4195 37.8772
      vertex -1.01858 7.73685 39.2314
    endloop
  endfacet
  facet normal -0.0505938 0.254351 0.965788
    outer loop
      vertex -3.32779 12.4195 37.8772
      vertex -2.01972 7.53771 39.2314
      vertex -1.01858 7.73685 39.2314
    endloop
  endfacet
  facet normal -0.0833587 0.245572 0.965788
    outer loop
      vertex -3.32779 12.4195 37.8772
      vertex -4.92038 11.8789 37.8772
      vertex -2.01972 7.53771 39.2314
    endloop
  endfacet
  facet normal -0.0833595 0.245571 0.965788
    outer loop
      vertex -4.92038 11.8789 37.8772
      vertex -2.98631 7.2096 39.2314
      vertex -2.01972 7.53771 39.2314
    endloop
  endfacet
  facet normal -0.114705 0.232588 0.965788
    outer loop
      vertex -4.92038 11.8789 37.8772
      vertex -6.42879 11.135 37.8772
      vertex -2.98631 7.2096 39.2314
    endloop
  endfacet
  facet normal -0.1147 0.232592 0.965787
    outer loop
      vertex -6.42879 11.135 37.8772
      vertex -3.90181 6.75813 39.2314
      vertex -2.98631 7.2096 39.2314
    endloop
  endfacet
  facet normal -0.144081 0.215629 0.965787
    outer loop
      vertex -6.42879 11.135 37.8772
      vertex -7.8272 10.2006 37.8772
      vertex -3.90181 6.75813 39.2314
    endloop
  endfacet
  facet normal -0.14408 0.215629 0.965787
    outer loop
      vertex -7.8272 10.2006 37.8772
      vertex -4.75054 6.19102 39.2314
      vertex -3.90181 6.75813 39.2314
    endloop
  endfacet
  facet normal -0.170992 0.194979 0.965787
    outer loop
      vertex -7.8272 10.2006 37.8772
      vertex -9.09168 9.09168 37.8772
      vertex -4.75054 6.19102 39.2314
    endloop
  endfacet
  facet normal -0.170991 0.19498 0.965787
    outer loop
      vertex -9.09168 9.09168 37.8772
      vertex -5.51799 5.51799 39.2314
      vertex -4.75054 6.19102 39.2314
    endloop
  endfacet
  facet normal -0.194979 0.170992 0.965787
    outer loop
      vertex -9.09168 9.09168 37.8772
      vertex -10.2006 7.8272 37.8772
      vertex -5.51799 5.51799 39.2314
    endloop
  endfacet
  facet normal -0.19498 0.170991 0.965787
    outer loop
      vertex -10.2006 7.8272 37.8772
      vertex -6.19102 4.75054 39.2314
      vertex -5.51799 5.51799 39.2314
    endloop
  endfacet
  facet normal -0.215629 0.144081 0.965787
    outer loop
      vertex -10.2006 7.8272 37.8772
      vertex -11.135 6.42879 37.8772
      vertex -6.19102 4.75054 39.2314
    endloop
  endfacet
  facet normal -0.215629 0.14408 0.965787
    outer loop
      vertex -11.135 6.42879 37.8772
      vertex -6.75813 3.90181 39.2314
      vertex -6.19102 4.75054 39.2314
    endloop
  endfacet
  facet normal -0.232589 0.114705 0.965787
    outer loop
      vertex -11.135 6.42879 37.8772
      vertex -11.8789 4.92038 37.8772
      vertex -6.75813 3.90181 39.2314
    endloop
  endfacet
  facet normal -0.23259 0.1147 0.965788
    outer loop
      vertex -11.8789 4.92038 37.8772
      vertex -7.2096 2.98631 39.2314
      vertex -6.75813 3.90181 39.2314
    endloop
  endfacet
  facet normal -0.245572 0.0833586 0.965788
    outer loop
      vertex -11.8789 4.92038 37.8772
      vertex -12.4195 3.32779 37.8772
      vertex -7.2096 2.98631 39.2314
    endloop
  endfacet
  facet normal -0.245572 0.0833596 0.965788
    outer loop
      vertex -12.4195 3.32779 37.8772
      vertex -7.53771 2.01972 39.2314
      vertex -7.2096 2.98631 39.2314
    endloop
  endfacet
  facet normal -0.254352 0.0505916 0.965788
    outer loop
      vertex -12.4195 3.32779 37.8772
      vertex -12.7476 1.67825 37.8772
      vertex -7.53771 2.01972 39.2314
    endloop
  endfacet
  facet normal -0.254352 0.050594 0.965787
    outer loop
      vertex -12.7476 1.67825 37.8772
      vertex -7.73685 1.01858 39.2314
      vertex -7.53771 2.01972 39.2314
    endloop
  endfacet
  facet normal -0.25878 0.0169616 0.965787
    outer loop
      vertex -12.7476 1.67825 37.8772
      vertex -12.8576 -0 37.8772
      vertex -7.73685 1.01858 39.2314
    endloop
  endfacet
  facet normal -0.25878 0.016961 0.965787
    outer loop
      vertex -12.8576 -0 37.8772
      vertex -7.80361 -0 39.2314
      vertex -7.73685 1.01858 39.2314
    endloop
  endfacet
  facet normal -0.25878 -0.0169616 0.965787
    outer loop
      vertex -12.8576 -0 37.8772
      vertex -12.7476 -1.67825 37.8772
      vertex -7.80361 -0 39.2314
    endloop
  endfacet
  facet normal -0.25878 -0.016961 0.965787
    outer loop
      vertex -12.7476 -1.67825 37.8772
      vertex -7.73685 -1.01858 39.2314
      vertex -7.80361 -0 39.2314
    endloop
  endfacet
  facet normal -0.254352 -0.0505917 0.965787
    outer loop
      vertex -12.7476 -1.67825 37.8772
      vertex -12.4195 -3.32779 37.8772
      vertex -7.73685 -1.01858 39.2314
    endloop
  endfacet
  facet normal -0.254351 -0.0505938 0.965788
    outer loop
      vertex -12.4195 -3.32779 37.8772
      vertex -7.53771 -2.01972 39.2314
      vertex -7.73685 -1.01858 39.2314
    endloop
  endfacet
  facet normal -0.245572 -0.0833587 0.965788
    outer loop
      vertex -12.4195 -3.32779 37.8772
      vertex -11.8789 -4.92038 37.8772
      vertex -7.53771 -2.01972 39.2314
    endloop
  endfacet
  facet normal -0.245571 -0.0833595 0.965788
    outer loop
      vertex -11.8789 -4.92038 37.8772
      vertex -7.2096 -2.98631 39.2314
      vertex -7.53771 -2.01972 39.2314
    endloop
  endfacet
  facet normal -0.232588 -0.114705 0.965788
    outer loop
      vertex -11.8789 -4.92038 37.8772
      vertex -11.135 -6.42879 37.8772
      vertex -7.2096 -2.98631 39.2314
    endloop
  endfacet
  facet normal -0.232592 -0.1147 0.965787
    outer loop
      vertex -11.135 -6.42879 37.8772
      vertex -6.75813 -3.90181 39.2314
      vertex -7.2096 -2.98631 39.2314
    endloop
  endfacet
  facet normal -0.215629 -0.144081 0.965787
    outer loop
      vertex -11.135 -6.42879 37.8772
      vertex -10.2006 -7.8272 37.8772
      vertex -6.75813 -3.90181 39.2314
    endloop
  endfacet
  facet normal -0.215629 -0.14408 0.965787
    outer loop
      vertex -10.2006 -7.8272 37.8772
      vertex -6.19102 -4.75054 39.2314
      vertex -6.75813 -3.90181 39.2314
    endloop
  endfacet
  facet normal -0.194979 -0.170992 0.965787
    outer loop
      vertex -10.2006 -7.8272 37.8772
      vertex -9.09168 -9.09168 37.8772
      vertex -6.19102 -4.75054 39.2314
    endloop
  endfacet
  facet normal -0.19498 -0.170991 0.965787
    outer loop
      vertex -9.09168 -9.09168 37.8772
      vertex -5.51799 -5.51799 39.2314
      vertex -6.19102 -4.75054 39.2314
    endloop
  endfacet
  facet normal -0.170992 -0.194979 0.965787
    outer loop
      vertex -9.09168 -9.09168 37.8772
      vertex -7.8272 -10.2006 37.8772
      vertex -5.51799 -5.51799 39.2314
    endloop
  endfacet
  facet normal -0.170991 -0.19498 0.965787
    outer loop
      vertex -7.8272 -10.2006 37.8772
      vertex -4.75054 -6.19102 39.2314
      vertex -5.51799 -5.51799 39.2314
    endloop
  endfacet
  facet normal -0.144081 -0.215629 0.965787
    outer loop
      vertex -7.8272 -10.2006 37.8772
      vertex -6.42879 -11.135 37.8772
      vertex -4.75054 -6.19102 39.2314
    endloop
  endfacet
  facet normal -0.14408 -0.215629 0.965787
    outer loop
      vertex -6.42879 -11.135 37.8772
      vertex -3.90181 -6.75813 39.2314
      vertex -4.75054 -6.19102 39.2314
    endloop
  endfacet
  facet normal -0.114705 -0.232589 0.965787
    outer loop
      vertex -6.42879 -11.135 37.8772
      vertex -4.92038 -11.8789 37.8772
      vertex -3.90181 -6.75813 39.2314
    endloop
  endfacet
  facet normal -0.1147 -0.23259 0.965788
    outer loop
      vertex -4.92038 -11.8789 37.8772
      vertex -2.98631 -7.2096 39.2314
      vertex -3.90181 -6.75813 39.2314
    endloop
  endfacet
  facet normal -0.0833586 -0.245572 0.965788
    outer loop
      vertex -4.92038 -11.8789 37.8772
      vertex -3.32779 -12.4195 37.8772
      vertex -2.98631 -7.2096 39.2314
    endloop
  endfacet
  facet normal -0.0833596 -0.245572 0.965788
    outer loop
      vertex -3.32779 -12.4195 37.8772
      vertex -2.01972 -7.53771 39.2314
      vertex -2.98631 -7.2096 39.2314
    endloop
  endfacet
  facet normal -0.0505916 -0.254352 0.965788
    outer loop
      vertex -3.32779 -12.4195 37.8772
      vertex -1.67825 -12.7476 37.8772
      vertex -2.01972 -7.53771 39.2314
    endloop
  endfacet
  facet normal -0.050594 -0.254352 0.965787
    outer loop
      vertex -1.67825 -12.7476 37.8772
      vertex -1.01858 -7.73685 39.2314
      vertex -2.01972 -7.53771 39.2314
    endloop
  endfacet
  facet normal -0.0169616 -0.25878 0.965787
    outer loop
      vertex -1.67825 -12.7476 37.8772
      vertex -0 -12.8576 37.8772
      vertex -1.01858 -7.73685 39.2314
    endloop
  endfacet
  facet normal -0.016961 -0.25878 0.965787
    outer loop
      vertex -0 -12.8576 37.8772
      vertex -0 -7.80361 39.2314
      vertex -1.01858 -7.73685 39.2314
    endloop
  endfacet
  facet normal 0.0169616 -0.25878 0.965787
    outer loop
      vertex -0 -12.8576 37.8772
      vertex 1.67825 -12.7476 37.8772
      vertex -0 -7.80361 39.2314
    endloop
  endfacet
  facet normal 0.016961 -0.25878 0.965787
    outer loop
      vertex 1.67825 -12.7476 37.8772
      vertex 1.01858 -7.73685 39.2314
      vertex -0 -7.80361 39.2314
    endloop
  endfacet
  facet normal 0.0505917 -0.254352 0.965787
    outer loop
      vertex 1.67825 -12.7476 37.8772
      vertex 3.32779 -12.4195 37.8772
      vertex 1.01858 -7.73685 39.2314
    endloop
  endfacet
  facet normal 0.0505938 -0.254351 0.965788
    outer loop
      vertex 3.32779 -12.4195 37.8772
      vertex 2.01972 -7.53771 39.2314
      vertex 1.01858 -7.73685 39.2314
    endloop
  endfacet
  facet normal 0.0833587 -0.245572 0.965788
    outer loop
      vertex 3.32779 -12.4195 37.8772
      vertex 4.92038 -11.8789 37.8772
      vertex 2.01972 -7.53771 39.2314
    endloop
  endfacet
  facet normal 0.0833595 -0.245571 0.965788
    outer loop
      vertex 4.92038 -11.8789 37.8772
      vertex 2.98631 -7.2096 39.2314
      vertex 2.01972 -7.53771 39.2314
    endloop
  endfacet
  facet normal 0.114705 -0.232588 0.965788
    outer loop
      vertex 4.92038 -11.8789 37.8772
      vertex 6.42879 -11.135 37.8772
      vertex 2.98631 -7.2096 39.2314
    endloop
  endfacet
  facet normal 0.1147 -0.232592 0.965787
    outer loop
      vertex 6.42879 -11.135 37.8772
      vertex 3.90181 -6.75813 39.2314
      vertex 2.98631 -7.2096 39.2314
    endloop
  endfacet
  facet normal 0.144081 -0.215629 0.965787
    outer loop
      vertex 6.42879 -11.135 37.8772
      vertex 7.8272 -10.2006 37.8772
      vertex 3.90181 -6.75813 39.2314
    endloop
  endfacet
  facet normal 0.14408 -0.215629 0.965787
    outer loop
      vertex 7.8272 -10.2006 37.8772
      vertex 4.75054 -6.19102 39.2314
      vertex 3.90181 -6.75813 39.2314
    endloop
  endfacet
  facet normal 0.170992 -0.194979 0.965787
    outer loop
      vertex 7.8272 -10.2006 37.8772
      vertex 9.09168 -9.09168 37.8772
      vertex 4.75054 -6.19102 39.2314
    endloop
  endfacet
  facet normal 0.170991 -0.19498 0.965787
    outer loop
      vertex 9.09168 -9.09168 37.8772
      vertex 5.51799 -5.51799 39.2314
      vertex 4.75054 -6.19102 39.2314
    endloop
  endfacet
  facet normal 0.194979 -0.170992 0.965787
    outer loop
      vertex 9.09168 -9.09168 37.8772
      vertex 10.2006 -7.8272 37.8772
      vertex 5.51799 -5.51799 39.2314
    endloop
  endfacet
  facet normal 0.19498 -0.170991 0.965787
    outer loop
      vertex 10.2006 -7.8272 37.8772
      vertex 6.19102 -4.75054 39.2314
      vertex 5.51799 -5.51799 39.2314
    endloop
  endfacet
  facet normal 0.215629 -0.144081 0.965787
    outer loop
      vertex 10.2006 -7.8272 37.8772
      vertex 11.135 -6.42879 37.8772
      vertex 6.19102 -4.75054 39.2314
    endloop
  endfacet
  facet normal 0.215629 -0.14408 0.965787
    outer loop
      vertex 11.135 -6.42879 37.8772
      vertex 6.75813 -3.90181 39.2314
      vertex 6.19102 -4.75054 39.2314
    endloop
  endfacet
  facet normal 0.232589 -0.114705 0.965787
    outer loop
      vertex 11.135 -6.42879 37.8772
      vertex 11.8789 -4.92038 37.8772
      vertex 6.75813 -3.90181 39.2314
    endloop
  endfacet
  facet normal 0.23259 -0.1147 0.965788
    outer loop
      vertex 11.8789 -4.92038 37.8772
      vertex 7.2096 -2.98631 39.2314
      vertex 6.75813 -3.90181 39.2314
    endloop
  endfacet
  facet normal 0.245572 -0.0833586 0.965788
    outer loop
      vertex 11.8789 -4.92038 37.8772
      vertex 12.4195 -3.32779 37.8772
      vertex 7.2096 -2.98631 39.2314
    endloop
  endfacet
  facet normal 0.245572 -0.0833596 0.965788
    outer loop
      vertex 12.4195 -3.32779 37.8772
      vertex 7.53771 -2.01972 39.2314
      vertex 7.2096 -2.98631 39.2314
    endloop
  endfacet
  facet normal 0.254352 -0.0505916 0.965788
    outer loop
      vertex 12.4195 -3.32779 37.8772
      vertex 12.7476 -1.67825 37.8772
      vertex 7.53771 -2.01972 39.2314
    endloop
  endfacet
  facet normal 0.254352 -0.050594 0.965787
    outer loop
      vertex 12.7476 -1.67825 37.8772
      vertex 7.73685 -1.01858 39.2314
      vertex 7.53771 -2.01972 39.2314
    endloop
  endfacet
  facet normal 0.25878 -0.0169616 0.965787
    outer loop
      vertex 12.7476 -1.67825 37.8772
      vertex 12.8576 0 37.8772
      vertex 7.73685 -1.01858 39.2314
    endloop
  endfacet
  facet normal 0.25878 -0.016961 0.965787
    outer loop
      vertex 12.8576 0 37.8772
      vertex 7.80361 0 39.2314
      vertex 7.73685 -1.01858 39.2314
    endloop
  endfacet
  facet normal 0.382569 0.025066 0.923587
    outer loop
      vertex 17.6915 0 35.8749
      vertex 17.5402 2.30921 35.8749
      vertex 12.8576 0 37.8772
    endloop
  endfacet
  facet normal 0.382565 0.025075 0.923588
    outer loop
      vertex 17.5402 2.30921 35.8749
      vertex 12.7476 1.67825 37.8772
      vertex 12.8576 0 37.8772
    endloop
  endfacet
  facet normal 0.376018 0.0747994 0.923588
    outer loop
      vertex 17.5402 2.30921 35.8749
      vertex 17.0887 4.57891 35.8749
      vertex 12.7476 1.67825 37.8772
    endloop
  endfacet
  facet normal 0.376023 0.0747924 0.923587
    outer loop
      vertex 17.0887 4.57891 35.8749
      vertex 12.4195 3.32779 37.8772
      vertex 12.7476 1.67825 37.8772
    endloop
  endfacet
  facet normal 0.363045 0.123227 0.923587
    outer loop
      vertex 17.0887 4.57891 35.8749
      vertex 16.3449 6.77026 35.8749
      vertex 12.4195 3.32779 37.8772
    endloop
  endfacet
  facet normal 0.36304 0.123233 0.923589
    outer loop
      vertex 16.3449 6.77026 35.8749
      vertex 11.8789 4.92038 37.8772
      vertex 12.4195 3.32779 37.8772
    endloop
  endfacet
  facet normal 0.343843 0.169577 0.923588
    outer loop
      vertex 16.3449 6.77026 35.8749
      vertex 15.3213 8.84577 35.8749
      vertex 11.8789 4.92038 37.8772
    endloop
  endfacet
  facet normal 0.343846 0.169574 0.923588
    outer loop
      vertex 15.3213 8.84577 35.8749
      vertex 11.135 6.42879 37.8772
      vertex 11.8789 4.92038 37.8772
    endloop
  endfacet
  facet normal 0.318772 0.213003 0.923588
    outer loop
      vertex 15.3213 8.84577 35.8749
      vertex 14.0356 10.7699 35.8749
      vertex 11.135 6.42879 37.8772
    endloop
  endfacet
  facet normal 0.318775 0.213001 0.923587
    outer loop
      vertex 14.0356 10.7699 35.8749
      vertex 10.2006 7.8272 37.8772
      vertex 11.135 6.42879 37.8772
    endloop
  endfacet
  facet normal 0.288251 0.252781 0.923587
    outer loop
      vertex 14.0356 10.7699 35.8749
      vertex 12.5098 12.5098 35.8749
      vertex 10.2006 7.8272 37.8772
    endloop
  endfacet
  facet normal 0.288245 0.252784 0.923588
    outer loop
      vertex 12.5098 12.5098 35.8749
      vertex 9.09168 9.09168 37.8772
      vertex 10.2006 7.8272 37.8772
    endloop
  endfacet
  facet normal 0.252779 0.288249 0.923588
    outer loop
      vertex 12.5098 12.5098 35.8749
      vertex 10.7699 14.0356 35.8749
      vertex 9.09168 9.09168 37.8772
    endloop
  endfacet
  facet normal 0.252786 0.288247 0.923587
    outer loop
      vertex 10.7699 14.0356 35.8749
      vertex 7.8272 10.2006 37.8772
      vertex 9.09168 9.09168 37.8772
    endloop
  endfacet
  facet normal 0.213003 0.318773 0.923587
    outer loop
      vertex 10.7699 14.0356 35.8749
      vertex 8.84577 15.3213 35.8749
      vertex 7.8272 10.2006 37.8772
    endloop
  endfacet
  facet normal 0.213 0.318774 0.923588
    outer loop
      vertex 8.84577 15.3213 35.8749
      vertex 6.42879 11.135 37.8772
      vertex 7.8272 10.2006 37.8772
    endloop
  endfacet
  facet normal 0.169577 0.343844 0.923588
    outer loop
      vertex 8.84577 15.3213 35.8749
      vertex 6.77026 16.3449 35.8749
      vertex 6.42879 11.135 37.8772
    endloop
  endfacet
  facet normal 0.169573 0.343845 0.923588
    outer loop
      vertex 6.77026 16.3449 35.8749
      vertex 4.92038 11.8789 37.8772
      vertex 6.42879 11.135 37.8772
    endloop
  endfacet
  facet normal 0.123226 0.363043 0.923588
    outer loop
      vertex 6.77026 16.3449 35.8749
      vertex 4.57891 17.0887 35.8749
      vertex 4.92038 11.8789 37.8772
    endloop
  endfacet
  facet normal 0.123234 0.363043 0.923587
    outer loop
      vertex 4.57891 17.0887 35.8749
      vertex 3.32779 12.4195 37.8772
      vertex 4.92038 11.8789 37.8772
    endloop
  endfacet
  facet normal 0.0747999 0.376021 0.923587
    outer loop
      vertex 4.57891 17.0887 35.8749
      vertex 2.30921 17.5402 35.8749
      vertex 3.32779 12.4195 37.8772
    endloop
  endfacet
  facet normal 0.0747917 0.376019 0.923588
    outer loop
      vertex 2.30921 17.5402 35.8749
      vertex 1.67825 12.7476 37.8772
      vertex 3.32779 12.4195 37.8772
    endloop
  endfacet
  facet normal 0.0250658 0.382566 0.923588
    outer loop
      vertex 2.30921 17.5402 35.8749
      vertex 0 17.6915 35.8749
      vertex 1.67825 12.7476 37.8772
    endloop
  endfacet
  facet normal 0.0250752 0.382568 0.923587
    outer loop
      vertex 0 17.6915 35.8749
      vertex 0 12.8576 37.8772
      vertex 1.67825 12.7476 37.8772
    endloop
  endfacet
  facet normal -0.025066 0.382569 0.923587
    outer loop
      vertex 0 17.6915 35.8749
      vertex -2.30921 17.5402 35.8749
      vertex 0 12.8576 37.8772
    endloop
  endfacet
  facet normal -0.025075 0.382565 0.923588
    outer loop
      vertex -2.30921 17.5402 35.8749
      vertex -1.67825 12.7476 37.8772
      vertex 0 12.8576 37.8772
    endloop
  endfacet
  facet normal -0.0747994 0.376018 0.923588
    outer loop
      vertex -2.30921 17.5402 35.8749
      vertex -4.57891 17.0887 35.8749
      vertex -1.67825 12.7476 37.8772
    endloop
  endfacet
  facet normal -0.0747924 0.376023 0.923587
    outer loop
      vertex -4.57891 17.0887 35.8749
      vertex -3.32779 12.4195 37.8772
      vertex -1.67825 12.7476 37.8772
    endloop
  endfacet
  facet normal -0.123227 0.363045 0.923587
    outer loop
      vertex -4.57891 17.0887 35.8749
      vertex -6.77026 16.3449 35.8749
      vertex -3.32779 12.4195 37.8772
    endloop
  endfacet
  facet normal -0.123233 0.36304 0.923589
    outer loop
      vertex -6.77026 16.3449 35.8749
      vertex -4.92038 11.8789 37.8772
      vertex -3.32779 12.4195 37.8772
    endloop
  endfacet
  facet normal -0.169577 0.343843 0.923588
    outer loop
      vertex -6.77026 16.3449 35.8749
      vertex -8.84577 15.3213 35.8749
      vertex -4.92038 11.8789 37.8772
    endloop
  endfacet
  facet normal -0.169574 0.343846 0.923588
    outer loop
      vertex -8.84577 15.3213 35.8749
      vertex -6.42879 11.135 37.8772
      vertex -4.92038 11.8789 37.8772
    endloop
  endfacet
  facet normal -0.213003 0.318772 0.923588
    outer loop
      vertex -8.84577 15.3213 35.8749
      vertex -10.7699 14.0356 35.8749
      vertex -6.42879 11.135 37.8772
    endloop
  endfacet
  facet normal -0.213001 0.318775 0.923587
    outer loop
      vertex -10.7699 14.0356 35.8749
      vertex -7.8272 10.2006 37.8772
      vertex -6.42879 11.135 37.8772
    endloop
  endfacet
  facet normal -0.252781 0.288251 0.923587
    outer loop
      vertex -10.7699 14.0356 35.8749
      vertex -12.5098 12.5098 35.8749
      vertex -7.8272 10.2006 37.8772
    endloop
  endfacet
  facet normal -0.252784 0.288245 0.923588
    outer loop
      vertex -12.5098 12.5098 35.8749
      vertex -9.09168 9.09168 37.8772
      vertex -7.8272 10.2006 37.8772
    endloop
  endfacet
  facet normal -0.288249 0.252779 0.923588
    outer loop
      vertex -12.5098 12.5098 35.8749
      vertex -14.0356 10.7699 35.8749
      vertex -9.09168 9.09168 37.8772
    endloop
  endfacet
  facet normal -0.288247 0.252786 0.923587
    outer loop
      vertex -14.0356 10.7699 35.8749
      vertex -10.2006 7.8272 37.8772
      vertex -9.09168 9.09168 37.8772
    endloop
  endfacet
  facet normal -0.318773 0.213003 0.923587
    outer loop
      vertex -14.0356 10.7699 35.8749
      vertex -15.3213 8.84577 35.8749
      vertex -10.2006 7.8272 37.8772
    endloop
  endfacet
  facet normal -0.318774 0.213 0.923588
    outer loop
      vertex -15.3213 8.84577 35.8749
      vertex -11.135 6.42879 37.8772
      vertex -10.2006 7.8272 37.8772
    endloop
  endfacet
  facet normal -0.343844 0.169577 0.923588
    outer loop
      vertex -15.3213 8.84577 35.8749
      vertex -16.3449 6.77026 35.8749
      vertex -11.135 6.42879 37.8772
    endloop
  endfacet
  facet normal -0.343845 0.169573 0.923588
    outer loop
      vertex -16.3449 6.77026 35.8749
      vertex -11.8789 4.92038 37.8772
      vertex -11.135 6.42879 37.8772
    endloop
  endfacet
  facet normal -0.363043 0.123226 0.923588
    outer loop
      vertex -16.3449 6.77026 35.8749
      vertex -17.0887 4.57891 35.8749
      vertex -11.8789 4.92038 37.8772
    endloop
  endfacet
  facet normal -0.363043 0.123234 0.923587
    outer loop
      vertex -17.0887 4.57891 35.8749
      vertex -12.4195 3.32779 37.8772
      vertex -11.8789 4.92038 37.8772
    endloop
  endfacet
  facet normal -0.376021 0.0747999 0.923587
    outer loop
      vertex -17.0887 4.57891 35.8749
      vertex -17.5402 2.30921 35.8749
      vertex -12.4195 3.32779 37.8772
    endloop
  endfacet
  facet normal -0.376019 0.0747917 0.923588
    outer loop
      vertex -17.5402 2.30921 35.8749
      vertex -12.7476 1.67825 37.8772
      vertex -12.4195 3.32779 37.8772
    endloop
  endfacet
  facet normal -0.382566 0.0250658 0.923588
    outer loop
      vertex -17.5402 2.30921 35.8749
      vertex -17.6915 -0 35.8749
      vertex -12.7476 1.67825 37.8772
    endloop
  endfacet
  facet normal -0.382568 0.0250752 0.923587
    outer loop
      vertex -17.6915 -0 35.8749
      vertex -12.8576 -0 37.8772
      vertex -12.7476 1.67825 37.8772
    endloop
  endfacet
  facet normal -0.382569 -0.025066 0.923587
    outer loop
      vertex -17.6915 -0 35.8749
      vertex -17.5402 -2.30921 35.8749
      vertex -12.8576 -0 37.8772
    endloop
  endfacet
  facet normal -0.382565 -0.025075 0.923588
    outer loop
      vertex -17.5402 -2.30921 35.8749
      vertex -12.7476 -1.67825 37.8772
      vertex -12.8576 -0 37.8772
    endloop
  endfacet
  facet normal -0.376018 -0.0747994 0.923588
    outer loop
      vertex -17.5402 -2.30921 35.8749
      vertex -17.0887 -4.57891 35.8749
      vertex -12.7476 -1.67825 37.8772
    endloop
  endfacet
  facet normal -0.376023 -0.0747924 0.923587
    outer loop
      vertex -17.0887 -4.57891 35.8749
      vertex -12.4195 -3.32779 37.8772
      vertex -12.7476 -1.67825 37.8772
    endloop
  endfacet
  facet normal -0.363045 -0.123227 0.923587
    outer loop
      vertex -17.0887 -4.57891 35.8749
      vertex -16.3449 -6.77026 35.8749
      vertex -12.4195 -3.32779 37.8772
    endloop
  endfacet
  facet normal -0.36304 -0.123233 0.923589
    outer loop
      vertex -16.3449 -6.77026 35.8749
      vertex -11.8789 -4.92038 37.8772
      vertex -12.4195 -3.32779 37.8772
    endloop
  endfacet
  facet normal -0.343843 -0.169577 0.923588
    outer loop
      vertex -16.3449 -6.77026 35.8749
      vertex -15.3213 -8.84577 35.8749
      vertex -11.8789 -4.92038 37.8772
    endloop
  endfacet
  facet normal -0.343846 -0.169574 0.923588
    outer loop
      vertex -15.3213 -8.84577 35.8749
      vertex -11.135 -6.42879 37.8772
      vertex -11.8789 -4.92038 37.8772
    endloop
  endfacet
  facet normal -0.318772 -0.213003 0.923588
    outer loop
      vertex -15.3213 -8.84577 35.8749
      vertex -14.0356 -10.7699 35.8749
      vertex -11.135 -6.42879 37.8772
    endloop
  endfacet
  facet normal -0.318775 -0.213001 0.923587
    outer loop
      vertex -14.0356 -10.7699 35.8749
      vertex -10.2006 -7.8272 37.8772
      vertex -11.135 -6.42879 37.8772
    endloop
  endfacet
  facet normal -0.288251 -0.252781 0.923587
    outer loop
      vertex -14.0356 -10.7699 35.8749
      vertex -12.5098 -12.5098 35.8749
      vertex -10.2006 -7.8272 37.8772
    endloop
  endfacet
  facet normal -0.288245 -0.252784 0.923588
    outer loop
      vertex -12.5098 -12.5098 35.8749
      vertex -9.09168 -9.09168 37.8772
      vertex -10.2006 -7.8272 37.8772
    endloop
  endfacet
  facet normal -0.252779 -0.288249 0.923588
    outer loop
      vertex -12.5098 -12.5098 35.8749
      vertex -10.7699 -14.0356 35.8749
      vertex -9.09168 -9.09168 37.8772
    endloop
  endfacet
  facet normal -0.252786 -0.288247 0.923587
    outer loop
      vertex -10.7699 -14.0356 35.8749
      vertex -7.8272 -10.2006 37.8772
      vertex -9.09168 -9.09168 37.8772
    endloop
  endfacet
  facet normal -0.213003 -0.318773 0.923587
    outer loop
      vertex -10.7699 -14.0356 35.8749
      vertex -8.84577 -15.3213 35.8749
      vertex -7.8272 -10.2006 37.8772
    endloop
  endfacet
  facet normal -0.213 -0.318774 0.923588
    outer loop
      vertex -8.84577 -15.3213 35.8749
      vertex -6.42879 -11.135 37.8772
      vertex -7.8272 -10.2006 37.8772
    endloop
  endfacet
  facet normal -0.169577 -0.343844 0.923588
    outer loop
      vertex -8.84577 -15.3213 35.8749
      vertex -6.77026 -16.3449 35.8749
      vertex -6.42879 -11.135 37.8772
    endloop
  endfacet
  facet normal -0.169573 -0.343845 0.923588
    outer loop
      vertex -6.77026 -16.3449 35.8749
      vertex -4.92038 -11.8789 37.8772
      vertex -6.42879 -11.135 37.8772
    endloop
  endfacet
  facet normal -0.123226 -0.363043 0.923588
    outer loop
      vertex -6.77026 -16.3449 35.8749
      vertex -4.57891 -17.0887 35.8749
      vertex -4.92038 -11.8789 37.8772
    endloop
  endfacet
  facet normal -0.123234 -0.363043 0.923587
    outer loop
      vertex -4.57891 -17.0887 35.8749
      vertex -3.32779 -12.4195 37.8772
      vertex -4.92038 -11.8789 37.8772
    endloop
  endfacet
  facet normal -0.0747999 -0.376021 0.923587
    outer loop
      vertex -4.57891 -17.0887 35.8749
      vertex -2.30921 -17.5402 35.8749
      vertex -3.32779 -12.4195 37.8772
    endloop
  endfacet
  facet normal -0.0747917 -0.376019 0.923588
    outer loop
      vertex -2.30921 -17.5402 35.8749
      vertex -1.67825 -12.7476 37.8772
      vertex -3.32779 -12.4195 37.8772
    endloop
  endfacet
  facet normal -0.0250658 -0.382566 0.923588
    outer loop
      vertex -2.30921 -17.5402 35.8749
      vertex -0 -17.6915 35.8749
      vertex -1.67825 -12.7476 37.8772
    endloop
  endfacet
  facet normal -0.0250752 -0.382568 0.923587
    outer loop
      vertex -0 -17.6915 35.8749
      vertex -0 -12.8576 37.8772
      vertex -1.67825 -12.7476 37.8772
    endloop
  endfacet
  facet normal 0.025066 -0.382569 0.923587
    outer loop
      vertex -0 -17.6915 35.8749
      vertex 2.30921 -17.5402 35.8749
      vertex -0 -12.8576 37.8772
    endloop
  endfacet
  facet normal 0.025075 -0.382565 0.923588
    outer loop
      vertex 2.30921 -17.5402 35.8749
      vertex 1.67825 -12.7476 37.8772
      vertex -0 -12.8576 37.8772
    endloop
  endfacet
  facet normal 0.0747994 -0.376018 0.923588
    outer loop
      vertex 2.30921 -17.5402 35.8749
      vertex 4.57891 -17.0887 35.8749
      vertex 1.67825 -12.7476 37.8772
    endloop
  endfacet
  facet normal 0.0747924 -0.376023 0.923587
    outer loop
      vertex 4.57891 -17.0887 35.8749
      vertex 3.32779 -12.4195 37.8772
      vertex 1.67825 -12.7476 37.8772
    endloop
  endfacet
  facet normal 0.123227 -0.363045 0.923587
    outer loop
      vertex 4.57891 -17.0887 35.8749
      vertex 6.77026 -16.3449 35.8749
      vertex 3.32779 -12.4195 37.8772
    endloop
  endfacet
  facet normal 0.123233 -0.36304 0.923589
    outer loop
      vertex 6.77026 -16.3449 35.8749
      vertex 4.92038 -11.8789 37.8772
      vertex 3.32779 -12.4195 37.8772
    endloop
  endfacet
  facet normal 0.169577 -0.343843 0.923588
    outer loop
      vertex 6.77026 -16.3449 35.8749
      vertex 8.84577 -15.3213 35.8749
      vertex 4.92038 -11.8789 37.8772
    endloop
  endfacet
  facet normal 0.169574 -0.343846 0.923588
    outer loop
      vertex 8.84577 -15.3213 35.8749
      vertex 6.42879 -11.135 37.8772
      vertex 4.92038 -11.8789 37.8772
    endloop
  endfacet
  facet normal 0.213003 -0.318772 0.923588
    outer loop
      vertex 8.84577 -15.3213 35.8749
      vertex 10.7699 -14.0356 35.8749
      vertex 6.42879 -11.135 37.8772
    endloop
  endfacet
  facet normal 0.213001 -0.318775 0.923587
    outer loop
      vertex 10.7699 -14.0356 35.8749
      vertex 7.8272 -10.2006 37.8772
      vertex 6.42879 -11.135 37.8772
    endloop
  endfacet
  facet normal 0.252781 -0.288251 0.923587
    outer loop
      vertex 10.7699 -14.0356 35.8749
      vertex 12.5098 -12.5098 35.8749
      vertex 7.8272 -10.2006 37.8772
    endloop
  endfacet
  facet normal 0.252784 -0.288245 0.923588
    outer loop
      vertex 12.5098 -12.5098 35.8749
      vertex 9.09168 -9.09168 37.8772
      vertex 7.8272 -10.2006 37.8772
    endloop
  endfacet
  facet normal 0.288249 -0.252779 0.923588
    outer loop
      vertex 12.5098 -12.5098 35.8749
      vertex 14.0356 -10.7699 35.8749
      vertex 9.09168 -9.09168 37.8772
    endloop
  endfacet
  facet normal 0.288247 -0.252786 0.923587
    outer loop
      vertex 14.0356 -10.7699 35.8749
      vertex 10.2006 -7.8272 37.8772
      vertex 9.09168 -9.09168 37.8772
    endloop
  endfacet
  facet normal 0.318773 -0.213003 0.923587
    outer loop
      vertex 14.0356 -10.7699 35.8749
      vertex 15.3213 -8.84577 35.8749
      vertex 10.2006 -7.8272 37.8772
    endloop
  endfacet
  facet normal 0.318774 -0.213 0.923588
    outer loop
      vertex 15.3213 -8.84577 35.8749
      vertex 11.135 -6.42879 37.8772
      vertex 10.2006 -7.8272 37.8772
    endloop
  endfacet
  facet normal 0.343844 -0.169577 0.923588
    outer loop
      vertex 15.3213 -8.84577 35.8749
      vertex 16.3449 -6.77026 35.8749
      vertex 11.135 -6.42879 37.8772
    endloop
  endfacet
  facet normal 0.343845 -0.169573 0.923588
    outer loop
      vertex 16.3449 -6.77026 35.8749
      vertex 11.8789 -4.92038 37.8772
      vertex 11.135 -6.42879 37.8772
    endloop
  endfacet
  facet normal 0.363043 -0.123226 0.923588
    outer loop
      vertex 16.3449 -6.77026 35.8749
      vertex 17.0887 -4.57891 35.8749
      vertex 11.8789 -4.92038 37.8772
    endloop
  endfacet
  facet normal 0.363043 -0.123234 0.923587
    outer loop
      vertex 17.0887 -4.57891 35.8749
      vertex 12.4195 -3.32779 37.8772
      vertex 11.8789 -4.92038 37.8772
    endloop
  endfacet
  facet normal 0.376021 -0.0747999 0.923587
    outer loop
      vertex 17.0887 -4.57891 35.8749
      vertex 17.5402 -2.30921 35.8749
      vertex 12.4195 -3.32779 37.8772
    endloop
  endfacet
  facet normal 0.376019 -0.0747917 0.923588
    outer loop
      vertex 17.5402 -2.30921 35.8749
      vertex 12.7476 -1.67825 37.8772
      vertex 12.4195 -3.32779 37.8772
    endloop
  endfacet
  facet normal 0.382566 -0.0250658 0.923588
    outer loop
      vertex 17.5402 -2.30921 35.8749
      vertex 17.6915 0 35.8749
      vertex 12.7476 -1.67825 37.8772
    endloop
  endfacet
  facet normal 0.382568 -0.0250752 0.923587
    outer loop
      vertex 17.6915 0 35.8749
      vertex 12.8576 0 37.8772
      vertex 12.7476 -1.67825 37.8772
    endloop
  endfacet
  facet normal 0.499725 0.0327504 0.865565
    outer loop
      vertex 22.2228 0 33.2588
      vertex 22.0327 2.90066 33.2588
      vertex 17.6915 0 35.8749
    endloop
  endfacet
  facet normal 0.499729 0.0327424 0.865563
    outer loop
      vertex 22.0327 2.90066 33.2588
      vertex 17.5402 2.30921 35.8749
      vertex 17.6915 0 35.8749
    endloop
  endfacet
  facet normal 0.491177 0.0977004 0.865563
    outer loop
      vertex 22.0327 2.90066 33.2588
      vertex 21.4656 5.75169 33.2588
      vertex 17.5402 2.30921 35.8749
    endloop
  endfacet
  facet normal 0.491173 0.0977066 0.865565
    outer loop
      vertex 21.4656 5.75169 33.2588
      vertex 17.0887 4.57891 35.8749
      vertex 17.5402 2.30921 35.8749
    endloop
  endfacet
  facet normal 0.474219 0.160978 0.865564
    outer loop
      vertex 21.4656 5.75169 33.2588
      vertex 20.5312 8.5043 33.2588
      vertex 17.0887 4.57891 35.8749
    endloop
  endfacet
  facet normal 0.474231 0.160966 0.865561
    outer loop
      vertex 20.5312 8.5043 33.2588
      vertex 16.3449 6.77026 35.8749
      vertex 17.0887 4.57891 35.8749
    endloop
  endfacet
  facet normal 0.449156 0.221503 0.865561
    outer loop
      vertex 20.5312 8.5043 33.2588
      vertex 19.2455 11.1114 33.2588
      vertex 16.3449 6.77026 35.8749
    endloop
  endfacet
  facet normal 0.449147 0.22151 0.865564
    outer loop
      vertex 19.2455 11.1114 33.2588
      vertex 15.3213 8.84577 35.8749
      vertex 16.3449 6.77026 35.8749
    endloop
  endfacet
  facet normal 0.416399 0.278231 0.865563
    outer loop
      vertex 19.2455 11.1114 33.2588
      vertex 17.6305 13.5284 33.2588
      vertex 15.3213 8.84577 35.8749
    endloop
  endfacet
  facet normal 0.416394 0.278234 0.865564
    outer loop
      vertex 17.6305 13.5284 33.2588
      vertex 14.0356 10.7699 35.8749
      vertex 15.3213 8.84577 35.8749
    endloop
  endfacet
  facet normal 0.376522 0.330195 0.865565
    outer loop
      vertex 17.6305 13.5284 33.2588
      vertex 15.7139 15.7139 33.2588
      vertex 14.0356 10.7699 35.8749
    endloop
  endfacet
  facet normal 0.376526 0.330194 0.865564
    outer loop
      vertex 15.7139 15.7139 33.2588
      vertex 12.5098 12.5098 35.8749
      vertex 14.0356 10.7699 35.8749
    endloop
  endfacet
  facet normal 0.330197 0.376523 0.865564
    outer loop
      vertex 15.7139 15.7139 33.2588
      vertex 13.5284 17.6305 33.2588
      vertex 12.5098 12.5098 35.8749
    endloop
  endfacet
  facet normal 0.330192 0.376525 0.865565
    outer loop
      vertex 13.5284 17.6305 33.2588
      vertex 10.7699 14.0356 35.8749
      vertex 12.5098 12.5098 35.8749
    endloop
  endfacet
  facet normal 0.27823 0.416397 0.865564
    outer loop
      vertex 13.5284 17.6305 33.2588
      vertex 11.1114 19.2455 33.2588
      vertex 10.7699 14.0356 35.8749
    endloop
  endfacet
  facet normal 0.278235 0.416396 0.865563
    outer loop
      vertex 11.1114 19.2455 33.2588
      vertex 8.84577 15.3213 35.8749
      vertex 10.7699 14.0356 35.8749
    endloop
  endfacet
  facet normal 0.221501 0.449152 0.865563
    outer loop
      vertex 11.1114 19.2455 33.2588
      vertex 8.5043 20.5312 33.2588
      vertex 8.84577 15.3213 35.8749
    endloop
  endfacet
  facet normal 0.221512 0.449151 0.865561
    outer loop
      vertex 8.5043 20.5312 33.2588
      vertex 6.77026 16.3449 35.8749
      vertex 8.84577 15.3213 35.8749
    endloop
  endfacet
  facet normal 0.16098 0.474225 0.865561
    outer loop
      vertex 8.5043 20.5312 33.2588
      vertex 5.75169 21.4656 33.2588
      vertex 6.77026 16.3449 35.8749
    endloop
  endfacet
  facet normal 0.160964 0.474224 0.865565
    outer loop
      vertex 5.75169 21.4656 33.2588
      vertex 4.57891 17.0887 35.8749
      vertex 6.77026 16.3449 35.8749
    endloop
  endfacet
  facet normal 0.0976999 0.491175 0.865565
    outer loop
      vertex 5.75169 21.4656 33.2588
      vertex 2.90066 22.0327 33.2588
      vertex 4.57891 17.0887 35.8749
    endloop
  endfacet
  facet normal 0.0977073 0.491176 0.865563
    outer loop
      vertex 2.90066 22.0327 33.2588
      vertex 2.30921 17.5402 35.8749
      vertex 4.57891 17.0887 35.8749
    endloop
  endfacet
  facet normal 0.0327506 0.499728 0.865563
    outer loop
      vertex 2.90066 22.0327 33.2588
      vertex 0 22.2228 33.2588
      vertex 2.30921 17.5402 35.8749
    endloop
  endfacet
  facet normal 0.0327421 0.499725 0.865565
    outer loop
      vertex 0 22.2228 33.2588
      vertex 0 17.6915 35.8749
      vertex 2.30921 17.5402 35.8749
    endloop
  endfacet
  facet normal -0.0327504 0.499725 0.865565
    outer loop
      vertex 0 22.2228 33.2588
      vertex -2.90066 22.0327 33.2588
      vertex 0 17.6915 35.8749
    endloop
  endfacet
  facet normal -0.0327424 0.499729 0.865563
    outer loop
      vertex -2.90066 22.0327 33.2588
      vertex -2.30921 17.5402 35.8749
      vertex 0 17.6915 35.8749
    endloop
  endfacet
  facet normal -0.0977004 0.491177 0.865563
    outer loop
      vertex -2.90066 22.0327 33.2588
      vertex -5.75169 21.4656 33.2588
      vertex -2.30921 17.5402 35.8749
    endloop
  endfacet
  facet normal -0.0977066 0.491173 0.865565
    outer loop
      vertex -5.75169 21.4656 33.2588
      vertex -4.57891 17.0887 35.8749
      vertex -2.30921 17.5402 35.8749
    endloop
  endfacet
  facet normal -0.160978 0.474219 0.865564
    outer loop
      vertex -5.75169 21.4656 33.2588
      vertex -8.5043 20.5312 33.2588
      vertex -4.57891 17.0887 35.8749
    endloop
  endfacet
  facet normal -0.160966 0.474231 0.865561
    outer loop
      vertex -8.5043 20.5312 33.2588
      vertex -6.77026 16.3449 35.8749
      vertex -4.57891 17.0887 35.8749
    endloop
  endfacet
  facet normal -0.221503 0.449156 0.865561
    outer loop
      vertex -8.5043 20.5312 33.2588
      vertex -11.1114 19.2455 33.2588
      vertex -6.77026 16.3449 35.8749
    endloop
  endfacet
  facet normal -0.22151 0.449147 0.865564
    outer loop
      vertex -11.1114 19.2455 33.2588
      vertex -8.84577 15.3213 35.8749
      vertex -6.77026 16.3449 35.8749
    endloop
  endfacet
  facet normal -0.278231 0.416399 0.865563
    outer loop
      vertex -11.1114 19.2455 33.2588
      vertex -13.5284 17.6305 33.2588
      vertex -8.84577 15.3213 35.8749
    endloop
  endfacet
  facet normal -0.278234 0.416394 0.865564
    outer loop
      vertex -13.5284 17.6305 33.2588
      vertex -10.7699 14.0356 35.8749
      vertex -8.84577 15.3213 35.8749
    endloop
  endfacet
  facet normal -0.330195 0.376522 0.865565
    outer loop
      vertex -13.5284 17.6305 33.2588
      vertex -15.7139 15.7139 33.2588
      vertex -10.7699 14.0356 35.8749
    endloop
  endfacet
  facet normal -0.330194 0.376526 0.865564
    outer loop
      vertex -15.7139 15.7139 33.2588
      vertex -12.5098 12.5098 35.8749
      vertex -10.7699 14.0356 35.8749
    endloop
  endfacet
  facet normal -0.376523 0.330197 0.865564
    outer loop
      vertex -15.7139 15.7139 33.2588
      vertex -17.6305 13.5284 33.2588
      vertex -12.5098 12.5098 35.8749
    endloop
  endfacet
  facet normal -0.376525 0.330192 0.865565
    outer loop
      vertex -17.6305 13.5284 33.2588
      vertex -14.0356 10.7699 35.8749
      vertex -12.5098 12.5098 35.8749
    endloop
  endfacet
  facet normal -0.416397 0.27823 0.865564
    outer loop
      vertex -17.6305 13.5284 33.2588
      vertex -19.2455 11.1114 33.2588
      vertex -14.0356 10.7699 35.8749
    endloop
  endfacet
  facet normal -0.416396 0.278235 0.865563
    outer loop
      vertex -19.2455 11.1114 33.2588
      vertex -15.3213 8.84577 35.8749
      vertex -14.0356 10.7699 35.8749
    endloop
  endfacet
  facet normal -0.449152 0.221501 0.865563
    outer loop
      vertex -19.2455 11.1114 33.2588
      vertex -20.5312 8.5043 33.2588
      vertex -15.3213 8.84577 35.8749
    endloop
  endfacet
  facet normal -0.449151 0.221512 0.865561
    outer loop
      vertex -20.5312 8.5043 33.2588
      vertex -16.3449 6.77026 35.8749
      vertex -15.3213 8.84577 35.8749
    endloop
  endfacet
  facet normal -0.474225 0.16098 0.865561
    outer loop
      vertex -20.5312 8.5043 33.2588
      vertex -21.4656 5.75169 33.2588
      vertex -16.3449 6.77026 35.8749
    endloop
  endfacet
  facet normal -0.474224 0.160964 0.865565
    outer loop
      vertex -21.4656 5.75169 33.2588
      vertex -17.0887 4.57891 35.8749
      vertex -16.3449 6.77026 35.8749
    endloop
  endfacet
  facet normal -0.491175 0.0976999 0.865565
    outer loop
      vertex -21.4656 5.75169 33.2588
      vertex -22.0327 2.90066 33.2588
      vertex -17.0887 4.57891 35.8749
    endloop
  endfacet
  facet normal -0.491176 0.0977073 0.865563
    outer loop
      vertex -22.0327 2.90066 33.2588
      vertex -17.5402 2.30921 35.8749
      vertex -17.0887 4.57891 35.8749
    endloop
  endfacet
  facet normal -0.499728 0.0327506 0.865563
    outer loop
      vertex -22.0327 2.90066 33.2588
      vertex -22.2228 -0 33.2588
      vertex -17.5402 2.30921 35.8749
    endloop
  endfacet
  facet normal -0.499725 0.0327421 0.865565
    outer loop
      vertex -22.2228 -0 33.2588
      vertex -17.6915 -0 35.8749
      vertex -17.5402 2.30921 35.8749
    endloop
  endfacet
  facet normal -0.499725 -0.0327504 0.865565
    outer loop
      vertex -22.2228 -0 33.2588
      vertex -22.0327 -2.90066 33.2588
      vertex -17.6915 -0 35.8749
    endloop
  endfacet
  facet normal -0.499729 -0.0327424 0.865563
    outer loop
      vertex -22.0327 -2.90066 33.2588
      vertex -17.5402 -2.30921 35.8749
      vertex -17.6915 -0 35.8749
    endloop
  endfacet
  facet normal -0.491177 -0.0977004 0.865563
    outer loop
      vertex -22.0327 -2.90066 33.2588
      vertex -21.4656 -5.75169 33.2588
      vertex -17.5402 -2.30921 35.8749
    endloop
  endfacet
  facet normal -0.491173 -0.0977066 0.865565
    outer loop
      vertex -21.4656 -5.75169 33.2588
      vertex -17.0887 -4.57891 35.8749
      vertex -17.5402 -2.30921 35.8749
    endloop
  endfacet
  facet normal -0.474219 -0.160978 0.865564
    outer loop
      vertex -21.4656 -5.75169 33.2588
      vertex -20.5312 -8.5043 33.2588
      vertex -17.0887 -4.57891 35.8749
    endloop
  endfacet
  facet normal -0.474231 -0.160966 0.865561
    outer loop
      vertex -20.5312 -8.5043 33.2588
      vertex -16.3449 -6.77026 35.8749
      vertex -17.0887 -4.57891 35.8749
    endloop
  endfacet
  facet normal -0.449156 -0.221503 0.865561
    outer loop
      vertex -20.5312 -8.5043 33.2588
      vertex -19.2455 -11.1114 33.2588
      vertex -16.3449 -6.77026 35.8749
    endloop
  endfacet
  facet normal -0.449147 -0.22151 0.865564
    outer loop
      vertex -19.2455 -11.1114 33.2588
      vertex -15.3213 -8.84577 35.8749
      vertex -16.3449 -6.77026 35.8749
    endloop
  endfacet
  facet normal -0.416399 -0.278231 0.865563
    outer loop
      vertex -19.2455 -11.1114 33.2588
      vertex -17.6305 -13.5284 33.2588
      vertex -15.3213 -8.84577 35.8749
    endloop
  endfacet
  facet normal -0.416394 -0.278234 0.865564
    outer loop
      vertex -17.6305 -13.5284 33.2588
      vertex -14.0356 -10.7699 35.8749
      vertex -15.3213 -8.84577 35.8749
    endloop
  endfacet
  facet normal -0.376522 -0.330195 0.865565
    outer loop
      vertex -17.6305 -13.5284 33.2588
      vertex -15.7139 -15.7139 33.2588
      vertex -14.0356 -10.7699 35.8749
    endloop
  endfacet
  facet normal -0.376526 -0.330194 0.865564
    outer loop
      vertex -15.7139 -15.7139 33.2588
      vertex -12.5098 -12.5098 35.8749
      vertex -14.0356 -10.7699 35.8749
    endloop
  endfacet
  facet normal -0.330197 -0.376523 0.865564
    outer loop
      vertex -15.7139 -15.7139 33.2588
      vertex -13.5284 -17.6305 33.2588
      vertex -12.5098 -12.5098 35.8749
    endloop
  endfacet
  facet normal -0.330192 -0.376525 0.865565
    outer loop
      vertex -13.5284 -17.6305 33.2588
      vertex -10.7699 -14.0356 35.8749
      vertex -12.5098 -12.5098 35.8749
    endloop
  endfacet
  facet normal -0.27823 -0.416397 0.865564
    outer loop
      vertex -13.5284 -17.6305 33.2588
      vertex -11.1114 -19.2455 33.2588
      vertex -10.7699 -14.0356 35.8749
    endloop
  endfacet
  facet normal -0.278235 -0.416396 0.865563
    outer loop
      vertex -11.1114 -19.2455 33.2588
      vertex -8.84577 -15.3213 35.8749
      vertex -10.7699 -14.0356 35.8749
    endloop
  endfacet
  facet normal -0.221501 -0.449152 0.865563
    outer loop
      vertex -11.1114 -19.2455 33.2588
      vertex -8.5043 -20.5312 33.2588
      vertex -8.84577 -15.3213 35.8749
    endloop
  endfacet
  facet normal -0.221512 -0.449151 0.865561
    outer loop
      vertex -8.5043 -20.5312 33.2588
      vertex -6.77026 -16.3449 35.8749
      vertex -8.84577 -15.3213 35.8749
    endloop
  endfacet
  facet normal -0.16098 -0.474225 0.865561
    outer loop
      vertex -8.5043 -20.5312 33.2588
      vertex -5.75169 -21.4656 33.2588
      vertex -6.77026 -16.3449 35.8749
    endloop
  endfacet
  facet normal -0.160964 -0.474224 0.865565
    outer loop
      vertex -5.75169 -21.4656 33.2588
      vertex -4.57891 -17.0887 35.8749
      vertex -6.77026 -16.3449 35.8749
    endloop
  endfacet
  facet normal -0.0976999 -0.491175 0.865565
    outer loop
      vertex -5.75169 -21.4656 33.2588
      vertex -2.90066 -22.0327 33.2588
      vertex -4.57891 -17.0887 35.8749
    endloop
  endfacet
  facet normal -0.0977073 -0.491176 0.865563
    outer loop
      vertex -2.90066 -22.0327 33.2588
      vertex -2.30921 -17.5402 35.8749
      vertex -4.57891 -17.0887 35.8749
    endloop
  endfacet
  facet normal -0.0327506 -0.499728 0.865563
    outer loop
      vertex -2.90066 -22.0327 33.2588
      vertex -0 -22.2228 33.2588
      vertex -2.30921 -17.5402 35.8749
    endloop
  endfacet
  facet normal -0.0327421 -0.499725 0.865565
    outer loop
      vertex -0 -22.2228 33.2588
      vertex -0 -17.6915 35.8749
      vertex -2.30921 -17.5402 35.8749
    endloop
  endfacet
  facet normal 0.0327504 -0.499725 0.865565
    outer loop
      vertex -0 -22.2228 33.2588
      vertex 2.90066 -22.0327 33.2588
      vertex -0 -17.6915 35.8749
    endloop
  endfacet
  facet normal 0.0327424 -0.499729 0.865563
    outer loop
      vertex 2.90066 -22.0327 33.2588
      vertex 2.30921 -17.5402 35.8749
      vertex -0 -17.6915 35.8749
    endloop
  endfacet
  facet normal 0.0977004 -0.491177 0.865563
    outer loop
      vertex 2.90066 -22.0327 33.2588
      vertex 5.75169 -21.4656 33.2588
      vertex 2.30921 -17.5402 35.8749
    endloop
  endfacet
  facet normal 0.0977066 -0.491173 0.865565
    outer loop
      vertex 5.75169 -21.4656 33.2588
      vertex 4.57891 -17.0887 35.8749
      vertex 2.30921 -17.5402 35.8749
    endloop
  endfacet
  facet normal 0.160978 -0.474219 0.865564
    outer loop
      vertex 5.75169 -21.4656 33.2588
      vertex 8.5043 -20.5312 33.2588
      vertex 4.57891 -17.0887 35.8749
    endloop
  endfacet
  facet normal 0.160966 -0.474231 0.865561
    outer loop
      vertex 8.5043 -20.5312 33.2588
      vertex 6.77026 -16.3449 35.8749
      vertex 4.57891 -17.0887 35.8749
    endloop
  endfacet
  facet normal 0.221503 -0.449156 0.865561
    outer loop
      vertex 8.5043 -20.5312 33.2588
      vertex 11.1114 -19.2455 33.2588
      vertex 6.77026 -16.3449 35.8749
    endloop
  endfacet
  facet normal 0.22151 -0.449147 0.865564
    outer loop
      vertex 11.1114 -19.2455 33.2588
      vertex 8.84577 -15.3213 35.8749
      vertex 6.77026 -16.3449 35.8749
    endloop
  endfacet
  facet normal 0.278231 -0.416399 0.865563
    outer loop
      vertex 11.1114 -19.2455 33.2588
      vertex 13.5284 -17.6305 33.2588
      vertex 8.84577 -15.3213 35.8749
    endloop
  endfacet
  facet normal 0.278234 -0.416394 0.865564
    outer loop
      vertex 13.5284 -17.6305 33.2588
      vertex 10.7699 -14.0356 35.8749
      vertex 8.84577 -15.3213 35.8749
    endloop
  endfacet
  facet normal 0.330195 -0.376522 0.865565
    outer loop
      vertex 13.5284 -17.6305 33.2588
      vertex 15.7139 -15.7139 33.2588
      vertex 10.7699 -14.0356 35.8749
    endloop
  endfacet
  facet normal 0.330194 -0.376526 0.865564
    outer loop
      vertex 15.7139 -15.7139 33.2588
      vertex 12.5098 -12.5098 35.8749
      vertex 10.7699 -14.0356 35.8749
    endloop
  endfacet
  facet normal 0.376523 -0.330197 0.865564
    outer loop
      vertex 15.7139 -15.7139 33.2588
      vertex 17.6305 -13.5284 33.2588
      vertex 12.5098 -12.5098 35.8749
    endloop
  endfacet
  facet normal 0.376525 -0.330192 0.865565
    outer loop
      vertex 17.6305 -13.5284 33.2588
      vertex 14.0356 -10.7699 35.8749
      vertex 12.5098 -12.5098 35.8749
    endloop
  endfacet
  facet normal 0.416397 -0.27823 0.865564
    outer loop
      vertex 17.6305 -13.5284 33.2588
      vertex 19.2455 -11.1114 33.2588
      vertex 14.0356 -10.7699 35.8749
    endloop
  endfacet
  facet normal 0.416396 -0.278235 0.865563
    outer loop
      vertex 19.2455 -11.1114 33.2588
      vertex 15.3213 -8.84577 35.8749
      vertex 14.0356 -10.7699 35.8749
    endloop
  endfacet
  facet normal 0.449152 -0.221501 0.865563
    outer loop
      vertex 19.2455 -11.1114 33.2588
      vertex 20.5312 -8.5043 33.2588
      vertex 15.3213 -8.84577 35.8749
    endloop
  endfacet
  facet normal 0.449151 -0.221512 0.865561
    outer loop
      vertex 20.5312 -8.5043 33.2588
      vertex 16.3449 -6.77026 35.8749
      vertex 15.3213 -8.84577 35.8749
    endloop
  endfacet
  facet normal 0.474225 -0.16098 0.865561
    outer loop
      vertex 20.5312 -8.5043 33.2588
      vertex 21.4656 -5.75169 33.2588
      vertex 16.3449 -6.77026 35.8749
    endloop
  endfacet
  facet normal 0.474224 -0.160964 0.865565
    outer loop
      vertex 21.4656 -5.75169 33.2588
      vertex 17.0887 -4.57891 35.8749
      vertex 16.3449 -6.77026 35.8749
    endloop
  endfacet
  facet normal 0.491175 -0.0976999 0.865565
    outer loop
      vertex 21.4656 -5.75169 33.2588
      vertex 22.0327 -2.90066 33.2588
      vertex 17.0887 -4.57891 35.8749
    endloop
  endfacet
  facet normal 0.491176 -0.0977073 0.865563
    outer loop
      vertex 22.0327 -2.90066 33.2588
      vertex 17.5402 -2.30921 35.8749
      vertex 17.0887 -4.57891 35.8749
    endloop
  endfacet
  facet normal 0.499728 -0.0327506 0.865563
    outer loop
      vertex 22.0327 -2.90066 33.2588
      vertex 22.2228 0 33.2588
      vertex 17.5402 -2.30921 35.8749
    endloop
  endfacet
  facet normal 0.499725 -0.0327421 0.865565
    outer loop
      vertex 22.2228 0 33.2588
      vertex 17.6915 0 35.8749
      vertex 17.5402 -2.30921 35.8749
    endloop
  endfacet
  facet normal 0.608281 0.0398632 0.79272
    outer loop
      vertex 26.3738 0 30.0736
      vertex 26.1482 3.44248 30.0736
      vertex 22.2228 0 33.2588
    endloop
  endfacet
  facet normal 0.60828 0.0398647 0.792721
    outer loop
      vertex 26.1482 3.44248 30.0736
      vertex 22.0327 2.90066 33.2588
      vertex 22.2228 0 33.2588
    endloop
  endfacet
  facet normal 0.597872 0.118918 0.792721
    outer loop
      vertex 26.1482 3.44248 30.0736
      vertex 25.4752 6.82605 30.0736
      vertex 22.0327 2.90066 33.2588
    endloop
  endfacet
  facet normal 0.597869 0.118922 0.792723
    outer loop
      vertex 25.4752 6.82605 30.0736
      vertex 21.4656 5.75169 33.2588
      vertex 22.0327 2.90066 33.2588
    endloop
  endfacet
  facet normal 0.577227 0.195958 0.792723
    outer loop
      vertex 25.4752 6.82605 30.0736
      vertex 24.3662 10.0928 30.0736
      vertex 21.4656 5.75169 33.2588
    endloop
  endfacet
  facet normal 0.577236 0.195948 0.792718
    outer loop
      vertex 24.3662 10.0928 30.0736
      vertex 20.5312 8.5043 33.2588
      vertex 21.4656 5.75169 33.2588
    endloop
  endfacet
  facet normal 0.546726 0.269608 0.792718
    outer loop
      vertex 24.3662 10.0928 30.0736
      vertex 22.8404 13.1869 30.0736
      vertex 20.5312 8.5043 33.2588
    endloop
  endfacet
  facet normal 0.546717 0.269615 0.792722
    outer loop
      vertex 22.8404 13.1869 30.0736
      vertex 19.2455 11.1114 33.2588
      vertex 20.5312 8.5043 33.2588
    endloop
  endfacet
  facet normal 0.506856 0.338658 0.792722
    outer loop
      vertex 22.8404 13.1869 30.0736
      vertex 20.9238 16.0554 30.0736
      vertex 19.2455 11.1114 33.2588
    endloop
  endfacet
  facet normal 0.506844 0.338665 0.792727
    outer loop
      vertex 20.9238 16.0554 30.0736
      vertex 17.6305 13.5284 33.2588
      vertex 19.2455 11.1114 33.2588
    endloop
  endfacet
  facet normal 0.458297 0.401931 0.792726
    outer loop
      vertex 20.9238 16.0554 30.0736
      vertex 18.6491 18.6491 30.0736
      vertex 17.6305 13.5284 33.2588
    endloop
  endfacet
  facet normal 0.458314 0.401924 0.79272
    outer loop
      vertex 18.6491 18.6491 30.0736
      vertex 15.7139 15.7139 33.2588
      vertex 17.6305 13.5284 33.2588
    endloop
  endfacet
  facet normal 0.401936 0.458303 0.792721
    outer loop
      vertex 18.6491 18.6491 30.0736
      vertex 16.0554 20.9238 30.0736
      vertex 15.7139 15.7139 33.2588
    endloop
  endfacet
  facet normal 0.401918 0.458308 0.792727
    outer loop
      vertex 16.0554 20.9238 30.0736
      vertex 13.5284 17.6305 33.2588
      vertex 15.7139 15.7139 33.2588
    endloop
  endfacet
  facet normal 0.338655 0.506851 0.792726
    outer loop
      vertex 16.0554 20.9238 30.0736
      vertex 13.1869 22.8404 30.0736
      vertex 13.5284 17.6305 33.2588
    endloop
  endfacet
  facet normal 0.338668 0.506849 0.792722
    outer loop
      vertex 13.1869 22.8404 30.0736
      vertex 11.1114 19.2455 33.2588
      vertex 13.5284 17.6305 33.2588
    endloop
  endfacet
  facet normal 0.269606 0.546722 0.792722
    outer loop
      vertex 13.1869 22.8404 30.0736
      vertex 10.0928 24.3662 30.0736
      vertex 11.1114 19.2455 33.2588
    endloop
  endfacet
  facet normal 0.269618 0.546722 0.792718
    outer loop
      vertex 10.0928 24.3662 30.0736
      vertex 8.5043 20.5312 33.2588
      vertex 11.1114 19.2455 33.2588
    endloop
  endfacet
  facet normal 0.195959 0.577232 0.792719
    outer loop
      vertex 10.0928 24.3662 30.0736
      vertex 6.82605 25.4752 30.0736
      vertex 8.5043 20.5312 33.2588
    endloop
  endfacet
  facet normal 0.195947 0.577231 0.792723
    outer loop
      vertex 6.82605 25.4752 30.0736
      vertex 5.75169 21.4656 33.2588
      vertex 8.5043 20.5312 33.2588
    endloop
  endfacet
  facet normal 0.118918 0.59787 0.792723
    outer loop
      vertex 6.82605 25.4752 30.0736
      vertex 3.44248 26.1482 30.0736
      vertex 5.75169 21.4656 33.2588
    endloop
  endfacet
  facet normal 0.118923 0.597872 0.792721
    outer loop
      vertex 3.44248 26.1482 30.0736
      vertex 2.90066 22.0327 33.2588
      vertex 5.75169 21.4656 33.2588
    endloop
  endfacet
  facet normal 0.0398631 0.60828 0.792721
    outer loop
      vertex 3.44248 26.1482 30.0736
      vertex 0 26.3738 30.0736
      vertex 2.90066 22.0327 33.2588
    endloop
  endfacet
  facet normal 0.0398648 0.608281 0.79272
    outer loop
      vertex 0 26.3738 30.0736
      vertex 0 22.2228 33.2588
      vertex 2.90066 22.0327 33.2588
    endloop
  endfacet
  facet normal -0.0398632 0.608281 0.79272
    outer loop
      vertex 0 26.3738 30.0736
      vertex -3.44248 26.1482 30.0736
      vertex 0 22.2228 33.2588
    endloop
  endfacet
  facet normal -0.0398647 0.60828 0.792721
    outer loop
      vertex -3.44248 26.1482 30.0736
      vertex -2.90066 22.0327 33.2588
      vertex 0 22.2228 33.2588
    endloop
  endfacet
  facet normal -0.118918 0.597872 0.792721
    outer loop
      vertex -3.44248 26.1482 30.0736
      vertex -6.82605 25.4752 30.0736
      vertex -2.90066 22.0327 33.2588
    endloop
  endfacet
  facet normal -0.118922 0.597869 0.792723
    outer loop
      vertex -6.82605 25.4752 30.0736
      vertex -5.75169 21.4656 33.2588
      vertex -2.90066 22.0327 33.2588
    endloop
  endfacet
  facet normal -0.195958 0.577227 0.792723
    outer loop
      vertex -6.82605 25.4752 30.0736
      vertex -10.0928 24.3662 30.0736
      vertex -5.75169 21.4656 33.2588
    endloop
  endfacet
  facet normal -0.195948 0.577236 0.792718
    outer loop
      vertex -10.0928 24.3662 30.0736
      vertex -8.5043 20.5312 33.2588
      vertex -5.75169 21.4656 33.2588
    endloop
  endfacet
  facet normal -0.269608 0.546726 0.792718
    outer loop
      vertex -10.0928 24.3662 30.0736
      vertex -13.1869 22.8404 30.0736
      vertex -8.5043 20.5312 33.2588
    endloop
  endfacet
  facet normal -0.269615 0.546717 0.792722
    outer loop
      vertex -13.1869 22.8404 30.0736
      vertex -11.1114 19.2455 33.2588
      vertex -8.5043 20.5312 33.2588
    endloop
  endfacet
  facet normal -0.338658 0.506856 0.792722
    outer loop
      vertex -13.1869 22.8404 30.0736
      vertex -16.0554 20.9238 30.0736
      vertex -11.1114 19.2455 33.2588
    endloop
  endfacet
  facet normal -0.338665 0.506844 0.792727
    outer loop
      vertex -16.0554 20.9238 30.0736
      vertex -13.5284 17.6305 33.2588
      vertex -11.1114 19.2455 33.2588
    endloop
  endfacet
  facet normal -0.401931 0.458297 0.792726
    outer loop
      vertex -16.0554 20.9238 30.0736
      vertex -18.6491 18.6491 30.0736
      vertex -13.5284 17.6305 33.2588
    endloop
  endfacet
  facet normal -0.401924 0.458314 0.79272
    outer loop
      vertex -18.6491 18.6491 30.0736
      vertex -15.7139 15.7139 33.2588
      vertex -13.5284 17.6305 33.2588
    endloop
  endfacet
  facet normal -0.458303 0.401936 0.792721
    outer loop
      vertex -18.6491 18.6491 30.0736
      vertex -20.9238 16.0554 30.0736
      vertex -15.7139 15.7139 33.2588
    endloop
  endfacet
  facet normal -0.458308 0.401918 0.792727
    outer loop
      vertex -20.9238 16.0554 30.0736
      vertex -17.6305 13.5284 33.2588
      vertex -15.7139 15.7139 33.2588
    endloop
  endfacet
  facet normal -0.506851 0.338655 0.792726
    outer loop
      vertex -20.9238 16.0554 30.0736
      vertex -22.8404 13.1869 30.0736
      vertex -17.6305 13.5284 33.2588
    endloop
  endfacet
  facet normal -0.506849 0.338668 0.792722
    outer loop
      vertex -22.8404 13.1869 30.0736
      vertex -19.2455 11.1114 33.2588
      vertex -17.6305 13.5284 33.2588
    endloop
  endfacet
  facet normal -0.546722 0.269606 0.792722
    outer loop
      vertex -22.8404 13.1869 30.0736
      vertex -24.3662 10.0928 30.0736
      vertex -19.2455 11.1114 33.2588
    endloop
  endfacet
  facet normal -0.546722 0.269618 0.792718
    outer loop
      vertex -24.3662 10.0928 30.0736
      vertex -20.5312 8.5043 33.2588
      vertex -19.2455 11.1114 33.2588
    endloop
  endfacet
  facet normal -0.577232 0.195959 0.792719
    outer loop
      vertex -24.3662 10.0928 30.0736
      vertex -25.4752 6.82605 30.0736
      vertex -20.5312 8.5043 33.2588
    endloop
  endfacet
  facet normal -0.577231 0.195947 0.792723
    outer loop
      vertex -25.4752 6.82605 30.0736
      vertex -21.4656 5.75169 33.2588
      vertex -20.5312 8.5043 33.2588
    endloop
  endfacet
  facet normal -0.59787 0.118918 0.792723
    outer loop
      vertex -25.4752 6.82605 30.0736
      vertex -26.1482 3.44248 30.0736
      vertex -21.4656 5.75169 33.2588
    endloop
  endfacet
  facet normal -0.597872 0.118923 0.792721
    outer loop
      vertex -26.1482 3.44248 30.0736
      vertex -22.0327 2.90066 33.2588
      vertex -21.4656 5.75169 33.2588
    endloop
  endfacet
  facet normal -0.60828 0.0398631 0.792721
    outer loop
      vertex -26.1482 3.44248 30.0736
      vertex -26.3738 -0 30.0736
      vertex -22.0327 2.90066 33.2588
    endloop
  endfacet
  facet normal -0.608281 0.0398648 0.79272
    outer loop
      vertex -26.3738 -0 30.0736
      vertex -22.2228 -0 33.2588
      vertex -22.0327 2.90066 33.2588
    endloop
  endfacet
  facet normal -0.608281 -0.0398632 0.79272
    outer loop
      vertex -26.3738 -0 30.0736
      vertex -26.1482 -3.44248 30.0736
      vertex -22.2228 -0 33.2588
    endloop
  endfacet
  facet normal -0.60828 -0.0398647 0.792721
    outer loop
      vertex -26.1482 -3.44248 30.0736
      vertex -22.0327 -2.90066 33.2588
      vertex -22.2228 -0 33.2588
    endloop
  endfacet
  facet normal -0.597872 -0.118918 0.792721
    outer loop
      vertex -26.1482 -3.44248 30.0736
      vertex -25.4752 -6.82605 30.0736
      vertex -22.0327 -2.90066 33.2588
    endloop
  endfacet
  facet normal -0.597869 -0.118922 0.792723
    outer loop
      vertex -25.4752 -6.82605 30.0736
      vertex -21.4656 -5.75169 33.2588
      vertex -22.0327 -2.90066 33.2588
    endloop
  endfacet
  facet normal -0.577227 -0.195958 0.792723
    outer loop
      vertex -25.4752 -6.82605 30.0736
      vertex -24.3662 -10.0928 30.0736
      vertex -21.4656 -5.75169 33.2588
    endloop
  endfacet
  facet normal -0.577236 -0.195948 0.792718
    outer loop
      vertex -24.3662 -10.0928 30.0736
      vertex -20.5312 -8.5043 33.2588
      vertex -21.4656 -5.75169 33.2588
    endloop
  endfacet
  facet normal -0.546726 -0.269608 0.792718
    outer loop
      vertex -24.3662 -10.0928 30.0736
      vertex -22.8404 -13.1869 30.0736
      vertex -20.5312 -8.5043 33.2588
    endloop
  endfacet
  facet normal -0.546717 -0.269615 0.792722
    outer loop
      vertex -22.8404 -13.1869 30.0736
      vertex -19.2455 -11.1114 33.2588
      vertex -20.5312 -8.5043 33.2588
    endloop
  endfacet
  facet normal -0.506856 -0.338658 0.792722
    outer loop
      vertex -22.8404 -13.1869 30.0736
      vertex -20.9238 -16.0554 30.0736
      vertex -19.2455 -11.1114 33.2588
    endloop
  endfacet
  facet normal -0.506844 -0.338665 0.792727
    outer loop
      vertex -20.9238 -16.0554 30.0736
      vertex -17.6305 -13.5284 33.2588
      vertex -19.2455 -11.1114 33.2588
    endloop
  endfacet
  facet normal -0.458297 -0.401931 0.792726
    outer loop
      vertex -20.9238 -16.0554 30.0736
      vertex -18.6491 -18.6491 30.0736
      vertex -17.6305 -13.5284 33.2588
    endloop
  endfacet
  facet normal -0.458314 -0.401924 0.79272
    outer loop
      vertex -18.6491 -18.6491 30.0736
      vertex -15.7139 -15.7139 33.2588
      vertex -17.6305 -13.5284 33.2588
    endloop
  endfacet
  facet normal -0.401936 -0.458303 0.792721
    outer loop
      vertex -18.6491 -18.6491 30.0736
      vertex -16.0554 -20.9238 30.0736
      vertex -15.7139 -15.7139 33.2588
    endloop
  endfacet
  facet normal -0.401918 -0.458308 0.792727
    outer loop
      vertex -16.0554 -20.9238 30.0736
      vertex -13.5284 -17.6305 33.2588
      vertex -15.7139 -15.7139 33.2588
    endloop
  endfacet
  facet normal -0.338655 -0.506851 0.792726
    outer loop
      vertex -16.0554 -20.9238 30.0736
      vertex -13.1869 -22.8404 30.0736
      vertex -13.5284 -17.6305 33.2588
    endloop
  endfacet
  facet normal -0.338668 -0.506849 0.792722
    outer loop
      vertex -13.1869 -22.8404 30.0736
      vertex -11.1114 -19.2455 33.2588
      vertex -13.5284 -17.6305 33.2588
    endloop
  endfacet
  facet normal -0.269606 -0.546722 0.792722
    outer loop
      vertex -13.1869 -22.8404 30.0736
      vertex -10.0928 -24.3662 30.0736
      vertex -11.1114 -19.2455 33.2588
    endloop
  endfacet
  facet normal -0.269618 -0.546722 0.792718
    outer loop
      vertex -10.0928 -24.3662 30.0736
      vertex -8.5043 -20.5312 33.2588
      vertex -11.1114 -19.2455 33.2588
    endloop
  endfacet
  facet normal -0.195959 -0.577232 0.792719
    outer loop
      vertex -10.0928 -24.3662 30.0736
      vertex -6.82605 -25.4752 30.0736
      vertex -8.5043 -20.5312 33.2588
    endloop
  endfacet
  facet normal -0.195947 -0.577231 0.792723
    outer loop
      vertex -6.82605 -25.4752 30.0736
      vertex -5.75169 -21.4656 33.2588
      vertex -8.5043 -20.5312 33.2588
    endloop
  endfacet
  facet normal -0.118918 -0.59787 0.792723
    outer loop
      vertex -6.82605 -25.4752 30.0736
      vertex -3.44248 -26.1482 30.0736
      vertex -5.75169 -21.4656 33.2588
    endloop
  endfacet
  facet normal -0.118923 -0.597872 0.792721
    outer loop
      vertex -3.44248 -26.1482 30.0736
      vertex -2.90066 -22.0327 33.2588
      vertex -5.75169 -21.4656 33.2588
    endloop
  endfacet
  facet normal -0.0398631 -0.60828 0.792721
    outer loop
      vertex -3.44248 -26.1482 30.0736
      vertex -0 -26.3738 30.0736
      vertex -2.90066 -22.0327 33.2588
    endloop
  endfacet
  facet normal -0.0398648 -0.608281 0.79272
    outer loop
      vertex -0 -26.3738 30.0736
      vertex -0 -22.2228 33.2588
      vertex -2.90066 -22.0327 33.2588
    endloop
  endfacet
  facet normal 0.0398632 -0.608281 0.79272
    outer loop
      vertex -0 -26.3738 30.0736
      vertex 3.44248 -26.1482 30.0736
      vertex -0 -22.2228 33.2588
    endloop
  endfacet
  facet normal 0.0398647 -0.60828 0.792721
    outer loop
      vertex 3.44248 -26.1482 30.0736
      vertex 2.90066 -22.0327 33.2588
      vertex -0 -22.2228 33.2588
    endloop
  endfacet
  facet normal 0.118918 -0.597872 0.792721
    outer loop
      vertex 3.44248 -26.1482 30.0736
      vertex 6.82605 -25.4752 30.0736
      vertex 2.90066 -22.0327 33.2588
    endloop
  endfacet
  facet normal 0.118922 -0.597869 0.792723
    outer loop
      vertex 6.82605 -25.4752 30.0736
      vertex 5.75169 -21.4656 33.2588
      vertex 2.90066 -22.0327 33.2588
    endloop
  endfacet
  facet normal 0.195958 -0.577227 0.792723
    outer loop
      vertex 6.82605 -25.4752 30.0736
      vertex 10.0928 -24.3662 30.0736
      vertex 5.75169 -21.4656 33.2588
    endloop
  endfacet
  facet normal 0.195948 -0.577236 0.792718
    outer loop
      vertex 10.0928 -24.3662 30.0736
      vertex 8.5043 -20.5312 33.2588
      vertex 5.75169 -21.4656 33.2588
    endloop
  endfacet
  facet normal 0.269608 -0.546726 0.792718
    outer loop
      vertex 10.0928 -24.3662 30.0736
      vertex 13.1869 -22.8404 30.0736
      vertex 8.5043 -20.5312 33.2588
    endloop
  endfacet
  facet normal 0.269615 -0.546717 0.792722
    outer loop
      vertex 13.1869 -22.8404 30.0736
      vertex 11.1114 -19.2455 33.2588
      vertex 8.5043 -20.5312 33.2588
    endloop
  endfacet
  facet normal 0.338658 -0.506856 0.792722
    outer loop
      vertex 13.1869 -22.8404 30.0736
      vertex 16.0554 -20.9238 30.0736
      vertex 11.1114 -19.2455 33.2588
    endloop
  endfacet
  facet normal 0.338665 -0.506844 0.792727
    outer loop
      vertex 16.0554 -20.9238 30.0736
      vertex 13.5284 -17.6305 33.2588
      vertex 11.1114 -19.2455 33.2588
    endloop
  endfacet
  facet normal 0.401931 -0.458297 0.792726
    outer loop
      vertex 16.0554 -20.9238 30.0736
      vertex 18.6491 -18.6491 30.0736
      vertex 13.5284 -17.6305 33.2588
    endloop
  endfacet
  facet normal 0.401924 -0.458314 0.79272
    outer loop
      vertex 18.6491 -18.6491 30.0736
      vertex 15.7139 -15.7139 33.2588
      vertex 13.5284 -17.6305 33.2588
    endloop
  endfacet
  facet normal 0.458303 -0.401936 0.792721
    outer loop
      vertex 18.6491 -18.6491 30.0736
      vertex 20.9238 -16.0554 30.0736
      vertex 15.7139 -15.7139 33.2588
    endloop
  endfacet
  facet normal 0.458308 -0.401918 0.792727
    outer loop
      vertex 20.9238 -16.0554 30.0736
      vertex 17.6305 -13.5284 33.2588
      vertex 15.7139 -15.7139 33.2588
    endloop
  endfacet
  facet normal 0.506851 -0.338655 0.792726
    outer loop
      vertex 20.9238 -16.0554 30.0736
      vertex 22.8404 -13.1869 30.0736
      vertex 17.6305 -13.5284 33.2588
    endloop
  endfacet
  facet normal 0.506849 -0.338668 0.792722
    outer loop
      vertex 22.8404 -13.1869 30.0736
      vertex 19.2455 -11.1114 33.2588
      vertex 17.6305 -13.5284 33.2588
    endloop
  endfacet
  facet normal 0.546722 -0.269606 0.792722
    outer loop
      vertex 22.8404 -13.1869 30.0736
      vertex 24.3662 -10.0928 30.0736
      vertex 19.2455 -11.1114 33.2588
    endloop
  endfacet
  facet normal 0.546722 -0.269618 0.792718
    outer loop
      vertex 24.3662 -10.0928 30.0736
      vertex 20.5312 -8.5043 33.2588
      vertex 19.2455 -11.1114 33.2588
    endloop
  endfacet
  facet normal 0.577232 -0.195959 0.792719
    outer loop
      vertex 24.3662 -10.0928 30.0736
      vertex 25.4752 -6.82605 30.0736
      vertex 20.5312 -8.5043 33.2588
    endloop
  endfacet
  facet normal 0.577231 -0.195947 0.792723
    outer loop
      vertex 25.4752 -6.82605 30.0736
      vertex 21.4656 -5.75169 33.2588
      vertex 20.5312 -8.5043 33.2588
    endloop
  endfacet
  facet normal 0.59787 -0.118918 0.792723
    outer loop
      vertex 25.4752 -6.82605 30.0736
      vertex 26.1482 -3.44248 30.0736
      vertex 21.4656 -5.75169 33.2588
    endloop
  endfacet
  facet normal 0.597872 -0.118923 0.792721
    outer loop
      vertex 26.1482 -3.44248 30.0736
      vertex 22.0327 -2.90066 33.2588
      vertex 21.4656 -5.75169 33.2588
    endloop
  endfacet
  facet normal 0.60828 -0.0398631 0.792721
    outer loop
      vertex 26.1482 -3.44248 30.0736
      vertex 26.3738 0 30.0736
      vertex 22.0327 -2.90066 33.2588
    endloop
  endfacet
  facet normal 0.608281 -0.0398648 0.79272
    outer loop
      vertex 26.3738 0 30.0736
      vertex 22.2228 0 33.2588
      vertex 22.0327 -2.90066 33.2588
    endloop
  endfacet
  facet normal 0.706348 0.0462995 0.706348
    outer loop
      vertex 30.0736 0 26.3738
      vertex 29.8163 3.92539 26.3738
      vertex 26.3738 0 30.0736
    endloop
  endfacet
  facet normal 0.706354 0.0462903 0.706344
    outer loop
      vertex 29.8163 3.92539 26.3738
      vertex 26.1482 3.44248 30.0736
      vertex 26.3738 0 30.0736
    endloop
  endfacet
  facet normal 0.694269 0.13809 0.706344
    outer loop
      vertex 29.8163 3.92539 26.3738
      vertex 29.0489 7.78362 26.3738
      vertex 26.1482 3.44248 30.0736
    endloop
  endfacet
  facet normal 0.694267 0.138091 0.706345
    outer loop
      vertex 29.0489 7.78362 26.3738
      vertex 25.4752 6.82605 30.0736
      vertex 26.1482 3.44248 30.0736
    endloop
  endfacet
  facet normal 0.670301 0.227537 0.706345
    outer loop
      vertex 29.0489 7.78362 26.3738
      vertex 27.7844 11.5087 26.3738
      vertex 25.4752 6.82605 30.0736
    endloop
  endfacet
  facet normal 0.670288 0.22755 0.706353
    outer loop
      vertex 27.7844 11.5087 26.3738
      vertex 24.3662 10.0928 30.0736
      vertex 25.4752 6.82605 30.0736
    endloop
  endfacet
  facet normal 0.634858 0.313083 0.706353
    outer loop
      vertex 27.7844 11.5087 26.3738
      vertex 26.0445 15.0368 26.3738
      vertex 24.3662 10.0928 30.0736
    endloop
  endfacet
  facet normal 0.634869 0.313074 0.706347
    outer loop
      vertex 26.0445 15.0368 26.3738
      vertex 22.8404 13.1869 30.0736
      vertex 24.3662 10.0928 30.0736
    endloop
  endfacet
  facet normal 0.588567 0.393272 0.706347
    outer loop
      vertex 26.0445 15.0368 26.3738
      vertex 23.859 18.3076 26.3738
      vertex 22.8404 13.1869 30.0736
    endloop
  endfacet
  facet normal 0.588582 0.393263 0.706339
    outer loop
      vertex 23.859 18.3076 26.3738
      vertex 20.9238 16.0554 30.0736
      vertex 22.8404 13.1869 30.0736
    endloop
  endfacet
  facet normal 0.532203 0.466739 0.706339
    outer loop
      vertex 23.859 18.3076 26.3738
      vertex 21.2652 21.2652 26.3738
      vertex 20.9238 16.0554 30.0736
    endloop
  endfacet
  facet normal 0.532197 0.466742 0.706342
    outer loop
      vertex 21.2652 21.2652 26.3738
      vertex 18.6491 18.6491 30.0736
      vertex 20.9238 16.0554 30.0736
    endloop
  endfacet
  facet normal 0.466737 0.532201 0.706342
    outer loop
      vertex 21.2652 21.2652 26.3738
      vertex 18.3076 23.859 26.3738
      vertex 18.6491 18.6491 30.0736
    endloop
  endfacet
  facet normal 0.466744 0.532199 0.706339
    outer loop
      vertex 18.3076 23.859 26.3738
      vertex 16.0554 20.9238 30.0736
      vertex 18.6491 18.6491 30.0736
    endloop
  endfacet
  facet normal 0.393276 0.588573 0.70634
    outer loop
      vertex 18.3076 23.859 26.3738
      vertex 15.0368 26.0445 26.3738
      vertex 16.0554 20.9238 30.0736
    endloop
  endfacet
  facet normal 0.393259 0.588575 0.706347
    outer loop
      vertex 15.0368 26.0445 26.3738
      vertex 13.1869 22.8404 30.0736
      vertex 16.0554 20.9238 30.0736
    endloop
  endfacet
  facet normal 0.313086 0.634863 0.706347
    outer loop
      vertex 15.0368 26.0445 26.3738
      vertex 11.5087 27.7844 26.3738
      vertex 13.1869 22.8404 30.0736
    endloop
  endfacet
  facet normal 0.313071 0.634863 0.706353
    outer loop
      vertex 11.5087 27.7844 26.3738
      vertex 10.0928 24.3662 30.0736
      vertex 13.1869 22.8404 30.0736
    endloop
  endfacet
  facet normal 0.227535 0.670294 0.706353
    outer loop
      vertex 11.5087 27.7844 26.3738
      vertex 7.78362 29.0489 26.3738
      vertex 10.0928 24.3662 30.0736
    endloop
  endfacet
  facet normal 0.227553 0.670296 0.706345
    outer loop
      vertex 7.78362 29.0489 26.3738
      vertex 6.82605 25.4752 30.0736
      vertex 10.0928 24.3662 30.0736
    endloop
  endfacet
  facet normal 0.13809 0.694268 0.706345
    outer loop
      vertex 7.78362 29.0489 26.3738
      vertex 3.92539 29.8163 26.3738
      vertex 6.82605 25.4752 30.0736
    endloop
  endfacet
  facet normal 0.138092 0.694268 0.706344
    outer loop
      vertex 3.92539 29.8163 26.3738
      vertex 3.44248 26.1482 30.0736
      vertex 6.82605 25.4752 30.0736
    endloop
  endfacet
  facet normal 0.0462998 0.706353 0.706344
    outer loop
      vertex 3.92539 29.8163 26.3738
      vertex 0 30.0736 26.3738
      vertex 3.44248 26.1482 30.0736
    endloop
  endfacet
  facet normal 0.04629 0.706349 0.706349
    outer loop
      vertex 0 30.0736 26.3738
      vertex 0 26.3738 30.0736
      vertex 3.44248 26.1482 30.0736
    endloop
  endfacet
  facet normal -0.0462995 0.706348 0.706348
    outer loop
      vertex 0 30.0736 26.3738
      vertex -3.92539 29.8163 26.3738
      vertex 0 26.3738 30.0736
    endloop
  endfacet
  facet normal -0.0462903 0.706354 0.706344
    outer loop
      vertex -3.92539 29.8163 26.3738
      vertex -3.44248 26.1482 30.0736
      vertex 0 26.3738 30.0736
    endloop
  endfacet
  facet normal -0.13809 0.694269 0.706344
    outer loop
      vertex -3.92539 29.8163 26.3738
      vertex -7.78362 29.0489 26.3738
      vertex -3.44248 26.1482 30.0736
    endloop
  endfacet
  facet normal -0.138091 0.694267 0.706345
    outer loop
      vertex -7.78362 29.0489 26.3738
      vertex -6.82605 25.4752 30.0736
      vertex -3.44248 26.1482 30.0736
    endloop
  endfacet
  facet normal -0.227537 0.670301 0.706345
    outer loop
      vertex -7.78362 29.0489 26.3738
      vertex -11.5087 27.7844 26.3738
      vertex -6.82605 25.4752 30.0736
    endloop
  endfacet
  facet normal -0.22755 0.670288 0.706353
    outer loop
      vertex -11.5087 27.7844 26.3738
      vertex -10.0928 24.3662 30.0736
      vertex -6.82605 25.4752 30.0736
    endloop
  endfacet
  facet normal -0.313083 0.634858 0.706353
    outer loop
      vertex -11.5087 27.7844 26.3738
      vertex -15.0368 26.0445 26.3738
      vertex -10.0928 24.3662 30.0736
    endloop
  endfacet
  facet normal -0.313074 0.634869 0.706347
    outer loop
      vertex -15.0368 26.0445 26.3738
      vertex -13.1869 22.8404 30.0736
      vertex -10.0928 24.3662 30.0736
    endloop
  endfacet
  facet normal -0.393272 0.588567 0.706347
    outer loop
      vertex -15.0368 26.0445 26.3738
      vertex -18.3076 23.859 26.3738
      vertex -13.1869 22.8404 30.0736
    endloop
  endfacet
  facet normal -0.393263 0.588582 0.706339
    outer loop
      vertex -18.3076 23.859 26.3738
      vertex -16.0554 20.9238 30.0736
      vertex -13.1869 22.8404 30.0736
    endloop
  endfacet
  facet normal -0.466739 0.532203 0.706339
    outer loop
      vertex -18.3076 23.859 26.3738
      vertex -21.2652 21.2652 26.3738
      vertex -16.0554 20.9238 30.0736
    endloop
  endfacet
  facet normal -0.466742 0.532197 0.706342
    outer loop
      vertex -21.2652 21.2652 26.3738
      vertex -18.6491 18.6491 30.0736
      vertex -16.0554 20.9238 30.0736
    endloop
  endfacet
  facet normal -0.532201 0.466737 0.706342
    outer loop
      vertex -21.2652 21.2652 26.3738
      vertex -23.859 18.3076 26.3738
      vertex -18.6491 18.6491 30.0736
    endloop
  endfacet
  facet normal -0.532199 0.466744 0.706339
    outer loop
      vertex -23.859 18.3076 26.3738
      vertex -20.9238 16.0554 30.0736
      vertex -18.6491 18.6491 30.0736
    endloop
  endfacet
  facet normal -0.588573 0.393276 0.70634
    outer loop
      vertex -23.859 18.3076 26.3738
      vertex -26.0445 15.0368 26.3738
      vertex -20.9238 16.0554 30.0736
    endloop
  endfacet
  facet normal -0.588575 0.393259 0.706347
    outer loop
      vertex -26.0445 15.0368 26.3738
      vertex -22.8404 13.1869 30.0736
      vertex -20.9238 16.0554 30.0736
    endloop
  endfacet
  facet normal -0.634863 0.313086 0.706347
    outer loop
      vertex -26.0445 15.0368 26.3738
      vertex -27.7844 11.5087 26.3738
      vertex -22.8404 13.1869 30.0736
    endloop
  endfacet
  facet normal -0.634863 0.313071 0.706353
    outer loop
      vertex -27.7844 11.5087 26.3738
      vertex -24.3662 10.0928 30.0736
      vertex -22.8404 13.1869 30.0736
    endloop
  endfacet
  facet normal -0.670294 0.227535 0.706353
    outer loop
      vertex -27.7844 11.5087 26.3738
      vertex -29.0489 7.78362 26.3738
      vertex -24.3662 10.0928 30.0736
    endloop
  endfacet
  facet normal -0.670296 0.227553 0.706345
    outer loop
      vertex -29.0489 7.78362 26.3738
      vertex -25.4752 6.82605 30.0736
      vertex -24.3662 10.0928 30.0736
    endloop
  endfacet
  facet normal -0.694268 0.13809 0.706345
    outer loop
      vertex -29.0489 7.78362 26.3738
      vertex -29.8163 3.92539 26.3738
      vertex -25.4752 6.82605 30.0736
    endloop
  endfacet
  facet normal -0.694268 0.138092 0.706344
    outer loop
      vertex -29.8163 3.92539 26.3738
      vertex -26.1482 3.44248 30.0736
      vertex -25.4752 6.82605 30.0736
    endloop
  endfacet
  facet normal -0.706353 0.0462998 0.706344
    outer loop
      vertex -29.8163 3.92539 26.3738
      vertex -30.0736 -0 26.3738
      vertex -26.1482 3.44248 30.0736
    endloop
  endfacet
  facet normal -0.706349 0.04629 0.706349
    outer loop
      vertex -30.0736 -0 26.3738
      vertex -26.3738 -0 30.0736
      vertex -26.1482 3.44248 30.0736
    endloop
  endfacet
  facet normal -0.706348 -0.0462995 0.706348
    outer loop
      vertex -30.0736 -0 26.3738
      vertex -29.8163 -3.92539 26.3738
      vertex -26.3738 -0 30.0736
    endloop
  endfacet
  facet normal -0.706354 -0.0462903 0.706344
    outer loop
      vertex -29.8163 -3.92539 26.3738
      vertex -26.1482 -3.44248 30.0736
      vertex -26.3738 -0 30.0736
    endloop
  endfacet
  facet normal -0.694269 -0.13809 0.706344
    outer loop
      vertex -29.8163 -3.92539 26.3738
      vertex -29.0489 -7.78362 26.3738
      vertex -26.1482 -3.44248 30.0736
    endloop
  endfacet
  facet normal -0.694267 -0.138091 0.706345
    outer loop
      vertex -29.0489 -7.78362 26.3738
      vertex -25.4752 -6.82605 30.0736
      vertex -26.1482 -3.44248 30.0736
    endloop
  endfacet
  facet normal -0.670301 -0.227537 0.706345
    outer loop
      vertex -29.0489 -7.78362 26.3738
      vertex -27.7844 -11.5087 26.3738
      vertex -25.4752 -6.82605 30.0736
    endloop
  endfacet
  facet normal -0.670288 -0.22755 0.706353
    outer loop
      vertex -27.7844 -11.5087 26.3738
      vertex -24.3662 -10.0928 30.0736
      vertex -25.4752 -6.82605 30.0736
    endloop
  endfacet
  facet normal -0.634858 -0.313083 0.706353
    outer loop
      vertex -27.7844 -11.5087 26.3738
      vertex -26.0445 -15.0368 26.3738
      vertex -24.3662 -10.0928 30.0736
    endloop
  endfacet
  facet normal -0.634869 -0.313074 0.706347
    outer loop
      vertex -26.0445 -15.0368 26.3738
      vertex -22.8404 -13.1869 30.0736
      vertex -24.3662 -10.0928 30.0736
    endloop
  endfacet
  facet normal -0.588567 -0.393272 0.706347
    outer loop
      vertex -26.0445 -15.0368 26.3738
      vertex -23.859 -18.3076 26.3738
      vertex -22.8404 -13.1869 30.0736
    endloop
  endfacet
  facet normal -0.588582 -0.393263 0.706339
    outer loop
      vertex -23.859 -18.3076 26.3738
      vertex -20.9238 -16.0554 30.0736
      vertex -22.8404 -13.1869 30.0736
    endloop
  endfacet
  facet normal -0.532203 -0.466739 0.706339
    outer loop
      vertex -23.859 -18.3076 26.3738
      vertex -21.2652 -21.2652 26.3738
      vertex -20.9238 -16.0554 30.0736
    endloop
  endfacet
  facet normal -0.532197 -0.466742 0.706342
    outer loop
      vertex -21.2652 -21.2652 26.3738
      vertex -18.6491 -18.6491 30.0736
      vertex -20.9238 -16.0554 30.0736
    endloop
  endfacet
  facet normal -0.466737 -0.532201 0.706342
    outer loop
      vertex -21.2652 -21.2652 26.3738
      vertex -18.3076 -23.859 26.3738
      vertex -18.6491 -18.6491 30.0736
    endloop
  endfacet
  facet normal -0.466744 -0.532199 0.706339
    outer loop
      vertex -18.3076 -23.859 26.3738
      vertex -16.0554 -20.9238 30.0736
      vertex -18.6491 -18.6491 30.0736
    endloop
  endfacet
  facet normal -0.393276 -0.588573 0.70634
    outer loop
      vertex -18.3076 -23.859 26.3738
      vertex -15.0368 -26.0445 26.3738
      vertex -16.0554 -20.9238 30.0736
    endloop
  endfacet
  facet normal -0.393259 -0.588575 0.706347
    outer loop
      vertex -15.0368 -26.0445 26.3738
      vertex -13.1869 -22.8404 30.0736
      vertex -16.0554 -20.9238 30.0736
    endloop
  endfacet
  facet normal -0.313086 -0.634863 0.706347
    outer loop
      vertex -15.0368 -26.0445 26.3738
      vertex -11.5087 -27.7844 26.3738
      vertex -13.1869 -22.8404 30.0736
    endloop
  endfacet
  facet normal -0.313071 -0.634863 0.706353
    outer loop
      vertex -11.5087 -27.7844 26.3738
      vertex -10.0928 -24.3662 30.0736
      vertex -13.1869 -22.8404 30.0736
    endloop
  endfacet
  facet normal -0.227535 -0.670294 0.706353
    outer loop
      vertex -11.5087 -27.7844 26.3738
      vertex -7.78362 -29.0489 26.3738
      vertex -10.0928 -24.3662 30.0736
    endloop
  endfacet
  facet normal -0.227553 -0.670296 0.706345
    outer loop
      vertex -7.78362 -29.0489 26.3738
      vertex -6.82605 -25.4752 30.0736
      vertex -10.0928 -24.3662 30.0736
    endloop
  endfacet
  facet normal -0.13809 -0.694268 0.706345
    outer loop
      vertex -7.78362 -29.0489 26.3738
      vertex -3.92539 -29.8163 26.3738
      vertex -6.82605 -25.4752 30.0736
    endloop
  endfacet
  facet normal -0.138092 -0.694268 0.706344
    outer loop
      vertex -3.92539 -29.8163 26.3738
      vertex -3.44248 -26.1482 30.0736
      vertex -6.82605 -25.4752 30.0736
    endloop
  endfacet
  facet normal -0.0462998 -0.706353 0.706344
    outer loop
      vertex -3.92539 -29.8163 26.3738
      vertex -0 -30.0736 26.3738
      vertex -3.44248 -26.1482 30.0736
    endloop
  endfacet
  facet normal -0.04629 -0.706349 0.706349
    outer loop
      vertex -0 -30.0736 26.3738
      vertex -0 -26.3738 30.0736
      vertex -3.44248 -26.1482 30.0736
    endloop
  endfacet
  facet normal 0.0462995 -0.706348 0.706348
    outer loop
      vertex -0 -30.0736 26.3738
      vertex 3.92539 -29.8163 26.3738
      vertex -0 -26.3738 30.0736
    endloop
  endfacet
  facet normal 0.0462903 -0.706354 0.706344
    outer loop
      vertex 3.92539 -29.8163 26.3738
      vertex 3.44248 -26.1482 30.0736
      vertex -0 -26.3738 30.0736
    endloop
  endfacet
  facet normal 0.13809 -0.694269 0.706344
    outer loop
      vertex 3.92539 -29.8163 26.3738
      vertex 7.78362 -29.0489 26.3738
      vertex 3.44248 -26.1482 30.0736
    endloop
  endfacet
  facet normal 0.138091 -0.694267 0.706345
    outer loop
      vertex 7.78362 -29.0489 26.3738
      vertex 6.82605 -25.4752 30.0736
      vertex 3.44248 -26.1482 30.0736
    endloop
  endfacet
  facet normal 0.227537 -0.670301 0.706345
    outer loop
      vertex 7.78362 -29.0489 26.3738
      vertex 11.5087 -27.7844 26.3738
      vertex 6.82605 -25.4752 30.0736
    endloop
  endfacet
  facet normal 0.22755 -0.670288 0.706353
    outer loop
      vertex 11.5087 -27.7844 26.3738
      vertex 10.0928 -24.3662 30.0736
      vertex 6.82605 -25.4752 30.0736
    endloop
  endfacet
  facet normal 0.313083 -0.634858 0.706353
    outer loop
      vertex 11.5087 -27.7844 26.3738
      vertex 15.0368 -26.0445 26.3738
      vertex 10.0928 -24.3662 30.0736
    endloop
  endfacet
  facet normal 0.313074 -0.634869 0.706347
    outer loop
      vertex 15.0368 -26.0445 26.3738
      vertex 13.1869 -22.8404 30.0736
      vertex 10.0928 -24.3662 30.0736
    endloop
  endfacet
  facet normal 0.393272 -0.588567 0.706347
    outer loop
      vertex 15.0368 -26.0445 26.3738
      vertex 18.3076 -23.859 26.3738
      vertex 13.1869 -22.8404 30.0736
    endloop
  endfacet
  facet normal 0.393263 -0.588582 0.706339
    outer loop
      vertex 18.3076 -23.859 26.3738
      vertex 16.0554 -20.9238 30.0736
      vertex 13.1869 -22.8404 30.0736
    endloop
  endfacet
  facet normal 0.466739 -0.532203 0.706339
    outer loop
      vertex 18.3076 -23.859 26.3738
      vertex 21.2652 -21.2652 26.3738
      vertex 16.0554 -20.9238 30.0736
    endloop
  endfacet
  facet normal 0.466742 -0.532197 0.706342
    outer loop
      vertex 21.2652 -21.2652 26.3738
      vertex 18.6491 -18.6491 30.0736
      vertex 16.0554 -20.9238 30.0736
    endloop
  endfacet
  facet normal 0.532201 -0.466737 0.706342
    outer loop
      vertex 21.2652 -21.2652 26.3738
      vertex 23.859 -18.3076 26.3738
      vertex 18.6491 -18.6491 30.0736
    endloop
  endfacet
  facet normal 0.532199 -0.466744 0.706339
    outer loop
      vertex 23.859 -18.3076 26.3738
      vertex 20.9238 -16.0554 30.0736
      vertex 18.6491 -18.6491 30.0736
    endloop
  endfacet
  facet normal 0.588573 -0.393276 0.70634
    outer loop
      vertex 23.859 -18.3076 26.3738
      vertex 26.0445 -15.0368 26.3738
      vertex 20.9238 -16.0554 30.0736
    endloop
  endfacet
  facet normal 0.588575 -0.393259 0.706347
    outer loop
      vertex 26.0445 -15.0368 26.3738
      vertex 22.8404 -13.1869 30.0736
      vertex 20.9238 -16.0554 30.0736
    endloop
  endfacet
  facet normal 0.634863 -0.313086 0.706347
    outer loop
      vertex 26.0445 -15.0368 26.3738
      vertex 27.7844 -11.5087 26.3738
      vertex 22.8404 -13.1869 30.0736
    endloop
  endfacet
  facet normal 0.634863 -0.313071 0.706353
    outer loop
      vertex 27.7844 -11.5087 26.3738
      vertex 24.3662 -10.0928 30.0736
      vertex 22.8404 -13.1869 30.0736
    endloop
  endfacet
  facet normal 0.670294 -0.227535 0.706353
    outer loop
      vertex 27.7844 -11.5087 26.3738
      vertex 29.0489 -7.78362 26.3738
      vertex 24.3662 -10.0928 30.0736
    endloop
  endfacet
  facet normal 0.670296 -0.227553 0.706345
    outer loop
      vertex 29.0489 -7.78362 26.3738
      vertex 25.4752 -6.82605 30.0736
      vertex 24.3662 -10.0928 30.0736
    endloop
  endfacet
  facet normal 0.694268 -0.13809 0.706345
    outer loop
      vertex 29.0489 -7.78362 26.3738
      vertex 29.8163 -3.92539 26.3738
      vertex 25.4752 -6.82605 30.0736
    endloop
  endfacet
  facet normal 0.694268 -0.138092 0.706344
    outer loop
      vertex 29.8163 -3.92539 26.3738
      vertex 26.1482 -3.44248 30.0736
      vertex 25.4752 -6.82605 30.0736
    endloop
  endfacet
  facet normal 0.706353 -0.0462998 0.706344
    outer loop
      vertex 29.8163 -3.92539 26.3738
      vertex 30.0736 0 26.3738
      vertex 26.1482 -3.44248 30.0736
    endloop
  endfacet
  facet normal 0.706349 -0.04629 0.706349
    outer loop
      vertex 30.0736 0 26.3738
      vertex 26.3738 0 30.0736
      vertex 26.1482 -3.44248 30.0736
    endloop
  endfacet
  facet normal 0.792281 0.0519227 0.607943
    outer loop
      vertex 33.2588 0 22.2228
      vertex 32.9743 4.34114 22.2228
      vertex 30.0736 0 26.3738
    endloop
  endfacet
  facet normal 0.792276 0.0519318 0.607949
    outer loop
      vertex 32.9743 4.34114 22.2228
      vertex 29.8163 3.92539 26.3738
      vertex 30.0736 0 26.3738
    endloop
  endfacet
  facet normal 0.778718 0.154909 0.607949
    outer loop
      vertex 32.9743 4.34114 22.2228
      vertex 32.1255 8.60801 22.2228
      vertex 29.8163 3.92539 26.3738
    endloop
  endfacet
  facet normal 0.778733 0.15489 0.607935
    outer loop
      vertex 32.1255 8.60801 22.2228
      vertex 29.0489 7.78362 26.3738
      vertex 29.8163 3.92539 26.3738
    endloop
  endfacet
  facet normal 0.75185 0.255217 0.607936
    outer loop
      vertex 32.1255 8.60801 22.2228
      vertex 30.7271 12.7276 22.2228
      vertex 29.0489 7.78362 26.3738
    endloop
  endfacet
  facet normal 0.751848 0.255219 0.607938
    outer loop
      vertex 30.7271 12.7276 22.2228
      vertex 27.7844 11.5087 26.3738
      vertex 29.0489 7.78362 26.3738
    endloop
  endfacet
  facet normal 0.712107 0.351162 0.607938
    outer loop
      vertex 30.7271 12.7276 22.2228
      vertex 28.803 16.6294 22.2228
      vertex 27.7844 11.5087 26.3738
    endloop
  endfacet
  facet normal 0.712094 0.351173 0.607947
    outer loop
      vertex 28.803 16.6294 22.2228
      vertex 26.0445 15.0368 26.3738
      vertex 27.7844 11.5087 26.3738
    endloop
  endfacet
  facet normal 0.660169 0.44111 0.607947
    outer loop
      vertex 28.803 16.6294 22.2228
      vertex 26.386 20.2467 22.2228
      vertex 26.0445 15.0368 26.3738
    endloop
  endfacet
  facet normal 0.660165 0.441112 0.607949
    outer loop
      vertex 26.386 20.2467 22.2228
      vertex 23.859 18.3076 26.3738
      vertex 26.0445 15.0368 26.3738
    endloop
  endfacet
  facet normal 0.596935 0.523513 0.60795
    outer loop
      vertex 26.386 20.2467 22.2228
      vertex 23.5175 23.5175 22.2228
      vertex 23.859 18.3076 26.3738
    endloop
  endfacet
  facet normal 0.596938 0.523512 0.607947
    outer loop
      vertex 23.5175 23.5175 22.2228
      vertex 21.2652 21.2652 26.3738
      vertex 23.859 18.3076 26.3738
    endloop
  endfacet
  facet normal 0.523514 0.596936 0.607948
    outer loop
      vertex 23.5175 23.5175 22.2228
      vertex 20.2467 26.386 22.2228
      vertex 21.2652 21.2652 26.3738
    endloop
  endfacet
  facet normal 0.523511 0.596937 0.60795
    outer loop
      vertex 20.2467 26.386 22.2228
      vertex 18.3076 23.859 26.3738
      vertex 21.2652 21.2652 26.3738
    endloop
  endfacet
  facet normal 0.441109 0.660167 0.607949
    outer loop
      vertex 20.2467 26.386 22.2228
      vertex 16.6294 28.803 22.2228
      vertex 18.3076 23.859 26.3738
    endloop
  endfacet
  facet normal 0.441113 0.660166 0.607947
    outer loop
      vertex 16.6294 28.803 22.2228
      vertex 15.0368 26.0445 26.3738
      vertex 18.3076 23.859 26.3738
    endloop
  endfacet
  facet normal 0.351159 0.712101 0.607947
    outer loop
      vertex 16.6294 28.803 22.2228
      vertex 12.7276 30.7271 22.2228
      vertex 15.0368 26.0445 26.3738
    endloop
  endfacet
  facet normal 0.351176 0.712101 0.607937
    outer loop
      vertex 12.7276 30.7271 22.2228
      vertex 11.5087 27.7844 26.3738
      vertex 15.0368 26.0445 26.3738
    endloop
  endfacet
  facet normal 0.255216 0.751849 0.607938
    outer loop
      vertex 12.7276 30.7271 22.2228
      vertex 8.60801 32.1255 22.2228
      vertex 11.5087 27.7844 26.3738
    endloop
  endfacet
  facet normal 0.25522 0.751849 0.607935
    outer loop
      vertex 8.60801 32.1255 22.2228
      vertex 7.78362 29.0489 26.3738
      vertex 11.5087 27.7844 26.3738
    endloop
  endfacet
  facet normal 0.154911 0.778728 0.607936
    outer loop
      vertex 8.60801 32.1255 22.2228
      vertex 4.34114 32.9743 22.2228
      vertex 7.78362 29.0489 26.3738
    endloop
  endfacet
  facet normal 0.154887 0.778722 0.607949
    outer loop
      vertex 4.34114 32.9743 22.2228
      vertex 3.92539 29.8163 26.3738
      vertex 7.78362 29.0489 26.3738
    endloop
  endfacet
  facet normal 0.0519225 0.792277 0.607949
    outer loop
      vertex 4.34114 32.9743 22.2228
      vertex 0 33.2588 22.2228
      vertex 3.92539 29.8163 26.3738
    endloop
  endfacet
  facet normal 0.0519321 0.79228 0.607943
    outer loop
      vertex 0 33.2588 22.2228
      vertex 0 30.0736 26.3738
      vertex 3.92539 29.8163 26.3738
    endloop
  endfacet
  facet normal -0.0519227 0.792281 0.607943
    outer loop
      vertex 0 33.2588 22.2228
      vertex -4.34114 32.9743 22.2228
      vertex 0 30.0736 26.3738
    endloop
  endfacet
  facet normal -0.0519318 0.792276 0.607949
    outer loop
      vertex -4.34114 32.9743 22.2228
      vertex -3.92539 29.8163 26.3738
      vertex 0 30.0736 26.3738
    endloop
  endfacet
  facet normal -0.154909 0.778718 0.607949
    outer loop
      vertex -4.34114 32.9743 22.2228
      vertex -8.60801 32.1255 22.2228
      vertex -3.92539 29.8163 26.3738
    endloop
  endfacet
  facet normal -0.15489 0.778733 0.607935
    outer loop
      vertex -8.60801 32.1255 22.2228
      vertex -7.78362 29.0489 26.3738
      vertex -3.92539 29.8163 26.3738
    endloop
  endfacet
  facet normal -0.255217 0.75185 0.607936
    outer loop
      vertex -8.60801 32.1255 22.2228
      vertex -12.7276 30.7271 22.2228
      vertex -7.78362 29.0489 26.3738
    endloop
  endfacet
  facet normal -0.255219 0.751848 0.607938
    outer loop
      vertex -12.7276 30.7271 22.2228
      vertex -11.5087 27.7844 26.3738
      vertex -7.78362 29.0489 26.3738
    endloop
  endfacet
  facet normal -0.351162 0.712107 0.607938
    outer loop
      vertex -12.7276 30.7271 22.2228
      vertex -16.6294 28.803 22.2228
      vertex -11.5087 27.7844 26.3738
    endloop
  endfacet
  facet normal -0.351173 0.712094 0.607947
    outer loop
      vertex -16.6294 28.803 22.2228
      vertex -15.0368 26.0445 26.3738
      vertex -11.5087 27.7844 26.3738
    endloop
  endfacet
  facet normal -0.44111 0.660169 0.607947
    outer loop
      vertex -16.6294 28.803 22.2228
      vertex -20.2467 26.386 22.2228
      vertex -15.0368 26.0445 26.3738
    endloop
  endfacet
  facet normal -0.441112 0.660165 0.607949
    outer loop
      vertex -20.2467 26.386 22.2228
      vertex -18.3076 23.859 26.3738
      vertex -15.0368 26.0445 26.3738
    endloop
  endfacet
  facet normal -0.523513 0.596935 0.60795
    outer loop
      vertex -20.2467 26.386 22.2228
      vertex -23.5175 23.5175 22.2228
      vertex -18.3076 23.859 26.3738
    endloop
  endfacet
  facet normal -0.523512 0.596938 0.607947
    outer loop
      vertex -23.5175 23.5175 22.2228
      vertex -21.2652 21.2652 26.3738
      vertex -18.3076 23.859 26.3738
    endloop
  endfacet
  facet normal -0.596936 0.523514 0.607948
    outer loop
      vertex -23.5175 23.5175 22.2228
      vertex -26.386 20.2467 22.2228
      vertex -21.2652 21.2652 26.3738
    endloop
  endfacet
  facet normal -0.596937 0.523511 0.60795
    outer loop
      vertex -26.386 20.2467 22.2228
      vertex -23.859 18.3076 26.3738
      vertex -21.2652 21.2652 26.3738
    endloop
  endfacet
  facet normal -0.660167 0.441109 0.607949
    outer loop
      vertex -26.386 20.2467 22.2228
      vertex -28.803 16.6294 22.2228
      vertex -23.859 18.3076 26.3738
    endloop
  endfacet
  facet normal -0.660166 0.441113 0.607947
    outer loop
      vertex -28.803 16.6294 22.2228
      vertex -26.0445 15.0368 26.3738
      vertex -23.859 18.3076 26.3738
    endloop
  endfacet
  facet normal -0.712101 0.351159 0.607947
    outer loop
      vertex -28.803 16.6294 22.2228
      vertex -30.7271 12.7276 22.2228
      vertex -26.0445 15.0368 26.3738
    endloop
  endfacet
  facet normal -0.712101 0.351176 0.607937
    outer loop
      vertex -30.7271 12.7276 22.2228
      vertex -27.7844 11.5087 26.3738
      vertex -26.0445 15.0368 26.3738
    endloop
  endfacet
  facet normal -0.751849 0.255216 0.607938
    outer loop
      vertex -30.7271 12.7276 22.2228
      vertex -32.1255 8.60801 22.2228
      vertex -27.7844 11.5087 26.3738
    endloop
  endfacet
  facet normal -0.751849 0.25522 0.607935
    outer loop
      vertex -32.1255 8.60801 22.2228
      vertex -29.0489 7.78362 26.3738
      vertex -27.7844 11.5087 26.3738
    endloop
  endfacet
  facet normal -0.778728 0.154911 0.607936
    outer loop
      vertex -32.1255 8.60801 22.2228
      vertex -32.9743 4.34114 22.2228
      vertex -29.0489 7.78362 26.3738
    endloop
  endfacet
  facet normal -0.778722 0.154887 0.607949
    outer loop
      vertex -32.9743 4.34114 22.2228
      vertex -29.8163 3.92539 26.3738
      vertex -29.0489 7.78362 26.3738
    endloop
  endfacet
  facet normal -0.792277 0.0519225 0.607949
    outer loop
      vertex -32.9743 4.34114 22.2228
      vertex -33.2588 -0 22.2228
      vertex -29.8163 3.92539 26.3738
    endloop
  endfacet
  facet normal -0.79228 0.0519321 0.607943
    outer loop
      vertex -33.2588 -0 22.2228
      vertex -30.0736 -0 26.3738
      vertex -29.8163 3.92539 26.3738
    endloop
  endfacet
  facet normal -0.792281 -0.0519227 0.607943
    outer loop
      vertex -33.2588 -0 22.2228
      vertex -32.9743 -4.34114 22.2228
      vertex -30.0736 -0 26.3738
    endloop
  endfacet
  facet normal -0.792276 -0.0519318 0.607949
    outer loop
      vertex -32.9743 -4.34114 22.2228
      vertex -29.8163 -3.92539 26.3738
      vertex -30.0736 -0 26.3738
    endloop
  endfacet
  facet normal -0.778718 -0.154909 0.607949
    outer loop
      vertex -32.9743 -4.34114 22.2228
      vertex -32.1255 -8.60801 22.2228
      vertex -29.8163 -3.92539 26.3738
    endloop
  endfacet
  facet normal -0.778733 -0.15489 0.607935
    outer loop
      vertex -32.1255 -8.60801 22.2228
      vertex -29.0489 -7.78362 26.3738
      vertex -29.8163 -3.92539 26.3738
    endloop
  endfacet
  facet normal -0.75185 -0.255217 0.607936
    outer loop
      vertex -32.1255 -8.60801 22.2228
      vertex -30.7271 -12.7276 22.2228
      vertex -29.0489 -7.78362 26.3738
    endloop
  endfacet
  facet normal -0.751848 -0.255219 0.607938
    outer loop
      vertex -30.7271 -12.7276 22.2228
      vertex -27.7844 -11.5087 26.3738
      vertex -29.0489 -7.78362 26.3738
    endloop
  endfacet
  facet normal -0.712107 -0.351162 0.607938
    outer loop
      vertex -30.7271 -12.7276 22.2228
      vertex -28.803 -16.6294 22.2228
      vertex -27.7844 -11.5087 26.3738
    endloop
  endfacet
  facet normal -0.712094 -0.351173 0.607947
    outer loop
      vertex -28.803 -16.6294 22.2228
      vertex -26.0445 -15.0368 26.3738
      vertex -27.7844 -11.5087 26.3738
    endloop
  endfacet
  facet normal -0.660169 -0.44111 0.607947
    outer loop
      vertex -28.803 -16.6294 22.2228
      vertex -26.386 -20.2467 22.2228
      vertex -26.0445 -15.0368 26.3738
    endloop
  endfacet
  facet normal -0.660165 -0.441112 0.607949
    outer loop
      vertex -26.386 -20.2467 22.2228
      vertex -23.859 -18.3076 26.3738
      vertex -26.0445 -15.0368 26.3738
    endloop
  endfacet
  facet normal -0.596935 -0.523513 0.60795
    outer loop
      vertex -26.386 -20.2467 22.2228
      vertex -23.5175 -23.5175 22.2228
      vertex -23.859 -18.3076 26.3738
    endloop
  endfacet
  facet normal -0.596938 -0.523512 0.607947
    outer loop
      vertex -23.5175 -23.5175 22.2228
      vertex -21.2652 -21.2652 26.3738
      vertex -23.859 -18.3076 26.3738
    endloop
  endfacet
  facet normal -0.523514 -0.596936 0.607948
    outer loop
      vertex -23.5175 -23.5175 22.2228
      vertex -20.2467 -26.386 22.2228
      vertex -21.2652 -21.2652 26.3738
    endloop
  endfacet
  facet normal -0.523511 -0.596937 0.60795
    outer loop
      vertex -20.2467 -26.386 22.2228
      vertex -18.3076 -23.859 26.3738
      vertex -21.2652 -21.2652 26.3738
    endloop
  endfacet
  facet normal -0.441109 -0.660167 0.607949
    outer loop
      vertex -20.2467 -26.386 22.2228
      vertex -16.6294 -28.803 22.2228
      vertex -18.3076 -23.859 26.3738
    endloop
  endfacet
  facet normal -0.441113 -0.660166 0.607947
    outer loop
      vertex -16.6294 -28.803 22.2228
      vertex -15.0368 -26.0445 26.3738
      vertex -18.3076 -23.859 26.3738
    endloop
  endfacet
  facet normal -0.351159 -0.712101 0.607947
    outer loop
      vertex -16.6294 -28.803 22.2228
      vertex -12.7276 -30.7271 22.2228
      vertex -15.0368 -26.0445 26.3738
    endloop
  endfacet
  facet normal -0.351176 -0.712101 0.607937
    outer loop
      vertex -12.7276 -30.7271 22.2228
      vertex -11.5087 -27.7844 26.3738
      vertex -15.0368 -26.0445 26.3738
    endloop
  endfacet
  facet normal -0.255216 -0.751849 0.607938
    outer loop
      vertex -12.7276 -30.7271 22.2228
      vertex -8.60801 -32.1255 22.2228
      vertex -11.5087 -27.7844 26.3738
    endloop
  endfacet
  facet normal -0.25522 -0.751849 0.607935
    outer loop
      vertex -8.60801 -32.1255 22.2228
      vertex -7.78362 -29.0489 26.3738
      vertex -11.5087 -27.7844 26.3738
    endloop
  endfacet
  facet normal -0.154911 -0.778728 0.607936
    outer loop
      vertex -8.60801 -32.1255 22.2228
      vertex -4.34114 -32.9743 22.2228
      vertex -7.78362 -29.0489 26.3738
    endloop
  endfacet
  facet normal -0.154887 -0.778722 0.607949
    outer loop
      vertex -4.34114 -32.9743 22.2228
      vertex -3.92539 -29.8163 26.3738
      vertex -7.78362 -29.0489 26.3738
    endloop
  endfacet
  facet normal -0.0519225 -0.792277 0.607949
    outer loop
      vertex -4.34114 -32.9743 22.2228
      vertex -0 -33.2588 22.2228
      vertex -3.92539 -29.8163 26.3738
    endloop
  endfacet
  facet normal -0.0519321 -0.79228 0.607943
    outer loop
      vertex -0 -33.2588 22.2228
      vertex -0 -30.0736 26.3738
      vertex -3.92539 -29.8163 26.3738
    endloop
  endfacet
  facet normal 0.0519227 -0.792281 0.607943
    outer loop
      vertex -0 -33.2588 22.2228
      vertex 4.34114 -32.9743 22.2228
      vertex -0 -30.0736 26.3738
    endloop
  endfacet
  facet normal 0.0519318 -0.792276 0.607949
    outer loop
      vertex 4.34114 -32.9743 22.2228
      vertex 3.92539 -29.8163 26.3738
      vertex -0 -30.0736 26.3738
    endloop
  endfacet
  facet normal 0.154909 -0.778718 0.607949
    outer loop
      vertex 4.34114 -32.9743 22.2228
      vertex 8.60801 -32.1255 22.2228
      vertex 3.92539 -29.8163 26.3738
    endloop
  endfacet
  facet normal 0.15489 -0.778733 0.607935
    outer loop
      vertex 8.60801 -32.1255 22.2228
      vertex 7.78362 -29.0489 26.3738
      vertex 3.92539 -29.8163 26.3738
    endloop
  endfacet
  facet normal 0.255217 -0.75185 0.607936
    outer loop
      vertex 8.60801 -32.1255 22.2228
      vertex 12.7276 -30.7271 22.2228
      vertex 7.78362 -29.0489 26.3738
    endloop
  endfacet
  facet normal 0.255219 -0.751848 0.607938
    outer loop
      vertex 12.7276 -30.7271 22.2228
      vertex 11.5087 -27.7844 26.3738
      vertex 7.78362 -29.0489 26.3738
    endloop
  endfacet
  facet normal 0.351162 -0.712107 0.607938
    outer loop
      vertex 12.7276 -30.7271 22.2228
      vertex 16.6294 -28.803 22.2228
      vertex 11.5087 -27.7844 26.3738
    endloop
  endfacet
  facet normal 0.351173 -0.712094 0.607947
    outer loop
      vertex 16.6294 -28.803 22.2228
      vertex 15.0368 -26.0445 26.3738
      vertex 11.5087 -27.7844 26.3738
    endloop
  endfacet
  facet normal 0.44111 -0.660169 0.607947
    outer loop
      vertex 16.6294 -28.803 22.2228
      vertex 20.2467 -26.386 22.2228
      vertex 15.0368 -26.0445 26.3738
    endloop
  endfacet
  facet normal 0.441112 -0.660165 0.607949
    outer loop
      vertex 20.2467 -26.386 22.2228
      vertex 18.3076 -23.859 26.3738
      vertex 15.0368 -26.0445 26.3738
    endloop
  endfacet
  facet normal 0.523513 -0.596935 0.60795
    outer loop
      vertex 20.2467 -26.386 22.2228
      vertex 23.5175 -23.5175 22.2228
      vertex 18.3076 -23.859 26.3738
    endloop
  endfacet
  facet normal 0.523512 -0.596938 0.607947
    outer loop
      vertex 23.5175 -23.5175 22.2228
      vertex 21.2652 -21.2652 26.3738
      vertex 18.3076 -23.859 26.3738
    endloop
  endfacet
  facet normal 0.596936 -0.523514 0.607948
    outer loop
      vertex 23.5175 -23.5175 22.2228
      vertex 26.386 -20.2467 22.2228
      vertex 21.2652 -21.2652 26.3738
    endloop
  endfacet
  facet normal 0.596937 -0.523511 0.60795
    outer loop
      vertex 26.386 -20.2467 22.2228
      vertex 23.859 -18.3076 26.3738
      vertex 21.2652 -21.2652 26.3738
    endloop
  endfacet
  facet normal 0.660167 -0.441109 0.607949
    outer loop
      vertex 26.386 -20.2467 22.2228
      vertex 28.803 -16.6294 22.2228
      vertex 23.859 -18.3076 26.3738
    endloop
  endfacet
  facet normal 0.660166 -0.441113 0.607947
    outer loop
      vertex 28.803 -16.6294 22.2228
      vertex 26.0445 -15.0368 26.3738
      vertex 23.859 -18.3076 26.3738
    endloop
  endfacet
  facet normal 0.712101 -0.351159 0.607947
    outer loop
      vertex 28.803 -16.6294 22.2228
      vertex 30.7271 -12.7276 22.2228
      vertex 26.0445 -15.0368 26.3738
    endloop
  endfacet
  facet normal 0.712101 -0.351176 0.607937
    outer loop
      vertex 30.7271 -12.7276 22.2228
      vertex 27.7844 -11.5087 26.3738
      vertex 26.0445 -15.0368 26.3738
    endloop
  endfacet
  facet normal 0.751849 -0.255216 0.607938
    outer loop
      vertex 30.7271 -12.7276 22.2228
      vertex 32.1255 -8.60801 22.2228
      vertex 27.7844 -11.5087 26.3738
    endloop
  endfacet
  facet normal 0.751849 -0.25522 0.607935
    outer loop
      vertex 32.1255 -8.60801 22.2228
      vertex 29.0489 -7.78362 26.3738
      vertex 27.7844 -11.5087 26.3738
    endloop
  endfacet
  facet normal 0.778728 -0.154911 0.607936
    outer loop
      vertex 32.1255 -8.60801 22.2228
      vertex 32.9743 -4.34114 22.2228
      vertex 29.0489 -7.78362 26.3738
    endloop
  endfacet
  facet normal 0.778722 -0.154887 0.607949
    outer loop
      vertex 32.9743 -4.34114 22.2228
      vertex 29.8163 -3.92539 26.3738
      vertex 29.0489 -7.78362 26.3738
    endloop
  endfacet
  facet normal 0.792277 -0.0519225 0.607949
    outer loop
      vertex 32.9743 -4.34114 22.2228
      vertex 33.2588 0 22.2228
      vertex 29.8163 -3.92539 26.3738
    endloop
  endfacet
  facet normal 0.79228 -0.0519321 0.607943
    outer loop
      vertex 33.2588 0 22.2228
      vertex 30.0736 0 26.3738
      vertex 29.8163 -3.92539 26.3738
    endloop
  endfacet
  facet normal 0.864638 0.0566686 0.49919
    outer loop
      vertex 35.8749 0 17.6915
      vertex 35.568 4.68262 17.6915
      vertex 33.2588 0 22.2228
    endloop
  endfacet
  facet normal 0.86464 0.0566648 0.499187
    outer loop
      vertex 35.568 4.68262 17.6915
      vertex 32.9743 4.34114 22.2228
      vertex 33.2588 0 22.2228
    endloop
  endfacet
  facet normal 0.849844 0.169046 0.499187
    outer loop
      vertex 35.568 4.68262 17.6915
      vertex 34.6525 9.28511 17.6915
      vertex 32.9743 4.34114 22.2228
    endloop
  endfacet
  facet normal 0.849837 0.169056 0.499196
    outer loop
      vertex 34.6525 9.28511 17.6915
      vertex 32.1255 8.60801 22.2228
      vertex 32.9743 4.34114 22.2228
    endloop
  endfacet
  facet normal 0.820505 0.278525 0.499195
    outer loop
      vertex 34.6525 9.28511 17.6915
      vertex 33.1441 13.7287 17.6915
      vertex 32.1255 8.60801 22.2228
    endloop
  endfacet
  facet normal 0.820507 0.278522 0.499193
    outer loop
      vertex 33.1441 13.7287 17.6915
      vertex 30.7271 12.7276 22.2228
      vertex 32.1255 8.60801 22.2228
    endloop
  endfacet
  facet normal 0.777136 0.383232 0.499192
    outer loop
      vertex 33.1441 13.7287 17.6915
      vertex 31.0686 17.9375 17.6915
      vertex 30.7271 12.7276 22.2228
    endloop
  endfacet
  facet normal 0.777137 0.383231 0.499191
    outer loop
      vertex 31.0686 17.9375 17.6915
      vertex 28.803 16.6294 22.2228
      vertex 30.7271 12.7276 22.2228
    endloop
  endfacet
  facet normal 0.720461 0.481397 0.499193
    outer loop
      vertex 31.0686 17.9375 17.6915
      vertex 28.4615 21.8393 17.6915
      vertex 28.803 16.6294 22.2228
    endloop
  endfacet
  facet normal 0.720461 0.481396 0.499192
    outer loop
      vertex 28.4615 21.8393 17.6915
      vertex 26.386 20.2467 22.2228
      vertex 28.803 16.6294 22.2228
    endloop
  endfacet
  facet normal 0.651459 0.571321 0.499192
    outer loop
      vertex 28.4615 21.8393 17.6915
      vertex 25.3674 25.3674 17.6915
      vertex 26.386 20.2467 22.2228
    endloop
  endfacet
  facet normal 0.651452 0.571325 0.499198
    outer loop
      vertex 25.3674 25.3674 17.6915
      vertex 23.5175 23.5175 22.2228
      vertex 26.386 20.2467 22.2228
    endloop
  endfacet
  facet normal 0.571319 0.651457 0.499198
    outer loop
      vertex 25.3674 25.3674 17.6915
      vertex 21.8393 28.4615 17.6915
      vertex 23.5175 23.5175 22.2228
    endloop
  endfacet
  facet normal 0.571327 0.651454 0.499192
    outer loop
      vertex 21.8393 28.4615 17.6915
      vertex 20.2467 26.386 22.2228
      vertex 23.5175 23.5175 22.2228
    endloop
  endfacet
  facet normal 0.481397 0.720461 0.499192
    outer loop
      vertex 21.8393 28.4615 17.6915
      vertex 17.9375 31.0686 17.6915
      vertex 20.2467 26.386 22.2228
    endloop
  endfacet
  facet normal 0.481396 0.720461 0.499193
    outer loop
      vertex 17.9375 31.0686 17.6915
      vertex 16.6294 28.803 22.2228
      vertex 20.2467 26.386 22.2228
    endloop
  endfacet
  facet normal 0.383232 0.777136 0.499191
    outer loop
      vertex 17.9375 31.0686 17.6915
      vertex 13.7287 33.1441 17.6915
      vertex 16.6294 28.803 22.2228
    endloop
  endfacet
  facet normal 0.38323 0.777137 0.499193
    outer loop
      vertex 13.7287 33.1441 17.6915
      vertex 12.7276 30.7271 22.2228
      vertex 16.6294 28.803 22.2228
    endloop
  endfacet
  facet normal 0.278525 0.820506 0.499193
    outer loop
      vertex 13.7287 33.1441 17.6915
      vertex 9.28511 34.6525 17.6915
      vertex 12.7276 30.7271 22.2228
    endloop
  endfacet
  facet normal 0.278522 0.820506 0.499196
    outer loop
      vertex 9.28511 34.6525 17.6915
      vertex 8.60801 32.1255 22.2228
      vertex 12.7276 30.7271 22.2228
    endloop
  endfacet
  facet normal 0.169045 0.84984 0.499196
    outer loop
      vertex 9.28511 34.6525 17.6915
      vertex 4.68262 35.568 17.6915
      vertex 8.60801 32.1255 22.2228
    endloop
  endfacet
  facet normal 0.169057 0.849842 0.499187
    outer loop
      vertex 4.68262 35.568 17.6915
      vertex 4.34114 32.9743 22.2228
      vertex 8.60801 32.1255 22.2228
    endloop
  endfacet
  facet normal 0.0566687 0.864639 0.499187
    outer loop
      vertex 4.68262 35.568 17.6915
      vertex 0 35.8749 17.6915
      vertex 4.34114 32.9743 22.2228
    endloop
  endfacet
  facet normal 0.0566647 0.864638 0.49919
    outer loop
      vertex 0 35.8749 17.6915
      vertex 0 33.2588 22.2228
      vertex 4.34114 32.9743 22.2228
    endloop
  endfacet
  facet normal -0.0566686 0.864638 0.49919
    outer loop
      vertex 0 35.8749 17.6915
      vertex -4.68262 35.568 17.6915
      vertex 0 33.2588 22.2228
    endloop
  endfacet
  facet normal -0.0566648 0.86464 0.499187
    outer loop
      vertex -4.68262 35.568 17.6915
      vertex -4.34114 32.9743 22.2228
      vertex 0 33.2588 22.2228
    endloop
  endfacet
  facet normal -0.169046 0.849844 0.499187
    outer loop
      vertex -4.68262 35.568 17.6915
      vertex -9.28511 34.6525 17.6915
      vertex -4.34114 32.9743 22.2228
    endloop
  endfacet
  facet normal -0.169056 0.849837 0.499196
    outer loop
      vertex -9.28511 34.6525 17.6915
      vertex -8.60801 32.1255 22.2228
      vertex -4.34114 32.9743 22.2228
    endloop
  endfacet
  facet normal -0.278525 0.820505 0.499195
    outer loop
      vertex -9.28511 34.6525 17.6915
      vertex -13.7287 33.1441 17.6915
      vertex -8.60801 32.1255 22.2228
    endloop
  endfacet
  facet normal -0.278522 0.820507 0.499193
    outer loop
      vertex -13.7287 33.1441 17.6915
      vertex -12.7276 30.7271 22.2228
      vertex -8.60801 32.1255 22.2228
    endloop
  endfacet
  facet normal -0.383232 0.777136 0.499192
    outer loop
      vertex -13.7287 33.1441 17.6915
      vertex -17.9375 31.0686 17.6915
      vertex -12.7276 30.7271 22.2228
    endloop
  endfacet
  facet normal -0.383231 0.777137 0.499191
    outer loop
      vertex -17.9375 31.0686 17.6915
      vertex -16.6294 28.803 22.2228
      vertex -12.7276 30.7271 22.2228
    endloop
  endfacet
  facet normal -0.481397 0.720461 0.499193
    outer loop
      vertex -17.9375 31.0686 17.6915
      vertex -21.8393 28.4615 17.6915
      vertex -16.6294 28.803 22.2228
    endloop
  endfacet
  facet normal -0.481396 0.720461 0.499192
    outer loop
      vertex -21.8393 28.4615 17.6915
      vertex -20.2467 26.386 22.2228
      vertex -16.6294 28.803 22.2228
    endloop
  endfacet
  facet normal -0.571321 0.651459 0.499192
    outer loop
      vertex -21.8393 28.4615 17.6915
      vertex -25.3674 25.3674 17.6915
      vertex -20.2467 26.386 22.2228
    endloop
  endfacet
  facet normal -0.571325 0.651452 0.499198
    outer loop
      vertex -25.3674 25.3674 17.6915
      vertex -23.5175 23.5175 22.2228
      vertex -20.2467 26.386 22.2228
    endloop
  endfacet
  facet normal -0.651457 0.571319 0.499198
    outer loop
      vertex -25.3674 25.3674 17.6915
      vertex -28.4615 21.8393 17.6915
      vertex -23.5175 23.5175 22.2228
    endloop
  endfacet
  facet normal -0.651454 0.571327 0.499192
    outer loop
      vertex -28.4615 21.8393 17.6915
      vertex -26.386 20.2467 22.2228
      vertex -23.5175 23.5175 22.2228
    endloop
  endfacet
  facet normal -0.720461 0.481397 0.499192
    outer loop
      vertex -28.4615 21.8393 17.6915
      vertex -31.0686 17.9375 17.6915
      vertex -26.386 20.2467 22.2228
    endloop
  endfacet
  facet normal -0.720461 0.481396 0.499193
    outer loop
      vertex -31.0686 17.9375 17.6915
      vertex -28.803 16.6294 22.2228
      vertex -26.386 20.2467 22.2228
    endloop
  endfacet
  facet normal -0.777136 0.383232 0.499191
    outer loop
      vertex -31.0686 17.9375 17.6915
      vertex -33.1441 13.7287 17.6915
      vertex -28.803 16.6294 22.2228
    endloop
  endfacet
  facet normal -0.777137 0.38323 0.499193
    outer loop
      vertex -33.1441 13.7287 17.6915
      vertex -30.7271 12.7276 22.2228
      vertex -28.803 16.6294 22.2228
    endloop
  endfacet
  facet normal -0.820506 0.278525 0.499193
    outer loop
      vertex -33.1441 13.7287 17.6915
      vertex -34.6525 9.28511 17.6915
      vertex -30.7271 12.7276 22.2228
    endloop
  endfacet
  facet normal -0.820506 0.278522 0.499196
    outer loop
      vertex -34.6525 9.28511 17.6915
      vertex -32.1255 8.60801 22.2228
      vertex -30.7271 12.7276 22.2228
    endloop
  endfacet
  facet normal -0.84984 0.169045 0.499196
    outer loop
      vertex -34.6525 9.28511 17.6915
      vertex -35.568 4.68262 17.6915
      vertex -32.1255 8.60801 22.2228
    endloop
  endfacet
  facet normal -0.849842 0.169057 0.499187
    outer loop
      vertex -35.568 4.68262 17.6915
      vertex -32.9743 4.34114 22.2228
      vertex -32.1255 8.60801 22.2228
    endloop
  endfacet
  facet normal -0.864639 0.0566687 0.499187
    outer loop
      vertex -35.568 4.68262 17.6915
      vertex -35.8749 -0 17.6915
      vertex -32.9743 4.34114 22.2228
    endloop
  endfacet
  facet normal -0.864638 0.0566647 0.49919
    outer loop
      vertex -35.8749 -0 17.6915
      vertex -33.2588 -0 22.2228
      vertex -32.9743 4.34114 22.2228
    endloop
  endfacet
  facet normal -0.864638 -0.0566686 0.49919
    outer loop
      vertex -35.8749 -0 17.6915
      vertex -35.568 -4.68262 17.6915
      vertex -33.2588 -0 22.2228
    endloop
  endfacet
  facet normal -0.86464 -0.0566648 0.499187
    outer loop
      vertex -35.568 -4.68262 17.6915
      vertex -32.9743 -4.34114 22.2228
      vertex -33.2588 -0 22.2228
    endloop
  endfacet
  facet normal -0.849844 -0.169046 0.499187
    outer loop
      vertex -35.568 -4.68262 17.6915
      vertex -34.6525 -9.28511 17.6915
      vertex -32.9743 -4.34114 22.2228
    endloop
  endfacet
  facet normal -0.849837 -0.169056 0.499196
    outer loop
      vertex -34.6525 -9.28511 17.6915
      vertex -32.1255 -8.60801 22.2228
      vertex -32.9743 -4.34114 22.2228
    endloop
  endfacet
  facet normal -0.820505 -0.278525 0.499195
    outer loop
      vertex -34.6525 -9.28511 17.6915
      vertex -33.1441 -13.7287 17.6915
      vertex -32.1255 -8.60801 22.2228
    endloop
  endfacet
  facet normal -0.820507 -0.278522 0.499193
    outer loop
      vertex -33.1441 -13.7287 17.6915
      vertex -30.7271 -12.7276 22.2228
      vertex -32.1255 -8.60801 22.2228
    endloop
  endfacet
  facet normal -0.777136 -0.383232 0.499192
    outer loop
      vertex -33.1441 -13.7287 17.6915
      vertex -31.0686 -17.9375 17.6915
      vertex -30.7271 -12.7276 22.2228
    endloop
  endfacet
  facet normal -0.777137 -0.383231 0.499191
    outer loop
      vertex -31.0686 -17.9375 17.6915
      vertex -28.803 -16.6294 22.2228
      vertex -30.7271 -12.7276 22.2228
    endloop
  endfacet
  facet normal -0.720461 -0.481397 0.499193
    outer loop
      vertex -31.0686 -17.9375 17.6915
      vertex -28.4615 -21.8393 17.6915
      vertex -28.803 -16.6294 22.2228
    endloop
  endfacet
  facet normal -0.720461 -0.481396 0.499192
    outer loop
      vertex -28.4615 -21.8393 17.6915
      vertex -26.386 -20.2467 22.2228
      vertex -28.803 -16.6294 22.2228
    endloop
  endfacet
  facet normal -0.651459 -0.571321 0.499192
    outer loop
      vertex -28.4615 -21.8393 17.6915
      vertex -25.3674 -25.3674 17.6915
      vertex -26.386 -20.2467 22.2228
    endloop
  endfacet
  facet normal -0.651452 -0.571325 0.499198
    outer loop
      vertex -25.3674 -25.3674 17.6915
      vertex -23.5175 -23.5175 22.2228
      vertex -26.386 -20.2467 22.2228
    endloop
  endfacet
  facet normal -0.571319 -0.651457 0.499198
    outer loop
      vertex -25.3674 -25.3674 17.6915
      vertex -21.8393 -28.4615 17.6915
      vertex -23.5175 -23.5175 22.2228
    endloop
  endfacet
  facet normal -0.571327 -0.651454 0.499192
    outer loop
      vertex -21.8393 -28.4615 17.6915
      vertex -20.2467 -26.386 22.2228
      vertex -23.5175 -23.5175 22.2228
    endloop
  endfacet
  facet normal -0.481397 -0.720461 0.499192
    outer loop
      vertex -21.8393 -28.4615 17.6915
      vertex -17.9375 -31.0686 17.6915
      vertex -20.2467 -26.386 22.2228
    endloop
  endfacet
  facet normal -0.481396 -0.720461 0.499193
    outer loop
      vertex -17.9375 -31.0686 17.6915
      vertex -16.6294 -28.803 22.2228
      vertex -20.2467 -26.386 22.2228
    endloop
  endfacet
  facet normal -0.383232 -0.777136 0.499191
    outer loop
      vertex -17.9375 -31.0686 17.6915
      vertex -13.7287 -33.1441 17.6915
      vertex -16.6294 -28.803 22.2228
    endloop
  endfacet
  facet normal -0.38323 -0.777137 0.499193
    outer loop
      vertex -13.7287 -33.1441 17.6915
      vertex -12.7276 -30.7271 22.2228
      vertex -16.6294 -28.803 22.2228
    endloop
  endfacet
  facet normal -0.278525 -0.820506 0.499193
    outer loop
      vertex -13.7287 -33.1441 17.6915
      vertex -9.28511 -34.6525 17.6915
      vertex -12.7276 -30.7271 22.2228
    endloop
  endfacet
  facet normal -0.278522 -0.820506 0.499196
    outer loop
      vertex -9.28511 -34.6525 17.6915
      vertex -8.60801 -32.1255 22.2228
      vertex -12.7276 -30.7271 22.2228
    endloop
  endfacet
  facet normal -0.169045 -0.84984 0.499196
    outer loop
      vertex -9.28511 -34.6525 17.6915
      vertex -4.68262 -35.568 17.6915
      vertex -8.60801 -32.1255 22.2228
    endloop
  endfacet
  facet normal -0.169057 -0.849842 0.499187
    outer loop
      vertex -4.68262 -35.568 17.6915
      vertex -4.34114 -32.9743 22.2228
      vertex -8.60801 -32.1255 22.2228
    endloop
  endfacet
  facet normal -0.0566687 -0.864639 0.499187
    outer loop
      vertex -4.68262 -35.568 17.6915
      vertex -0 -35.8749 17.6915
      vertex -4.34114 -32.9743 22.2228
    endloop
  endfacet
  facet normal -0.0566647 -0.864638 0.49919
    outer loop
      vertex -0 -35.8749 17.6915
      vertex -0 -33.2588 22.2228
      vertex -4.34114 -32.9743 22.2228
    endloop
  endfacet
  facet normal 0.0566686 -0.864638 0.49919
    outer loop
      vertex -0 -35.8749 17.6915
      vertex 4.68262 -35.568 17.6915
      vertex -0 -33.2588 22.2228
    endloop
  endfacet
  facet normal 0.0566648 -0.86464 0.499187
    outer loop
      vertex 4.68262 -35.568 17.6915
      vertex 4.34114 -32.9743 22.2228
      vertex -0 -33.2588 22.2228
    endloop
  endfacet
  facet normal 0.169046 -0.849844 0.499187
    outer loop
      vertex 4.68262 -35.568 17.6915
      vertex 9.28511 -34.6525 17.6915
      vertex 4.34114 -32.9743 22.2228
    endloop
  endfacet
  facet normal 0.169056 -0.849837 0.499196
    outer loop
      vertex 9.28511 -34.6525 17.6915
      vertex 8.60801 -32.1255 22.2228
      vertex 4.34114 -32.9743 22.2228
    endloop
  endfacet
  facet normal 0.278525 -0.820505 0.499195
    outer loop
      vertex 9.28511 -34.6525 17.6915
      vertex 13.7287 -33.1441 17.6915
      vertex 8.60801 -32.1255 22.2228
    endloop
  endfacet
  facet normal 0.278522 -0.820507 0.499193
    outer loop
      vertex 13.7287 -33.1441 17.6915
      vertex 12.7276 -30.7271 22.2228
      vertex 8.60801 -32.1255 22.2228
    endloop
  endfacet
  facet normal 0.383232 -0.777136 0.499192
    outer loop
      vertex 13.7287 -33.1441 17.6915
      vertex 17.9375 -31.0686 17.6915
      vertex 12.7276 -30.7271 22.2228
    endloop
  endfacet
  facet normal 0.383231 -0.777137 0.499191
    outer loop
      vertex 17.9375 -31.0686 17.6915
      vertex 16.6294 -28.803 22.2228
      vertex 12.7276 -30.7271 22.2228
    endloop
  endfacet
  facet normal 0.481397 -0.720461 0.499193
    outer loop
      vertex 17.9375 -31.0686 17.6915
      vertex 21.8393 -28.4615 17.6915
      vertex 16.6294 -28.803 22.2228
    endloop
  endfacet
  facet normal 0.481396 -0.720461 0.499192
    outer loop
      vertex 21.8393 -28.4615 17.6915
      vertex 20.2467 -26.386 22.2228
      vertex 16.6294 -28.803 22.2228
    endloop
  endfacet
  facet normal 0.571321 -0.651459 0.499192
    outer loop
      vertex 21.8393 -28.4615 17.6915
      vertex 25.3674 -25.3674 17.6915
      vertex 20.2467 -26.386 22.2228
    endloop
  endfacet
  facet normal 0.571325 -0.651452 0.499198
    outer loop
      vertex 25.3674 -25.3674 17.6915
      vertex 23.5175 -23.5175 22.2228
      vertex 20.2467 -26.386 22.2228
    endloop
  endfacet
  facet normal 0.651457 -0.571319 0.499198
    outer loop
      vertex 25.3674 -25.3674 17.6915
      vertex 28.4615 -21.8393 17.6915
      vertex 23.5175 -23.5175 22.2228
    endloop
  endfacet
  facet normal 0.651454 -0.571327 0.499192
    outer loop
      vertex 28.4615 -21.8393 17.6915
      vertex 26.386 -20.2467 22.2228
      vertex 23.5175 -23.5175 22.2228
    endloop
  endfacet
  facet normal 0.720461 -0.481397 0.499192
    outer loop
      vertex 28.4615 -21.8393 17.6915
      vertex 31.0686 -17.9375 17.6915
      vertex 26.386 -20.2467 22.2228
    endloop
  endfacet
  facet normal 0.720461 -0.481396 0.499193
    outer loop
      vertex 31.0686 -17.9375 17.6915
      vertex 28.803 -16.6294 22.2228
      vertex 26.386 -20.2467 22.2228
    endloop
  endfacet
  facet normal 0.777136 -0.383232 0.499191
    outer loop
      vertex 31.0686 -17.9375 17.6915
      vertex 33.1441 -13.7287 17.6915
      vertex 28.803 -16.6294 22.2228
    endloop
  endfacet
  facet normal 0.777137 -0.38323 0.499193
    outer loop
      vertex 33.1441 -13.7287 17.6915
      vertex 30.7271 -12.7276 22.2228
      vertex 28.803 -16.6294 22.2228
    endloop
  endfacet
  facet normal 0.820506 -0.278525 0.499193
    outer loop
      vertex 33.1441 -13.7287 17.6915
      vertex 34.6525 -9.28511 17.6915
      vertex 30.7271 -12.7276 22.2228
    endloop
  endfacet
  facet normal 0.820506 -0.278522 0.499196
    outer loop
      vertex 34.6525 -9.28511 17.6915
      vertex 32.1255 -8.60801 22.2228
      vertex 30.7271 -12.7276 22.2228
    endloop
  endfacet
  facet normal 0.84984 -0.169045 0.499196
    outer loop
      vertex 34.6525 -9.28511 17.6915
      vertex 35.568 -4.68262 17.6915
      vertex 32.1255 -8.60801 22.2228
    endloop
  endfacet
  facet normal 0.849842 -0.169057 0.499187
    outer loop
      vertex 35.568 -4.68262 17.6915
      vertex 32.9743 -4.34114 22.2228
      vertex 32.1255 -8.60801 22.2228
    endloop
  endfacet
  facet normal 0.864639 -0.0566687 0.499187
    outer loop
      vertex 35.568 -4.68262 17.6915
      vertex 35.8749 0 17.6915
      vertex 32.9743 -4.34114 22.2228
    endloop
  endfacet
  facet normal 0.864638 -0.0566647 0.49919
    outer loop
      vertex 35.8749 0 17.6915
      vertex 33.2588 0 22.2228
      vertex 32.9743 -4.34114 22.2228
    endloop
  endfacet
  facet normal 0.922189 0.0604351 0.381989
    outer loop
      vertex 37.8772 0 12.8576
      vertex 37.5532 4.94397 12.8576
      vertex 35.8749 0 17.6915
    endloop
  endfacet
  facet normal 0.922186 0.0604403 0.381994
    outer loop
      vertex 37.5532 4.94397 12.8576
      vertex 35.568 4.68262 17.6915
      vertex 35.8749 0 17.6915
    endloop
  endfacet
  facet normal 0.906407 0.180298 0.381994
    outer loop
      vertex 37.5532 4.94397 12.8576
      vertex 36.5866 9.80334 12.8576
      vertex 35.568 4.68262 17.6915
    endloop
  endfacet
  facet normal 0.906407 0.180297 0.381993
    outer loop
      vertex 36.5866 9.80334 12.8576
      vertex 34.6525 9.28511 17.6915
      vertex 35.568 4.68262 17.6915
    endloop
  endfacet
  facet normal 0.87512 0.297062 0.381993
    outer loop
      vertex 36.5866 9.80334 12.8576
      vertex 34.994 14.495 12.8576
      vertex 34.6525 9.28511 17.6915
    endloop
  endfacet
  facet normal 0.875119 0.297064 0.381994
    outer loop
      vertex 34.994 14.495 12.8576
      vertex 33.1441 13.7287 17.6915
      vertex 34.6525 9.28511 17.6915
    endloop
  endfacet
  facet normal 0.828853 0.408756 0.381995
    outer loop
      vertex 34.994 14.495 12.8576
      vertex 32.8026 18.9386 12.8576
      vertex 33.1441 13.7287 17.6915
    endloop
  endfacet
  facet normal 0.828868 0.408742 0.381979
    outer loop
      vertex 32.8026 18.9386 12.8576
      vertex 31.0686 17.9375 17.6915
      vertex 33.1441 13.7287 17.6915
    endloop
  endfacet
  facet normal 0.768423 0.513438 0.381979
    outer loop
      vertex 32.8026 18.9386 12.8576
      vertex 30.05 23.0582 12.8576
      vertex 31.0686 17.9375 17.6915
    endloop
  endfacet
  facet normal 0.768419 0.513441 0.381983
    outer loop
      vertex 30.05 23.0582 12.8576
      vertex 28.4615 21.8393 17.6915
      vertex 31.0686 17.9375 17.6915
    endloop
  endfacet
  facet normal 0.694822 0.609354 0.381983
    outer loop
      vertex 30.05 23.0582 12.8576
      vertex 26.7832 26.7832 12.8576
      vertex 28.4615 21.8393 17.6915
    endloop
  endfacet
  facet normal 0.694824 0.609352 0.38198
    outer loop
      vertex 26.7832 26.7832 12.8576
      vertex 25.3674 25.3674 17.6915
      vertex 28.4615 21.8393 17.6915
    endloop
  endfacet
  facet normal 0.609355 0.694822 0.38198
    outer loop
      vertex 26.7832 26.7832 12.8576
      vertex 23.0582 30.05 12.8576
      vertex 25.3674 25.3674 17.6915
    endloop
  endfacet
  facet normal 0.609352 0.694824 0.381983
    outer loop
      vertex 23.0582 30.05 12.8576
      vertex 21.8393 28.4615 17.6915
      vertex 25.3674 25.3674 17.6915
    endloop
  endfacet
  facet normal 0.513437 0.768421 0.381983
    outer loop
      vertex 23.0582 30.05 12.8576
      vertex 18.9386 32.8026 12.8576
      vertex 21.8393 28.4615 17.6915
    endloop
  endfacet
  facet normal 0.513442 0.76842 0.381979
    outer loop
      vertex 18.9386 32.8026 12.8576
      vertex 17.9375 31.0686 17.6915
      vertex 21.8393 28.4615 17.6915
    endloop
  endfacet
  facet normal 0.408759 0.828859 0.381979
    outer loop
      vertex 18.9386 32.8026 12.8576
      vertex 14.495 34.994 12.8576
      vertex 17.9375 31.0686 17.6915
    endloop
  endfacet
  facet normal 0.408739 0.828862 0.381996
    outer loop
      vertex 14.495 34.994 12.8576
      vertex 13.7287 33.1441 17.6915
      vertex 17.9375 31.0686 17.6915
    endloop
  endfacet
  facet normal 0.297062 0.87512 0.381994
    outer loop
      vertex 14.495 34.994 12.8576
      vertex 9.80334 36.5866 12.8576
      vertex 13.7287 33.1441 17.6915
    endloop
  endfacet
  facet normal 0.297064 0.87512 0.381993
    outer loop
      vertex 9.80334 36.5866 12.8576
      vertex 9.28511 34.6525 17.6915
      vertex 13.7287 33.1441 17.6915
    endloop
  endfacet
  facet normal 0.180298 0.906407 0.381993
    outer loop
      vertex 9.80334 36.5866 12.8576
      vertex 4.94397 37.5532 12.8576
      vertex 9.28511 34.6525 17.6915
    endloop
  endfacet
  facet normal 0.180297 0.906407 0.381994
    outer loop
      vertex 4.94397 37.5532 12.8576
      vertex 4.68262 35.568 17.6915
      vertex 9.28511 34.6525 17.6915
    endloop
  endfacet
  facet normal 0.0604349 0.922187 0.381994
    outer loop
      vertex 4.94397 37.5532 12.8576
      vertex 0 37.8772 12.8576
      vertex 4.68262 35.568 17.6915
    endloop
  endfacet
  facet normal 0.0604404 0.922188 0.381989
    outer loop
      vertex 0 37.8772 12.8576
      vertex 0 35.8749 17.6915
      vertex 4.68262 35.568 17.6915
    endloop
  endfacet
  facet normal -0.0604351 0.922189 0.381989
    outer loop
      vertex 0 37.8772 12.8576
      vertex -4.94397 37.5532 12.8576
      vertex 0 35.8749 17.6915
    endloop
  endfacet
  facet normal -0.0604403 0.922186 0.381994
    outer loop
      vertex -4.94397 37.5532 12.8576
      vertex -4.68262 35.568 17.6915
      vertex 0 35.8749 17.6915
    endloop
  endfacet
  facet normal -0.180298 0.906407 0.381994
    outer loop
      vertex -4.94397 37.5532 12.8576
      vertex -9.80334 36.5866 12.8576
      vertex -4.68262 35.568 17.6915
    endloop
  endfacet
  facet normal -0.180297 0.906407 0.381993
    outer loop
      vertex -9.80334 36.5866 12.8576
      vertex -9.28511 34.6525 17.6915
      vertex -4.68262 35.568 17.6915
    endloop
  endfacet
  facet normal -0.297062 0.87512 0.381993
    outer loop
      vertex -9.80334 36.5866 12.8576
      vertex -14.495 34.994 12.8576
      vertex -9.28511 34.6525 17.6915
    endloop
  endfacet
  facet normal -0.297064 0.875119 0.381994
    outer loop
      vertex -14.495 34.994 12.8576
      vertex -13.7287 33.1441 17.6915
      vertex -9.28511 34.6525 17.6915
    endloop
  endfacet
  facet normal -0.408756 0.828853 0.381995
    outer loop
      vertex -14.495 34.994 12.8576
      vertex -18.9386 32.8026 12.8576
      vertex -13.7287 33.1441 17.6915
    endloop
  endfacet
  facet normal -0.408742 0.828868 0.381979
    outer loop
      vertex -18.9386 32.8026 12.8576
      vertex -17.9375 31.0686 17.6915
      vertex -13.7287 33.1441 17.6915
    endloop
  endfacet
  facet normal -0.513438 0.768423 0.381979
    outer loop
      vertex -18.9386 32.8026 12.8576
      vertex -23.0582 30.05 12.8576
      vertex -17.9375 31.0686 17.6915
    endloop
  endfacet
  facet normal -0.513441 0.768419 0.381983
    outer loop
      vertex -23.0582 30.05 12.8576
      vertex -21.8393 28.4615 17.6915
      vertex -17.9375 31.0686 17.6915
    endloop
  endfacet
  facet normal -0.609354 0.694822 0.381983
    outer loop
      vertex -23.0582 30.05 12.8576
      vertex -26.7832 26.7832 12.8576
      vertex -21.8393 28.4615 17.6915
    endloop
  endfacet
  facet normal -0.609352 0.694824 0.38198
    outer loop
      vertex -26.7832 26.7832 12.8576
      vertex -25.3674 25.3674 17.6915
      vertex -21.8393 28.4615 17.6915
    endloop
  endfacet
  facet normal -0.694822 0.609355 0.38198
    outer loop
      vertex -26.7832 26.7832 12.8576
      vertex -30.05 23.0582 12.8576
      vertex -25.3674 25.3674 17.6915
    endloop
  endfacet
  facet normal -0.694824 0.609352 0.381983
    outer loop
      vertex -30.05 23.0582 12.8576
      vertex -28.4615 21.8393 17.6915
      vertex -25.3674 25.3674 17.6915
    endloop
  endfacet
  facet normal -0.768421 0.513437 0.381983
    outer loop
      vertex -30.05 23.0582 12.8576
      vertex -32.8026 18.9386 12.8576
      vertex -28.4615 21.8393 17.6915
    endloop
  endfacet
  facet normal -0.76842 0.513442 0.381979
    outer loop
      vertex -32.8026 18.9386 12.8576
      vertex -31.0686 17.9375 17.6915
      vertex -28.4615 21.8393 17.6915
    endloop
  endfacet
  facet normal -0.828859 0.408759 0.381979
    outer loop
      vertex -32.8026 18.9386 12.8576
      vertex -34.994 14.495 12.8576
      vertex -31.0686 17.9375 17.6915
    endloop
  endfacet
  facet normal -0.828862 0.408739 0.381996
    outer loop
      vertex -34.994 14.495 12.8576
      vertex -33.1441 13.7287 17.6915
      vertex -31.0686 17.9375 17.6915
    endloop
  endfacet
  facet normal -0.87512 0.297062 0.381994
    outer loop
      vertex -34.994 14.495 12.8576
      vertex -36.5866 9.80334 12.8576
      vertex -33.1441 13.7287 17.6915
    endloop
  endfacet
  facet normal -0.87512 0.297064 0.381993
    outer loop
      vertex -36.5866 9.80334 12.8576
      vertex -34.6525 9.28511 17.6915
      vertex -33.1441 13.7287 17.6915
    endloop
  endfacet
  facet normal -0.906407 0.180298 0.381993
    outer loop
      vertex -36.5866 9.80334 12.8576
      vertex -37.5532 4.94397 12.8576
      vertex -34.6525 9.28511 17.6915
    endloop
  endfacet
  facet normal -0.906407 0.180297 0.381994
    outer loop
      vertex -37.5532 4.94397 12.8576
      vertex -35.568 4.68262 17.6915
      vertex -34.6525 9.28511 17.6915
    endloop
  endfacet
  facet normal -0.922187 0.0604349 0.381994
    outer loop
      vertex -37.5532 4.94397 12.8576
      vertex -37.8772 -0 12.8576
      vertex -35.568 4.68262 17.6915
    endloop
  endfacet
  facet normal -0.922188 0.0604404 0.381989
    outer loop
      vertex -37.8772 -0 12.8576
      vertex -35.8749 -0 17.6915
      vertex -35.568 4.68262 17.6915
    endloop
  endfacet
  facet normal -0.922189 -0.0604351 0.381989
    outer loop
      vertex -37.8772 -0 12.8576
      vertex -37.5532 -4.94397 12.8576
      vertex -35.8749 -0 17.6915
    endloop
  endfacet
  facet normal -0.922186 -0.0604403 0.381994
    outer loop
      vertex -37.5532 -4.94397 12.8576
      vertex -35.568 -4.68262 17.6915
      vertex -35.8749 -0 17.6915
    endloop
  endfacet
  facet normal -0.906407 -0.180298 0.381994
    outer loop
      vertex -37.5532 -4.94397 12.8576
      vertex -36.5866 -9.80334 12.8576
      vertex -35.568 -4.68262 17.6915
    endloop
  endfacet
  facet normal -0.906407 -0.180297 0.381993
    outer loop
      vertex -36.5866 -9.80334 12.8576
      vertex -34.6525 -9.28511 17.6915
      vertex -35.568 -4.68262 17.6915
    endloop
  endfacet
  facet normal -0.87512 -0.297062 0.381993
    outer loop
      vertex -36.5866 -9.80334 12.8576
      vertex -34.994 -14.495 12.8576
      vertex -34.6525 -9.28511 17.6915
    endloop
  endfacet
  facet normal -0.875119 -0.297064 0.381994
    outer loop
      vertex -34.994 -14.495 12.8576
      vertex -33.1441 -13.7287 17.6915
      vertex -34.6525 -9.28511 17.6915
    endloop
  endfacet
  facet normal -0.828853 -0.408756 0.381995
    outer loop
      vertex -34.994 -14.495 12.8576
      vertex -32.8026 -18.9386 12.8576
      vertex -33.1441 -13.7287 17.6915
    endloop
  endfacet
  facet normal -0.828868 -0.408742 0.381979
    outer loop
      vertex -32.8026 -18.9386 12.8576
      vertex -31.0686 -17.9375 17.6915
      vertex -33.1441 -13.7287 17.6915
    endloop
  endfacet
  facet normal -0.768423 -0.513438 0.381979
    outer loop
      vertex -32.8026 -18.9386 12.8576
      vertex -30.05 -23.0582 12.8576
      vertex -31.0686 -17.9375 17.6915
    endloop
  endfacet
  facet normal -0.768419 -0.513441 0.381983
    outer loop
      vertex -30.05 -23.0582 12.8576
      vertex -28.4615 -21.8393 17.6915
      vertex -31.0686 -17.9375 17.6915
    endloop
  endfacet
  facet normal -0.694822 -0.609354 0.381983
    outer loop
      vertex -30.05 -23.0582 12.8576
      vertex -26.7832 -26.7832 12.8576
      vertex -28.4615 -21.8393 17.6915
    endloop
  endfacet
  facet normal -0.694824 -0.609352 0.38198
    outer loop
      vertex -26.7832 -26.7832 12.8576
      vertex -25.3674 -25.3674 17.6915
      vertex -28.4615 -21.8393 17.6915
    endloop
  endfacet
  facet normal -0.609355 -0.694822 0.38198
    outer loop
      vertex -26.7832 -26.7832 12.8576
      vertex -23.0582 -30.05 12.8576
      vertex -25.3674 -25.3674 17.6915
    endloop
  endfacet
  facet normal -0.609352 -0.694824 0.381983
    outer loop
      vertex -23.0582 -30.05 12.8576
      vertex -21.8393 -28.4615 17.6915
      vertex -25.3674 -25.3674 17.6915
    endloop
  endfacet
  facet normal -0.513437 -0.768421 0.381983
    outer loop
      vertex -23.0582 -30.05 12.8576
      vertex -18.9386 -32.8026 12.8576
      vertex -21.8393 -28.4615 17.6915
    endloop
  endfacet
  facet normal -0.513442 -0.76842 0.381979
    outer loop
      vertex -18.9386 -32.8026 12.8576
      vertex -17.9375 -31.0686 17.6915
      vertex -21.8393 -28.4615 17.6915
    endloop
  endfacet
  facet normal -0.408759 -0.828859 0.381979
    outer loop
      vertex -18.9386 -32.8026 12.8576
      vertex -14.495 -34.994 12.8576
      vertex -17.9375 -31.0686 17.6915
    endloop
  endfacet
  facet normal -0.408739 -0.828862 0.381996
    outer loop
      vertex -14.495 -34.994 12.8576
      vertex -13.7287 -33.1441 17.6915
      vertex -17.9375 -31.0686 17.6915
    endloop
  endfacet
  facet normal -0.297062 -0.87512 0.381994
    outer loop
      vertex -14.495 -34.994 12.8576
      vertex -9.80334 -36.5866 12.8576
      vertex -13.7287 -33.1441 17.6915
    endloop
  endfacet
  facet normal -0.297064 -0.87512 0.381993
    outer loop
      vertex -9.80334 -36.5866 12.8576
      vertex -9.28511 -34.6525 17.6915
      vertex -13.7287 -33.1441 17.6915
    endloop
  endfacet
  facet normal -0.180298 -0.906407 0.381993
    outer loop
      vertex -9.80334 -36.5866 12.8576
      vertex -4.94397 -37.5532 12.8576
      vertex -9.28511 -34.6525 17.6915
    endloop
  endfacet
  facet normal -0.180297 -0.906407 0.381994
    outer loop
      vertex -4.94397 -37.5532 12.8576
      vertex -4.68262 -35.568 17.6915
      vertex -9.28511 -34.6525 17.6915
    endloop
  endfacet
  facet normal -0.0604349 -0.922187 0.381994
    outer loop
      vertex -4.94397 -37.5532 12.8576
      vertex -0 -37.8772 12.8576
      vertex -4.68262 -35.568 17.6915
    endloop
  endfacet
  facet normal -0.0604404 -0.922188 0.381989
    outer loop
      vertex -0 -37.8772 12.8576
      vertex -0 -35.8749 17.6915
      vertex -4.68262 -35.568 17.6915
    endloop
  endfacet
  facet normal 0.0604351 -0.922189 0.381989
    outer loop
      vertex -0 -37.8772 12.8576
      vertex 4.94397 -37.5532 12.8576
      vertex -0 -35.8749 17.6915
    endloop
  endfacet
  facet normal 0.0604403 -0.922186 0.381994
    outer loop
      vertex 4.94397 -37.5532 12.8576
      vertex 4.68262 -35.568 17.6915
      vertex -0 -35.8749 17.6915
    endloop
  endfacet
  facet normal 0.180298 -0.906407 0.381994
    outer loop
      vertex 4.94397 -37.5532 12.8576
      vertex 9.80334 -36.5866 12.8576
      vertex 4.68262 -35.568 17.6915
    endloop
  endfacet
  facet normal 0.180297 -0.906407 0.381993
    outer loop
      vertex 9.80334 -36.5866 12.8576
      vertex 9.28511 -34.6525 17.6915
      vertex 4.68262 -35.568 17.6915
    endloop
  endfacet
  facet normal 0.297062 -0.87512 0.381993
    outer loop
      vertex 9.80334 -36.5866 12.8576
      vertex 14.495 -34.994 12.8576
      vertex 9.28511 -34.6525 17.6915
    endloop
  endfacet
  facet normal 0.297064 -0.875119 0.381994
    outer loop
      vertex 14.495 -34.994 12.8576
      vertex 13.7287 -33.1441 17.6915
      vertex 9.28511 -34.6525 17.6915
    endloop
  endfacet
  facet normal 0.408756 -0.828853 0.381995
    outer loop
      vertex 14.495 -34.994 12.8576
      vertex 18.9386 -32.8026 12.8576
      vertex 13.7287 -33.1441 17.6915
    endloop
  endfacet
  facet normal 0.408742 -0.828868 0.381979
    outer loop
      vertex 18.9386 -32.8026 12.8576
      vertex 17.9375 -31.0686 17.6915
      vertex 13.7287 -33.1441 17.6915
    endloop
  endfacet
  facet normal 0.513438 -0.768423 0.381979
    outer loop
      vertex 18.9386 -32.8026 12.8576
      vertex 23.0582 -30.05 12.8576
      vertex 17.9375 -31.0686 17.6915
    endloop
  endfacet
  facet normal 0.513441 -0.768419 0.381983
    outer loop
      vertex 23.0582 -30.05 12.8576
      vertex 21.8393 -28.4615 17.6915
      vertex 17.9375 -31.0686 17.6915
    endloop
  endfacet
  facet normal 0.609354 -0.694822 0.381983
    outer loop
      vertex 23.0582 -30.05 12.8576
      vertex 26.7832 -26.7832 12.8576
      vertex 21.8393 -28.4615 17.6915
    endloop
  endfacet
  facet normal 0.609352 -0.694824 0.38198
    outer loop
      vertex 26.7832 -26.7832 12.8576
      vertex 25.3674 -25.3674 17.6915
      vertex 21.8393 -28.4615 17.6915
    endloop
  endfacet
  facet normal 0.694822 -0.609355 0.38198
    outer loop
      vertex 26.7832 -26.7832 12.8576
      vertex 30.05 -23.0582 12.8576
      vertex 25.3674 -25.3674 17.6915
    endloop
  endfacet
  facet normal 0.694824 -0.609352 0.381983
    outer loop
      vertex 30.05 -23.0582 12.8576
      vertex 28.4615 -21.8393 17.6915
      vertex 25.3674 -25.3674 17.6915
    endloop
  endfacet
  facet normal 0.768421 -0.513437 0.381983
    outer loop
      vertex 30.05 -23.0582 12.8576
      vertex 32.8026 -18.9386 12.8576
      vertex 28.4615 -21.8393 17.6915
    endloop
  endfacet
  facet normal 0.76842 -0.513442 0.381979
    outer loop
      vertex 32.8026 -18.9386 12.8576
      vertex 31.0686 -17.9375 17.6915
      vertex 28.4615 -21.8393 17.6915
    endloop
  endfacet
  facet normal 0.828859 -0.408759 0.381979
    outer loop
      vertex 32.8026 -18.9386 12.8576
      vertex 34.994 -14.495 12.8576
      vertex 31.0686 -17.9375 17.6915
    endloop
  endfacet
  facet normal 0.828862 -0.408739 0.381996
    outer loop
      vertex 34.994 -14.495 12.8576
      vertex 33.1441 -13.7287 17.6915
      vertex 31.0686 -17.9375 17.6915
    endloop
  endfacet
  facet normal 0.87512 -0.297062 0.381994
    outer loop
      vertex 34.994 -14.495 12.8576
      vertex 36.5866 -9.80334 12.8576
      vertex 33.1441 -13.7287 17.6915
    endloop
  endfacet
  facet normal 0.87512 -0.297064 0.381993
    outer loop
      vertex 36.5866 -9.80334 12.8576
      vertex 34.6525 -9.28511 17.6915
      vertex 33.1441 -13.7287 17.6915
    endloop
  endfacet
  facet normal 0.906407 -0.180298 0.381993
    outer loop
      vertex 36.5866 -9.80334 12.8576
      vertex 37.5532 -4.94397 12.8576
      vertex 34.6525 -9.28511 17.6915
    endloop
  endfacet
  facet normal 0.906407 -0.180297 0.381994
    outer loop
      vertex 37.5532 -4.94397 12.8576
      vertex 35.568 -4.68262 17.6915
      vertex 34.6525 -9.28511 17.6915
    endloop
  endfacet
  facet normal 0.922187 -0.0604349 0.381994
    outer loop
      vertex 37.5532 -4.94397 12.8576
      vertex 37.8772 0 12.8576
      vertex 35.568 -4.68262 17.6915
    endloop
  endfacet
  facet normal 0.922188 -0.0604404 0.381989
    outer loop
      vertex 37.8772 0 12.8576
      vertex 35.8749 0 17.6915
      vertex 35.568 -4.68262 17.6915
    endloop
  endfacet
  facet normal 0.963997 0.063178 0.2583
    outer loop
      vertex 39.2314 0 7.80361
      vertex 38.8958 5.12073 7.80361
      vertex 37.8772 0 12.8576
    endloop
  endfacet
  facet normal 0.963998 0.063175 0.258297
    outer loop
      vertex 38.8958 5.12073 7.80361
      vertex 37.5532 4.94397 12.8576
      vertex 37.8772 0 12.8576
    endloop
  endfacet
  facet normal 0.947501 0.188481 0.258297
    outer loop
      vertex 38.8958 5.12073 7.80361
      vertex 37.8946 10.1538 7.80361
      vertex 37.5532 4.94397 12.8576
    endloop
  endfacet
  facet normal 0.947505 0.188473 0.258289
    outer loop
      vertex 37.8946 10.1538 7.80361
      vertex 36.5866 9.80334 12.8576
      vertex 37.5532 4.94397 12.8576
    endloop
  endfacet
  facet normal 0.914801 0.310525 0.258288
    outer loop
      vertex 37.8946 10.1538 7.80361
      vertex 36.2451 15.0132 7.80361
      vertex 36.5866 9.80334 12.8576
    endloop
  endfacet
  facet normal 0.914797 0.310531 0.258295
    outer loop
      vertex 36.2451 15.0132 7.80361
      vertex 34.994 14.495 12.8576
      vertex 36.5866 9.80334 12.8576
    endloop
  endfacet
  facet normal 0.866439 0.42728 0.258294
    outer loop
      vertex 36.2451 15.0132 7.80361
      vertex 33.9754 19.6157 7.80361
      vertex 34.994 14.495 12.8576
    endloop
  endfacet
  facet normal 0.866432 0.427288 0.258304
    outer loop
      vertex 33.9754 19.6157 7.80361
      vertex 32.8026 18.9386 12.8576
      vertex 34.994 14.495 12.8576
    endloop
  endfacet
  facet normal 0.803257 0.53671 0.258304
    outer loop
      vertex 33.9754 19.6157 7.80361
      vertex 31.1244 23.8826 7.80361
      vertex 32.8026 18.9386 12.8576
    endloop
  endfacet
  facet normal 0.803254 0.536712 0.258307
    outer loop
      vertex 31.1244 23.8826 7.80361
      vertex 30.05 23.0582 12.8576
      vertex 32.8026 18.9386 12.8576
    endloop
  endfacet
  facet normal 0.72632 0.636975 0.258307
    outer loop
      vertex 31.1244 23.8826 7.80361
      vertex 27.7408 27.7408 7.80361
      vertex 30.05 23.0582 12.8576
    endloop
  endfacet
  facet normal 0.726318 0.636976 0.258309
    outer loop
      vertex 27.7408 27.7408 7.80361
      vertex 26.7832 26.7832 12.8576
      vertex 30.05 23.0582 12.8576
    endloop
  endfacet
  facet normal 0.636974 0.72632 0.258309
    outer loop
      vertex 27.7408 27.7408 7.80361
      vertex 23.8826 31.1244 7.80361
      vertex 26.7832 26.7832 12.8576
    endloop
  endfacet
  facet normal 0.636976 0.726319 0.258307
    outer loop
      vertex 23.8826 31.1244 7.80361
      vertex 23.0582 30.05 12.8576
      vertex 26.7832 26.7832 12.8576
    endloop
  endfacet
  facet normal 0.536709 0.803256 0.258307
    outer loop
      vertex 23.8826 31.1244 7.80361
      vertex 19.6157 33.9754 7.80361
      vertex 23.0582 30.05 12.8576
    endloop
  endfacet
  facet normal 0.536712 0.803255 0.258304
    outer loop
      vertex 19.6157 33.9754 7.80361
      vertex 18.9386 32.8026 12.8576
      vertex 23.0582 30.05 12.8576
    endloop
  endfacet
  facet normal 0.427279 0.866436 0.258304
    outer loop
      vertex 19.6157 33.9754 7.80361
      vertex 15.0132 36.2451 7.80361
      vertex 18.9386 32.8026 12.8576
    endloop
  endfacet
  facet normal 0.427289 0.866434 0.258294
    outer loop
      vertex 15.0132 36.2451 7.80361
      vertex 14.495 34.994 12.8576
      vertex 18.9386 32.8026 12.8576
    endloop
  endfacet
  facet normal 0.310524 0.9148 0.258295
    outer loop
      vertex 15.0132 36.2451 7.80361
      vertex 10.1538 37.8946 7.80361
      vertex 14.495 34.994 12.8576
    endloop
  endfacet
  facet normal 0.310532 0.914799 0.258288
    outer loop
      vertex 10.1538 37.8946 7.80361
      vertex 9.80334 36.5866 12.8576
      vertex 14.495 34.994 12.8576
    endloop
  endfacet
  facet normal 0.188481 0.947503 0.258289
    outer loop
      vertex 10.1538 37.8946 7.80361
      vertex 5.12073 38.8958 7.80361
      vertex 9.80334 36.5866 12.8576
    endloop
  endfacet
  facet normal 0.188472 0.947502 0.258297
    outer loop
      vertex 5.12073 38.8958 7.80361
      vertex 4.94397 37.5532 12.8576
      vertex 9.80334 36.5866 12.8576
    endloop
  endfacet
  facet normal 0.063178 0.963998 0.258297
    outer loop
      vertex 5.12073 38.8958 7.80361
      vertex 0 39.2314 7.80361
      vertex 4.94397 37.5532 12.8576
    endloop
  endfacet
  facet normal 0.0631749 0.963997 0.2583
    outer loop
      vertex 0 39.2314 7.80361
      vertex 0 37.8772 12.8576
      vertex 4.94397 37.5532 12.8576
    endloop
  endfacet
  facet normal -0.063178 0.963997 0.2583
    outer loop
      vertex 0 39.2314 7.80361
      vertex -5.12073 38.8958 7.80361
      vertex 0 37.8772 12.8576
    endloop
  endfacet
  facet normal -0.063175 0.963998 0.258297
    outer loop
      vertex -5.12073 38.8958 7.80361
      vertex -4.94397 37.5532 12.8576
      vertex 0 37.8772 12.8576
    endloop
  endfacet
  facet normal -0.188481 0.947501 0.258297
    outer loop
      vertex -5.12073 38.8958 7.80361
      vertex -10.1538 37.8946 7.80361
      vertex -4.94397 37.5532 12.8576
    endloop
  endfacet
  facet normal -0.188473 0.947505 0.258289
    outer loop
      vertex -10.1538 37.8946 7.80361
      vertex -9.80334 36.5866 12.8576
      vertex -4.94397 37.5532 12.8576
    endloop
  endfacet
  facet normal -0.310525 0.914801 0.258288
    outer loop
      vertex -10.1538 37.8946 7.80361
      vertex -15.0132 36.2451 7.80361
      vertex -9.80334 36.5866 12.8576
    endloop
  endfacet
  facet normal -0.310531 0.914797 0.258295
    outer loop
      vertex -15.0132 36.2451 7.80361
      vertex -14.495 34.994 12.8576
      vertex -9.80334 36.5866 12.8576
    endloop
  endfacet
  facet normal -0.42728 0.866439 0.258294
    outer loop
      vertex -15.0132 36.2451 7.80361
      vertex -19.6157 33.9754 7.80361
      vertex -14.495 34.994 12.8576
    endloop
  endfacet
  facet normal -0.427288 0.866432 0.258304
    outer loop
      vertex -19.6157 33.9754 7.80361
      vertex -18.9386 32.8026 12.8576
      vertex -14.495 34.994 12.8576
    endloop
  endfacet
  facet normal -0.53671 0.803257 0.258304
    outer loop
      vertex -19.6157 33.9754 7.80361
      vertex -23.8826 31.1244 7.80361
      vertex -18.9386 32.8026 12.8576
    endloop
  endfacet
  facet normal -0.536712 0.803254 0.258307
    outer loop
      vertex -23.8826 31.1244 7.80361
      vertex -23.0582 30.05 12.8576
      vertex -18.9386 32.8026 12.8576
    endloop
  endfacet
  facet normal -0.636975 0.72632 0.258307
    outer loop
      vertex -23.8826 31.1244 7.80361
      vertex -27.7408 27.7408 7.80361
      vertex -23.0582 30.05 12.8576
    endloop
  endfacet
  facet normal -0.636976 0.726318 0.258309
    outer loop
      vertex -27.7408 27.7408 7.80361
      vertex -26.7832 26.7832 12.8576
      vertex -23.0582 30.05 12.8576
    endloop
  endfacet
  facet normal -0.72632 0.636974 0.258309
    outer loop
      vertex -27.7408 27.7408 7.80361
      vertex -31.1244 23.8826 7.80361
      vertex -26.7832 26.7832 12.8576
    endloop
  endfacet
  facet normal -0.726319 0.636976 0.258307
    outer loop
      vertex -31.1244 23.8826 7.80361
      vertex -30.05 23.0582 12.8576
      vertex -26.7832 26.7832 12.8576
    endloop
  endfacet
  facet normal -0.803256 0.536709 0.258307
    outer loop
      vertex -31.1244 23.8826 7.80361
      vertex -33.9754 19.6157 7.80361
      vertex -30.05 23.0582 12.8576
    endloop
  endfacet
  facet normal -0.803255 0.536712 0.258304
    outer loop
      vertex -33.9754 19.6157 7.80361
      vertex -32.8026 18.9386 12.8576
      vertex -30.05 23.0582 12.8576
    endloop
  endfacet
  facet normal -0.866436 0.427279 0.258304
    outer loop
      vertex -33.9754 19.6157 7.80361
      vertex -36.2451 15.0132 7.80361
      vertex -32.8026 18.9386 12.8576
    endloop
  endfacet
  facet normal -0.866434 0.427289 0.258294
    outer loop
      vertex -36.2451 15.0132 7.80361
      vertex -34.994 14.495 12.8576
      vertex -32.8026 18.9386 12.8576
    endloop
  endfacet
  facet normal -0.9148 0.310524 0.258295
    outer loop
      vertex -36.2451 15.0132 7.80361
      vertex -37.8946 10.1538 7.80361
      vertex -34.994 14.495 12.8576
    endloop
  endfacet
  facet normal -0.914799 0.310532 0.258288
    outer loop
      vertex -37.8946 10.1538 7.80361
      vertex -36.5866 9.80334 12.8576
      vertex -34.994 14.495 12.8576
    endloop
  endfacet
  facet normal -0.947503 0.188481 0.258289
    outer loop
      vertex -37.8946 10.1538 7.80361
      vertex -38.8958 5.12073 7.80361
      vertex -36.5866 9.80334 12.8576
    endloop
  endfacet
  facet normal -0.947502 0.188472 0.258297
    outer loop
      vertex -38.8958 5.12073 7.80361
      vertex -37.5532 4.94397 12.8576
      vertex -36.5866 9.80334 12.8576
    endloop
  endfacet
  facet normal -0.963998 0.063178 0.258297
    outer loop
      vertex -38.8958 5.12073 7.80361
      vertex -39.2314 -0 7.80361
      vertex -37.5532 4.94397 12.8576
    endloop
  endfacet
  facet normal -0.963997 0.0631749 0.2583
    outer loop
      vertex -39.2314 -0 7.80361
      vertex -37.8772 -0 12.8576
      vertex -37.5532 4.94397 12.8576
    endloop
  endfacet
  facet normal -0.963997 -0.063178 0.2583
    outer loop
      vertex -39.2314 -0 7.80361
      vertex -38.8958 -5.12073 7.80361
      vertex -37.8772 -0 12.8576
    endloop
  endfacet
  facet normal -0.963998 -0.063175 0.258297
    outer loop
      vertex -38.8958 -5.12073 7.80361
      vertex -37.5532 -4.94397 12.8576
      vertex -37.8772 -0 12.8576
    endloop
  endfacet
  facet normal -0.947501 -0.188481 0.258297
    outer loop
      vertex -38.8958 -5.12073 7.80361
      vertex -37.8946 -10.1538 7.80361
      vertex -37.5532 -4.94397 12.8576
    endloop
  endfacet
  facet normal -0.947505 -0.188473 0.258289
    outer loop
      vertex -37.8946 -10.1538 7.80361
      vertex -36.5866 -9.80334 12.8576
      vertex -37.5532 -4.94397 12.8576
    endloop
  endfacet
  facet normal -0.914801 -0.310525 0.258288
    outer loop
      vertex -37.8946 -10.1538 7.80361
      vertex -36.2451 -15.0132 7.80361
      vertex -36.5866 -9.80334 12.8576
    endloop
  endfacet
  facet normal -0.914797 -0.310531 0.258295
    outer loop
      vertex -36.2451 -15.0132 7.80361
      vertex -34.994 -14.495 12.8576
      vertex -36.5866 -9.80334 12.8576
    endloop
  endfacet
  facet normal -0.866439 -0.42728 0.258294
    outer loop
      vertex -36.2451 -15.0132 7.80361
      vertex -33.9754 -19.6157 7.80361
      vertex -34.994 -14.495 12.8576
    endloop
  endfacet
  facet normal -0.866432 -0.427288 0.258304
    outer loop
      vertex -33.9754 -19.6157 7.80361
      vertex -32.8026 -18.9386 12.8576
      vertex -34.994 -14.495 12.8576
    endloop
  endfacet
  facet normal -0.803257 -0.53671 0.258304
    outer loop
      vertex -33.9754 -19.6157 7.80361
      vertex -31.1244 -23.8826 7.80361
      vertex -32.8026 -18.9386 12.8576
    endloop
  endfacet
  facet normal -0.803254 -0.536712 0.258307
    outer loop
      vertex -31.1244 -23.8826 7.80361
      vertex -30.05 -23.0582 12.8576
      vertex -32.8026 -18.9386 12.8576
    endloop
  endfacet
  facet normal -0.72632 -0.636975 0.258307
    outer loop
      vertex -31.1244 -23.8826 7.80361
      vertex -27.7408 -27.7408 7.80361
      vertex -30.05 -23.0582 12.8576
    endloop
  endfacet
  facet normal -0.726318 -0.636976 0.258309
    outer loop
      vertex -27.7408 -27.7408 7.80361
      vertex -26.7832 -26.7832 12.8576
      vertex -30.05 -23.0582 12.8576
    endloop
  endfacet
  facet normal -0.636974 -0.72632 0.258309
    outer loop
      vertex -27.7408 -27.7408 7.80361
      vertex -23.8826 -31.1244 7.80361
      vertex -26.7832 -26.7832 12.8576
    endloop
  endfacet
  facet normal -0.636976 -0.726319 0.258307
    outer loop
      vertex -23.8826 -31.1244 7.80361
      vertex -23.0582 -30.05 12.8576
      vertex -26.7832 -26.7832 12.8576
    endloop
  endfacet
  facet normal -0.536709 -0.803256 0.258307
    outer loop
      vertex -23.8826 -31.1244 7.80361
      vertex -19.6157 -33.9754 7.80361
      vertex -23.0582 -30.05 12.8576
    endloop
  endfacet
  facet normal -0.536712 -0.803255 0.258304
    outer loop
      vertex -19.6157 -33.9754 7.80361
      vertex -18.9386 -32.8026 12.8576
      vertex -23.0582 -30.05 12.8576
    endloop
  endfacet
  facet normal -0.427279 -0.866436 0.258304
    outer loop
      vertex -19.6157 -33.9754 7.80361
      vertex -15.0132 -36.2451 7.80361
      vertex -18.9386 -32.8026 12.8576
    endloop
  endfacet
  facet normal -0.427289 -0.866434 0.258294
    outer loop
      vertex -15.0132 -36.2451 7.80361
      vertex -14.495 -34.994 12.8576
      vertex -18.9386 -32.8026 12.8576
    endloop
  endfacet
  facet normal -0.310524 -0.9148 0.258295
    outer loop
      vertex -15.0132 -36.2451 7.80361
      vertex -10.1538 -37.8946 7.80361
      vertex -14.495 -34.994 12.8576
    endloop
  endfacet
  facet normal -0.310532 -0.914799 0.258288
    outer loop
      vertex -10.1538 -37.8946 7.80361
      vertex -9.80334 -36.5866 12.8576
      vertex -14.495 -34.994 12.8576
    endloop
  endfacet
  facet normal -0.188481 -0.947503 0.258289
    outer loop
      vertex -10.1538 -37.8946 7.80361
      vertex -5.12073 -38.8958 7.80361
      vertex -9.80334 -36.5866 12.8576
    endloop
  endfacet
  facet normal -0.188472 -0.947502 0.258297
    outer loop
      vertex -5.12073 -38.8958 7.80361
      vertex -4.94397 -37.5532 12.8576
      vertex -9.80334 -36.5866 12.8576
    endloop
  endfacet
  facet normal -0.063178 -0.963998 0.258297
    outer loop
      vertex -5.12073 -38.8958 7.80361
      vertex -0 -39.2314 7.80361
      vertex -4.94397 -37.5532 12.8576
    endloop
  endfacet
  facet normal -0.0631749 -0.963997 0.2583
    outer loop
      vertex -0 -39.2314 7.80361
      vertex -0 -37.8772 12.8576
      vertex -4.94397 -37.5532 12.8576
    endloop
  endfacet
  facet normal 0.063178 -0.963997 0.2583
    outer loop
      vertex -0 -39.2314 7.80361
      vertex 5.12073 -38.8958 7.80361
      vertex -0 -37.8772 12.8576
    endloop
  endfacet
  facet normal 0.063175 -0.963998 0.258297
    outer loop
      vertex 5.12073 -38.8958 7.80361
      vertex 4.94397 -37.5532 12.8576
      vertex -0 -37.8772 12.8576
    endloop
  endfacet
  facet normal 0.188481 -0.947501 0.258297
    outer loop
      vertex 5.12073 -38.8958 7.80361
      vertex 10.1538 -37.8946 7.80361
      vertex 4.94397 -37.5532 12.8576
    endloop
  endfacet
  facet normal 0.188473 -0.947505 0.258289
    outer loop
      vertex 10.1538 -37.8946 7.80361
      vertex 9.80334 -36.5866 12.8576
      vertex 4.94397 -37.5532 12.8576
    endloop
  endfacet
  facet normal 0.310525 -0.914801 0.258288
    outer loop
      vertex 10.1538 -37.8946 7.80361
      vertex 15.0132 -36.2451 7.80361
      vertex 9.80334 -36.5866 12.8576
    endloop
  endfacet
  facet normal 0.310531 -0.914797 0.258295
    outer loop
      vertex 15.0132 -36.2451 7.80361
      vertex 14.495 -34.994 12.8576
      vertex 9.80334 -36.5866 12.8576
    endloop
  endfacet
  facet normal 0.42728 -0.866439 0.258294
    outer loop
      vertex 15.0132 -36.2451 7.80361
      vertex 19.6157 -33.9754 7.80361
      vertex 14.495 -34.994 12.8576
    endloop
  endfacet
  facet normal 0.427288 -0.866432 0.258304
    outer loop
      vertex 19.6157 -33.9754 7.80361
      vertex 18.9386 -32.8026 12.8576
      vertex 14.495 -34.994 12.8576
    endloop
  endfacet
  facet normal 0.53671 -0.803257 0.258304
    outer loop
      vertex 19.6157 -33.9754 7.80361
      vertex 23.8826 -31.1244 7.80361
      vertex 18.9386 -32.8026 12.8576
    endloop
  endfacet
  facet normal 0.536712 -0.803254 0.258307
    outer loop
      vertex 23.8826 -31.1244 7.80361
      vertex 23.0582 -30.05 12.8576
      vertex 18.9386 -32.8026 12.8576
    endloop
  endfacet
  facet normal 0.636975 -0.72632 0.258307
    outer loop
      vertex 23.8826 -31.1244 7.80361
      vertex 27.7408 -27.7408 7.80361
      vertex 23.0582 -30.05 12.8576
    endloop
  endfacet
  facet normal 0.636976 -0.726318 0.258309
    outer loop
      vertex 27.7408 -27.7408 7.80361
      vertex 26.7832 -26.7832 12.8576
      vertex 23.0582 -30.05 12.8576
    endloop
  endfacet
  facet normal 0.72632 -0.636974 0.258309
    outer loop
      vertex 27.7408 -27.7408 7.80361
      vertex 31.1244 -23.8826 7.80361
      vertex 26.7832 -26.7832 12.8576
    endloop
  endfacet
  facet normal 0.726319 -0.636976 0.258307
    outer loop
      vertex 31.1244 -23.8826 7.80361
      vertex 30.05 -23.0582 12.8576
      vertex 26.7832 -26.7832 12.8576
    endloop
  endfacet
  facet normal 0.803256 -0.536709 0.258307
    outer loop
      vertex 31.1244 -23.8826 7.80361
      vertex 33.9754 -19.6157 7.80361
      vertex 30.05 -23.0582 12.8576
    endloop
  endfacet
  facet normal 0.803255 -0.536712 0.258304
    outer loop
      vertex 33.9754 -19.6157 7.80361
      vertex 32.8026 -18.9386 12.8576
      vertex 30.05 -23.0582 12.8576
    endloop
  endfacet
  facet normal 0.866436 -0.427279 0.258304
    outer loop
      vertex 33.9754 -19.6157 7.80361
      vertex 36.2451 -15.0132 7.80361
      vertex 32.8026 -18.9386 12.8576
    endloop
  endfacet
  facet normal 0.866434 -0.427289 0.258294
    outer loop
      vertex 36.2451 -15.0132 7.80361
      vertex 34.994 -14.495 12.8576
      vertex 32.8026 -18.9386 12.8576
    endloop
  endfacet
  facet normal 0.9148 -0.310524 0.258295
    outer loop
      vertex 36.2451 -15.0132 7.80361
      vertex 37.8946 -10.1538 7.80361
      vertex 34.994 -14.495 12.8576
    endloop
  endfacet
  facet normal 0.914799 -0.310532 0.258288
    outer loop
      vertex 37.8946 -10.1538 7.80361
      vertex 36.5866 -9.80334 12.8576
      vertex 34.994 -14.495 12.8576
    endloop
  endfacet
  facet normal 0.947503 -0.188481 0.258289
    outer loop
      vertex 37.8946 -10.1538 7.80361
      vertex 38.8958 -5.12073 7.80361
      vertex 36.5866 -9.80334 12.8576
    endloop
  endfacet
  facet normal 0.947502 -0.188472 0.258297
    outer loop
      vertex 38.8958 -5.12073 7.80361
      vertex 37.5532 -4.94397 12.8576
      vertex 36.5866 -9.80334 12.8576
    endloop
  endfacet
  facet normal 0.963998 -0.063178 0.258297
    outer loop
      vertex 38.8958 -5.12073 7.80361
      vertex 39.2314 0 7.80361
      vertex 37.5532 -4.94397 12.8576
    endloop
  endfacet
  facet normal 0.963997 -0.0631749 0.2583
    outer loop
      vertex 39.2314 0 7.80361
      vertex 37.8772 0 12.8576
      vertex 37.5532 -4.94397 12.8576
    endloop
  endfacet
  facet normal 0.989356 0.064851 0.130262
    outer loop
      vertex 39.9144 0 2.61613
      vertex 39.5729 5.20987 2.61613
      vertex 39.2314 0 7.80361
    endloop
  endfacet
  facet normal 0.989359 0.0648401 0.130251
    outer loop
      vertex 39.5729 5.20987 2.61613
      vertex 38.8958 5.12073 7.80361
      vertex 39.2314 0 7.80361
    endloop
  endfacet
  facet normal 0.972429 0.193433 0.130251
    outer loop
      vertex 39.5729 5.20987 2.61613
      vertex 38.5543 10.3306 2.61613
      vertex 38.8958 5.12073 7.80361
    endloop
  endfacet
  facet normal 0.972427 0.193439 0.130258
    outer loop
      vertex 38.5543 10.3306 2.61613
      vertex 37.8946 10.1538 7.80361
      vertex 38.8958 5.12073 7.80361
    endloop
  endfacet
  facet normal 0.938866 0.31869 0.130259
    outer loop
      vertex 38.5543 10.3306 2.61613
      vertex 36.8761 15.2746 2.61613
      vertex 37.8946 10.1538 7.80361
    endloop
  endfacet
  facet normal 0.938865 0.318693 0.130262
    outer loop
      vertex 36.8761 15.2746 2.61613
      vertex 36.2451 15.0132 7.80361
      vertex 37.8946 10.1538 7.80361
    endloop
  endfacet
  facet normal 0.889224 0.438535 0.130262
    outer loop
      vertex 36.8761 15.2746 2.61613
      vertex 34.5668 19.9572 2.61613
      vertex 36.2451 15.0132 7.80361
    endloop
  endfacet
  facet normal 0.889233 0.438521 0.130246
    outer loop
      vertex 34.5668 19.9572 2.61613
      vertex 33.9754 19.6157 7.80361
      vertex 36.2451 15.0132 7.80361
    endloop
  endfacet
  facet normal 0.824389 0.550834 0.130247
    outer loop
      vertex 34.5668 19.9572 2.61613
      vertex 31.6662 24.2983 2.61613
      vertex 33.9754 19.6157 7.80361
    endloop
  endfacet
  facet normal 0.824392 0.550831 0.130244
    outer loop
      vertex 31.6662 24.2983 2.61613
      vertex 31.1244 23.8826 7.80361
      vertex 33.9754 19.6157 7.80361
    endloop
  endfacet
  facet normal 0.745434 0.653731 0.130243
    outer loop
      vertex 31.6662 24.2983 2.61613
      vertex 28.2237 28.2237 2.61613
      vertex 31.1244 23.8826 7.80361
    endloop
  endfacet
  facet normal 0.745431 0.653735 0.130248
    outer loop
      vertex 28.2237 28.2237 2.61613
      vertex 27.7408 27.7408 7.80361
      vertex 31.1244 23.8826 7.80361
    endloop
  endfacet
  facet normal 0.653731 0.745434 0.130248
    outer loop
      vertex 28.2237 28.2237 2.61613
      vertex 24.2983 31.6662 2.61613
      vertex 27.7408 27.7408 7.80361
    endloop
  endfacet
  facet normal 0.653735 0.745431 0.130243
    outer loop
      vertex 24.2983 31.6662 2.61613
      vertex 23.8826 31.1244 7.80361
      vertex 27.7408 27.7408 7.80361
    endloop
  endfacet
  facet normal 0.550834 0.82439 0.130244
    outer loop
      vertex 24.2983 31.6662 2.61613
      vertex 19.9572 34.5668 2.61613
      vertex 23.8826 31.1244 7.80361
    endloop
  endfacet
  facet normal 0.550831 0.824391 0.130247
    outer loop
      vertex 19.9572 34.5668 2.61613
      vertex 19.6157 33.9754 7.80361
      vertex 23.8826 31.1244 7.80361
    endloop
  endfacet
  facet normal 0.438536 0.889226 0.130246
    outer loop
      vertex 19.9572 34.5668 2.61613
      vertex 15.2746 36.8761 2.61613
      vertex 19.6157 33.9754 7.80361
    endloop
  endfacet
  facet normal 0.43852 0.889231 0.130262
    outer loop
      vertex 15.2746 36.8761 2.61613
      vertex 15.0132 36.2451 7.80361
      vertex 19.6157 33.9754 7.80361
    endloop
  endfacet
  facet normal 0.31869 0.938866 0.130262
    outer loop
      vertex 15.2746 36.8761 2.61613
      vertex 10.3306 38.5543 2.61613
      vertex 15.0132 36.2451 7.80361
    endloop
  endfacet
  facet normal 0.318693 0.938865 0.130259
    outer loop
      vertex 10.3306 38.5543 2.61613
      vertex 10.1538 37.8946 7.80361
      vertex 15.0132 36.2451 7.80361
    endloop
  endfacet
  facet normal 0.193432 0.972428 0.130258
    outer loop
      vertex 10.3306 38.5543 2.61613
      vertex 5.20987 39.5729 2.61613
      vertex 10.1538 37.8946 7.80361
    endloop
  endfacet
  facet normal 0.19344 0.972428 0.130251
    outer loop
      vertex 5.20987 39.5729 2.61613
      vertex 5.12073 38.8958 7.80361
      vertex 10.1538 37.8946 7.80361
    endloop
  endfacet
  facet normal 0.0648511 0.989358 0.130251
    outer loop
      vertex 5.20987 39.5729 2.61613
      vertex 0 39.9144 2.61613
      vertex 5.12073 38.8958 7.80361
    endloop
  endfacet
  facet normal 0.06484 0.989357 0.130262
    outer loop
      vertex 0 39.9144 2.61613
      vertex 0 39.2314 7.80361
      vertex 5.12073 38.8958 7.80361
    endloop
  endfacet
  facet normal -0.064851 0.989356 0.130262
    outer loop
      vertex 0 39.9144 2.61613
      vertex -5.20987 39.5729 2.61613
      vertex 0 39.2314 7.80361
    endloop
  endfacet
  facet normal -0.0648401 0.989359 0.130251
    outer loop
      vertex -5.20987 39.5729 2.61613
      vertex -5.12073 38.8958 7.80361
      vertex 0 39.2314 7.80361
    endloop
  endfacet
  facet normal -0.193433 0.972429 0.130251
    outer loop
      vertex -5.20987 39.5729 2.61613
      vertex -10.3306 38.5543 2.61613
      vertex -5.12073 38.8958 7.80361
    endloop
  endfacet
  facet normal -0.193439 0.972427 0.130258
    outer loop
      vertex -10.3306 38.5543 2.61613
      vertex -10.1538 37.8946 7.80361
      vertex -5.12073 38.8958 7.80361
    endloop
  endfacet
  facet normal -0.31869 0.938866 0.130259
    outer loop
      vertex -10.3306 38.5543 2.61613
      vertex -15.2746 36.8761 2.61613
      vertex -10.1538 37.8946 7.80361
    endloop
  endfacet
  facet normal -0.318693 0.938865 0.130262
    outer loop
      vertex -15.2746 36.8761 2.61613
      vertex -15.0132 36.2451 7.80361
      vertex -10.1538 37.8946 7.80361
    endloop
  endfacet
  facet normal -0.438535 0.889224 0.130262
    outer loop
      vertex -15.2746 36.8761 2.61613
      vertex -19.9572 34.5668 2.61613
      vertex -15.0132 36.2451 7.80361
    endloop
  endfacet
  facet normal -0.438521 0.889233 0.130246
    outer loop
      vertex -19.9572 34.5668 2.61613
      vertex -19.6157 33.9754 7.80361
      vertex -15.0132 36.2451 7.80361
    endloop
  endfacet
  facet normal -0.550834 0.824389 0.130247
    outer loop
      vertex -19.9572 34.5668 2.61613
      vertex -24.2983 31.6662 2.61613
      vertex -19.6157 33.9754 7.80361
    endloop
  endfacet
  facet normal -0.550831 0.824392 0.130244
    outer loop
      vertex -24.2983 31.6662 2.61613
      vertex -23.8826 31.1244 7.80361
      vertex -19.6157 33.9754 7.80361
    endloop
  endfacet
  facet normal -0.653731 0.745434 0.130243
    outer loop
      vertex -24.2983 31.6662 2.61613
      vertex -28.2237 28.2237 2.61613
      vertex -23.8826 31.1244 7.80361
    endloop
  endfacet
  facet normal -0.653735 0.745431 0.130248
    outer loop
      vertex -28.2237 28.2237 2.61613
      vertex -27.7408 27.7408 7.80361
      vertex -23.8826 31.1244 7.80361
    endloop
  endfacet
  facet normal -0.745434 0.653731 0.130248
    outer loop
      vertex -28.2237 28.2237 2.61613
      vertex -31.6662 24.2983 2.61613
      vertex -27.7408 27.7408 7.80361
    endloop
  endfacet
  facet normal -0.745431 0.653735 0.130243
    outer loop
      vertex -31.6662 24.2983 2.61613
      vertex -31.1244 23.8826 7.80361
      vertex -27.7408 27.7408 7.80361
    endloop
  endfacet
  facet normal -0.82439 0.550834 0.130244
    outer loop
      vertex -31.6662 24.2983 2.61613
      vertex -34.5668 19.9572 2.61613
      vertex -31.1244 23.8826 7.80361
    endloop
  endfacet
  facet normal -0.824391 0.550831 0.130247
    outer loop
      vertex -34.5668 19.9572 2.61613
      vertex -33.9754 19.6157 7.80361
      vertex -31.1244 23.8826 7.80361
    endloop
  endfacet
  facet normal -0.889226 0.438536 0.130246
    outer loop
      vertex -34.5668 19.9572 2.61613
      vertex -36.8761 15.2746 2.61613
      vertex -33.9754 19.6157 7.80361
    endloop
  endfacet
  facet normal -0.889231 0.43852 0.130262
    outer loop
      vertex -36.8761 15.2746 2.61613
      vertex -36.2451 15.0132 7.80361
      vertex -33.9754 19.6157 7.80361
    endloop
  endfacet
  facet normal -0.938866 0.31869 0.130262
    outer loop
      vertex -36.8761 15.2746 2.61613
      vertex -38.5543 10.3306 2.61613
      vertex -36.2451 15.0132 7.80361
    endloop
  endfacet
  facet normal -0.938865 0.318693 0.130259
    outer loop
      vertex -38.5543 10.3306 2.61613
      vertex -37.8946 10.1538 7.80361
      vertex -36.2451 15.0132 7.80361
    endloop
  endfacet
  facet normal -0.972428 0.193432 0.130258
    outer loop
      vertex -38.5543 10.3306 2.61613
      vertex -39.5729 5.20987 2.61613
      vertex -37.8946 10.1538 7.80361
    endloop
  endfacet
  facet normal -0.972428 0.19344 0.130251
    outer loop
      vertex -39.5729 5.20987 2.61613
      vertex -38.8958 5.12073 7.80361
      vertex -37.8946 10.1538 7.80361
    endloop
  endfacet
  facet normal -0.989358 0.0648511 0.130251
    outer loop
      vertex -39.5729 5.20987 2.61613
      vertex -39.9144 -0 2.61613
      vertex -38.8958 5.12073 7.80361
    endloop
  endfacet
  facet normal -0.989357 0.06484 0.130262
    outer loop
      vertex -39.9144 -0 2.61613
      vertex -39.2314 -0 7.80361
      vertex -38.8958 5.12073 7.80361
    endloop
  endfacet
  facet normal -0.989356 -0.064851 0.130262
    outer loop
      vertex -39.9144 -0 2.61613
      vertex -39.5729 -5.20987 2.61613
      vertex -39.2314 -0 7.80361
    endloop
  endfacet
  facet normal -0.989359 -0.0648401 0.130251
    outer loop
      vertex -39.5729 -5.20987 2.61613
      vertex -38.8958 -5.12073 7.80361
      vertex -39.2314 -0 7.80361
    endloop
  endfacet
  facet normal -0.972429 -0.193433 0.130251
    outer loop
      vertex -39.5729 -5.20987 2.61613
      vertex -38.5543 -10.3306 2.61613
      vertex -38.8958 -5.12073 7.80361
    endloop
  endfacet
  facet normal -0.972427 -0.193439 0.130258
    outer loop
      vertex -38.5543 -10.3306 2.61613
      vertex -37.8946 -10.1538 7.80361
      vertex -38.8958 -5.12073 7.80361
    endloop
  endfacet
  facet normal -0.938866 -0.31869 0.130259
    outer loop
      vertex -38.5543 -10.3306 2.61613
      vertex -36.8761 -15.2746 2.61613
      vertex -37.8946 -10.1538 7.80361
    endloop
  endfacet
  facet normal -0.938865 -0.318693 0.130262
    outer loop
      vertex -36.8761 -15.2746 2.61613
      vertex -36.2451 -15.0132 7.80361
      vertex -37.8946 -10.1538 7.80361
    endloop
  endfacet
  facet normal -0.889224 -0.438535 0.130262
    outer loop
      vertex -36.8761 -15.2746 2.61613
      vertex -34.5668 -19.9572 2.61613
      vertex -36.2451 -15.0132 7.80361
    endloop
  endfacet
  facet normal -0.889233 -0.438521 0.130246
    outer loop
      vertex -34.5668 -19.9572 2.61613
      vertex -33.9754 -19.6157 7.80361
      vertex -36.2451 -15.0132 7.80361
    endloop
  endfacet
  facet normal -0.824389 -0.550834 0.130247
    outer loop
      vertex -34.5668 -19.9572 2.61613
      vertex -31.6662 -24.2983 2.61613
      vertex -33.9754 -19.6157 7.80361
    endloop
  endfacet
  facet normal -0.824392 -0.550831 0.130244
    outer loop
      vertex -31.6662 -24.2983 2.61613
      vertex -31.1244 -23.8826 7.80361
      vertex -33.9754 -19.6157 7.80361
    endloop
  endfacet
  facet normal -0.745434 -0.653731 0.130243
    outer loop
      vertex -31.6662 -24.2983 2.61613
      vertex -28.2237 -28.2237 2.61613
      vertex -31.1244 -23.8826 7.80361
    endloop
  endfacet
  facet normal -0.745431 -0.653735 0.130248
    outer loop
      vertex -28.2237 -28.2237 2.61613
      vertex -27.7408 -27.7408 7.80361
      vertex -31.1244 -23.8826 7.80361
    endloop
  endfacet
  facet normal -0.653731 -0.745434 0.130248
    outer loop
      vertex -28.2237 -28.2237 2.61613
      vertex -24.2983 -31.6662 2.61613
      vertex -27.7408 -27.7408 7.80361
    endloop
  endfacet
  facet normal -0.653735 -0.745431 0.130243
    outer loop
      vertex -24.2983 -31.6662 2.61613
      vertex -23.8826 -31.1244 7.80361
      vertex -27.7408 -27.7408 7.80361
    endloop
  endfacet
  facet normal -0.550834 -0.82439 0.130244
    outer loop
      vertex -24.2983 -31.6662 2.61613
      vertex -19.9572 -34.5668 2.61613
      vertex -23.8826 -31.1244 7.80361
    endloop
  endfacet
  facet normal -0.550831 -0.824391 0.130247
    outer loop
      vertex -19.9572 -34.5668 2.61613
      vertex -19.6157 -33.9754 7.80361
      vertex -23.8826 -31.1244 7.80361
    endloop
  endfacet
  facet normal -0.438536 -0.889226 0.130246
    outer loop
      vertex -19.9572 -34.5668 2.61613
      vertex -15.2746 -36.8761 2.61613
      vertex -19.6157 -33.9754 7.80361
    endloop
  endfacet
  facet normal -0.43852 -0.889231 0.130262
    outer loop
      vertex -15.2746 -36.8761 2.61613
      vertex -15.0132 -36.2451 7.80361
      vertex -19.6157 -33.9754 7.80361
    endloop
  endfacet
  facet normal -0.31869 -0.938866 0.130262
    outer loop
      vertex -15.2746 -36.8761 2.61613
      vertex -10.3306 -38.5543 2.61613
      vertex -15.0132 -36.2451 7.80361
    endloop
  endfacet
  facet normal -0.318693 -0.938865 0.130259
    outer loop
      vertex -10.3306 -38.5543 2.61613
      vertex -10.1538 -37.8946 7.80361
      vertex -15.0132 -36.2451 7.80361
    endloop
  endfacet
  facet normal -0.193432 -0.972428 0.130258
    outer loop
      vertex -10.3306 -38.5543 2.61613
      vertex -5.20987 -39.5729 2.61613
      vertex -10.1538 -37.8946 7.80361
    endloop
  endfacet
  facet normal -0.19344 -0.972428 0.130251
    outer loop
      vertex -5.20987 -39.5729 2.61613
      vertex -5.12073 -38.8958 7.80361
      vertex -10.1538 -37.8946 7.80361
    endloop
  endfacet
  facet normal -0.0648511 -0.989358 0.130251
    outer loop
      vertex -5.20987 -39.5729 2.61613
      vertex -0 -39.9144 2.61613
      vertex -5.12073 -38.8958 7.80361
    endloop
  endfacet
  facet normal -0.06484 -0.989357 0.130262
    outer loop
      vertex -0 -39.9144 2.61613
      vertex -0 -39.2314 7.80361
      vertex -5.12073 -38.8958 7.80361
    endloop
  endfacet
  facet normal 0.064851 -0.989356 0.130262
    outer loop
      vertex -0 -39.9144 2.61613
      vertex 5.20987 -39.5729 2.61613
      vertex -0 -39.2314 7.80361
    endloop
  endfacet
  facet normal 0.0648401 -0.989359 0.130251
    outer loop
      vertex 5.20987 -39.5729 2.61613
      vertex 5.12073 -38.8958 7.80361
      vertex -0 -39.2314 7.80361
    endloop
  endfacet
  facet normal 0.193433 -0.972429 0.130251
    outer loop
      vertex 5.20987 -39.5729 2.61613
      vertex 10.3306 -38.5543 2.61613
      vertex 5.12073 -38.8958 7.80361
    endloop
  endfacet
  facet normal 0.193439 -0.972427 0.130258
    outer loop
      vertex 10.3306 -38.5543 2.61613
      vertex 10.1538 -37.8946 7.80361
      vertex 5.12073 -38.8958 7.80361
    endloop
  endfacet
  facet normal 0.31869 -0.938866 0.130259
    outer loop
      vertex 10.3306 -38.5543 2.61613
      vertex 15.2746 -36.8761 2.61613
      vertex 10.1538 -37.8946 7.80361
    endloop
  endfacet
  facet normal 0.318693 -0.938865 0.130262
    outer loop
      vertex 15.2746 -36.8761 2.61613
      vertex 15.0132 -36.2451 7.80361
      vertex 10.1538 -37.8946 7.80361
    endloop
  endfacet
  facet normal 0.438535 -0.889224 0.130262
    outer loop
      vertex 15.2746 -36.8761 2.61613
      vertex 19.9572 -34.5668 2.61613
      vertex 15.0132 -36.2451 7.80361
    endloop
  endfacet
  facet normal 0.438521 -0.889233 0.130246
    outer loop
      vertex 19.9572 -34.5668 2.61613
      vertex 19.6157 -33.9754 7.80361
      vertex 15.0132 -36.2451 7.80361
    endloop
  endfacet
  facet normal 0.550834 -0.824389 0.130247
    outer loop
      vertex 19.9572 -34.5668 2.61613
      vertex 24.2983 -31.6662 2.61613
      vertex 19.6157 -33.9754 7.80361
    endloop
  endfacet
  facet normal 0.550831 -0.824392 0.130244
    outer loop
      vertex 24.2983 -31.6662 2.61613
      vertex 23.8826 -31.1244 7.80361
      vertex 19.6157 -33.9754 7.80361
    endloop
  endfacet
  facet normal 0.653731 -0.745434 0.130243
    outer loop
      vertex 24.2983 -31.6662 2.61613
      vertex 28.2237 -28.2237 2.61613
      vertex 23.8826 -31.1244 7.80361
    endloop
  endfacet
  facet normal 0.653735 -0.745431 0.130248
    outer loop
      vertex 28.2237 -28.2237 2.61613
      vertex 27.7408 -27.7408 7.80361
      vertex 23.8826 -31.1244 7.80361
    endloop
  endfacet
  facet normal 0.745434 -0.653731 0.130248
    outer loop
      vertex 28.2237 -28.2237 2.61613
      vertex 31.6662 -24.2983 2.61613
      vertex 27.7408 -27.7408 7.80361
    endloop
  endfacet
  facet normal 0.745431 -0.653735 0.130243
    outer loop
      vertex 31.6662 -24.2983 2.61613
      vertex 31.1244 -23.8826 7.80361
      vertex 27.7408 -27.7408 7.80361
    endloop
  endfacet
  facet normal 0.82439 -0.550834 0.130244
    outer loop
      vertex 31.6662 -24.2983 2.61613
      vertex 34.5668 -19.9572 2.61613
      vertex 31.1244 -23.8826 7.80361
    endloop
  endfacet
  facet normal 0.824391 -0.550831 0.130247
    outer loop
      vertex 34.5668 -19.9572 2.61613
      vertex 33.9754 -19.6157 7.80361
      vertex 31.1244 -23.8826 7.80361
    endloop
  endfacet
  facet normal 0.889226 -0.438536 0.130246
    outer loop
      vertex 34.5668 -19.9572 2.61613
      vertex 36.8761 -15.2746 2.61613
      vertex 33.9754 -19.6157 7.80361
    endloop
  endfacet
  facet normal 0.889231 -0.43852 0.130262
    outer loop
      vertex 36.8761 -15.2746 2.61613
      vertex 36.2451 -15.0132 7.80361
      vertex 33.9754 -19.6157 7.80361
    endloop
  endfacet
  facet normal 0.938866 -0.31869 0.130262
    outer loop
      vertex 36.8761 -15.2746 2.61613
      vertex 38.5543 -10.3306 2.61613
      vertex 36.2451 -15.0132 7.80361
    endloop
  endfacet
  facet normal 0.938865 -0.318693 0.130259
    outer loop
      vertex 38.5543 -10.3306 2.61613
      vertex 37.8946 -10.1538 7.80361
      vertex 36.2451 -15.0132 7.80361
    endloop
  endfacet
  facet normal 0.972428 -0.193432 0.130258
    outer loop
      vertex 38.5543 -10.3306 2.61613
      vertex 39.5729 -5.20987 2.61613
      vertex 37.8946 -10.1538 7.80361
    endloop
  endfacet
  facet normal 0.972428 -0.19344 0.130251
    outer loop
      vertex 39.5729 -5.20987 2.61613
      vertex 38.8958 -5.12073 7.80361
      vertex 37.8946 -10.1538 7.80361
    endloop
  endfacet
  facet normal 0.989358 -0.0648511 0.130251
    outer loop
      vertex 39.5729 -5.20987 2.61613
      vertex 39.9144 0 2.61613
      vertex 38.8958 -5.12073 7.80361
    endloop
  endfacet
  facet normal 0.989357 -0.06484 0.130262
    outer loop
      vertex 39.9144 0 2.61613
      vertex 39.2314 0 7.80361
      vertex 38.8958 -5.12073 7.80361
    endloop
  endfacet
  facet normal 0.997859 0.0654083 -0
    outer loop
      vertex 39.9144 0 -2.61613
      vertex 39.5729 5.20987 -2.61613
      vertex 39.9144 0 2.61613
    endloop
  endfacet
  facet normal 0.997859 0.0654083 -0
    outer loop
      vertex 39.5729 5.20987 -2.61613
      vertex 39.5729 5.20987 2.61613
      vertex 39.9144 0 2.61613
    endloop
  endfacet
  facet normal 0.980784 0.195095 -0
    outer loop
      vertex 39.5729 5.20987 -2.61613
      vertex 38.5543 10.3306 -2.61613
      vertex 39.5729 5.20987 2.61613
    endloop
  endfacet
  facet normal 0.980784 0.195095 -0
    outer loop
      vertex 38.5543 10.3306 -2.61613
      vertex 38.5543 10.3306 2.61613
      vertex 39.5729 5.20987 2.61613
    endloop
  endfacet
  facet normal 0.946934 0.321429 -0
    outer loop
      vertex 38.5543 10.3306 -2.61613
      vertex 36.8761 15.2746 -2.61613
      vertex 38.5543 10.3306 2.61613
    endloop
  endfacet
  facet normal 0.946934 0.321429 -0
    outer loop
      vertex 36.8761 15.2746 -2.61613
      vertex 36.8761 15.2746 2.61613
      vertex 38.5543 10.3306 2.61613
    endloop
  endfacet
  facet normal 0.896865 0.442304 -0
    outer loop
      vertex 36.8761 15.2746 -2.61613
      vertex 34.5668 19.9572 -2.61613
      vertex 36.8761 15.2746 2.61613
    endloop
  endfacet
  facet normal 0.896865 0.442304 -0
    outer loop
      vertex 34.5668 19.9572 -2.61613
      vertex 34.5668 19.9572 2.61613
      vertex 36.8761 15.2746 2.61613
    endloop
  endfacet
  facet normal 0.831472 0.555566 -0
    outer loop
      vertex 34.5668 19.9572 -2.61613
      vertex 31.6662 24.2983 -2.61613
      vertex 34.5668 19.9572 2.61613
    endloop
  endfacet
  facet normal 0.831472 0.555566 -0
    outer loop
      vertex 31.6662 24.2983 -2.61613
      vertex 31.6662 24.2983 2.61613
      vertex 34.5668 19.9572 2.61613
    endloop
  endfacet
  facet normal 0.751838 0.659348 -0
    outer loop
      vertex 31.6662 24.2983 -2.61613
      vertex 28.2237 28.2237 -2.61613
      vertex 31.6662 24.2983 2.61613
    endloop
  endfacet
  facet normal 0.751838 0.659348 -0
    outer loop
      vertex 28.2237 28.2237 -2.61613
      vertex 28.2237 28.2237 2.61613
      vertex 31.6662 24.2983 2.61613
    endloop
  endfacet
  facet normal 0.659348 0.751838 -0
    outer loop
      vertex 28.2237 28.2237 -2.61613
      vertex 24.2983 31.6662 -2.61613
      vertex 28.2237 28.2237 2.61613
    endloop
  endfacet
  facet normal 0.659348 0.751838 -0
    outer loop
      vertex 24.2983 31.6662 -2.61613
      vertex 24.2983 31.6662 2.61613
      vertex 28.2237 28.2237 2.61613
    endloop
  endfacet
  facet normal 0.555566 0.831472 -0
    outer loop
      vertex 24.2983 31.6662 -2.61613
      vertex 19.9572 34.5668 -2.61613
      vertex 24.2983 31.6662 2.61613
    endloop
  endfacet
  facet normal 0.555566 0.831472 -0
    outer loop
      vertex 19.9572 34.5668 -2.61613
      vertex 19.9572 34.5668 2.61613
      vertex 24.2983 31.6662 2.61613
    endloop
  endfacet
  facet normal 0.442304 0.896865 -0
    outer loop
      vertex 19.9572 34.5668 -2.61613
      vertex 15.2746 36.8761 -2.61613
      vertex 19.9572 34.5668 2.61613
    endloop
  endfacet
  facet normal 0.442304 0.896865 -0
    outer loop
      vertex 15.2746 36.8761 -2.61613
      vertex 15.2746 36.8761 2.61613
      vertex 19.9572 34.5668 2.61613
    endloop
  endfacet
  facet normal 0.321429 0.946934 -0
    outer loop
      vertex 15.2746 36.8761 -2.61613
      vertex 10.3306 38.5543 -2.61613
      vertex 15.2746 36.8761 2.61613
    endloop
  endfacet
  facet normal 0.321429 0.946934 -0
    outer loop
      vertex 10.3306 38.5543 -2.61613
      vertex 10.3306 38.5543 2.61613
      vertex 15.2746 36.8761 2.61613
    endloop
  endfacet
  facet normal 0.195095 0.980784 -0
    outer loop
      vertex 10.3306 38.5543 -2.61613
      vertex 5.20987 39.5729 -2.61613
      vertex 10.3306 38.5543 2.61613
    endloop
  endfacet
  facet normal 0.195095 0.980784 -0
    outer loop
      vertex 5.20987 39.5729 -2.61613
      vertex 5.20987 39.5729 2.61613
      vertex 10.3306 38.5543 2.61613
    endloop
  endfacet
  facet normal 0.0654083 0.997859 -0
    outer loop
      vertex 5.20987 39.5729 -2.61613
      vertex 0 39.9144 -2.61613
      vertex 5.20987 39.5729 2.61613
    endloop
  endfacet
  facet normal 0.0654083 0.997859 -0
    outer loop
      vertex 0 39.9144 -2.61613
      vertex 0 39.9144 2.61613
      vertex 5.20987 39.5729 2.61613
    endloop
  endfacet
  facet normal -0.0654083 0.997859 0
    outer loop
      vertex 0 39.9144 -2.61613
      vertex -5.20987 39.5729 -2.61613
      vertex 0 39.9144 2.61613
    endloop
  endfacet
  facet normal -0.0654083 0.997859 0
    outer loop
      vertex -5.20987 39.5729 -2.61613
      vertex -5.20987 39.5729 2.61613
      vertex 0 39.9144 2.61613
    endloop
  endfacet
  facet normal -0.195095 0.980784 0
    outer loop
      vertex -5.20987 39.5729 -2.61613
      vertex -10.3306 38.5543 -2.61613
      vertex -5.20987 39.5729 2.61613
    endloop
  endfacet
  facet normal -0.195095 0.980784 0
    outer loop
      vertex -10.3306 38.5543 -2.61613
      vertex -10.3306 38.5543 2.61613
      vertex -5.20987 39.5729 2.61613
    endloop
  endfacet
  facet normal -0.321429 0.946934 0
    outer loop
      vertex -10.3306 38.5543 -2.61613
      vertex -15.2746 36.8761 -2.61613
      vertex -10.3306 38.5543 2.61613
    endloop
  endfacet
  facet normal -0.321429 0.946934 0
    outer loop
      vertex -15.2746 36.8761 -2.61613
      vertex -15.2746 36.8761 2.61613
      vertex -10.3306 38.5543 2.61613
    endloop
  endfacet
  facet normal -0.442304 0.896865 0
    outer loop
      vertex -15.2746 36.8761 -2.61613
      vertex -19.9572 34.5668 -2.61613
      vertex -15.2746 36.8761 2.61613
    endloop
  endfacet
  facet normal -0.442304 0.896865 0
    outer loop
      vertex -19.9572 34.5668 -2.61613
      vertex -19.9572 34.5668 2.61613
      vertex -15.2746 36.8761 2.61613
    endloop
  endfacet
  facet normal -0.555566 0.831472 0
    outer loop
      vertex -19.9572 34.5668 -2.61613
      vertex -24.2983 31.6662 -2.61613
      vertex -19.9572 34.5668 2.61613
    endloop
  endfacet
  facet normal -0.555566 0.831472 0
    outer loop
      vertex -24.2983 31.6662 -2.61613
      vertex -24.2983 31.6662 2.61613
      vertex -19.9572 34.5668 2.61613
    endloop
  endfacet
  facet normal -0.659348 0.751838 0
    outer loop
      vertex -24.2983 31.6662 -2.61613
      vertex -28.2237 28.2237 -2.61613
      vertex -24.2983 31.6662 2.61613
    endloop
  endfacet
  facet normal -0.659348 0.751838 0
    outer loop
      vertex -28.2237 28.2237 -2.61613
      vertex -28.2237 28.2237 2.61613
      vertex -24.2983 31.6662 2.61613
    endloop
  endfacet
  facet normal -0.751838 0.659348 0
    outer loop
      vertex -28.2237 28.2237 -2.61613
      vertex -31.6662 24.2983 -2.61613
      vertex -28.2237 28.2237 2.61613
    endloop
  endfacet
  facet normal -0.751838 0.659348 0
    outer loop
      vertex -31.6662 24.2983 -2.61613
      vertex -31.6662 24.2983 2.61613
      vertex -28.2237 28.2237 2.61613
    endloop
  endfacet
  facet normal -0.831472 0.555566 0
    outer loop
      vertex -31.6662 24.2983 -2.61613
      vertex -34.5668 19.9572 -2.61613
      vertex -31.6662 24.2983 2.61613
    endloop
  endfacet
  facet normal -0.831472 0.555566 0
    outer loop
      vertex -34.5668 19.9572 -2.61613
      vertex -34.5668 19.9572 2.61613
      vertex -31.6662 24.2983 2.61613
    endloop
  endfacet
  facet normal -0.896865 0.442304 0
    outer loop
      vertex -34.5668 19.9572 -2.61613
      vertex -36.8761 15.2746 -2.61613
      vertex -34.5668 19.9572 2.61613
    endloop
  endfacet
  facet normal -0.896865 0.442304 0
    outer loop
      vertex -36.8761 15.2746 -2.61613
      vertex -36.8761 15.2746 2.61613
      vertex -34.5668 19.9572 2.61613
    endloop
  endfacet
  facet normal -0.946934 0.321429 0
    outer loop
      vertex -36.8761 15.2746 -2.61613
      vertex -38.5543 10.3306 -2.61613
      vertex -36.8761 15.2746 2.61613
    endloop
  endfacet
  facet normal -0.946934 0.321429 0
    outer loop
      vertex -38.5543 10.3306 -2.61613
      vertex -38.5543 10.3306 2.61613
      vertex -36.8761 15.2746 2.61613
    endloop
  endfacet
  facet normal -0.980784 0.195095 0
    outer loop
      vertex -38.5543 10.3306 -2.61613
      vertex -39.5729 5.20987 -2.61613
      vertex -38.5543 10.3306 2.61613
    endloop
  endfacet
  facet normal -0.980784 0.195095 0
    outer loop
      vertex -39.5729 5.20987 -2.61613
      vertex -39.5729 5.20987 2.61613
      vertex -38.5543 10.3306 2.61613
    endloop
  endfacet
  facet normal -0.997859 0.0654083 0
    outer loop
      vertex -39.5729 5.20987 -2.61613
      vertex -39.9144 -0 -2.61613
      vertex -39.5729 5.20987 2.61613
    endloop
  endfacet
  facet normal -0.997859 0.0654083 0
    outer loop
      vertex -39.9144 -0 -2.61613
      vertex -39.9144 -0 2.61613
      vertex -39.5729 5.20987 2.61613
    endloop
  endfacet
  facet normal -0.997859 -0.0654083 0
    outer loop
      vertex -39.9144 -0 -2.61613
      vertex -39.5729 -5.20987 -2.61613
      vertex -39.9144 -0 2.61613
    endloop
  endfacet
  facet normal -0.997859 -0.0654083 0
    outer loop
      vertex -39.5729 -5.20987 -2.61613
      vertex -39.5729 -5.20987 2.61613
      vertex -39.9144 -0 2.61613
    endloop
  endfacet
  facet normal -0.980784 -0.195095 0
    outer loop
      vertex -39.5729 -5.20987 -2.61613
      vertex -38.5543 -10.3306 -2.61613
      vertex -39.5729 -5.20987 2.61613
    endloop
  endfacet
  facet normal -0.980784 -0.195095 0
    outer loop
      vertex -38.5543 -10.3306 -2.61613
      vertex -38.5543 -10.3306 2.61613
      vertex -39.5729 -5.20987 2.61613
    endloop
  endfacet
  facet normal -0.946934 -0.321429 0
    outer loop
      vertex -38.5543 -10.3306 -2.61613
      vertex -36.8761 -15.2746 -2.61613
      vertex -38.5543 -10.3306 2.61613
    endloop
  endfacet
  facet normal -0.946934 -0.321429 0
    outer loop
      vertex -36.8761 -15.2746 -2.61613
      vertex -36.8761 -15.2746 2.61613
      vertex -38.5543 -10.3306 2.61613
    endloop
  endfacet
  facet normal -0.896865 -0.442304 0
    outer loop
      vertex -36.8761 -15.2746 -2.61613
      vertex -34.5668 -19.9572 -2.61613
      vertex -36.8761 -15.2746 2.61613
    endloop
  endfacet
  facet normal -0.896865 -0.442304 0
    outer loop
      vertex -34.5668 -19.9572 -2.61613
      vertex -34.5668 -19.9572 2.61613
      vertex -36.8761 -15.2746 2.61613
    endloop
  endfacet
  facet normal -0.831472 -0.555566 0
    outer loop
      vertex -34.5668 -19.9572 -2.61613
      vertex -31.6662 -24.2983 -2.61613
      vertex -34.5668 -19.9572 2.61613
    endloop
  endfacet
  facet normal -0.831472 -0.555566 0
    outer loop
      vertex -31.6662 -24.2983 -2.61613
      vertex -31.6662 -24.2983 2.61613
      vertex -34.5668 -19.9572 2.61613
    endloop
  endfacet
  facet normal -0.751838 -0.659348 0
    outer loop
      vertex -31.6662 -24.2983 -2.61613
      vertex -28.2237 -28.2237 -2.61613
      vertex -31.6662 -24.2983 2.61613
    endloop
  endfacet
  facet normal -0.751838 -0.659348 0
    outer loop
      vertex -28.2237 -28.2237 -2.61613
      vertex -28.2237 -28.2237 2.61613
      vertex -31.6662 -24.2983 2.61613
    endloop
  endfacet
  facet normal -0.659348 -0.751838 0
    outer loop
      vertex -28.2237 -28.2237 -2.61613
      vertex -24.2983 -31.6662 -2.61613
      vertex -28.2237 -28.2237 2.61613
    endloop
  endfacet
  facet normal -0.659348 -0.751838 0
    outer loop
      vertex -24.2983 -31.6662 -2.61613
      vertex -24.2983 -31.6662 2.61613
      vertex -28.2237 -28.2237 2.61613
    endloop
  endfacet
  facet normal -0.555566 -0.831472 0
    outer loop
      vertex -24.2983 -31.6662 -2.61613
      vertex -19.9572 -34.5668 -2.61613
      vertex -24.2983 -31.6662 2.61613
    endloop
  endfacet
  facet normal -0.555566 -0.831472 0
    outer loop
      vertex -19.9572 -34.5668 -2.61613
      vertex -19.9572 -34.5668 2.61613
      vertex -24.2983 -31.6662 2.61613
    endloop
  endfacet
  facet normal -0.442304 -0.896865 0
    outer loop
      vertex -19.9572 -34.5668 -2.61613
      vertex -15.2746 -36.8761 -2.61613
      vertex -19.9572 -34.5668 2.61613
    endloop
  endfacet
  facet normal -0.442304 -0.896865 0
    outer loop
      vertex -15.2746 -36.8761 -2.61613
      vertex -15.2746 -36.8761 2.61613
      vertex -19.9572 -34.5668 2.61613
    endloop
  endfacet
  facet normal -0.321429 -0.946934 0
    outer loop
      vertex -15.2746 -36.8761 -2.61613
      vertex -10.3306 -38.5543 -2.61613
      vertex -15.2746 -36.8761 2.61613
    endloop
  endfacet
  facet normal -0.321429 -0.946934 0
    outer loop
      vertex -10.3306 -38.5543 -2.61613
      vertex -10.3306 -38.5543 2.61613
      vertex -15.2746 -36.8761 2.61613
    endloop
  endfacet
  facet normal -0.195095 -0.980784 0
    outer loop
      vertex -10.3306 -38.5543 -2.61613
      vertex -5.20987 -39.5729 -2.61613
      vertex -10.3306 -38.5543 2.61613
    endloop
  endfacet
  facet normal -0.195095 -0.980784 0
    outer loop
      vertex -5.20987 -39.5729 -2.61613
      vertex -5.20987 -39.5729 2.61613
      vertex -10.3306 -38.5543 2.61613
    endloop
  endfacet
  facet normal -0.0654083 -0.997859 0
    outer loop
      vertex -5.20987 -39.5729 -2.61613
      vertex -0 -39.9144 -2.61613
      vertex -5.20987 -39.5729 2.61613
    endloop
  endfacet
  facet normal -0.0654083 -0.997859 0
    outer loop
      vertex -0 -39.9144 -2.61613
      vertex -0 -39.9144 2.61613
      vertex -5.20987 -39.5729 2.61613
    endloop
  endfacet
  facet normal 0.0654083 -0.997859 0
    outer loop
      vertex -0 -39.9144 -2.61613
      vertex 5.20987 -39.5729 -2.61613
      vertex -0 -39.9144 2.61613
    endloop
  endfacet
  facet normal 0.0654083 -0.997859 0
    outer loop
      vertex 5.20987 -39.5729 -2.61613
      vertex 5.20987 -39.5729 2.61613
      vertex -0 -39.9144 2.61613
    endloop
  endfacet
  facet normal 0.195095 -0.980784 0
    outer loop
      vertex 5.20987 -39.5729 -2.61613
      vertex 10.3306 -38.5543 -2.61613
      vertex 5.20987 -39.5729 2.61613
    endloop
  endfacet
  facet normal 0.195095 -0.980784 0
    outer loop
      vertex 10.3306 -38.5543 -2.61613
      vertex 10.3306 -38.5543 2.61613
      vertex 5.20987 -39.5729 2.61613
    endloop
  endfacet
  facet normal 0.321429 -0.946934 0
    outer loop
      vertex 10.3306 -38.5543 -2.61613
      vertex 15.2746 -36.8761 -2.61613
      vertex 10.3306 -38.5543 2.61613
    endloop
  endfacet
  facet normal 0.321429 -0.946934 0
    outer loop
      vertex 15.2746 -36.8761 -2.61613
      vertex 15.2746 -36.8761 2.61613
      vertex 10.3306 -38.5543 2.61613
    endloop
  endfacet
  facet normal 0.442304 -0.896865 0
    outer loop
      vertex 15.2746 -36.8761 -2.61613
      vertex 19.9572 -34.5668 -2.61613
      vertex 15.2746 -36.8761 2.61613
    endloop
  endfacet
  facet normal 0.442304 -0.896865 0
    outer loop
      vertex 19.9572 -34.5668 -2.61613
      vertex 19.9572 -34.5668 2.61613
      vertex 15.2746 -36.8761 2.61613
    endloop
  endfacet
  facet normal 0.555566 -0.831472 0
    outer loop
      vertex 19.9572 -34.5668 -2.61613
      vertex 24.2983 -31.6662 -2.61613
      vertex 19.9572 -34.5668 2.61613
    endloop
  endfacet
  facet normal 0.555566 -0.831472 0
    outer loop
      vertex 24.2983 -31.6662 -2.61613
      vertex 24.2983 -31.6662 2.61613
      vertex 19.9572 -34.5668 2.61613
    endloop
  endfacet
  facet normal 0.659348 -0.751838 0
    outer loop
      vertex 24.2983 -31.6662 -2.61613
      vertex 28.2237 -28.2237 -2.61613
      vertex 24.2983 -31.6662 2.61613
    endloop
  endfacet
  facet normal 0.659348 -0.751838 0
    outer loop
      vertex 28.2237 -28.2237 -2.61613
      vertex 28.2237 -28.2237 2.61613
      vertex 24.2983 -31.6662 2.61613
    endloop
  endfacet
  facet normal 0.751838 -0.659348 0
    outer loop
      vertex 28.2237 -28.2237 -2.61613
      vertex 31.6662 -24.2983 -2.61613
      vertex 28.2237 -28.2237 2.61613
    endloop
  endfacet
  facet normal 0.751838 -0.659348 0
    outer loop
      vertex 31.6662 -24.2983 -2.61613
      vertex 31.6662 -24.2983 2.61613
      vertex 28.2237 -28.2237 2.61613
    endloop
  endfacet
  facet normal 0.831472 -0.555566 0
    outer loop
      vertex 31.6662 -24.2983 -2.61613
      vertex 34.5668 -19.9572 -2.61613
      vertex 31.6662 -24.2983 2.61613
    endloop
  endfacet
  facet normal 0.831472 -0.555566 0
    outer loop
      vertex 34.5668 -19.9572 -2.61613
      vertex 34.5668 -19.9572 2.61613
      vertex 31.6662 -24.2983 2.61613
    endloop
  endfacet
  facet normal 0.896865 -0.442304 0
    outer loop
      vertex 34.5668 -19.9572 -2.61613
      vertex 36.8761 -15.2746 -2.61613
      vertex 34.5668 -19.9572 2.61613
    endloop
  endfacet
  facet normal 0.896865 -0.442304 0
    outer loop
      vertex 36.8761 -15.2746 -2.61613
      vertex 36.8761 -15.2746 2.61613
      vertex 34.5668 -19.9572 2.61613
    endloop
  endfacet
  facet normal 0.946934 -0.321429 0
    outer loop
      vertex 36.8761 -15.2746 -2.61613
      vertex 38.5543 -10.3306 -2.61613
      vertex 36.8761 -15.2746 2.61613
    endloop
  endfacet
  facet normal 0.946934 -0.321429 0
    outer loop
      vertex 38.5543 -10.3306 -2.61613
      vertex 38.5543 -10.3306 2.61613
      vertex 36.8761 -15.2746 2.61613
    endloop
  endfacet
  facet normal 0.980784 -0.195095 0
    outer loop
      vertex 38.5543 -10.3306 -2.61613
      vertex 39.5729 -5.20987 -2.61613
      vertex 38.5543 -10.3306 2.61613
    endloop
  endfacet
  facet normal 0.980784 -0.195095 0
    outer loop
      vertex 39.5729 -5.20987 -2.61613
      vertex 39.5729 -5.20987 2.61613
      vertex 38.5543 -10.3306 2.61613
    endloop
  endfacet
  facet normal 0.997859 -0.0654083 0
    outer loop
      vertex 39.5729 -5.20987 -2.61613
      vertex 39.9144 0 -2.61613
      vertex 39.5729 -5.20987 2.61613
    endloop
  endfacet
  facet normal 0.997859 -0.0654083 0
    outer loop
      vertex 39.9144 0 -2.61613
      vertex 39.9144 0 2.61613
      vertex 39.5729 -5.20987 2.61613
    endloop
  endfacet
  facet normal 0.989357 0.06484 -0.130262
    outer loop
      vertex 39.2314 0 -7.80361
      vertex 38.8958 5.12073 -7.80361
      vertex 39.9144 0 -2.61613
    endloop
  endfacet
  facet normal 0.989358 0.0648511 -0.130251
    outer loop
      vertex 38.8958 5.12073 -7.80361
      vertex 39.5729 5.20987 -2.61613
      vertex 39.9144 0 -2.61613
    endloop
  endfacet
  facet normal 0.972428 0.19344 -0.130251
    outer loop
      vertex 38.8958 5.12073 -7.80361
      vertex 37.8946 10.1538 -7.80361
      vertex 39.5729 5.20987 -2.61613
    endloop
  endfacet
  facet normal 0.972428 0.193432 -0.130258
    outer loop
      vertex 37.8946 10.1538 -7.80361
      vertex 38.5543 10.3306 -2.61613
      vertex 39.5729 5.20987 -2.61613
    endloop
  endfacet
  facet normal 0.938865 0.318693 -0.130259
    outer loop
      vertex 37.8946 10.1538 -7.80361
      vertex 36.2451 15.0132 -7.80361
      vertex 38.5543 10.3306 -2.61613
    endloop
  endfacet
  facet normal 0.938866 0.31869 -0.130262
    outer loop
      vertex 36.2451 15.0132 -7.80361
      vertex 36.8761 15.2746 -2.61613
      vertex 38.5543 10.3306 -2.61613
    endloop
  endfacet
  facet normal 0.889231 0.43852 -0.130262
    outer loop
      vertex 36.2451 15.0132 -7.80361
      vertex 33.9754 19.6157 -7.80361
      vertex 36.8761 15.2746 -2.61613
    endloop
  endfacet
  facet normal 0.889226 0.438536 -0.130246
    outer loop
      vertex 33.9754 19.6157 -7.80361
      vertex 34.5668 19.9572 -2.61613
      vertex 36.8761 15.2746 -2.61613
    endloop
  endfacet
  facet normal 0.824391 0.550831 -0.130247
    outer loop
      vertex 33.9754 19.6157 -7.80361
      vertex 31.1244 23.8826 -7.80361
      vertex 34.5668 19.9572 -2.61613
    endloop
  endfacet
  facet normal 0.82439 0.550834 -0.130244
    outer loop
      vertex 31.1244 23.8826 -7.80361
      vertex 31.6662 24.2983 -2.61613
      vertex 34.5668 19.9572 -2.61613
    endloop
  endfacet
  facet normal 0.745431 0.653735 -0.130243
    outer loop
      vertex 31.1244 23.8826 -7.80361
      vertex 27.7408 27.7408 -7.80361
      vertex 31.6662 24.2983 -2.61613
    endloop
  endfacet
  facet normal 0.745434 0.653731 -0.130248
    outer loop
      vertex 27.7408 27.7408 -7.80361
      vertex 28.2237 28.2237 -2.61613
      vertex 31.6662 24.2983 -2.61613
    endloop
  endfacet
  facet normal 0.653735 0.745431 -0.130248
    outer loop
      vertex 27.7408 27.7408 -7.80361
      vertex 23.8826 31.1244 -7.80361
      vertex 28.2237 28.2237 -2.61613
    endloop
  endfacet
  facet normal 0.653731 0.745434 -0.130243
    outer loop
      vertex 23.8826 31.1244 -7.80361
      vertex 24.2983 31.6662 -2.61613
      vertex 28.2237 28.2237 -2.61613
    endloop
  endfacet
  facet normal 0.550831 0.824392 -0.130244
    outer loop
      vertex 23.8826 31.1244 -7.80361
      vertex 19.6157 33.9754 -7.80361
      vertex 24.2983 31.6662 -2.61613
    endloop
  endfacet
  facet normal 0.550834 0.824389 -0.130247
    outer loop
      vertex 19.6157 33.9754 -7.80361
      vertex 19.9572 34.5668 -2.61613
      vertex 24.2983 31.6662 -2.61613
    endloop
  endfacet
  facet normal 0.438521 0.889233 -0.130246
    outer loop
      vertex 19.6157 33.9754 -7.80361
      vertex 15.0132 36.2451 -7.80361
      vertex 19.9572 34.5668 -2.61613
    endloop
  endfacet
  facet normal 0.438535 0.889224 -0.130262
    outer loop
      vertex 15.0132 36.2451 -7.80361
      vertex 15.2746 36.8761 -2.61613
      vertex 19.9572 34.5668 -2.61613
    endloop
  endfacet
  facet normal 0.318693 0.938865 -0.130262
    outer loop
      vertex 15.0132 36.2451 -7.80361
      vertex 10.1538 37.8946 -7.80361
      vertex 15.2746 36.8761 -2.61613
    endloop
  endfacet
  facet normal 0.31869 0.938866 -0.130259
    outer loop
      vertex 10.1538 37.8946 -7.80361
      vertex 10.3306 38.5543 -2.61613
      vertex 15.2746 36.8761 -2.61613
    endloop
  endfacet
  facet normal 0.193439 0.972427 -0.130258
    outer loop
      vertex 10.1538 37.8946 -7.80361
      vertex 5.12073 38.8958 -7.80361
      vertex 10.3306 38.5543 -2.61613
    endloop
  endfacet
  facet normal 0.193433 0.972429 -0.130251
    outer loop
      vertex 5.12073 38.8958 -7.80361
      vertex 5.20987 39.5729 -2.61613
      vertex 10.3306 38.5543 -2.61613
    endloop
  endfacet
  facet normal 0.0648401 0.989359 -0.130251
    outer loop
      vertex 5.12073 38.8958 -7.80361
      vertex 0 39.2314 -7.80361
      vertex 5.20987 39.5729 -2.61613
    endloop
  endfacet
  facet normal 0.064851 0.989356 -0.130262
    outer loop
      vertex 0 39.2314 -7.80361
      vertex 0 39.9144 -2.61613
      vertex 5.20987 39.5729 -2.61613
    endloop
  endfacet
  facet normal -0.06484 0.989357 -0.130262
    outer loop
      vertex 0 39.2314 -7.80361
      vertex -5.12073 38.8958 -7.80361
      vertex 0 39.9144 -2.61613
    endloop
  endfacet
  facet normal -0.0648511 0.989358 -0.130251
    outer loop
      vertex -5.12073 38.8958 -7.80361
      vertex -5.20987 39.5729 -2.61613
      vertex 0 39.9144 -2.61613
    endloop
  endfacet
  facet normal -0.19344 0.972428 -0.130251
    outer loop
      vertex -5.12073 38.8958 -7.80361
      vertex -10.1538 37.8946 -7.80361
      vertex -5.20987 39.5729 -2.61613
    endloop
  endfacet
  facet normal -0.193432 0.972428 -0.130258
    outer loop
      vertex -10.1538 37.8946 -7.80361
      vertex -10.3306 38.5543 -2.61613
      vertex -5.20987 39.5729 -2.61613
    endloop
  endfacet
  facet normal -0.318693 0.938865 -0.130259
    outer loop
      vertex -10.1538 37.8946 -7.80361
      vertex -15.0132 36.2451 -7.80361
      vertex -10.3306 38.5543 -2.61613
    endloop
  endfacet
  facet normal -0.31869 0.938866 -0.130262
    outer loop
      vertex -15.0132 36.2451 -7.80361
      vertex -15.2746 36.8761 -2.61613
      vertex -10.3306 38.5543 -2.61613
    endloop
  endfacet
  facet normal -0.43852 0.889231 -0.130262
    outer loop
      vertex -15.0132 36.2451 -7.80361
      vertex -19.6157 33.9754 -7.80361
      vertex -15.2746 36.8761 -2.61613
    endloop
  endfacet
  facet normal -0.438536 0.889226 -0.130246
    outer loop
      vertex -19.6157 33.9754 -7.80361
      vertex -19.9572 34.5668 -2.61613
      vertex -15.2746 36.8761 -2.61613
    endloop
  endfacet
  facet normal -0.550831 0.824391 -0.130247
    outer loop
      vertex -19.6157 33.9754 -7.80361
      vertex -23.8826 31.1244 -7.80361
      vertex -19.9572 34.5668 -2.61613
    endloop
  endfacet
  facet normal -0.550834 0.82439 -0.130244
    outer loop
      vertex -23.8826 31.1244 -7.80361
      vertex -24.2983 31.6662 -2.61613
      vertex -19.9572 34.5668 -2.61613
    endloop
  endfacet
  facet normal -0.653735 0.745431 -0.130243
    outer loop
      vertex -23.8826 31.1244 -7.80361
      vertex -27.7408 27.7408 -7.80361
      vertex -24.2983 31.6662 -2.61613
    endloop
  endfacet
  facet normal -0.653731 0.745434 -0.130248
    outer loop
      vertex -27.7408 27.7408 -7.80361
      vertex -28.2237 28.2237 -2.61613
      vertex -24.2983 31.6662 -2.61613
    endloop
  endfacet
  facet normal -0.745431 0.653735 -0.130248
    outer loop
      vertex -27.7408 27.7408 -7.80361
      vertex -31.1244 23.8826 -7.80361
      vertex -28.2237 28.2237 -2.61613
    endloop
  endfacet
  facet normal -0.745434 0.653731 -0.130243
    outer loop
      vertex -31.1244 23.8826 -7.80361
      vertex -31.6662 24.2983 -2.61613
      vertex -28.2237 28.2237 -2.61613
    endloop
  endfacet
  facet normal -0.824392 0.550831 -0.130244
    outer loop
      vertex -31.1244 23.8826 -7.80361
      vertex -33.9754 19.6157 -7.80361
      vertex -31.6662 24.2983 -2.61613
    endloop
  endfacet
  facet normal -0.824389 0.550834 -0.130247
    outer loop
      vertex -33.9754 19.6157 -7.80361
      vertex -34.5668 19.9572 -2.61613
      vertex -31.6662 24.2983 -2.61613
    endloop
  endfacet
  facet normal -0.889233 0.438521 -0.130246
    outer loop
      vertex -33.9754 19.6157 -7.80361
      vertex -36.2451 15.0132 -7.80361
      vertex -34.5668 19.9572 -2.61613
    endloop
  endfacet
  facet normal -0.889224 0.438535 -0.130262
    outer loop
      vertex -36.2451 15.0132 -7.80361
      vertex -36.8761 15.2746 -2.61613
      vertex -34.5668 19.9572 -2.61613
    endloop
  endfacet
  facet normal -0.938865 0.318693 -0.130262
    outer loop
      vertex -36.2451 15.0132 -7.80361
      vertex -37.8946 10.1538 -7.80361
      vertex -36.8761 15.2746 -2.61613
    endloop
  endfacet
  facet normal -0.938866 0.31869 -0.130259
    outer loop
      vertex -37.8946 10.1538 -7.80361
      vertex -38.5543 10.3306 -2.61613
      vertex -36.8761 15.2746 -2.61613
    endloop
  endfacet
  facet normal -0.972427 0.193439 -0.130258
    outer loop
      vertex -37.8946 10.1538 -7.80361
      vertex -38.8958 5.12073 -7.80361
      vertex -38.5543 10.3306 -2.61613
    endloop
  endfacet
  facet normal -0.972429 0.193433 -0.130251
    outer loop
      vertex -38.8958 5.12073 -7.80361
      vertex -39.5729 5.20987 -2.61613
      vertex -38.5543 10.3306 -2.61613
    endloop
  endfacet
  facet normal -0.989359 0.0648401 -0.130251
    outer loop
      vertex -38.8958 5.12073 -7.80361
      vertex -39.2314 -0 -7.80361
      vertex -39.5729 5.20987 -2.61613
    endloop
  endfacet
  facet normal -0.989356 0.064851 -0.130262
    outer loop
      vertex -39.2314 -0 -7.80361
      vertex -39.9144 -0 -2.61613
      vertex -39.5729 5.20987 -2.61613
    endloop
  endfacet
  facet normal -0.989357 -0.06484 -0.130262
    outer loop
      vertex -39.2314 -0 -7.80361
      vertex -38.8958 -5.12073 -7.80361
      vertex -39.9144 -0 -2.61613
    endloop
  endfacet
  facet normal -0.989358 -0.0648511 -0.130251
    outer loop
      vertex -38.8958 -5.12073 -7.80361
      vertex -39.5729 -5.20987 -2.61613
      vertex -39.9144 -0 -2.61613
    endloop
  endfacet
  facet normal -0.972428 -0.19344 -0.130251
    outer loop
      vertex -38.8958 -5.12073 -7.80361
      vertex -37.8946 -10.1538 -7.80361
      vertex -39.5729 -5.20987 -2.61613
    endloop
  endfacet
  facet normal -0.972428 -0.193432 -0.130258
    outer loop
      vertex -37.8946 -10.1538 -7.80361
      vertex -38.5543 -10.3306 -2.61613
      vertex -39.5729 -5.20987 -2.61613
    endloop
  endfacet
  facet normal -0.938865 -0.318693 -0.130259
    outer loop
      vertex -37.8946 -10.1538 -7.80361
      vertex -36.2451 -15.0132 -7.80361
      vertex -38.5543 -10.3306 -2.61613
    endloop
  endfacet
  facet normal -0.938866 -0.31869 -0.130262
    outer loop
      vertex -36.2451 -15.0132 -7.80361
      vertex -36.8761 -15.2746 -2.61613
      vertex -38.5543 -10.3306 -2.61613
    endloop
  endfacet
  facet normal -0.889231 -0.43852 -0.130262
    outer loop
      vertex -36.2451 -15.0132 -7.80361
      vertex -33.9754 -19.6157 -7.80361
      vertex -36.8761 -15.2746 -2.61613
    endloop
  endfacet
  facet normal -0.889226 -0.438536 -0.130246
    outer loop
      vertex -33.9754 -19.6157 -7.80361
      vertex -34.5668 -19.9572 -2.61613
      vertex -36.8761 -15.2746 -2.61613
    endloop
  endfacet
  facet normal -0.824391 -0.550831 -0.130247
    outer loop
      vertex -33.9754 -19.6157 -7.80361
      vertex -31.1244 -23.8826 -7.80361
      vertex -34.5668 -19.9572 -2.61613
    endloop
  endfacet
  facet normal -0.82439 -0.550834 -0.130244
    outer loop
      vertex -31.1244 -23.8826 -7.80361
      vertex -31.6662 -24.2983 -2.61613
      vertex -34.5668 -19.9572 -2.61613
    endloop
  endfacet
  facet normal -0.745431 -0.653735 -0.130243
    outer loop
      vertex -31.1244 -23.8826 -7.80361
      vertex -27.7408 -27.7408 -7.80361
      vertex -31.6662 -24.2983 -2.61613
    endloop
  endfacet
  facet normal -0.745434 -0.653731 -0.130248
    outer loop
      vertex -27.7408 -27.7408 -7.80361
      vertex -28.2237 -28.2237 -2.61613
      vertex -31.6662 -24.2983 -2.61613
    endloop
  endfacet
  facet normal -0.653735 -0.745431 -0.130248
    outer loop
      vertex -27.7408 -27.7408 -7.80361
      vertex -23.8826 -31.1244 -7.80361
      vertex -28.2237 -28.2237 -2.61613
    endloop
  endfacet
  facet normal -0.653731 -0.745434 -0.130243
    outer loop
      vertex -23.8826 -31.1244 -7.80361
      vertex -24.2983 -31.6662 -2.61613
      vertex -28.2237 -28.2237 -2.61613
    endloop
  endfacet
  facet normal -0.550831 -0.824392 -0.130244
    outer loop
      vertex -23.8826 -31.1244 -7.80361
      vertex -19.6157 -33.9754 -7.80361
      vertex -24.2983 -31.6662 -2.61613
    endloop
  endfacet
  facet normal -0.550834 -0.824389 -0.130247
    outer loop
      vertex -19.6157 -33.9754 -7.80361
      vertex -19.9572 -34.5668 -2.61613
      vertex -24.2983 -31.6662 -2.61613
    endloop
  endfacet
  facet normal -0.438521 -0.889233 -0.130246
    outer loop
      vertex -19.6157 -33.9754 -7.80361
      vertex -15.0132 -36.2451 -7.80361
      vertex -19.9572 -34.5668 -2.61613
    endloop
  endfacet
  facet normal -0.438535 -0.889224 -0.130262
    outer loop
      vertex -15.0132 -36.2451 -7.80361
      vertex -15.2746 -36.8761 -2.61613
      vertex -19.9572 -34.5668 -2.61613
    endloop
  endfacet
  facet normal -0.318693 -0.938865 -0.130262
    outer loop
      vertex -15.0132 -36.2451 -7.80361
      vertex -10.1538 -37.8946 -7.80361
      vertex -15.2746 -36.8761 -2.61613
    endloop
  endfacet
  facet normal -0.31869 -0.938866 -0.130259
    outer loop
      vertex -10.1538 -37.8946 -7.80361
      vertex -10.3306 -38.5543 -2.61613
      vertex -15.2746 -36.8761 -2.61613
    endloop
  endfacet
  facet normal -0.193439 -0.972427 -0.130258
    outer loop
      vertex -10.1538 -37.8946 -7.80361
      vertex -5.12073 -38.8958 -7.80361
      vertex -10.3306 -38.5543 -2.61613
    endloop
  endfacet
  facet normal -0.193433 -0.972429 -0.130251
    outer loop
      vertex -5.12073 -38.8958 -7.80361
      vertex -5.20987 -39.5729 -2.61613
      vertex -10.3306 -38.5543 -2.61613
    endloop
  endfacet
  facet normal -0.0648401 -0.989359 -0.130251
    outer loop
      vertex -5.12073 -38.8958 -7.80361
      vertex -0 -39.2314 -7.80361
      vertex -5.20987 -39.5729 -2.61613
    endloop
  endfacet
  facet normal -0.064851 -0.989356 -0.130262
    outer loop
      vertex -0 -39.2314 -7.80361
      vertex -0 -39.9144 -2.61613
      vertex -5.20987 -39.5729 -2.61613
    endloop
  endfacet
  facet normal 0.06484 -0.989357 -0.130262
    outer loop
      vertex -0 -39.2314 -7.80361
      vertex 5.12073 -38.8958 -7.80361
      vertex -0 -39.9144 -2.61613
    endloop
  endfacet
  facet normal 0.0648511 -0.989358 -0.130251
    outer loop
      vertex 5.12073 -38.8958 -7.80361
      vertex 5.20987 -39.5729 -2.61613
      vertex -0 -39.9144 -2.61613
    endloop
  endfacet
  facet normal 0.19344 -0.972428 -0.130251
    outer loop
      vertex 5.12073 -38.8958 -7.80361
      vertex 10.1538 -37.8946 -7.80361
      vertex 5.20987 -39.5729 -2.61613
    endloop
  endfacet
  facet normal 0.193432 -0.972428 -0.130258
    outer loop
      vertex 10.1538 -37.8946 -7.80361
      vertex 10.3306 -38.5543 -2.61613
      vertex 5.20987 -39.5729 -2.61613
    endloop
  endfacet
  facet normal 0.318693 -0.938865 -0.130259
    outer loop
      vertex 10.1538 -37.8946 -7.80361
      vertex 15.0132 -36.2451 -7.80361
      vertex 10.3306 -38.5543 -2.61613
    endloop
  endfacet
  facet normal 0.31869 -0.938866 -0.130262
    outer loop
      vertex 15.0132 -36.2451 -7.80361
      vertex 15.2746 -36.8761 -2.61613
      vertex 10.3306 -38.5543 -2.61613
    endloop
  endfacet
  facet normal 0.43852 -0.889231 -0.130262
    outer loop
      vertex 15.0132 -36.2451 -7.80361
      vertex 19.6157 -33.9754 -7.80361
      vertex 15.2746 -36.8761 -2.61613
    endloop
  endfacet
  facet normal 0.438536 -0.889226 -0.130246
    outer loop
      vertex 19.6157 -33.9754 -7.80361
      vertex 19.9572 -34.5668 -2.61613
      vertex 15.2746 -36.8761 -2.61613
    endloop
  endfacet
  facet normal 0.550831 -0.824391 -0.130247
    outer loop
      vertex 19.6157 -33.9754 -7.80361
      vertex 23.8826 -31.1244 -7.80361
      vertex 19.9572 -34.5668 -2.61613
    endloop
  endfacet
  facet normal 0.550834 -0.82439 -0.130244
    outer loop
      vertex 23.8826 -31.1244 -7.80361
      vertex 24.2983 -31.6662 -2.61613
      vertex 19.9572 -34.5668 -2.61613
    endloop
  endfacet
  facet normal 0.653735 -0.745431 -0.130243
    outer loop
      vertex 23.8826 -31.1244 -7.80361
      vertex 27.7408 -27.7408 -7.80361
      vertex 24.2983 -31.6662 -2.61613
    endloop
  endfacet
  facet normal 0.653731 -0.745434 -0.130248
    outer loop
      vertex 27.7408 -27.7408 -7.80361
      vertex 28.2237 -28.2237 -2.61613
      vertex 24.2983 -31.6662 -2.61613
    endloop
  endfacet
  facet normal 0.745431 -0.653735 -0.130248
    outer loop
      vertex 27.7408 -27.7408 -7.80361
      vertex 31.1244 -23.8826 -7.80361
      vertex 28.2237 -28.2237 -2.61613
    endloop
  endfacet
  facet normal 0.745434 -0.653731 -0.130243
    outer loop
      vertex 31.1244 -23.8826 -7.80361
      vertex 31.6662 -24.2983 -2.61613
      vertex 28.2237 -28.2237 -2.61613
    endloop
  endfacet
  facet normal 0.824392 -0.550831 -0.130244
    outer loop
      vertex 31.1244 -23.8826 -7.80361
      vertex 33.9754 -19.6157 -7.80361
      vertex 31.6662 -24.2983 -2.61613
    endloop
  endfacet
  facet normal 0.824389 -0.550834 -0.130247
    outer loop
      vertex 33.9754 -19.6157 -7.80361
      vertex 34.5668 -19.9572 -2.61613
      vertex 31.6662 -24.2983 -2.61613
    endloop
  endfacet
  facet normal 0.889233 -0.438521 -0.130246
    outer loop
      vertex 33.9754 -19.6157 -7.80361
      vertex 36.2451 -15.0132 -7.80361
      vertex 34.5668 -19.9572 -2.61613
    endloop
  endfacet
  facet normal 0.889224 -0.438535 -0.130262
    outer loop
      vertex 36.2451 -15.0132 -7.80361
      vertex 36.8761 -15.2746 -2.61613
      vertex 34.5668 -19.9572 -2.61613
    endloop
  endfacet
  facet normal 0.938865 -0.318693 -0.130262
    outer loop
      vertex 36.2451 -15.0132 -7.80361
      vertex 37.8946 -10.1538 -7.80361
      vertex 36.8761 -15.2746 -2.61613
    endloop
  endfacet
  facet normal 0.938866 -0.31869 -0.130259
    outer loop
      vertex 37.8946 -10.1538 -7.80361
      vertex 38.5543 -10.3306 -2.61613
      vertex 36.8761 -15.2746 -2.61613
    endloop
  endfacet
  facet normal 0.972427 -0.193439 -0.130258
    outer loop
      vertex 37.8946 -10.1538 -7.80361
      vertex 38.8958 -5.12073 -7.80361
      vertex 38.5543 -10.3306 -2.61613
    endloop
  endfacet
  facet normal 0.972429 -0.193433 -0.130251
    outer loop
      vertex 38.8958 -5.12073 -7.80361
      vertex 39.5729 -5.20987 -2.61613
      vertex 38.5543 -10.3306 -2.61613
    endloop
  endfacet
  facet normal 0.989359 -0.0648401 -0.130251
    outer loop
      vertex 38.8958 -5.12073 -7.80361
      vertex 39.2314 0 -7.80361
      vertex 39.5729 -5.20987 -2.61613
    endloop
  endfacet
  facet normal 0.989356 -0.064851 -0.130262
    outer loop
      vertex 39.2314 0 -7.80361
      vertex 39.9144 0 -2.61613
      vertex 39.5729 -5.20987 -2.61613
    endloop
  endfacet
  facet normal 0.963997 0.0631749 -0.2583
    outer loop
      vertex 37.8772 0 -12.8576
      vertex 37.5532 4.94397 -12.8576
      vertex 39.2314 0 -7.80361
    endloop
  endfacet
  facet normal 0.963998 0.063178 -0.258297
    outer loop
      vertex 37.5532 4.94397 -12.8576
      vertex 38.8958 5.12073 -7.80361
      vertex 39.2314 0 -7.80361
    endloop
  endfacet
  facet normal 0.947502 0.188472 -0.258297
    outer loop
      vertex 37.5532 4.94397 -12.8576
      vertex 36.5866 9.80334 -12.8576
      vertex 38.8958 5.12073 -7.80361
    endloop
  endfacet
  facet normal 0.947503 0.188481 -0.258289
    outer loop
      vertex 36.5866 9.80334 -12.8576
      vertex 37.8946 10.1538 -7.80361
      vertex 38.8958 5.12073 -7.80361
    endloop
  endfacet
  facet normal 0.914799 0.310532 -0.258288
    outer loop
      vertex 36.5866 9.80334 -12.8576
      vertex 34.994 14.495 -12.8576
      vertex 37.8946 10.1538 -7.80361
    endloop
  endfacet
  facet normal 0.9148 0.310524 -0.258295
    outer loop
      vertex 34.994 14.495 -12.8576
      vertex 36.2451 15.0132 -7.80361
      vertex 37.8946 10.1538 -7.80361
    endloop
  endfacet
  facet normal 0.866434 0.427289 -0.258294
    outer loop
      vertex 34.994 14.495 -12.8576
      vertex 32.8026 18.9386 -12.8576
      vertex 36.2451 15.0132 -7.80361
    endloop
  endfacet
  facet normal 0.866436 0.427279 -0.258304
    outer loop
      vertex 32.8026 18.9386 -12.8576
      vertex 33.9754 19.6157 -7.80361
      vertex 36.2451 15.0132 -7.80361
    endloop
  endfacet
  facet normal 0.803255 0.536712 -0.258304
    outer loop
      vertex 32.8026 18.9386 -12.8576
      vertex 30.05 23.0582 -12.8576
      vertex 33.9754 19.6157 -7.80361
    endloop
  endfacet
  facet normal 0.803256 0.536709 -0.258307
    outer loop
      vertex 30.05 23.0582 -12.8576
      vertex 31.1244 23.8826 -7.80361
      vertex 33.9754 19.6157 -7.80361
    endloop
  endfacet
  facet normal 0.726319 0.636976 -0.258307
    outer loop
      vertex 30.05 23.0582 -12.8576
      vertex 26.7832 26.7832 -12.8576
      vertex 31.1244 23.8826 -7.80361
    endloop
  endfacet
  facet normal 0.72632 0.636974 -0.258309
    outer loop
      vertex 26.7832 26.7832 -12.8576
      vertex 27.7408 27.7408 -7.80361
      vertex 31.1244 23.8826 -7.80361
    endloop
  endfacet
  facet normal 0.636976 0.726318 -0.258309
    outer loop
      vertex 26.7832 26.7832 -12.8576
      vertex 23.0582 30.05 -12.8576
      vertex 27.7408 27.7408 -7.80361
    endloop
  endfacet
  facet normal 0.636975 0.72632 -0.258307
    outer loop
      vertex 23.0582 30.05 -12.8576
      vertex 23.8826 31.1244 -7.80361
      vertex 27.7408 27.7408 -7.80361
    endloop
  endfacet
  facet normal 0.536712 0.803254 -0.258307
    outer loop
      vertex 23.0582 30.05 -12.8576
      vertex 18.9386 32.8026 -12.8576
      vertex 23.8826 31.1244 -7.80361
    endloop
  endfacet
  facet normal 0.53671 0.803257 -0.258304
    outer loop
      vertex 18.9386 32.8026 -12.8576
      vertex 19.6157 33.9754 -7.80361
      vertex 23.8826 31.1244 -7.80361
    endloop
  endfacet
  facet normal 0.427288 0.866432 -0.258304
    outer loop
      vertex 18.9386 32.8026 -12.8576
      vertex 14.495 34.994 -12.8576
      vertex 19.6157 33.9754 -7.80361
    endloop
  endfacet
  facet normal 0.42728 0.866439 -0.258294
    outer loop
      vertex 14.495 34.994 -12.8576
      vertex 15.0132 36.2451 -7.80361
      vertex 19.6157 33.9754 -7.80361
    endloop
  endfacet
  facet normal 0.310531 0.914797 -0.258295
    outer loop
      vertex 14.495 34.994 -12.8576
      vertex 9.80334 36.5866 -12.8576
      vertex 15.0132 36.2451 -7.80361
    endloop
  endfacet
  facet normal 0.310525 0.914801 -0.258288
    outer loop
      vertex 9.80334 36.5866 -12.8576
      vertex 10.1538 37.8946 -7.80361
      vertex 15.0132 36.2451 -7.80361
    endloop
  endfacet
  facet normal 0.188473 0.947505 -0.258289
    outer loop
      vertex 9.80334 36.5866 -12.8576
      vertex 4.94397 37.5532 -12.8576
      vertex 10.1538 37.8946 -7.80361
    endloop
  endfacet
  facet normal 0.188481 0.947501 -0.258297
    outer loop
      vertex 4.94397 37.5532 -12.8576
      vertex 5.12073 38.8958 -7.80361
      vertex 10.1538 37.8946 -7.80361
    endloop
  endfacet
  facet normal 0.063175 0.963998 -0.258297
    outer loop
      vertex 4.94397 37.5532 -12.8576
      vertex 0 37.8772 -12.8576
      vertex 5.12073 38.8958 -7.80361
    endloop
  endfacet
  facet normal 0.063178 0.963997 -0.2583
    outer loop
      vertex 0 37.8772 -12.8576
      vertex 0 39.2314 -7.80361
      vertex 5.12073 38.8958 -7.80361
    endloop
  endfacet
  facet normal -0.0631749 0.963997 -0.2583
    outer loop
      vertex 0 37.8772 -12.8576
      vertex -4.94397 37.5532 -12.8576
      vertex 0 39.2314 -7.80361
    endloop
  endfacet
  facet normal -0.063178 0.963998 -0.258297
    outer loop
      vertex -4.94397 37.5532 -12.8576
      vertex -5.12073 38.8958 -7.80361
      vertex 0 39.2314 -7.80361
    endloop
  endfacet
  facet normal -0.188472 0.947502 -0.258297
    outer loop
      vertex -4.94397 37.5532 -12.8576
      vertex -9.80334 36.5866 -12.8576
      vertex -5.12073 38.8958 -7.80361
    endloop
  endfacet
  facet normal -0.188481 0.947503 -0.258289
    outer loop
      vertex -9.80334 36.5866 -12.8576
      vertex -10.1538 37.8946 -7.80361
      vertex -5.12073 38.8958 -7.80361
    endloop
  endfacet
  facet normal -0.310532 0.914799 -0.258288
    outer loop
      vertex -9.80334 36.5866 -12.8576
      vertex -14.495 34.994 -12.8576
      vertex -10.1538 37.8946 -7.80361
    endloop
  endfacet
  facet normal -0.310524 0.9148 -0.258295
    outer loop
      vertex -14.495 34.994 -12.8576
      vertex -15.0132 36.2451 -7.80361
      vertex -10.1538 37.8946 -7.80361
    endloop
  endfacet
  facet normal -0.427289 0.866434 -0.258294
    outer loop
      vertex -14.495 34.994 -12.8576
      vertex -18.9386 32.8026 -12.8576
      vertex -15.0132 36.2451 -7.80361
    endloop
  endfacet
  facet normal -0.427279 0.866436 -0.258304
    outer loop
      vertex -18.9386 32.8026 -12.8576
      vertex -19.6157 33.9754 -7.80361
      vertex -15.0132 36.2451 -7.80361
    endloop
  endfacet
  facet normal -0.536712 0.803255 -0.258304
    outer loop
      vertex -18.9386 32.8026 -12.8576
      vertex -23.0582 30.05 -12.8576
      vertex -19.6157 33.9754 -7.80361
    endloop
  endfacet
  facet normal -0.536709 0.803256 -0.258307
    outer loop
      vertex -23.0582 30.05 -12.8576
      vertex -23.8826 31.1244 -7.80361
      vertex -19.6157 33.9754 -7.80361
    endloop
  endfacet
  facet normal -0.636976 0.726319 -0.258307
    outer loop
      vertex -23.0582 30.05 -12.8576
      vertex -26.7832 26.7832 -12.8576
      vertex -23.8826 31.1244 -7.80361
    endloop
  endfacet
  facet normal -0.636974 0.72632 -0.258309
    outer loop
      vertex -26.7832 26.7832 -12.8576
      vertex -27.7408 27.7408 -7.80361
      vertex -23.8826 31.1244 -7.80361
    endloop
  endfacet
  facet normal -0.726318 0.636976 -0.258309
    outer loop
      vertex -26.7832 26.7832 -12.8576
      vertex -30.05 23.0582 -12.8576
      vertex -27.7408 27.7408 -7.80361
    endloop
  endfacet
  facet normal -0.72632 0.636975 -0.258307
    outer loop
      vertex -30.05 23.0582 -12.8576
      vertex -31.1244 23.8826 -7.80361
      vertex -27.7408 27.7408 -7.80361
    endloop
  endfacet
  facet normal -0.803254 0.536712 -0.258307
    outer loop
      vertex -30.05 23.0582 -12.8576
      vertex -32.8026 18.9386 -12.8576
      vertex -31.1244 23.8826 -7.80361
    endloop
  endfacet
  facet normal -0.803257 0.53671 -0.258304
    outer loop
      vertex -32.8026 18.9386 -12.8576
      vertex -33.9754 19.6157 -7.80361
      vertex -31.1244 23.8826 -7.80361
    endloop
  endfacet
  facet normal -0.866432 0.427288 -0.258304
    outer loop
      vertex -32.8026 18.9386 -12.8576
      vertex -34.994 14.495 -12.8576
      vertex -33.9754 19.6157 -7.80361
    endloop
  endfacet
  facet normal -0.866439 0.42728 -0.258294
    outer loop
      vertex -34.994 14.495 -12.8576
      vertex -36.2451 15.0132 -7.80361
      vertex -33.9754 19.6157 -7.80361
    endloop
  endfacet
  facet normal -0.914797 0.310531 -0.258295
    outer loop
      vertex -34.994 14.495 -12.8576
      vertex -36.5866 9.80334 -12.8576
      vertex -36.2451 15.0132 -7.80361
    endloop
  endfacet
  facet normal -0.914801 0.310525 -0.258288
    outer loop
      vertex -36.5866 9.80334 -12.8576
      vertex -37.8946 10.1538 -7.80361
      vertex -36.2451 15.0132 -7.80361
    endloop
  endfacet
  facet normal -0.947505 0.188473 -0.258289
    outer loop
      vertex -36.5866 9.80334 -12.8576
      vertex -37.5532 4.94397 -12.8576
      vertex -37.8946 10.1538 -7.80361
    endloop
  endfacet
  facet normal -0.947501 0.188481 -0.258297
    outer loop
      vertex -37.5532 4.94397 -12.8576
      vertex -38.8958 5.12073 -7.80361
      vertex -37.8946 10.1538 -7.80361
    endloop
  endfacet
  facet normal -0.963998 0.063175 -0.258297
    outer loop
      vertex -37.5532 4.94397 -12.8576
      vertex -37.8772 -0 -12.8576
      vertex -38.8958 5.12073 -7.80361
    endloop
  endfacet
  facet normal -0.963997 0.063178 -0.2583
    outer loop
      vertex -37.8772 -0 -12.8576
      vertex -39.2314 -0 -7.80361
      vertex -38.8958 5.12073 -7.80361
    endloop
  endfacet
  facet normal -0.963997 -0.0631749 -0.2583
    outer loop
      vertex -37.8772 -0 -12.8576
      vertex -37.5532 -4.94397 -12.8576
      vertex -39.2314 -0 -7.80361
    endloop
  endfacet
  facet normal -0.963998 -0.063178 -0.258297
    outer loop
      vertex -37.5532 -4.94397 -12.8576
      vertex -38.8958 -5.12073 -7.80361
      vertex -39.2314 -0 -7.80361
    endloop
  endfacet
  facet normal -0.947502 -0.188472 -0.258297
    outer loop
      vertex -37.5532 -4.94397 -12.8576
      vertex -36.5866 -9.80334 -12.8576
      vertex -38.8958 -5.12073 -7.80361
    endloop
  endfacet
  facet normal -0.947503 -0.188481 -0.258289
    outer loop
      vertex -36.5866 -9.80334 -12.8576
      vertex -37.8946 -10.1538 -7.80361
      vertex -38.8958 -5.12073 -7.80361
    endloop
  endfacet
  facet normal -0.914799 -0.310532 -0.258288
    outer loop
      vertex -36.5866 -9.80334 -12.8576
      vertex -34.994 -14.495 -12.8576
      vertex -37.8946 -10.1538 -7.80361
    endloop
  endfacet
  facet normal -0.9148 -0.310524 -0.258295
    outer loop
      vertex -34.994 -14.495 -12.8576
      vertex -36.2451 -15.0132 -7.80361
      vertex -37.8946 -10.1538 -7.80361
    endloop
  endfacet
  facet normal -0.866434 -0.427289 -0.258294
    outer loop
      vertex -34.994 -14.495 -12.8576
      vertex -32.8026 -18.9386 -12.8576
      vertex -36.2451 -15.0132 -7.80361
    endloop
  endfacet
  facet normal -0.866436 -0.427279 -0.258304
    outer loop
      vertex -32.8026 -18.9386 -12.8576
      vertex -33.9754 -19.6157 -7.80361
      vertex -36.2451 -15.0132 -7.80361
    endloop
  endfacet
  facet normal -0.803255 -0.536712 -0.258304
    outer loop
      vertex -32.8026 -18.9386 -12.8576
      vertex -30.05 -23.0582 -12.8576
      vertex -33.9754 -19.6157 -7.80361
    endloop
  endfacet
  facet normal -0.803256 -0.536709 -0.258307
    outer loop
      vertex -30.05 -23.0582 -12.8576
      vertex -31.1244 -23.8826 -7.80361
      vertex -33.9754 -19.6157 -7.80361
    endloop
  endfacet
  facet normal -0.726319 -0.636976 -0.258307
    outer loop
      vertex -30.05 -23.0582 -12.8576
      vertex -26.7832 -26.7832 -12.8576
      vertex -31.1244 -23.8826 -7.80361
    endloop
  endfacet
  facet normal -0.72632 -0.636974 -0.258309
    outer loop
      vertex -26.7832 -26.7832 -12.8576
      vertex -27.7408 -27.7408 -7.80361
      vertex -31.1244 -23.8826 -7.80361
    endloop
  endfacet
  facet normal -0.636976 -0.726318 -0.258309
    outer loop
      vertex -26.7832 -26.7832 -12.8576
      vertex -23.0582 -30.05 -12.8576
      vertex -27.7408 -27.7408 -7.80361
    endloop
  endfacet
  facet normal -0.636975 -0.72632 -0.258307
    outer loop
      vertex -23.0582 -30.05 -12.8576
      vertex -23.8826 -31.1244 -7.80361
      vertex -27.7408 -27.7408 -7.80361
    endloop
  endfacet
  facet normal -0.536712 -0.803254 -0.258307
    outer loop
      vertex -23.0582 -30.05 -12.8576
      vertex -18.9386 -32.8026 -12.8576
      vertex -23.8826 -31.1244 -7.80361
    endloop
  endfacet
  facet normal -0.53671 -0.803257 -0.258304
    outer loop
      vertex -18.9386 -32.8026 -12.8576
      vertex -19.6157 -33.9754 -7.80361
      vertex -23.8826 -31.1244 -7.80361
    endloop
  endfacet
  facet normal -0.427288 -0.866432 -0.258304
    outer loop
      vertex -18.9386 -32.8026 -12.8576
      vertex -14.495 -34.994 -12.8576
      vertex -19.6157 -33.9754 -7.80361
    endloop
  endfacet
  facet normal -0.42728 -0.866439 -0.258294
    outer loop
      vertex -14.495 -34.994 -12.8576
      vertex -15.0132 -36.2451 -7.80361
      vertex -19.6157 -33.9754 -7.80361
    endloop
  endfacet
  facet normal -0.310531 -0.914797 -0.258295
    outer loop
      vertex -14.495 -34.994 -12.8576
      vertex -9.80334 -36.5866 -12.8576
      vertex -15.0132 -36.2451 -7.80361
    endloop
  endfacet
  facet normal -0.310525 -0.914801 -0.258288
    outer loop
      vertex -9.80334 -36.5866 -12.8576
      vertex -10.1538 -37.8946 -7.80361
      vertex -15.0132 -36.2451 -7.80361
    endloop
  endfacet
  facet normal -0.188473 -0.947505 -0.258289
    outer loop
      vertex -9.80334 -36.5866 -12.8576
      vertex -4.94397 -37.5532 -12.8576
      vertex -10.1538 -37.8946 -7.80361
    endloop
  endfacet
  facet normal -0.188481 -0.947501 -0.258297
    outer loop
      vertex -4.94397 -37.5532 -12.8576
      vertex -5.12073 -38.8958 -7.80361
      vertex -10.1538 -37.8946 -7.80361
    endloop
  endfacet
  facet normal -0.063175 -0.963998 -0.258297
    outer loop
      vertex -4.94397 -37.5532 -12.8576
      vertex -0 -37.8772 -12.8576
      vertex -5.12073 -38.8958 -7.80361
    endloop
  endfacet
  facet normal -0.063178 -0.963997 -0.2583
    outer loop
      vertex -0 -37.8772 -12.8576
      vertex -0 -39.2314 -7.80361
      vertex -5.12073 -38.8958 -7.80361
    endloop
  endfacet
  facet normal 0.0631749 -0.963997 -0.2583
    outer loop
      vertex -0 -37.8772 -12.8576
      vertex 4.94397 -37.5532 -12.8576
      vertex -0 -39.2314 -7.80361
    endloop
  endfacet
  facet normal 0.063178 -0.963998 -0.258297
    outer loop
      vertex 4.94397 -37.5532 -12.8576
      vertex 5.12073 -38.8958 -7.80361
      vertex -0 -39.2314 -7.80361
    endloop
  endfacet
  facet normal 0.188472 -0.947502 -0.258297
    outer loop
      vertex 4.94397 -37.5532 -12.8576
      vertex 9.80334 -36.5866 -12.8576
      vertex 5.12073 -38.8958 -7.80361
    endloop
  endfacet
  facet normal 0.188481 -0.947503 -0.258289
    outer loop
      vertex 9.80334 -36.5866 -12.8576
      vertex 10.1538 -37.8946 -7.80361
      vertex 5.12073 -38.8958 -7.80361
    endloop
  endfacet
  facet normal 0.310532 -0.914799 -0.258288
    outer loop
      vertex 9.80334 -36.5866 -12.8576
      vertex 14.495 -34.994 -12.8576
      vertex 10.1538 -37.8946 -7.80361
    endloop
  endfacet
  facet normal 0.310524 -0.9148 -0.258295
    outer loop
      vertex 14.495 -34.994 -12.8576
      vertex 15.0132 -36.2451 -7.80361
      vertex 10.1538 -37.8946 -7.80361
    endloop
  endfacet
  facet normal 0.427289 -0.866434 -0.258294
    outer loop
      vertex 14.495 -34.994 -12.8576
      vertex 18.9386 -32.8026 -12.8576
      vertex 15.0132 -36.2451 -7.80361
    endloop
  endfacet
  facet normal 0.427279 -0.866436 -0.258304
    outer loop
      vertex 18.9386 -32.8026 -12.8576
      vertex 19.6157 -33.9754 -7.80361
      vertex 15.0132 -36.2451 -7.80361
    endloop
  endfacet
  facet normal 0.536712 -0.803255 -0.258304
    outer loop
      vertex 18.9386 -32.8026 -12.8576
      vertex 23.0582 -30.05 -12.8576
      vertex 19.6157 -33.9754 -7.80361
    endloop
  endfacet
  facet normal 0.536709 -0.803256 -0.258307
    outer loop
      vertex 23.0582 -30.05 -12.8576
      vertex 23.8826 -31.1244 -7.80361
      vertex 19.6157 -33.9754 -7.80361
    endloop
  endfacet
  facet normal 0.636976 -0.726319 -0.258307
    outer loop
      vertex 23.0582 -30.05 -12.8576
      vertex 26.7832 -26.7832 -12.8576
      vertex 23.8826 -31.1244 -7.80361
    endloop
  endfacet
  facet normal 0.636974 -0.72632 -0.258309
    outer loop
      vertex 26.7832 -26.7832 -12.8576
      vertex 27.7408 -27.7408 -7.80361
      vertex 23.8826 -31.1244 -7.80361
    endloop
  endfacet
  facet normal 0.726318 -0.636976 -0.258309
    outer loop
      vertex 26.7832 -26.7832 -12.8576
      vertex 30.05 -23.0582 -12.8576
      vertex 27.7408 -27.7408 -7.80361
    endloop
  endfacet
  facet normal 0.72632 -0.636975 -0.258307
    outer loop
      vertex 30.05 -23.0582 -12.8576
      vertex 31.1244 -23.8826 -7.80361
      vertex 27.7408 -27.7408 -7.80361
    endloop
  endfacet
  facet normal 0.803254 -0.536712 -0.258307
    outer loop
      vertex 30.05 -23.0582 -12.8576
      vertex 32.8026 -18.9386 -12.8576
      vertex 31.1244 -23.8826 -7.80361
    endloop
  endfacet
  facet normal 0.803257 -0.53671 -0.258304
    outer loop
      vertex 32.8026 -18.9386 -12.8576
      vertex 33.9754 -19.6157 -7.80361
      vertex 31.1244 -23.8826 -7.80361
    endloop
  endfacet
  facet normal 0.866432 -0.427288 -0.258304
    outer loop
      vertex 32.8026 -18.9386 -12.8576
      vertex 34.994 -14.495 -12.8576
      vertex 33.9754 -19.6157 -7.80361
    endloop
  endfacet
  facet normal 0.866439 -0.42728 -0.258294
    outer loop
      vertex 34.994 -14.495 -12.8576
      vertex 36.2451 -15.0132 -7.80361
      vertex 33.9754 -19.6157 -7.80361
    endloop
  endfacet
  facet normal 0.914797 -0.310531 -0.258295
    outer loop
      vertex 34.994 -14.495 -12.8576
      vertex 36.5866 -9.80334 -12.8576
      vertex 36.2451 -15.0132 -7.80361
    endloop
  endfacet
  facet normal 0.914801 -0.310525 -0.258288
    outer loop
      vertex 36.5866 -9.80334 -12.8576
      vertex 37.8946 -10.1538 -7.80361
      vertex 36.2451 -15.0132 -7.80361
    endloop
  endfacet
  facet normal 0.947505 -0.188473 -0.258289
    outer loop
      vertex 36.5866 -9.80334 -12.8576
      vertex 37.5532 -4.94397 -12.8576
      vertex 37.8946 -10.1538 -7.80361
    endloop
  endfacet
  facet normal 0.947501 -0.188481 -0.258297
    outer loop
      vertex 37.5532 -4.94397 -12.8576
      vertex 38.8958 -5.12073 -7.80361
      vertex 37.8946 -10.1538 -7.80361
    endloop
  endfacet
  facet normal 0.963998 -0.063175 -0.258297
    outer loop
      vertex 37.5532 -4.94397 -12.8576
      vertex 37.8772 0 -12.8576
      vertex 38.8958 -5.12073 -7.80361
    endloop
  endfacet
  facet normal 0.963997 -0.063178 -0.2583
    outer loop
      vertex 37.8772 0 -12.8576
      vertex 39.2314 0 -7.80361
      vertex 38.8958 -5.12073 -7.80361
    endloop
  endfacet
  facet normal 0.922188 0.0604404 -0.381989
    outer loop
      vertex 35.8749 0 -17.6915
      vertex 35.568 4.68262 -17.6915
      vertex 37.8772 0 -12.8576
    endloop
  endfacet
  facet normal 0.922187 0.0604349 -0.381994
    outer loop
      vertex 35.568 4.68262 -17.6915
      vertex 37.5532 4.94397 -12.8576
      vertex 37.8772 0 -12.8576
    endloop
  endfacet
  facet normal 0.906407 0.180297 -0.381994
    outer loop
      vertex 35.568 4.68262 -17.6915
      vertex 34.6525 9.28511 -17.6915
      vertex 37.5532 4.94397 -12.8576
    endloop
  endfacet
  facet normal 0.906407 0.180298 -0.381993
    outer loop
      vertex 34.6525 9.28511 -17.6915
      vertex 36.5866 9.80334 -12.8576
      vertex 37.5532 4.94397 -12.8576
    endloop
  endfacet
  facet normal 0.87512 0.297064 -0.381993
    outer loop
      vertex 34.6525 9.28511 -17.6915
      vertex 33.1441 13.7287 -17.6915
      vertex 36.5866 9.80334 -12.8576
    endloop
  endfacet
  facet normal 0.87512 0.297062 -0.381994
    outer loop
      vertex 33.1441 13.7287 -17.6915
      vertex 34.994 14.495 -12.8576
      vertex 36.5866 9.80334 -12.8576
    endloop
  endfacet
  facet normal 0.828862 0.408739 -0.381996
    outer loop
      vertex 33.1441 13.7287 -17.6915
      vertex 31.0686 17.9375 -17.6915
      vertex 34.994 14.495 -12.8576
    endloop
  endfacet
  facet normal 0.828859 0.408759 -0.381979
    outer loop
      vertex 31.0686 17.9375 -17.6915
      vertex 32.8026 18.9386 -12.8576
      vertex 34.994 14.495 -12.8576
    endloop
  endfacet
  facet normal 0.76842 0.513442 -0.381979
    outer loop
      vertex 31.0686 17.9375 -17.6915
      vertex 28.4615 21.8393 -17.6915
      vertex 32.8026 18.9386 -12.8576
    endloop
  endfacet
  facet normal 0.768421 0.513437 -0.381983
    outer loop
      vertex 28.4615 21.8393 -17.6915
      vertex 30.05 23.0582 -12.8576
      vertex 32.8026 18.9386 -12.8576
    endloop
  endfacet
  facet normal 0.694824 0.609352 -0.381983
    outer loop
      vertex 28.4615 21.8393 -17.6915
      vertex 25.3674 25.3674 -17.6915
      vertex 30.05 23.0582 -12.8576
    endloop
  endfacet
  facet normal 0.694822 0.609355 -0.38198
    outer loop
      vertex 25.3674 25.3674 -17.6915
      vertex 26.7832 26.7832 -12.8576
      vertex 30.05 23.0582 -12.8576
    endloop
  endfacet
  facet normal 0.609352 0.694824 -0.38198
    outer loop
      vertex 25.3674 25.3674 -17.6915
      vertex 21.8393 28.4615 -17.6915
      vertex 26.7832 26.7832 -12.8576
    endloop
  endfacet
  facet normal 0.609354 0.694822 -0.381983
    outer loop
      vertex 21.8393 28.4615 -17.6915
      vertex 23.0582 30.05 -12.8576
      vertex 26.7832 26.7832 -12.8576
    endloop
  endfacet
  facet normal 0.513441 0.768419 -0.381983
    outer loop
      vertex 21.8393 28.4615 -17.6915
      vertex 17.9375 31.0686 -17.6915
      vertex 23.0582 30.05 -12.8576
    endloop
  endfacet
  facet normal 0.513438 0.768423 -0.381979
    outer loop
      vertex 17.9375 31.0686 -17.6915
      vertex 18.9386 32.8026 -12.8576
      vertex 23.0582 30.05 -12.8576
    endloop
  endfacet
  facet normal 0.408742 0.828868 -0.381979
    outer loop
      vertex 17.9375 31.0686 -17.6915
      vertex 13.7287 33.1441 -17.6915
      vertex 18.9386 32.8026 -12.8576
    endloop
  endfacet
  facet normal 0.408756 0.828853 -0.381995
    outer loop
      vertex 13.7287 33.1441 -17.6915
      vertex 14.495 34.994 -12.8576
      vertex 18.9386 32.8026 -12.8576
    endloop
  endfacet
  facet normal 0.297064 0.875119 -0.381994
    outer loop
      vertex 13.7287 33.1441 -17.6915
      vertex 9.28511 34.6525 -17.6915
      vertex 14.495 34.994 -12.8576
    endloop
  endfacet
  facet normal 0.297062 0.87512 -0.381993
    outer loop
      vertex 9.28511 34.6525 -17.6915
      vertex 9.80334 36.5866 -12.8576
      vertex 14.495 34.994 -12.8576
    endloop
  endfacet
  facet normal 0.180297 0.906407 -0.381993
    outer loop
      vertex 9.28511 34.6525 -17.6915
      vertex 4.68262 35.568 -17.6915
      vertex 9.80334 36.5866 -12.8576
    endloop
  endfacet
  facet normal 0.180298 0.906407 -0.381994
    outer loop
      vertex 4.68262 35.568 -17.6915
      vertex 4.94397 37.5532 -12.8576
      vertex 9.80334 36.5866 -12.8576
    endloop
  endfacet
  facet normal 0.0604403 0.922186 -0.381994
    outer loop
      vertex 4.68262 35.568 -17.6915
      vertex 0 35.8749 -17.6915
      vertex 4.94397 37.5532 -12.8576
    endloop
  endfacet
  facet normal 0.0604351 0.922189 -0.381989
    outer loop
      vertex 0 35.8749 -17.6915
      vertex 0 37.8772 -12.8576
      vertex 4.94397 37.5532 -12.8576
    endloop
  endfacet
  facet normal -0.0604404 0.922188 -0.381989
    outer loop
      vertex 0 35.8749 -17.6915
      vertex -4.68262 35.568 -17.6915
      vertex 0 37.8772 -12.8576
    endloop
  endfacet
  facet normal -0.0604349 0.922187 -0.381994
    outer loop
      vertex -4.68262 35.568 -17.6915
      vertex -4.94397 37.5532 -12.8576
      vertex 0 37.8772 -12.8576
    endloop
  endfacet
  facet normal -0.180297 0.906407 -0.381994
    outer loop
      vertex -4.68262 35.568 -17.6915
      vertex -9.28511 34.6525 -17.6915
      vertex -4.94397 37.5532 -12.8576
    endloop
  endfacet
  facet normal -0.180298 0.906407 -0.381993
    outer loop
      vertex -9.28511 34.6525 -17.6915
      vertex -9.80334 36.5866 -12.8576
      vertex -4.94397 37.5532 -12.8576
    endloop
  endfacet
  facet normal -0.297064 0.87512 -0.381993
    outer loop
      vertex -9.28511 34.6525 -17.6915
      vertex -13.7287 33.1441 -17.6915
      vertex -9.80334 36.5866 -12.8576
    endloop
  endfacet
  facet normal -0.297062 0.87512 -0.381994
    outer loop
      vertex -13.7287 33.1441 -17.6915
      vertex -14.495 34.994 -12.8576
      vertex -9.80334 36.5866 -12.8576
    endloop
  endfacet
  facet normal -0.408739 0.828862 -0.381996
    outer loop
      vertex -13.7287 33.1441 -17.6915
      vertex -17.9375 31.0686 -17.6915
      vertex -14.495 34.994 -12.8576
    endloop
  endfacet
  facet normal -0.408759 0.828859 -0.381979
    outer loop
      vertex -17.9375 31.0686 -17.6915
      vertex -18.9386 32.8026 -12.8576
      vertex -14.495 34.994 -12.8576
    endloop
  endfacet
  facet normal -0.513442 0.76842 -0.381979
    outer loop
      vertex -17.9375 31.0686 -17.6915
      vertex -21.8393 28.4615 -17.6915
      vertex -18.9386 32.8026 -12.8576
    endloop
  endfacet
  facet normal -0.513437 0.768421 -0.381983
    outer loop
      vertex -21.8393 28.4615 -17.6915
      vertex -23.0582 30.05 -12.8576
      vertex -18.9386 32.8026 -12.8576
    endloop
  endfacet
  facet normal -0.609352 0.694824 -0.381983
    outer loop
      vertex -21.8393 28.4615 -17.6915
      vertex -25.3674 25.3674 -17.6915
      vertex -23.0582 30.05 -12.8576
    endloop
  endfacet
  facet normal -0.609355 0.694822 -0.38198
    outer loop
      vertex -25.3674 25.3674 -17.6915
      vertex -26.7832 26.7832 -12.8576
      vertex -23.0582 30.05 -12.8576
    endloop
  endfacet
  facet normal -0.694824 0.609352 -0.38198
    outer loop
      vertex -25.3674 25.3674 -17.6915
      vertex -28.4615 21.8393 -17.6915
      vertex -26.7832 26.7832 -12.8576
    endloop
  endfacet
  facet normal -0.694822 0.609354 -0.381983
    outer loop
      vertex -28.4615 21.8393 -17.6915
      vertex -30.05 23.0582 -12.8576
      vertex -26.7832 26.7832 -12.8576
    endloop
  endfacet
  facet normal -0.768419 0.513441 -0.381983
    outer loop
      vertex -28.4615 21.8393 -17.6915
      vertex -31.0686 17.9375 -17.6915
      vertex -30.05 23.0582 -12.8576
    endloop
  endfacet
  facet normal -0.768423 0.513438 -0.381979
    outer loop
      vertex -31.0686 17.9375 -17.6915
      vertex -32.8026 18.9386 -12.8576
      vertex -30.05 23.0582 -12.8576
    endloop
  endfacet
  facet normal -0.828868 0.408742 -0.381979
    outer loop
      vertex -31.0686 17.9375 -17.6915
      vertex -33.1441 13.7287 -17.6915
      vertex -32.8026 18.9386 -12.8576
    endloop
  endfacet
  facet normal -0.828853 0.408756 -0.381995
    outer loop
      vertex -33.1441 13.7287 -17.6915
      vertex -34.994 14.495 -12.8576
      vertex -32.8026 18.9386 -12.8576
    endloop
  endfacet
  facet normal -0.875119 0.297064 -0.381994
    outer loop
      vertex -33.1441 13.7287 -17.6915
      vertex -34.6525 9.28511 -17.6915
      vertex -34.994 14.495 -12.8576
    endloop
  endfacet
  facet normal -0.87512 0.297062 -0.381993
    outer loop
      vertex -34.6525 9.28511 -17.6915
      vertex -36.5866 9.80334 -12.8576
      vertex -34.994 14.495 -12.8576
    endloop
  endfacet
  facet normal -0.906407 0.180297 -0.381993
    outer loop
      vertex -34.6525 9.28511 -17.6915
      vertex -35.568 4.68262 -17.6915
      vertex -36.5866 9.80334 -12.8576
    endloop
  endfacet
  facet normal -0.906407 0.180298 -0.381994
    outer loop
      vertex -35.568 4.68262 -17.6915
      vertex -37.5532 4.94397 -12.8576
      vertex -36.5866 9.80334 -12.8576
    endloop
  endfacet
  facet normal -0.922186 0.0604403 -0.381994
    outer loop
      vertex -35.568 4.68262 -17.6915
      vertex -35.8749 -0 -17.6915
      vertex -37.5532 4.94397 -12.8576
    endloop
  endfacet
  facet normal -0.922189 0.0604351 -0.381989
    outer loop
      vertex -35.8749 -0 -17.6915
      vertex -37.8772 -0 -12.8576
      vertex -37.5532 4.94397 -12.8576
    endloop
  endfacet
  facet normal -0.922188 -0.0604404 -0.381989
    outer loop
      vertex -35.8749 -0 -17.6915
      vertex -35.568 -4.68262 -17.6915
      vertex -37.8772 -0 -12.8576
    endloop
  endfacet
  facet normal -0.922187 -0.0604349 -0.381994
    outer loop
      vertex -35.568 -4.68262 -17.6915
      vertex -37.5532 -4.94397 -12.8576
      vertex -37.8772 -0 -12.8576
    endloop
  endfacet
  facet normal -0.906407 -0.180297 -0.381994
    outer loop
      vertex -35.568 -4.68262 -17.6915
      vertex -34.6525 -9.28511 -17.6915
      vertex -37.5532 -4.94397 -12.8576
    endloop
  endfacet
  facet normal -0.906407 -0.180298 -0.381993
    outer loop
      vertex -34.6525 -9.28511 -17.6915
      vertex -36.5866 -9.80334 -12.8576
      vertex -37.5532 -4.94397 -12.8576
    endloop
  endfacet
  facet normal -0.87512 -0.297064 -0.381993
    outer loop
      vertex -34.6525 -9.28511 -17.6915
      vertex -33.1441 -13.7287 -17.6915
      vertex -36.5866 -9.80334 -12.8576
    endloop
  endfacet
  facet normal -0.87512 -0.297062 -0.381994
    outer loop
      vertex -33.1441 -13.7287 -17.6915
      vertex -34.994 -14.495 -12.8576
      vertex -36.5866 -9.80334 -12.8576
    endloop
  endfacet
  facet normal -0.828862 -0.408739 -0.381996
    outer loop
      vertex -33.1441 -13.7287 -17.6915
      vertex -31.0686 -17.9375 -17.6915
      vertex -34.994 -14.495 -12.8576
    endloop
  endfacet
  facet normal -0.828859 -0.408759 -0.381979
    outer loop
      vertex -31.0686 -17.9375 -17.6915
      vertex -32.8026 -18.9386 -12.8576
      vertex -34.994 -14.495 -12.8576
    endloop
  endfacet
  facet normal -0.76842 -0.513442 -0.381979
    outer loop
      vertex -31.0686 -17.9375 -17.6915
      vertex -28.4615 -21.8393 -17.6915
      vertex -32.8026 -18.9386 -12.8576
    endloop
  endfacet
  facet normal -0.768421 -0.513437 -0.381983
    outer loop
      vertex -28.4615 -21.8393 -17.6915
      vertex -30.05 -23.0582 -12.8576
      vertex -32.8026 -18.9386 -12.8576
    endloop
  endfacet
  facet normal -0.694824 -0.609352 -0.381983
    outer loop
      vertex -28.4615 -21.8393 -17.6915
      vertex -25.3674 -25.3674 -17.6915
      vertex -30.05 -23.0582 -12.8576
    endloop
  endfacet
  facet normal -0.694822 -0.609355 -0.38198
    outer loop
      vertex -25.3674 -25.3674 -17.6915
      vertex -26.7832 -26.7832 -12.8576
      vertex -30.05 -23.0582 -12.8576
    endloop
  endfacet
  facet normal -0.609352 -0.694824 -0.38198
    outer loop
      vertex -25.3674 -25.3674 -17.6915
      vertex -21.8393 -28.4615 -17.6915
      vertex -26.7832 -26.7832 -12.8576
    endloop
  endfacet
  facet normal -0.609354 -0.694822 -0.381983
    outer loop
      vertex -21.8393 -28.4615 -17.6915
      vertex -23.0582 -30.05 -12.8576
      vertex -26.7832 -26.7832 -12.8576
    endloop
  endfacet
  facet normal -0.513441 -0.768419 -0.381983
    outer loop
      vertex -21.8393 -28.4615 -17.6915
      vertex -17.9375 -31.0686 -17.6915
      vertex -23.0582 -30.05 -12.8576
    endloop
  endfacet
  facet normal -0.513438 -0.768423 -0.381979
    outer loop
      vertex -17.9375 -31.0686 -17.6915
      vertex -18.9386 -32.8026 -12.8576
      vertex -23.0582 -30.05 -12.8576
    endloop
  endfacet
  facet normal -0.408742 -0.828868 -0.381979
    outer loop
      vertex -17.9375 -31.0686 -17.6915
      vertex -13.7287 -33.1441 -17.6915
      vertex -18.9386 -32.8026 -12.8576
    endloop
  endfacet
  facet normal -0.408756 -0.828853 -0.381995
    outer loop
      vertex -13.7287 -33.1441 -17.6915
      vertex -14.495 -34.994 -12.8576
      vertex -18.9386 -32.8026 -12.8576
    endloop
  endfacet
  facet normal -0.297064 -0.875119 -0.381994
    outer loop
      vertex -13.7287 -33.1441 -17.6915
      vertex -9.28511 -34.6525 -17.6915
      vertex -14.495 -34.994 -12.8576
    endloop
  endfacet
  facet normal -0.297062 -0.87512 -0.381993
    outer loop
      vertex -9.28511 -34.6525 -17.6915
      vertex -9.80334 -36.5866 -12.8576
      vertex -14.495 -34.994 -12.8576
    endloop
  endfacet
  facet normal -0.180297 -0.906407 -0.381993
    outer loop
      vertex -9.28511 -34.6525 -17.6915
      vertex -4.68262 -35.568 -17.6915
      vertex -9.80334 -36.5866 -12.8576
    endloop
  endfacet
  facet normal -0.180298 -0.906407 -0.381994
    outer loop
      vertex -4.68262 -35.568 -17.6915
      vertex -4.94397 -37.5532 -12.8576
      vertex -9.80334 -36.5866 -12.8576
    endloop
  endfacet
  facet normal -0.0604403 -0.922186 -0.381994
    outer loop
      vertex -4.68262 -35.568 -17.6915
      vertex -0 -35.8749 -17.6915
      vertex -4.94397 -37.5532 -12.8576
    endloop
  endfacet
  facet normal -0.0604351 -0.922189 -0.381989
    outer loop
      vertex -0 -35.8749 -17.6915
      vertex -0 -37.8772 -12.8576
      vertex -4.94397 -37.5532 -12.8576
    endloop
  endfacet
  facet normal 0.0604404 -0.922188 -0.381989
    outer loop
      vertex -0 -35.8749 -17.6915
      vertex 4.68262 -35.568 -17.6915
      vertex -0 -37.8772 -12.8576
    endloop
  endfacet
  facet normal 0.0604349 -0.922187 -0.381994
    outer loop
      vertex 4.68262 -35.568 -17.6915
      vertex 4.94397 -37.5532 -12.8576
      vertex -0 -37.8772 -12.8576
    endloop
  endfacet
  facet normal 0.180297 -0.906407 -0.381994
    outer loop
      vertex 4.68262 -35.568 -17.6915
      vertex 9.28511 -34.6525 -17.6915
      vertex 4.94397 -37.5532 -12.8576
    endloop
  endfacet
  facet normal 0.180298 -0.906407 -0.381993
    outer loop
      vertex 9.28511 -34.6525 -17.6915
      vertex 9.80334 -36.5866 -12.8576
      vertex 4.94397 -37.5532 -12.8576
    endloop
  endfacet
  facet normal 0.297064 -0.87512 -0.381993
    outer loop
      vertex 9.28511 -34.6525 -17.6915
      vertex 13.7287 -33.1441 -17.6915
      vertex 9.80334 -36.5866 -12.8576
    endloop
  endfacet
  facet normal 0.297062 -0.87512 -0.381994
    outer loop
      vertex 13.7287 -33.1441 -17.6915
      vertex 14.495 -34.994 -12.8576
      vertex 9.80334 -36.5866 -12.8576
    endloop
  endfacet
  facet normal 0.408739 -0.828862 -0.381996
    outer loop
      vertex 13.7287 -33.1441 -17.6915
      vertex 17.9375 -31.0686 -17.6915
      vertex 14.495 -34.994 -12.8576
    endloop
  endfacet
  facet normal 0.408759 -0.828859 -0.381979
    outer loop
      vertex 17.9375 -31.0686 -17.6915
      vertex 18.9386 -32.8026 -12.8576
      vertex 14.495 -34.994 -12.8576
    endloop
  endfacet
  facet normal 0.513442 -0.76842 -0.381979
    outer loop
      vertex 17.9375 -31.0686 -17.6915
      vertex 21.8393 -28.4615 -17.6915
      vertex 18.9386 -32.8026 -12.8576
    endloop
  endfacet
  facet normal 0.513437 -0.768421 -0.381983
    outer loop
      vertex 21.8393 -28.4615 -17.6915
      vertex 23.0582 -30.05 -12.8576
      vertex 18.9386 -32.8026 -12.8576
    endloop
  endfacet
  facet normal 0.609352 -0.694824 -0.381983
    outer loop
      vertex 21.8393 -28.4615 -17.6915
      vertex 25.3674 -25.3674 -17.6915
      vertex 23.0582 -30.05 -12.8576
    endloop
  endfacet
  facet normal 0.609355 -0.694822 -0.38198
    outer loop
      vertex 25.3674 -25.3674 -17.6915
      vertex 26.7832 -26.7832 -12.8576
      vertex 23.0582 -30.05 -12.8576
    endloop
  endfacet
  facet normal 0.694824 -0.609352 -0.38198
    outer loop
      vertex 25.3674 -25.3674 -17.6915
      vertex 28.4615 -21.8393 -17.6915
      vertex 26.7832 -26.7832 -12.8576
    endloop
  endfacet
  facet normal 0.694822 -0.609354 -0.381983
    outer loop
      vertex 28.4615 -21.8393 -17.6915
      vertex 30.05 -23.0582 -12.8576
      vertex 26.7832 -26.7832 -12.8576
    endloop
  endfacet
  facet normal 0.768419 -0.513441 -0.381983
    outer loop
      vertex 28.4615 -21.8393 -17.6915
      vertex 31.0686 -17.9375 -17.6915
      vertex 30.05 -23.0582 -12.8576
    endloop
  endfacet
  facet normal 0.768423 -0.513438 -0.381979
    outer loop
      vertex 31.0686 -17.9375 -17.6915
      vertex 32.8026 -18.9386 -12.8576
      vertex 30.05 -23.0582 -12.8576
    endloop
  endfacet
  facet normal 0.828868 -0.408742 -0.381979
    outer loop
      vertex 31.0686 -17.9375 -17.6915
      vertex 33.1441 -13.7287 -17.6915
      vertex 32.8026 -18.9386 -12.8576
    endloop
  endfacet
  facet normal 0.828853 -0.408756 -0.381995
    outer loop
      vertex 33.1441 -13.7287 -17.6915
      vertex 34.994 -14.495 -12.8576
      vertex 32.8026 -18.9386 -12.8576
    endloop
  endfacet
  facet normal 0.875119 -0.297064 -0.381994
    outer loop
      vertex 33.1441 -13.7287 -17.6915
      vertex 34.6525 -9.28511 -17.6915
      vertex 34.994 -14.495 -12.8576
    endloop
  endfacet
  facet normal 0.87512 -0.297062 -0.381993
    outer loop
      vertex 34.6525 -9.28511 -17.6915
      vertex 36.5866 -9.80334 -12.8576
      vertex 34.994 -14.495 -12.8576
    endloop
  endfacet
  facet normal 0.906407 -0.180297 -0.381993
    outer loop
      vertex 34.6525 -9.28511 -17.6915
      vertex 35.568 -4.68262 -17.6915
      vertex 36.5866 -9.80334 -12.8576
    endloop
  endfacet
  facet normal 0.906407 -0.180298 -0.381994
    outer loop
      vertex 35.568 -4.68262 -17.6915
      vertex 37.5532 -4.94397 -12.8576
      vertex 36.5866 -9.80334 -12.8576
    endloop
  endfacet
  facet normal 0.922186 -0.0604403 -0.381994
    outer loop
      vertex 35.568 -4.68262 -17.6915
      vertex 35.8749 0 -17.6915
      vertex 37.5532 -4.94397 -12.8576
    endloop
  endfacet
  facet normal 0.922189 -0.0604351 -0.381989
    outer loop
      vertex 35.8749 0 -17.6915
      vertex 37.8772 0 -12.8576
      vertex 37.5532 -4.94397 -12.8576
    endloop
  endfacet
  facet normal 0.864638 0.0566647 -0.49919
    outer loop
      vertex 33.2588 0 -22.2228
      vertex 32.9743 4.34114 -22.2228
      vertex 35.8749 0 -17.6915
    endloop
  endfacet
  facet normal 0.864639 0.0566687 -0.499187
    outer loop
      vertex 32.9743 4.34114 -22.2228
      vertex 35.568 4.68262 -17.6915
      vertex 35.8749 0 -17.6915
    endloop
  endfacet
  facet normal 0.849842 0.169057 -0.499187
    outer loop
      vertex 32.9743 4.34114 -22.2228
      vertex 32.1255 8.60801 -22.2228
      vertex 35.568 4.68262 -17.6915
    endloop
  endfacet
  facet normal 0.84984 0.169045 -0.499196
    outer loop
      vertex 32.1255 8.60801 -22.2228
      vertex 34.6525 9.28511 -17.6915
      vertex 35.568 4.68262 -17.6915
    endloop
  endfacet
  facet normal 0.820506 0.278522 -0.499196
    outer loop
      vertex 32.1255 8.60801 -22.2228
      vertex 30.7271 12.7276 -22.2228
      vertex 34.6525 9.28511 -17.6915
    endloop
  endfacet
  facet normal 0.820506 0.278525 -0.499193
    outer loop
      vertex 30.7271 12.7276 -22.2228
      vertex 33.1441 13.7287 -17.6915
      vertex 34.6525 9.28511 -17.6915
    endloop
  endfacet
  facet normal 0.777137 0.38323 -0.499193
    outer loop
      vertex 30.7271 12.7276 -22.2228
      vertex 28.803 16.6294 -22.2228
      vertex 33.1441 13.7287 -17.6915
    endloop
  endfacet
  facet normal 0.777136 0.383232 -0.499191
    outer loop
      vertex 28.803 16.6294 -22.2228
      vertex 31.0686 17.9375 -17.6915
      vertex 33.1441 13.7287 -17.6915
    endloop
  endfacet
  facet normal 0.720461 0.481396 -0.499193
    outer loop
      vertex 28.803 16.6294 -22.2228
      vertex 26.386 20.2467 -22.2228
      vertex 31.0686 17.9375 -17.6915
    endloop
  endfacet
  facet normal 0.720461 0.481397 -0.499192
    outer loop
      vertex 26.386 20.2467 -22.2228
      vertex 28.4615 21.8393 -17.6915
      vertex 31.0686 17.9375 -17.6915
    endloop
  endfacet
  facet normal 0.651454 0.571327 -0.499192
    outer loop
      vertex 26.386 20.2467 -22.2228
      vertex 23.5175 23.5175 -22.2228
      vertex 28.4615 21.8393 -17.6915
    endloop
  endfacet
  facet normal 0.651457 0.571319 -0.499198
    outer loop
      vertex 23.5175 23.5175 -22.2228
      vertex 25.3674 25.3674 -17.6915
      vertex 28.4615 21.8393 -17.6915
    endloop
  endfacet
  facet normal 0.571325 0.651452 -0.499198
    outer loop
      vertex 23.5175 23.5175 -22.2228
      vertex 20.2467 26.386 -22.2228
      vertex 25.3674 25.3674 -17.6915
    endloop
  endfacet
  facet normal 0.571321 0.651459 -0.499192
    outer loop
      vertex 20.2467 26.386 -22.2228
      vertex 21.8393 28.4615 -17.6915
      vertex 25.3674 25.3674 -17.6915
    endloop
  endfacet
  facet normal 0.481396 0.720461 -0.499192
    outer loop
      vertex 20.2467 26.386 -22.2228
      vertex 16.6294 28.803 -22.2228
      vertex 21.8393 28.4615 -17.6915
    endloop
  endfacet
  facet normal 0.481397 0.720461 -0.499193
    outer loop
      vertex 16.6294 28.803 -22.2228
      vertex 17.9375 31.0686 -17.6915
      vertex 21.8393 28.4615 -17.6915
    endloop
  endfacet
  facet normal 0.383231 0.777137 -0.499191
    outer loop
      vertex 16.6294 28.803 -22.2228
      vertex 12.7276 30.7271 -22.2228
      vertex 17.9375 31.0686 -17.6915
    endloop
  endfacet
  facet normal 0.383232 0.777136 -0.499192
    outer loop
      vertex 12.7276 30.7271 -22.2228
      vertex 13.7287 33.1441 -17.6915
      vertex 17.9375 31.0686 -17.6915
    endloop
  endfacet
  facet normal 0.278522 0.820507 -0.499193
    outer loop
      vertex 12.7276 30.7271 -22.2228
      vertex 8.60801 32.1255 -22.2228
      vertex 13.7287 33.1441 -17.6915
    endloop
  endfacet
  facet normal 0.278525 0.820505 -0.499195
    outer loop
      vertex 8.60801 32.1255 -22.2228
      vertex 9.28511 34.6525 -17.6915
      vertex 13.7287 33.1441 -17.6915
    endloop
  endfacet
  facet normal 0.169056 0.849837 -0.499196
    outer loop
      vertex 8.60801 32.1255 -22.2228
      vertex 4.34114 32.9743 -22.2228
      vertex 9.28511 34.6525 -17.6915
    endloop
  endfacet
  facet normal 0.169046 0.849844 -0.499187
    outer loop
      vertex 4.34114 32.9743 -22.2228
      vertex 4.68262 35.568 -17.6915
      vertex 9.28511 34.6525 -17.6915
    endloop
  endfacet
  facet normal 0.0566648 0.86464 -0.499187
    outer loop
      vertex 4.34114 32.9743 -22.2228
      vertex 0 33.2588 -22.2228
      vertex 4.68262 35.568 -17.6915
    endloop
  endfacet
  facet normal 0.0566686 0.864638 -0.49919
    outer loop
      vertex 0 33.2588 -22.2228
      vertex 0 35.8749 -17.6915
      vertex 4.68262 35.568 -17.6915
    endloop
  endfacet
  facet normal -0.0566647 0.864638 -0.49919
    outer loop
      vertex 0 33.2588 -22.2228
      vertex -4.34114 32.9743 -22.2228
      vertex 0 35.8749 -17.6915
    endloop
  endfacet
  facet normal -0.0566687 0.864639 -0.499187
    outer loop
      vertex -4.34114 32.9743 -22.2228
      vertex -4.68262 35.568 -17.6915
      vertex 0 35.8749 -17.6915
    endloop
  endfacet
  facet normal -0.169057 0.849842 -0.499187
    outer loop
      vertex -4.34114 32.9743 -22.2228
      vertex -8.60801 32.1255 -22.2228
      vertex -4.68262 35.568 -17.6915
    endloop
  endfacet
  facet normal -0.169045 0.84984 -0.499196
    outer loop
      vertex -8.60801 32.1255 -22.2228
      vertex -9.28511 34.6525 -17.6915
      vertex -4.68262 35.568 -17.6915
    endloop
  endfacet
  facet normal -0.278522 0.820506 -0.499196
    outer loop
      vertex -8.60801 32.1255 -22.2228
      vertex -12.7276 30.7271 -22.2228
      vertex -9.28511 34.6525 -17.6915
    endloop
  endfacet
  facet normal -0.278525 0.820506 -0.499193
    outer loop
      vertex -12.7276 30.7271 -22.2228
      vertex -13.7287 33.1441 -17.6915
      vertex -9.28511 34.6525 -17.6915
    endloop
  endfacet
  facet normal -0.38323 0.777137 -0.499193
    outer loop
      vertex -12.7276 30.7271 -22.2228
      vertex -16.6294 28.803 -22.2228
      vertex -13.7287 33.1441 -17.6915
    endloop
  endfacet
  facet normal -0.383232 0.777136 -0.499191
    outer loop
      vertex -16.6294 28.803 -22.2228
      vertex -17.9375 31.0686 -17.6915
      vertex -13.7287 33.1441 -17.6915
    endloop
  endfacet
  facet normal -0.481396 0.720461 -0.499193
    outer loop
      vertex -16.6294 28.803 -22.2228
      vertex -20.2467 26.386 -22.2228
      vertex -17.9375 31.0686 -17.6915
    endloop
  endfacet
  facet normal -0.481397 0.720461 -0.499192
    outer loop
      vertex -20.2467 26.386 -22.2228
      vertex -21.8393 28.4615 -17.6915
      vertex -17.9375 31.0686 -17.6915
    endloop
  endfacet
  facet normal -0.571327 0.651454 -0.499192
    outer loop
      vertex -20.2467 26.386 -22.2228
      vertex -23.5175 23.5175 -22.2228
      vertex -21.8393 28.4615 -17.6915
    endloop
  endfacet
  facet normal -0.571319 0.651457 -0.499198
    outer loop
      vertex -23.5175 23.5175 -22.2228
      vertex -25.3674 25.3674 -17.6915
      vertex -21.8393 28.4615 -17.6915
    endloop
  endfacet
  facet normal -0.651452 0.571325 -0.499198
    outer loop
      vertex -23.5175 23.5175 -22.2228
      vertex -26.386 20.2467 -22.2228
      vertex -25.3674 25.3674 -17.6915
    endloop
  endfacet
  facet normal -0.651459 0.571321 -0.499192
    outer loop
      vertex -26.386 20.2467 -22.2228
      vertex -28.4615 21.8393 -17.6915
      vertex -25.3674 25.3674 -17.6915
    endloop
  endfacet
  facet normal -0.720461 0.481396 -0.499192
    outer loop
      vertex -26.386 20.2467 -22.2228
      vertex -28.803 16.6294 -22.2228
      vertex -28.4615 21.8393 -17.6915
    endloop
  endfacet
  facet normal -0.720461 0.481397 -0.499193
    outer loop
      vertex -28.803 16.6294 -22.2228
      vertex -31.0686 17.9375 -17.6915
      vertex -28.4615 21.8393 -17.6915
    endloop
  endfacet
  facet normal -0.777137 0.383231 -0.499191
    outer loop
      vertex -28.803 16.6294 -22.2228
      vertex -30.7271 12.7276 -22.2228
      vertex -31.0686 17.9375 -17.6915
    endloop
  endfacet
  facet normal -0.777136 0.383232 -0.499192
    outer loop
      vertex -30.7271 12.7276 -22.2228
      vertex -33.1441 13.7287 -17.6915
      vertex -31.0686 17.9375 -17.6915
    endloop
  endfacet
  facet normal -0.820507 0.278522 -0.499193
    outer loop
      vertex -30.7271 12.7276 -22.2228
      vertex -32.1255 8.60801 -22.2228
      vertex -33.1441 13.7287 -17.6915
    endloop
  endfacet
  facet normal -0.820505 0.278525 -0.499195
    outer loop
      vertex -32.1255 8.60801 -22.2228
      vertex -34.6525 9.28511 -17.6915
      vertex -33.1441 13.7287 -17.6915
    endloop
  endfacet
  facet normal -0.849837 0.169056 -0.499196
    outer loop
      vertex -32.1255 8.60801 -22.2228
      vertex -32.9743 4.34114 -22.2228
      vertex -34.6525 9.28511 -17.6915
    endloop
  endfacet
  facet normal -0.849844 0.169046 -0.499187
    outer loop
      vertex -32.9743 4.34114 -22.2228
      vertex -35.568 4.68262 -17.6915
      vertex -34.6525 9.28511 -17.6915
    endloop
  endfacet
  facet normal -0.86464 0.0566648 -0.499187
    outer loop
      vertex -32.9743 4.34114 -22.2228
      vertex -33.2588 -0 -22.2228
      vertex -35.568 4.68262 -17.6915
    endloop
  endfacet
  facet normal -0.864638 0.0566686 -0.49919
    outer loop
      vertex -33.2588 -0 -22.2228
      vertex -35.8749 -0 -17.6915
      vertex -35.568 4.68262 -17.6915
    endloop
  endfacet
  facet normal -0.864638 -0.0566647 -0.49919
    outer loop
      vertex -33.2588 -0 -22.2228
      vertex -32.9743 -4.34114 -22.2228
      vertex -35.8749 -0 -17.6915
    endloop
  endfacet
  facet normal -0.864639 -0.0566687 -0.499187
    outer loop
      vertex -32.9743 -4.34114 -22.2228
      vertex -35.568 -4.68262 -17.6915
      vertex -35.8749 -0 -17.6915
    endloop
  endfacet
  facet normal -0.849842 -0.169057 -0.499187
    outer loop
      vertex -32.9743 -4.34114 -22.2228
      vertex -32.1255 -8.60801 -22.2228
      vertex -35.568 -4.68262 -17.6915
    endloop
  endfacet
  facet normal -0.84984 -0.169045 -0.499196
    outer loop
      vertex -32.1255 -8.60801 -22.2228
      vertex -34.6525 -9.28511 -17.6915
      vertex -35.568 -4.68262 -17.6915
    endloop
  endfacet
  facet normal -0.820506 -0.278522 -0.499196
    outer loop
      vertex -32.1255 -8.60801 -22.2228
      vertex -30.7271 -12.7276 -22.2228
      vertex -34.6525 -9.28511 -17.6915
    endloop
  endfacet
  facet normal -0.820506 -0.278525 -0.499193
    outer loop
      vertex -30.7271 -12.7276 -22.2228
      vertex -33.1441 -13.7287 -17.6915
      vertex -34.6525 -9.28511 -17.6915
    endloop
  endfacet
  facet normal -0.777137 -0.38323 -0.499193
    outer loop
      vertex -30.7271 -12.7276 -22.2228
      vertex -28.803 -16.6294 -22.2228
      vertex -33.1441 -13.7287 -17.6915
    endloop
  endfacet
  facet normal -0.777136 -0.383232 -0.499191
    outer loop
      vertex -28.803 -16.6294 -22.2228
      vertex -31.0686 -17.9375 -17.6915
      vertex -33.1441 -13.7287 -17.6915
    endloop
  endfacet
  facet normal -0.720461 -0.481396 -0.499193
    outer loop
      vertex -28.803 -16.6294 -22.2228
      vertex -26.386 -20.2467 -22.2228
      vertex -31.0686 -17.9375 -17.6915
    endloop
  endfacet
  facet normal -0.720461 -0.481397 -0.499192
    outer loop
      vertex -26.386 -20.2467 -22.2228
      vertex -28.4615 -21.8393 -17.6915
      vertex -31.0686 -17.9375 -17.6915
    endloop
  endfacet
  facet normal -0.651454 -0.571327 -0.499192
    outer loop
      vertex -26.386 -20.2467 -22.2228
      vertex -23.5175 -23.5175 -22.2228
      vertex -28.4615 -21.8393 -17.6915
    endloop
  endfacet
  facet normal -0.651457 -0.571319 -0.499198
    outer loop
      vertex -23.5175 -23.5175 -22.2228
      vertex -25.3674 -25.3674 -17.6915
      vertex -28.4615 -21.8393 -17.6915
    endloop
  endfacet
  facet normal -0.571325 -0.651452 -0.499198
    outer loop
      vertex -23.5175 -23.5175 -22.2228
      vertex -20.2467 -26.386 -22.2228
      vertex -25.3674 -25.3674 -17.6915
    endloop
  endfacet
  facet normal -0.571321 -0.651459 -0.499192
    outer loop
      vertex -20.2467 -26.386 -22.2228
      vertex -21.8393 -28.4615 -17.6915
      vertex -25.3674 -25.3674 -17.6915
    endloop
  endfacet
  facet normal -0.481396 -0.720461 -0.499192
    outer loop
      vertex -20.2467 -26.386 -22.2228
      vertex -16.6294 -28.803 -22.2228
      vertex -21.8393 -28.4615 -17.6915
    endloop
  endfacet
  facet normal -0.481397 -0.720461 -0.499193
    outer loop
      vertex -16.6294 -28.803 -22.2228
      vertex -17.9375 -31.0686 -17.6915
      vertex -21.8393 -28.4615 -17.6915
    endloop
  endfacet
  facet normal -0.383231 -0.777137 -0.499191
    outer loop
      vertex -16.6294 -28.803 -22.2228
      vertex -12.7276 -30.7271 -22.2228
      vertex -17.9375 -31.0686 -17.6915
    endloop
  endfacet
  facet normal -0.383232 -0.777136 -0.499192
    outer loop
      vertex -12.7276 -30.7271 -22.2228
      vertex -13.7287 -33.1441 -17.6915
      vertex -17.9375 -31.0686 -17.6915
    endloop
  endfacet
  facet normal -0.278522 -0.820507 -0.499193
    outer loop
      vertex -12.7276 -30.7271 -22.2228
      vertex -8.60801 -32.1255 -22.2228
      vertex -13.7287 -33.1441 -17.6915
    endloop
  endfacet
  facet normal -0.278525 -0.820505 -0.499195
    outer loop
      vertex -8.60801 -32.1255 -22.2228
      vertex -9.28511 -34.6525 -17.6915
      vertex -13.7287 -33.1441 -17.6915
    endloop
  endfacet
  facet normal -0.169056 -0.849837 -0.499196
    outer loop
      vertex -8.60801 -32.1255 -22.2228
      vertex -4.34114 -32.9743 -22.2228
      vertex -9.28511 -34.6525 -17.6915
    endloop
  endfacet
  facet normal -0.169046 -0.849844 -0.499187
    outer loop
      vertex -4.34114 -32.9743 -22.2228
      vertex -4.68262 -35.568 -17.6915
      vertex -9.28511 -34.6525 -17.6915
    endloop
  endfacet
  facet normal -0.0566648 -0.86464 -0.499187
    outer loop
      vertex -4.34114 -32.9743 -22.2228
      vertex -0 -33.2588 -22.2228
      vertex -4.68262 -35.568 -17.6915
    endloop
  endfacet
  facet normal -0.0566686 -0.864638 -0.49919
    outer loop
      vertex -0 -33.2588 -22.2228
      vertex -0 -35.8749 -17.6915
      vertex -4.68262 -35.568 -17.6915
    endloop
  endfacet
  facet normal 0.0566647 -0.864638 -0.49919
    outer loop
      vertex -0 -33.2588 -22.2228
      vertex 4.34114 -32.9743 -22.2228
      vertex -0 -35.8749 -17.6915
    endloop
  endfacet
  facet normal 0.0566687 -0.864639 -0.499187
    outer loop
      vertex 4.34114 -32.9743 -22.2228
      vertex 4.68262 -35.568 -17.6915
      vertex -0 -35.8749 -17.6915
    endloop
  endfacet
  facet normal 0.169057 -0.849842 -0.499187
    outer loop
      vertex 4.34114 -32.9743 -22.2228
      vertex 8.60801 -32.1255 -22.2228
      vertex 4.68262 -35.568 -17.6915
    endloop
  endfacet
  facet normal 0.169045 -0.84984 -0.499196
    outer loop
      vertex 8.60801 -32.1255 -22.2228
      vertex 9.28511 -34.6525 -17.6915
      vertex 4.68262 -35.568 -17.6915
    endloop
  endfacet
  facet normal 0.278522 -0.820506 -0.499196
    outer loop
      vertex 8.60801 -32.1255 -22.2228
      vertex 12.7276 -30.7271 -22.2228
      vertex 9.28511 -34.6525 -17.6915
    endloop
  endfacet
  facet normal 0.278525 -0.820506 -0.499193
    outer loop
      vertex 12.7276 -30.7271 -22.2228
      vertex 13.7287 -33.1441 -17.6915
      vertex 9.28511 -34.6525 -17.6915
    endloop
  endfacet
  facet normal 0.38323 -0.777137 -0.499193
    outer loop
      vertex 12.7276 -30.7271 -22.2228
      vertex 16.6294 -28.803 -22.2228
      vertex 13.7287 -33.1441 -17.6915
    endloop
  endfacet
  facet normal 0.383232 -0.777136 -0.499191
    outer loop
      vertex 16.6294 -28.803 -22.2228
      vertex 17.9375 -31.0686 -17.6915
      vertex 13.7287 -33.1441 -17.6915
    endloop
  endfacet
  facet normal 0.481396 -0.720461 -0.499193
    outer loop
      vertex 16.6294 -28.803 -22.2228
      vertex 20.2467 -26.386 -22.2228
      vertex 17.9375 -31.0686 -17.6915
    endloop
  endfacet
  facet normal 0.481397 -0.720461 -0.499192
    outer loop
      vertex 20.2467 -26.386 -22.2228
      vertex 21.8393 -28.4615 -17.6915
      vertex 17.9375 -31.0686 -17.6915
    endloop
  endfacet
  facet normal 0.571327 -0.651454 -0.499192
    outer loop
      vertex 20.2467 -26.386 -22.2228
      vertex 23.5175 -23.5175 -22.2228
      vertex 21.8393 -28.4615 -17.6915
    endloop
  endfacet
  facet normal 0.571319 -0.651457 -0.499198
    outer loop
      vertex 23.5175 -23.5175 -22.2228
      vertex 25.3674 -25.3674 -17.6915
      vertex 21.8393 -28.4615 -17.6915
    endloop
  endfacet
  facet normal 0.651452 -0.571325 -0.499198
    outer loop
      vertex 23.5175 -23.5175 -22.2228
      vertex 26.386 -20.2467 -22.2228
      vertex 25.3674 -25.3674 -17.6915
    endloop
  endfacet
  facet normal 0.651459 -0.571321 -0.499192
    outer loop
      vertex 26.386 -20.2467 -22.2228
      vertex 28.4615 -21.8393 -17.6915
      vertex 25.3674 -25.3674 -17.6915
    endloop
  endfacet
  facet normal 0.720461 -0.481396 -0.499192
    outer loop
      vertex 26.386 -20.2467 -22.2228
      vertex 28.803 -16.6294 -22.2228
      vertex 28.4615 -21.8393 -17.6915
    endloop
  endfacet
  facet normal 0.720461 -0.481397 -0.499193
    outer loop
      vertex 28.803 -16.6294 -22.2228
      vertex 31.0686 -17.9375 -17.6915
      vertex 28.4615 -21.8393 -17.6915
    endloop
  endfacet
  facet normal 0.777137 -0.383231 -0.499191
    outer loop
      vertex 28.803 -16.6294 -22.2228
      vertex 30.7271 -12.7276 -22.2228
      vertex 31.0686 -17.9375 -17.6915
    endloop
  endfacet
  facet normal 0.777136 -0.383232 -0.499192
    outer loop
      vertex 30.7271 -12.7276 -22.2228
      vertex 33.1441 -13.7287 -17.6915
      vertex 31.0686 -17.9375 -17.6915
    endloop
  endfacet
  facet normal 0.820507 -0.278522 -0.499193
    outer loop
      vertex 30.7271 -12.7276 -22.2228
      vertex 32.1255 -8.60801 -22.2228
      vertex 33.1441 -13.7287 -17.6915
    endloop
  endfacet
  facet normal 0.820505 -0.278525 -0.499195
    outer loop
      vertex 32.1255 -8.60801 -22.2228
      vertex 34.6525 -9.28511 -17.6915
      vertex 33.1441 -13.7287 -17.6915
    endloop
  endfacet
  facet normal 0.849837 -0.169056 -0.499196
    outer loop
      vertex 32.1255 -8.60801 -22.2228
      vertex 32.9743 -4.34114 -22.2228
      vertex 34.6525 -9.28511 -17.6915
    endloop
  endfacet
  facet normal 0.849844 -0.169046 -0.499187
    outer loop
      vertex 32.9743 -4.34114 -22.2228
      vertex 35.568 -4.68262 -17.6915
      vertex 34.6525 -9.28511 -17.6915
    endloop
  endfacet
  facet normal 0.86464 -0.0566648 -0.499187
    outer loop
      vertex 32.9743 -4.34114 -22.2228
      vertex 33.2588 0 -22.2228
      vertex 35.568 -4.68262 -17.6915
    endloop
  endfacet
  facet normal 0.864638 -0.0566686 -0.49919
    outer loop
      vertex 33.2588 0 -22.2228
      vertex 35.8749 0 -17.6915
      vertex 35.568 -4.68262 -17.6915
    endloop
  endfacet
  facet normal 0.79228 0.0519321 -0.607943
    outer loop
      vertex 30.0736 0 -26.3738
      vertex 29.8163 3.92539 -26.3738
      vertex 33.2588 0 -22.2228
    endloop
  endfacet
  facet normal 0.792277 0.0519225 -0.607949
    outer loop
      vertex 29.8163 3.92539 -26.3738
      vertex 32.9743 4.34114 -22.2228
      vertex 33.2588 0 -22.2228
    endloop
  endfacet
  facet normal 0.778722 0.154887 -0.607949
    outer loop
      vertex 29.8163 3.92539 -26.3738
      vertex 29.0489 7.78362 -26.3738
      vertex 32.9743 4.34114 -22.2228
    endloop
  endfacet
  facet normal 0.778728 0.154911 -0.607936
    outer loop
      vertex 29.0489 7.78362 -26.3738
      vertex 32.1255 8.60801 -22.2228
      vertex 32.9743 4.34114 -22.2228
    endloop
  endfacet
  facet normal 0.751849 0.25522 -0.607935
    outer loop
      vertex 29.0489 7.78362 -26.3738
      vertex 27.7844 11.5087 -26.3738
      vertex 32.1255 8.60801 -22.2228
    endloop
  endfacet
  facet normal 0.751849 0.255216 -0.607938
    outer loop
      vertex 27.7844 11.5087 -26.3738
      vertex 30.7271 12.7276 -22.2228
      vertex 32.1255 8.60801 -22.2228
    endloop
  endfacet
  facet normal 0.712101 0.351176 -0.607937
    outer loop
      vertex 27.7844 11.5087 -26.3738
      vertex 26.0445 15.0368 -26.3738
      vertex 30.7271 12.7276 -22.2228
    endloop
  endfacet
  facet normal 0.712101 0.351159 -0.607947
    outer loop
      vertex 26.0445 15.0368 -26.3738
      vertex 28.803 16.6294 -22.2228
      vertex 30.7271 12.7276 -22.2228
    endloop
  endfacet
  facet normal 0.660166 0.441113 -0.607947
    outer loop
      vertex 26.0445 15.0368 -26.3738
      vertex 23.859 18.3076 -26.3738
      vertex 28.803 16.6294 -22.2228
    endloop
  endfacet
  facet normal 0.660167 0.441109 -0.607949
    outer loop
      vertex 23.859 18.3076 -26.3738
      vertex 26.386 20.2467 -22.2228
      vertex 28.803 16.6294 -22.2228
    endloop
  endfacet
  facet normal 0.596937 0.523511 -0.60795
    outer loop
      vertex 23.859 18.3076 -26.3738
      vertex 21.2652 21.2652 -26.3738
      vertex 26.386 20.2467 -22.2228
    endloop
  endfacet
  facet normal 0.596936 0.523514 -0.607948
    outer loop
      vertex 21.2652 21.2652 -26.3738
      vertex 23.5175 23.5175 -22.2228
      vertex 26.386 20.2467 -22.2228
    endloop
  endfacet
  facet normal 0.523512 0.596938 -0.607947
    outer loop
      vertex 21.2652 21.2652 -26.3738
      vertex 18.3076 23.859 -26.3738
      vertex 23.5175 23.5175 -22.2228
    endloop
  endfacet
  facet normal 0.523513 0.596935 -0.60795
    outer loop
      vertex 18.3076 23.859 -26.3738
      vertex 20.2467 26.386 -22.2228
      vertex 23.5175 23.5175 -22.2228
    endloop
  endfacet
  facet normal 0.441112 0.660165 -0.607949
    outer loop
      vertex 18.3076 23.859 -26.3738
      vertex 15.0368 26.0445 -26.3738
      vertex 20.2467 26.386 -22.2228
    endloop
  endfacet
  facet normal 0.44111 0.660169 -0.607947
    outer loop
      vertex 15.0368 26.0445 -26.3738
      vertex 16.6294 28.803 -22.2228
      vertex 20.2467 26.386 -22.2228
    endloop
  endfacet
  facet normal 0.351173 0.712094 -0.607947
    outer loop
      vertex 15.0368 26.0445 -26.3738
      vertex 11.5087 27.7844 -26.3738
      vertex 16.6294 28.803 -22.2228
    endloop
  endfacet
  facet normal 0.351162 0.712107 -0.607938
    outer loop
      vertex 11.5087 27.7844 -26.3738
      vertex 12.7276 30.7271 -22.2228
      vertex 16.6294 28.803 -22.2228
    endloop
  endfacet
  facet normal 0.255219 0.751848 -0.607938
    outer loop
      vertex 11.5087 27.7844 -26.3738
      vertex 7.78362 29.0489 -26.3738
      vertex 12.7276 30.7271 -22.2228
    endloop
  endfacet
  facet normal 0.255217 0.75185 -0.607936
    outer loop
      vertex 7.78362 29.0489 -26.3738
      vertex 8.60801 32.1255 -22.2228
      vertex 12.7276 30.7271 -22.2228
    endloop
  endfacet
  facet normal 0.15489 0.778733 -0.607935
    outer loop
      vertex 7.78362 29.0489 -26.3738
      vertex 3.92539 29.8163 -26.3738
      vertex 8.60801 32.1255 -22.2228
    endloop
  endfacet
  facet normal 0.154909 0.778718 -0.607949
    outer loop
      vertex 3.92539 29.8163 -26.3738
      vertex 4.34114 32.9743 -22.2228
      vertex 8.60801 32.1255 -22.2228
    endloop
  endfacet
  facet normal 0.0519318 0.792276 -0.607949
    outer loop
      vertex 3.92539 29.8163 -26.3738
      vertex 0 30.0736 -26.3738
      vertex 4.34114 32.9743 -22.2228
    endloop
  endfacet
  facet normal 0.0519227 0.792281 -0.607943
    outer loop
      vertex 0 30.0736 -26.3738
      vertex 0 33.2588 -22.2228
      vertex 4.34114 32.9743 -22.2228
    endloop
  endfacet
  facet normal -0.0519321 0.79228 -0.607943
    outer loop
      vertex 0 30.0736 -26.3738
      vertex -3.92539 29.8163 -26.3738
      vertex 0 33.2588 -22.2228
    endloop
  endfacet
  facet normal -0.0519225 0.792277 -0.607949
    outer loop
      vertex -3.92539 29.8163 -26.3738
      vertex -4.34114 32.9743 -22.2228
      vertex 0 33.2588 -22.2228
    endloop
  endfacet
  facet normal -0.154887 0.778722 -0.607949
    outer loop
      vertex -3.92539 29.8163 -26.3738
      vertex -7.78362 29.0489 -26.3738
      vertex -4.34114 32.9743 -22.2228
    endloop
  endfacet
  facet normal -0.154911 0.778728 -0.607936
    outer loop
      vertex -7.78362 29.0489 -26.3738
      vertex -8.60801 32.1255 -22.2228
      vertex -4.34114 32.9743 -22.2228
    endloop
  endfacet
  facet normal -0.25522 0.751849 -0.607935
    outer loop
      vertex -7.78362 29.0489 -26.3738
      vertex -11.5087 27.7844 -26.3738
      vertex -8.60801 32.1255 -22.2228
    endloop
  endfacet
  facet normal -0.255216 0.751849 -0.607938
    outer loop
      vertex -11.5087 27.7844 -26.3738
      vertex -12.7276 30.7271 -22.2228
      vertex -8.60801 32.1255 -22.2228
    endloop
  endfacet
  facet normal -0.351176 0.712101 -0.607937
    outer loop
      vertex -11.5087 27.7844 -26.3738
      vertex -15.0368 26.0445 -26.3738
      vertex -12.7276 30.7271 -22.2228
    endloop
  endfacet
  facet normal -0.351159 0.712101 -0.607947
    outer loop
      vertex -15.0368 26.0445 -26.3738
      vertex -16.6294 28.803 -22.2228
      vertex -12.7276 30.7271 -22.2228
    endloop
  endfacet
  facet normal -0.441113 0.660166 -0.607947
    outer loop
      vertex -15.0368 26.0445 -26.3738
      vertex -18.3076 23.859 -26.3738
      vertex -16.6294 28.803 -22.2228
    endloop
  endfacet
  facet normal -0.441109 0.660167 -0.607949
    outer loop
      vertex -18.3076 23.859 -26.3738
      vertex -20.2467 26.386 -22.2228
      vertex -16.6294 28.803 -22.2228
    endloop
  endfacet
  facet normal -0.523511 0.596937 -0.60795
    outer loop
      vertex -18.3076 23.859 -26.3738
      vertex -21.2652 21.2652 -26.3738
      vertex -20.2467 26.386 -22.2228
    endloop
  endfacet
  facet normal -0.523514 0.596936 -0.607948
    outer loop
      vertex -21.2652 21.2652 -26.3738
      vertex -23.5175 23.5175 -22.2228
      vertex -20.2467 26.386 -22.2228
    endloop
  endfacet
  facet normal -0.596938 0.523512 -0.607947
    outer loop
      vertex -21.2652 21.2652 -26.3738
      vertex -23.859 18.3076 -26.3738
      vertex -23.5175 23.5175 -22.2228
    endloop
  endfacet
  facet normal -0.596935 0.523513 -0.60795
    outer loop
      vertex -23.859 18.3076 -26.3738
      vertex -26.386 20.2467 -22.2228
      vertex -23.5175 23.5175 -22.2228
    endloop
  endfacet
  facet normal -0.660165 0.441112 -0.607949
    outer loop
      vertex -23.859 18.3076 -26.3738
      vertex -26.0445 15.0368 -26.3738
      vertex -26.386 20.2467 -22.2228
    endloop
  endfacet
  facet normal -0.660169 0.44111 -0.607947
    outer loop
      vertex -26.0445 15.0368 -26.3738
      vertex -28.803 16.6294 -22.2228
      vertex -26.386 20.2467 -22.2228
    endloop
  endfacet
  facet normal -0.712094 0.351173 -0.607947
    outer loop
      vertex -26.0445 15.0368 -26.3738
      vertex -27.7844 11.5087 -26.3738
      vertex -28.803 16.6294 -22.2228
    endloop
  endfacet
  facet normal -0.712107 0.351162 -0.607938
    outer loop
      vertex -27.7844 11.5087 -26.3738
      vertex -30.7271 12.7276 -22.2228
      vertex -28.803 16.6294 -22.2228
    endloop
  endfacet
  facet normal -0.751848 0.255219 -0.607938
    outer loop
      vertex -27.7844 11.5087 -26.3738
      vertex -29.0489 7.78362 -26.3738
      vertex -30.7271 12.7276 -22.2228
    endloop
  endfacet
  facet normal -0.75185 0.255217 -0.607936
    outer loop
      vertex -29.0489 7.78362 -26.3738
      vertex -32.1255 8.60801 -22.2228
      vertex -30.7271 12.7276 -22.2228
    endloop
  endfacet
  facet normal -0.778733 0.15489 -0.607935
    outer loop
      vertex -29.0489 7.78362 -26.3738
      vertex -29.8163 3.92539 -26.3738
      vertex -32.1255 8.60801 -22.2228
    endloop
  endfacet
  facet normal -0.778718 0.154909 -0.607949
    outer loop
      vertex -29.8163 3.92539 -26.3738
      vertex -32.9743 4.34114 -22.2228
      vertex -32.1255 8.60801 -22.2228
    endloop
  endfacet
  facet normal -0.792276 0.0519318 -0.607949
    outer loop
      vertex -29.8163 3.92539 -26.3738
      vertex -30.0736 -0 -26.3738
      vertex -32.9743 4.34114 -22.2228
    endloop
  endfacet
  facet normal -0.792281 0.0519227 -0.607943
    outer loop
      vertex -30.0736 -0 -26.3738
      vertex -33.2588 -0 -22.2228
      vertex -32.9743 4.34114 -22.2228
    endloop
  endfacet
  facet normal -0.79228 -0.0519321 -0.607943
    outer loop
      vertex -30.0736 -0 -26.3738
      vertex -29.8163 -3.92539 -26.3738
      vertex -33.2588 -0 -22.2228
    endloop
  endfacet
  facet normal -0.792277 -0.0519225 -0.607949
    outer loop
      vertex -29.8163 -3.92539 -26.3738
      vertex -32.9743 -4.34114 -22.2228
      vertex -33.2588 -0 -22.2228
    endloop
  endfacet
  facet normal -0.778722 -0.154887 -0.607949
    outer loop
      vertex -29.8163 -3.92539 -26.3738
      vertex -29.0489 -7.78362 -26.3738
      vertex -32.9743 -4.34114 -22.2228
    endloop
  endfacet
  facet normal -0.778728 -0.154911 -0.607936
    outer loop
      vertex -29.0489 -7.78362 -26.3738
      vertex -32.1255 -8.60801 -22.2228
      vertex -32.9743 -4.34114 -22.2228
    endloop
  endfacet
  facet normal -0.751849 -0.25522 -0.607935
    outer loop
      vertex -29.0489 -7.78362 -26.3738
      vertex -27.7844 -11.5087 -26.3738
      vertex -32.1255 -8.60801 -22.2228
    endloop
  endfacet
  facet normal -0.751849 -0.255216 -0.607938
    outer loop
      vertex -27.7844 -11.5087 -26.3738
      vertex -30.7271 -12.7276 -22.2228
      vertex -32.1255 -8.60801 -22.2228
    endloop
  endfacet
  facet normal -0.712101 -0.351176 -0.607937
    outer loop
      vertex -27.7844 -11.5087 -26.3738
      vertex -26.0445 -15.0368 -26.3738
      vertex -30.7271 -12.7276 -22.2228
    endloop
  endfacet
  facet normal -0.712101 -0.351159 -0.607947
    outer loop
      vertex -26.0445 -15.0368 -26.3738
      vertex -28.803 -16.6294 -22.2228
      vertex -30.7271 -12.7276 -22.2228
    endloop
  endfacet
  facet normal -0.660166 -0.441113 -0.607947
    outer loop
      vertex -26.0445 -15.0368 -26.3738
      vertex -23.859 -18.3076 -26.3738
      vertex -28.803 -16.6294 -22.2228
    endloop
  endfacet
  facet normal -0.660167 -0.441109 -0.607949
    outer loop
      vertex -23.859 -18.3076 -26.3738
      vertex -26.386 -20.2467 -22.2228
      vertex -28.803 -16.6294 -22.2228
    endloop
  endfacet
  facet normal -0.596937 -0.523511 -0.60795
    outer loop
      vertex -23.859 -18.3076 -26.3738
      vertex -21.2652 -21.2652 -26.3738
      vertex -26.386 -20.2467 -22.2228
    endloop
  endfacet
  facet normal -0.596936 -0.523514 -0.607948
    outer loop
      vertex -21.2652 -21.2652 -26.3738
      vertex -23.5175 -23.5175 -22.2228
      vertex -26.386 -20.2467 -22.2228
    endloop
  endfacet
  facet normal -0.523512 -0.596938 -0.607947
    outer loop
      vertex -21.2652 -21.2652 -26.3738
      vertex -18.3076 -23.859 -26.3738
      vertex -23.5175 -23.5175 -22.2228
    endloop
  endfacet
  facet normal -0.523513 -0.596935 -0.60795
    outer loop
      vertex -18.3076 -23.859 -26.3738
      vertex -20.2467 -26.386 -22.2228
      vertex -23.5175 -23.5175 -22.2228
    endloop
  endfacet
  facet normal -0.441112 -0.660165 -0.607949
    outer loop
      vertex -18.3076 -23.859 -26.3738
      vertex -15.0368 -26.0445 -26.3738
      vertex -20.2467 -26.386 -22.2228
    endloop
  endfacet
  facet normal -0.44111 -0.660169 -0.607947
    outer loop
      vertex -15.0368 -26.0445 -26.3738
      vertex -16.6294 -28.803 -22.2228
      vertex -20.2467 -26.386 -22.2228
    endloop
  endfacet
  facet normal -0.351173 -0.712094 -0.607947
    outer loop
      vertex -15.0368 -26.0445 -26.3738
      vertex -11.5087 -27.7844 -26.3738
      vertex -16.6294 -28.803 -22.2228
    endloop
  endfacet
  facet normal -0.351162 -0.712107 -0.607938
    outer loop
      vertex -11.5087 -27.7844 -26.3738
      vertex -12.7276 -30.7271 -22.2228
      vertex -16.6294 -28.803 -22.2228
    endloop
  endfacet
  facet normal -0.255219 -0.751848 -0.607938
    outer loop
      vertex -11.5087 -27.7844 -26.3738
      vertex -7.78362 -29.0489 -26.3738
      vertex -12.7276 -30.7271 -22.2228
    endloop
  endfacet
  facet normal -0.255217 -0.75185 -0.607936
    outer loop
      vertex -7.78362 -29.0489 -26.3738
      vertex -8.60801 -32.1255 -22.2228
      vertex -12.7276 -30.7271 -22.2228
    endloop
  endfacet
  facet normal -0.15489 -0.778733 -0.607935
    outer loop
      vertex -7.78362 -29.0489 -26.3738
      vertex -3.92539 -29.8163 -26.3738
      vertex -8.60801 -32.1255 -22.2228
    endloop
  endfacet
  facet normal -0.154909 -0.778718 -0.607949
    outer loop
      vertex -3.92539 -29.8163 -26.3738
      vertex -4.34114 -32.9743 -22.2228
      vertex -8.60801 -32.1255 -22.2228
    endloop
  endfacet
  facet normal -0.0519318 -0.792276 -0.607949
    outer loop
      vertex -3.92539 -29.8163 -26.3738
      vertex -0 -30.0736 -26.3738
      vertex -4.34114 -32.9743 -22.2228
    endloop
  endfacet
  facet normal -0.0519227 -0.792281 -0.607943
    outer loop
      vertex -0 -30.0736 -26.3738
      vertex -0 -33.2588 -22.2228
      vertex -4.34114 -32.9743 -22.2228
    endloop
  endfacet
  facet normal 0.0519321 -0.79228 -0.607943
    outer loop
      vertex -0 -30.0736 -26.3738
      vertex 3.92539 -29.8163 -26.3738
      vertex -0 -33.2588 -22.2228
    endloop
  endfacet
  facet normal 0.0519225 -0.792277 -0.607949
    outer loop
      vertex 3.92539 -29.8163 -26.3738
      vertex 4.34114 -32.9743 -22.2228
      vertex -0 -33.2588 -22.2228
    endloop
  endfacet
  facet normal 0.154887 -0.778722 -0.607949
    outer loop
      vertex 3.92539 -29.8163 -26.3738
      vertex 7.78362 -29.0489 -26.3738
      vertex 4.34114 -32.9743 -22.2228
    endloop
  endfacet
  facet normal 0.154911 -0.778728 -0.607936
    outer loop
      vertex 7.78362 -29.0489 -26.3738
      vertex 8.60801 -32.1255 -22.2228
      vertex 4.34114 -32.9743 -22.2228
    endloop
  endfacet
  facet normal 0.25522 -0.751849 -0.607935
    outer loop
      vertex 7.78362 -29.0489 -26.3738
      vertex 11.5087 -27.7844 -26.3738
      vertex 8.60801 -32.1255 -22.2228
    endloop
  endfacet
  facet normal 0.255216 -0.751849 -0.607938
    outer loop
      vertex 11.5087 -27.7844 -26.3738
      vertex 12.7276 -30.7271 -22.2228
      vertex 8.60801 -32.1255 -22.2228
    endloop
  endfacet
  facet normal 0.351176 -0.712101 -0.607937
    outer loop
      vertex 11.5087 -27.7844 -26.3738
      vertex 15.0368 -26.0445 -26.3738
      vertex 12.7276 -30.7271 -22.2228
    endloop
  endfacet
  facet normal 0.351159 -0.712101 -0.607947
    outer loop
      vertex 15.0368 -26.0445 -26.3738
      vertex 16.6294 -28.803 -22.2228
      vertex 12.7276 -30.7271 -22.2228
    endloop
  endfacet
  facet normal 0.441113 -0.660166 -0.607947
    outer loop
      vertex 15.0368 -26.0445 -26.3738
      vertex 18.3076 -23.859 -26.3738
      vertex 16.6294 -28.803 -22.2228
    endloop
  endfacet
  facet normal 0.441109 -0.660167 -0.607949
    outer loop
      vertex 18.3076 -23.859 -26.3738
      vertex 20.2467 -26.386 -22.2228
      vertex 16.6294 -28.803 -22.2228
    endloop
  endfacet
  facet normal 0.523511 -0.596937 -0.60795
    outer loop
      vertex 18.3076 -23.859 -26.3738
      vertex 21.2652 -21.2652 -26.3738
      vertex 20.2467 -26.386 -22.2228
    endloop
  endfacet
  facet normal 0.523514 -0.596936 -0.607948
    outer loop
      vertex 21.2652 -21.2652 -26.3738
      vertex 23.5175 -23.5175 -22.2228
      vertex 20.2467 -26.386 -22.2228
    endloop
  endfacet
  facet normal 0.596938 -0.523512 -0.607947
    outer loop
      vertex 21.2652 -21.2652 -26.3738
      vertex 23.859 -18.3076 -26.3738
      vertex 23.5175 -23.5175 -22.2228
    endloop
  endfacet
  facet normal 0.596935 -0.523513 -0.60795
    outer loop
      vertex 23.859 -18.3076 -26.3738
      vertex 26.386 -20.2467 -22.2228
      vertex 23.5175 -23.5175 -22.2228
    endloop
  endfacet
  facet normal 0.660165 -0.441112 -0.607949
    outer loop
      vertex 23.859 -18.3076 -26.3738
      vertex 26.0445 -15.0368 -26.3738
      vertex 26.386 -20.2467 -22.2228
    endloop
  endfacet
  facet normal 0.660169 -0.44111 -0.607947
    outer loop
      vertex 26.0445 -15.0368 -26.3738
      vertex 28.803 -16.6294 -22.2228
      vertex 26.386 -20.2467 -22.2228
    endloop
  endfacet
  facet normal 0.712094 -0.351173 -0.607947
    outer loop
      vertex 26.0445 -15.0368 -26.3738
      vertex 27.7844 -11.5087 -26.3738
      vertex 28.803 -16.6294 -22.2228
    endloop
  endfacet
  facet normal 0.712107 -0.351162 -0.607938
    outer loop
      vertex 27.7844 -11.5087 -26.3738
      vertex 30.7271 -12.7276 -22.2228
      vertex 28.803 -16.6294 -22.2228
    endloop
  endfacet
  facet normal 0.751848 -0.255219 -0.607938
    outer loop
      vertex 27.7844 -11.5087 -26.3738
      vertex 29.0489 -7.78362 -26.3738
      vertex 30.7271 -12.7276 -22.2228
    endloop
  endfacet
  facet normal 0.75185 -0.255217 -0.607936
    outer loop
      vertex 29.0489 -7.78362 -26.3738
      vertex 32.1255 -8.60801 -22.2228
      vertex 30.7271 -12.7276 -22.2228
    endloop
  endfacet
  facet normal 0.778733 -0.15489 -0.607935
    outer loop
      vertex 29.0489 -7.78362 -26.3738
      vertex 29.8163 -3.92539 -26.3738
      vertex 32.1255 -8.60801 -22.2228
    endloop
  endfacet
  facet normal 0.778718 -0.154909 -0.607949
    outer loop
      vertex 29.8163 -3.92539 -26.3738
      vertex 32.9743 -4.34114 -22.2228
      vertex 32.1255 -8.60801 -22.2228
    endloop
  endfacet
  facet normal 0.792276 -0.0519318 -0.607949
    outer loop
      vertex 29.8163 -3.92539 -26.3738
      vertex 30.0736 0 -26.3738
      vertex 32.9743 -4.34114 -22.2228
    endloop
  endfacet
  facet normal 0.792281 -0.0519227 -0.607943
    outer loop
      vertex 30.0736 0 -26.3738
      vertex 33.2588 0 -22.2228
      vertex 32.9743 -4.34114 -22.2228
    endloop
  endfacet
  facet normal 0.706349 0.04629 -0.706349
    outer loop
      vertex 26.3738 0 -30.0736
      vertex 26.1482 3.44248 -30.0736
      vertex 30.0736 0 -26.3738
    endloop
  endfacet
  facet normal 0.706353 0.0462998 -0.706344
    outer loop
      vertex 26.1482 3.44248 -30.0736
      vertex 29.8163 3.92539 -26.3738
      vertex 30.0736 0 -26.3738
    endloop
  endfacet
  facet normal 0.694268 0.138092 -0.706344
    outer loop
      vertex 26.1482 3.44248 -30.0736
      vertex 25.4752 6.82605 -30.0736
      vertex 29.8163 3.92539 -26.3738
    endloop
  endfacet
  facet normal 0.694268 0.13809 -0.706345
    outer loop
      vertex 25.4752 6.82605 -30.0736
      vertex 29.0489 7.78362 -26.3738
      vertex 29.8163 3.92539 -26.3738
    endloop
  endfacet
  facet normal 0.670296 0.227553 -0.706345
    outer loop
      vertex 25.4752 6.82605 -30.0736
      vertex 24.3662 10.0928 -30.0736
      vertex 29.0489 7.78362 -26.3738
    endloop
  endfacet
  facet normal 0.670294 0.227535 -0.706353
    outer loop
      vertex 24.3662 10.0928 -30.0736
      vertex 27.7844 11.5087 -26.3738
      vertex 29.0489 7.78362 -26.3738
    endloop
  endfacet
  facet normal 0.634863 0.313071 -0.706353
    outer loop
      vertex 24.3662 10.0928 -30.0736
      vertex 22.8404 13.1869 -30.0736
      vertex 27.7844 11.5087 -26.3738
    endloop
  endfacet
  facet normal 0.634863 0.313086 -0.706347
    outer loop
      vertex 22.8404 13.1869 -30.0736
      vertex 26.0445 15.0368 -26.3738
      vertex 27.7844 11.5087 -26.3738
    endloop
  endfacet
  facet normal 0.588575 0.393259 -0.706347
    outer loop
      vertex 22.8404 13.1869 -30.0736
      vertex 20.9238 16.0554 -30.0736
      vertex 26.0445 15.0368 -26.3738
    endloop
  endfacet
  facet normal 0.588573 0.393276 -0.70634
    outer loop
      vertex 20.9238 16.0554 -30.0736
      vertex 23.859 18.3076 -26.3738
      vertex 26.0445 15.0368 -26.3738
    endloop
  endfacet
  facet normal 0.532199 0.466744 -0.706339
    outer loop
      vertex 20.9238 16.0554 -30.0736
      vertex 18.6491 18.6491 -30.0736
      vertex 23.859 18.3076 -26.3738
    endloop
  endfacet
  facet normal 0.532201 0.466737 -0.706342
    outer loop
      vertex 18.6491 18.6491 -30.0736
      vertex 21.2652 21.2652 -26.3738
      vertex 23.859 18.3076 -26.3738
    endloop
  endfacet
  facet normal 0.466742 0.532197 -0.706342
    outer loop
      vertex 18.6491 18.6491 -30.0736
      vertex 16.0554 20.9238 -30.0736
      vertex 21.2652 21.2652 -26.3738
    endloop
  endfacet
  facet normal 0.466739 0.532203 -0.706339
    outer loop
      vertex 16.0554 20.9238 -30.0736
      vertex 18.3076 23.859 -26.3738
      vertex 21.2652 21.2652 -26.3738
    endloop
  endfacet
  facet normal 0.393263 0.588582 -0.706339
    outer loop
      vertex 16.0554 20.9238 -30.0736
      vertex 13.1869 22.8404 -30.0736
      vertex 18.3076 23.859 -26.3738
    endloop
  endfacet
  facet normal 0.393272 0.588567 -0.706347
    outer loop
      vertex 13.1869 22.8404 -30.0736
      vertex 15.0368 26.0445 -26.3738
      vertex 18.3076 23.859 -26.3738
    endloop
  endfacet
  facet normal 0.313074 0.634869 -0.706347
    outer loop
      vertex 13.1869 22.8404 -30.0736
      vertex 10.0928 24.3662 -30.0736
      vertex 15.0368 26.0445 -26.3738
    endloop
  endfacet
  facet normal 0.313083 0.634858 -0.706353
    outer loop
      vertex 10.0928 24.3662 -30.0736
      vertex 11.5087 27.7844 -26.3738
      vertex 15.0368 26.0445 -26.3738
    endloop
  endfacet
  facet normal 0.22755 0.670288 -0.706353
    outer loop
      vertex 10.0928 24.3662 -30.0736
      vertex 6.82605 25.4752 -30.0736
      vertex 11.5087 27.7844 -26.3738
    endloop
  endfacet
  facet normal 0.227537 0.670301 -0.706345
    outer loop
      vertex 6.82605 25.4752 -30.0736
      vertex 7.78362 29.0489 -26.3738
      vertex 11.5087 27.7844 -26.3738
    endloop
  endfacet
  facet normal 0.138091 0.694267 -0.706345
    outer loop
      vertex 6.82605 25.4752 -30.0736
      vertex 3.44248 26.1482 -30.0736
      vertex 7.78362 29.0489 -26.3738
    endloop
  endfacet
  facet normal 0.13809 0.694269 -0.706344
    outer loop
      vertex 3.44248 26.1482 -30.0736
      vertex 3.92539 29.8163 -26.3738
      vertex 7.78362 29.0489 -26.3738
    endloop
  endfacet
  facet normal 0.0462903 0.706354 -0.706344
    outer loop
      vertex 3.44248 26.1482 -30.0736
      vertex 0 26.3738 -30.0736
      vertex 3.92539 29.8163 -26.3738
    endloop
  endfacet
  facet normal 0.0462995 0.706348 -0.706348
    outer loop
      vertex 0 26.3738 -30.0736
      vertex 0 30.0736 -26.3738
      vertex 3.92539 29.8163 -26.3738
    endloop
  endfacet
  facet normal -0.04629 0.706349 -0.706349
    outer loop
      vertex 0 26.3738 -30.0736
      vertex -3.44248 26.1482 -30.0736
      vertex 0 30.0736 -26.3738
    endloop
  endfacet
  facet normal -0.0462998 0.706353 -0.706344
    outer loop
      vertex -3.44248 26.1482 -30.0736
      vertex -3.92539 29.8163 -26.3738
      vertex 0 30.0736 -26.3738
    endloop
  endfacet
  facet normal -0.138092 0.694268 -0.706344
    outer loop
      vertex -3.44248 26.1482 -30.0736
      vertex -6.82605 25.4752 -30.0736
      vertex -3.92539 29.8163 -26.3738
    endloop
  endfacet
  facet normal -0.13809 0.694268 -0.706345
    outer loop
      vertex -6.82605 25.4752 -30.0736
      vertex -7.78362 29.0489 -26.3738
      vertex -3.92539 29.8163 -26.3738
    endloop
  endfacet
  facet normal -0.227553 0.670296 -0.706345
    outer loop
      vertex -6.82605 25.4752 -30.0736
      vertex -10.0928 24.3662 -30.0736
      vertex -7.78362 29.0489 -26.3738
    endloop
  endfacet
  facet normal -0.227535 0.670294 -0.706353
    outer loop
      vertex -10.0928 24.3662 -30.0736
      vertex -11.5087 27.7844 -26.3738
      vertex -7.78362 29.0489 -26.3738
    endloop
  endfacet
  facet normal -0.313071 0.634863 -0.706353
    outer loop
      vertex -10.0928 24.3662 -30.0736
      vertex -13.1869 22.8404 -30.0736
      vertex -11.5087 27.7844 -26.3738
    endloop
  endfacet
  facet normal -0.313086 0.634863 -0.706347
    outer loop
      vertex -13.1869 22.8404 -30.0736
      vertex -15.0368 26.0445 -26.3738
      vertex -11.5087 27.7844 -26.3738
    endloop
  endfacet
  facet normal -0.393259 0.588575 -0.706347
    outer loop
      vertex -13.1869 22.8404 -30.0736
      vertex -16.0554 20.9238 -30.0736
      vertex -15.0368 26.0445 -26.3738
    endloop
  endfacet
  facet normal -0.393276 0.588573 -0.70634
    outer loop
      vertex -16.0554 20.9238 -30.0736
      vertex -18.3076 23.859 -26.3738
      vertex -15.0368 26.0445 -26.3738
    endloop
  endfacet
  facet normal -0.466744 0.532199 -0.706339
    outer loop
      vertex -16.0554 20.9238 -30.0736
      vertex -18.6491 18.6491 -30.0736
      vertex -18.3076 23.859 -26.3738
    endloop
  endfacet
  facet normal -0.466737 0.532201 -0.706342
    outer loop
      vertex -18.6491 18.6491 -30.0736
      vertex -21.2652 21.2652 -26.3738
      vertex -18.3076 23.859 -26.3738
    endloop
  endfacet
  facet normal -0.532197 0.466742 -0.706342
    outer loop
      vertex -18.6491 18.6491 -30.0736
      vertex -20.9238 16.0554 -30.0736
      vertex -21.2652 21.2652 -26.3738
    endloop
  endfacet
  facet normal -0.532203 0.466739 -0.706339
    outer loop
      vertex -20.9238 16.0554 -30.0736
      vertex -23.859 18.3076 -26.3738
      vertex -21.2652 21.2652 -26.3738
    endloop
  endfacet
  facet normal -0.588582 0.393263 -0.706339
    outer loop
      vertex -20.9238 16.0554 -30.0736
      vertex -22.8404 13.1869 -30.0736
      vertex -23.859 18.3076 -26.3738
    endloop
  endfacet
  facet normal -0.588567 0.393272 -0.706347
    outer loop
      vertex -22.8404 13.1869 -30.0736
      vertex -26.0445 15.0368 -26.3738
      vertex -23.859 18.3076 -26.3738
    endloop
  endfacet
  facet normal -0.634869 0.313074 -0.706347
    outer loop
      vertex -22.8404 13.1869 -30.0736
      vertex -24.3662 10.0928 -30.0736
      vertex -26.0445 15.0368 -26.3738
    endloop
  endfacet
  facet normal -0.634858 0.313083 -0.706353
    outer loop
      vertex -24.3662 10.0928 -30.0736
      vertex -27.7844 11.5087 -26.3738
      vertex -26.0445 15.0368 -26.3738
    endloop
  endfacet
  facet normal -0.670288 0.22755 -0.706353
    outer loop
      vertex -24.3662 10.0928 -30.0736
      vertex -25.4752 6.82605 -30.0736
      vertex -27.7844 11.5087 -26.3738
    endloop
  endfacet
  facet normal -0.670301 0.227537 -0.706345
    outer loop
      vertex -25.4752 6.82605 -30.0736
      vertex -29.0489 7.78362 -26.3738
      vertex -27.7844 11.5087 -26.3738
    endloop
  endfacet
  facet normal -0.694267 0.138091 -0.706345
    outer loop
      vertex -25.4752 6.82605 -30.0736
      vertex -26.1482 3.44248 -30.0736
      vertex -29.0489 7.78362 -26.3738
    endloop
  endfacet
  facet normal -0.694269 0.13809 -0.706344
    outer loop
      vertex -26.1482 3.44248 -30.0736
      vertex -29.8163 3.92539 -26.3738
      vertex -29.0489 7.78362 -26.3738
    endloop
  endfacet
  facet normal -0.706354 0.0462903 -0.706344
    outer loop
      vertex -26.1482 3.44248 -30.0736
      vertex -26.3738 -0 -30.0736
      vertex -29.8163 3.92539 -26.3738
    endloop
  endfacet
  facet normal -0.706348 0.0462995 -0.706348
    outer loop
      vertex -26.3738 -0 -30.0736
      vertex -30.0736 -0 -26.3738
      vertex -29.8163 3.92539 -26.3738
    endloop
  endfacet
  facet normal -0.706349 -0.04629 -0.706349
    outer loop
      vertex -26.3738 -0 -30.0736
      vertex -26.1482 -3.44248 -30.0736
      vertex -30.0736 -0 -26.3738
    endloop
  endfacet
  facet normal -0.706353 -0.0462998 -0.706344
    outer loop
      vertex -26.1482 -3.44248 -30.0736
      vertex -29.8163 -3.92539 -26.3738
      vertex -30.0736 -0 -26.3738
    endloop
  endfacet
  facet normal -0.694268 -0.138092 -0.706344
    outer loop
      vertex -26.1482 -3.44248 -30.0736
      vertex -25.4752 -6.82605 -30.0736
      vertex -29.8163 -3.92539 -26.3738
    endloop
  endfacet
  facet normal -0.694268 -0.13809 -0.706345
    outer loop
      vertex -25.4752 -6.82605 -30.0736
      vertex -29.0489 -7.78362 -26.3738
      vertex -29.8163 -3.92539 -26.3738
    endloop
  endfacet
  facet normal -0.670296 -0.227553 -0.706345
    outer loop
      vertex -25.4752 -6.82605 -30.0736
      vertex -24.3662 -10.0928 -30.0736
      vertex -29.0489 -7.78362 -26.3738
    endloop
  endfacet
  facet normal -0.670294 -0.227535 -0.706353
    outer loop
      vertex -24.3662 -10.0928 -30.0736
      vertex -27.7844 -11.5087 -26.3738
      vertex -29.0489 -7.78362 -26.3738
    endloop
  endfacet
  facet normal -0.634863 -0.313071 -0.706353
    outer loop
      vertex -24.3662 -10.0928 -30.0736
      vertex -22.8404 -13.1869 -30.0736
      vertex -27.7844 -11.5087 -26.3738
    endloop
  endfacet
  facet normal -0.634863 -0.313086 -0.706347
    outer loop
      vertex -22.8404 -13.1869 -30.0736
      vertex -26.0445 -15.0368 -26.3738
      vertex -27.7844 -11.5087 -26.3738
    endloop
  endfacet
  facet normal -0.588575 -0.393259 -0.706347
    outer loop
      vertex -22.8404 -13.1869 -30.0736
      vertex -20.9238 -16.0554 -30.0736
      vertex -26.0445 -15.0368 -26.3738
    endloop
  endfacet
  facet normal -0.588573 -0.393276 -0.70634
    outer loop
      vertex -20.9238 -16.0554 -30.0736
      vertex -23.859 -18.3076 -26.3738
      vertex -26.0445 -15.0368 -26.3738
    endloop
  endfacet
  facet normal -0.532199 -0.466744 -0.706339
    outer loop
      vertex -20.9238 -16.0554 -30.0736
      vertex -18.6491 -18.6491 -30.0736
      vertex -23.859 -18.3076 -26.3738
    endloop
  endfacet
  facet normal -0.532201 -0.466737 -0.706342
    outer loop
      vertex -18.6491 -18.6491 -30.0736
      vertex -21.2652 -21.2652 -26.3738
      vertex -23.859 -18.3076 -26.3738
    endloop
  endfacet
  facet normal -0.466742 -0.532197 -0.706342
    outer loop
      vertex -18.6491 -18.6491 -30.0736
      vertex -16.0554 -20.9238 -30.0736
      vertex -21.2652 -21.2652 -26.3738
    endloop
  endfacet
  facet normal -0.466739 -0.532203 -0.706339
    outer loop
      vertex -16.0554 -20.9238 -30.0736
      vertex -18.3076 -23.859 -26.3738
      vertex -21.2652 -21.2652 -26.3738
    endloop
  endfacet
  facet normal -0.393263 -0.588582 -0.706339
    outer loop
      vertex -16.0554 -20.9238 -30.0736
      vertex -13.1869 -22.8404 -30.0736
      vertex -18.3076 -23.859 -26.3738
    endloop
  endfacet
  facet normal -0.393272 -0.588567 -0.706347
    outer loop
      vertex -13.1869 -22.8404 -30.0736
      vertex -15.0368 -26.0445 -26.3738
      vertex -18.3076 -23.859 -26.3738
    endloop
  endfacet
  facet normal -0.313074 -0.634869 -0.706347
    outer loop
      vertex -13.1869 -22.8404 -30.0736
      vertex -10.0928 -24.3662 -30.0736
      vertex -15.0368 -26.0445 -26.3738
    endloop
  endfacet
  facet normal -0.313083 -0.634858 -0.706353
    outer loop
      vertex -10.0928 -24.3662 -30.0736
      vertex -11.5087 -27.7844 -26.3738
      vertex -15.0368 -26.0445 -26.3738
    endloop
  endfacet
  facet normal -0.22755 -0.670288 -0.706353
    outer loop
      vertex -10.0928 -24.3662 -30.0736
      vertex -6.82605 -25.4752 -30.0736
      vertex -11.5087 -27.7844 -26.3738
    endloop
  endfacet
  facet normal -0.227537 -0.670301 -0.706345
    outer loop
      vertex -6.82605 -25.4752 -30.0736
      vertex -7.78362 -29.0489 -26.3738
      vertex -11.5087 -27.7844 -26.3738
    endloop
  endfacet
  facet normal -0.138091 -0.694267 -0.706345
    outer loop
      vertex -6.82605 -25.4752 -30.0736
      vertex -3.44248 -26.1482 -30.0736
      vertex -7.78362 -29.0489 -26.3738
    endloop
  endfacet
  facet normal -0.13809 -0.694269 -0.706344
    outer loop
      vertex -3.44248 -26.1482 -30.0736
      vertex -3.92539 -29.8163 -26.3738
      vertex -7.78362 -29.0489 -26.3738
    endloop
  endfacet
  facet normal -0.0462903 -0.706354 -0.706344
    outer loop
      vertex -3.44248 -26.1482 -30.0736
      vertex -0 -26.3738 -30.0736
      vertex -3.92539 -29.8163 -26.3738
    endloop
  endfacet
  facet normal -0.0462995 -0.706348 -0.706348
    outer loop
      vertex -0 -26.3738 -30.0736
      vertex -0 -30.0736 -26.3738
      vertex -3.92539 -29.8163 -26.3738
    endloop
  endfacet
  facet normal 0.04629 -0.706349 -0.706349
    outer loop
      vertex -0 -26.3738 -30.0736
      vertex 3.44248 -26.1482 -30.0736
      vertex -0 -30.0736 -26.3738
    endloop
  endfacet
  facet normal 0.0462998 -0.706353 -0.706344
    outer loop
      vertex 3.44248 -26.1482 -30.0736
      vertex 3.92539 -29.8163 -26.3738
      vertex -0 -30.0736 -26.3738
    endloop
  endfacet
  facet normal 0.138092 -0.694268 -0.706344
    outer loop
      vertex 3.44248 -26.1482 -30.0736
      vertex 6.82605 -25.4752 -30.0736
      vertex 3.92539 -29.8163 -26.3738
    endloop
  endfacet
  facet normal 0.13809 -0.694268 -0.706345
    outer loop
      vertex 6.82605 -25.4752 -30.0736
      vertex 7.78362 -29.0489 -26.3738
      vertex 3.92539 -29.8163 -26.3738
    endloop
  endfacet
  facet normal 0.227553 -0.670296 -0.706345
    outer loop
      vertex 6.82605 -25.4752 -30.0736
      vertex 10.0928 -24.3662 -30.0736
      vertex 7.78362 -29.0489 -26.3738
    endloop
  endfacet
  facet normal 0.227535 -0.670294 -0.706353
    outer loop
      vertex 10.0928 -24.3662 -30.0736
      vertex 11.5087 -27.7844 -26.3738
      vertex 7.78362 -29.0489 -26.3738
    endloop
  endfacet
  facet normal 0.313071 -0.634863 -0.706353
    outer loop
      vertex 10.0928 -24.3662 -30.0736
      vertex 13.1869 -22.8404 -30.0736
      vertex 11.5087 -27.7844 -26.3738
    endloop
  endfacet
  facet normal 0.313086 -0.634863 -0.706347
    outer loop
      vertex 13.1869 -22.8404 -30.0736
      vertex 15.0368 -26.0445 -26.3738
      vertex 11.5087 -27.7844 -26.3738
    endloop
  endfacet
  facet normal 0.393259 -0.588575 -0.706347
    outer loop
      vertex 13.1869 -22.8404 -30.0736
      vertex 16.0554 -20.9238 -30.0736
      vertex 15.0368 -26.0445 -26.3738
    endloop
  endfacet
  facet normal 0.393276 -0.588573 -0.70634
    outer loop
      vertex 16.0554 -20.9238 -30.0736
      vertex 18.3076 -23.859 -26.3738
      vertex 15.0368 -26.0445 -26.3738
    endloop
  endfacet
  facet normal 0.466744 -0.532199 -0.706339
    outer loop
      vertex 16.0554 -20.9238 -30.0736
      vertex 18.6491 -18.6491 -30.0736
      vertex 18.3076 -23.859 -26.3738
    endloop
  endfacet
  facet normal 0.466737 -0.532201 -0.706342
    outer loop
      vertex 18.6491 -18.6491 -30.0736
      vertex 21.2652 -21.2652 -26.3738
      vertex 18.3076 -23.859 -26.3738
    endloop
  endfacet
  facet normal 0.532197 -0.466742 -0.706342
    outer loop
      vertex 18.6491 -18.6491 -30.0736
      vertex 20.9238 -16.0554 -30.0736
      vertex 21.2652 -21.2652 -26.3738
    endloop
  endfacet
  facet normal 0.532203 -0.466739 -0.706339
    outer loop
      vertex 20.9238 -16.0554 -30.0736
      vertex 23.859 -18.3076 -26.3738
      vertex 21.2652 -21.2652 -26.3738
    endloop
  endfacet
  facet normal 0.588582 -0.393263 -0.706339
    outer loop
      vertex 20.9238 -16.0554 -30.0736
      vertex 22.8404 -13.1869 -30.0736
      vertex 23.859 -18.3076 -26.3738
    endloop
  endfacet
  facet normal 0.588567 -0.393272 -0.706347
    outer loop
      vertex 22.8404 -13.1869 -30.0736
      vertex 26.0445 -15.0368 -26.3738
      vertex 23.859 -18.3076 -26.3738
    endloop
  endfacet
  facet normal 0.634869 -0.313074 -0.706347
    outer loop
      vertex 22.8404 -13.1869 -30.0736
      vertex 24.3662 -10.0928 -30.0736
      vertex 26.0445 -15.0368 -26.3738
    endloop
  endfacet
  facet normal 0.634858 -0.313083 -0.706353
    outer loop
      vertex 24.3662 -10.0928 -30.0736
      vertex 27.7844 -11.5087 -26.3738
      vertex 26.0445 -15.0368 -26.3738
    endloop
  endfacet
  facet normal 0.670288 -0.22755 -0.706353
    outer loop
      vertex 24.3662 -10.0928 -30.0736
      vertex 25.4752 -6.82605 -30.0736
      vertex 27.7844 -11.5087 -26.3738
    endloop
  endfacet
  facet normal 0.670301 -0.227537 -0.706345
    outer loop
      vertex 25.4752 -6.82605 -30.0736
      vertex 29.0489 -7.78362 -26.3738
      vertex 27.7844 -11.5087 -26.3738
    endloop
  endfacet
  facet normal 0.694267 -0.138091 -0.706345
    outer loop
      vertex 25.4752 -6.82605 -30.0736
      vertex 26.1482 -3.44248 -30.0736
      vertex 29.0489 -7.78362 -26.3738
    endloop
  endfacet
  facet normal 0.694269 -0.13809 -0.706344
    outer loop
      vertex 26.1482 -3.44248 -30.0736
      vertex 29.8163 -3.92539 -26.3738
      vertex 29.0489 -7.78362 -26.3738
    endloop
  endfacet
  facet normal 0.706354 -0.0462903 -0.706344
    outer loop
      vertex 26.1482 -3.44248 -30.0736
      vertex 26.3738 0 -30.0736
      vertex 29.8163 -3.92539 -26.3738
    endloop
  endfacet
  facet normal 0.706348 -0.0462995 -0.706348
    outer loop
      vertex 26.3738 0 -30.0736
      vertex 30.0736 0 -26.3738
      vertex 29.8163 -3.92539 -26.3738
    endloop
  endfacet
  facet normal 0.608281 0.0398648 -0.79272
    outer loop
      vertex 22.2228 0 -33.2588
      vertex 22.0327 2.90066 -33.2588
      vertex 26.3738 0 -30.0736
    endloop
  endfacet
  facet normal 0.60828 0.0398631 -0.792721
    outer loop
      vertex 22.0327 2.90066 -33.2588
      vertex 26.1482 3.44248 -30.0736
      vertex 26.3738 0 -30.0736
    endloop
  endfacet
  facet normal 0.597872 0.118923 -0.792721
    outer loop
      vertex 22.0327 2.90066 -33.2588
      vertex 21.4656 5.75169 -33.2588
      vertex 26.1482 3.44248 -30.0736
    endloop
  endfacet
  facet normal 0.59787 0.118918 -0.792723
    outer loop
      vertex 21.4656 5.75169 -33.2588
      vertex 25.4752 6.82605 -30.0736
      vertex 26.1482 3.44248 -30.0736
    endloop
  endfacet
  facet normal 0.577231 0.195947 -0.792723
    outer loop
      vertex 21.4656 5.75169 -33.2588
      vertex 20.5312 8.5043 -33.2588
      vertex 25.4752 6.82605 -30.0736
    endloop
  endfacet
  facet normal 0.577232 0.195959 -0.792719
    outer loop
      vertex 20.5312 8.5043 -33.2588
      vertex 24.3662 10.0928 -30.0736
      vertex 25.4752 6.82605 -30.0736
    endloop
  endfacet
  facet normal 0.546722 0.269618 -0.792718
    outer loop
      vertex 20.5312 8.5043 -33.2588
      vertex 19.2455 11.1114 -33.2588
      vertex 24.3662 10.0928 -30.0736
    endloop
  endfacet
  facet normal 0.546722 0.269606 -0.792722
    outer loop
      vertex 19.2455 11.1114 -33.2588
      vertex 22.8404 13.1869 -30.0736
      vertex 24.3662 10.0928 -30.0736
    endloop
  endfacet
  facet normal 0.506849 0.338668 -0.792722
    outer loop
      vertex 19.2455 11.1114 -33.2588
      vertex 17.6305 13.5284 -33.2588
      vertex 22.8404 13.1869 -30.0736
    endloop
  endfacet
  facet normal 0.506851 0.338655 -0.792726
    outer loop
      vertex 17.6305 13.5284 -33.2588
      vertex 20.9238 16.0554 -30.0736
      vertex 22.8404 13.1869 -30.0736
    endloop
  endfacet
  facet normal 0.458308 0.401918 -0.792727
    outer loop
      vertex 17.6305 13.5284 -33.2588
      vertex 15.7139 15.7139 -33.2588
      vertex 20.9238 16.0554 -30.0736
    endloop
  endfacet
  facet normal 0.458303 0.401936 -0.792721
    outer loop
      vertex 15.7139 15.7139 -33.2588
      vertex 18.6491 18.6491 -30.0736
      vertex 20.9238 16.0554 -30.0736
    endloop
  endfacet
  facet normal 0.401924 0.458314 -0.79272
    outer loop
      vertex 15.7139 15.7139 -33.2588
      vertex 13.5284 17.6305 -33.2588
      vertex 18.6491 18.6491 -30.0736
    endloop
  endfacet
  facet normal 0.401931 0.458297 -0.792726
    outer loop
      vertex 13.5284 17.6305 -33.2588
      vertex 16.0554 20.9238 -30.0736
      vertex 18.6491 18.6491 -30.0736
    endloop
  endfacet
  facet normal 0.338665 0.506844 -0.792727
    outer loop
      vertex 13.5284 17.6305 -33.2588
      vertex 11.1114 19.2455 -33.2588
      vertex 16.0554 20.9238 -30.0736
    endloop
  endfacet
  facet normal 0.338658 0.506856 -0.792722
    outer loop
      vertex 11.1114 19.2455 -33.2588
      vertex 13.1869 22.8404 -30.0736
      vertex 16.0554 20.9238 -30.0736
    endloop
  endfacet
  facet normal 0.269615 0.546717 -0.792722
    outer loop
      vertex 11.1114 19.2455 -33.2588
      vertex 8.5043 20.5312 -33.2588
      vertex 13.1869 22.8404 -30.0736
    endloop
  endfacet
  facet normal 0.269608 0.546726 -0.792718
    outer loop
      vertex 8.5043 20.5312 -33.2588
      vertex 10.0928 24.3662 -30.0736
      vertex 13.1869 22.8404 -30.0736
    endloop
  endfacet
  facet normal 0.195948 0.577236 -0.792718
    outer loop
      vertex 8.5043 20.5312 -33.2588
      vertex 5.75169 21.4656 -33.2588
      vertex 10.0928 24.3662 -30.0736
    endloop
  endfacet
  facet normal 0.195958 0.577227 -0.792723
    outer loop
      vertex 5.75169 21.4656 -33.2588
      vertex 6.82605 25.4752 -30.0736
      vertex 10.0928 24.3662 -30.0736
    endloop
  endfacet
  facet normal 0.118922 0.597869 -0.792723
    outer loop
      vertex 5.75169 21.4656 -33.2588
      vertex 2.90066 22.0327 -33.2588
      vertex 6.82605 25.4752 -30.0736
    endloop
  endfacet
  facet normal 0.118918 0.597872 -0.792721
    outer loop
      vertex 2.90066 22.0327 -33.2588
      vertex 3.44248 26.1482 -30.0736
      vertex 6.82605 25.4752 -30.0736
    endloop
  endfacet
  facet normal 0.0398647 0.60828 -0.792721
    outer loop
      vertex 2.90066 22.0327 -33.2588
      vertex 0 22.2228 -33.2588
      vertex 3.44248 26.1482 -30.0736
    endloop
  endfacet
  facet normal 0.0398632 0.608281 -0.79272
    outer loop
      vertex 0 22.2228 -33.2588
      vertex 0 26.3738 -30.0736
      vertex 3.44248 26.1482 -30.0736
    endloop
  endfacet
  facet normal -0.0398648 0.608281 -0.79272
    outer loop
      vertex 0 22.2228 -33.2588
      vertex -2.90066 22.0327 -33.2588
      vertex 0 26.3738 -30.0736
    endloop
  endfacet
  facet normal -0.0398631 0.60828 -0.792721
    outer loop
      vertex -2.90066 22.0327 -33.2588
      vertex -3.44248 26.1482 -30.0736
      vertex 0 26.3738 -30.0736
    endloop
  endfacet
  facet normal -0.118923 0.597872 -0.792721
    outer loop
      vertex -2.90066 22.0327 -33.2588
      vertex -5.75169 21.4656 -33.2588
      vertex -3.44248 26.1482 -30.0736
    endloop
  endfacet
  facet normal -0.118918 0.59787 -0.792723
    outer loop
      vertex -5.75169 21.4656 -33.2588
      vertex -6.82605 25.4752 -30.0736
      vertex -3.44248 26.1482 -30.0736
    endloop
  endfacet
  facet normal -0.195947 0.577231 -0.792723
    outer loop
      vertex -5.75169 21.4656 -33.2588
      vertex -8.5043 20.5312 -33.2588
      vertex -6.82605 25.4752 -30.0736
    endloop
  endfacet
  facet normal -0.195959 0.577232 -0.792719
    outer loop
      vertex -8.5043 20.5312 -33.2588
      vertex -10.0928 24.3662 -30.0736
      vertex -6.82605 25.4752 -30.0736
    endloop
  endfacet
  facet normal -0.269618 0.546722 -0.792718
    outer loop
      vertex -8.5043 20.5312 -33.2588
      vertex -11.1114 19.2455 -33.2588
      vertex -10.0928 24.3662 -30.0736
    endloop
  endfacet
  facet normal -0.269606 0.546722 -0.792722
    outer loop
      vertex -11.1114 19.2455 -33.2588
      vertex -13.1869 22.8404 -30.0736
      vertex -10.0928 24.3662 -30.0736
    endloop
  endfacet
  facet normal -0.338668 0.506849 -0.792722
    outer loop
      vertex -11.1114 19.2455 -33.2588
      vertex -13.5284 17.6305 -33.2588
      vertex -13.1869 22.8404 -30.0736
    endloop
  endfacet
  facet normal -0.338655 0.506851 -0.792726
    outer loop
      vertex -13.5284 17.6305 -33.2588
      vertex -16.0554 20.9238 -30.0736
      vertex -13.1869 22.8404 -30.0736
    endloop
  endfacet
  facet normal -0.401918 0.458308 -0.792727
    outer loop
      vertex -13.5284 17.6305 -33.2588
      vertex -15.7139 15.7139 -33.2588
      vertex -16.0554 20.9238 -30.0736
    endloop
  endfacet
  facet normal -0.401936 0.458303 -0.792721
    outer loop
      vertex -15.7139 15.7139 -33.2588
      vertex -18.6491 18.6491 -30.0736
      vertex -16.0554 20.9238 -30.0736
    endloop
  endfacet
  facet normal -0.458314 0.401924 -0.79272
    outer loop
      vertex -15.7139 15.7139 -33.2588
      vertex -17.6305 13.5284 -33.2588
      vertex -18.6491 18.6491 -30.0736
    endloop
  endfacet
  facet normal -0.458297 0.401931 -0.792726
    outer loop
      vertex -17.6305 13.5284 -33.2588
      vertex -20.9238 16.0554 -30.0736
      vertex -18.6491 18.6491 -30.0736
    endloop
  endfacet
  facet normal -0.506844 0.338665 -0.792727
    outer loop
      vertex -17.6305 13.5284 -33.2588
      vertex -19.2455 11.1114 -33.2588
      vertex -20.9238 16.0554 -30.0736
    endloop
  endfacet
  facet normal -0.506856 0.338658 -0.792722
    outer loop
      vertex -19.2455 11.1114 -33.2588
      vertex -22.8404 13.1869 -30.0736
      vertex -20.9238 16.0554 -30.0736
    endloop
  endfacet
  facet normal -0.546717 0.269615 -0.792722
    outer loop
      vertex -19.2455 11.1114 -33.2588
      vertex -20.5312 8.5043 -33.2588
      vertex -22.8404 13.1869 -30.0736
    endloop
  endfacet
  facet normal -0.546726 0.269608 -0.792718
    outer loop
      vertex -20.5312 8.5043 -33.2588
      vertex -24.3662 10.0928 -30.0736
      vertex -22.8404 13.1869 -30.0736
    endloop
  endfacet
  facet normal -0.577236 0.195948 -0.792718
    outer loop
      vertex -20.5312 8.5043 -33.2588
      vertex -21.4656 5.75169 -33.2588
      vertex -24.3662 10.0928 -30.0736
    endloop
  endfacet
  facet normal -0.577227 0.195958 -0.792723
    outer loop
      vertex -21.4656 5.75169 -33.2588
      vertex -25.4752 6.82605 -30.0736
      vertex -24.3662 10.0928 -30.0736
    endloop
  endfacet
  facet normal -0.597869 0.118922 -0.792723
    outer loop
      vertex -21.4656 5.75169 -33.2588
      vertex -22.0327 2.90066 -33.2588
      vertex -25.4752 6.82605 -30.0736
    endloop
  endfacet
  facet normal -0.597872 0.118918 -0.792721
    outer loop
      vertex -22.0327 2.90066 -33.2588
      vertex -26.1482 3.44248 -30.0736
      vertex -25.4752 6.82605 -30.0736
    endloop
  endfacet
  facet normal -0.60828 0.0398647 -0.792721
    outer loop
      vertex -22.0327 2.90066 -33.2588
      vertex -22.2228 -0 -33.2588
      vertex -26.1482 3.44248 -30.0736
    endloop
  endfacet
  facet normal -0.608281 0.0398632 -0.79272
    outer loop
      vertex -22.2228 -0 -33.2588
      vertex -26.3738 -0 -30.0736
      vertex -26.1482 3.44248 -30.0736
    endloop
  endfacet
  facet normal -0.608281 -0.0398648 -0.79272
    outer loop
      vertex -22.2228 -0 -33.2588
      vertex -22.0327 -2.90066 -33.2588
      vertex -26.3738 -0 -30.0736
    endloop
  endfacet
  facet normal -0.60828 -0.0398631 -0.792721
    outer loop
      vertex -22.0327 -2.90066 -33.2588
      vertex -26.1482 -3.44248 -30.0736
      vertex -26.3738 -0 -30.0736
    endloop
  endfacet
  facet normal -0.597872 -0.118923 -0.792721
    outer loop
      vertex -22.0327 -2.90066 -33.2588
      vertex -21.4656 -5.75169 -33.2588
      vertex -26.1482 -3.44248 -30.0736
    endloop
  endfacet
  facet normal -0.59787 -0.118918 -0.792723
    outer loop
      vertex -21.4656 -5.75169 -33.2588
      vertex -25.4752 -6.82605 -30.0736
      vertex -26.1482 -3.44248 -30.0736
    endloop
  endfacet
  facet normal -0.577231 -0.195947 -0.792723
    outer loop
      vertex -21.4656 -5.75169 -33.2588
      vertex -20.5312 -8.5043 -33.2588
      vertex -25.4752 -6.82605 -30.0736
    endloop
  endfacet
  facet normal -0.577232 -0.195959 -0.792719
    outer loop
      vertex -20.5312 -8.5043 -33.2588
      vertex -24.3662 -10.0928 -30.0736
      vertex -25.4752 -6.82605 -30.0736
    endloop
  endfacet
  facet normal -0.546722 -0.269618 -0.792718
    outer loop
      vertex -20.5312 -8.5043 -33.2588
      vertex -19.2455 -11.1114 -33.2588
      vertex -24.3662 -10.0928 -30.0736
    endloop
  endfacet
  facet normal -0.546722 -0.269606 -0.792722
    outer loop
      vertex -19.2455 -11.1114 -33.2588
      vertex -22.8404 -13.1869 -30.0736
      vertex -24.3662 -10.0928 -30.0736
    endloop
  endfacet
  facet normal -0.506849 -0.338668 -0.792722
    outer loop
      vertex -19.2455 -11.1114 -33.2588
      vertex -17.6305 -13.5284 -33.2588
      vertex -22.8404 -13.1869 -30.0736
    endloop
  endfacet
  facet normal -0.506851 -0.338655 -0.792726
    outer loop
      vertex -17.6305 -13.5284 -33.2588
      vertex -20.9238 -16.0554 -30.0736
      vertex -22.8404 -13.1869 -30.0736
    endloop
  endfacet
  facet normal -0.458308 -0.401918 -0.792727
    outer loop
      vertex -17.6305 -13.5284 -33.2588
      vertex -15.7139 -15.7139 -33.2588
      vertex -20.9238 -16.0554 -30.0736
    endloop
  endfacet
  facet normal -0.458303 -0.401936 -0.792721
    outer loop
      vertex -15.7139 -15.7139 -33.2588
      vertex -18.6491 -18.6491 -30.0736
      vertex -20.9238 -16.0554 -30.0736
    endloop
  endfacet
  facet normal -0.401924 -0.458314 -0.79272
    outer loop
      vertex -15.7139 -15.7139 -33.2588
      vertex -13.5284 -17.6305 -33.2588
      vertex -18.6491 -18.6491 -30.0736
    endloop
  endfacet
  facet normal -0.401931 -0.458297 -0.792726
    outer loop
      vertex -13.5284 -17.6305 -33.2588
      vertex -16.0554 -20.9238 -30.0736
      vertex -18.6491 -18.6491 -30.0736
    endloop
  endfacet
  facet normal -0.338665 -0.506844 -0.792727
    outer loop
      vertex -13.5284 -17.6305 -33.2588
      vertex -11.1114 -19.2455 -33.2588
      vertex -16.0554 -20.9238 -30.0736
    endloop
  endfacet
  facet normal -0.338658 -0.506856 -0.792722
    outer loop
      vertex -11.1114 -19.2455 -33.2588
      vertex -13.1869 -22.8404 -30.0736
      vertex -16.0554 -20.9238 -30.0736
    endloop
  endfacet
  facet normal -0.269615 -0.546717 -0.792722
    outer loop
      vertex -11.1114 -19.2455 -33.2588
      vertex -8.5043 -20.5312 -33.2588
      vertex -13.1869 -22.8404 -30.0736
    endloop
  endfacet
  facet normal -0.269608 -0.546726 -0.792718
    outer loop
      vertex -8.5043 -20.5312 -33.2588
      vertex -10.0928 -24.3662 -30.0736
      vertex -13.1869 -22.8404 -30.0736
    endloop
  endfacet
  facet normal -0.195948 -0.577236 -0.792718
    outer loop
      vertex -8.5043 -20.5312 -33.2588
      vertex -5.75169 -21.4656 -33.2588
      vertex -10.0928 -24.3662 -30.0736
    endloop
  endfacet
  facet normal -0.195958 -0.577227 -0.792723
    outer loop
      vertex -5.75169 -21.4656 -33.2588
      vertex -6.82605 -25.4752 -30.0736
      vertex -10.0928 -24.3662 -30.0736
    endloop
  endfacet
  facet normal -0.118922 -0.597869 -0.792723
    outer loop
      vertex -5.75169 -21.4656 -33.2588
      vertex -2.90066 -22.0327 -33.2588
      vertex -6.82605 -25.4752 -30.0736
    endloop
  endfacet
  facet normal -0.118918 -0.597872 -0.792721
    outer loop
      vertex -2.90066 -22.0327 -33.2588
      vertex -3.44248 -26.1482 -30.0736
      vertex -6.82605 -25.4752 -30.0736
    endloop
  endfacet
  facet normal -0.0398647 -0.60828 -0.792721
    outer loop
      vertex -2.90066 -22.0327 -33.2588
      vertex -0 -22.2228 -33.2588
      vertex -3.44248 -26.1482 -30.0736
    endloop
  endfacet
  facet normal -0.0398632 -0.608281 -0.79272
    outer loop
      vertex -0 -22.2228 -33.2588
      vertex -0 -26.3738 -30.0736
      vertex -3.44248 -26.1482 -30.0736
    endloop
  endfacet
  facet normal 0.0398648 -0.608281 -0.79272
    outer loop
      vertex -0 -22.2228 -33.2588
      vertex 2.90066 -22.0327 -33.2588
      vertex -0 -26.3738 -30.0736
    endloop
  endfacet
  facet normal 0.0398631 -0.60828 -0.792721
    outer loop
      vertex 2.90066 -22.0327 -33.2588
      vertex 3.44248 -26.1482 -30.0736
      vertex -0 -26.3738 -30.0736
    endloop
  endfacet
  facet normal 0.118923 -0.597872 -0.792721
    outer loop
      vertex 2.90066 -22.0327 -33.2588
      vertex 5.75169 -21.4656 -33.2588
      vertex 3.44248 -26.1482 -30.0736
    endloop
  endfacet
  facet normal 0.118918 -0.59787 -0.792723
    outer loop
      vertex 5.75169 -21.4656 -33.2588
      vertex 6.82605 -25.4752 -30.0736
      vertex 3.44248 -26.1482 -30.0736
    endloop
  endfacet
  facet normal 0.195947 -0.577231 -0.792723
    outer loop
      vertex 5.75169 -21.4656 -33.2588
      vertex 8.5043 -20.5312 -33.2588
      vertex 6.82605 -25.4752 -30.0736
    endloop
  endfacet
  facet normal 0.195959 -0.577232 -0.792719
    outer loop
      vertex 8.5043 -20.5312 -33.2588
      vertex 10.0928 -24.3662 -30.0736
      vertex 6.82605 -25.4752 -30.0736
    endloop
  endfacet
  facet normal 0.269618 -0.546722 -0.792718
    outer loop
      vertex 8.5043 -20.5312 -33.2588
      vertex 11.1114 -19.2455 -33.2588
      vertex 10.0928 -24.3662 -30.0736
    endloop
  endfacet
  facet normal 0.269606 -0.546722 -0.792722
    outer loop
      vertex 11.1114 -19.2455 -33.2588
      vertex 13.1869 -22.8404 -30.0736
      vertex 10.0928 -24.3662 -30.0736
    endloop
  endfacet
  facet normal 0.338668 -0.506849 -0.792722
    outer loop
      vertex 11.1114 -19.2455 -33.2588
      vertex 13.5284 -17.6305 -33.2588
      vertex 13.1869 -22.8404 -30.0736
    endloop
  endfacet
  facet normal 0.338655 -0.506851 -0.792726
    outer loop
      vertex 13.5284 -17.6305 -33.2588
      vertex 16.0554 -20.9238 -30.0736
      vertex 13.1869 -22.8404 -30.0736
    endloop
  endfacet
  facet normal 0.401918 -0.458308 -0.792727
    outer loop
      vertex 13.5284 -17.6305 -33.2588
      vertex 15.7139 -15.7139 -33.2588
      vertex 16.0554 -20.9238 -30.0736
    endloop
  endfacet
  facet normal 0.401936 -0.458303 -0.792721
    outer loop
      vertex 15.7139 -15.7139 -33.2588
      vertex 18.6491 -18.6491 -30.0736
      vertex 16.0554 -20.9238 -30.0736
    endloop
  endfacet
  facet normal 0.458314 -0.401924 -0.79272
    outer loop
      vertex 15.7139 -15.7139 -33.2588
      vertex 17.6305 -13.5284 -33.2588
      vertex 18.6491 -18.6491 -30.0736
    endloop
  endfacet
  facet normal 0.458297 -0.401931 -0.792726
    outer loop
      vertex 17.6305 -13.5284 -33.2588
      vertex 20.9238 -16.0554 -30.0736
      vertex 18.6491 -18.6491 -30.0736
    endloop
  endfacet
  facet normal 0.506844 -0.338665 -0.792727
    outer loop
      vertex 17.6305 -13.5284 -33.2588
      vertex 19.2455 -11.1114 -33.2588
      vertex 20.9238 -16.0554 -30.0736
    endloop
  endfacet
  facet normal 0.506856 -0.338658 -0.792722
    outer loop
      vertex 19.2455 -11.1114 -33.2588
      vertex 22.8404 -13.1869 -30.0736
      vertex 20.9238 -16.0554 -30.0736
    endloop
  endfacet
  facet normal 0.546717 -0.269615 -0.792722
    outer loop
      vertex 19.2455 -11.1114 -33.2588
      vertex 20.5312 -8.5043 -33.2588
      vertex 22.8404 -13.1869 -30.0736
    endloop
  endfacet
  facet normal 0.546726 -0.269608 -0.792718
    outer loop
      vertex 20.5312 -8.5043 -33.2588
      vertex 24.3662 -10.0928 -30.0736
      vertex 22.8404 -13.1869 -30.0736
    endloop
  endfacet
  facet normal 0.577236 -0.195948 -0.792718
    outer loop
      vertex 20.5312 -8.5043 -33.2588
      vertex 21.4656 -5.75169 -33.2588
      vertex 24.3662 -10.0928 -30.0736
    endloop
  endfacet
  facet normal 0.577227 -0.195958 -0.792723
    outer loop
      vertex 21.4656 -5.75169 -33.2588
      vertex 25.4752 -6.82605 -30.0736
      vertex 24.3662 -10.0928 -30.0736
    endloop
  endfacet
  facet normal 0.597869 -0.118922 -0.792723
    outer loop
      vertex 21.4656 -5.75169 -33.2588
      vertex 22.0327 -2.90066 -33.2588
      vertex 25.4752 -6.82605 -30.0736
    endloop
  endfacet
  facet normal 0.597872 -0.118918 -0.792721
    outer loop
      vertex 22.0327 -2.90066 -33.2588
      vertex 26.1482 -3.44248 -30.0736
      vertex 25.4752 -6.82605 -30.0736
    endloop
  endfacet
  facet normal 0.60828 -0.0398647 -0.792721
    outer loop
      vertex 22.0327 -2.90066 -33.2588
      vertex 22.2228 0 -33.2588
      vertex 26.1482 -3.44248 -30.0736
    endloop
  endfacet
  facet normal 0.608281 -0.0398632 -0.79272
    outer loop
      vertex 22.2228 0 -33.2588
      vertex 26.3738 0 -30.0736
      vertex 26.1482 -3.44248 -30.0736
    endloop
  endfacet
  facet normal 0.499725 0.0327421 -0.865565
    outer loop
      vertex 17.6915 0 -35.8749
      vertex 17.5402 2.30921 -35.8749
      vertex 22.2228 0 -33.2588
    endloop
  endfacet
  facet normal 0.499728 0.0327506 -0.865563
    outer loop
      vertex 17.5402 2.30921 -35.8749
      vertex 22.0327 2.90066 -33.2588
      vertex 22.2228 0 -33.2588
    endloop
  endfacet
  facet normal 0.491176 0.0977073 -0.865563
    outer loop
      vertex 17.5402 2.30921 -35.8749
      vertex 17.0887 4.57891 -35.8749
      vertex 22.0327 2.90066 -33.2588
    endloop
  endfacet
  facet normal 0.491175 0.0976999 -0.865565
    outer loop
      vertex 17.0887 4.57891 -35.8749
      vertex 21.4656 5.75169 -33.2588
      vertex 22.0327 2.90066 -33.2588
    endloop
  endfacet
  facet normal 0.474224 0.160964 -0.865565
    outer loop
      vertex 17.0887 4.57891 -35.8749
      vertex 16.3449 6.77026 -35.8749
      vertex 21.4656 5.75169 -33.2588
    endloop
  endfacet
  facet normal 0.474225 0.16098 -0.865561
    outer loop
      vertex 16.3449 6.77026 -35.8749
      vertex 20.5312 8.5043 -33.2588
      vertex 21.4656 5.75169 -33.2588
    endloop
  endfacet
  facet normal 0.449151 0.221512 -0.865561
    outer loop
      vertex 16.3449 6.77026 -35.8749
      vertex 15.3213 8.84577 -35.8749
      vertex 20.5312 8.5043 -33.2588
    endloop
  endfacet
  facet normal 0.449152 0.221501 -0.865563
    outer loop
      vertex 15.3213 8.84577 -35.8749
      vertex 19.2455 11.1114 -33.2588
      vertex 20.5312 8.5043 -33.2588
    endloop
  endfacet
  facet normal 0.416396 0.278235 -0.865563
    outer loop
      vertex 15.3213 8.84577 -35.8749
      vertex 14.0356 10.7699 -35.8749
      vertex 19.2455 11.1114 -33.2588
    endloop
  endfacet
  facet normal 0.416397 0.27823 -0.865564
    outer loop
      vertex 14.0356 10.7699 -35.8749
      vertex 17.6305 13.5284 -33.2588
      vertex 19.2455 11.1114 -33.2588
    endloop
  endfacet
  facet normal 0.376525 0.330192 -0.865565
    outer loop
      vertex 14.0356 10.7699 -35.8749
      vertex 12.5098 12.5098 -35.8749
      vertex 17.6305 13.5284 -33.2588
    endloop
  endfacet
  facet normal 0.376523 0.330197 -0.865564
    outer loop
      vertex 12.5098 12.5098 -35.8749
      vertex 15.7139 15.7139 -33.2588
      vertex 17.6305 13.5284 -33.2588
    endloop
  endfacet
  facet normal 0.330194 0.376526 -0.865564
    outer loop
      vertex 12.5098 12.5098 -35.8749
      vertex 10.7699 14.0356 -35.8749
      vertex 15.7139 15.7139 -33.2588
    endloop
  endfacet
  facet normal 0.330195 0.376522 -0.865565
    outer loop
      vertex 10.7699 14.0356 -35.8749
      vertex 13.5284 17.6305 -33.2588
      vertex 15.7139 15.7139 -33.2588
    endloop
  endfacet
  facet normal 0.278234 0.416394 -0.865564
    outer loop
      vertex 10.7699 14.0356 -35.8749
      vertex 8.84577 15.3213 -35.8749
      vertex 13.5284 17.6305 -33.2588
    endloop
  endfacet
  facet normal 0.278231 0.416399 -0.865563
    outer loop
      vertex 8.84577 15.3213 -35.8749
      vertex 11.1114 19.2455 -33.2588
      vertex 13.5284 17.6305 -33.2588
    endloop
  endfacet
  facet normal 0.22151 0.449147 -0.865564
    outer loop
      vertex 8.84577 15.3213 -35.8749
      vertex 6.77026 16.3449 -35.8749
      vertex 11.1114 19.2455 -33.2588
    endloop
  endfacet
  facet normal 0.221503 0.449156 -0.865561
    outer loop
      vertex 6.77026 16.3449 -35.8749
      vertex 8.5043 20.5312 -33.2588
      vertex 11.1114 19.2455 -33.2588
    endloop
  endfacet
  facet normal 0.160966 0.474231 -0.865561
    outer loop
      vertex 6.77026 16.3449 -35.8749
      vertex 4.57891 17.0887 -35.8749
      vertex 8.5043 20.5312 -33.2588
    endloop
  endfacet
  facet normal 0.160978 0.474219 -0.865564
    outer loop
      vertex 4.57891 17.0887 -35.8749
      vertex 5.75169 21.4656 -33.2588
      vertex 8.5043 20.5312 -33.2588
    endloop
  endfacet
  facet normal 0.0977066 0.491173 -0.865565
    outer loop
      vertex 4.57891 17.0887 -35.8749
      vertex 2.30921 17.5402 -35.8749
      vertex 5.75169 21.4656 -33.2588
    endloop
  endfacet
  facet normal 0.0977004 0.491177 -0.865563
    outer loop
      vertex 2.30921 17.5402 -35.8749
      vertex 2.90066 22.0327 -33.2588
      vertex 5.75169 21.4656 -33.2588
    endloop
  endfacet
  facet normal 0.0327424 0.499729 -0.865563
    outer loop
      vertex 2.30921 17.5402 -35.8749
      vertex 0 17.6915 -35.8749
      vertex 2.90066 22.0327 -33.2588
    endloop
  endfacet
  facet normal 0.0327504 0.499725 -0.865565
    outer loop
      vertex 0 17.6915 -35.8749
      vertex 0 22.2228 -33.2588
      vertex 2.90066 22.0327 -33.2588
    endloop
  endfacet
  facet normal -0.0327421 0.499725 -0.865565
    outer loop
      vertex 0 17.6915 -35.8749
      vertex -2.30921 17.5402 -35.8749
      vertex 0 22.2228 -33.2588
    endloop
  endfacet
  facet normal -0.0327506 0.499728 -0.865563
    outer loop
      vertex -2.30921 17.5402 -35.8749
      vertex -2.90066 22.0327 -33.2588
      vertex 0 22.2228 -33.2588
    endloop
  endfacet
  facet normal -0.0977073 0.491176 -0.865563
    outer loop
      vertex -2.30921 17.5402 -35.8749
      vertex -4.57891 17.0887 -35.8749
      vertex -2.90066 22.0327 -33.2588
    endloop
  endfacet
  facet normal -0.0976999 0.491175 -0.865565
    outer loop
      vertex -4.57891 17.0887 -35.8749
      vertex -5.75169 21.4656 -33.2588
      vertex -2.90066 22.0327 -33.2588
    endloop
  endfacet
  facet normal -0.160964 0.474224 -0.865565
    outer loop
      vertex -4.57891 17.0887 -35.8749
      vertex -6.77026 16.3449 -35.8749
      vertex -5.75169 21.4656 -33.2588
    endloop
  endfacet
  facet normal -0.16098 0.474225 -0.865561
    outer loop
      vertex -6.77026 16.3449 -35.8749
      vertex -8.5043 20.5312 -33.2588
      vertex -5.75169 21.4656 -33.2588
    endloop
  endfacet
  facet normal -0.221512 0.449151 -0.865561
    outer loop
      vertex -6.77026 16.3449 -35.8749
      vertex -8.84577 15.3213 -35.8749
      vertex -8.5043 20.5312 -33.2588
    endloop
  endfacet
  facet normal -0.221501 0.449152 -0.865563
    outer loop
      vertex -8.84577 15.3213 -35.8749
      vertex -11.1114 19.2455 -33.2588
      vertex -8.5043 20.5312 -33.2588
    endloop
  endfacet
  facet normal -0.278235 0.416396 -0.865563
    outer loop
      vertex -8.84577 15.3213 -35.8749
      vertex -10.7699 14.0356 -35.8749
      vertex -11.1114 19.2455 -33.2588
    endloop
  endfacet
  facet normal -0.27823 0.416397 -0.865564
    outer loop
      vertex -10.7699 14.0356 -35.8749
      vertex -13.5284 17.6305 -33.2588
      vertex -11.1114 19.2455 -33.2588
    endloop
  endfacet
  facet normal -0.330192 0.376525 -0.865565
    outer loop
      vertex -10.7699 14.0356 -35.8749
      vertex -12.5098 12.5098 -35.8749
      vertex -13.5284 17.6305 -33.2588
    endloop
  endfacet
  facet normal -0.330197 0.376523 -0.865564
    outer loop
      vertex -12.5098 12.5098 -35.8749
      vertex -15.7139 15.7139 -33.2588
      vertex -13.5284 17.6305 -33.2588
    endloop
  endfacet
  facet normal -0.376526 0.330194 -0.865564
    outer loop
      vertex -12.5098 12.5098 -35.8749
      vertex -14.0356 10.7699 -35.8749
      vertex -15.7139 15.7139 -33.2588
    endloop
  endfacet
  facet normal -0.376522 0.330195 -0.865565
    outer loop
      vertex -14.0356 10.7699 -35.8749
      vertex -17.6305 13.5284 -33.2588
      vertex -15.7139 15.7139 -33.2588
    endloop
  endfacet
  facet normal -0.416394 0.278234 -0.865564
    outer loop
      vertex -14.0356 10.7699 -35.8749
      vertex -15.3213 8.84577 -35.8749
      vertex -17.6305 13.5284 -33.2588
    endloop
  endfacet
  facet normal -0.416399 0.278231 -0.865563
    outer loop
      vertex -15.3213 8.84577 -35.8749
      vertex -19.2455 11.1114 -33.2588
      vertex -17.6305 13.5284 -33.2588
    endloop
  endfacet
  facet normal -0.449147 0.22151 -0.865564
    outer loop
      vertex -15.3213 8.84577 -35.8749
      vertex -16.3449 6.77026 -35.8749
      vertex -19.2455 11.1114 -33.2588
    endloop
  endfacet
  facet normal -0.449156 0.221503 -0.865561
    outer loop
      vertex -16.3449 6.77026 -35.8749
      vertex -20.5312 8.5043 -33.2588
      vertex -19.2455 11.1114 -33.2588
    endloop
  endfacet
  facet normal -0.474231 0.160966 -0.865561
    outer loop
      vertex -16.3449 6.77026 -35.8749
      vertex -17.0887 4.57891 -35.8749
      vertex -20.5312 8.5043 -33.2588
    endloop
  endfacet
  facet normal -0.474219 0.160978 -0.865564
    outer loop
      vertex -17.0887 4.57891 -35.8749
      vertex -21.4656 5.75169 -33.2588
      vertex -20.5312 8.5043 -33.2588
    endloop
  endfacet
  facet normal -0.491173 0.0977066 -0.865565
    outer loop
      vertex -17.0887 4.57891 -35.8749
      vertex -17.5402 2.30921 -35.8749
      vertex -21.4656 5.75169 -33.2588
    endloop
  endfacet
  facet normal -0.491177 0.0977004 -0.865563
    outer loop
      vertex -17.5402 2.30921 -35.8749
      vertex -22.0327 2.90066 -33.2588
      vertex -21.4656 5.75169 -33.2588
    endloop
  endfacet
  facet normal -0.499729 0.0327424 -0.865563
    outer loop
      vertex -17.5402 2.30921 -35.8749
      vertex -17.6915 -0 -35.8749
      vertex -22.0327 2.90066 -33.2588
    endloop
  endfacet
  facet normal -0.499725 0.0327504 -0.865565
    outer loop
      vertex -17.6915 -0 -35.8749
      vertex -22.2228 -0 -33.2588
      vertex -22.0327 2.90066 -33.2588
    endloop
  endfacet
  facet normal -0.499725 -0.0327421 -0.865565
    outer loop
      vertex -17.6915 -0 -35.8749
      vertex -17.5402 -2.30921 -35.8749
      vertex -22.2228 -0 -33.2588
    endloop
  endfacet
  facet normal -0.499728 -0.0327506 -0.865563
    outer loop
      vertex -17.5402 -2.30921 -35.8749
      vertex -22.0327 -2.90066 -33.2588
      vertex -22.2228 -0 -33.2588
    endloop
  endfacet
  facet normal -0.491176 -0.0977073 -0.865563
    outer loop
      vertex -17.5402 -2.30921 -35.8749
      vertex -17.0887 -4.57891 -35.8749
      vertex -22.0327 -2.90066 -33.2588
    endloop
  endfacet
  facet normal -0.491175 -0.0976999 -0.865565
    outer loop
      vertex -17.0887 -4.57891 -35.8749
      vertex -21.4656 -5.75169 -33.2588
      vertex -22.0327 -2.90066 -33.2588
    endloop
  endfacet
  facet normal -0.474224 -0.160964 -0.865565
    outer loop
      vertex -17.0887 -4.57891 -35.8749
      vertex -16.3449 -6.77026 -35.8749
      vertex -21.4656 -5.75169 -33.2588
    endloop
  endfacet
  facet normal -0.474225 -0.16098 -0.865561
    outer loop
      vertex -16.3449 -6.77026 -35.8749
      vertex -20.5312 -8.5043 -33.2588
      vertex -21.4656 -5.75169 -33.2588
    endloop
  endfacet
  facet normal -0.449151 -0.221512 -0.865561
    outer loop
      vertex -16.3449 -6.77026 -35.8749
      vertex -15.3213 -8.84577 -35.8749
      vertex -20.5312 -8.5043 -33.2588
    endloop
  endfacet
  facet normal -0.449152 -0.221501 -0.865563
    outer loop
      vertex -15.3213 -8.84577 -35.8749
      vertex -19.2455 -11.1114 -33.2588
      vertex -20.5312 -8.5043 -33.2588
    endloop
  endfacet
  facet normal -0.416396 -0.278235 -0.865563
    outer loop
      vertex -15.3213 -8.84577 -35.8749
      vertex -14.0356 -10.7699 -35.8749
      vertex -19.2455 -11.1114 -33.2588
    endloop
  endfacet
  facet normal -0.416397 -0.27823 -0.865564
    outer loop
      vertex -14.0356 -10.7699 -35.8749
      vertex -17.6305 -13.5284 -33.2588
      vertex -19.2455 -11.1114 -33.2588
    endloop
  endfacet
  facet normal -0.376525 -0.330192 -0.865565
    outer loop
      vertex -14.0356 -10.7699 -35.8749
      vertex -12.5098 -12.5098 -35.8749
      vertex -17.6305 -13.5284 -33.2588
    endloop
  endfacet
  facet normal -0.376523 -0.330197 -0.865564
    outer loop
      vertex -12.5098 -12.5098 -35.8749
      vertex -15.7139 -15.7139 -33.2588
      vertex -17.6305 -13.5284 -33.2588
    endloop
  endfacet
  facet normal -0.330194 -0.376526 -0.865564
    outer loop
      vertex -12.5098 -12.5098 -35.8749
      vertex -10.7699 -14.0356 -35.8749
      vertex -15.7139 -15.7139 -33.2588
    endloop
  endfacet
  facet normal -0.330195 -0.376522 -0.865565
    outer loop
      vertex -10.7699 -14.0356 -35.8749
      vertex -13.5284 -17.6305 -33.2588
      vertex -15.7139 -15.7139 -33.2588
    endloop
  endfacet
  facet normal -0.278234 -0.416394 -0.865564
    outer loop
      vertex -10.7699 -14.0356 -35.8749
      vertex -8.84577 -15.3213 -35.8749
      vertex -13.5284 -17.6305 -33.2588
    endloop
  endfacet
  facet normal -0.278231 -0.416399 -0.865563
    outer loop
      vertex -8.84577 -15.3213 -35.8749
      vertex -11.1114 -19.2455 -33.2588
      vertex -13.5284 -17.6305 -33.2588
    endloop
  endfacet
  facet normal -0.22151 -0.449147 -0.865564
    outer loop
      vertex -8.84577 -15.3213 -35.8749
      vertex -6.77026 -16.3449 -35.8749
      vertex -11.1114 -19.2455 -33.2588
    endloop
  endfacet
  facet normal -0.221503 -0.449156 -0.865561
    outer loop
      vertex -6.77026 -16.3449 -35.8749
      vertex -8.5043 -20.5312 -33.2588
      vertex -11.1114 -19.2455 -33.2588
    endloop
  endfacet
  facet normal -0.160966 -0.474231 -0.865561
    outer loop
      vertex -6.77026 -16.3449 -35.8749
      vertex -4.57891 -17.0887 -35.8749
      vertex -8.5043 -20.5312 -33.2588
    endloop
  endfacet
  facet normal -0.160978 -0.474219 -0.865564
    outer loop
      vertex -4.57891 -17.0887 -35.8749
      vertex -5.75169 -21.4656 -33.2588
      vertex -8.5043 -20.5312 -33.2588
    endloop
  endfacet
  facet normal -0.0977066 -0.491173 -0.865565
    outer loop
      vertex -4.57891 -17.0887 -35.8749
      vertex -2.30921 -17.5402 -35.8749
      vertex -5.75169 -21.4656 -33.2588
    endloop
  endfacet
  facet normal -0.0977004 -0.491177 -0.865563
    outer loop
      vertex -2.30921 -17.5402 -35.8749
      vertex -2.90066 -22.0327 -33.2588
      vertex -5.75169 -21.4656 -33.2588
    endloop
  endfacet
  facet normal -0.0327424 -0.499729 -0.865563
    outer loop
      vertex -2.30921 -17.5402 -35.8749
      vertex -0 -17.6915 -35.8749
      vertex -2.90066 -22.0327 -33.2588
    endloop
  endfacet
  facet normal -0.0327504 -0.499725 -0.865565
    outer loop
      vertex -0 -17.6915 -35.8749
      vertex -0 -22.2228 -33.2588
      vertex -2.90066 -22.0327 -33.2588
    endloop
  endfacet
  facet normal 0.0327421 -0.499725 -0.865565
    outer loop
      vertex -0 -17.6915 -35.8749
      vertex 2.30921 -17.5402 -35.8749
      vertex -0 -22.2228 -33.2588
    endloop
  endfacet
  facet normal 0.0327506 -0.499728 -0.865563
    outer loop
      vertex 2.30921 -17.5402 -35.8749
      vertex 2.90066 -22.0327 -33.2588
      vertex -0 -22.2228 -33.2588
    endloop
  endfacet
  facet normal 0.0977073 -0.491176 -0.865563
    outer loop
      vertex 2.30921 -17.5402 -35.8749
      vertex 4.57891 -17.0887 -35.8749
      vertex 2.90066 -22.0327 -33.2588
    endloop
  endfacet
  facet normal 0.0976999 -0.491175 -0.865565
    outer loop
      vertex 4.57891 -17.0887 -35.8749
      vertex 5.75169 -21.4656 -33.2588
      vertex 2.90066 -22.0327 -33.2588
    endloop
  endfacet
  facet normal 0.160964 -0.474224 -0.865565
    outer loop
      vertex 4.57891 -17.0887 -35.8749
      vertex 6.77026 -16.3449 -35.8749
      vertex 5.75169 -21.4656 -33.2588
    endloop
  endfacet
  facet normal 0.16098 -0.474225 -0.865561
    outer loop
      vertex 6.77026 -16.3449 -35.8749
      vertex 8.5043 -20.5312 -33.2588
      vertex 5.75169 -21.4656 -33.2588
    endloop
  endfacet
  facet normal 0.221512 -0.449151 -0.865561
    outer loop
      vertex 6.77026 -16.3449 -35.8749
      vertex 8.84577 -15.3213 -35.8749
      vertex 8.5043 -20.5312 -33.2588
    endloop
  endfacet
  facet normal 0.221501 -0.449152 -0.865563
    outer loop
      vertex 8.84577 -15.3213 -35.8749
      vertex 11.1114 -19.2455 -33.2588
      vertex 8.5043 -20.5312 -33.2588
    endloop
  endfacet
  facet normal 0.278235 -0.416396 -0.865563
    outer loop
      vertex 8.84577 -15.3213 -35.8749
      vertex 10.7699 -14.0356 -35.8749
      vertex 11.1114 -19.2455 -33.2588
    endloop
  endfacet
  facet normal 0.27823 -0.416397 -0.865564
    outer loop
      vertex 10.7699 -14.0356 -35.8749
      vertex 13.5284 -17.6305 -33.2588
      vertex 11.1114 -19.2455 -33.2588
    endloop
  endfacet
  facet normal 0.330192 -0.376525 -0.865565
    outer loop
      vertex 10.7699 -14.0356 -35.8749
      vertex 12.5098 -12.5098 -35.8749
      vertex 13.5284 -17.6305 -33.2588
    endloop
  endfacet
  facet normal 0.330197 -0.376523 -0.865564
    outer loop
      vertex 12.5098 -12.5098 -35.8749
      vertex 15.7139 -15.7139 -33.2588
      vertex 13.5284 -17.6305 -33.2588
    endloop
  endfacet
  facet normal 0.376526 -0.330194 -0.865564
    outer loop
      vertex 12.5098 -12.5098 -35.8749
      vertex 14.0356 -10.7699 -35.8749
      vertex 15.7139 -15.7139 -33.2588
    endloop
  endfacet
  facet normal 0.376522 -0.330195 -0.865565
    outer loop
      vertex 14.0356 -10.7699 -35.8749
      vertex 17.6305 -13.5284 -33.2588
      vertex 15.7139 -15.7139 -33.2588
    endloop
  endfacet
  facet normal 0.416394 -0.278234 -0.865564
    outer loop
      vertex 14.0356 -10.7699 -35.8749
      vertex 15.3213 -8.84577 -35.8749
      vertex 17.6305 -13.5284 -33.2588
    endloop
  endfacet
  facet normal 0.416399 -0.278231 -0.865563
    outer loop
      vertex 15.3213 -8.84577 -35.8749
      vertex 19.2455 -11.1114 -33.2588
      vertex 17.6305 -13.5284 -33.2588
    endloop
  endfacet
  facet normal 0.449147 -0.22151 -0.865564
    outer loop
      vertex 15.3213 -8.84577 -35.8749
      vertex 16.3449 -6.77026 -35.8749
      vertex 19.2455 -11.1114 -33.2588
    endloop
  endfacet
  facet normal 0.449156 -0.221503 -0.865561
    outer loop
      vertex 16.3449 -6.77026 -35.8749
      vertex 20.5312 -8.5043 -33.2588
      vertex 19.2455 -11.1114 -33.2588
    endloop
  endfacet
  facet normal 0.474231 -0.160966 -0.865561
    outer loop
      vertex 16.3449 -6.77026 -35.8749
      vertex 17.0887 -4.57891 -35.8749
      vertex 20.5312 -8.5043 -33.2588
    endloop
  endfacet
  facet normal 0.474219 -0.160978 -0.865564
    outer loop
      vertex 17.0887 -4.57891 -35.8749
      vertex 21.4656 -5.75169 -33.2588
      vertex 20.5312 -8.5043 -33.2588
    endloop
  endfacet
  facet normal 0.491173 -0.0977066 -0.865565
    outer loop
      vertex 17.0887 -4.57891 -35.8749
      vertex 17.5402 -2.30921 -35.8749
      vertex 21.4656 -5.75169 -33.2588
    endloop
  endfacet
  facet normal 0.491177 -0.0977004 -0.865563
    outer loop
      vertex 17.5402 -2.30921 -35.8749
      vertex 22.0327 -2.90066 -33.2588
      vertex 21.4656 -5.75169 -33.2588
    endloop
  endfacet
  facet normal 0.499729 -0.0327424 -0.865563
    outer loop
      vertex 17.5402 -2.30921 -35.8749
      vertex 17.6915 0 -35.8749
      vertex 22.0327 -2.90066 -33.2588
    endloop
  endfacet
  facet normal 0.499725 -0.0327504 -0.865565
    outer loop
      vertex 17.6915 0 -35.8749
      vertex 22.2228 0 -33.2588
      vertex 22.0327 -2.90066 -33.2588
    endloop
  endfacet
  facet normal 0.382568 0.0250752 -0.923587
    outer loop
      vertex 12.8576 0 -37.8772
      vertex 12.7476 1.67825 -37.8772
      vertex 17.6915 0 -35.8749
    endloop
  endfacet
  facet normal 0.382566 0.0250658 -0.923588
    outer loop
      vertex 12.7476 1.67825 -37.8772
      vertex 17.5402 2.30921 -35.8749
      vertex 17.6915 0 -35.8749
    endloop
  endfacet
  facet normal 0.376019 0.0747917 -0.923588
    outer loop
      vertex 12.7476 1.67825 -37.8772
      vertex 12.4195 3.32779 -37.8772
      vertex 17.5402 2.30921 -35.8749
    endloop
  endfacet
  facet normal 0.376021 0.0747999 -0.923587
    outer loop
      vertex 12.4195 3.32779 -37.8772
      vertex 17.0887 4.57891 -35.8749
      vertex 17.5402 2.30921 -35.8749
    endloop
  endfacet
  facet normal 0.363043 0.123234 -0.923587
    outer loop
      vertex 12.4195 3.32779 -37.8772
      vertex 11.8789 4.92038 -37.8772
      vertex 17.0887 4.57891 -35.8749
    endloop
  endfacet
  facet normal 0.363043 0.123226 -0.923588
    outer loop
      vertex 11.8789 4.92038 -37.8772
      vertex 16.3449 6.77026 -35.8749
      vertex 17.0887 4.57891 -35.8749
    endloop
  endfacet
  facet normal 0.343845 0.169573 -0.923588
    outer loop
      vertex 11.8789 4.92038 -37.8772
      vertex 11.135 6.42879 -37.8772
      vertex 16.3449 6.77026 -35.8749
    endloop
  endfacet
  facet normal 0.343844 0.169577 -0.923588
    outer loop
      vertex 11.135 6.42879 -37.8772
      vertex 15.3213 8.84577 -35.8749
      vertex 16.3449 6.77026 -35.8749
    endloop
  endfacet
  facet normal 0.318774 0.213 -0.923588
    outer loop
      vertex 11.135 6.42879 -37.8772
      vertex 10.2006 7.8272 -37.8772
      vertex 15.3213 8.84577 -35.8749
    endloop
  endfacet
  facet normal 0.318773 0.213003 -0.923587
    outer loop
      vertex 10.2006 7.8272 -37.8772
      vertex 14.0356 10.7699 -35.8749
      vertex 15.3213 8.84577 -35.8749
    endloop
  endfacet
  facet normal 0.288247 0.252786 -0.923587
    outer loop
      vertex 10.2006 7.8272 -37.8772
      vertex 9.09168 9.09168 -37.8772
      vertex 14.0356 10.7699 -35.8749
    endloop
  endfacet
  facet normal 0.288249 0.252779 -0.923588
    outer loop
      vertex 9.09168 9.09168 -37.8772
      vertex 12.5098 12.5098 -35.8749
      vertex 14.0356 10.7699 -35.8749
    endloop
  endfacet
  facet normal 0.252784 0.288245 -0.923588
    outer loop
      vertex 9.09168 9.09168 -37.8772
      vertex 7.8272 10.2006 -37.8772
      vertex 12.5098 12.5098 -35.8749
    endloop
  endfacet
  facet normal 0.252781 0.288251 -0.923587
    outer loop
      vertex 7.8272 10.2006 -37.8772
      vertex 10.7699 14.0356 -35.8749
      vertex 12.5098 12.5098 -35.8749
    endloop
  endfacet
  facet normal 0.213001 0.318775 -0.923587
    outer loop
      vertex 7.8272 10.2006 -37.8772
      vertex 6.42879 11.135 -37.8772
      vertex 10.7699 14.0356 -35.8749
    endloop
  endfacet
  facet normal 0.213003 0.318772 -0.923588
    outer loop
      vertex 6.42879 11.135 -37.8772
      vertex 8.84577 15.3213 -35.8749
      vertex 10.7699 14.0356 -35.8749
    endloop
  endfacet
  facet normal 0.169574 0.343846 -0.923588
    outer loop
      vertex 6.42879 11.135 -37.8772
      vertex 4.92038 11.8789 -37.8772
      vertex 8.84577 15.3213 -35.8749
    endloop
  endfacet
  facet normal 0.169577 0.343843 -0.923588
    outer loop
      vertex 4.92038 11.8789 -37.8772
      vertex 6.77026 16.3449 -35.8749
      vertex 8.84577 15.3213 -35.8749
    endloop
  endfacet
  facet normal 0.123233 0.36304 -0.923589
    outer loop
      vertex 4.92038 11.8789 -37.8772
      vertex 3.32779 12.4195 -37.8772
      vertex 6.77026 16.3449 -35.8749
    endloop
  endfacet
  facet normal 0.123227 0.363045 -0.923587
    outer loop
      vertex 3.32779 12.4195 -37.8772
      vertex 4.57891 17.0887 -35.8749
      vertex 6.77026 16.3449 -35.8749
    endloop
  endfacet
  facet normal 0.0747924 0.376023 -0.923587
    outer loop
      vertex 3.32779 12.4195 -37.8772
      vertex 1.67825 12.7476 -37.8772
      vertex 4.57891 17.0887 -35.8749
    endloop
  endfacet
  facet normal 0.0747994 0.376018 -0.923588
    outer loop
      vertex 1.67825 12.7476 -37.8772
      vertex 2.30921 17.5402 -35.8749
      vertex 4.57891 17.0887 -35.8749
    endloop
  endfacet
  facet normal 0.025075 0.382565 -0.923588
    outer loop
      vertex 1.67825 12.7476 -37.8772
      vertex 0 12.8576 -37.8772
      vertex 2.30921 17.5402 -35.8749
    endloop
  endfacet
  facet normal 0.025066 0.382569 -0.923587
    outer loop
      vertex 0 12.8576 -37.8772
      vertex 0 17.6915 -35.8749
      vertex 2.30921 17.5402 -35.8749
    endloop
  endfacet
  facet normal -0.0250752 0.382568 -0.923587
    outer loop
      vertex 0 12.8576 -37.8772
      vertex -1.67825 12.7476 -37.8772
      vertex 0 17.6915 -35.8749
    endloop
  endfacet
  facet normal -0.0250658 0.382566 -0.923588
    outer loop
      vertex -1.67825 12.7476 -37.8772
      vertex -2.30921 17.5402 -35.8749
      vertex 0 17.6915 -35.8749
    endloop
  endfacet
  facet normal -0.0747917 0.376019 -0.923588
    outer loop
      vertex -1.67825 12.7476 -37.8772
      vertex -3.32779 12.4195 -37.8772
      vertex -2.30921 17.5402 -35.8749
    endloop
  endfacet
  facet normal -0.0747999 0.376021 -0.923587
    outer loop
      vertex -3.32779 12.4195 -37.8772
      vertex -4.57891 17.0887 -35.8749
      vertex -2.30921 17.5402 -35.8749
    endloop
  endfacet
  facet normal -0.123234 0.363043 -0.923587
    outer loop
      vertex -3.32779 12.4195 -37.8772
      vertex -4.92038 11.8789 -37.8772
      vertex -4.57891 17.0887 -35.8749
    endloop
  endfacet
  facet normal -0.123226 0.363043 -0.923588
    outer loop
      vertex -4.92038 11.8789 -37.8772
      vertex -6.77026 16.3449 -35.8749
      vertex -4.57891 17.0887 -35.8749
    endloop
  endfacet
  facet normal -0.169573 0.343845 -0.923588
    outer loop
      vertex -4.92038 11.8789 -37.8772
      vertex -6.42879 11.135 -37.8772
      vertex -6.77026 16.3449 -35.8749
    endloop
  endfacet
  facet normal -0.169577 0.343844 -0.923588
    outer loop
      vertex -6.42879 11.135 -37.8772
      vertex -8.84577 15.3213 -35.8749
      vertex -6.77026 16.3449 -35.8749
    endloop
  endfacet
  facet normal -0.213 0.318774 -0.923588
    outer loop
      vertex -6.42879 11.135 -37.8772
      vertex -7.8272 10.2006 -37.8772
      vertex -8.84577 15.3213 -35.8749
    endloop
  endfacet
  facet normal -0.213003 0.318773 -0.923587
    outer loop
      vertex -7.8272 10.2006 -37.8772
      vertex -10.7699 14.0356 -35.8749
      vertex -8.84577 15.3213 -35.8749
    endloop
  endfacet
  facet normal -0.252786 0.288247 -0.923587
    outer loop
      vertex -7.8272 10.2006 -37.8772
      vertex -9.09168 9.09168 -37.8772
      vertex -10.7699 14.0356 -35.8749
    endloop
  endfacet
  facet normal -0.252779 0.288249 -0.923588
    outer loop
      vertex -9.09168 9.09168 -37.8772
      vertex -12.5098 12.5098 -35.8749
      vertex -10.7699 14.0356 -35.8749
    endloop
  endfacet
  facet normal -0.288245 0.252784 -0.923588
    outer loop
      vertex -9.09168 9.09168 -37.8772
      vertex -10.2006 7.8272 -37.8772
      vertex -12.5098 12.5098 -35.8749
    endloop
  endfacet
  facet normal -0.288251 0.252781 -0.923587
    outer loop
      vertex -10.2006 7.8272 -37.8772
      vertex -14.0356 10.7699 -35.8749
      vertex -12.5098 12.5098 -35.8749
    endloop
  endfacet
  facet normal -0.318775 0.213001 -0.923587
    outer loop
      vertex -10.2006 7.8272 -37.8772
      vertex -11.135 6.42879 -37.8772
      vertex -14.0356 10.7699 -35.8749
    endloop
  endfacet
  facet normal -0.318772 0.213003 -0.923588
    outer loop
      vertex -11.135 6.42879 -37.8772
      vertex -15.3213 8.84577 -35.8749
      vertex -14.0356 10.7699 -35.8749
    endloop
  endfacet
  facet normal -0.343846 0.169574 -0.923588
    outer loop
      vertex -11.135 6.42879 -37.8772
      vertex -11.8789 4.92038 -37.8772
      vertex -15.3213 8.84577 -35.8749
    endloop
  endfacet
  facet normal -0.343843 0.169577 -0.923588
    outer loop
      vertex -11.8789 4.92038 -37.8772
      vertex -16.3449 6.77026 -35.8749
      vertex -15.3213 8.84577 -35.8749
    endloop
  endfacet
  facet normal -0.36304 0.123233 -0.923589
    outer loop
      vertex -11.8789 4.92038 -37.8772
      vertex -12.4195 3.32779 -37.8772
      vertex -16.3449 6.77026 -35.8749
    endloop
  endfacet
  facet normal -0.363045 0.123227 -0.923587
    outer loop
      vertex -12.4195 3.32779 -37.8772
      vertex -17.0887 4.57891 -35.8749
      vertex -16.3449 6.77026 -35.8749
    endloop
  endfacet
  facet normal -0.376023 0.0747924 -0.923587
    outer loop
      vertex -12.4195 3.32779 -37.8772
      vertex -12.7476 1.67825 -37.8772
      vertex -17.0887 4.57891 -35.8749
    endloop
  endfacet
  facet normal -0.376018 0.0747994 -0.923588
    outer loop
      vertex -12.7476 1.67825 -37.8772
      vertex -17.5402 2.30921 -35.8749
      vertex -17.0887 4.57891 -35.8749
    endloop
  endfacet
  facet normal -0.382565 0.025075 -0.923588
    outer loop
      vertex -12.7476 1.67825 -37.8772
      vertex -12.8576 -0 -37.8772
      vertex -17.5402 2.30921 -35.8749
    endloop
  endfacet
  facet normal -0.382569 0.025066 -0.923587
    outer loop
      vertex -12.8576 -0 -37.8772
      vertex -17.6915 -0 -35.8749
      vertex -17.5402 2.30921 -35.8749
    endloop
  endfacet
  facet normal -0.382568 -0.0250752 -0.923587
    outer loop
      vertex -12.8576 -0 -37.8772
      vertex -12.7476 -1.67825 -37.8772
      vertex -17.6915 -0 -35.8749
    endloop
  endfacet
  facet normal -0.382566 -0.0250658 -0.923588
    outer loop
      vertex -12.7476 -1.67825 -37.8772
      vertex -17.5402 -2.30921 -35.8749
      vertex -17.6915 -0 -35.8749
    endloop
  endfacet
  facet normal -0.376019 -0.0747917 -0.923588
    outer loop
      vertex -12.7476 -1.67825 -37.8772
      vertex -12.4195 -3.32779 -37.8772
      vertex -17.5402 -2.30921 -35.8749
    endloop
  endfacet
  facet normal -0.376021 -0.0747999 -0.923587
    outer loop
      vertex -12.4195 -3.32779 -37.8772
      vertex -17.0887 -4.57891 -35.8749
      vertex -17.5402 -2.30921 -35.8749
    endloop
  endfacet
  facet normal -0.363043 -0.123234 -0.923587
    outer loop
      vertex -12.4195 -3.32779 -37.8772
      vertex -11.8789 -4.92038 -37.8772
      vertex -17.0887 -4.57891 -35.8749
    endloop
  endfacet
  facet normal -0.363043 -0.123226 -0.923588
    outer loop
      vertex -11.8789 -4.92038 -37.8772
      vertex -16.3449 -6.77026 -35.8749
      vertex -17.0887 -4.57891 -35.8749
    endloop
  endfacet
  facet normal -0.343845 -0.169573 -0.923588
    outer loop
      vertex -11.8789 -4.92038 -37.8772
      vertex -11.135 -6.42879 -37.8772
      vertex -16.3449 -6.77026 -35.8749
    endloop
  endfacet
  facet normal -0.343844 -0.169577 -0.923588
    outer loop
      vertex -11.135 -6.42879 -37.8772
      vertex -15.3213 -8.84577 -35.8749
      vertex -16.3449 -6.77026 -35.8749
    endloop
  endfacet
  facet normal -0.318774 -0.213 -0.923588
    outer loop
      vertex -11.135 -6.42879 -37.8772
      vertex -10.2006 -7.8272 -37.8772
      vertex -15.3213 -8.84577 -35.8749
    endloop
  endfacet
  facet normal -0.318773 -0.213003 -0.923587
    outer loop
      vertex -10.2006 -7.8272 -37.8772
      vertex -14.0356 -10.7699 -35.8749
      vertex -15.3213 -8.84577 -35.8749
    endloop
  endfacet
  facet normal -0.288247 -0.252786 -0.923587
    outer loop
      vertex -10.2006 -7.8272 -37.8772
      vertex -9.09168 -9.09168 -37.8772
      vertex -14.0356 -10.7699 -35.8749
    endloop
  endfacet
  facet normal -0.288249 -0.252779 -0.923588
    outer loop
      vertex -9.09168 -9.09168 -37.8772
      vertex -12.5098 -12.5098 -35.8749
      vertex -14.0356 -10.7699 -35.8749
    endloop
  endfacet
  facet normal -0.252784 -0.288245 -0.923588
    outer loop
      vertex -9.09168 -9.09168 -37.8772
      vertex -7.8272 -10.2006 -37.8772
      vertex -12.5098 -12.5098 -35.8749
    endloop
  endfacet
  facet normal -0.252781 -0.288251 -0.923587
    outer loop
      vertex -7.8272 -10.2006 -37.8772
      vertex -10.7699 -14.0356 -35.8749
      vertex -12.5098 -12.5098 -35.8749
    endloop
  endfacet
  facet normal -0.213001 -0.318775 -0.923587
    outer loop
      vertex -7.8272 -10.2006 -37.8772
      vertex -6.42879 -11.135 -37.8772
      vertex -10.7699 -14.0356 -35.8749
    endloop
  endfacet
  facet normal -0.213003 -0.318772 -0.923588
    outer loop
      vertex -6.42879 -11.135 -37.8772
      vertex -8.84577 -15.3213 -35.8749
      vertex -10.7699 -14.0356 -35.8749
    endloop
  endfacet
  facet normal -0.169574 -0.343846 -0.923588
    outer loop
      vertex -6.42879 -11.135 -37.8772
      vertex -4.92038 -11.8789 -37.8772
      vertex -8.84577 -15.3213 -35.8749
    endloop
  endfacet
  facet normal -0.169577 -0.343843 -0.923588
    outer loop
      vertex -4.92038 -11.8789 -37.8772
      vertex -6.77026 -16.3449 -35.8749
      vertex -8.84577 -15.3213 -35.8749
    endloop
  endfacet
  facet normal -0.123233 -0.36304 -0.923589
    outer loop
      vertex -4.92038 -11.8789 -37.8772
      vertex -3.32779 -12.4195 -37.8772
      vertex -6.77026 -16.3449 -35.8749
    endloop
  endfacet
  facet normal -0.123227 -0.363045 -0.923587
    outer loop
      vertex -3.32779 -12.4195 -37.8772
      vertex -4.57891 -17.0887 -35.8749
      vertex -6.77026 -16.3449 -35.8749
    endloop
  endfacet
  facet normal -0.0747924 -0.376023 -0.923587
    outer loop
      vertex -3.32779 -12.4195 -37.8772
      vertex -1.67825 -12.7476 -37.8772
      vertex -4.57891 -17.0887 -35.8749
    endloop
  endfacet
  facet normal -0.0747994 -0.376018 -0.923588
    outer loop
      vertex -1.67825 -12.7476 -37.8772
      vertex -2.30921 -17.5402 -35.8749
      vertex -4.57891 -17.0887 -35.8749
    endloop
  endfacet
  facet normal -0.025075 -0.382565 -0.923588
    outer loop
      vertex -1.67825 -12.7476 -37.8772
      vertex -0 -12.8576 -37.8772
      vertex -2.30921 -17.5402 -35.8749
    endloop
  endfacet
  facet normal -0.025066 -0.382569 -0.923587
    outer loop
      vertex -0 -12.8576 -37.8772
      vertex -0 -17.6915 -35.8749
      vertex -2.30921 -17.5402 -35.8749
    endloop
  endfacet
  facet normal 0.0250752 -0.382568 -0.923587
    outer loop
      vertex -0 -12.8576 -37.8772
      vertex 1.67825 -12.7476 -37.8772
      vertex -0 -17.6915 -35.8749
    endloop
  endfacet
  facet normal 0.0250658 -0.382566 -0.923588
    outer loop
      vertex 1.67825 -12.7476 -37.8772
      vertex 2.30921 -17.5402 -35.8749
      vertex -0 -17.6915 -35.8749
    endloop
  endfacet
  facet normal 0.0747917 -0.376019 -0.923588
    outer loop
      vertex 1.67825 -12.7476 -37.8772
      vertex 3.32779 -12.4195 -37.8772
      vertex 2.30921 -17.5402 -35.8749
    endloop
  endfacet
  facet normal 0.0747999 -0.376021 -0.923587
    outer loop
      vertex 3.32779 -12.4195 -37.8772
      vertex 4.57891 -17.0887 -35.8749
      vertex 2.30921 -17.5402 -35.8749
    endloop
  endfacet
  facet normal 0.123234 -0.363043 -0.923587
    outer loop
      vertex 3.32779 -12.4195 -37.8772
      vertex 4.92038 -11.8789 -37.8772
      vertex 4.57891 -17.0887 -35.8749
    endloop
  endfacet
  facet normal 0.123226 -0.363043 -0.923588
    outer loop
      vertex 4.92038 -11.8789 -37.8772
      vertex 6.77026 -16.3449 -35.8749
      vertex 4.57891 -17.0887 -35.8749
    endloop
  endfacet
  facet normal 0.169573 -0.343845 -0.923588
    outer loop
      vertex 4.92038 -11.8789 -37.8772
      vertex 6.42879 -11.135 -37.8772
      vertex 6.77026 -16.3449 -35.8749
    endloop
  endfacet
  facet normal 0.169577 -0.343844 -0.923588
    outer loop
      vertex 6.42879 -11.135 -37.8772
      vertex 8.84577 -15.3213 -35.8749
      vertex 6.77026 -16.3449 -35.8749
    endloop
  endfacet
  facet normal 0.213 -0.318774 -0.923588
    outer loop
      vertex 6.42879 -11.135 -37.8772
      vertex 7.8272 -10.2006 -37.8772
      vertex 8.84577 -15.3213 -35.8749
    endloop
  endfacet
  facet normal 0.213003 -0.318773 -0.923587
    outer loop
      vertex 7.8272 -10.2006 -37.8772
      vertex 10.7699 -14.0356 -35.8749
      vertex 8.84577 -15.3213 -35.8749
    endloop
  endfacet
  facet normal 0.252786 -0.288247 -0.923587
    outer loop
      vertex 7.8272 -10.2006 -37.8772
      vertex 9.09168 -9.09168 -37.8772
      vertex 10.7699 -14.0356 -35.8749
    endloop
  endfacet
  facet normal 0.252779 -0.288249 -0.923588
    outer loop
      vertex 9.09168 -9.09168 -37.8772
      vertex 12.5098 -12.5098 -35.8749
      vertex 10.7699 -14.0356 -35.8749
    endloop
  endfacet
  facet normal 0.288245 -0.252784 -0.923588
    outer loop
      vertex 9.09168 -9.09168 -37.8772
      vertex 10.2006 -7.8272 -37.8772
      vertex 12.5098 -12.5098 -35.8749
    endloop
  endfacet
  facet normal 0.288251 -0.252781 -0.923587
    outer loop
      vertex 10.2006 -7.8272 -37.8772
      vertex 14.0356 -10.7699 -35.8749
      vertex 12.5098 -12.5098 -35.8749
    endloop
  endfacet
  facet normal 0.318775 -0.213001 -0.923587
    outer loop
      vertex 10.2006 -7.8272 -37.8772
      vertex 11.135 -6.42879 -37.8772
      vertex 14.0356 -10.7699 -35.8749
    endloop
  endfacet
  facet normal 0.318772 -0.213003 -0.923588
    outer loop
      vertex 11.135 -6.42879 -37.8772
      vertex 15.3213 -8.84577 -35.8749
      vertex 14.0356 -10.7699 -35.8749
    endloop
  endfacet
  facet normal 0.343846 -0.169574 -0.923588
    outer loop
      vertex 11.135 -6.42879 -37.8772
      vertex 11.8789 -4.92038 -37.8772
      vertex 15.3213 -8.84577 -35.8749
    endloop
  endfacet
  facet normal 0.343843 -0.169577 -0.923588
    outer loop
      vertex 11.8789 -4.92038 -37.8772
      vertex 16.3449 -6.77026 -35.8749
      vertex 15.3213 -8.84577 -35.8749
    endloop
  endfacet
  facet normal 0.36304 -0.123233 -0.923589
    outer loop
      vertex 11.8789 -4.92038 -37.8772
      vertex 12.4195 -3.32779 -37.8772
      vertex 16.3449 -6.77026 -35.8749
    endloop
  endfacet
  facet normal 0.363045 -0.123227 -0.923587
    outer loop
      vertex 12.4195 -3.32779 -37.8772
      vertex 17.0887 -4.57891 -35.8749
      vertex 16.3449 -6.77026 -35.8749
    endloop
  endfacet
  facet normal 0.376023 -0.0747924 -0.923587
    outer loop
      vertex 12.4195 -3.32779 -37.8772
      vertex 12.7476 -1.67825 -37.8772
      vertex 17.0887 -4.57891 -35.8749
    endloop
  endfacet
  facet normal 0.376018 -0.0747994 -0.923588
    outer loop
      vertex 12.7476 -1.67825 -37.8772
      vertex 17.5402 -2.30921 -35.8749
      vertex 17.0887 -4.57891 -35.8749
    endloop
  endfacet
  facet normal 0.382565 -0.025075 -0.923588
    outer loop
      vertex 12.7476 -1.67825 -37.8772
      vertex 12.8576 0 -37.8772
      vertex 17.5402 -2.30921 -35.8749
    endloop
  endfacet
  facet normal 0.382569 -0.025066 -0.923587
    outer loop
      vertex 12.8576 0 -37.8772
      vertex 17.6915 0 -35.8749
      vertex 17.5402 -2.30921 -35.8749
    endloop
  endfacet
  facet normal 0.25878 0.016961 -0.965787
    outer loop
      vertex 7.80361 0 -39.2314
      vertex 7.73685 1.01858 -39.2314
      vertex 12.8576 0 -37.8772
    endloop
  endfacet
  facet normal 0.25878 0.0169616 -0.965787
    outer loop
      vertex 7.73685 1.01858 -39.2314
      vertex 12.7476 1.67825 -37.8772
      vertex 12.8576 0 -37.8772
    endloop
  endfacet
  facet normal 0.254352 0.050594 -0.965787
    outer loop
      vertex 7.73685 1.01858 -39.2314
      vertex 7.53771 2.01972 -39.2314
      vertex 12.7476 1.67825 -37.8772
    endloop
  endfacet
  facet normal 0.254352 0.0505916 -0.965788
    outer loop
      vertex 7.53771 2.01972 -39.2314
      vertex 12.4195 3.32779 -37.8772
      vertex 12.7476 1.67825 -37.8772
    endloop
  endfacet
  facet normal 0.245572 0.0833596 -0.965788
    outer loop
      vertex 7.53771 2.01972 -39.2314
      vertex 7.2096 2.98631 -39.2314
      vertex 12.4195 3.32779 -37.8772
    endloop
  endfacet
  facet normal 0.245572 0.0833586 -0.965788
    outer loop
      vertex 7.2096 2.98631 -39.2314
      vertex 11.8789 4.92038 -37.8772
      vertex 12.4195 3.32779 -37.8772
    endloop
  endfacet
  facet normal 0.23259 0.1147 -0.965788
    outer loop
      vertex 7.2096 2.98631 -39.2314
      vertex 6.75813 3.90181 -39.2314
      vertex 11.8789 4.92038 -37.8772
    endloop
  endfacet
  facet normal 0.232589 0.114705 -0.965787
    outer loop
      vertex 6.75813 3.90181 -39.2314
      vertex 11.135 6.42879 -37.8772
      vertex 11.8789 4.92038 -37.8772
    endloop
  endfacet
  facet normal 0.215629 0.14408 -0.965787
    outer loop
      vertex 6.75813 3.90181 -39.2314
      vertex 6.19102 4.75054 -39.2314
      vertex 11.135 6.42879 -37.8772
    endloop
  endfacet
  facet normal 0.215629 0.144081 -0.965787
    outer loop
      vertex 6.19102 4.75054 -39.2314
      vertex 10.2006 7.8272 -37.8772
      vertex 11.135 6.42879 -37.8772
    endloop
  endfacet
  facet normal 0.19498 0.170991 -0.965787
    outer loop
      vertex 6.19102 4.75054 -39.2314
      vertex 5.51799 5.51799 -39.2314
      vertex 10.2006 7.8272 -37.8772
    endloop
  endfacet
  facet normal 0.194979 0.170992 -0.965787
    outer loop
      vertex 5.51799 5.51799 -39.2314
      vertex 9.09168 9.09168 -37.8772
      vertex 10.2006 7.8272 -37.8772
    endloop
  endfacet
  facet normal 0.170991 0.19498 -0.965787
    outer loop
      vertex 5.51799 5.51799 -39.2314
      vertex 4.75054 6.19102 -39.2314
      vertex 9.09168 9.09168 -37.8772
    endloop
  endfacet
  facet normal 0.170992 0.194979 -0.965787
    outer loop
      vertex 4.75054 6.19102 -39.2314
      vertex 7.8272 10.2006 -37.8772
      vertex 9.09168 9.09168 -37.8772
    endloop
  endfacet
  facet normal 0.14408 0.215629 -0.965787
    outer loop
      vertex 4.75054 6.19102 -39.2314
      vertex 3.90181 6.75813 -39.2314
      vertex 7.8272 10.2006 -37.8772
    endloop
  endfacet
  facet normal 0.144081 0.215629 -0.965787
    outer loop
      vertex 3.90181 6.75813 -39.2314
      vertex 6.42879 11.135 -37.8772
      vertex 7.8272 10.2006 -37.8772
    endloop
  endfacet
  facet normal 0.1147 0.232592 -0.965787
    outer loop
      vertex 3.90181 6.75813 -39.2314
      vertex 2.98631 7.2096 -39.2314
      vertex 6.42879 11.135 -37.8772
    endloop
  endfacet
  facet normal 0.114705 0.232588 -0.965788
    outer loop
      vertex 2.98631 7.2096 -39.2314
      vertex 4.92038 11.8789 -37.8772
      vertex 6.42879 11.135 -37.8772
    endloop
  endfacet
  facet normal 0.0833595 0.245571 -0.965788
    outer loop
      vertex 2.98631 7.2096 -39.2314
      vertex 2.01972 7.53771 -39.2314
      vertex 4.92038 11.8789 -37.8772
    endloop
  endfacet
  facet normal 0.0833587 0.245572 -0.965788
    outer loop
      vertex 2.01972 7.53771 -39.2314
      vertex 3.32779 12.4195 -37.8772
      vertex 4.92038 11.8789 -37.8772
    endloop
  endfacet
  facet normal 0.0505938 0.254351 -0.965788
    outer loop
      vertex 2.01972 7.53771 -39.2314
      vertex 1.01858 7.73685 -39.2314
      vertex 3.32779 12.4195 -37.8772
    endloop
  endfacet
  facet normal 0.0505917 0.254352 -0.965787
    outer loop
      vertex 1.01858 7.73685 -39.2314
      vertex 1.67825 12.7476 -37.8772
      vertex 3.32779 12.4195 -37.8772
    endloop
  endfacet
  facet normal 0.016961 0.25878 -0.965787
    outer loop
      vertex 1.01858 7.73685 -39.2314
      vertex 0 7.80361 -39.2314
      vertex 1.67825 12.7476 -37.8772
    endloop
  endfacet
  facet normal 0.0169616 0.25878 -0.965787
    outer loop
      vertex 0 7.80361 -39.2314
      vertex 0 12.8576 -37.8772
      vertex 1.67825 12.7476 -37.8772
    endloop
  endfacet
  facet normal -0.016961 0.25878 -0.965787
    outer loop
      vertex 0 7.80361 -39.2314
      vertex -1.01858 7.73685 -39.2314
      vertex 0 12.8576 -37.8772
    endloop
  endfacet
  facet normal -0.0169616 0.25878 -0.965787
    outer loop
      vertex -1.01858 7.73685 -39.2314
      vertex -1.67825 12.7476 -37.8772
      vertex 0 12.8576 -37.8772
    endloop
  endfacet
  facet normal -0.050594 0.254352 -0.965787
    outer loop
      vertex -1.01858 7.73685 -39.2314
      vertex -2.01972 7.53771 -39.2314
      vertex -1.67825 12.7476 -37.8772
    endloop
  endfacet
  facet normal -0.0505916 0.254352 -0.965788
    outer loop
      vertex -2.01972 7.53771 -39.2314
      vertex -3.32779 12.4195 -37.8772
      vertex -1.67825 12.7476 -37.8772
    endloop
  endfacet
  facet normal -0.0833596 0.245572 -0.965788
    outer loop
      vertex -2.01972 7.53771 -39.2314
      vertex -2.98631 7.2096 -39.2314
      vertex -3.32779 12.4195 -37.8772
    endloop
  endfacet
  facet normal -0.0833586 0.245572 -0.965788
    outer loop
      vertex -2.98631 7.2096 -39.2314
      vertex -4.92038 11.8789 -37.8772
      vertex -3.32779 12.4195 -37.8772
    endloop
  endfacet
  facet normal -0.1147 0.23259 -0.965788
    outer loop
      vertex -2.98631 7.2096 -39.2314
      vertex -3.90181 6.75813 -39.2314
      vertex -4.92038 11.8789 -37.8772
    endloop
  endfacet
  facet normal -0.114705 0.232589 -0.965787
    outer loop
      vertex -3.90181 6.75813 -39.2314
      vertex -6.42879 11.135 -37.8772
      vertex -4.92038 11.8789 -37.8772
    endloop
  endfacet
  facet normal -0.14408 0.215629 -0.965787
    outer loop
      vertex -3.90181 6.75813 -39.2314
      vertex -4.75054 6.19102 -39.2314
      vertex -6.42879 11.135 -37.8772
    endloop
  endfacet
  facet normal -0.144081 0.215629 -0.965787
    outer loop
      vertex -4.75054 6.19102 -39.2314
      vertex -7.8272 10.2006 -37.8772
      vertex -6.42879 11.135 -37.8772
    endloop
  endfacet
  facet normal -0.170991 0.19498 -0.965787
    outer loop
      vertex -4.75054 6.19102 -39.2314
      vertex -5.51799 5.51799 -39.2314
      vertex -7.8272 10.2006 -37.8772
    endloop
  endfacet
  facet normal -0.170992 0.194979 -0.965787
    outer loop
      vertex -5.51799 5.51799 -39.2314
      vertex -9.09168 9.09168 -37.8772
      vertex -7.8272 10.2006 -37.8772
    endloop
  endfacet
  facet normal -0.19498 0.170991 -0.965787
    outer loop
      vertex -5.51799 5.51799 -39.2314
      vertex -6.19102 4.75054 -39.2314
      vertex -9.09168 9.09168 -37.8772
    endloop
  endfacet
  facet normal -0.194979 0.170992 -0.965787
    outer loop
      vertex -6.19102 4.75054 -39.2314
      vertex -10.2006 7.8272 -37.8772
      vertex -9.09168 9.09168 -37.8772
    endloop
  endfacet
  facet normal -0.215629 0.14408 -0.965787
    outer loop
      vertex -6.19102 4.75054 -39.2314
      vertex -6.75813 3.90181 -39.2314
      vertex -10.2006 7.8272 -37.8772
    endloop
  endfacet
  facet normal -0.215629 0.144081 -0.965787
    outer loop
      vertex -6.75813 3.90181 -39.2314
      vertex -11.135 6.42879 -37.8772
      vertex -10.2006 7.8272 -37.8772
    endloop
  endfacet
  facet normal -0.232592 0.1147 -0.965787
    outer loop
      vertex -6.75813 3.90181 -39.2314
      vertex -7.2096 2.98631 -39.2314
      vertex -11.135 6.42879 -37.8772
    endloop
  endfacet
  facet normal -0.232588 0.114705 -0.965788
    outer loop
      vertex -7.2096 2.98631 -39.2314
      vertex -11.8789 4.92038 -37.8772
      vertex -11.135 6.42879 -37.8772
    endloop
  endfacet
  facet normal -0.245571 0.0833595 -0.965788
    outer loop
      vertex -7.2096 2.98631 -39.2314
      vertex -7.53771 2.01972 -39.2314
      vertex -11.8789 4.92038 -37.8772
    endloop
  endfacet
  facet normal -0.245572 0.0833587 -0.965788
    outer loop
      vertex -7.53771 2.01972 -39.2314
      vertex -12.4195 3.32779 -37.8772
      vertex -11.8789 4.92038 -37.8772
    endloop
  endfacet
  facet normal -0.254351 0.0505938 -0.965788
    outer loop
      vertex -7.53771 2.01972 -39.2314
      vertex -7.73685 1.01858 -39.2314
      vertex -12.4195 3.32779 -37.8772
    endloop
  endfacet
  facet normal -0.254352 0.0505917 -0.965787
    outer loop
      vertex -7.73685 1.01858 -39.2314
      vertex -12.7476 1.67825 -37.8772
      vertex -12.4195 3.32779 -37.8772
    endloop
  endfacet
  facet normal -0.25878 0.016961 -0.965787
    outer loop
      vertex -7.73685 1.01858 -39.2314
      vertex -7.80361 -0 -39.2314
      vertex -12.7476 1.67825 -37.8772
    endloop
  endfacet
  facet normal -0.25878 0.0169616 -0.965787
    outer loop
      vertex -7.80361 -0 -39.2314
      vertex -12.8576 -0 -37.8772
      vertex -12.7476 1.67825 -37.8772
    endloop
  endfacet
  facet normal -0.25878 -0.016961 -0.965787
    outer loop
      vertex -7.80361 -0 -39.2314
      vertex -7.73685 -1.01858 -39.2314
      vertex -12.8576 -0 -37.8772
    endloop
  endfacet
  facet normal -0.25878 -0.0169616 -0.965787
    outer loop
      vertex -7.73685 -1.01858 -39.2314
      vertex -12.7476 -1.67825 -37.8772
      vertex -12.8576 -0 -37.8772
    endloop
  endfacet
  facet normal -0.254352 -0.050594 -0.965787
    outer loop
      vertex -7.73685 -1.01858 -39.2314
      vertex -7.53771 -2.01972 -39.2314
      vertex -12.7476 -1.67825 -37.8772
    endloop
  endfacet
  facet normal -0.254352 -0.0505916 -0.965788
    outer loop
      vertex -7.53771 -2.01972 -39.2314
      vertex -12.4195 -3.32779 -37.8772
      vertex -12.7476 -1.67825 -37.8772
    endloop
  endfacet
  facet normal -0.245572 -0.0833596 -0.965788
    outer loop
      vertex -7.53771 -2.01972 -39.2314
      vertex -7.2096 -2.98631 -39.2314
      vertex -12.4195 -3.32779 -37.8772
    endloop
  endfacet
  facet normal -0.245572 -0.0833586 -0.965788
    outer loop
      vertex -7.2096 -2.98631 -39.2314
      vertex -11.8789 -4.92038 -37.8772
      vertex -12.4195 -3.32779 -37.8772
    endloop
  endfacet
  facet normal -0.23259 -0.1147 -0.965788
    outer loop
      vertex -7.2096 -2.98631 -39.2314
      vertex -6.75813 -3.90181 -39.2314
      vertex -11.8789 -4.92038 -37.8772
    endloop
  endfacet
  facet normal -0.232589 -0.114705 -0.965787
    outer loop
      vertex -6.75813 -3.90181 -39.2314
      vertex -11.135 -6.42879 -37.8772
      vertex -11.8789 -4.92038 -37.8772
    endloop
  endfacet
  facet normal -0.215629 -0.14408 -0.965787
    outer loop
      vertex -6.75813 -3.90181 -39.2314
      vertex -6.19102 -4.75054 -39.2314
      vertex -11.135 -6.42879 -37.8772
    endloop
  endfacet
  facet normal -0.215629 -0.144081 -0.965787
    outer loop
      vertex -6.19102 -4.75054 -39.2314
      vertex -10.2006 -7.8272 -37.8772
      vertex -11.135 -6.42879 -37.8772
    endloop
  endfacet
  facet normal -0.19498 -0.170991 -0.965787
    outer loop
      vertex -6.19102 -4.75054 -39.2314
      vertex -5.51799 -5.51799 -39.2314
      vertex -10.2006 -7.8272 -37.8772
    endloop
  endfacet
  facet normal -0.194979 -0.170992 -0.965787
    outer loop
      vertex -5.51799 -5.51799 -39.2314
      vertex -9.09168 -9.09168 -37.8772
      vertex -10.2006 -7.8272 -37.8772
    endloop
  endfacet
  facet normal -0.170991 -0.19498 -0.965787
    outer loop
      vertex -5.51799 -5.51799 -39.2314
      vertex -4.75054 -6.19102 -39.2314
      vertex -9.09168 -9.09168 -37.8772
    endloop
  endfacet
  facet normal -0.170992 -0.194979 -0.965787
    outer loop
      vertex -4.75054 -6.19102 -39.2314
      vertex -7.8272 -10.2006 -37.8772
      vertex -9.09168 -9.09168 -37.8772
    endloop
  endfacet
  facet normal -0.14408 -0.215629 -0.965787
    outer loop
      vertex -4.75054 -6.19102 -39.2314
      vertex -3.90181 -6.75813 -39.2314
      vertex -7.8272 -10.2006 -37.8772
    endloop
  endfacet
  facet normal -0.144081 -0.215629 -0.965787
    outer loop
      vertex -3.90181 -6.75813 -39.2314
      vertex -6.42879 -11.135 -37.8772
      vertex -7.8272 -10.2006 -37.8772
    endloop
  endfacet
  facet normal -0.1147 -0.232592 -0.965787
    outer loop
      vertex -3.90181 -6.75813 -39.2314
      vertex -2.98631 -7.2096 -39.2314
      vertex -6.42879 -11.135 -37.8772
    endloop
  endfacet
  facet normal -0.114705 -0.232588 -0.965788
    outer loop
      vertex -2.98631 -7.2096 -39.2314
      vertex -4.92038 -11.8789 -37.8772
      vertex -6.42879 -11.135 -37.8772
    endloop
  endfacet
  facet normal -0.0833595 -0.245571 -0.965788
    outer loop
      vertex -2.98631 -7.2096 -39.2314
      vertex -2.01972 -7.53771 -39.2314
      vertex -4.92038 -11.8789 -37.8772
    endloop
  endfacet
  facet normal -0.0833587 -0.245572 -0.965788
    outer loop
      vertex -2.01972 -7.53771 -39.2314
      vertex -3.32779 -12.4195 -37.8772
      vertex -4.92038 -11.8789 -37.8772
    endloop
  endfacet
  facet normal -0.0505938 -0.254351 -0.965788
    outer loop
      vertex -2.01972 -7.53771 -39.2314
      vertex -1.01858 -7.73685 -39.2314
      vertex -3.32779 -12.4195 -37.8772
    endloop
  endfacet
  facet normal -0.0505917 -0.254352 -0.965787
    outer loop
      vertex -1.01858 -7.73685 -39.2314
      vertex -1.67825 -12.7476 -37.8772
      vertex -3.32779 -12.4195 -37.8772
    endloop
  endfacet
  facet normal -0.016961 -0.25878 -0.965787
    outer loop
      vertex -1.01858 -7.73685 -39.2314
      vertex -0 -7.80361 -39.2314
      vertex -1.67825 -12.7476 -37.8772
    endloop
  endfacet
  facet normal -0.0169616 -0.25878 -0.965787
    outer loop
      vertex -0 -7.80361 -39.2314
      vertex -0 -12.8576 -37.8772
      vertex -1.67825 -12.7476 -37.8772
    endloop
  endfacet
  facet normal 0.016961 -0.25878 -0.965787
    outer loop
      vertex -0 -7.80361 -39.2314
      vertex 1.01858 -7.73685 -39.2314
      vertex -0 -12.8576 -37.8772
    endloop
  endfacet
  facet normal 0.0169616 -0.25878 -0.965787
    outer loop
      vertex 1.01858 -7.73685 -39.2314
      vertex 1.67825 -12.7476 -37.8772
      vertex -0 -12.8576 -37.8772
    endloop
  endfacet
  facet normal 0.050594 -0.254352 -0.965787
    outer loop
      vertex 1.01858 -7.73685 -39.2314
      vertex 2.01972 -7.53771 -39.2314
      vertex 1.67825 -12.7476 -37.8772
    endloop
  endfacet
  facet normal 0.0505916 -0.254352 -0.965788
    outer loop
      vertex 2.01972 -7.53771 -39.2314
      vertex 3.32779 -12.4195 -37.8772
      vertex 1.67825 -12.7476 -37.8772
    endloop
  endfacet
  facet normal 0.0833596 -0.245572 -0.965788
    outer loop
      vertex 2.01972 -7.53771 -39.2314
      vertex 2.98631 -7.2096 -39.2314
      vertex 3.32779 -12.4195 -37.8772
    endloop
  endfacet
  facet normal 0.0833586 -0.245572 -0.965788
    outer loop
      vertex 2.98631 -7.2096 -39.2314
      vertex 4.92038 -11.8789 -37.8772
      vertex 3.32779 -12.4195 -37.8772
    endloop
  endfacet
  facet normal 0.1147 -0.23259 -0.965788
    outer loop
      vertex 2.98631 -7.2096 -39.2314
      vertex 3.90181 -6.75813 -39.2314
      vertex 4.92038 -11.8789 -37.8772
    endloop
  endfacet
  facet normal 0.114705 -0.232589 -0.965787
    outer loop
      vertex 3.90181 -6.75813 -39.2314
      vertex 6.42879 -11.135 -37.8772
      vertex 4.92038 -11.8789 -37.8772
    endloop
  endfacet
  facet normal 0.14408 -0.215629 -0.965787
    outer loop
      vertex 3.90181 -6.75813 -39.2314
      vertex 4.75054 -6.19102 -39.2314
      vertex 6.42879 -11.135 -37.8772
    endloop
  endfacet
  facet normal 0.144081 -0.215629 -0.965787
    outer loop
      vertex 4.75054 -6.19102 -39.2314
      vertex 7.8272 -10.2006 -37.8772
      vertex 6.42879 -11.135 -37.8772
    endloop
  endfacet
  facet normal 0.170991 -0.19498 -0.965787
    outer loop
      vertex 4.75054 -6.19102 -39.2314
      vertex 5.51799 -5.51799 -39.2314
      vertex 7.8272 -10.2006 -37.8772
    endloop
  endfacet
  facet normal 0.170992 -0.194979 -0.965787
    outer loop
      vertex 5.51799 -5.51799 -39.2314
      vertex 9.09168 -9.09168 -37.8772
      vertex 7.8272 -10.2006 -37.8772
    endloop
  endfacet
  facet normal 0.19498 -0.170991 -0.965787
    outer loop
      vertex 5.51799 -5.51799 -39.2314
      vertex 6.19102 -4.75054 -39.2314
      vertex 9.09168 -9.09168 -37.8772
    endloop
  endfacet
  facet normal 0.194979 -0.170992 -0.965787
    outer loop
      vertex 6.19102 -4.75054 -39.2314
      vertex 10.2006 -7.8272 -37.8772
      vertex 9.09168 -9.09168 -37.8772
    endloop
  endfacet
  facet normal 0.215629 -0.14408 -0.965787
    outer loop
      vertex 6.19102 -4.75054 -39.2314
      vertex 6.75813 -3.90181 -39.2314
      vertex 10.2006 -7.8272 -37.8772
    endloop
  endfacet
  facet normal 0.215629 -0.144081 -0.965787
    outer loop
      vertex 6.75813 -3.90181 -39.2314
      vertex 11.135 -6.42879 -37.8772
      vertex 10.2006 -7.8272 -37.8772
    endloop
  endfacet
  facet normal 0.232592 -0.1147 -0.965787
    outer loop
      vertex 6.75813 -3.90181 -39.2314
      vertex 7.2096 -2.98631 -39.2314
      vertex 11.135 -6.42879 -37.8772
    endloop
  endfacet
  facet normal 0.232588 -0.114705 -0.965788
    outer loop
      vertex 7.2096 -2.98631 -39.2314
      vertex 11.8789 -4.92038 -37.8772
      vertex 11.135 -6.42879 -37.8772
    endloop
  endfacet
  facet normal 0.245571 -0.0833595 -0.965788
    outer loop
      vertex 7.2096 -2.98631 -39.2314
      vertex 7.53771 -2.01972 -39.2314
      vertex 11.8789 -4.92038 -37.8772
    endloop
  endfacet
  facet normal 0.245572 -0.0833587 -0.965788
    outer loop
      vertex 7.53771 -2.01972 -39.2314
      vertex 12.4195 -3.32779 -37.8772
      vertex 11.8789 -4.92038 -37.8772
    endloop
  endfacet
  facet normal 0.254351 -0.0505938 -0.965788
    outer loop
      vertex 7.53771 -2.01972 -39.2314
      vertex 7.73685 -1.01858 -39.2314
      vertex 12.4195 -3.32779 -37.8772
    endloop
  endfacet
  facet normal 0.254352 -0.0505917 -0.965787
    outer loop
      vertex 7.73685 -1.01858 -39.2314
      vertex 12.7476 -1.67825 -37.8772
      vertex 12.4195 -3.32779 -37.8772
    endloop
  endfacet
  facet normal 0.25878 -0.016961 -0.965787
    outer loop
      vertex 7.73685 -1.01858 -39.2314
      vertex 7.80361 0 -39.2314
      vertex 12.7476 -1.67825 -37.8772
    endloop
  endfacet
  facet normal 0.25878 -0.0169616 -0.965787
    outer loop
      vertex 7.80361 0 -39.2314
      vertex 12.8576 0 -37.8772
      vertex 12.7476 -1.67825 -37.8772
    endloop
  endfacet
  facet normal 0.130532 0.00855882 -0.991407
    outer loop
      vertex 2.61613 0 -39.9144
      vertex 2.59374 0.341473 -39.9144
      vertex 7.80361 0 -39.2314
    endloop
  endfacet
  facet normal 0.130532 0.00855533 -0.991407
    outer loop
      vertex 2.59374 0.341473 -39.9144
      vertex 7.73685 1.01858 -39.2314
      vertex 7.80361 0 -39.2314
    endloop
  endfacet
  facet normal 0.128298 0.0255197 -0.991407
    outer loop
      vertex 2.59374 0.341473 -39.9144
      vertex 2.52698 0.677103 -39.9144
      vertex 7.73685 1.01858 -39.2314
    endloop
  endfacet
  facet normal 0.128298 0.0255202 -0.991407
    outer loop
      vertex 2.52698 0.677103 -39.9144
      vertex 7.53771 2.01972 -39.2314
      vertex 7.73685 1.01858 -39.2314
    endloop
  endfacet
  facet normal 0.123869 0.0420483 -0.991407
    outer loop
      vertex 2.52698 0.677103 -39.9144
      vertex 2.41698 1.00115 -39.9144
      vertex 7.53771 2.01972 -39.2314
    endloop
  endfacet
  facet normal 0.12387 0.0420477 -0.991407
    outer loop
      vertex 2.41698 1.00115 -39.9144
      vertex 7.2096 2.98631 -39.2314
      vertex 7.53771 2.01972 -39.2314
    endloop
  endfacet
  facet normal 0.117322 0.0578561 -0.991407
    outer loop
      vertex 2.41698 1.00115 -39.9144
      vertex 2.26563 1.30806 -39.9144
      vertex 7.2096 2.98631 -39.2314
    endloop
  endfacet
  facet normal 0.117322 0.057856 -0.991407
    outer loop
      vertex 2.26563 1.30806 -39.9144
      vertex 6.75813 3.90181 -39.2314
      vertex 7.2096 2.98631 -39.2314
    endloop
  endfacet
  facet normal 0.108766 0.072674 -0.991407
    outer loop
      vertex 2.26563 1.30806 -39.9144
      vertex 2.07551 1.5926 -39.9144
      vertex 6.75813 3.90181 -39.2314
    endloop
  endfacet
  facet normal 0.108766 0.0726757 -0.991407
    outer loop
      vertex 2.07551 1.5926 -39.9144
      vertex 6.19102 4.75054 -39.2314
      vertex 6.75813 3.90181 -39.2314
    endloop
  endfacet
  facet normal 0.0983492 0.0862505 -0.991407
    outer loop
      vertex 2.07551 1.5926 -39.9144
      vertex 1.84988 1.84988 -39.9144
      vertex 6.19102 4.75054 -39.2314
    endloop
  endfacet
  facet normal 0.0983498 0.0862497 -0.991407
    outer loop
      vertex 1.84988 1.84988 -39.9144
      vertex 5.51799 5.51799 -39.2314
      vertex 6.19102 4.75054 -39.2314
    endloop
  endfacet
  facet normal 0.0862504 0.0983491 -0.991407
    outer loop
      vertex 1.84988 1.84988 -39.9144
      vertex 1.5926 2.07551 -39.9144
      vertex 5.51799 5.51799 -39.2314
    endloop
  endfacet
  facet normal 0.0862497 0.0983498 -0.991407
    outer loop
      vertex 1.5926 2.07551 -39.9144
      vertex 4.75054 6.19102 -39.2314
      vertex 5.51799 5.51799 -39.2314
    endloop
  endfacet
  facet normal 0.0726742 0.108767 -0.991407
    outer loop
      vertex 1.5926 2.07551 -39.9144
      vertex 1.30806 2.26563 -39.9144
      vertex 4.75054 6.19102 -39.2314
    endloop
  endfacet
  facet normal 0.0726756 0.108765 -0.991407
    outer loop
      vertex 1.30806 2.26563 -39.9144
      vertex 3.90181 6.75813 -39.2314
      vertex 4.75054 6.19102 -39.2314
    endloop
  endfacet
  facet normal 0.0578561 0.117322 -0.991407
    outer loop
      vertex 1.30806 2.26563 -39.9144
      vertex 1.00115 2.41698 -39.9144
      vertex 3.90181 6.75813 -39.2314
    endloop
  endfacet
  facet normal 0.057856 0.117322 -0.991407
    outer loop
      vertex 1.00115 2.41698 -39.9144
      vertex 2.98631 7.2096 -39.2314
      vertex 3.90181 6.75813 -39.2314
    endloop
  endfacet
  facet normal 0.0420483 0.123869 -0.991407
    outer loop
      vertex 1.00115 2.41698 -39.9144
      vertex 0.677103 2.52698 -39.9144
      vertex 2.98631 7.2096 -39.2314
    endloop
  endfacet
  facet normal 0.0420477 0.12387 -0.991407
    outer loop
      vertex 0.677103 2.52698 -39.9144
      vertex 2.01972 7.53771 -39.2314
      vertex 2.98631 7.2096 -39.2314
    endloop
  endfacet
  facet normal 0.0255197 0.128298 -0.991407
    outer loop
      vertex 0.677103 2.52698 -39.9144
      vertex 0.341473 2.59374 -39.9144
      vertex 2.01972 7.53771 -39.2314
    endloop
  endfacet
  facet normal 0.0255202 0.128298 -0.991407
    outer loop
      vertex 0.341473 2.59374 -39.9144
      vertex 1.01858 7.73685 -39.2314
      vertex 2.01972 7.53771 -39.2314
    endloop
  endfacet
  facet normal 0.00855878 0.130531 -0.991407
    outer loop
      vertex 0.341473 2.59374 -39.9144
      vertex 0 2.61613 -39.9144
      vertex 1.01858 7.73685 -39.2314
    endloop
  endfacet
  facet normal 0.00855534 0.130532 -0.991407
    outer loop
      vertex 0 2.61613 -39.9144
      vertex 0 7.80361 -39.2314
      vertex 1.01858 7.73685 -39.2314
    endloop
  endfacet
  facet normal -0.00855882 0.130532 -0.991407
    outer loop
      vertex 0 2.61613 -39.9144
      vertex -0.341473 2.59374 -39.9144
      vertex 0 7.80361 -39.2314
    endloop
  endfacet
  facet normal -0.00855533 0.130532 -0.991407
    outer loop
      vertex -0.341473 2.59374 -39.9144
      vertex -1.01858 7.73685 -39.2314
      vertex 0 7.80361 -39.2314
    endloop
  endfacet
  facet normal -0.0255197 0.128298 -0.991407
    outer loop
      vertex -0.341473 2.59374 -39.9144
      vertex -0.677103 2.52698 -39.9144
      vertex -1.01858 7.73685 -39.2314
    endloop
  endfacet
  facet normal -0.0255202 0.128298 -0.991407
    outer loop
      vertex -0.677103 2.52698 -39.9144
      vertex -2.01972 7.53771 -39.2314
      vertex -1.01858 7.73685 -39.2314
    endloop
  endfacet
  facet normal -0.0420483 0.123869 -0.991407
    outer loop
      vertex -0.677103 2.52698 -39.9144
      vertex -1.00115 2.41698 -39.9144
      vertex -2.01972 7.53771 -39.2314
    endloop
  endfacet
  facet normal -0.0420477 0.12387 -0.991407
    outer loop
      vertex -1.00115 2.41698 -39.9144
      vertex -2.98631 7.2096 -39.2314
      vertex -2.01972 7.53771 -39.2314
    endloop
  endfacet
  facet normal -0.0578561 0.117322 -0.991407
    outer loop
      vertex -1.00115 2.41698 -39.9144
      vertex -1.30806 2.26563 -39.9144
      vertex -2.98631 7.2096 -39.2314
    endloop
  endfacet
  facet normal -0.057856 0.117322 -0.991407
    outer loop
      vertex -1.30806 2.26563 -39.9144
      vertex -3.90181 6.75813 -39.2314
      vertex -2.98631 7.2096 -39.2314
    endloop
  endfacet
  facet normal -0.072674 0.108766 -0.991407
    outer loop
      vertex -1.30806 2.26563 -39.9144
      vertex -1.5926 2.07551 -39.9144
      vertex -3.90181 6.75813 -39.2314
    endloop
  endfacet
  facet normal -0.0726757 0.108766 -0.991407
    outer loop
      vertex -1.5926 2.07551 -39.9144
      vertex -4.75054 6.19102 -39.2314
      vertex -3.90181 6.75813 -39.2314
    endloop
  endfacet
  facet normal -0.0862505 0.0983492 -0.991407
    outer loop
      vertex -1.5926 2.07551 -39.9144
      vertex -1.84988 1.84988 -39.9144
      vertex -4.75054 6.19102 -39.2314
    endloop
  endfacet
  facet normal -0.0862497 0.0983498 -0.991407
    outer loop
      vertex -1.84988 1.84988 -39.9144
      vertex -5.51799 5.51799 -39.2314
      vertex -4.75054 6.19102 -39.2314
    endloop
  endfacet
  facet normal -0.0983491 0.0862504 -0.991407
    outer loop
      vertex -1.84988 1.84988 -39.9144
      vertex -2.07551 1.5926 -39.9144
      vertex -5.51799 5.51799 -39.2314
    endloop
  endfacet
  facet normal -0.0983498 0.0862497 -0.991407
    outer loop
      vertex -2.07551 1.5926 -39.9144
      vertex -6.19102 4.75054 -39.2314
      vertex -5.51799 5.51799 -39.2314
    endloop
  endfacet
  facet normal -0.108767 0.0726742 -0.991407
    outer loop
      vertex -2.07551 1.5926 -39.9144
      vertex -2.26563 1.30806 -39.9144
      vertex -6.19102 4.75054 -39.2314
    endloop
  endfacet
  facet normal -0.108765 0.0726756 -0.991407
    outer loop
      vertex -2.26563 1.30806 -39.9144
      vertex -6.75813 3.90181 -39.2314
      vertex -6.19102 4.75054 -39.2314
    endloop
  endfacet
  facet normal -0.117322 0.0578561 -0.991407
    outer loop
      vertex -2.26563 1.30806 -39.9144
      vertex -2.41698 1.00115 -39.9144
      vertex -6.75813 3.90181 -39.2314
    endloop
  endfacet
  facet normal -0.117322 0.057856 -0.991407
    outer loop
      vertex -2.41698 1.00115 -39.9144
      vertex -7.2096 2.98631 -39.2314
      vertex -6.75813 3.90181 -39.2314
    endloop
  endfacet
  facet normal -0.123869 0.0420483 -0.991407
    outer loop
      vertex -2.41698 1.00115 -39.9144
      vertex -2.52698 0.677103 -39.9144
      vertex -7.2096 2.98631 -39.2314
    endloop
  endfacet
  facet normal -0.12387 0.0420477 -0.991407
    outer loop
      vertex -2.52698 0.677103 -39.9144
      vertex -7.53771 2.01972 -39.2314
      vertex -7.2096 2.98631 -39.2314
    endloop
  endfacet
  facet normal -0.128298 0.0255197 -0.991407
    outer loop
      vertex -2.52698 0.677103 -39.9144
      vertex -2.59374 0.341473 -39.9144
      vertex -7.53771 2.01972 -39.2314
    endloop
  endfacet
  facet normal -0.128298 0.0255202 -0.991407
    outer loop
      vertex -2.59374 0.341473 -39.9144
      vertex -7.73685 1.01858 -39.2314
      vertex -7.53771 2.01972 -39.2314
    endloop
  endfacet
  facet normal -0.130531 0.00855878 -0.991407
    outer loop
      vertex -2.59374 0.341473 -39.9144
      vertex -2.61613 -0 -39.9144
      vertex -7.73685 1.01858 -39.2314
    endloop
  endfacet
  facet normal -0.130532 0.00855534 -0.991407
    outer loop
      vertex -2.61613 -0 -39.9144
      vertex -7.80361 -0 -39.2314
      vertex -7.73685 1.01858 -39.2314
    endloop
  endfacet
  facet normal -0.130532 -0.00855882 -0.991407
    outer loop
      vertex -2.61613 -0 -39.9144
      vertex -2.59374 -0.341473 -39.9144
      vertex -7.80361 -0 -39.2314
    endloop
  endfacet
  facet normal -0.130532 -0.00855533 -0.991407
    outer loop
      vertex -2.59374 -0.341473 -39.9144
      vertex -7.73685 -1.01858 -39.2314
      vertex -7.80361 -0 -39.2314
    endloop
  endfacet
  facet normal -0.128298 -0.0255197 -0.991407
    outer loop
      vertex -2.59374 -0.341473 -39.9144
      vertex -2.52698 -0.677103 -39.9144
      vertex -7.73685 -1.01858 -39.2314
    endloop
  endfacet
  facet normal -0.128298 -0.0255202 -0.991407
    outer loop
      vertex -2.52698 -0.677103 -39.9144
      vertex -7.53771 -2.01972 -39.2314
      vertex -7.73685 -1.01858 -39.2314
    endloop
  endfacet
  facet normal -0.123869 -0.0420483 -0.991407
    outer loop
      vertex -2.52698 -0.677103 -39.9144
      vertex -2.41698 -1.00115 -39.9144
      vertex -7.53771 -2.01972 -39.2314
    endloop
  endfacet
  facet normal -0.12387 -0.0420477 -0.991407
    outer loop
      vertex -2.41698 -1.00115 -39.9144
      vertex -7.2096 -2.98631 -39.2314
      vertex -7.53771 -2.01972 -39.2314
    endloop
  endfacet
  facet normal -0.117322 -0.0578561 -0.991407
    outer loop
      vertex -2.41698 -1.00115 -39.9144
      vertex -2.26563 -1.30806 -39.9144
      vertex -7.2096 -2.98631 -39.2314
    endloop
  endfacet
  facet normal -0.117322 -0.057856 -0.991407
    outer loop
      vertex -2.26563 -1.30806 -39.9144
      vertex -6.75813 -3.90181 -39.2314
      vertex -7.2096 -2.98631 -39.2314
    endloop
  endfacet
  facet normal -0.108766 -0.072674 -0.991407
    outer loop
      vertex -2.26563 -1.30806 -39.9144
      vertex -2.07551 -1.5926 -39.9144
      vertex -6.75813 -3.90181 -39.2314
    endloop
  endfacet
  facet normal -0.108766 -0.0726757 -0.991407
    outer loop
      vertex -2.07551 -1.5926 -39.9144
      vertex -6.19102 -4.75054 -39.2314
      vertex -6.75813 -3.90181 -39.2314
    endloop
  endfacet
  facet normal -0.0983492 -0.0862505 -0.991407
    outer loop
      vertex -2.07551 -1.5926 -39.9144
      vertex -1.84988 -1.84988 -39.9144
      vertex -6.19102 -4.75054 -39.2314
    endloop
  endfacet
  facet normal -0.0983498 -0.0862497 -0.991407
    outer loop
      vertex -1.84988 -1.84988 -39.9144
      vertex -5.51799 -5.51799 -39.2314
      vertex -6.19102 -4.75054 -39.2314
    endloop
  endfacet
  facet normal -0.0862504 -0.0983491 -0.991407
    outer loop
      vertex -1.84988 -1.84988 -39.9144
      vertex -1.5926 -2.07551 -39.9144
      vertex -5.51799 -5.51799 -39.2314
    endloop
  endfacet
  facet normal -0.0862497 -0.0983498 -0.991407
    outer loop
      vertex -1.5926 -2.07551 -39.9144
      vertex -4.75054 -6.19102 -39.2314
      vertex -5.51799 -5.51799 -39.2314
    endloop
  endfacet
  facet normal -0.0726742 -0.108767 -0.991407
    outer loop
      vertex -1.5926 -2.07551 -39.9144
      vertex -1.30806 -2.26563 -39.9144
      vertex -4.75054 -6.19102 -39.2314
    endloop
  endfacet
  facet normal -0.0726756 -0.108765 -0.991407
    outer loop
      vertex -1.30806 -2.26563 -39.9144
      vertex -3.90181 -6.75813 -39.2314
      vertex -4.75054 -6.19102 -39.2314
    endloop
  endfacet
  facet normal -0.0578561 -0.117322 -0.991407
    outer loop
      vertex -1.30806 -2.26563 -39.9144
      vertex -1.00115 -2.41698 -39.9144
      vertex -3.90181 -6.75813 -39.2314
    endloop
  endfacet
  facet normal -0.057856 -0.117322 -0.991407
    outer loop
      vertex -1.00115 -2.41698 -39.9144
      vertex -2.98631 -7.2096 -39.2314
      vertex -3.90181 -6.75813 -39.2314
    endloop
  endfacet
  facet normal -0.0420483 -0.123869 -0.991407
    outer loop
      vertex -1.00115 -2.41698 -39.9144
      vertex -0.677103 -2.52698 -39.9144
      vertex -2.98631 -7.2096 -39.2314
    endloop
  endfacet
  facet normal -0.0420477 -0.12387 -0.991407
    outer loop
      vertex -0.677103 -2.52698 -39.9144
      vertex -2.01972 -7.53771 -39.2314
      vertex -2.98631 -7.2096 -39.2314
    endloop
  endfacet
  facet normal -0.0255197 -0.128298 -0.991407
    outer loop
      vertex -0.677103 -2.52698 -39.9144
      vertex -0.341473 -2.59374 -39.9144
      vertex -2.01972 -7.53771 -39.2314
    endloop
  endfacet
  facet normal -0.0255202 -0.128298 -0.991407
    outer loop
      vertex -0.341473 -2.59374 -39.9144
      vertex -1.01858 -7.73685 -39.2314
      vertex -2.01972 -7.53771 -39.2314
    endloop
  endfacet
  facet normal -0.00855878 -0.130531 -0.991407
    outer loop
      vertex -0.341473 -2.59374 -39.9144
      vertex -0 -2.61613 -39.9144
      vertex -1.01858 -7.73685 -39.2314
    endloop
  endfacet
  facet normal -0.00855534 -0.130532 -0.991407
    outer loop
      vertex -0 -2.61613 -39.9144
      vertex -0 -7.80361 -39.2314
      vertex -1.01858 -7.73685 -39.2314
    endloop
  endfacet
  facet normal 0.00855882 -0.130532 -0.991407
    outer loop
      vertex -0 -2.61613 -39.9144
      vertex 0.341473 -2.59374 -39.9144
      vertex -0 -7.80361 -39.2314
    endloop
  endfacet
  facet normal 0.00855533 -0.130532 -0.991407
    outer loop
      vertex 0.341473 -2.59374 -39.9144
      vertex 1.01858 -7.73685 -39.2314
      vertex -0 -7.80361 -39.2314
    endloop
  endfacet
  facet normal 0.0255197 -0.128298 -0.991407
    outer loop
      vertex 0.341473 -2.59374 -39.9144
      vertex 0.677103 -2.52698 -39.9144
      vertex 1.01858 -7.73685 -39.2314
    endloop
  endfacet
  facet normal 0.0255202 -0.128298 -0.991407
    outer loop
      vertex 0.677103 -2.52698 -39.9144
      vertex 2.01972 -7.53771 -39.2314
      vertex 1.01858 -7.73685 -39.2314
    endloop
  endfacet
  facet normal 0.0420483 -0.123869 -0.991407
    outer loop
      vertex 0.677103 -2.52698 -39.9144
      vertex 1.00115 -2.41698 -39.9144
      vertex 2.01972 -7.53771 -39.2314
    endloop
  endfacet
  facet normal 0.0420477 -0.12387 -0.991407
    outer loop
      vertex 1.00115 -2.41698 -39.9144
      vertex 2.98631 -7.2096 -39.2314
      vertex 2.01972 -7.53771 -39.2314
    endloop
  endfacet
  facet normal 0.0578561 -0.117322 -0.991407
    outer loop
      vertex 1.00115 -2.41698 -39.9144
      vertex 1.30806 -2.26563 -39.9144
      vertex 2.98631 -7.2096 -39.2314
    endloop
  endfacet
  facet normal 0.057856 -0.117322 -0.991407
    outer loop
      vertex 1.30806 -2.26563 -39.9144
      vertex 3.90181 -6.75813 -39.2314
      vertex 2.98631 -7.2096 -39.2314
    endloop
  endfacet
  facet normal 0.072674 -0.108766 -0.991407
    outer loop
      vertex 1.30806 -2.26563 -39.9144
      vertex 1.5926 -2.07551 -39.9144
      vertex 3.90181 -6.75813 -39.2314
    endloop
  endfacet
  facet normal 0.0726757 -0.108766 -0.991407
    outer loop
      vertex 1.5926 -2.07551 -39.9144
      vertex 4.75054 -6.19102 -39.2314
      vertex 3.90181 -6.75813 -39.2314
    endloop
  endfacet
  facet normal 0.0862505 -0.0983492 -0.991407
    outer loop
      vertex 1.5926 -2.07551 -39.9144
      vertex 1.84988 -1.84988 -39.9144
      vertex 4.75054 -6.19102 -39.2314
    endloop
  endfacet
  facet normal 0.0862497 -0.0983498 -0.991407
    outer loop
      vertex 1.84988 -1.84988 -39.9144
      vertex 5.51799 -5.51799 -39.2314
      vertex 4.75054 -6.19102 -39.2314
    endloop
  endfacet
  facet normal 0.0983491 -0.0862504 -0.991407
    outer loop
      vertex 1.84988 -1.84988 -39.9144
      vertex 2.07551 -1.5926 -39.9144
      vertex 5.51799 -5.51799 -39.2314
    endloop
  endfacet
  facet normal 0.0983498 -0.0862497 -0.991407
    outer loop
      vertex 2.07551 -1.5926 -39.9144
      vertex 6.19102 -4.75054 -39.2314
      vertex 5.51799 -5.51799 -39.2314
    endloop
  endfacet
  facet normal 0.108767 -0.0726742 -0.991407
    outer loop
      vertex 2.07551 -1.5926 -39.9144
      vertex 2.26563 -1.30806 -39.9144
      vertex 6.19102 -4.75054 -39.2314
    endloop
  endfacet
  facet normal 0.108765 -0.0726756 -0.991407
    outer loop
      vertex 2.26563 -1.30806 -39.9144
      vertex 6.75813 -3.90181 -39.2314
      vertex 6.19102 -4.75054 -39.2314
    endloop
  endfacet
  facet normal 0.117322 -0.0578561 -0.991407
    outer loop
      vertex 2.26563 -1.30806 -39.9144
      vertex 2.41698 -1.00115 -39.9144
      vertex 6.75813 -3.90181 -39.2314
    endloop
  endfacet
  facet normal 0.117322 -0.057856 -0.991407
    outer loop
      vertex 2.41698 -1.00115 -39.9144
      vertex 7.2096 -2.98631 -39.2314
      vertex 6.75813 -3.90181 -39.2314
    endloop
  endfacet
  facet normal 0.123869 -0.0420483 -0.991407
    outer loop
      vertex 2.41698 -1.00115 -39.9144
      vertex 2.52698 -0.677103 -39.9144
      vertex 7.2096 -2.98631 -39.2314
    endloop
  endfacet
  facet normal 0.12387 -0.0420477 -0.991407
    outer loop
      vertex 2.52698 -0.677103 -39.9144
      vertex 7.53771 -2.01972 -39.2314
      vertex 7.2096 -2.98631 -39.2314
    endloop
  endfacet
  facet normal 0.128298 -0.0255197 -0.991407
    outer loop
      vertex 2.52698 -0.677103 -39.9144
      vertex 2.59374 -0.341473 -39.9144
      vertex 7.53771 -2.01972 -39.2314
    endloop
  endfacet
  facet normal 0.128298 -0.0255202 -0.991407
    outer loop
      vertex 2.59374 -0.341473 -39.9144
      vertex 7.73685 -1.01858 -39.2314
      vertex 7.53771 -2.01972 -39.2314
    endloop
  endfacet
  facet normal 0.130531 -0.00855878 -0.991407
    outer loop
      vertex 2.59374 -0.341473 -39.9144
      vertex 2.61613 0 -39.9144
      vertex 7.73685 -1.01858 -39.2314
    endloop
  endfacet
  facet normal 0.130532 -0.00855534 -0.991407
    outer loop
      vertex 2.61613 0 -39.9144
      vertex 7.80361 0 -39.2314
      vertex 7.73685 -1.01858 -39.2314
    endloop
  endfacet
  facet normal 0 0 -1
    outer loop
      vertex 2.59374 -0.341473 -39.9144
      vertex 2.59374 0.341473 -39.9144
      vertex 2.61613 0 -39.9144
    endloop
  endfacet
  facet normal 0 0 -1
    outer loop
      vertex 2.52698 -0.677103 -39.9144
      vertex 2.59374 0.341473 -39.9144
      vertex 2.59374 -0.341473 -39.9144
    endloop
  endfacet
  facet normal 0 0 -1
    outer loop
      vertex 2.52698 -0.677103 -39.9144
      vertex 2.52698 0.677103 -39.9144
      vertex 2.59374 0.341473 -39.9144
    endloop
  endfacet
  facet normal 0 0 -1
    outer loop
      vertex 2.41698 -1.00115 -39.9144
      vertex 2.52698 0.677103 -39.9144
      vertex 2.52698 -0.677103 -39.9144
    endloop
  endfacet
  facet normal 0 0 -1
    outer loop
      vertex 2.41698 -1.00115 -39.9144
      vertex 2.41698 1.00115 -39.9144
      vertex 2.52698 0.677103 -39.9144
    endloop
  endfacet
  facet normal 0 0 -1
    outer loop
      vertex 2.26563 -1.30806 -39.9144
      vertex 2.41698 1.00115 -39.9144
      vertex 2.41698 -1.00115 -39.9144
    endloop
  endfacet
  facet normal 0 0 -1
    outer loop
      vertex 2.26563 -1.30806 -39.9144
      vertex 2.26563 1.30806 -39.9144
      vertex 2.41698 1.00115 -39.9144
    endloop
  endfacet
  facet normal 0 0 -1
    outer loop
      vertex 2.07551 -1.5926 -39.9144
      vertex 2.26563 1.30806 -39.9144
      vertex 2.26563 -1.30806 -39.9144
    endloop
  endfacet
  facet normal 0 0 -1
    outer loop
      vertex 2.07551 -1.5926 -39.9144
      vertex 2.07551 1.5926 -39.9144
      vertex 2.26563 1.30806 -39.9144
    endloop
  endfacet
  facet normal 0 0 -1
    outer loop
      vertex 1.84988 -1.84988 -39.9144
      vertex 2.07551 1.5926 -39.9144
      vertex 2.07551 -1.5926 -39.9144
    endloop
  endfacet
  facet normal 0 0 -1
    outer loop
      vertex 1.84988 -1.84988 -39.9144
      vertex 1.84988 1.84988 -39.9144
      vertex 2.07551 1.5926 -39.9144
    endloop
  endfacet
  facet normal 0 0 -1
    outer loop
      vertex 1.5926 -2.07551 -39.9144
      vertex 1.84988 1.84988 -39.9144
      vertex 1.84988 -1.84988 -39.9144
    endloop
  endfacet
  facet normal 0 0 -1
    outer loop
      vertex 1.5926 -2.07551 -39.9144
      vertex 1.5926 2.07551 -39.9144
      vertex 1.84988 1.84988 -39.9144
    endloop
  endfacet
  facet normal 0 0 -1
    outer loop
      vertex 1.30806 -2.26563 -39.9144
      vertex 1.5926 2.07551 -39.9144
      vertex 1.5926 -2.07551 -39.9144
    endloop
  endfacet
  facet normal 0 0 -1
    outer loop
      vertex 1.30806 -2.26563 -39.9144
      vertex 1.30806 2.26563 -39.9144
      vertex 1.5926 2.07551 -39.9144
    endloop
  endfacet
  facet normal 0 0 -1
    outer loop
      vertex 1.00115 -2.41698 -39.9144
      vertex 1.30806 2.26563 -39.9144
      vertex 1.30806 -2.26563 -39.9144
    endloop
  endfacet
  facet normal 0 0 -1
    outer loop
      vertex 1.00115 -2.41698 -39.9144
      vertex 1.00115 2.41698 -39.9144
      vertex 1.30806 2.26563 -39.9144
    endloop
  endfacet
  facet normal 0 0 -1
    outer loop
      vertex 0.677103 -2.52698 -39.9144
      vertex 1.00115 2.41698 -39.9144
      vertex 1.00115 -2.41698 -39.9144
    endloop
  endfacet
  facet normal 0 0 -1
    outer loop
      vertex 0.677103 -2.52698 -39.9144
      vertex 0.677103 2.52698 -39.9144
      vertex 1.00115 2.41698 -39.9144
    endloop
  endfacet
  facet normal 0 0 -1
    outer loop
      vertex 0.341473 -2.59374 -39.9144
      vertex 0.677103 2.52698 -39.9144
      vertex 0.677103 -2.52698 -39.9144
    endloop
  endfacet
  facet normal 0 0 -1
    outer loop
      vertex 0.341473 -2.59374 -39.9144
      vertex 0.341473 2.59374 -39.9144
      vertex 0.677103 2.52698 -39.9144
    endloop
  endfacet
  facet normal 0 0 -1
    outer loop
      vertex -0 -2.61613 -39.9144
      vertex 0.341473 2.59374 -39.9144
      vertex 0.341473 -2.59374 -39.9144
    endloop
  endfacet
  facet normal 0 0 -1
    outer loop
      vertex -0 -2.61613 -39.9144
      vertex 0 2.61613 -39.9144
      vertex 0.341473 2.59374 -39.9144
    endloop
  endfacet
  facet normal 0 0 -1
    outer loop
      vertex -0.341473 -2.59374 -39.9144
      vertex 0 2.61613 -39.9144
      vertex -0 -2.61613 -39.9144
    endloop
  endfacet
  facet normal 0 0 -1
    outer loop
      vertex -0.341473 -2.59374 -39.9144
      vertex -0.341473 2.59374 -39.9144
      vertex 0 2.61613 -39.9144
    endloop
  endfacet
  facet normal 0 0 -1
    outer loop
      vertex -0.677103 -2.52698 -39.9144
      vertex -0.341473 2.59374 -39.9144
      vertex -0.341473 -2.59374 -39.9144
    endloop
  endfacet
  facet normal 0 0 -1
    outer loop
      vertex -0.677103 -2.52698 -39.9144
      vertex -0.677103 2.52698 -39.9144
      vertex -0.341473 2.59374 -39.9144
    endloop
  endfacet
  facet normal 0 0 -1
    outer loop
      vertex -1.00115 -2.41698 -39.9144
      vertex -0.677103 2.52698 -39.9144
      vertex -0.677103 -2.52698 -39.9144
    endloop
  endfacet
  facet normal 0 0 -1
    outer loop
      vertex -1.00115 -2.41698 -39.9144
      vertex -1.00115 2.41698 -39.9144
      vertex -0.677103 2.52698 -39.9144
    endloop
  endfacet
  facet normal 0 0 -1
    outer loop
      vertex -1.30806 -2.26563 -39.9144
      vertex -1.00115 2.41698 -39.9144
      vertex -1.00115 -2.41698 -39.9144
    endloop
  endfacet
  facet normal 0 0 -1
    outer loop
      vertex -1.30806 -2.26563 -39.9144
      vertex -1.30806 2.26563 -39.9144
      vertex -1.00115 2.41698 -39.9144
    endloop
  endfacet
  facet normal 0 0 -1
    outer loop
      vertex -1.5926 -2.07551 -39.9144
      vertex -1.30806 2.26563 -39.9144
      vertex -1.30806 -2.26563 -39.9144
    endloop
  endfacet
  facet normal 0 0 -1
    outer loop
      vertex -1.5926 -2.07551 -39.9144
      vertex -1.5926 2.07551 -39.9144
      vertex -1.30806 2.26563 -39.9144
    endloop
  endfacet
  facet normal 0 0 -1
    outer loop
      vertex -1.84988 -1.84988 -39.9144
      vertex -1.5926 2.07551 -39.9144
      vertex -1.5926 -2.07551 -39.9144
    endloop
  endfacet
  facet normal 0 0 -1
    outer loop
      vertex -1.84988 -1.84988 -39.9144
      vertex -1.84988 1.84988 -39.9144
      vertex -1.5926 2.07551 -39.9144
    endloop
  endfacet
  facet normal 0 0 -1
    outer loop
      vertex -2.07551 -1.5926 -39.9144
      vertex -1.84988 1.84988 -39.9144
      vertex -1.84988 -1.84988 -39.9144
    endloop
  endfacet
  facet normal 0 0 -1
    outer loop
      vertex -2.07551 -1.5926 -39.9144
      vertex -2.07551 1.5926 -39.9144
      vertex -1.84988 1.84988 -39.9144
    endloop
  endfacet
  facet normal 0 0 -1
    outer loop
      vertex -2.26563 -1.30806 -39.9144
      vertex -2.07551 1.5926 -39.9144
      vertex -2.07551 -1.5926 -39.9144
    endloop
  endfacet
  facet normal 0 0 -1
    outer loop
      vertex -2.26563 -1.30806 -39.9144
      vertex -2.26563 1.30806 -39.9144
      vertex -2.07551 1.5926 -39.9144
    endloop
  endfacet
  facet normal 0 0 -1
    outer loop
      vertex -2.41698 -1.00115 -39.9144
      vertex -2.26563 1.30806 -39.9144
      vertex -2.26563 -1.30806 -39.9144
    endloop
  endfacet
  facet normal 0 0 -1
    outer loop
      vertex -2.41698 -1.00115 -39.9144
      vertex -2.41698 1.00115 -39.9144
      vertex -2.26563 1.30806 -39.9144
    endloop
  endfacet
  facet normal 0 0 -1
    outer loop
      vertex -2.52698 -0.677103 -39.9144
      vertex -2.41698 1.00115 -39.9144
      vertex -2.41698 -1.00115 -39.9144
    endloop
  endfacet
  facet normal 0 0 -1
    outer loop
      vertex -2.52698 -0.677103 -39.9144
      vertex -2.52698 0.677103 -39.9144
      vertex -2.41698 1.00115 -39.9144
    endloop
  endfacet
  facet normal 0 0 -1
    outer loop
      vertex -2.59374 -0.341473 -39.9144
      vertex -2.52698 0.677103 -39.9144
      vertex -2.52698 -0.677103 -39.9144
    endloop
  endfacet
  facet normal 0 0 -1
    outer loop
      vertex -2.59374 -0.341473 -39.9144
      vertex -2.59374 0.341473 -39.9144
      vertex -2.52698 0.677103 -39.9144
    endloop
  endfacet
  facet normal 0 -0 -1
    outer loop
      vertex -2.59374 0.341473 -39.9144
      vertex -2.59374 -0.341473 -39.9144
      vertex -2.61613 -0 -39.9144
    endloop
  endfacet
endsolid OpenSCAD_Model
