solid OpenSCAD_Model
  facet normal 1 -0 0
    outer loop
      vertex 55 -90 1
      vertex 55 90 -1
      vertex 55 90 1
    endloop
  endfacet
  facet normal 1 0 0
    outer loop
      vertex 55 90 -1
      vertex 55 -90 1
      vertex 55 -90 -1
    endloop
  endfacet
  facet normal -0 0 1
    outer loop
      vertex -33.2167 44.6087 1
      vertex 41.2284 1.14805 1
      vertex -32.9987 44.935 1
    endloop
  endfacet
  facet normal 0 0 1
    outer loop
      vertex 41 0 1
      vertex -32.6224 -46.0435 1
      vertex -32.5967 -46.435 1
    endloop
  endfacet
  facet normal 0 0 1
    outer loop
      vertex 41.2284 1.14805 1
      vertex -33.2167 44.6087 1
      vertex 41.1022 0.776457 1
    endloop
  endfacet
  facet normal 0 0 1
    outer loop
      vertex 41 0 1
      vertex -32.699 -45.6586 1
      vertex -32.6224 -46.0435 1
    endloop
  endfacet
  facet normal -0 0 1
    outer loop
      vertex -33.4754 44.3137 1
      vertex 41.1022 0.776457 1
      vertex -33.2167 44.6087 1
    endloop
  endfacet
  facet normal 0 0 1
    outer loop
      vertex 41 0 1
      vertex -32.8251 -45.287 1
      vertex -32.699 -45.6586 1
    endloop
  endfacet
  facet normal 0 0 1
    outer loop
      vertex 41.1022 0.776457 1
      vertex -33.4754 44.3137 1
      vertex 41.0257 0.391578 1
    endloop
  endfacet
  facet normal 0 0 1
    outer loop
      vertex 41 0 1
      vertex -32.9987 -44.935 1
      vertex -32.8251 -45.287 1
    endloop
  endfacet
  facet normal -0 0 1
    outer loop
      vertex -33.7705 44.055 1
      vertex 41.0257 0.391578 1
      vertex -33.4754 44.3137 1
    endloop
  endfacet
  facet normal 0 0 1
    outer loop
      vertex 41 0 1
      vertex -33.2167 -44.6087 1
      vertex -32.9987 -44.935 1
    endloop
  endfacet
  facet normal 0 0 1
    outer loop
      vertex 41.0257 0.391578 1
      vertex -33.7705 44.055 1
      vertex 41 0 1
    endloop
  endfacet
  facet normal 0 0 1
    outer loop
      vertex 41 0 1
      vertex -33.4754 -44.3137 1
      vertex -33.2167 -44.6087 1
    endloop
  endfacet
  facet normal -0 0 1
    outer loop
      vertex -34.0967 43.837 1
      vertex 41 0 1
      vertex -33.7705 44.055 1
    endloop
  endfacet
  facet normal 0 0 1
    outer loop
      vertex 41 0 1
      vertex -33.7705 -44.055 1
      vertex -33.4754 -44.3137 1
    endloop
  endfacet
  facet normal 0 0 1
    outer loop
      vertex -34.0967 -43.837 1
      vertex 41 0 1
      vertex -34.0967 43.837 1
    endloop
  endfacet
  facet normal 0 0 1
    outer loop
      vertex 41 0 1
      vertex -34.0967 -43.837 1
      vertex -33.7705 -44.055 1
    endloop
  endfacet
  facet normal -0 0 1
    outer loop
      vertex -34.4487 43.6634 1
      vertex -34.0967 -43.837 1
      vertex -34.0967 43.837 1
    endloop
  endfacet
  facet normal 0 0 1
    outer loop
      vertex -34.4487 43.6634 1
      vertex -34.4487 -43.6634 1
      vertex -34.0967 -43.837 1
    endloop
  endfacet
  facet normal -0 0 1
    outer loop
      vertex -34.8203 43.5373 1
      vertex -34.4487 -43.6634 1
      vertex -34.4487 43.6634 1
    endloop
  endfacet
  facet normal 0 0 1
    outer loop
      vertex -34.8203 43.5373 1
      vertex -34.8203 -43.5373 1
      vertex -34.4487 -43.6634 1
    endloop
  endfacet
  facet normal -0 0 1
    outer loop
      vertex -35.2052 43.4607 1
      vertex -34.8203 -43.5373 1
      vertex -34.8203 43.5373 1
    endloop
  endfacet
  facet normal 0 0 1
    outer loop
      vertex -35.2052 43.4607 1
      vertex -35.2052 -43.4607 1
      vertex -34.8203 -43.5373 1
    endloop
  endfacet
  facet normal -0 0 1
    outer loop
      vertex -35.5967 43.435 1
      vertex -35.2052 -43.4607 1
      vertex -35.2052 43.4607 1
    endloop
  endfacet
  facet normal 0 0 1
    outer loop
      vertex -35.5967 43.435 1
      vertex -35.5967 -43.435 1
      vertex -35.2052 -43.4607 1
    endloop
  endfacet
  facet normal 0 0 1
    outer loop
      vertex -35.9883 43.4607 1
      vertex -35.5967 -43.435 1
      vertex -35.5967 43.435 1
    endloop
  endfacet
  facet normal 0 0 1
    outer loop
      vertex -35.9883 43.4607 1
      vertex -35.9883 -43.4607 1
      vertex -35.5967 -43.435 1
    endloop
  endfacet
  facet normal 0 0 1
    outer loop
      vertex -36.3732 43.5373 1
      vertex -35.9883 -43.4607 1
      vertex -35.9883 43.4607 1
    endloop
  endfacet
  facet normal 0 0 1
    outer loop
      vertex -36.3732 43.5373 1
      vertex -36.3732 -43.5373 1
      vertex -35.9883 -43.4607 1
    endloop
  endfacet
  facet normal 0 0 1
    outer loop
      vertex -36.7448 43.6634 1
      vertex -36.3732 -43.5373 1
      vertex -36.3732 43.5373 1
    endloop
  endfacet
  facet normal 0 0 1
    outer loop
      vertex -36.7448 43.6634 1
      vertex -36.7448 -43.6634 1
      vertex -36.3732 -43.5373 1
    endloop
  endfacet
  facet normal 0 0 1
    outer loop
      vertex -37.0967 43.837 1
      vertex -36.7448 -43.6634 1
      vertex -36.7448 43.6634 1
    endloop
  endfacet
  facet normal 0 0 1
    outer loop
      vertex -37.0967 43.837 1
      vertex -37.0967 -43.837 1
      vertex -36.7448 -43.6634 1
    endloop
  endfacet
  facet normal 0 0 1
    outer loop
      vertex -37.423 44.055 1
      vertex -37.0967 -43.837 1
      vertex -37.0967 43.837 1
    endloop
  endfacet
  facet normal 0 0 1
    outer loop
      vertex -37.423 44.055 1
      vertex -37.423 -44.055 1
      vertex -37.0967 -43.837 1
    endloop
  endfacet
  facet normal 0 0 1
    outer loop
      vertex -37.7181 44.3137 1
      vertex -37.423 -44.055 1
      vertex -37.423 44.055 1
    endloop
  endfacet
  facet normal 0 0 1
    outer loop
      vertex -37.7181 44.3137 1
      vertex -37.7181 -44.3137 1
      vertex -37.423 -44.055 1
    endloop
  endfacet
  facet normal 0 0 1
    outer loop
      vertex -37.9768 44.6087 1
      vertex -37.7181 -44.3137 1
      vertex -37.7181 44.3137 1
    endloop
  endfacet
  facet normal 0 0 1
    outer loop
      vertex -37.9768 44.6087 1
      vertex -37.9768 -44.6087 1
      vertex -37.7181 -44.3137 1
    endloop
  endfacet
  facet normal 0 0 1
    outer loop
      vertex -38.1948 44.935 1
      vertex -37.9768 -44.6087 1
      vertex -37.9768 44.6087 1
    endloop
  endfacet
  facet normal 0 0 1
    outer loop
      vertex -38.1948 44.935 1
      vertex -38.1948 -44.935 1
      vertex -37.9768 -44.6087 1
    endloop
  endfacet
  facet normal 0 0 1
    outer loop
      vertex -38.3684 45.287 1
      vertex -38.1948 -44.935 1
      vertex -38.1948 44.935 1
    endloop
  endfacet
  facet normal 0 0 1
    outer loop
      vertex -38.3684 45.287 1
      vertex -38.3684 -45.287 1
      vertex -38.1948 -44.935 1
    endloop
  endfacet
  facet normal 0 0 1
    outer loop
      vertex -38.4945 45.6586 1
      vertex -38.3684 -45.287 1
      vertex -38.3684 45.287 1
    endloop
  endfacet
  facet normal 0 0 1
    outer loop
      vertex -38.4945 45.6586 1
      vertex -38.4945 -45.6586 1
      vertex -38.3684 -45.287 1
    endloop
  endfacet
  facet normal 0 0 1
    outer loop
      vertex -55 90 1
      vertex -38.4945 45.6586 1
      vertex -38.5711 46.0435 1
    endloop
  endfacet
  facet normal 0 0 1
    outer loop
      vertex -38.4945 45.6586 1
      vertex -55 90 1
      vertex -38.4945 -45.6586 1
    endloop
  endfacet
  facet normal 0 0 1
    outer loop
      vertex -55 90 1
      vertex -38.5711 46.0435 1
      vertex -38.5967 46.435 1
    endloop
  endfacet
  facet normal 0 0 1
    outer loop
      vertex -55 -90 1
      vertex -38.4945 -45.6586 1
      vertex -55 90 1
    endloop
  endfacet
  facet normal 0 0 1
    outer loop
      vertex 42.852 2.77164 1
      vertex 14.3732 72.2357 1
      vertex 42.5 2.59808 1
    endloop
  endfacet
  facet normal 0 0 1
    outer loop
      vertex 41 0 1
      vertex 16.5711 -74.7419 1
      vertex 16.5967 -75.1335 1
    endloop
  endfacet
  facet normal -0 0 1
    outer loop
      vertex 13.9883 72.1591 1
      vertex 42.5 2.59808 1
      vertex 14.3732 72.2357 1
    endloop
  endfacet
  facet normal 0 0 1
    outer loop
      vertex 41 0 1
      vertex 16.4945 -74.357 1
      vertex 16.5711 -74.7419 1
    endloop
  endfacet
  facet normal 0 0 1
    outer loop
      vertex 42.5 2.59808 1
      vertex 13.9883 72.1591 1
      vertex 42.1737 2.38006 1
    endloop
  endfacet
  facet normal 0 0 1
    outer loop
      vertex 41 0 1
      vertex 16.3684 -73.9854 1
      vertex 16.4945 -74.357 1
    endloop
  endfacet
  facet normal -0 0 1
    outer loop
      vertex 13.5967 72.1335 1
      vertex 42.1737 2.38006 1
      vertex 13.9883 72.1591 1
    endloop
  endfacet
  facet normal 0 0 1
    outer loop
      vertex 41 0 1
      vertex 16.1948 -73.6335 1
      vertex 16.3684 -73.9854 1
    endloop
  endfacet
  facet normal 0 0 1
    outer loop
      vertex 42.1737 2.38006 1
      vertex 13.5967 72.1335 1
      vertex 41.8787 2.12132 1
    endloop
  endfacet
  facet normal 0 0 1
    outer loop
      vertex 41 0 1
      vertex 15.9768 -73.3072 1
      vertex 16.1948 -73.6335 1
    endloop
  endfacet
  facet normal 0 0 1
    outer loop
      vertex 13.2052 72.1591 1
      vertex 41.8787 2.12132 1
      vertex 13.5967 72.1335 1
    endloop
  endfacet
  facet normal 0 0 1
    outer loop
      vertex 41 0 1
      vertex 15.7181 -73.0121 1
      vertex 15.9768 -73.3072 1
    endloop
  endfacet
  facet normal 0 0 1
    outer loop
      vertex 41.8787 2.12132 1
      vertex 13.2052 72.1591 1
      vertex 41.6199 1.82628 1
    endloop
  endfacet
  facet normal 0 0 1
    outer loop
      vertex 41 0 1
      vertex 15.423 -72.7534 1
      vertex 15.7181 -73.0121 1
    endloop
  endfacet
  facet normal 0 0 1
    outer loop
      vertex -32.699 45.6586 1
      vertex 12.8203 72.2357 1
      vertex -32.6224 46.0435 1
    endloop
  endfacet
  facet normal 0 0 1
    outer loop
      vertex 41 0 1
      vertex 15.0967 -72.5354 1
      vertex 15.423 -72.7534 1
    endloop
  endfacet
  facet normal 0 0 1
    outer loop
      vertex 12.8203 72.2357 1
      vertex -32.699 45.6586 1
      vertex 13.2052 72.1591 1
    endloop
  endfacet
  facet normal 0 0 1
    outer loop
      vertex 41 0 1
      vertex 14.7448 -72.3618 1
      vertex 15.0967 -72.5354 1
    endloop
  endfacet
  facet normal 0 0 1
    outer loop
      vertex -32.8251 45.287 1
      vertex 13.2052 72.1591 1
      vertex -32.699 45.6586 1
    endloop
  endfacet
  facet normal 0 0 1
    outer loop
      vertex 41 0 1
      vertex 14.3732 -72.2357 1
      vertex 14.7448 -72.3618 1
    endloop
  endfacet
  facet normal 0 0 1
    outer loop
      vertex 13.2052 72.1591 1
      vertex -32.8251 45.287 1
      vertex 41.6199 1.82628 1
    endloop
  endfacet
  facet normal 0 0 1
    outer loop
      vertex 41 0 1
      vertex 13.9883 -72.1591 1
      vertex 14.3732 -72.2357 1
    endloop
  endfacet
  facet normal 0 0 1
    outer loop
      vertex 41.6199 1.82628 1
      vertex -32.8251 45.287 1
      vertex 41.4019 1.5 1
    endloop
  endfacet
  facet normal 0 0 1
    outer loop
      vertex 41.4019 1.5 1
      vertex -32.9987 44.935 1
      vertex 41.2284 1.14805 1
    endloop
  endfacet
  facet normal -0 0 1
    outer loop
      vertex -32.9987 44.935 1
      vertex 41.4019 1.5 1
      vertex -32.8251 45.287 1
    endloop
  endfacet
  facet normal 0 -0 1
    outer loop
      vertex 13.2052 -72.1591 1
      vertex 41 0 1
      vertex -32.5967 -46.435 1
    endloop
  endfacet
  facet normal 0 0 1
    outer loop
      vertex 12.4487 72.3618 1
      vertex -32.6224 46.0435 1
      vertex 12.8203 72.2357 1
    endloop
  endfacet
  facet normal 0 0 1
    outer loop
      vertex 41 0 1
      vertex 13.5967 -72.1335 1
      vertex 13.9883 -72.1591 1
    endloop
  endfacet
  facet normal 0 0 1
    outer loop
      vertex -32.6224 46.0435 1
      vertex 12.4487 72.3618 1
      vertex -32.5967 46.435 1
    endloop
  endfacet
  facet normal 0 0 1
    outer loop
      vertex 41 0 1
      vertex 13.2052 -72.1591 1
      vertex 13.5967 -72.1335 1
    endloop
  endfacet
  facet normal 0 0 1
    outer loop
      vertex -32.5967 46.435 1
      vertex 12.4487 72.3618 1
      vertex 12.0967 72.5354 1
    endloop
  endfacet
  facet normal 0 0 1
    outer loop
      vertex 13.2052 -72.1591 1
      vertex -32.5967 -46.435 1
      vertex 12.8203 -72.2357 1
    endloop
  endfacet
  facet normal 0 0 1
    outer loop
      vertex -32.5967 46.435 1
      vertex 12.0967 72.5354 1
      vertex 11.7705 72.7534 1
    endloop
  endfacet
  facet normal 0 0 1
    outer loop
      vertex 12.8203 -72.2357 1
      vertex -32.5967 -46.435 1
      vertex 12.4487 -72.3618 1
    endloop
  endfacet
  facet normal 0 0 1
    outer loop
      vertex -32.699 47.2115 1
      vertex 11.7705 72.7534 1
      vertex 11.4754 73.0121 1
    endloop
  endfacet
  facet normal 0 0 1
    outer loop
      vertex 12.4487 -72.3618 1
      vertex -32.5967 -46.435 1
      vertex 12.0967 -72.5354 1
    endloop
  endfacet
  facet normal 0 0 1
    outer loop
      vertex -32.8251 47.5831 1
      vertex 11.4754 73.0121 1
      vertex 11.2167 73.3072 1
    endloop
  endfacet
  facet normal 0 0 1
    outer loop
      vertex 12.0967 -72.5354 1
      vertex -32.5967 -46.435 1
      vertex 11.7705 -72.7534 1
    endloop
  endfacet
  facet normal 0 0 1
    outer loop
      vertex -32.9987 47.935 1
      vertex 11.2167 73.3072 1
      vertex 10.9987 73.6335 1
    endloop
  endfacet
  facet normal -0 0 1
    outer loop
      vertex -32.6224 -46.8266 1
      vertex 11.7705 -72.7534 1
      vertex -32.5967 -46.435 1
    endloop
  endfacet
  facet normal 0 0 1
    outer loop
      vertex -33.2167 48.2613 1
      vertex 10.9987 73.6335 1
      vertex 10.8251 73.9854 1
    endloop
  endfacet
  facet normal -0 0 1
    outer loop
      vertex -32.699 -47.2115 1
      vertex 11.7705 -72.7534 1
      vertex -32.6224 -46.8266 1
    endloop
  endfacet
  facet normal 0 0 1
    outer loop
      vertex -33.4754 48.5564 1
      vertex 10.8251 73.9854 1
      vertex 10.699 74.357 1
    endloop
  endfacet
  facet normal 0 0 1
    outer loop
      vertex 11.7705 -72.7534 1
      vertex -32.699 -47.2115 1
      vertex 11.4754 -73.0121 1
    endloop
  endfacet
  facet normal 0 0 1
    outer loop
      vertex -33.7705 48.8151 1
      vertex 10.699 74.357 1
      vertex 10.6224 74.7419 1
    endloop
  endfacet
  facet normal -0 0 1
    outer loop
      vertex -32.8251 -47.5831 1
      vertex 11.4754 -73.0121 1
      vertex -32.699 -47.2115 1
    endloop
  endfacet
  facet normal 0 0 1
    outer loop
      vertex -33.7705 48.8151 1
      vertex 10.6224 74.7419 1
      vertex 10.5967 75.1335 1
    endloop
  endfacet
  facet normal 0 0 1
    outer loop
      vertex 11.4754 -73.0121 1
      vertex -32.8251 -47.5831 1
      vertex 11.2167 -73.3072 1
    endloop
  endfacet
  facet normal 0 0 1
    outer loop
      vertex 55 90 1
      vertex 47 0 1
      vertex 55 -90 1
    endloop
  endfacet
  facet normal 0 0 1
    outer loop
      vertex 55 90 1
      vertex 46.9743 0.391578 1
      vertex 47 0 1
    endloop
  endfacet
  facet normal 0 0 1
    outer loop
      vertex 55 90 1
      vertex 46.8978 0.776457 1
      vertex 46.9743 0.391578 1
    endloop
  endfacet
  facet normal 0 0 1
    outer loop
      vertex 55 90 1
      vertex 46.7716 1.14805 1
      vertex 46.8978 0.776457 1
    endloop
  endfacet
  facet normal 0 0 1
    outer loop
      vertex 55 90 1
      vertex 46.5981 1.5 1
      vertex 46.7716 1.14805 1
    endloop
  endfacet
  facet normal 0 0 1
    outer loop
      vertex 55 90 1
      vertex 46.3801 1.82628 1
      vertex 46.5981 1.5 1
    endloop
  endfacet
  facet normal 0 0 1
    outer loop
      vertex 55 90 1
      vertex 46.1213 2.12132 1
      vertex 46.3801 1.82628 1
    endloop
  endfacet
  facet normal 0 0 1
    outer loop
      vertex 55 90 1
      vertex 45.8263 2.38006 1
      vertex 46.1213 2.12132 1
    endloop
  endfacet
  facet normal 0 0 1
    outer loop
      vertex 55 90 1
      vertex 45.5 2.59808 1
      vertex 45.8263 2.38006 1
    endloop
  endfacet
  facet normal 0 0 1
    outer loop
      vertex 55 90 1
      vertex 45.148 2.77164 1
      vertex 45.5 2.59808 1
    endloop
  endfacet
  facet normal 0 0 1
    outer loop
      vertex 55 90 1
      vertex 44.7765 2.89778 1
      vertex 45.148 2.77164 1
    endloop
  endfacet
  facet normal 0 0 1
    outer loop
      vertex 55 90 1
      vertex 44.3916 2.97433 1
      vertex 44.7765 2.89778 1
    endloop
  endfacet
  facet normal 0 0 1
    outer loop
      vertex 16.5711 74.7419 1
      vertex 55 90 1
      vertex 16.5967 75.1335 1
    endloop
  endfacet
  facet normal 0 0 1
    outer loop
      vertex 16.4945 74.357 1
      vertex 55 90 1
      vertex 16.5711 74.7419 1
    endloop
  endfacet
  facet normal 0 0 1
    outer loop
      vertex 16.3684 73.9854 1
      vertex 55 90 1
      vertex 16.4945 74.357 1
    endloop
  endfacet
  facet normal 0 0 1
    outer loop
      vertex 16.1948 73.6335 1
      vertex 55 90 1
      vertex 16.3684 73.9854 1
    endloop
  endfacet
  facet normal 0 0 1
    outer loop
      vertex 15.9768 73.3072 1
      vertex 55 90 1
      vertex 16.1948 73.6335 1
    endloop
  endfacet
  facet normal 0 0 1
    outer loop
      vertex 55 90 1
      vertex 15.9768 73.3072 1
      vertex 44.3916 2.97433 1
    endloop
  endfacet
  facet normal -0 0 1
    outer loop
      vertex 15.7181 73.0121 1
      vertex 44.3916 2.97433 1
      vertex 15.9768 73.3072 1
    endloop
  endfacet
  facet normal 0 0 1
    outer loop
      vertex 44.3916 2.97433 1
      vertex 15.7181 73.0121 1
      vertex 44 3 1
    endloop
  endfacet
  facet normal -0 0 1
    outer loop
      vertex 15.423 72.7534 1
      vertex 44 3 1
      vertex 15.7181 73.0121 1
    endloop
  endfacet
  facet normal 0 0 1
    outer loop
      vertex 44 3 1
      vertex 15.423 72.7534 1
      vertex 43.6084 2.97433 1
    endloop
  endfacet
  facet normal -0 0 1
    outer loop
      vertex 15.0967 72.5354 1
      vertex 43.6084 2.97433 1
      vertex 15.423 72.7534 1
    endloop
  endfacet
  facet normal 0 0 1
    outer loop
      vertex 43.6084 2.97433 1
      vertex 15.0967 72.5354 1
      vertex 43.2235 2.89778 1
    endloop
  endfacet
  facet normal 0 0 1
    outer loop
      vertex 43.2235 2.89778 1
      vertex 14.7448 72.3618 1
      vertex 42.852 2.77164 1
    endloop
  endfacet
  facet normal -0 0 1
    outer loop
      vertex 14.7448 72.3618 1
      vertex 43.2235 2.89778 1
      vertex 15.0967 72.5354 1
    endloop
  endfacet
  facet normal 0 0 1
    outer loop
      vertex 55 90 1
      vertex 16.5711 75.525 1
      vertex 16.5967 75.1335 1
    endloop
  endfacet
  facet normal 0 0 1
    outer loop
      vertex 55 90 1
      vertex 16.4945 75.9099 1
      vertex 16.5711 75.525 1
    endloop
  endfacet
  facet normal 0 0 1
    outer loop
      vertex 55 90 1
      vertex 16.3684 76.2815 1
      vertex 16.4945 75.9099 1
    endloop
  endfacet
  facet normal 0 0 1
    outer loop
      vertex 55 90 1
      vertex 16.1948 76.6335 1
      vertex 16.3684 76.2815 1
    endloop
  endfacet
  facet normal 0 0 1
    outer loop
      vertex 55 90 1
      vertex 15.9768 76.9597 1
      vertex 16.1948 76.6335 1
    endloop
  endfacet
  facet normal 0 0 1
    outer loop
      vertex 55 90 1
      vertex 15.7181 77.2548 1
      vertex 15.9768 76.9597 1
    endloop
  endfacet
  facet normal 0 0 1
    outer loop
      vertex 55 90 1
      vertex 15.423 77.5135 1
      vertex 15.7181 77.2548 1
    endloop
  endfacet
  facet normal 0 0 1
    outer loop
      vertex 55 90 1
      vertex 15.0967 77.7315 1
      vertex 15.423 77.5135 1
    endloop
  endfacet
  facet normal 0 0 1
    outer loop
      vertex 55 90 1
      vertex 14.7448 77.9051 1
      vertex 15.0967 77.7315 1
    endloop
  endfacet
  facet normal 0 0 1
    outer loop
      vertex 55 90 1
      vertex 14.3732 78.0312 1
      vertex 14.7448 77.9051 1
    endloop
  endfacet
  facet normal 0 0 1
    outer loop
      vertex 55 90 1
      vertex 13.9883 78.1078 1
      vertex 14.3732 78.0312 1
    endloop
  endfacet
  facet normal 0 0 1
    outer loop
      vertex 55 90 1
      vertex 13.5967 78.1335 1
      vertex 13.9883 78.1078 1
    endloop
  endfacet
  facet normal 0 0 1
    outer loop
      vertex 55 90 1
      vertex 13.2052 78.1078 1
      vertex 13.5967 78.1335 1
    endloop
  endfacet
  facet normal -0 0 1
    outer loop
      vertex -55 90 1
      vertex 13.2052 78.1078 1
      vertex 55 90 1
    endloop
  endfacet
  facet normal -0 0 1
    outer loop
      vertex -32.9987 -47.935 1
      vertex 11.2167 -73.3072 1
      vertex -32.8251 -47.5831 1
    endloop
  endfacet
  facet normal 0 0 1
    outer loop
      vertex -34.0967 49.0331 1
      vertex 10.5967 75.1335 1
      vertex 10.6224 75.525 1
    endloop
  endfacet
  facet normal 0 0 1
    outer loop
      vertex -55 90 1
      vertex 10.6224 75.525 1
      vertex 10.699 75.9099 1
    endloop
  endfacet
  facet normal 0 0 1
    outer loop
      vertex -55 90 1
      vertex 10.699 75.9099 1
      vertex 10.8251 76.2815 1
    endloop
  endfacet
  facet normal 0 0 1
    outer loop
      vertex -55 90 1
      vertex 10.8251 76.2815 1
      vertex 10.9987 76.6335 1
    endloop
  endfacet
  facet normal 0 0 1
    outer loop
      vertex -55 90 1
      vertex 10.9987 76.6335 1
      vertex 11.2167 76.9597 1
    endloop
  endfacet
  facet normal 0 0 1
    outer loop
      vertex -55 90 1
      vertex 11.2167 76.9597 1
      vertex 11.4754 77.2548 1
    endloop
  endfacet
  facet normal 0 0 1
    outer loop
      vertex -55 90 1
      vertex 11.4754 77.2548 1
      vertex 11.7705 77.5135 1
    endloop
  endfacet
  facet normal 0 0 1
    outer loop
      vertex 11.7705 72.7534 1
      vertex -32.6224 46.8266 1
      vertex -32.5967 46.435 1
    endloop
  endfacet
  facet normal 0 0 1
    outer loop
      vertex 11.7705 72.7534 1
      vertex -32.699 47.2115 1
      vertex -32.6224 46.8266 1
    endloop
  endfacet
  facet normal 0 0 1
    outer loop
      vertex 11.4754 73.0121 1
      vertex -32.8251 47.5831 1
      vertex -32.699 47.2115 1
    endloop
  endfacet
  facet normal 0 0 1
    outer loop
      vertex 11.2167 73.3072 1
      vertex -32.9987 47.935 1
      vertex -32.8251 47.5831 1
    endloop
  endfacet
  facet normal 0 0 1
    outer loop
      vertex -55 90 1
      vertex 11.7705 77.5135 1
      vertex 12.0967 77.7315 1
    endloop
  endfacet
  facet normal 0 0 1
    outer loop
      vertex 10.9987 73.6335 1
      vertex -33.2167 48.2613 1
      vertex -32.9987 47.935 1
    endloop
  endfacet
  facet normal 0 0 1
    outer loop
      vertex 10.8251 73.9854 1
      vertex -33.4754 48.5564 1
      vertex -33.2167 48.2613 1
    endloop
  endfacet
  facet normal 0 0 1
    outer loop
      vertex 10.699 74.357 1
      vertex -33.7705 48.8151 1
      vertex -33.4754 48.5564 1
    endloop
  endfacet
  facet normal 0 0 1
    outer loop
      vertex 10.5967 75.1335 1
      vertex -34.0967 49.0331 1
      vertex -33.7705 48.8151 1
    endloop
  endfacet
  facet normal 0 0 1
    outer loop
      vertex 10.6224 75.525 1
      vertex -34.4487 49.2067 1
      vertex -34.0967 49.0331 1
    endloop
  endfacet
  facet normal 0 0 1
    outer loop
      vertex 10.6224 75.525 1
      vertex -55 90 1
      vertex -34.4487 49.2067 1
    endloop
  endfacet
  facet normal 0 0 1
    outer loop
      vertex -34.4487 49.2067 1
      vertex -55 90 1
      vertex -34.8203 49.3328 1
    endloop
  endfacet
  facet normal 0 0 1
    outer loop
      vertex -34.8203 49.3328 1
      vertex -55 90 1
      vertex -35.2052 49.4094 1
    endloop
  endfacet
  facet normal 0 0 1
    outer loop
      vertex -35.2052 49.4094 1
      vertex -55 90 1
      vertex -35.5967 49.435 1
    endloop
  endfacet
  facet normal 0 0 1
    outer loop
      vertex -35.5967 49.435 1
      vertex -55 90 1
      vertex -35.9883 49.4094 1
    endloop
  endfacet
  facet normal 0 0 1
    outer loop
      vertex -35.9883 49.4094 1
      vertex -55 90 1
      vertex -36.3732 49.3328 1
    endloop
  endfacet
  facet normal 0 0 1
    outer loop
      vertex -36.3732 49.3328 1
      vertex -55 90 1
      vertex -36.7448 49.2067 1
    endloop
  endfacet
  facet normal 0 0 1
    outer loop
      vertex -38.4945 -45.6586 1
      vertex -55 -90 1
      vertex -38.5711 -46.0435 1
    endloop
  endfacet
  facet normal 0 0 1
    outer loop
      vertex -38.5711 46.8266 1
      vertex -55 90 1
      vertex -38.5967 46.435 1
    endloop
  endfacet
  facet normal 0 0 1
    outer loop
      vertex -38.4945 47.2115 1
      vertex -55 90 1
      vertex -38.5711 46.8266 1
    endloop
  endfacet
  facet normal 0 0 1
    outer loop
      vertex -38.3684 47.5831 1
      vertex -55 90 1
      vertex -38.4945 47.2115 1
    endloop
  endfacet
  facet normal 0 0 1
    outer loop
      vertex -38.1948 47.935 1
      vertex -55 90 1
      vertex -38.3684 47.5831 1
    endloop
  endfacet
  facet normal 0 0 1
    outer loop
      vertex -37.9768 48.2613 1
      vertex -55 90 1
      vertex -38.1948 47.935 1
    endloop
  endfacet
  facet normal 0 0 1
    outer loop
      vertex -37.7181 48.5564 1
      vertex -55 90 1
      vertex -37.9768 48.2613 1
    endloop
  endfacet
  facet normal 0 0 1
    outer loop
      vertex -37.423 48.8151 1
      vertex -55 90 1
      vertex -37.7181 48.5564 1
    endloop
  endfacet
  facet normal 0 0 1
    outer loop
      vertex -37.0967 49.0331 1
      vertex -55 90 1
      vertex -37.423 48.8151 1
    endloop
  endfacet
  facet normal 0 0 1
    outer loop
      vertex -36.7448 49.2067 1
      vertex -55 90 1
      vertex -37.0967 49.0331 1
    endloop
  endfacet
  facet normal 0 0 1
    outer loop
      vertex 12.4487 77.9051 1
      vertex -55 90 1
      vertex 12.0967 77.7315 1
    endloop
  endfacet
  facet normal 0 0 1
    outer loop
      vertex 12.8203 78.0312 1
      vertex -55 90 1
      vertex 12.4487 77.9051 1
    endloop
  endfacet
  facet normal 0 0 1
    outer loop
      vertex 13.2052 78.1078 1
      vertex -55 90 1
      vertex 12.8203 78.0312 1
    endloop
  endfacet
  facet normal -0 0 1
    outer loop
      vertex 46.9743 -0.391578 1
      vertex 55 -90 1
      vertex 47 0 1
    endloop
  endfacet
  facet normal -0 0 1
    outer loop
      vertex 46.8978 -0.776457 1
      vertex 55 -90 1
      vertex 46.9743 -0.391578 1
    endloop
  endfacet
  facet normal -0 0 1
    outer loop
      vertex 46.7716 -1.14805 1
      vertex 55 -90 1
      vertex 46.8978 -0.776457 1
    endloop
  endfacet
  facet normal -0 0 1
    outer loop
      vertex 46.5981 -1.5 1
      vertex 55 -90 1
      vertex 46.7716 -1.14805 1
    endloop
  endfacet
  facet normal -0 0 1
    outer loop
      vertex 46.3801 -1.82628 1
      vertex 55 -90 1
      vertex 46.5981 -1.5 1
    endloop
  endfacet
  facet normal -0 0 1
    outer loop
      vertex 46.1213 -2.12132 1
      vertex 55 -90 1
      vertex 46.3801 -1.82628 1
    endloop
  endfacet
  facet normal -0 0 1
    outer loop
      vertex 45.8263 -2.38006 1
      vertex 55 -90 1
      vertex 46.1213 -2.12132 1
    endloop
  endfacet
  facet normal -0 0 1
    outer loop
      vertex 45.5 -2.59808 1
      vertex 55 -90 1
      vertex 45.8263 -2.38006 1
    endloop
  endfacet
  facet normal -0 0 1
    outer loop
      vertex 45.148 -2.77164 1
      vertex 55 -90 1
      vertex 45.5 -2.59808 1
    endloop
  endfacet
  facet normal -0 0 1
    outer loop
      vertex 44.7765 -2.89778 1
      vertex 55 -90 1
      vertex 45.148 -2.77164 1
    endloop
  endfacet
  facet normal -0 0 1
    outer loop
      vertex 44.3916 -2.97433 1
      vertex 55 -90 1
      vertex 44.7765 -2.89778 1
    endloop
  endfacet
  facet normal 0 0 1
    outer loop
      vertex 16.5967 -75.1335 1
      vertex 44.3916 -2.97433 1
      vertex 44 -3 1
    endloop
  endfacet
  facet normal 0 0 1
    outer loop
      vertex 16.5967 -75.1335 1
      vertex 44 -3 1
      vertex 43.6084 -2.97433 1
    endloop
  endfacet
  facet normal 0 0 1
    outer loop
      vertex 16.5967 -75.1335 1
      vertex 43.6084 -2.97433 1
      vertex 43.2235 -2.89778 1
    endloop
  endfacet
  facet normal 0 0 1
    outer loop
      vertex 16.5967 -75.1335 1
      vertex 43.2235 -2.89778 1
      vertex 42.852 -2.77164 1
    endloop
  endfacet
  facet normal 0 0 1
    outer loop
      vertex 16.5967 -75.1335 1
      vertex 42.852 -2.77164 1
      vertex 42.5 -2.59808 1
    endloop
  endfacet
  facet normal 0 0 1
    outer loop
      vertex 16.5967 -75.1335 1
      vertex 42.5 -2.59808 1
      vertex 42.1737 -2.38006 1
    endloop
  endfacet
  facet normal 0 0 1
    outer loop
      vertex 16.5967 -75.1335 1
      vertex 42.1737 -2.38006 1
      vertex 41.8787 -2.12132 1
    endloop
  endfacet
  facet normal 0 0 1
    outer loop
      vertex 16.5967 -75.1335 1
      vertex 41.8787 -2.12132 1
      vertex 41.6199 -1.82628 1
    endloop
  endfacet
  facet normal 0 0 1
    outer loop
      vertex 16.5967 -75.1335 1
      vertex 41.6199 -1.82628 1
      vertex 41.4019 -1.5 1
    endloop
  endfacet
  facet normal 0 0 1
    outer loop
      vertex 16.5967 -75.1335 1
      vertex 41.4019 -1.5 1
      vertex 41.2284 -1.14805 1
    endloop
  endfacet
  facet normal 0 0 1
    outer loop
      vertex 16.5967 -75.1335 1
      vertex 41.2284 -1.14805 1
      vertex 41.1022 -0.776457 1
    endloop
  endfacet
  facet normal 0 0 1
    outer loop
      vertex 16.5967 -75.1335 1
      vertex 41.1022 -0.776457 1
      vertex 41.0257 -0.391578 1
    endloop
  endfacet
  facet normal -0 0 1
    outer loop
      vertex 14.3732 72.2357 1
      vertex 42.852 2.77164 1
      vertex 14.7448 72.3618 1
    endloop
  endfacet
  facet normal 0 0 1
    outer loop
      vertex 41 0 1
      vertex 16.5967 -75.1335 1
      vertex 41.0257 -0.391578 1
    endloop
  endfacet
  facet normal 0 0 1
    outer loop
      vertex 44.3916 -2.97433 1
      vertex 16.5967 -75.1335 1
      vertex 55 -90 1
    endloop
  endfacet
  facet normal -0 0 1
    outer loop
      vertex 16.5711 -75.525 1
      vertex 55 -90 1
      vertex 16.5967 -75.1335 1
    endloop
  endfacet
  facet normal -0 0 1
    outer loop
      vertex 16.4945 -75.9099 1
      vertex 55 -90 1
      vertex 16.5711 -75.525 1
    endloop
  endfacet
  facet normal -0 0 1
    outer loop
      vertex 16.3684 -76.2815 1
      vertex 55 -90 1
      vertex 16.4945 -75.9099 1
    endloop
  endfacet
  facet normal -0 0 1
    outer loop
      vertex 16.1948 -76.6335 1
      vertex 55 -90 1
      vertex 16.3684 -76.2815 1
    endloop
  endfacet
  facet normal -0 0 1
    outer loop
      vertex 15.9768 -76.9597 1
      vertex 55 -90 1
      vertex 16.1948 -76.6335 1
    endloop
  endfacet
  facet normal -0 0 1
    outer loop
      vertex 15.7181 -77.2548 1
      vertex 55 -90 1
      vertex 15.9768 -76.9597 1
    endloop
  endfacet
  facet normal -0 0 1
    outer loop
      vertex 15.423 -77.5135 1
      vertex 55 -90 1
      vertex 15.7181 -77.2548 1
    endloop
  endfacet
  facet normal -0 0 1
    outer loop
      vertex 15.0967 -77.7315 1
      vertex 55 -90 1
      vertex 15.423 -77.5135 1
    endloop
  endfacet
  facet normal -0 0 1
    outer loop
      vertex 14.7448 -77.9051 1
      vertex 55 -90 1
      vertex 15.0967 -77.7315 1
    endloop
  endfacet
  facet normal -0 0 1
    outer loop
      vertex 14.3732 -78.0312 1
      vertex 55 -90 1
      vertex 14.7448 -77.9051 1
    endloop
  endfacet
  facet normal -0 0 1
    outer loop
      vertex 13.9883 -78.1078 1
      vertex 55 -90 1
      vertex 14.3732 -78.0312 1
    endloop
  endfacet
  facet normal -0 0 1
    outer loop
      vertex 13.5967 -78.1335 1
      vertex 55 -90 1
      vertex 13.9883 -78.1078 1
    endloop
  endfacet
  facet normal 0 0 1
    outer loop
      vertex 13.2052 -78.1078 1
      vertex 55 -90 1
      vertex 13.5967 -78.1335 1
    endloop
  endfacet
  facet normal 0 0 1
    outer loop
      vertex -55 -90 1
      vertex 13.2052 -78.1078 1
      vertex 12.8203 -78.0312 1
    endloop
  endfacet
  facet normal 0 0 1
    outer loop
      vertex 11.2167 -73.3072 1
      vertex -32.9987 -47.935 1
      vertex 10.9987 -73.6335 1
    endloop
  endfacet
  facet normal -0 0 1
    outer loop
      vertex -33.2167 -48.2613 1
      vertex 10.9987 -73.6335 1
      vertex -32.9987 -47.935 1
    endloop
  endfacet
  facet normal 0 0 1
    outer loop
      vertex 10.9987 -73.6335 1
      vertex -33.2167 -48.2613 1
      vertex 10.8251 -73.9854 1
    endloop
  endfacet
  facet normal -0 0 1
    outer loop
      vertex -33.4754 -48.5564 1
      vertex 10.8251 -73.9854 1
      vertex -33.2167 -48.2613 1
    endloop
  endfacet
  facet normal 0 0 1
    outer loop
      vertex 10.8251 -73.9854 1
      vertex -33.4754 -48.5564 1
      vertex 10.699 -74.357 1
    endloop
  endfacet
  facet normal -0 0 1
    outer loop
      vertex -33.7705 -48.8151 1
      vertex 10.699 -74.357 1
      vertex -33.4754 -48.5564 1
    endloop
  endfacet
  facet normal 0 0 1
    outer loop
      vertex 10.699 -74.357 1
      vertex -33.7705 -48.8151 1
      vertex 10.6224 -74.7419 1
    endloop
  endfacet
  facet normal 0 0 1
    outer loop
      vertex 10.6224 -74.7419 1
      vertex -33.7705 -48.8151 1
      vertex 10.5967 -75.1335 1
    endloop
  endfacet
  facet normal -0 0 1
    outer loop
      vertex -34.0967 -49.0331 1
      vertex 10.5967 -75.1335 1
      vertex -33.7705 -48.8151 1
    endloop
  endfacet
  facet normal 0 0 1
    outer loop
      vertex 10.5967 -75.1335 1
      vertex -34.0967 -49.0331 1
      vertex 10.6224 -75.525 1
    endloop
  endfacet
  facet normal -0 0 1
    outer loop
      vertex -34.4487 -49.2067 1
      vertex 10.6224 -75.525 1
      vertex -34.0967 -49.0331 1
    endloop
  endfacet
  facet normal 0 0 1
    outer loop
      vertex -55 -90 1
      vertex 10.6224 -75.525 1
      vertex -34.4487 -49.2067 1
    endloop
  endfacet
  facet normal 0 0 1
    outer loop
      vertex 10.6224 -75.525 1
      vertex -55 -90 1
      vertex 10.699 -75.9099 1
    endloop
  endfacet
  facet normal 0 0 1
    outer loop
      vertex 10.699 -75.9099 1
      vertex -55 -90 1
      vertex 10.8251 -76.2815 1
    endloop
  endfacet
  facet normal 0 0 1
    outer loop
      vertex 10.8251 -76.2815 1
      vertex -55 -90 1
      vertex 10.9987 -76.6335 1
    endloop
  endfacet
  facet normal 0 0 1
    outer loop
      vertex 10.9987 -76.6335 1
      vertex -55 -90 1
      vertex 11.2167 -76.9597 1
    endloop
  endfacet
  facet normal 0 0 1
    outer loop
      vertex 11.2167 -76.9597 1
      vertex -55 -90 1
      vertex 11.4754 -77.2548 1
    endloop
  endfacet
  facet normal 0 0 1
    outer loop
      vertex 11.4754 -77.2548 1
      vertex -55 -90 1
      vertex 11.7705 -77.5135 1
    endloop
  endfacet
  facet normal 0 0 1
    outer loop
      vertex -55 -90 1
      vertex -34.4487 -49.2067 1
      vertex -34.8203 -49.3328 1
    endloop
  endfacet
  facet normal 0 0 1
    outer loop
      vertex -55 -90 1
      vertex -34.8203 -49.3328 1
      vertex -35.2052 -49.4094 1
    endloop
  endfacet
  facet normal 0 0 1
    outer loop
      vertex -55 -90 1
      vertex -35.2052 -49.4094 1
      vertex -35.5967 -49.435 1
    endloop
  endfacet
  facet normal 0 0 1
    outer loop
      vertex -55 -90 1
      vertex -35.5967 -49.435 1
      vertex -35.9883 -49.4094 1
    endloop
  endfacet
  facet normal 0 0 1
    outer loop
      vertex -55 -90 1
      vertex -35.9883 -49.4094 1
      vertex -36.3732 -49.3328 1
    endloop
  endfacet
  facet normal 0 0 1
    outer loop
      vertex -55 -90 1
      vertex -36.3732 -49.3328 1
      vertex -36.7448 -49.2067 1
    endloop
  endfacet
  facet normal 0 0 1
    outer loop
      vertex -55 -90 1
      vertex -36.7448 -49.2067 1
      vertex -37.0967 -49.0331 1
    endloop
  endfacet
  facet normal 0 0 1
    outer loop
      vertex -38.5711 -46.0435 1
      vertex -55 -90 1
      vertex -38.5967 -46.435 1
    endloop
  endfacet
  facet normal 0 0 1
    outer loop
      vertex 13.2052 -78.1078 1
      vertex -55 -90 1
      vertex 55 -90 1
    endloop
  endfacet
  facet normal 0 0 1
    outer loop
      vertex 12.4487 -77.9051 1
      vertex -55 -90 1
      vertex 12.8203 -78.0312 1
    endloop
  endfacet
  facet normal 0 0 1
    outer loop
      vertex 12.0967 -77.7315 1
      vertex -55 -90 1
      vertex 12.4487 -77.9051 1
    endloop
  endfacet
  facet normal 0 0 1
    outer loop
      vertex 11.7705 -77.5135 1
      vertex -55 -90 1
      vertex 12.0967 -77.7315 1
    endloop
  endfacet
  facet normal 0 0 1
    outer loop
      vertex -37.423 -48.8151 1
      vertex -55 -90 1
      vertex -37.0967 -49.0331 1
    endloop
  endfacet
  facet normal 0 0 1
    outer loop
      vertex -37.7181 -48.5564 1
      vertex -55 -90 1
      vertex -37.423 -48.8151 1
    endloop
  endfacet
  facet normal 0 0 1
    outer loop
      vertex -37.9768 -48.2613 1
      vertex -55 -90 1
      vertex -37.7181 -48.5564 1
    endloop
  endfacet
  facet normal 0 0 1
    outer loop
      vertex -38.1948 -47.935 1
      vertex -55 -90 1
      vertex -37.9768 -48.2613 1
    endloop
  endfacet
  facet normal 0 0 1
    outer loop
      vertex -38.3684 -47.5831 1
      vertex -55 -90 1
      vertex -38.1948 -47.935 1
    endloop
  endfacet
  facet normal 0 0 1
    outer loop
      vertex -38.4945 -47.2115 1
      vertex -55 -90 1
      vertex -38.3684 -47.5831 1
    endloop
  endfacet
  facet normal 0 0 1
    outer loop
      vertex -38.5711 -46.8266 1
      vertex -55 -90 1
      vertex -38.4945 -47.2115 1
    endloop
  endfacet
  facet normal 0 0 1
    outer loop
      vertex -38.5967 -46.435 1
      vertex -55 -90 1
      vertex -38.5711 -46.8266 1
    endloop
  endfacet
  facet normal 0 0 -1
    outer loop
      vertex -33.2167 -44.6087 -1
      vertex 41.2284 -1.14805 -1
      vertex -32.9987 -44.935 -1
    endloop
  endfacet
  facet normal 0 0 -1
    outer loop
      vertex 41 0 -1
      vertex -32.6224 46.0435 -1
      vertex -32.5967 46.435 -1
    endloop
  endfacet
  facet normal -0 0 -1
    outer loop
      vertex 41.2284 -1.14805 -1
      vertex -33.2167 -44.6087 -1
      vertex 41.1022 -0.776457 -1
    endloop
  endfacet
  facet normal 0 0 -1
    outer loop
      vertex 41 0 -1
      vertex -32.699 45.6586 -1
      vertex -32.6224 46.0435 -1
    endloop
  endfacet
  facet normal 0 0 -1
    outer loop
      vertex -33.4754 -44.3137 -1
      vertex 41.1022 -0.776457 -1
      vertex -33.2167 -44.6087 -1
    endloop
  endfacet
  facet normal 0 0 -1
    outer loop
      vertex 41 0 -1
      vertex -32.8251 45.287 -1
      vertex -32.699 45.6586 -1
    endloop
  endfacet
  facet normal -0 0 -1
    outer loop
      vertex 41.1022 -0.776457 -1
      vertex -33.4754 -44.3137 -1
      vertex 41.0257 -0.391578 -1
    endloop
  endfacet
  facet normal 0 0 -1
    outer loop
      vertex 41 0 -1
      vertex -32.9987 44.935 -1
      vertex -32.8251 45.287 -1
    endloop
  endfacet
  facet normal 0 0 -1
    outer loop
      vertex -33.7705 -44.055 -1
      vertex 41.0257 -0.391578 -1
      vertex -33.4754 -44.3137 -1
    endloop
  endfacet
  facet normal 0 0 -1
    outer loop
      vertex 41 0 -1
      vertex -33.2167 44.6087 -1
      vertex -32.9987 44.935 -1
    endloop
  endfacet
  facet normal -0 0 -1
    outer loop
      vertex 41.0257 -0.391578 -1
      vertex -33.7705 -44.055 -1
      vertex 41 0 -1
    endloop
  endfacet
  facet normal 0 0 -1
    outer loop
      vertex 41 0 -1
      vertex -33.4754 44.3137 -1
      vertex -33.2167 44.6087 -1
    endloop
  endfacet
  facet normal 0 0 -1
    outer loop
      vertex -34.0967 -43.837 -1
      vertex 41 0 -1
      vertex -33.7705 -44.055 -1
    endloop
  endfacet
  facet normal 0 0 -1
    outer loop
      vertex 41 0 -1
      vertex -33.7705 44.055 -1
      vertex -33.4754 44.3137 -1
    endloop
  endfacet
  facet normal 0 0 -1
    outer loop
      vertex -34.0967 43.837 -1
      vertex 41 0 -1
      vertex -34.0967 -43.837 -1
    endloop
  endfacet
  facet normal 0 0 -1
    outer loop
      vertex 41 0 -1
      vertex -34.0967 43.837 -1
      vertex -33.7705 44.055 -1
    endloop
  endfacet
  facet normal 0 0 -1
    outer loop
      vertex -34.4487 -43.6634 -1
      vertex -34.0967 43.837 -1
      vertex -34.0967 -43.837 -1
    endloop
  endfacet
  facet normal 0 0 -1
    outer loop
      vertex -34.4487 -43.6634 -1
      vertex -34.4487 43.6634 -1
      vertex -34.0967 43.837 -1
    endloop
  endfacet
  facet normal 0 0 -1
    outer loop
      vertex -34.8203 -43.5373 -1
      vertex -34.4487 43.6634 -1
      vertex -34.4487 -43.6634 -1
    endloop
  endfacet
  facet normal 0 0 -1
    outer loop
      vertex -34.8203 -43.5373 -1
      vertex -34.8203 43.5373 -1
      vertex -34.4487 43.6634 -1
    endloop
  endfacet
  facet normal 0 0 -1
    outer loop
      vertex -35.2052 -43.4607 -1
      vertex -34.8203 43.5373 -1
      vertex -34.8203 -43.5373 -1
    endloop
  endfacet
  facet normal 0 0 -1
    outer loop
      vertex -35.2052 -43.4607 -1
      vertex -35.2052 43.4607 -1
      vertex -34.8203 43.5373 -1
    endloop
  endfacet
  facet normal 0 0 -1
    outer loop
      vertex -35.5967 -43.435 -1
      vertex -35.2052 43.4607 -1
      vertex -35.2052 -43.4607 -1
    endloop
  endfacet
  facet normal 0 0 -1
    outer loop
      vertex -35.5967 -43.435 -1
      vertex -35.5967 43.435 -1
      vertex -35.2052 43.4607 -1
    endloop
  endfacet
  facet normal 0 0 -1
    outer loop
      vertex -35.9883 -43.4607 -1
      vertex -35.5967 43.435 -1
      vertex -35.5967 -43.435 -1
    endloop
  endfacet
  facet normal 0 0 -1
    outer loop
      vertex -35.9883 -43.4607 -1
      vertex -35.9883 43.4607 -1
      vertex -35.5967 43.435 -1
    endloop
  endfacet
  facet normal 0 0 -1
    outer loop
      vertex -36.3732 -43.5373 -1
      vertex -35.9883 43.4607 -1
      vertex -35.9883 -43.4607 -1
    endloop
  endfacet
  facet normal 0 0 -1
    outer loop
      vertex -36.3732 -43.5373 -1
      vertex -36.3732 43.5373 -1
      vertex -35.9883 43.4607 -1
    endloop
  endfacet
  facet normal 0 0 -1
    outer loop
      vertex -36.7448 -43.6634 -1
      vertex -36.3732 43.5373 -1
      vertex -36.3732 -43.5373 -1
    endloop
  endfacet
  facet normal 0 0 -1
    outer loop
      vertex -36.7448 -43.6634 -1
      vertex -36.7448 43.6634 -1
      vertex -36.3732 43.5373 -1
    endloop
  endfacet
  facet normal 0 0 -1
    outer loop
      vertex -37.0967 -43.837 -1
      vertex -36.7448 43.6634 -1
      vertex -36.7448 -43.6634 -1
    endloop
  endfacet
  facet normal 0 0 -1
    outer loop
      vertex -37.0967 -43.837 -1
      vertex -37.0967 43.837 -1
      vertex -36.7448 43.6634 -1
    endloop
  endfacet
  facet normal 0 0 -1
    outer loop
      vertex -37.423 -44.055 -1
      vertex -37.0967 43.837 -1
      vertex -37.0967 -43.837 -1
    endloop
  endfacet
  facet normal 0 0 -1
    outer loop
      vertex -37.423 -44.055 -1
      vertex -37.423 44.055 -1
      vertex -37.0967 43.837 -1
    endloop
  endfacet
  facet normal 0 0 -1
    outer loop
      vertex -37.7181 -44.3137 -1
      vertex -37.423 44.055 -1
      vertex -37.423 -44.055 -1
    endloop
  endfacet
  facet normal 0 0 -1
    outer loop
      vertex -37.7181 -44.3137 -1
      vertex -37.7181 44.3137 -1
      vertex -37.423 44.055 -1
    endloop
  endfacet
  facet normal 0 0 -1
    outer loop
      vertex -37.9768 -44.6087 -1
      vertex -37.7181 44.3137 -1
      vertex -37.7181 -44.3137 -1
    endloop
  endfacet
  facet normal 0 0 -1
    outer loop
      vertex -37.9768 -44.6087 -1
      vertex -37.9768 44.6087 -1
      vertex -37.7181 44.3137 -1
    endloop
  endfacet
  facet normal 0 0 -1
    outer loop
      vertex -38.1948 -44.935 -1
      vertex -37.9768 44.6087 -1
      vertex -37.9768 -44.6087 -1
    endloop
  endfacet
  facet normal 0 0 -1
    outer loop
      vertex -38.1948 -44.935 -1
      vertex -38.1948 44.935 -1
      vertex -37.9768 44.6087 -1
    endloop
  endfacet
  facet normal 0 0 -1
    outer loop
      vertex -38.3684 -45.287 -1
      vertex -38.1948 44.935 -1
      vertex -38.1948 -44.935 -1
    endloop
  endfacet
  facet normal 0 0 -1
    outer loop
      vertex -38.3684 -45.287 -1
      vertex -38.3684 45.287 -1
      vertex -38.1948 44.935 -1
    endloop
  endfacet
  facet normal 0 0 -1
    outer loop
      vertex -38.4945 -45.6586 -1
      vertex -38.3684 45.287 -1
      vertex -38.3684 -45.287 -1
    endloop
  endfacet
  facet normal 0 0 -1
    outer loop
      vertex -38.4945 -45.6586 -1
      vertex -38.4945 45.6586 -1
      vertex -38.3684 45.287 -1
    endloop
  endfacet
  facet normal 0 0 -1
    outer loop
      vertex -55 -90 -1
      vertex -38.4945 -45.6586 -1
      vertex -38.5711 -46.0435 -1
    endloop
  endfacet
  facet normal -0 0 -1
    outer loop
      vertex -38.4945 -45.6586 -1
      vertex -55 -90 -1
      vertex -38.4945 45.6586 -1
    endloop
  endfacet
  facet normal 0 0 -1
    outer loop
      vertex -55 -90 -1
      vertex -38.5711 -46.0435 -1
      vertex -38.5967 -46.435 -1
    endloop
  endfacet
  facet normal 0 0 -1
    outer loop
      vertex -55 90 -1
      vertex -38.4945 45.6586 -1
      vertex -55 -90 -1
    endloop
  endfacet
  facet normal -0 0 -1
    outer loop
      vertex 42.852 -2.77164 -1
      vertex 14.3732 -72.2357 -1
      vertex 42.5 -2.59808 -1
    endloop
  endfacet
  facet normal 0 0 -1
    outer loop
      vertex 41 0 -1
      vertex 16.5711 74.7419 -1
      vertex 16.5967 75.1335 -1
    endloop
  endfacet
  facet normal 0 0 -1
    outer loop
      vertex 13.9883 -72.1591 -1
      vertex 42.5 -2.59808 -1
      vertex 14.3732 -72.2357 -1
    endloop
  endfacet
  facet normal 0 0 -1
    outer loop
      vertex 41 0 -1
      vertex 16.4945 74.357 -1
      vertex 16.5711 74.7419 -1
    endloop
  endfacet
  facet normal -0 0 -1
    outer loop
      vertex 42.5 -2.59808 -1
      vertex 13.9883 -72.1591 -1
      vertex 42.1737 -2.38006 -1
    endloop
  endfacet
  facet normal 0 0 -1
    outer loop
      vertex 41 0 -1
      vertex 16.3684 73.9854 -1
      vertex 16.4945 74.357 -1
    endloop
  endfacet
  facet normal 0 0 -1
    outer loop
      vertex 13.5967 -72.1335 -1
      vertex 42.1737 -2.38006 -1
      vertex 13.9883 -72.1591 -1
    endloop
  endfacet
  facet normal 0 0 -1
    outer loop
      vertex 41 0 -1
      vertex 16.1948 73.6335 -1
      vertex 16.3684 73.9854 -1
    endloop
  endfacet
  facet normal -0 0 -1
    outer loop
      vertex 42.1737 -2.38006 -1
      vertex 13.5967 -72.1335 -1
      vertex 41.8787 -2.12132 -1
    endloop
  endfacet
  facet normal 0 0 -1
    outer loop
      vertex 41 0 -1
      vertex 15.9768 73.3072 -1
      vertex 16.1948 73.6335 -1
    endloop
  endfacet
  facet normal 0 0 -1
    outer loop
      vertex 13.2052 -72.1591 -1
      vertex 41.8787 -2.12132 -1
      vertex 13.5967 -72.1335 -1
    endloop
  endfacet
  facet normal 0 0 -1
    outer loop
      vertex 41 0 -1
      vertex 15.7181 73.0121 -1
      vertex 15.9768 73.3072 -1
    endloop
  endfacet
  facet normal -0 0 -1
    outer loop
      vertex 41.8787 -2.12132 -1
      vertex 13.2052 -72.1591 -1
      vertex 41.6199 -1.82628 -1
    endloop
  endfacet
  facet normal 0 0 -1
    outer loop
      vertex 41 0 -1
      vertex 15.423 72.7534 -1
      vertex 15.7181 73.0121 -1
    endloop
  endfacet
  facet normal 0 0 -1
    outer loop
      vertex -32.699 -45.6586 -1
      vertex 12.8203 -72.2357 -1
      vertex -32.6224 -46.0435 -1
    endloop
  endfacet
  facet normal 0 0 -1
    outer loop
      vertex 41 0 -1
      vertex 15.0967 72.5354 -1
      vertex 15.423 72.7534 -1
    endloop
  endfacet
  facet normal 0 0 -1
    outer loop
      vertex 12.8203 -72.2357 -1
      vertex -32.699 -45.6586 -1
      vertex 13.2052 -72.1591 -1
    endloop
  endfacet
  facet normal 0 0 -1
    outer loop
      vertex 41 0 -1
      vertex 14.7448 72.3618 -1
      vertex 15.0967 72.5354 -1
    endloop
  endfacet
  facet normal 0 0 -1
    outer loop
      vertex -32.8251 -45.287 -1
      vertex 13.2052 -72.1591 -1
      vertex -32.699 -45.6586 -1
    endloop
  endfacet
  facet normal 0 0 -1
    outer loop
      vertex 41 0 -1
      vertex 14.3732 72.2357 -1
      vertex 14.7448 72.3618 -1
    endloop
  endfacet
  facet normal 0 0 -1
    outer loop
      vertex 13.2052 -72.1591 -1
      vertex -32.8251 -45.287 -1
      vertex 41.6199 -1.82628 -1
    endloop
  endfacet
  facet normal 0 0 -1
    outer loop
      vertex 41 0 -1
      vertex 13.9883 72.1591 -1
      vertex 14.3732 72.2357 -1
    endloop
  endfacet
  facet normal -0 0 -1
    outer loop
      vertex 41.6199 -1.82628 -1
      vertex -32.8251 -45.287 -1
      vertex 41.4019 -1.5 -1
    endloop
  endfacet
  facet normal -0 0 -1
    outer loop
      vertex 41.4019 -1.5 -1
      vertex -32.9987 -44.935 -1
      vertex 41.2284 -1.14805 -1
    endloop
  endfacet
  facet normal 0 0 -1
    outer loop
      vertex -32.9987 -44.935 -1
      vertex 41.4019 -1.5 -1
      vertex -32.8251 -45.287 -1
    endloop
  endfacet
  facet normal 0 -0 -1
    outer loop
      vertex 13.2052 72.1591 -1
      vertex 41 0 -1
      vertex -32.5967 46.435 -1
    endloop
  endfacet
  facet normal 0 0 -1
    outer loop
      vertex 12.4487 -72.3618 -1
      vertex -32.6224 -46.0435 -1
      vertex 12.8203 -72.2357 -1
    endloop
  endfacet
  facet normal 0 0 -1
    outer loop
      vertex 41 0 -1
      vertex 13.5967 72.1335 -1
      vertex 13.9883 72.1591 -1
    endloop
  endfacet
  facet normal 0 0 -1
    outer loop
      vertex -32.6224 -46.0435 -1
      vertex 12.4487 -72.3618 -1
      vertex -32.5967 -46.435 -1
    endloop
  endfacet
  facet normal 0 0 -1
    outer loop
      vertex 41 0 -1
      vertex 13.2052 72.1591 -1
      vertex 13.5967 72.1335 -1
    endloop
  endfacet
  facet normal 0 0 -1
    outer loop
      vertex -32.5967 -46.435 -1
      vertex 12.4487 -72.3618 -1
      vertex 12.0967 -72.5354 -1
    endloop
  endfacet
  facet normal -0 0 -1
    outer loop
      vertex 13.2052 72.1591 -1
      vertex -32.5967 46.435 -1
      vertex 12.8203 72.2357 -1
    endloop
  endfacet
  facet normal 0 0 -1
    outer loop
      vertex -32.5967 -46.435 -1
      vertex 12.0967 -72.5354 -1
      vertex 11.7705 -72.7534 -1
    endloop
  endfacet
  facet normal -0 0 -1
    outer loop
      vertex 12.8203 72.2357 -1
      vertex -32.5967 46.435 -1
      vertex 12.4487 72.3618 -1
    endloop
  endfacet
  facet normal 0 0 -1
    outer loop
      vertex -32.699 -47.2115 -1
      vertex 11.7705 -72.7534 -1
      vertex 11.4754 -73.0121 -1
    endloop
  endfacet
  facet normal -0 0 -1
    outer loop
      vertex 12.4487 72.3618 -1
      vertex -32.5967 46.435 -1
      vertex 12.0967 72.5354 -1
    endloop
  endfacet
  facet normal 0 0 -1
    outer loop
      vertex -32.8251 -47.5831 -1
      vertex 11.4754 -73.0121 -1
      vertex 11.2167 -73.3072 -1
    endloop
  endfacet
  facet normal -0 0 -1
    outer loop
      vertex 12.0967 72.5354 -1
      vertex -32.5967 46.435 -1
      vertex 11.7705 72.7534 -1
    endloop
  endfacet
  facet normal 0 0 -1
    outer loop
      vertex -32.9987 -47.935 -1
      vertex 11.2167 -73.3072 -1
      vertex 10.9987 -73.6335 -1
    endloop
  endfacet
  facet normal 0 0 -1
    outer loop
      vertex -32.6224 46.8266 -1
      vertex 11.7705 72.7534 -1
      vertex -32.5967 46.435 -1
    endloop
  endfacet
  facet normal 0 0 -1
    outer loop
      vertex -33.2167 -48.2613 -1
      vertex 10.9987 -73.6335 -1
      vertex 10.8251 -73.9854 -1
    endloop
  endfacet
  facet normal 0 0 -1
    outer loop
      vertex -32.699 47.2115 -1
      vertex 11.7705 72.7534 -1
      vertex -32.6224 46.8266 -1
    endloop
  endfacet
  facet normal 0 0 -1
    outer loop
      vertex -33.4754 -48.5564 -1
      vertex 10.8251 -73.9854 -1
      vertex 10.699 -74.357 -1
    endloop
  endfacet
  facet normal -0 0 -1
    outer loop
      vertex 11.7705 72.7534 -1
      vertex -32.699 47.2115 -1
      vertex 11.4754 73.0121 -1
    endloop
  endfacet
  facet normal 0 0 -1
    outer loop
      vertex -33.7705 -48.8151 -1
      vertex 10.699 -74.357 -1
      vertex 10.6224 -74.7419 -1
    endloop
  endfacet
  facet normal 0 0 -1
    outer loop
      vertex -32.8251 47.5831 -1
      vertex 11.4754 73.0121 -1
      vertex -32.699 47.2115 -1
    endloop
  endfacet
  facet normal 0 0 -1
    outer loop
      vertex -33.7705 -48.8151 -1
      vertex 10.6224 -74.7419 -1
      vertex 10.5967 -75.1335 -1
    endloop
  endfacet
  facet normal -0 0 -1
    outer loop
      vertex 11.4754 73.0121 -1
      vertex -32.8251 47.5831 -1
      vertex 11.2167 73.3072 -1
    endloop
  endfacet
  facet normal 0 0 -1
    outer loop
      vertex 55 -90 -1
      vertex 47 0 -1
      vertex 55 90 -1
    endloop
  endfacet
  facet normal 0 0 -1
    outer loop
      vertex 55 -90 -1
      vertex 46.9743 -0.391578 -1
      vertex 47 0 -1
    endloop
  endfacet
  facet normal 0 0 -1
    outer loop
      vertex 55 -90 -1
      vertex 46.8978 -0.776457 -1
      vertex 46.9743 -0.391578 -1
    endloop
  endfacet
  facet normal 0 0 -1
    outer loop
      vertex 55 -90 -1
      vertex 46.7716 -1.14805 -1
      vertex 46.8978 -0.776457 -1
    endloop
  endfacet
  facet normal 0 0 -1
    outer loop
      vertex 55 -90 -1
      vertex 46.5981 -1.5 -1
      vertex 46.7716 -1.14805 -1
    endloop
  endfacet
  facet normal 0 0 -1
    outer loop
      vertex 55 -90 -1
      vertex 46.3801 -1.82628 -1
      vertex 46.5981 -1.5 -1
    endloop
  endfacet
  facet normal 0 0 -1
    outer loop
      vertex 55 -90 -1
      vertex 46.1213 -2.12132 -1
      vertex 46.3801 -1.82628 -1
    endloop
  endfacet
  facet normal 0 0 -1
    outer loop
      vertex 55 -90 -1
      vertex 45.8263 -2.38006 -1
      vertex 46.1213 -2.12132 -1
    endloop
  endfacet
  facet normal 0 0 -1
    outer loop
      vertex 55 -90 -1
      vertex 45.5 -2.59808 -1
      vertex 45.8263 -2.38006 -1
    endloop
  endfacet
  facet normal 0 0 -1
    outer loop
      vertex 55 -90 -1
      vertex 45.148 -2.77164 -1
      vertex 45.5 -2.59808 -1
    endloop
  endfacet
  facet normal 0 0 -1
    outer loop
      vertex 55 -90 -1
      vertex 44.7765 -2.89778 -1
      vertex 45.148 -2.77164 -1
    endloop
  endfacet
  facet normal 0 0 -1
    outer loop
      vertex 55 -90 -1
      vertex 44.3916 -2.97433 -1
      vertex 44.7765 -2.89778 -1
    endloop
  endfacet
  facet normal 0 0 -1
    outer loop
      vertex 16.5711 -74.7419 -1
      vertex 55 -90 -1
      vertex 16.5967 -75.1335 -1
    endloop
  endfacet
  facet normal 0 0 -1
    outer loop
      vertex 16.4945 -74.357 -1
      vertex 55 -90 -1
      vertex 16.5711 -74.7419 -1
    endloop
  endfacet
  facet normal 0 0 -1
    outer loop
      vertex 16.3684 -73.9854 -1
      vertex 55 -90 -1
      vertex 16.4945 -74.357 -1
    endloop
  endfacet
  facet normal 0 0 -1
    outer loop
      vertex 16.1948 -73.6335 -1
      vertex 55 -90 -1
      vertex 16.3684 -73.9854 -1
    endloop
  endfacet
  facet normal 0 0 -1
    outer loop
      vertex 15.9768 -73.3072 -1
      vertex 55 -90 -1
      vertex 16.1948 -73.6335 -1
    endloop
  endfacet
  facet normal 0 0 -1
    outer loop
      vertex 55 -90 -1
      vertex 15.9768 -73.3072 -1
      vertex 44.3916 -2.97433 -1
    endloop
  endfacet
  facet normal 0 0 -1
    outer loop
      vertex 15.7181 -73.0121 -1
      vertex 44.3916 -2.97433 -1
      vertex 15.9768 -73.3072 -1
    endloop
  endfacet
  facet normal 0 0 -1
    outer loop
      vertex 44.3916 -2.97433 -1
      vertex 15.7181 -73.0121 -1
      vertex 44 -3 -1
    endloop
  endfacet
  facet normal 0 0 -1
    outer loop
      vertex 15.423 -72.7534 -1
      vertex 44 -3 -1
      vertex 15.7181 -73.0121 -1
    endloop
  endfacet
  facet normal -0 0 -1
    outer loop
      vertex 44 -3 -1
      vertex 15.423 -72.7534 -1
      vertex 43.6084 -2.97433 -1
    endloop
  endfacet
  facet normal 0 0 -1
    outer loop
      vertex 15.0967 -72.5354 -1
      vertex 43.6084 -2.97433 -1
      vertex 15.423 -72.7534 -1
    endloop
  endfacet
  facet normal -0 0 -1
    outer loop
      vertex 43.6084 -2.97433 -1
      vertex 15.0967 -72.5354 -1
      vertex 43.2235 -2.89778 -1
    endloop
  endfacet
  facet normal -0 0 -1
    outer loop
      vertex 43.2235 -2.89778 -1
      vertex 14.7448 -72.3618 -1
      vertex 42.852 -2.77164 -1
    endloop
  endfacet
  facet normal 0 0 -1
    outer loop
      vertex 14.7448 -72.3618 -1
      vertex 43.2235 -2.89778 -1
      vertex 15.0967 -72.5354 -1
    endloop
  endfacet
  facet normal 0 0 -1
    outer loop
      vertex 55 -90 -1
      vertex 16.5711 -75.525 -1
      vertex 16.5967 -75.1335 -1
    endloop
  endfacet
  facet normal 0 0 -1
    outer loop
      vertex 55 -90 -1
      vertex 16.4945 -75.9099 -1
      vertex 16.5711 -75.525 -1
    endloop
  endfacet
  facet normal 0 0 -1
    outer loop
      vertex 55 -90 -1
      vertex 16.3684 -76.2815 -1
      vertex 16.4945 -75.9099 -1
    endloop
  endfacet
  facet normal 0 0 -1
    outer loop
      vertex 55 -90 -1
      vertex 16.1948 -76.6335 -1
      vertex 16.3684 -76.2815 -1
    endloop
  endfacet
  facet normal 0 0 -1
    outer loop
      vertex 55 -90 -1
      vertex 15.9768 -76.9597 -1
      vertex 16.1948 -76.6335 -1
    endloop
  endfacet
  facet normal 0 0 -1
    outer loop
      vertex 55 -90 -1
      vertex 15.7181 -77.2548 -1
      vertex 15.9768 -76.9597 -1
    endloop
  endfacet
  facet normal 0 0 -1
    outer loop
      vertex 55 -90 -1
      vertex 15.423 -77.5135 -1
      vertex 15.7181 -77.2548 -1
    endloop
  endfacet
  facet normal 0 0 -1
    outer loop
      vertex 55 -90 -1
      vertex 15.0967 -77.7315 -1
      vertex 15.423 -77.5135 -1
    endloop
  endfacet
  facet normal 0 0 -1
    outer loop
      vertex 55 -90 -1
      vertex 14.7448 -77.9051 -1
      vertex 15.0967 -77.7315 -1
    endloop
  endfacet
  facet normal 0 0 -1
    outer loop
      vertex 55 -90 -1
      vertex 14.3732 -78.0312 -1
      vertex 14.7448 -77.9051 -1
    endloop
  endfacet
  facet normal 0 0 -1
    outer loop
      vertex 55 -90 -1
      vertex 13.9883 -78.1078 -1
      vertex 14.3732 -78.0312 -1
    endloop
  endfacet
  facet normal 0 0 -1
    outer loop
      vertex 55 -90 -1
      vertex 13.5967 -78.1335 -1
      vertex 13.9883 -78.1078 -1
    endloop
  endfacet
  facet normal 0 0 -1
    outer loop
      vertex 55 -90 -1
      vertex 13.2052 -78.1078 -1
      vertex 13.5967 -78.1335 -1
    endloop
  endfacet
  facet normal 0 0 -1
    outer loop
      vertex -55 -90 -1
      vertex 13.2052 -78.1078 -1
      vertex 55 -90 -1
    endloop
  endfacet
  facet normal 0 0 -1
    outer loop
      vertex -32.9987 47.935 -1
      vertex 11.2167 73.3072 -1
      vertex -32.8251 47.5831 -1
    endloop
  endfacet
  facet normal 0 0 -1
    outer loop
      vertex -34.0967 -49.0331 -1
      vertex 10.5967 -75.1335 -1
      vertex 10.6224 -75.525 -1
    endloop
  endfacet
  facet normal 0 0 -1
    outer loop
      vertex -55 -90 -1
      vertex 10.6224 -75.525 -1
      vertex 10.699 -75.9099 -1
    endloop
  endfacet
  facet normal 0 0 -1
    outer loop
      vertex -55 -90 -1
      vertex 10.699 -75.9099 -1
      vertex 10.8251 -76.2815 -1
    endloop
  endfacet
  facet normal 0 0 -1
    outer loop
      vertex -55 -90 -1
      vertex 10.8251 -76.2815 -1
      vertex 10.9987 -76.6335 -1
    endloop
  endfacet
  facet normal 0 0 -1
    outer loop
      vertex -55 -90 -1
      vertex 10.9987 -76.6335 -1
      vertex 11.2167 -76.9597 -1
    endloop
  endfacet
  facet normal 0 0 -1
    outer loop
      vertex -55 -90 -1
      vertex 11.2167 -76.9597 -1
      vertex 11.4754 -77.2548 -1
    endloop
  endfacet
  facet normal 0 0 -1
    outer loop
      vertex -55 -90 -1
      vertex 11.4754 -77.2548 -1
      vertex 11.7705 -77.5135 -1
    endloop
  endfacet
  facet normal 0 0 -1
    outer loop
      vertex 11.7705 -72.7534 -1
      vertex -32.6224 -46.8266 -1
      vertex -32.5967 -46.435 -1
    endloop
  endfacet
  facet normal 0 0 -1
    outer loop
      vertex 11.7705 -72.7534 -1
      vertex -32.699 -47.2115 -1
      vertex -32.6224 -46.8266 -1
    endloop
  endfacet
  facet normal 0 0 -1
    outer loop
      vertex 11.4754 -73.0121 -1
      vertex -32.8251 -47.5831 -1
      vertex -32.699 -47.2115 -1
    endloop
  endfacet
  facet normal 0 0 -1
    outer loop
      vertex 11.2167 -73.3072 -1
      vertex -32.9987 -47.935 -1
      vertex -32.8251 -47.5831 -1
    endloop
  endfacet
  facet normal 0 0 -1
    outer loop
      vertex -55 -90 -1
      vertex 11.7705 -77.5135 -1
      vertex 12.0967 -77.7315 -1
    endloop
  endfacet
  facet normal 0 0 -1
    outer loop
      vertex 10.9987 -73.6335 -1
      vertex -33.2167 -48.2613 -1
      vertex -32.9987 -47.935 -1
    endloop
  endfacet
  facet normal 0 0 -1
    outer loop
      vertex 10.8251 -73.9854 -1
      vertex -33.4754 -48.5564 -1
      vertex -33.2167 -48.2613 -1
    endloop
  endfacet
  facet normal 0 0 -1
    outer loop
      vertex 10.699 -74.357 -1
      vertex -33.7705 -48.8151 -1
      vertex -33.4754 -48.5564 -1
    endloop
  endfacet
  facet normal 0 0 -1
    outer loop
      vertex 10.5967 -75.1335 -1
      vertex -34.0967 -49.0331 -1
      vertex -33.7705 -48.8151 -1
    endloop
  endfacet
  facet normal 0 0 -1
    outer loop
      vertex 10.6224 -75.525 -1
      vertex -34.4487 -49.2067 -1
      vertex -34.0967 -49.0331 -1
    endloop
  endfacet
  facet normal -0 0 -1
    outer loop
      vertex 10.6224 -75.525 -1
      vertex -55 -90 -1
      vertex -34.4487 -49.2067 -1
    endloop
  endfacet
  facet normal 0 0 -1
    outer loop
      vertex -34.4487 -49.2067 -1
      vertex -55 -90 -1
      vertex -34.8203 -49.3328 -1
    endloop
  endfacet
  facet normal 0 0 -1
    outer loop
      vertex -34.8203 -49.3328 -1
      vertex -55 -90 -1
      vertex -35.2052 -49.4094 -1
    endloop
  endfacet
  facet normal 0 0 -1
    outer loop
      vertex -35.2052 -49.4094 -1
      vertex -55 -90 -1
      vertex -35.5967 -49.435 -1
    endloop
  endfacet
  facet normal -0 0 -1
    outer loop
      vertex -35.5967 -49.435 -1
      vertex -55 -90 -1
      vertex -35.9883 -49.4094 -1
    endloop
  endfacet
  facet normal -0 0 -1
    outer loop
      vertex -35.9883 -49.4094 -1
      vertex -55 -90 -1
      vertex -36.3732 -49.3328 -1
    endloop
  endfacet
  facet normal -0 0 -1
    outer loop
      vertex -36.3732 -49.3328 -1
      vertex -55 -90 -1
      vertex -36.7448 -49.2067 -1
    endloop
  endfacet
  facet normal 0 0 -1
    outer loop
      vertex -38.4945 45.6586 -1
      vertex -55 90 -1
      vertex -38.5711 46.0435 -1
    endloop
  endfacet
  facet normal -0 0 -1
    outer loop
      vertex -38.5711 -46.8266 -1
      vertex -55 -90 -1
      vertex -38.5967 -46.435 -1
    endloop
  endfacet
  facet normal -0 0 -1
    outer loop
      vertex -38.4945 -47.2115 -1
      vertex -55 -90 -1
      vertex -38.5711 -46.8266 -1
    endloop
  endfacet
  facet normal -0 0 -1
    outer loop
      vertex -38.3684 -47.5831 -1
      vertex -55 -90 -1
      vertex -38.4945 -47.2115 -1
    endloop
  endfacet
  facet normal -0 0 -1
    outer loop
      vertex -38.1948 -47.935 -1
      vertex -55 -90 -1
      vertex -38.3684 -47.5831 -1
    endloop
  endfacet
  facet normal -0 0 -1
    outer loop
      vertex -37.9768 -48.2613 -1
      vertex -55 -90 -1
      vertex -38.1948 -47.935 -1
    endloop
  endfacet
  facet normal -0 0 -1
    outer loop
      vertex -37.7181 -48.5564 -1
      vertex -55 -90 -1
      vertex -37.9768 -48.2613 -1
    endloop
  endfacet
  facet normal -0 0 -1
    outer loop
      vertex -37.423 -48.8151 -1
      vertex -55 -90 -1
      vertex -37.7181 -48.5564 -1
    endloop
  endfacet
  facet normal -0 0 -1
    outer loop
      vertex -37.0967 -49.0331 -1
      vertex -55 -90 -1
      vertex -37.423 -48.8151 -1
    endloop
  endfacet
  facet normal -0 0 -1
    outer loop
      vertex -36.7448 -49.2067 -1
      vertex -55 -90 -1
      vertex -37.0967 -49.0331 -1
    endloop
  endfacet
  facet normal -0 0 -1
    outer loop
      vertex 12.4487 -77.9051 -1
      vertex -55 -90 -1
      vertex 12.0967 -77.7315 -1
    endloop
  endfacet
  facet normal -0 0 -1
    outer loop
      vertex 12.8203 -78.0312 -1
      vertex -55 -90 -1
      vertex 12.4487 -77.9051 -1
    endloop
  endfacet
  facet normal -0 0 -1
    outer loop
      vertex 13.2052 -78.1078 -1
      vertex -55 -90 -1
      vertex 12.8203 -78.0312 -1
    endloop
  endfacet
  facet normal 0 0 -1
    outer loop
      vertex 46.9743 0.391578 -1
      vertex 55 90 -1
      vertex 47 0 -1
    endloop
  endfacet
  facet normal 0 0 -1
    outer loop
      vertex 46.8978 0.776457 -1
      vertex 55 90 -1
      vertex 46.9743 0.391578 -1
    endloop
  endfacet
  facet normal 0 0 -1
    outer loop
      vertex 46.7716 1.14805 -1
      vertex 55 90 -1
      vertex 46.8978 0.776457 -1
    endloop
  endfacet
  facet normal 0 0 -1
    outer loop
      vertex 46.5981 1.5 -1
      vertex 55 90 -1
      vertex 46.7716 1.14805 -1
    endloop
  endfacet
  facet normal 0 0 -1
    outer loop
      vertex 46.3801 1.82628 -1
      vertex 55 90 -1
      vertex 46.5981 1.5 -1
    endloop
  endfacet
  facet normal 0 0 -1
    outer loop
      vertex 46.1213 2.12132 -1
      vertex 55 90 -1
      vertex 46.3801 1.82628 -1
    endloop
  endfacet
  facet normal 0 0 -1
    outer loop
      vertex 45.8263 2.38006 -1
      vertex 55 90 -1
      vertex 46.1213 2.12132 -1
    endloop
  endfacet
  facet normal 0 0 -1
    outer loop
      vertex 45.5 2.59808 -1
      vertex 55 90 -1
      vertex 45.8263 2.38006 -1
    endloop
  endfacet
  facet normal 0 0 -1
    outer loop
      vertex 45.148 2.77164 -1
      vertex 55 90 -1
      vertex 45.5 2.59808 -1
    endloop
  endfacet
  facet normal 0 0 -1
    outer loop
      vertex 44.7765 2.89778 -1
      vertex 55 90 -1
      vertex 45.148 2.77164 -1
    endloop
  endfacet
  facet normal 0 0 -1
    outer loop
      vertex 44.3916 2.97433 -1
      vertex 55 90 -1
      vertex 44.7765 2.89778 -1
    endloop
  endfacet
  facet normal 0 0 -1
    outer loop
      vertex 16.5967 75.1335 -1
      vertex 44.3916 2.97433 -1
      vertex 44 3 -1
    endloop
  endfacet
  facet normal 0 0 -1
    outer loop
      vertex 16.5967 75.1335 -1
      vertex 44 3 -1
      vertex 43.6084 2.97433 -1
    endloop
  endfacet
  facet normal 0 0 -1
    outer loop
      vertex 16.5967 75.1335 -1
      vertex 43.6084 2.97433 -1
      vertex 43.2235 2.89778 -1
    endloop
  endfacet
  facet normal 0 0 -1
    outer loop
      vertex 16.5967 75.1335 -1
      vertex 43.2235 2.89778 -1
      vertex 42.852 2.77164 -1
    endloop
  endfacet
  facet normal 0 0 -1
    outer loop
      vertex 16.5967 75.1335 -1
      vertex 42.852 2.77164 -1
      vertex 42.5 2.59808 -1
    endloop
  endfacet
  facet normal 0 0 -1
    outer loop
      vertex 16.5967 75.1335 -1
      vertex 42.5 2.59808 -1
      vertex 42.1737 2.38006 -1
    endloop
  endfacet
  facet normal 0 0 -1
    outer loop
      vertex 16.5967 75.1335 -1
      vertex 42.1737 2.38006 -1
      vertex 41.8787 2.12132 -1
    endloop
  endfacet
  facet normal 0 0 -1
    outer loop
      vertex 16.5967 75.1335 -1
      vertex 41.8787 2.12132 -1
      vertex 41.6199 1.82628 -1
    endloop
  endfacet
  facet normal 0 0 -1
    outer loop
      vertex 16.5967 75.1335 -1
      vertex 41.6199 1.82628 -1
      vertex 41.4019 1.5 -1
    endloop
  endfacet
  facet normal 0 0 -1
    outer loop
      vertex 16.5967 75.1335 -1
      vertex 41.4019 1.5 -1
      vertex 41.2284 1.14805 -1
    endloop
  endfacet
  facet normal 0 0 -1
    outer loop
      vertex 16.5967 75.1335 -1
      vertex 41.2284 1.14805 -1
      vertex 41.1022 0.776457 -1
    endloop
  endfacet
  facet normal 0 0 -1
    outer loop
      vertex 16.5967 75.1335 -1
      vertex 41.1022 0.776457 -1
      vertex 41.0257 0.391578 -1
    endloop
  endfacet
  facet normal 0 0 -1
    outer loop
      vertex 14.3732 -72.2357 -1
      vertex 42.852 -2.77164 -1
      vertex 14.7448 -72.3618 -1
    endloop
  endfacet
  facet normal 0 0 -1
    outer loop
      vertex 41 0 -1
      vertex 16.5967 75.1335 -1
      vertex 41.0257 0.391578 -1
    endloop
  endfacet
  facet normal 0 0 -1
    outer loop
      vertex 44.3916 2.97433 -1
      vertex 16.5967 75.1335 -1
      vertex 55 90 -1
    endloop
  endfacet
  facet normal 0 0 -1
    outer loop
      vertex 16.5711 75.525 -1
      vertex 55 90 -1
      vertex 16.5967 75.1335 -1
    endloop
  endfacet
  facet normal 0 0 -1
    outer loop
      vertex 16.4945 75.9099 -1
      vertex 55 90 -1
      vertex 16.5711 75.525 -1
    endloop
  endfacet
  facet normal 0 0 -1
    outer loop
      vertex 16.3684 76.2815 -1
      vertex 55 90 -1
      vertex 16.4945 75.9099 -1
    endloop
  endfacet
  facet normal 0 0 -1
    outer loop
      vertex 16.1948 76.6335 -1
      vertex 55 90 -1
      vertex 16.3684 76.2815 -1
    endloop
  endfacet
  facet normal 0 0 -1
    outer loop
      vertex 15.9768 76.9597 -1
      vertex 55 90 -1
      vertex 16.1948 76.6335 -1
    endloop
  endfacet
  facet normal 0 0 -1
    outer loop
      vertex 15.7181 77.2548 -1
      vertex 55 90 -1
      vertex 15.9768 76.9597 -1
    endloop
  endfacet
  facet normal 0 0 -1
    outer loop
      vertex 15.423 77.5135 -1
      vertex 55 90 -1
      vertex 15.7181 77.2548 -1
    endloop
  endfacet
  facet normal 0 0 -1
    outer loop
      vertex 15.0967 77.7315 -1
      vertex 55 90 -1
      vertex 15.423 77.5135 -1
    endloop
  endfacet
  facet normal 0 0 -1
    outer loop
      vertex 14.7448 77.9051 -1
      vertex 55 90 -1
      vertex 15.0967 77.7315 -1
    endloop
  endfacet
  facet normal 0 0 -1
    outer loop
      vertex 14.3732 78.0312 -1
      vertex 55 90 -1
      vertex 14.7448 77.9051 -1
    endloop
  endfacet
  facet normal 0 0 -1
    outer loop
      vertex 13.9883 78.1078 -1
      vertex 55 90 -1
      vertex 14.3732 78.0312 -1
    endloop
  endfacet
  facet normal 0 0 -1
    outer loop
      vertex 13.5967 78.1335 -1
      vertex 55 90 -1
      vertex 13.9883 78.1078 -1
    endloop
  endfacet
  facet normal 0 0 -1
    outer loop
      vertex 13.2052 78.1078 -1
      vertex 55 90 -1
      vertex 13.5967 78.1335 -1
    endloop
  endfacet
  facet normal 0 0 -1
    outer loop
      vertex -55 90 -1
      vertex 13.2052 78.1078 -1
      vertex 12.8203 78.0312 -1
    endloop
  endfacet
  facet normal -0 0 -1
    outer loop
      vertex 11.2167 73.3072 -1
      vertex -32.9987 47.935 -1
      vertex 10.9987 73.6335 -1
    endloop
  endfacet
  facet normal 0 0 -1
    outer loop
      vertex -33.2167 48.2613 -1
      vertex 10.9987 73.6335 -1
      vertex -32.9987 47.935 -1
    endloop
  endfacet
  facet normal -0 0 -1
    outer loop
      vertex 10.9987 73.6335 -1
      vertex -33.2167 48.2613 -1
      vertex 10.8251 73.9854 -1
    endloop
  endfacet
  facet normal 0 0 -1
    outer loop
      vertex -33.4754 48.5564 -1
      vertex 10.8251 73.9854 -1
      vertex -33.2167 48.2613 -1
    endloop
  endfacet
  facet normal -0 0 -1
    outer loop
      vertex 10.8251 73.9854 -1
      vertex -33.4754 48.5564 -1
      vertex 10.699 74.357 -1
    endloop
  endfacet
  facet normal 0 0 -1
    outer loop
      vertex -33.7705 48.8151 -1
      vertex 10.699 74.357 -1
      vertex -33.4754 48.5564 -1
    endloop
  endfacet
  facet normal -0 0 -1
    outer loop
      vertex 10.699 74.357 -1
      vertex -33.7705 48.8151 -1
      vertex 10.6224 74.7419 -1
    endloop
  endfacet
  facet normal -0 0 -1
    outer loop
      vertex 10.6224 74.7419 -1
      vertex -33.7705 48.8151 -1
      vertex 10.5967 75.1335 -1
    endloop
  endfacet
  facet normal 0 0 -1
    outer loop
      vertex -34.0967 49.0331 -1
      vertex 10.5967 75.1335 -1
      vertex -33.7705 48.8151 -1
    endloop
  endfacet
  facet normal -0 0 -1
    outer loop
      vertex 10.5967 75.1335 -1
      vertex -34.0967 49.0331 -1
      vertex 10.6224 75.525 -1
    endloop
  endfacet
  facet normal 0 0 -1
    outer loop
      vertex -34.4487 49.2067 -1
      vertex 10.6224 75.525 -1
      vertex -34.0967 49.0331 -1
    endloop
  endfacet
  facet normal 0 0 -1
    outer loop
      vertex -55 90 -1
      vertex 10.6224 75.525 -1
      vertex -34.4487 49.2067 -1
    endloop
  endfacet
  facet normal 0 0 -1
    outer loop
      vertex 10.6224 75.525 -1
      vertex -55 90 -1
      vertex 10.699 75.9099 -1
    endloop
  endfacet
  facet normal 0 0 -1
    outer loop
      vertex 10.699 75.9099 -1
      vertex -55 90 -1
      vertex 10.8251 76.2815 -1
    endloop
  endfacet
  facet normal 0 0 -1
    outer loop
      vertex 10.8251 76.2815 -1
      vertex -55 90 -1
      vertex 10.9987 76.6335 -1
    endloop
  endfacet
  facet normal 0 0 -1
    outer loop
      vertex 10.9987 76.6335 -1
      vertex -55 90 -1
      vertex 11.2167 76.9597 -1
    endloop
  endfacet
  facet normal 0 0 -1
    outer loop
      vertex 11.2167 76.9597 -1
      vertex -55 90 -1
      vertex 11.4754 77.2548 -1
    endloop
  endfacet
  facet normal 0 0 -1
    outer loop
      vertex 11.4754 77.2548 -1
      vertex -55 90 -1
      vertex 11.7705 77.5135 -1
    endloop
  endfacet
  facet normal 0 0 -1
    outer loop
      vertex -55 90 -1
      vertex -34.4487 49.2067 -1
      vertex -34.8203 49.3328 -1
    endloop
  endfacet
  facet normal 0 0 -1
    outer loop
      vertex -55 90 -1
      vertex -34.8203 49.3328 -1
      vertex -35.2052 49.4094 -1
    endloop
  endfacet
  facet normal 0 0 -1
    outer loop
      vertex -55 90 -1
      vertex -35.2052 49.4094 -1
      vertex -35.5967 49.435 -1
    endloop
  endfacet
  facet normal 0 0 -1
    outer loop
      vertex -55 90 -1
      vertex -35.5967 49.435 -1
      vertex -35.9883 49.4094 -1
    endloop
  endfacet
  facet normal 0 0 -1
    outer loop
      vertex -55 90 -1
      vertex -35.9883 49.4094 -1
      vertex -36.3732 49.3328 -1
    endloop
  endfacet
  facet normal 0 0 -1
    outer loop
      vertex -55 90 -1
      vertex -36.3732 49.3328 -1
      vertex -36.7448 49.2067 -1
    endloop
  endfacet
  facet normal 0 0 -1
    outer loop
      vertex -55 90 -1
      vertex -36.7448 49.2067 -1
      vertex -37.0967 49.0331 -1
    endloop
  endfacet
  facet normal 0 0 -1
    outer loop
      vertex -38.5711 46.0435 -1
      vertex -55 90 -1
      vertex -38.5967 46.435 -1
    endloop
  endfacet
  facet normal 0 0 -1
    outer loop
      vertex 13.2052 78.1078 -1
      vertex -55 90 -1
      vertex 55 90 -1
    endloop
  endfacet
  facet normal 0 0 -1
    outer loop
      vertex 12.4487 77.9051 -1
      vertex -55 90 -1
      vertex 12.8203 78.0312 -1
    endloop
  endfacet
  facet normal 0 0 -1
    outer loop
      vertex 12.0967 77.7315 -1
      vertex -55 90 -1
      vertex 12.4487 77.9051 -1
    endloop
  endfacet
  facet normal 0 0 -1
    outer loop
      vertex 11.7705 77.5135 -1
      vertex -55 90 -1
      vertex 12.0967 77.7315 -1
    endloop
  endfacet
  facet normal 0 0 -1
    outer loop
      vertex -37.423 48.8151 -1
      vertex -55 90 -1
      vertex -37.0967 49.0331 -1
    endloop
  endfacet
  facet normal 0 0 -1
    outer loop
      vertex -37.7181 48.5564 -1
      vertex -55 90 -1
      vertex -37.423 48.8151 -1
    endloop
  endfacet
  facet normal 0 0 -1
    outer loop
      vertex -37.9768 48.2613 -1
      vertex -55 90 -1
      vertex -37.7181 48.5564 -1
    endloop
  endfacet
  facet normal 0 0 -1
    outer loop
      vertex -38.1948 47.935 -1
      vertex -55 90 -1
      vertex -37.9768 48.2613 -1
    endloop
  endfacet
  facet normal 0 0 -1
    outer loop
      vertex -38.3684 47.5831 -1
      vertex -55 90 -1
      vertex -38.1948 47.935 -1
    endloop
  endfacet
  facet normal 0 0 -1
    outer loop
      vertex -38.4945 47.2115 -1
      vertex -55 90 -1
      vertex -38.3684 47.5831 -1
    endloop
  endfacet
  facet normal 0 0 -1
    outer loop
      vertex -38.5711 46.8266 -1
      vertex -55 90 -1
      vertex -38.4945 47.2115 -1
    endloop
  endfacet
  facet normal 0 0 -1
    outer loop
      vertex -38.5967 46.435 -1
      vertex -55 90 -1
      vertex -38.5711 46.8266 -1
    endloop
  endfacet
  facet normal -1 0 0
    outer loop
      vertex -55 -90 -1
      vertex -55 90 1
      vertex -55 90 -1
    endloop
  endfacet
  facet normal -1 -0 0
    outer loop
      vertex -55 90 1
      vertex -55 -90 -1
      vertex -55 -90 1
    endloop
  endfacet
  facet normal 0 1 -0
    outer loop
      vertex 55 90 -1
      vertex -55 90 1
      vertex 55 90 1
    endloop
  endfacet
  facet normal 0 1 0
    outer loop
      vertex -55 90 1
      vertex 55 90 -1
      vertex -55 90 -1
    endloop
  endfacet
  facet normal 0 -1 0
    outer loop
      vertex -55 -90 -1
      vertex 55 -90 1
      vertex -55 -90 1
    endloop
  endfacet
  facet normal 0 -1 -0
    outer loop
      vertex 55 -90 1
      vertex -55 -90 -1
      vertex 55 -90 -1
    endloop
  endfacet
  facet normal -0.980813 -0.19495 0
    outer loop
      vertex 46.9743 0.391578 -1
      vertex 46.8978 0.776457 1
      vertex 46.8978 0.776457 -1
    endloop
  endfacet
  facet normal -0.980813 -0.19495 0
    outer loop
      vertex 46.8978 0.776457 1
      vertex 46.9743 0.391578 -1
      vertex 46.9743 0.391578 1
    endloop
  endfacet
  facet normal -0.997853 -0.065491 0
    outer loop
      vertex 47 0 -1
      vertex 46.9743 0.391578 1
      vertex 46.9743 0.391578 -1
    endloop
  endfacet
  facet normal -0.997853 -0.065491 0
    outer loop
      vertex 46.9743 0.391578 1
      vertex 47 0 -1
      vertex 47 0 1
    endloop
  endfacet
  facet normal 0.555558 -0.831477 0
    outer loop
      vertex 42.1737 2.38006 -1
      vertex 42.5 2.59808 1
      vertex 42.1737 2.38006 1
    endloop
  endfacet
  facet normal 0.555558 -0.831477 0
    outer loop
      vertex 42.5 2.59808 1
      vertex 42.1737 2.38006 -1
      vertex 42.5 2.59808 -1
    endloop
  endfacet
  facet normal -0.442233 -0.8969 0
    outer loop
      vertex 45.148 2.77164 -1
      vertex 45.5 2.59808 1
      vertex 45.148 2.77164 1
    endloop
  endfacet
  facet normal -0.442233 -0.8969 -0
    outer loop
      vertex 45.5 2.59808 1
      vertex 45.148 2.77164 -1
      vertex 45.5 2.59808 -1
    endloop
  endfacet
  facet normal 0.896936 0.44216 0
    outer loop
      vertex 41.4019 -1.5 1
      vertex 41.2284 -1.14805 -1
      vertex 41.2284 -1.14805 1
    endloop
  endfacet
  facet normal 0.896936 0.44216 0
    outer loop
      vertex 41.2284 -1.14805 -1
      vertex 41.4019 -1.5 1
      vertex 41.4019 -1.5 -1
    endloop
  endfacet
  facet normal -0.321514 -0.946905 0
    outer loop
      vertex 44.7765 2.89778 -1
      vertex 45.148 2.77164 1
      vertex 44.7765 2.89778 1
    endloop
  endfacet
  facet normal -0.321514 -0.946905 -0
    outer loop
      vertex 45.148 2.77164 1
      vertex 44.7765 2.89778 -1
      vertex 45.148 2.77164 -1
    endloop
  endfacet
  facet normal -0.946883 0.321579 0
    outer loop
      vertex 46.7716 -1.14805 -1
      vertex 46.8978 -0.776457 1
      vertex 46.8978 -0.776457 -1
    endloop
  endfacet
  facet normal -0.946883 0.321579 0
    outer loop
      vertex 46.8978 -0.776457 1
      vertex 46.7716 -1.14805 -1
      vertex 46.7716 -1.14805 1
    endloop
  endfacet
  facet normal -0.997853 0.065491 0
    outer loop
      vertex 46.9743 -0.391578 -1
      vertex 47 0 1
      vertex 47 0 -1
    endloop
  endfacet
  facet normal -0.997853 0.065491 0
    outer loop
      vertex 47 0 1
      vertex 46.9743 -0.391578 -1
      vertex 46.9743 -0.391578 1
    endloop
  endfacet
  facet normal -0.896936 -0.44216 0
    outer loop
      vertex 46.7716 1.14805 -1
      vertex 46.5981 1.5 1
      vertex 46.5981 1.5 -1
    endloop
  endfacet
  facet normal -0.896936 -0.44216 0
    outer loop
      vertex 46.5981 1.5 1
      vertex 46.7716 1.14805 -1
      vertex 46.7716 1.14805 1
    endloop
  endfacet
  facet normal -0.659392 0.751799 0
    outer loop
      vertex 46.1213 -2.12132 -1
      vertex 45.8263 -2.38006 1
      vertex 46.1213 -2.12132 1
    endloop
  endfacet
  facet normal -0.659392 0.751799 0
    outer loop
      vertex 45.8263 -2.38006 1
      vertex 46.1213 -2.12132 -1
      vertex 45.8263 -2.38006 -1
    endloop
  endfacet
  facet normal -0.659392 -0.751799 0
    outer loop
      vertex 45.8263 2.38006 -1
      vertex 46.1213 2.12132 1
      vertex 45.8263 2.38006 1
    endloop
  endfacet
  facet normal -0.659392 -0.751799 -0
    outer loop
      vertex 46.1213 2.12132 1
      vertex 45.8263 2.38006 -1
      vertex 46.1213 2.12132 -1
    endloop
  endfacet
  facet normal 0.0654112 -0.997858 0
    outer loop
      vertex 43.6084 2.97433 -1
      vertex 44 3 1
      vertex 43.6084 2.97433 1
    endloop
  endfacet
  facet normal 0.0654112 -0.997858 0
    outer loop
      vertex 44 3 1
      vertex 43.6084 2.97433 -1
      vertex 44 3 -1
    endloop
  endfacet
  facet normal 0.442233 -0.8969 0
    outer loop
      vertex 42.5 2.59808 -1
      vertex 42.852 2.77164 1
      vertex 42.5 2.59808 1
    endloop
  endfacet
  facet normal 0.442233 -0.8969 0
    outer loop
      vertex 42.852 2.77164 1
      vertex 42.5 2.59808 -1
      vertex 42.852 2.77164 -1
    endloop
  endfacet
  facet normal -0.831485 0.555547 0
    outer loop
      vertex 46.3801 -1.82628 -1
      vertex 46.5981 -1.5 1
      vertex 46.5981 -1.5 -1
    endloop
  endfacet
  facet normal -0.831485 0.555547 0
    outer loop
      vertex 46.5981 -1.5 1
      vertex 46.3801 -1.82628 -1
      vertex 46.3801 -1.82628 1
    endloop
  endfacet
  facet normal 0.946883 0.321579 0
    outer loop
      vertex 41.2284 -1.14805 1
      vertex 41.1022 -0.776457 -1
      vertex 41.1022 -0.776457 1
    endloop
  endfacet
  facet normal 0.946883 0.321579 0
    outer loop
      vertex 41.1022 -0.776457 -1
      vertex 41.2284 -1.14805 1
      vertex 41.2284 -1.14805 -1
    endloop
  endfacet
  facet normal 0.946883 -0.321579 0
    outer loop
      vertex 41.1022 0.776457 1
      vertex 41.2284 1.14805 -1
      vertex 41.2284 1.14805 1
    endloop
  endfacet
  facet normal 0.946883 -0.321579 0
    outer loop
      vertex 41.2284 1.14805 -1
      vertex 41.1022 0.776457 1
      vertex 41.1022 0.776457 -1
    endloop
  endfacet
  facet normal -0.896936 0.44216 0
    outer loop
      vertex 46.5981 -1.5 -1
      vertex 46.7716 -1.14805 1
      vertex 46.7716 -1.14805 -1
    endloop
  endfacet
  facet normal -0.896936 0.44216 0
    outer loop
      vertex 46.7716 -1.14805 1
      vertex 46.5981 -1.5 -1
      vertex 46.5981 -1.5 1
    endloop
  endfacet
  facet normal 0.997853 0.065491 0
    outer loop
      vertex 41.0257 -0.391578 1
      vertex 41 0 -1
      vertex 41 0 1
    endloop
  endfacet
  facet normal 0.997853 0.065491 0
    outer loop
      vertex 41 0 -1
      vertex 41.0257 -0.391578 1
      vertex 41.0257 -0.391578 -1
    endloop
  endfacet
  facet normal -0.442233 0.8969 0
    outer loop
      vertex 45.5 -2.59808 -1
      vertex 45.148 -2.77164 1
      vertex 45.5 -2.59808 1
    endloop
  endfacet
  facet normal -0.442233 0.8969 0
    outer loop
      vertex 45.148 -2.77164 1
      vertex 45.5 -2.59808 -1
      vertex 45.148 -2.77164 -1
    endloop
  endfacet
  facet normal -0.0654112 -0.997858 0
    outer loop
      vertex 44 3 -1
      vertex 44.3916 2.97433 1
      vertex 44 3 1
    endloop
  endfacet
  facet normal -0.0654112 -0.997858 -0
    outer loop
      vertex 44.3916 2.97433 1
      vertex 44 3 -1
      vertex 44.3916 2.97433 -1
    endloop
  endfacet
  facet normal 0.442233 0.8969 -0
    outer loop
      vertex 42.852 -2.77164 -1
      vertex 42.5 -2.59808 1
      vertex 42.852 -2.77164 1
    endloop
  endfacet
  facet normal 0.442233 0.8969 0
    outer loop
      vertex 42.5 -2.59808 1
      vertex 42.852 -2.77164 -1
      vertex 42.5 -2.59808 -1
    endloop
  endfacet
  facet normal -0.321514 0.946905 0
    outer loop
      vertex 45.148 -2.77164 -1
      vertex 44.7765 -2.89778 1
      vertex 45.148 -2.77164 1
    endloop
  endfacet
  facet normal -0.321514 0.946905 0
    outer loop
      vertex 44.7765 -2.89778 1
      vertex 45.148 -2.77164 -1
      vertex 44.7765 -2.89778 -1
    endloop
  endfacet
  facet normal 0.980813 -0.19495 0
    outer loop
      vertex 41.0257 0.391578 1
      vertex 41.1022 0.776457 -1
      vertex 41.1022 0.776457 1
    endloop
  endfacet
  facet normal 0.980813 -0.19495 0
    outer loop
      vertex 41.1022 0.776457 -1
      vertex 41.0257 0.391578 1
      vertex 41.0257 0.391578 -1
    endloop
  endfacet
  facet normal 0.751768 0.659428 0
    outer loop
      vertex 41.8787 -2.12132 1
      vertex 41.6199 -1.82628 -1
      vertex 41.6199 -1.82628 1
    endloop
  endfacet
  facet normal 0.751768 0.659428 0
    outer loop
      vertex 41.6199 -1.82628 -1
      vertex 41.8787 -2.12132 1
      vertex 41.8787 -2.12132 -1
    endloop
  endfacet
  facet normal 0.997853 -0.065491 0
    outer loop
      vertex 41 0 1
      vertex 41.0257 0.391578 -1
      vertex 41.0257 0.391578 1
    endloop
  endfacet
  facet normal 0.997853 -0.065491 0
    outer loop
      vertex 41.0257 0.391578 -1
      vertex 41 0 1
      vertex 41 0 -1
    endloop
  endfacet
  facet normal -0.555558 0.831477 0
    outer loop
      vertex 45.8263 -2.38006 -1
      vertex 45.5 -2.59808 1
      vertex 45.8263 -2.38006 1
    endloop
  endfacet
  facet normal -0.555558 0.831477 0
    outer loop
      vertex 45.5 -2.59808 1
      vertex 45.8263 -2.38006 -1
      vertex 45.5 -2.59808 -1
    endloop
  endfacet
  facet normal 0.751768 -0.659428 0
    outer loop
      vertex 41.6199 1.82628 1
      vertex 41.8787 2.12132 -1
      vertex 41.8787 2.12132 1
    endloop
  endfacet
  facet normal 0.751768 -0.659428 0
    outer loop
      vertex 41.8787 2.12132 -1
      vertex 41.6199 1.82628 1
      vertex 41.6199 1.82628 -1
    endloop
  endfacet
  facet normal 0.555558 0.831477 -0
    outer loop
      vertex 42.5 -2.59808 -1
      vertex 42.1737 -2.38006 1
      vertex 42.5 -2.59808 1
    endloop
  endfacet
  facet normal 0.555558 0.831477 0
    outer loop
      vertex 42.1737 -2.38006 1
      vertex 42.5 -2.59808 -1
      vertex 42.1737 -2.38006 -1
    endloop
  endfacet
  facet normal -0.751768 0.659428 0
    outer loop
      vertex 46.1213 -2.12132 -1
      vertex 46.3801 -1.82628 1
      vertex 46.3801 -1.82628 -1
    endloop
  endfacet
  facet normal -0.751768 0.659428 0
    outer loop
      vertex 46.3801 -1.82628 1
      vertex 46.1213 -2.12132 -1
      vertex 46.1213 -2.12132 1
    endloop
  endfacet
  facet normal -0.831485 -0.555547 0
    outer loop
      vertex 46.5981 1.5 -1
      vertex 46.3801 1.82628 1
      vertex 46.3801 1.82628 -1
    endloop
  endfacet
  facet normal -0.831485 -0.555547 0
    outer loop
      vertex 46.3801 1.82628 1
      vertex 46.5981 1.5 -1
      vertex 46.5981 1.5 1
    endloop
  endfacet
  facet normal -0.195062 0.980791 0
    outer loop
      vertex 44.7765 -2.89778 -1
      vertex 44.3916 -2.97433 1
      vertex 44.7765 -2.89778 1
    endloop
  endfacet
  facet normal -0.195062 0.980791 0
    outer loop
      vertex 44.3916 -2.97433 1
      vertex 44.7765 -2.89778 -1
      vertex 44.3916 -2.97433 -1
    endloop
  endfacet
  facet normal -0.555558 -0.831477 0
    outer loop
      vertex 45.5 2.59808 -1
      vertex 45.8263 2.38006 1
      vertex 45.5 2.59808 1
    endloop
  endfacet
  facet normal -0.555558 -0.831477 -0
    outer loop
      vertex 45.8263 2.38006 1
      vertex 45.5 2.59808 -1
      vertex 45.8263 2.38006 -1
    endloop
  endfacet
  facet normal -0.980813 0.19495 0
    outer loop
      vertex 46.8978 -0.776457 -1
      vertex 46.9743 -0.391578 1
      vertex 46.9743 -0.391578 -1
    endloop
  endfacet
  facet normal -0.980813 0.19495 0
    outer loop
      vertex 46.9743 -0.391578 1
      vertex 46.8978 -0.776457 -1
      vertex 46.8978 -0.776457 1
    endloop
  endfacet
  facet normal 0.831485 0.555547 0
    outer loop
      vertex 41.6199 -1.82628 1
      vertex 41.4019 -1.5 -1
      vertex 41.4019 -1.5 1
    endloop
  endfacet
  facet normal 0.831485 0.555547 0
    outer loop
      vertex 41.4019 -1.5 -1
      vertex 41.6199 -1.82628 1
      vertex 41.6199 -1.82628 -1
    endloop
  endfacet
  facet normal 0.195062 -0.980791 0
    outer loop
      vertex 43.2235 2.89778 -1
      vertex 43.6084 2.97433 1
      vertex 43.2235 2.89778 1
    endloop
  endfacet
  facet normal 0.195062 -0.980791 0
    outer loop
      vertex 43.6084 2.97433 1
      vertex 43.2235 2.89778 -1
      vertex 43.6084 2.97433 -1
    endloop
  endfacet
  facet normal -0.0654112 0.997858 0
    outer loop
      vertex 44.3916 -2.97433 -1
      vertex 44 -3 1
      vertex 44.3916 -2.97433 1
    endloop
  endfacet
  facet normal -0.0654112 0.997858 0
    outer loop
      vertex 44 -3 1
      vertex 44.3916 -2.97433 -1
      vertex 44 -3 -1
    endloop
  endfacet
  facet normal 0.980813 0.19495 0
    outer loop
      vertex 41.1022 -0.776457 1
      vertex 41.0257 -0.391578 -1
      vertex 41.0257 -0.391578 1
    endloop
  endfacet
  facet normal 0.980813 0.19495 0
    outer loop
      vertex 41.0257 -0.391578 -1
      vertex 41.1022 -0.776457 1
      vertex 41.1022 -0.776457 -1
    endloop
  endfacet
  facet normal 0.0654112 0.997858 -0
    outer loop
      vertex 44 -3 -1
      vertex 43.6084 -2.97433 1
      vertex 44 -3 1
    endloop
  endfacet
  facet normal 0.0654112 0.997858 0
    outer loop
      vertex 43.6084 -2.97433 1
      vertex 44 -3 -1
      vertex 43.6084 -2.97433 -1
    endloop
  endfacet
  facet normal -0.751768 -0.659428 0
    outer loop
      vertex 46.3801 1.82628 -1
      vertex 46.1213 2.12132 1
      vertex 46.1213 2.12132 -1
    endloop
  endfacet
  facet normal -0.751768 -0.659428 0
    outer loop
      vertex 46.1213 2.12132 1
      vertex 46.3801 1.82628 -1
      vertex 46.3801 1.82628 1
    endloop
  endfacet
  facet normal -0.946883 -0.321579 0
    outer loop
      vertex 46.8978 0.776457 -1
      vertex 46.7716 1.14805 1
      vertex 46.7716 1.14805 -1
    endloop
  endfacet
  facet normal -0.946883 -0.321579 0
    outer loop
      vertex 46.7716 1.14805 1
      vertex 46.8978 0.776457 -1
      vertex 46.8978 0.776457 1
    endloop
  endfacet
  facet normal 0.321514 -0.946905 0
    outer loop
      vertex 42.852 2.77164 -1
      vertex 43.2235 2.89778 1
      vertex 42.852 2.77164 1
    endloop
  endfacet
  facet normal 0.321514 -0.946905 0
    outer loop
      vertex 43.2235 2.89778 1
      vertex 42.852 2.77164 -1
      vertex 43.2235 2.89778 -1
    endloop
  endfacet
  facet normal -0.195062 -0.980791 0
    outer loop
      vertex 44.3916 2.97433 -1
      vertex 44.7765 2.89778 1
      vertex 44.3916 2.97433 1
    endloop
  endfacet
  facet normal -0.195062 -0.980791 -0
    outer loop
      vertex 44.7765 2.89778 1
      vertex 44.3916 2.97433 -1
      vertex 44.7765 2.89778 -1
    endloop
  endfacet
  facet normal 0.831485 -0.555547 0
    outer loop
      vertex 41.4019 1.5 1
      vertex 41.6199 1.82628 -1
      vertex 41.6199 1.82628 1
    endloop
  endfacet
  facet normal 0.831485 -0.555547 0
    outer loop
      vertex 41.6199 1.82628 -1
      vertex 41.4019 1.5 1
      vertex 41.4019 1.5 -1
    endloop
  endfacet
  facet normal 0.321514 0.946905 -0
    outer loop
      vertex 43.2235 -2.89778 -1
      vertex 42.852 -2.77164 1
      vertex 43.2235 -2.89778 1
    endloop
  endfacet
  facet normal 0.321514 0.946905 0
    outer loop
      vertex 42.852 -2.77164 1
      vertex 43.2235 -2.89778 -1
      vertex 42.852 -2.77164 -1
    endloop
  endfacet
  facet normal 0.659392 -0.751799 0
    outer loop
      vertex 41.8787 2.12132 -1
      vertex 42.1737 2.38006 1
      vertex 41.8787 2.12132 1
    endloop
  endfacet
  facet normal 0.659392 -0.751799 0
    outer loop
      vertex 42.1737 2.38006 1
      vertex 41.8787 2.12132 -1
      vertex 42.1737 2.38006 -1
    endloop
  endfacet
  facet normal 0.896936 -0.44216 0
    outer loop
      vertex 41.2284 1.14805 1
      vertex 41.4019 1.5 -1
      vertex 41.4019 1.5 1
    endloop
  endfacet
  facet normal 0.896936 -0.44216 0
    outer loop
      vertex 41.4019 1.5 -1
      vertex 41.2284 1.14805 1
      vertex 41.2284 1.14805 -1
    endloop
  endfacet
  facet normal 0.195062 0.980791 -0
    outer loop
      vertex 43.6084 -2.97433 -1
      vertex 43.2235 -2.89778 1
      vertex 43.6084 -2.97433 1
    endloop
  endfacet
  facet normal 0.195062 0.980791 0
    outer loop
      vertex 43.2235 -2.89778 1
      vertex 43.6084 -2.97433 -1
      vertex 43.2235 -2.89778 -1
    endloop
  endfacet
  facet normal 0.659392 0.751799 -0
    outer loop
      vertex 42.1737 -2.38006 -1
      vertex 41.8787 -2.12132 1
      vertex 42.1737 -2.38006 1
    endloop
  endfacet
  facet normal 0.659392 0.751799 0
    outer loop
      vertex 41.8787 -2.12132 1
      vertex 42.1737 -2.38006 -1
      vertex 41.8787 -2.12132 -1
    endloop
  endfacet
  facet normal -0.980766 -0.195185 0
    outer loop
      vertex 16.5711 75.525 -1
      vertex 16.4945 75.9099 1
      vertex 16.4945 75.9099 -1
    endloop
  endfacet
  facet normal -0.980766 -0.195185 0
    outer loop
      vertex 16.4945 75.9099 1
      vertex 16.5711 75.525 -1
      vertex 16.5711 75.525 1
    endloop
  endfacet
  facet normal -0.997869 -0.0652502 0
    outer loop
      vertex 16.5967 75.1335 -1
      vertex 16.5711 75.525 1
      vertex 16.5711 75.525 -1
    endloop
  endfacet
  facet normal -0.997869 -0.0652502 0
    outer loop
      vertex 16.5711 75.525 1
      vertex 16.5967 75.1335 -1
      vertex 16.5967 75.1335 1
    endloop
  endfacet
  facet normal -0.946962 -0.321345 0
    outer loop
      vertex 16.4945 75.9099 -1
      vertex 16.3684 76.2815 1
      vertex 16.3684 76.2815 -1
    endloop
  endfacet
  facet normal -0.946962 -0.321345 0
    outer loop
      vertex 16.3684 76.2815 1
      vertex 16.4945 75.9099 -1
      vertex 16.4945 75.9099 1
    endloop
  endfacet
  facet normal -0.831501 0.555523 0
    outer loop
      vertex 15.9768 73.3072 -1
      vertex 16.1948 73.6335 1
      vertex 16.1948 73.6335 -1
    endloop
  endfacet
  facet normal -0.831501 0.555523 0
    outer loop
      vertex 16.1948 73.6335 1
      vertex 15.9768 73.3072 -1
      vertex 15.9768 73.3072 1
    endloop
  endfacet
  facet normal -0.831422 -0.555641 0
    outer loop
      vertex 16.1948 76.6335 -1
      vertex 15.9768 76.9597 1
      vertex 15.9768 76.9597 -1
    endloop
  endfacet
  facet normal -0.831422 -0.555641 0
    outer loop
      vertex 15.9768 76.9597 1
      vertex 16.1948 76.6335 -1
      vertex 16.1948 76.6335 1
    endloop
  endfacet
  facet normal 0.195185 0.980766 -0
    outer loop
      vertex 13.2052 72.1591 -1
      vertex 12.8203 72.2357 1
      vertex 13.2052 72.1591 1
    endloop
  endfacet
  facet normal 0.195185 0.980766 0
    outer loop
      vertex 12.8203 72.2357 1
      vertex 13.2052 72.1591 -1
      vertex 12.8203 72.2357 -1
    endloop
  endfacet
  facet normal 0.89686 -0.442315 0
    outer loop
      vertex 10.8251 76.2815 1
      vertex 10.9987 76.6335 -1
      vertex 10.9987 76.6335 1
    endloop
  endfacet
  facet normal 0.89686 -0.442315 0
    outer loop
      vertex 10.9987 76.6335 -1
      vertex 10.8251 76.2815 1
      vertex 10.8251 76.2815 -1
    endloop
  endfacet
  facet normal -0.89686 -0.442315 0
    outer loop
      vertex 16.3684 76.2815 -1
      vertex 16.1948 76.6335 1
      vertex 16.1948 76.6335 -1
    endloop
  endfacet
  facet normal -0.89686 -0.442315 0
    outer loop
      vertex 16.1948 76.6335 1
      vertex 16.3684 76.2815 -1
      vertex 16.3684 76.2815 1
    endloop
  endfacet
  facet normal -0.442416 0.89681 0
    outer loop
      vertex 15.0967 72.5354 -1
      vertex 14.7448 72.3618 1
      vertex 15.0967 72.5354 1
    endloop
  endfacet
  facet normal -0.442416 0.89681 0
    outer loop
      vertex 14.7448 72.3618 1
      vertex 15.0967 72.5354 -1
      vertex 14.7448 72.3618 -1
    endloop
  endfacet
  facet normal 0.555641 -0.831422 0
    outer loop
      vertex 11.7705 77.5135 -1
      vertex 12.0967 77.7315 1
      vertex 11.7705 77.5135 1
    endloop
  endfacet
  facet normal 0.555641 -0.831422 0
    outer loop
      vertex 12.0967 77.7315 1
      vertex 11.7705 77.5135 -1
      vertex 12.0967 77.7315 -1
    endloop
  endfacet
  facet normal -0.321345 0.946962 0
    outer loop
      vertex 14.7448 72.3618 -1
      vertex 14.3732 72.2357 1
      vertex 14.7448 72.3618 1
    endloop
  endfacet
  facet normal -0.321345 0.946962 0
    outer loop
      vertex 14.3732 72.2357 1
      vertex 14.7448 72.3618 -1
      vertex 14.3732 72.2357 -1
    endloop
  endfacet
  facet normal 0.555641 0.831422 -0
    outer loop
      vertex 12.0967 72.5354 -1
      vertex 11.7705 72.7534 1
      vertex 12.0967 72.5354 1
    endloop
  endfacet
  facet normal 0.555641 0.831422 0
    outer loop
      vertex 11.7705 72.7534 1
      vertex 12.0967 72.5354 -1
      vertex 11.7705 72.7534 -1
    endloop
  endfacet
  facet normal -0.751961 0.659208 0
    outer loop
      vertex 15.7181 73.0121 -1
      vertex 15.9768 73.3072 1
      vertex 15.9768 73.3072 -1
    endloop
  endfacet
  facet normal -0.751961 0.659208 0
    outer loop
      vertex 15.9768 73.3072 1
      vertex 15.7181 73.0121 -1
      vertex 15.7181 73.0121 1
    endloop
  endfacet
  facet normal -0.442416 -0.89681 0
    outer loop
      vertex 14.7448 77.9051 -1
      vertex 15.0967 77.7315 1
      vertex 14.7448 77.9051 1
    endloop
  endfacet
  facet normal -0.442416 -0.89681 -0
    outer loop
      vertex 15.0967 77.7315 1
      vertex 14.7448 77.9051 -1
      vertex 15.0967 77.7315 -1
    endloop
  endfacet
  facet normal 0.442315 0.89686 -0
    outer loop
      vertex 12.4487 72.3618 -1
      vertex 12.0967 72.5354 1
      vertex 12.4487 72.3618 1
    endloop
  endfacet
  facet normal 0.442315 0.89686 0
    outer loop
      vertex 12.0967 72.5354 1
      vertex 12.4487 72.3618 -1
      vertex 12.0967 72.5354 -1
    endloop
  endfacet
  facet normal -0.0652336 0.99787 0
    outer loop
      vertex 13.9883 72.1591 -1
      vertex 13.5967 72.1335 1
      vertex 13.9883 72.1591 1
    endloop
  endfacet
  facet normal -0.0652336 0.99787 0
    outer loop
      vertex 13.5967 72.1335 1
      vertex 13.9883 72.1591 -1
      vertex 13.5967 72.1335 -1
    endloop
  endfacet
  facet normal 0.751961 0.659208 0
    outer loop
      vertex 11.4754 73.0121 1
      vertex 11.2167 73.3072 -1
      vertex 11.2167 73.3072 1
    endloop
  endfacet
  facet normal 0.751961 0.659208 0
    outer loop
      vertex 11.2167 73.3072 -1
      vertex 11.4754 73.0121 1
      vertex 11.4754 73.0121 -1
    endloop
  endfacet
  facet normal 0.659208 -0.751961 0
    outer loop
      vertex 11.4754 77.2548 -1
      vertex 11.7705 77.5135 1
      vertex 11.4754 77.2548 1
    endloop
  endfacet
  facet normal 0.659208 -0.751961 0
    outer loop
      vertex 11.7705 77.5135 1
      vertex 11.4754 77.2548 -1
      vertex 11.7705 77.5135 -1
    endloop
  endfacet
  facet normal 0.442315 -0.89686 0
    outer loop
      vertex 12.0967 77.7315 -1
      vertex 12.4487 77.9051 1
      vertex 12.0967 77.7315 1
    endloop
  endfacet
  facet normal 0.442315 -0.89686 0
    outer loop
      vertex 12.4487 77.9051 1
      vertex 12.0967 77.7315 -1
      vertex 12.4487 77.9051 -1
    endloop
  endfacet
  facet normal -0.195185 -0.980766 0
    outer loop
      vertex 13.9883 78.1078 -1
      vertex 14.3732 78.0312 1
      vertex 13.9883 78.1078 1
    endloop
  endfacet
  facet normal -0.195185 -0.980766 -0
    outer loop
      vertex 14.3732 78.0312 1
      vertex 13.9883 78.1078 -1
      vertex 14.3732 78.0312 -1
    endloop
  endfacet
  facet normal 0.195185 -0.980766 0
    outer loop
      vertex 12.8203 78.0312 -1
      vertex 13.2052 78.1078 1
      vertex 12.8203 78.0312 1
    endloop
  endfacet
  facet normal 0.195185 -0.980766 0
    outer loop
      vertex 13.2052 78.1078 1
      vertex 12.8203 78.0312 -1
      vertex 13.2052 78.1078 -1
    endloop
  endfacet
  facet normal -0.99787 0.0652336 0
    outer loop
      vertex 16.5711 74.7419 -1
      vertex 16.5967 75.1335 1
      vertex 16.5967 75.1335 -1
    endloop
  endfacet
  facet normal -0.99787 0.0652336 0
    outer loop
      vertex 16.5967 75.1335 1
      vertex 16.5711 74.7419 -1
      vertex 16.5711 74.7419 1
    endloop
  endfacet
  facet normal 0.980766 -0.195185 0
    outer loop
      vertex 10.6224 75.525 1
      vertex 10.699 75.9099 -1
      vertex 10.699 75.9099 1
    endloop
  endfacet
  facet normal 0.980766 -0.195185 0
    outer loop
      vertex 10.699 75.9099 -1
      vertex 10.6224 75.525 1
      vertex 10.6224 75.525 -1
    endloop
  endfacet
  facet normal -0.555523 0.831501 0
    outer loop
      vertex 15.423 72.7534 -1
      vertex 15.0967 72.5354 1
      vertex 15.423 72.7534 1
    endloop
  endfacet
  facet normal -0.555523 0.831501 0
    outer loop
      vertex 15.0967 72.5354 1
      vertex 15.423 72.7534 -1
      vertex 15.0967 72.5354 -1
    endloop
  endfacet
  facet normal -0.321345 -0.946962 0
    outer loop
      vertex 14.3732 78.0312 -1
      vertex 14.7448 77.9051 1
      vertex 14.3732 78.0312 1
    endloop
  endfacet
  facet normal -0.321345 -0.946962 -0
    outer loop
      vertex 14.7448 77.9051 1
      vertex 14.3732 78.0312 -1
      vertex 14.7448 77.9051 -1
    endloop
  endfacet
  facet normal -0.195185 0.980766 0
    outer loop
      vertex 14.3732 72.2357 -1
      vertex 13.9883 72.1591 1
      vertex 14.3732 72.2357 1
    endloop
  endfacet
  facet normal -0.195185 0.980766 0
    outer loop
      vertex 13.9883 72.1591 1
      vertex 14.3732 72.2357 -1
      vertex 13.9883 72.1591 -1
    endloop
  endfacet
  facet normal 0.659208 0.751961 -0
    outer loop
      vertex 11.7705 72.7534 -1
      vertex 11.4754 73.0121 1
      vertex 11.7705 72.7534 1
    endloop
  endfacet
  facet normal 0.659208 0.751961 0
    outer loop
      vertex 11.4754 73.0121 1
      vertex 11.7705 72.7534 -1
      vertex 11.4754 73.0121 -1
    endloop
  endfacet
  facet normal -0.555523 -0.831501 0
    outer loop
      vertex 15.0967 77.7315 -1
      vertex 15.423 77.5135 1
      vertex 15.0967 77.7315 1
    endloop
  endfacet
  facet normal -0.555523 -0.831501 -0
    outer loop
      vertex 15.423 77.5135 1
      vertex 15.0967 77.7315 -1
      vertex 15.423 77.5135 -1
    endloop
  endfacet
  facet normal 0.321345 0.946962 -0
    outer loop
      vertex 12.8203 72.2357 -1
      vertex 12.4487 72.3618 1
      vertex 12.8203 72.2357 1
    endloop
  endfacet
  facet normal 0.321345 0.946962 0
    outer loop
      vertex 12.4487 72.3618 1
      vertex 12.8203 72.2357 -1
      vertex 12.4487 72.3618 -1
    endloop
  endfacet
  facet normal 0.831501 0.555523 0
    outer loop
      vertex 11.2167 73.3072 1
      vertex 10.9987 73.6335 -1
      vertex 10.9987 73.6335 1
    endloop
  endfacet
  facet normal 0.831501 0.555523 0
    outer loop
      vertex 10.9987 73.6335 -1
      vertex 11.2167 73.3072 1
      vertex 11.2167 73.3072 -1
    endloop
  endfacet
  facet normal 0.321345 -0.946962 0
    outer loop
      vertex 12.4487 77.9051 -1
      vertex 12.8203 78.0312 1
      vertex 12.4487 77.9051 1
    endloop
  endfacet
  facet normal 0.321345 -0.946962 0
    outer loop
      vertex 12.8203 78.0312 1
      vertex 12.4487 77.9051 -1
      vertex 12.8203 78.0312 -1
    endloop
  endfacet
  facet normal 0.997853 0.0654873 0
    outer loop
      vertex 10.6224 74.7419 1
      vertex 10.5967 75.1335 -1
      vertex 10.5967 75.1335 1
    endloop
  endfacet
  facet normal 0.997853 0.0654873 0
    outer loop
      vertex 10.5967 75.1335 -1
      vertex 10.6224 74.7419 1
      vertex 10.6224 74.7419 -1
    endloop
  endfacet
  facet normal 0.946962 -0.321345 0
    outer loop
      vertex 10.699 75.9099 1
      vertex 10.8251 76.2815 -1
      vertex 10.8251 76.2815 1
    endloop
  endfacet
  facet normal 0.946962 -0.321345 0
    outer loop
      vertex 10.8251 76.2815 -1
      vertex 10.699 75.9099 1
      vertex 10.699 75.9099 -1
    endloop
  endfacet
  facet normal 0.831422 -0.555641 0
    outer loop
      vertex 10.9987 76.6335 1
      vertex 11.2167 76.9597 -1
      vertex 11.2167 76.9597 1
    endloop
  endfacet
  facet normal 0.831422 -0.555641 0
    outer loop
      vertex 11.2167 76.9597 -1
      vertex 10.9987 76.6335 1
      vertex 10.9987 76.6335 -1
    endloop
  endfacet
  facet normal -0.89681 0.442416 0
    outer loop
      vertex 16.1948 73.6335 -1
      vertex 16.3684 73.9854 1
      vertex 16.3684 73.9854 -1
    endloop
  endfacet
  facet normal -0.89681 0.442416 0
    outer loop
      vertex 16.3684 73.9854 1
      vertex 16.1948 73.6335 -1
      vertex 16.1948 73.6335 1
    endloop
  endfacet
  facet normal 0.980766 0.195185 0
    outer loop
      vertex 10.699 74.357 1
      vertex 10.6224 74.7419 -1
      vertex 10.6224 74.7419 1
    endloop
  endfacet
  facet normal 0.980766 0.195185 0
    outer loop
      vertex 10.6224 74.7419 -1
      vertex 10.699 74.357 1
      vertex 10.699 74.357 -1
    endloop
  endfacet
  facet normal -0.751961 -0.659208 0
    outer loop
      vertex 15.9768 76.9597 -1
      vertex 15.7181 77.2548 1
      vertex 15.7181 77.2548 -1
    endloop
  endfacet
  facet normal -0.751961 -0.659208 0
    outer loop
      vertex 15.7181 77.2548 1
      vertex 15.9768 76.9597 -1
      vertex 15.9768 76.9597 1
    endloop
  endfacet
  facet normal 0.751961 -0.659208 0
    outer loop
      vertex 11.2167 76.9597 1
      vertex 11.4754 77.2548 -1
      vertex 11.4754 77.2548 1
    endloop
  endfacet
  facet normal 0.751961 -0.659208 0
    outer loop
      vertex 11.4754 77.2548 -1
      vertex 11.2167 76.9597 1
      vertex 11.2167 76.9597 -1
    endloop
  endfacet
  facet normal 0.946962 0.321345 0
    outer loop
      vertex 10.8251 73.9854 1
      vertex 10.699 74.357 -1
      vertex 10.699 74.357 1
    endloop
  endfacet
  facet normal 0.946962 0.321345 0
    outer loop
      vertex 10.699 74.357 -1
      vertex 10.8251 73.9854 1
      vertex 10.8251 73.9854 -1
    endloop
  endfacet
  facet normal -0.946962 0.321345 0
    outer loop
      vertex 16.3684 73.9854 -1
      vertex 16.4945 74.357 1
      vertex 16.4945 74.357 -1
    endloop
  endfacet
  facet normal -0.946962 0.321345 0
    outer loop
      vertex 16.4945 74.357 1
      vertex 16.3684 73.9854 -1
      vertex 16.3684 73.9854 1
    endloop
  endfacet
  facet normal -0.980766 0.195185 0
    outer loop
      vertex 16.4945 74.357 -1
      vertex 16.5711 74.7419 1
      vertex 16.5711 74.7419 -1
    endloop
  endfacet
  facet normal -0.980766 0.195185 0
    outer loop
      vertex 16.5711 74.7419 1
      vertex 16.4945 74.357 -1
      vertex 16.4945 74.357 1
    endloop
  endfacet
  facet normal 0.997852 -0.065504 0
    outer loop
      vertex 10.5967 75.1335 1
      vertex 10.6224 75.525 -1
      vertex 10.6224 75.525 1
    endloop
  endfacet
  facet normal 0.997852 -0.065504 0
    outer loop
      vertex 10.6224 75.525 -1
      vertex 10.5967 75.1335 1
      vertex 10.5967 75.1335 -1
    endloop
  endfacet
  facet normal -0.0654873 -0.997853 0
    outer loop
      vertex 13.5967 78.1335 -1
      vertex 13.9883 78.1078 1
      vertex 13.5967 78.1335 1
    endloop
  endfacet
  facet normal -0.0654873 -0.997853 -0
    outer loop
      vertex 13.9883 78.1078 1
      vertex 13.5967 78.1335 -1
      vertex 13.9883 78.1078 -1
    endloop
  endfacet
  facet normal -0.659208 -0.751961 0
    outer loop
      vertex 15.423 77.5135 -1
      vertex 15.7181 77.2548 1
      vertex 15.423 77.5135 1
    endloop
  endfacet
  facet normal -0.659208 -0.751961 -0
    outer loop
      vertex 15.7181 77.2548 1
      vertex 15.423 77.5135 -1
      vertex 15.7181 77.2548 -1
    endloop
  endfacet
  facet normal 0.065504 -0.997852 0
    outer loop
      vertex 13.2052 78.1078 -1
      vertex 13.5967 78.1335 1
      vertex 13.2052 78.1078 1
    endloop
  endfacet
  facet normal 0.065504 -0.997852 0
    outer loop
      vertex 13.5967 78.1335 1
      vertex 13.2052 78.1078 -1
      vertex 13.5967 78.1335 -1
    endloop
  endfacet
  facet normal 0.89681 0.442416 0
    outer loop
      vertex 10.9987 73.6335 1
      vertex 10.8251 73.9854 -1
      vertex 10.8251 73.9854 1
    endloop
  endfacet
  facet normal 0.89681 0.442416 0
    outer loop
      vertex 10.8251 73.9854 -1
      vertex 10.9987 73.6335 1
      vertex 10.9987 73.6335 -1
    endloop
  endfacet
  facet normal 0.0652502 0.997869 -0
    outer loop
      vertex 13.5967 72.1335 -1
      vertex 13.2052 72.1591 1
      vertex 13.5967 72.1335 1
    endloop
  endfacet
  facet normal 0.0652502 0.997869 0
    outer loop
      vertex 13.2052 72.1591 1
      vertex 13.5967 72.1335 -1
      vertex 13.2052 72.1591 -1
    endloop
  endfacet
  facet normal -0.659208 0.751961 0
    outer loop
      vertex 15.7181 73.0121 -1
      vertex 15.423 72.7534 1
      vertex 15.7181 73.0121 1
    endloop
  endfacet
  facet normal -0.659208 0.751961 0
    outer loop
      vertex 15.423 72.7534 1
      vertex 15.7181 73.0121 -1
      vertex 15.423 72.7534 -1
    endloop
  endfacet
  facet normal -0.195185 -0.980766 0
    outer loop
      vertex -35.2052 49.4094 -1
      vertex -34.8203 49.3328 1
      vertex -35.2052 49.4094 1
    endloop
  endfacet
  facet normal -0.195185 -0.980766 -0
    outer loop
      vertex -34.8203 49.3328 1
      vertex -35.2052 49.4094 -1
      vertex -34.8203 49.3328 -1
    endloop
  endfacet
  facet normal -0.980766 -0.195185 0
    outer loop
      vertex -32.6224 46.8266 -1
      vertex -32.699 47.2115 1
      vertex -32.699 47.2115 -1
    endloop
  endfacet
  facet normal -0.980766 -0.195185 0
    outer loop
      vertex -32.699 47.2115 1
      vertex -32.6224 46.8266 -1
      vertex -32.6224 46.8266 1
    endloop
  endfacet
  facet normal -0.997853 -0.0654873 0
    outer loop
      vertex -32.5967 46.435 -1
      vertex -32.6224 46.8266 1
      vertex -32.6224 46.8266 -1
    endloop
  endfacet
  facet normal -0.997853 -0.0654873 0
    outer loop
      vertex -32.6224 46.8266 1
      vertex -32.5967 46.435 -1
      vertex -32.5967 46.435 1
    endloop
  endfacet
  facet normal -0.946962 -0.321345 0
    outer loop
      vertex -32.699 47.2115 -1
      vertex -32.8251 47.5831 1
      vertex -32.8251 47.5831 -1
    endloop
  endfacet
  facet normal -0.946962 -0.321345 0
    outer loop
      vertex -32.8251 47.5831 1
      vertex -32.699 47.2115 -1
      vertex -32.699 47.2115 1
    endloop
  endfacet
  facet normal 0.0654873 0.997853 -0
    outer loop
      vertex -35.5967 43.435 -1
      vertex -35.9883 43.4607 1
      vertex -35.5967 43.435 1
    endloop
  endfacet
  facet normal 0.0654873 0.997853 0
    outer loop
      vertex -35.9883 43.4607 1
      vertex -35.5967 43.435 -1
      vertex -35.9883 43.4607 -1
    endloop
  endfacet
  facet normal -0.831501 -0.555523 0
    outer loop
      vertex -32.9987 47.935 -1
      vertex -33.2167 48.2613 1
      vertex -33.2167 48.2613 -1
    endloop
  endfacet
  facet normal -0.831501 -0.555523 0
    outer loop
      vertex -33.2167 48.2613 1
      vertex -32.9987 47.935 -1
      vertex -32.9987 47.935 1
    endloop
  endfacet
  facet normal -0.997852 0.065504 0
    outer loop
      vertex -32.6224 46.0435 -1
      vertex -32.5967 46.435 1
      vertex -32.5967 46.435 -1
    endloop
  endfacet
  facet normal -0.997852 0.065504 0
    outer loop
      vertex -32.5967 46.435 1
      vertex -32.6224 46.0435 -1
      vertex -32.6224 46.0435 1
    endloop
  endfacet
  facet normal 0.946962 0.321345 0
    outer loop
      vertex -38.3684 45.287 1
      vertex -38.4945 45.6586 -1
      vertex -38.4945 45.6586 1
    endloop
  endfacet
  facet normal 0.946962 0.321345 0
    outer loop
      vertex -38.4945 45.6586 -1
      vertex -38.3684 45.287 1
      vertex -38.3684 45.287 -1
    endloop
  endfacet
  facet normal -0.555641 0.831422 0
    outer loop
      vertex -33.7705 44.055 -1
      vertex -34.0967 43.837 1
      vertex -33.7705 44.055 1
    endloop
  endfacet
  facet normal -0.555641 0.831422 0
    outer loop
      vertex -34.0967 43.837 1
      vertex -33.7705 44.055 -1
      vertex -34.0967 43.837 -1
    endloop
  endfacet
  facet normal -0.321345 0.946962 0
    outer loop
      vertex -34.4487 43.6634 -1
      vertex -34.8203 43.5373 1
      vertex -34.4487 43.6634 1
    endloop
  endfacet
  facet normal -0.321345 0.946962 0
    outer loop
      vertex -34.8203 43.5373 1
      vertex -34.4487 43.6634 -1
      vertex -34.8203 43.5373 -1
    endloop
  endfacet
  facet normal -0.751961 -0.659208 0
    outer loop
      vertex -33.2167 48.2613 -1
      vertex -33.4754 48.5564 1
      vertex -33.4754 48.5564 -1
    endloop
  endfacet
  facet normal -0.751961 -0.659208 0
    outer loop
      vertex -33.4754 48.5564 1
      vertex -33.2167 48.2613 -1
      vertex -33.2167 48.2613 1
    endloop
  endfacet
  facet normal 0.195185 -0.980766 0
    outer loop
      vertex -36.3732 49.3328 -1
      vertex -35.9883 49.4094 1
      vertex -36.3732 49.3328 1
    endloop
  endfacet
  facet normal 0.195185 -0.980766 0
    outer loop
      vertex -35.9883 49.4094 1
      vertex -36.3732 49.3328 -1
      vertex -35.9883 49.4094 -1
    endloop
  endfacet
  facet normal 0.751961 -0.659208 0
    outer loop
      vertex -37.9768 48.2613 1
      vertex -37.7181 48.5564 -1
      vertex -37.7181 48.5564 1
    endloop
  endfacet
  facet normal 0.751961 -0.659208 0
    outer loop
      vertex -37.7181 48.5564 -1
      vertex -37.9768 48.2613 1
      vertex -37.9768 48.2613 -1
    endloop
  endfacet
  facet normal -0.659208 -0.751961 0
    outer loop
      vertex -33.7705 48.8151 -1
      vertex -33.4754 48.5564 1
      vertex -33.7705 48.8151 1
    endloop
  endfacet
  facet normal -0.659208 -0.751961 -0
    outer loop
      vertex -33.4754 48.5564 1
      vertex -33.7705 48.8151 -1
      vertex -33.4754 48.5564 -1
    endloop
  endfacet
  facet normal -0.946962 0.321345 0
    outer loop
      vertex -32.8251 45.287 -1
      vertex -32.699 45.6586 1
      vertex -32.699 45.6586 -1
    endloop
  endfacet
  facet normal -0.946962 0.321345 0
    outer loop
      vertex -32.699 45.6586 1
      vertex -32.8251 45.287 -1
      vertex -32.8251 45.287 1
    endloop
  endfacet
  facet normal 0.75185 0.659334 0
    outer loop
      vertex -37.7181 44.3137 1
      vertex -37.9768 44.6087 -1
      vertex -37.9768 44.6087 1
    endloop
  endfacet
  facet normal 0.75185 0.659334 0
    outer loop
      vertex -37.9768 44.6087 -1
      vertex -37.7181 44.3137 1
      vertex -37.7181 44.3137 -1
    endloop
  endfacet
  facet normal 0.321345 -0.946962 0
    outer loop
      vertex -36.7448 49.2067 -1
      vertex -36.3732 49.3328 1
      vertex -36.7448 49.2067 1
    endloop
  endfacet
  facet normal 0.321345 -0.946962 0
    outer loop
      vertex -36.3732 49.3328 1
      vertex -36.7448 49.2067 -1
      vertex -36.3732 49.3328 -1
    endloop
  endfacet
  facet normal -0.442315 0.89686 0
    outer loop
      vertex -34.0967 43.837 -1
      vertex -34.4487 43.6634 1
      vertex -34.0967 43.837 1
    endloop
  endfacet
  facet normal -0.442315 0.89686 0
    outer loop
      vertex -34.4487 43.6634 1
      vertex -34.0967 43.837 -1
      vertex -34.4487 43.6634 -1
    endloop
  endfacet
  facet normal -0.89681 -0.442416 0
    outer loop
      vertex -32.8251 47.5831 -1
      vertex -32.9987 47.935 1
      vertex -32.9987 47.935 -1
    endloop
  endfacet
  facet normal -0.89681 -0.442416 0
    outer loop
      vertex -32.9987 47.935 1
      vertex -32.8251 47.5831 -1
      vertex -32.8251 47.5831 1
    endloop
  endfacet
  facet normal -0.0652502 -0.997869 0
    outer loop
      vertex -35.5967 49.435 -1
      vertex -35.2052 49.4094 1
      vertex -35.5967 49.435 1
    endloop
  endfacet
  facet normal -0.0652502 -0.997869 -0
    outer loop
      vertex -35.2052 49.4094 1
      vertex -35.5967 49.435 -1
      vertex -35.2052 49.4094 -1
    endloop
  endfacet
  facet normal -0.555641 -0.831422 0
    outer loop
      vertex -34.0967 49.0331 -1
      vertex -33.7705 48.8151 1
      vertex -34.0967 49.0331 1
    endloop
  endfacet
  facet normal -0.555641 -0.831422 -0
    outer loop
      vertex -33.7705 48.8151 1
      vertex -34.0967 49.0331 -1
      vertex -33.7705 48.8151 -1
    endloop
  endfacet
  facet normal -0.321345 -0.946962 0
    outer loop
      vertex -34.8203 49.3328 -1
      vertex -34.4487 49.2067 1
      vertex -34.8203 49.3328 1
    endloop
  endfacet
  facet normal -0.321345 -0.946962 -0
    outer loop
      vertex -34.4487 49.2067 1
      vertex -34.8203 49.3328 -1
      vertex -34.4487 49.2067 -1
    endloop
  endfacet
  facet normal 0.89681 -0.442416 0
    outer loop
      vertex -38.3684 47.5831 1
      vertex -38.1948 47.935 -1
      vertex -38.1948 47.935 1
    endloop
  endfacet
  facet normal 0.89681 -0.442416 0
    outer loop
      vertex -38.1948 47.935 -1
      vertex -38.3684 47.5831 1
      vertex -38.3684 47.5831 -1
    endloop
  endfacet
  facet normal -0.75185 0.659334 0
    outer loop
      vertex -33.4754 44.3137 -1
      vertex -33.2167 44.6087 1
      vertex -33.2167 44.6087 -1
    endloop
  endfacet
  facet normal -0.75185 0.659334 0
    outer loop
      vertex -33.2167 44.6087 1
      vertex -33.4754 44.3137 -1
      vertex -33.4754 44.3137 1
    endloop
  endfacet
  facet normal 0.442416 -0.89681 0
    outer loop
      vertex -37.0967 49.0331 -1
      vertex -36.7448 49.2067 1
      vertex -37.0967 49.0331 1
    endloop
  endfacet
  facet normal 0.442416 -0.89681 0
    outer loop
      vertex -36.7448 49.2067 1
      vertex -37.0967 49.0331 -1
      vertex -36.7448 49.2067 -1
    endloop
  endfacet
  facet normal 0.555523 -0.831501 0
    outer loop
      vertex -37.423 48.8151 -1
      vertex -37.0967 49.0331 1
      vertex -37.423 48.8151 1
    endloop
  endfacet
  facet normal 0.555523 -0.831501 0
    outer loop
      vertex -37.0967 49.0331 1
      vertex -37.423 48.8151 -1
      vertex -37.0967 49.0331 -1
    endloop
  endfacet
  facet normal 0.997869 0.0652502 0
    outer loop
      vertex -38.5711 46.0435 1
      vertex -38.5967 46.435 -1
      vertex -38.5967 46.435 1
    endloop
  endfacet
  facet normal 0.997869 0.0652502 0
    outer loop
      vertex -38.5967 46.435 -1
      vertex -38.5711 46.0435 1
      vertex -38.5711 46.0435 -1
    endloop
  endfacet
  facet normal -0.195185 0.980766 0
    outer loop
      vertex -34.8203 43.5373 -1
      vertex -35.2052 43.4607 1
      vertex -34.8203 43.5373 1
    endloop
  endfacet
  facet normal -0.195185 0.980766 0
    outer loop
      vertex -35.2052 43.4607 1
      vertex -34.8203 43.5373 -1
      vertex -35.2052 43.4607 -1
    endloop
  endfacet
  facet normal 0.89686 0.442315 0
    outer loop
      vertex -38.1948 44.935 1
      vertex -38.3684 45.287 -1
      vertex -38.3684 45.287 1
    endloop
  endfacet
  facet normal 0.89686 0.442315 0
    outer loop
      vertex -38.3684 45.287 -1
      vertex -38.1948 44.935 1
      vertex -38.1948 44.935 -1
    endloop
  endfacet
  facet normal -0.980766 0.195185 0
    outer loop
      vertex -32.699 45.6586 -1
      vertex -32.6224 46.0435 1
      vertex -32.6224 46.0435 -1
    endloop
  endfacet
  facet normal -0.980766 0.195185 0
    outer loop
      vertex -32.6224 46.0435 1
      vertex -32.699 45.6586 -1
      vertex -32.699 45.6586 1
    endloop
  endfacet
  facet normal -0.831501 0.555523 0
    outer loop
      vertex -33.2167 44.6087 -1
      vertex -32.9987 44.935 1
      vertex -32.9987 44.935 -1
    endloop
  endfacet
  facet normal -0.831501 0.555523 0
    outer loop
      vertex -32.9987 44.935 1
      vertex -33.2167 44.6087 -1
      vertex -33.2167 44.6087 1
    endloop
  endfacet
  facet normal -0.89686 0.442315 0
    outer loop
      vertex -32.9987 44.935 -1
      vertex -32.8251 45.287 1
      vertex -32.8251 45.287 -1
    endloop
  endfacet
  facet normal -0.89686 0.442315 0
    outer loop
      vertex -32.8251 45.287 1
      vertex -32.9987 44.935 -1
      vertex -32.9987 44.935 1
    endloop
  endfacet
  facet normal 0.980766 0.195185 0
    outer loop
      vertex -38.4945 45.6586 1
      vertex -38.5711 46.0435 -1
      vertex -38.5711 46.0435 1
    endloop
  endfacet
  facet normal 0.980766 0.195185 0
    outer loop
      vertex -38.5711 46.0435 -1
      vertex -38.4945 45.6586 1
      vertex -38.4945 45.6586 -1
    endloop
  endfacet
  facet normal 0.980766 -0.195185 0
    outer loop
      vertex -38.5711 46.8266 1
      vertex -38.4945 47.2115 -1
      vertex -38.4945 47.2115 1
    endloop
  endfacet
  facet normal 0.980766 -0.195185 0
    outer loop
      vertex -38.4945 47.2115 -1
      vertex -38.5711 46.8266 1
      vertex -38.5711 46.8266 -1
    endloop
  endfacet
  facet normal 0.659208 -0.751961 0
    outer loop
      vertex -37.7181 48.5564 -1
      vertex -37.423 48.8151 1
      vertex -37.7181 48.5564 1
    endloop
  endfacet
  facet normal 0.659208 -0.751961 0
    outer loop
      vertex -37.423 48.8151 1
      vertex -37.7181 48.5564 -1
      vertex -37.423 48.8151 -1
    endloop
  endfacet
  facet normal 0.0652336 -0.99787 0
    outer loop
      vertex -35.9883 49.4094 -1
      vertex -35.5967 49.435 1
      vertex -35.9883 49.4094 1
    endloop
  endfacet
  facet normal 0.0652336 -0.99787 0
    outer loop
      vertex -35.5967 49.435 1
      vertex -35.9883 49.4094 -1
      vertex -35.5967 49.435 -1
    endloop
  endfacet
  facet normal 0.321345 0.946962 -0
    outer loop
      vertex -36.3732 43.5373 -1
      vertex -36.7448 43.6634 1
      vertex -36.3732 43.5373 1
    endloop
  endfacet
  facet normal 0.321345 0.946962 0
    outer loop
      vertex -36.7448 43.6634 1
      vertex -36.3732 43.5373 -1
      vertex -36.7448 43.6634 -1
    endloop
  endfacet
  facet normal -0.659208 0.751961 0
    outer loop
      vertex -33.4754 44.3137 -1
      vertex -33.7705 44.055 1
      vertex -33.4754 44.3137 1
    endloop
  endfacet
  facet normal -0.659208 0.751961 0
    outer loop
      vertex -33.7705 44.055 1
      vertex -33.4754 44.3137 -1
      vertex -33.7705 44.055 -1
    endloop
  endfacet
  facet normal 0.659208 0.751961 -0
    outer loop
      vertex -37.423 44.055 -1
      vertex -37.7181 44.3137 1
      vertex -37.423 44.055 1
    endloop
  endfacet
  facet normal 0.659208 0.751961 0
    outer loop
      vertex -37.7181 44.3137 1
      vertex -37.423 44.055 -1
      vertex -37.7181 44.3137 -1
    endloop
  endfacet
  facet normal -0.442315 -0.89686 0
    outer loop
      vertex -34.4487 49.2067 -1
      vertex -34.0967 49.0331 1
      vertex -34.4487 49.2067 1
    endloop
  endfacet
  facet normal -0.442315 -0.89686 -0
    outer loop
      vertex -34.0967 49.0331 1
      vertex -34.4487 49.2067 -1
      vertex -34.0967 49.0331 -1
    endloop
  endfacet
  facet normal 0.195185 0.980766 -0
    outer loop
      vertex -35.9883 43.4607 -1
      vertex -36.3732 43.5373 1
      vertex -35.9883 43.4607 1
    endloop
  endfacet
  facet normal 0.195185 0.980766 0
    outer loop
      vertex -36.3732 43.5373 1
      vertex -35.9883 43.4607 -1
      vertex -36.3732 43.5373 -1
    endloop
  endfacet
  facet normal -0.065504 0.997852 0
    outer loop
      vertex -35.2052 43.4607 -1
      vertex -35.5967 43.435 1
      vertex -35.2052 43.4607 1
    endloop
  endfacet
  facet normal -0.065504 0.997852 0
    outer loop
      vertex -35.5967 43.435 1
      vertex -35.2052 43.4607 -1
      vertex -35.5967 43.435 -1
    endloop
  endfacet
  facet normal 0.99787 -0.0652336 0
    outer loop
      vertex -38.5967 46.435 1
      vertex -38.5711 46.8266 -1
      vertex -38.5711 46.8266 1
    endloop
  endfacet
  facet normal 0.99787 -0.0652336 0
    outer loop
      vertex -38.5711 46.8266 -1
      vertex -38.5967 46.435 1
      vertex -38.5967 46.435 -1
    endloop
  endfacet
  facet normal 0.946962 -0.321345 0
    outer loop
      vertex -38.4945 47.2115 1
      vertex -38.3684 47.5831 -1
      vertex -38.3684 47.5831 1
    endloop
  endfacet
  facet normal 0.946962 -0.321345 0
    outer loop
      vertex -38.3684 47.5831 -1
      vertex -38.4945 47.2115 1
      vertex -38.4945 47.2115 -1
    endloop
  endfacet
  facet normal 0.831501 -0.555523 0
    outer loop
      vertex -38.1948 47.935 1
      vertex -37.9768 48.2613 -1
      vertex -37.9768 48.2613 1
    endloop
  endfacet
  facet normal 0.831501 -0.555523 0
    outer loop
      vertex -37.9768 48.2613 -1
      vertex -38.1948 47.935 1
      vertex -38.1948 47.935 -1
    endloop
  endfacet
  facet normal 0.831501 0.555523 0
    outer loop
      vertex -37.9768 44.6087 1
      vertex -38.1948 44.935 -1
      vertex -38.1948 44.935 1
    endloop
  endfacet
  facet normal 0.831501 0.555523 0
    outer loop
      vertex -38.1948 44.935 -1
      vertex -37.9768 44.6087 1
      vertex -37.9768 44.6087 -1
    endloop
  endfacet
  facet normal 0.555523 0.831501 -0
    outer loop
      vertex -37.0967 43.837 -1
      vertex -37.423 44.055 1
      vertex -37.0967 43.837 1
    endloop
  endfacet
  facet normal 0.555523 0.831501 0
    outer loop
      vertex -37.423 44.055 1
      vertex -37.0967 43.837 -1
      vertex -37.423 44.055 -1
    endloop
  endfacet
  facet normal 0.442416 0.89681 -0
    outer loop
      vertex -36.7448 43.6634 -1
      vertex -37.0967 43.837 1
      vertex -36.7448 43.6634 1
    endloop
  endfacet
  facet normal 0.442416 0.89681 0
    outer loop
      vertex -37.0967 43.837 1
      vertex -36.7448 43.6634 -1
      vertex -37.0967 43.837 -1
    endloop
  endfacet
  facet normal -0.065504 -0.997852 0
    outer loop
      vertex -35.5967 -43.435 -1
      vertex -35.2052 -43.4607 1
      vertex -35.5967 -43.435 1
    endloop
  endfacet
  facet normal -0.065504 -0.997852 -0
    outer loop
      vertex -35.2052 -43.4607 1
      vertex -35.5967 -43.435 -1
      vertex -35.2052 -43.4607 -1
    endloop
  endfacet
  facet normal 0.659208 -0.751961 0
    outer loop
      vertex -37.7181 -44.3137 -1
      vertex -37.423 -44.055 1
      vertex -37.7181 -44.3137 1
    endloop
  endfacet
  facet normal 0.659208 -0.751961 0
    outer loop
      vertex -37.423 -44.055 1
      vertex -37.7181 -44.3137 -1
      vertex -37.423 -44.055 -1
    endloop
  endfacet
  facet normal -0.555641 -0.831422 0
    outer loop
      vertex -34.0967 -43.837 -1
      vertex -33.7705 -44.055 1
      vertex -34.0967 -43.837 1
    endloop
  endfacet
  facet normal -0.555641 -0.831422 -0
    outer loop
      vertex -33.7705 -44.055 1
      vertex -34.0967 -43.837 -1
      vertex -33.7705 -44.055 -1
    endloop
  endfacet
  facet normal -0.89686 -0.442315 0
    outer loop
      vertex -32.8251 -45.287 -1
      vertex -32.9987 -44.935 1
      vertex -32.9987 -44.935 -1
    endloop
  endfacet
  facet normal -0.89686 -0.442315 0
    outer loop
      vertex -32.9987 -44.935 1
      vertex -32.8251 -45.287 -1
      vertex -32.8251 -45.287 1
    endloop
  endfacet
  facet normal 0.442416 0.89681 -0
    outer loop
      vertex -36.7448 -49.2067 -1
      vertex -37.0967 -49.0331 1
      vertex -36.7448 -49.2067 1
    endloop
  endfacet
  facet normal 0.442416 0.89681 0
    outer loop
      vertex -37.0967 -49.0331 1
      vertex -36.7448 -49.2067 -1
      vertex -37.0967 -49.0331 -1
    endloop
  endfacet
  facet normal 0.659208 0.751961 -0
    outer loop
      vertex -37.423 -48.8151 -1
      vertex -37.7181 -48.5564 1
      vertex -37.423 -48.8151 1
    endloop
  endfacet
  facet normal 0.659208 0.751961 0
    outer loop
      vertex -37.7181 -48.5564 1
      vertex -37.423 -48.8151 -1
      vertex -37.7181 -48.5564 -1
    endloop
  endfacet
  facet normal -0.946962 -0.321345 0
    outer loop
      vertex -32.699 -45.6586 -1
      vertex -32.8251 -45.287 1
      vertex -32.8251 -45.287 -1
    endloop
  endfacet
  facet normal -0.946962 -0.321345 0
    outer loop
      vertex -32.8251 -45.287 1
      vertex -32.699 -45.6586 -1
      vertex -32.699 -45.6586 1
    endloop
  endfacet
  facet normal 0.195185 -0.980766 0
    outer loop
      vertex -36.3732 -43.5373 -1
      vertex -35.9883 -43.4607 1
      vertex -36.3732 -43.5373 1
    endloop
  endfacet
  facet normal 0.195185 -0.980766 0
    outer loop
      vertex -35.9883 -43.4607 1
      vertex -36.3732 -43.5373 -1
      vertex -35.9883 -43.4607 -1
    endloop
  endfacet
  facet normal -0.195185 0.980766 0
    outer loop
      vertex -34.8203 -49.3328 -1
      vertex -35.2052 -49.4094 1
      vertex -34.8203 -49.3328 1
    endloop
  endfacet
  facet normal -0.195185 0.980766 0
    outer loop
      vertex -35.2052 -49.4094 1
      vertex -34.8203 -49.3328 -1
      vertex -35.2052 -49.4094 -1
    endloop
  endfacet
  facet normal -0.751961 0.659208 0
    outer loop
      vertex -33.4754 -48.5564 -1
      vertex -33.2167 -48.2613 1
      vertex -33.2167 -48.2613 -1
    endloop
  endfacet
  facet normal -0.751961 0.659208 0
    outer loop
      vertex -33.2167 -48.2613 1
      vertex -33.4754 -48.5564 -1
      vertex -33.4754 -48.5564 1
    endloop
  endfacet
  facet normal 0.0652336 0.99787 -0
    outer loop
      vertex -35.5967 -49.435 -1
      vertex -35.9883 -49.4094 1
      vertex -35.5967 -49.435 1
    endloop
  endfacet
  facet normal 0.0652336 0.99787 0
    outer loop
      vertex -35.9883 -49.4094 1
      vertex -35.5967 -49.435 -1
      vertex -35.9883 -49.4094 -1
    endloop
  endfacet
  facet normal 0.555523 -0.831501 0
    outer loop
      vertex -37.423 -44.055 -1
      vertex -37.0967 -43.837 1
      vertex -37.423 -44.055 1
    endloop
  endfacet
  facet normal 0.555523 -0.831501 0
    outer loop
      vertex -37.0967 -43.837 1
      vertex -37.423 -44.055 -1
      vertex -37.0967 -43.837 -1
    endloop
  endfacet
  facet normal -0.980766 -0.195185 0
    outer loop
      vertex -32.6224 -46.0435 -1
      vertex -32.699 -45.6586 1
      vertex -32.699 -45.6586 -1
    endloop
  endfacet
  facet normal -0.980766 -0.195185 0
    outer loop
      vertex -32.699 -45.6586 1
      vertex -32.6224 -46.0435 -1
      vertex -32.6224 -46.0435 1
    endloop
  endfacet
  facet normal -0.831501 0.555523 0
    outer loop
      vertex -33.2167 -48.2613 -1
      vertex -32.9987 -47.935 1
      vertex -32.9987 -47.935 -1
    endloop
  endfacet
  facet normal -0.831501 0.555523 0
    outer loop
      vertex -32.9987 -47.935 1
      vertex -33.2167 -48.2613 -1
      vertex -33.2167 -48.2613 1
    endloop
  endfacet
  facet normal -0.659208 0.751961 0
    outer loop
      vertex -33.4754 -48.5564 -1
      vertex -33.7705 -48.8151 1
      vertex -33.4754 -48.5564 1
    endloop
  endfacet
  facet normal -0.659208 0.751961 0
    outer loop
      vertex -33.7705 -48.8151 1
      vertex -33.4754 -48.5564 -1
      vertex -33.7705 -48.8151 -1
    endloop
  endfacet
  facet normal -0.555641 0.831422 0
    outer loop
      vertex -33.7705 -48.8151 -1
      vertex -34.0967 -49.0331 1
      vertex -33.7705 -48.8151 1
    endloop
  endfacet
  facet normal -0.555641 0.831422 0
    outer loop
      vertex -34.0967 -49.0331 1
      vertex -33.7705 -48.8151 -1
      vertex -34.0967 -49.0331 -1
    endloop
  endfacet
  facet normal -0.997852 -0.065504 0
    outer loop
      vertex -32.5967 -46.435 -1
      vertex -32.6224 -46.0435 1
      vertex -32.6224 -46.0435 -1
    endloop
  endfacet
  facet normal -0.997852 -0.065504 0
    outer loop
      vertex -32.6224 -46.0435 1
      vertex -32.5967 -46.435 -1
      vertex -32.5967 -46.435 1
    endloop
  endfacet
  facet normal 0.980766 -0.195185 0
    outer loop
      vertex -38.5711 -46.0435 1
      vertex -38.4945 -45.6586 -1
      vertex -38.4945 -45.6586 1
    endloop
  endfacet
  facet normal 0.980766 -0.195185 0
    outer loop
      vertex -38.4945 -45.6586 -1
      vertex -38.5711 -46.0435 1
      vertex -38.5711 -46.0435 -1
    endloop
  endfacet
  facet normal 0.321345 -0.946962 0
    outer loop
      vertex -36.7448 -43.6634 -1
      vertex -36.3732 -43.5373 1
      vertex -36.7448 -43.6634 1
    endloop
  endfacet
  facet normal 0.321345 -0.946962 0
    outer loop
      vertex -36.3732 -43.5373 1
      vertex -36.7448 -43.6634 -1
      vertex -36.3732 -43.5373 -1
    endloop
  endfacet
  facet normal -0.659208 -0.751961 0
    outer loop
      vertex -33.7705 -44.055 -1
      vertex -33.4754 -44.3137 1
      vertex -33.7705 -44.055 1
    endloop
  endfacet
  facet normal -0.659208 -0.751961 -0
    outer loop
      vertex -33.4754 -44.3137 1
      vertex -33.7705 -44.055 -1
      vertex -33.4754 -44.3137 -1
    endloop
  endfacet
  facet normal -0.946962 0.321345 0
    outer loop
      vertex -32.8251 -47.5831 -1
      vertex -32.699 -47.2115 1
      vertex -32.699 -47.2115 -1
    endloop
  endfacet
  facet normal -0.946962 0.321345 0
    outer loop
      vertex -32.699 -47.2115 1
      vertex -32.8251 -47.5831 -1
      vertex -32.8251 -47.5831 1
    endloop
  endfacet
  facet normal -0.75185 -0.659334 0
    outer loop
      vertex -33.2167 -44.6087 -1
      vertex -33.4754 -44.3137 1
      vertex -33.4754 -44.3137 -1
    endloop
  endfacet
  facet normal -0.75185 -0.659334 0
    outer loop
      vertex -33.4754 -44.3137 1
      vertex -33.2167 -44.6087 -1
      vertex -33.2167 -44.6087 1
    endloop
  endfacet
  facet normal 0.997869 -0.0652502 0
    outer loop
      vertex -38.5967 -46.435 1
      vertex -38.5711 -46.0435 -1
      vertex -38.5711 -46.0435 1
    endloop
  endfacet
  facet normal 0.997869 -0.0652502 0
    outer loop
      vertex -38.5711 -46.0435 -1
      vertex -38.5967 -46.435 1
      vertex -38.5967 -46.435 -1
    endloop
  endfacet
  facet normal -0.997853 0.0654873 0
    outer loop
      vertex -32.6224 -46.8266 -1
      vertex -32.5967 -46.435 1
      vertex -32.5967 -46.435 -1
    endloop
  endfacet
  facet normal -0.997853 0.0654873 0
    outer loop
      vertex -32.5967 -46.435 1
      vertex -32.6224 -46.8266 -1
      vertex -32.6224 -46.8266 1
    endloop
  endfacet
  facet normal -0.89681 0.442416 0
    outer loop
      vertex -32.9987 -47.935 -1
      vertex -32.8251 -47.5831 1
      vertex -32.8251 -47.5831 -1
    endloop
  endfacet
  facet normal -0.89681 0.442416 0
    outer loop
      vertex -32.8251 -47.5831 1
      vertex -32.9987 -47.935 -1
      vertex -32.9987 -47.935 1
    endloop
  endfacet
  facet normal 0.946962 0.321345 0
    outer loop
      vertex -38.3684 -47.5831 1
      vertex -38.4945 -47.2115 -1
      vertex -38.4945 -47.2115 1
    endloop
  endfacet
  facet normal 0.946962 0.321345 0
    outer loop
      vertex -38.4945 -47.2115 -1
      vertex -38.3684 -47.5831 1
      vertex -38.3684 -47.5831 -1
    endloop
  endfacet
  facet normal 0.555523 0.831501 -0
    outer loop
      vertex -37.0967 -49.0331 -1
      vertex -37.423 -48.8151 1
      vertex -37.0967 -49.0331 1
    endloop
  endfacet
  facet normal 0.555523 0.831501 0
    outer loop
      vertex -37.423 -48.8151 1
      vertex -37.0967 -49.0331 -1
      vertex -37.423 -48.8151 -1
    endloop
  endfacet
  facet normal -0.442315 0.89686 0
    outer loop
      vertex -34.0967 -49.0331 -1
      vertex -34.4487 -49.2067 1
      vertex -34.0967 -49.0331 1
    endloop
  endfacet
  facet normal -0.442315 0.89686 0
    outer loop
      vertex -34.4487 -49.2067 1
      vertex -34.0967 -49.0331 -1
      vertex -34.4487 -49.2067 -1
    endloop
  endfacet
  facet normal -0.195185 -0.980766 0
    outer loop
      vertex -35.2052 -43.4607 -1
      vertex -34.8203 -43.5373 1
      vertex -35.2052 -43.4607 1
    endloop
  endfacet
  facet normal -0.195185 -0.980766 -0
    outer loop
      vertex -34.8203 -43.5373 1
      vertex -35.2052 -43.4607 -1
      vertex -34.8203 -43.5373 -1
    endloop
  endfacet
  facet normal 0.442416 -0.89681 0
    outer loop
      vertex -37.0967 -43.837 -1
      vertex -36.7448 -43.6634 1
      vertex -37.0967 -43.837 1
    endloop
  endfacet
  facet normal 0.442416 -0.89681 0
    outer loop
      vertex -36.7448 -43.6634 1
      vertex -37.0967 -43.837 -1
      vertex -36.7448 -43.6634 -1
    endloop
  endfacet
  facet normal 0.0654873 -0.997853 0
    outer loop
      vertex -35.9883 -43.4607 -1
      vertex -35.5967 -43.435 1
      vertex -35.9883 -43.4607 1
    endloop
  endfacet
  facet normal 0.0654873 -0.997853 0
    outer loop
      vertex -35.5967 -43.435 1
      vertex -35.9883 -43.4607 -1
      vertex -35.5967 -43.435 -1
    endloop
  endfacet
  facet normal -0.980766 0.195185 0
    outer loop
      vertex -32.699 -47.2115 -1
      vertex -32.6224 -46.8266 1
      vertex -32.6224 -46.8266 -1
    endloop
  endfacet
  facet normal -0.980766 0.195185 0
    outer loop
      vertex -32.6224 -46.8266 1
      vertex -32.699 -47.2115 -1
      vertex -32.699 -47.2115 1
    endloop
  endfacet
  facet normal 0.831501 -0.555523 0
    outer loop
      vertex -38.1948 -44.935 1
      vertex -37.9768 -44.6087 -1
      vertex -37.9768 -44.6087 1
    endloop
  endfacet
  facet normal 0.831501 -0.555523 0
    outer loop
      vertex -37.9768 -44.6087 -1
      vertex -38.1948 -44.935 1
      vertex -38.1948 -44.935 -1
    endloop
  endfacet
  facet normal -0.321345 0.946962 0
    outer loop
      vertex -34.4487 -49.2067 -1
      vertex -34.8203 -49.3328 1
      vertex -34.4487 -49.2067 1
    endloop
  endfacet
  facet normal -0.321345 0.946962 0
    outer loop
      vertex -34.8203 -49.3328 1
      vertex -34.4487 -49.2067 -1
      vertex -34.8203 -49.3328 -1
    endloop
  endfacet
  facet normal 0.75185 -0.659334 0
    outer loop
      vertex -37.9768 -44.6087 1
      vertex -37.7181 -44.3137 -1
      vertex -37.7181 -44.3137 1
    endloop
  endfacet
  facet normal 0.75185 -0.659334 0
    outer loop
      vertex -37.7181 -44.3137 -1
      vertex -37.9768 -44.6087 1
      vertex -37.9768 -44.6087 -1
    endloop
  endfacet
  facet normal -0.321345 -0.946962 0
    outer loop
      vertex -34.8203 -43.5373 -1
      vertex -34.4487 -43.6634 1
      vertex -34.8203 -43.5373 1
    endloop
  endfacet
  facet normal -0.321345 -0.946962 -0
    outer loop
      vertex -34.4487 -43.6634 1
      vertex -34.8203 -43.5373 -1
      vertex -34.4487 -43.6634 -1
    endloop
  endfacet
  facet normal -0.831501 -0.555523 0
    outer loop
      vertex -32.9987 -44.935 -1
      vertex -33.2167 -44.6087 1
      vertex -33.2167 -44.6087 -1
    endloop
  endfacet
  facet normal -0.831501 -0.555523 0
    outer loop
      vertex -33.2167 -44.6087 1
      vertex -32.9987 -44.935 -1
      vertex -32.9987 -44.935 1
    endloop
  endfacet
  facet normal 0.751961 0.659208 0
    outer loop
      vertex -37.7181 -48.5564 1
      vertex -37.9768 -48.2613 -1
      vertex -37.9768 -48.2613 1
    endloop
  endfacet
  facet normal 0.751961 0.659208 0
    outer loop
      vertex -37.9768 -48.2613 -1
      vertex -37.7181 -48.5564 1
      vertex -37.7181 -48.5564 -1
    endloop
  endfacet
  facet normal 0.831501 0.555523 0
    outer loop
      vertex -37.9768 -48.2613 1
      vertex -38.1948 -47.935 -1
      vertex -38.1948 -47.935 1
    endloop
  endfacet
  facet normal 0.831501 0.555523 0
    outer loop
      vertex -38.1948 -47.935 -1
      vertex -37.9768 -48.2613 1
      vertex -37.9768 -48.2613 -1
    endloop
  endfacet
  facet normal -0.0652502 0.997869 0
    outer loop
      vertex -35.2052 -49.4094 -1
      vertex -35.5967 -49.435 1
      vertex -35.2052 -49.4094 1
    endloop
  endfacet
  facet normal -0.0652502 0.997869 0
    outer loop
      vertex -35.5967 -49.435 1
      vertex -35.2052 -49.4094 -1
      vertex -35.5967 -49.435 -1
    endloop
  endfacet
  facet normal -0.442315 -0.89686 0
    outer loop
      vertex -34.4487 -43.6634 -1
      vertex -34.0967 -43.837 1
      vertex -34.4487 -43.6634 1
    endloop
  endfacet
  facet normal -0.442315 -0.89686 -0
    outer loop
      vertex -34.0967 -43.837 1
      vertex -34.4487 -43.6634 -1
      vertex -34.0967 -43.837 -1
    endloop
  endfacet
  facet normal 0.195185 0.980766 -0
    outer loop
      vertex -35.9883 -49.4094 -1
      vertex -36.3732 -49.3328 1
      vertex -35.9883 -49.4094 1
    endloop
  endfacet
  facet normal 0.195185 0.980766 0
    outer loop
      vertex -36.3732 -49.3328 1
      vertex -35.9883 -49.4094 -1
      vertex -36.3732 -49.3328 -1
    endloop
  endfacet
  facet normal 0.89686 -0.442315 0
    outer loop
      vertex -38.3684 -45.287 1
      vertex -38.1948 -44.935 -1
      vertex -38.1948 -44.935 1
    endloop
  endfacet
  facet normal 0.89686 -0.442315 0
    outer loop
      vertex -38.1948 -44.935 -1
      vertex -38.3684 -45.287 1
      vertex -38.3684 -45.287 -1
    endloop
  endfacet
  facet normal 0.980766 0.195185 0
    outer loop
      vertex -38.4945 -47.2115 1
      vertex -38.5711 -46.8266 -1
      vertex -38.5711 -46.8266 1
    endloop
  endfacet
  facet normal 0.980766 0.195185 0
    outer loop
      vertex -38.5711 -46.8266 -1
      vertex -38.4945 -47.2115 1
      vertex -38.4945 -47.2115 -1
    endloop
  endfacet
  facet normal 0.99787 0.0652336 0
    outer loop
      vertex -38.5711 -46.8266 1
      vertex -38.5967 -46.435 -1
      vertex -38.5967 -46.435 1
    endloop
  endfacet
  facet normal 0.99787 0.0652336 0
    outer loop
      vertex -38.5967 -46.435 -1
      vertex -38.5711 -46.8266 1
      vertex -38.5711 -46.8266 -1
    endloop
  endfacet
  facet normal 0.321345 0.946962 -0
    outer loop
      vertex -36.3732 -49.3328 -1
      vertex -36.7448 -49.2067 1
      vertex -36.3732 -49.3328 1
    endloop
  endfacet
  facet normal 0.321345 0.946962 0
    outer loop
      vertex -36.7448 -49.2067 1
      vertex -36.3732 -49.3328 -1
      vertex -36.7448 -49.2067 -1
    endloop
  endfacet
  facet normal 0.946962 -0.321345 0
    outer loop
      vertex -38.4945 -45.6586 1
      vertex -38.3684 -45.287 -1
      vertex -38.3684 -45.287 1
    endloop
  endfacet
  facet normal 0.946962 -0.321345 0
    outer loop
      vertex -38.3684 -45.287 -1
      vertex -38.4945 -45.6586 1
      vertex -38.4945 -45.6586 -1
    endloop
  endfacet
  facet normal 0.89681 0.442416 0
    outer loop
      vertex -38.1948 -47.935 1
      vertex -38.3684 -47.5831 -1
      vertex -38.3684 -47.5831 1
    endloop
  endfacet
  facet normal 0.89681 0.442416 0
    outer loop
      vertex -38.3684 -47.5831 -1
      vertex -38.1948 -47.935 1
      vertex -38.1948 -47.935 -1
    endloop
  endfacet
  facet normal 0.065504 0.997852 -0
    outer loop
      vertex 13.5967 -78.1335 -1
      vertex 13.2052 -78.1078 1
      vertex 13.5967 -78.1335 1
    endloop
  endfacet
  facet normal 0.065504 0.997852 0
    outer loop
      vertex 13.2052 -78.1078 1
      vertex 13.5967 -78.1335 -1
      vertex 13.2052 -78.1078 -1
    endloop
  endfacet
  facet normal -0.980766 -0.195185 0
    outer loop
      vertex 16.5711 -74.7419 -1
      vertex 16.4945 -74.357 1
      vertex 16.4945 -74.357 -1
    endloop
  endfacet
  facet normal -0.980766 -0.195185 0
    outer loop
      vertex 16.4945 -74.357 1
      vertex 16.5711 -74.7419 -1
      vertex 16.5711 -74.7419 1
    endloop
  endfacet
  facet normal -0.99787 -0.0652336 0
    outer loop
      vertex 16.5967 -75.1335 -1
      vertex 16.5711 -74.7419 1
      vertex 16.5711 -74.7419 -1
    endloop
  endfacet
  facet normal -0.99787 -0.0652336 0
    outer loop
      vertex 16.5711 -74.7419 1
      vertex 16.5967 -75.1335 -1
      vertex 16.5967 -75.1335 1
    endloop
  endfacet
  facet normal -0.946962 -0.321345 0
    outer loop
      vertex 16.4945 -74.357 -1
      vertex 16.3684 -73.9854 1
      vertex 16.3684 -73.9854 -1
    endloop
  endfacet
  facet normal -0.946962 -0.321345 0
    outer loop
      vertex 16.3684 -73.9854 1
      vertex 16.4945 -74.357 -1
      vertex 16.4945 -74.357 1
    endloop
  endfacet
  facet normal -0.831501 -0.555523 0
    outer loop
      vertex 16.1948 -73.6335 -1
      vertex 15.9768 -73.3072 1
      vertex 15.9768 -73.3072 -1
    endloop
  endfacet
  facet normal -0.831501 -0.555523 0
    outer loop
      vertex 15.9768 -73.3072 1
      vertex 16.1948 -73.6335 -1
      vertex 16.1948 -73.6335 1
    endloop
  endfacet
  facet normal 0.555641 -0.831422 0
    outer loop
      vertex 11.7705 -72.7534 -1
      vertex 12.0967 -72.5354 1
      vertex 11.7705 -72.7534 1
    endloop
  endfacet
  facet normal 0.555641 -0.831422 0
    outer loop
      vertex 12.0967 -72.5354 1
      vertex 11.7705 -72.7534 -1
      vertex 12.0967 -72.5354 -1
    endloop
  endfacet
  facet normal -0.980766 0.195185 0
    outer loop
      vertex 16.4945 -75.9099 -1
      vertex 16.5711 -75.525 1
      vertex 16.5711 -75.525 -1
    endloop
  endfacet
  facet normal -0.980766 0.195185 0
    outer loop
      vertex 16.5711 -75.525 1
      vertex 16.4945 -75.9099 -1
      vertex 16.4945 -75.9099 1
    endloop
  endfacet
  facet normal -0.831422 0.555641 0
    outer loop
      vertex 15.9768 -76.9597 -1
      vertex 16.1948 -76.6335 1
      vertex 16.1948 -76.6335 -1
    endloop
  endfacet
  facet normal -0.831422 0.555641 0
    outer loop
      vertex 16.1948 -76.6335 1
      vertex 15.9768 -76.9597 -1
      vertex 15.9768 -76.9597 1
    endloop
  endfacet
  facet normal -0.751961 -0.659208 0
    outer loop
      vertex 15.9768 -73.3072 -1
      vertex 15.7181 -73.0121 1
      vertex 15.7181 -73.0121 -1
    endloop
  endfacet
  facet normal -0.751961 -0.659208 0
    outer loop
      vertex 15.7181 -73.0121 1
      vertex 15.9768 -73.3072 -1
      vertex 15.9768 -73.3072 1
    endloop
  endfacet
  facet normal 0.946962 -0.321345 0
    outer loop
      vertex 10.699 -74.357 1
      vertex 10.8251 -73.9854 -1
      vertex 10.8251 -73.9854 1
    endloop
  endfacet
  facet normal 0.946962 -0.321345 0
    outer loop
      vertex 10.8251 -73.9854 -1
      vertex 10.699 -74.357 1
      vertex 10.699 -74.357 -1
    endloop
  endfacet
  facet normal 0.997853 -0.0654873 0
    outer loop
      vertex 10.5967 -75.1335 1
      vertex 10.6224 -74.7419 -1
      vertex 10.6224 -74.7419 1
    endloop
  endfacet
  facet normal 0.997853 -0.0654873 0
    outer loop
      vertex 10.6224 -74.7419 -1
      vertex 10.5967 -75.1335 1
      vertex 10.5967 -75.1335 -1
    endloop
  endfacet
  facet normal -0.946962 0.321345 0
    outer loop
      vertex 16.3684 -76.2815 -1
      vertex 16.4945 -75.9099 1
      vertex 16.4945 -75.9099 -1
    endloop
  endfacet
  facet normal -0.946962 0.321345 0
    outer loop
      vertex 16.4945 -75.9099 1
      vertex 16.3684 -76.2815 -1
      vertex 16.3684 -76.2815 1
    endloop
  endfacet
  facet normal -0.442416 0.89681 0
    outer loop
      vertex 15.0967 -77.7315 -1
      vertex 14.7448 -77.9051 1
      vertex 15.0967 -77.7315 1
    endloop
  endfacet
  facet normal -0.442416 0.89681 0
    outer loop
      vertex 14.7448 -77.9051 1
      vertex 15.0967 -77.7315 -1
      vertex 14.7448 -77.9051 -1
    endloop
  endfacet
  facet normal -0.89681 -0.442416 0
    outer loop
      vertex 16.3684 -73.9854 -1
      vertex 16.1948 -73.6335 1
      vertex 16.1948 -73.6335 -1
    endloop
  endfacet
  facet normal -0.89681 -0.442416 0
    outer loop
      vertex 16.1948 -73.6335 1
      vertex 16.3684 -73.9854 -1
      vertex 16.3684 -73.9854 1
    endloop
  endfacet
  facet normal 0.89686 0.442315 0
    outer loop
      vertex 10.9987 -76.6335 1
      vertex 10.8251 -76.2815 -1
      vertex 10.8251 -76.2815 1
    endloop
  endfacet
  facet normal 0.89686 0.442315 0
    outer loop
      vertex 10.8251 -76.2815 -1
      vertex 10.9987 -76.6335 1
      vertex 10.9987 -76.6335 -1
    endloop
  endfacet
  facet normal 0.0652502 -0.997869 0
    outer loop
      vertex 13.2052 -72.1591 -1
      vertex 13.5967 -72.1335 1
      vertex 13.2052 -72.1591 1
    endloop
  endfacet
  facet normal 0.0652502 -0.997869 0
    outer loop
      vertex 13.5967 -72.1335 1
      vertex 13.2052 -72.1591 -1
      vertex 13.5967 -72.1335 -1
    endloop
  endfacet
  facet normal 0.659208 0.751961 -0
    outer loop
      vertex 11.7705 -77.5135 -1
      vertex 11.4754 -77.2548 1
      vertex 11.7705 -77.5135 1
    endloop
  endfacet
  facet normal 0.659208 0.751961 0
    outer loop
      vertex 11.4754 -77.2548 1
      vertex 11.7705 -77.5135 -1
      vertex 11.4754 -77.2548 -1
    endloop
  endfacet
  facet normal 0.751961 -0.659208 0
    outer loop
      vertex 11.2167 -73.3072 1
      vertex 11.4754 -73.0121 -1
      vertex 11.4754 -73.0121 1
    endloop
  endfacet
  facet normal 0.751961 -0.659208 0
    outer loop
      vertex 11.4754 -73.0121 -1
      vertex 11.2167 -73.3072 1
      vertex 11.2167 -73.3072 -1
    endloop
  endfacet
  facet normal -0.321345 0.946962 0
    outer loop
      vertex 14.7448 -77.9051 -1
      vertex 14.3732 -78.0312 1
      vertex 14.7448 -77.9051 1
    endloop
  endfacet
  facet normal -0.321345 0.946962 0
    outer loop
      vertex 14.3732 -78.0312 1
      vertex 14.7448 -77.9051 -1
      vertex 14.3732 -78.0312 -1
    endloop
  endfacet
  facet normal 0.89681 -0.442416 0
    outer loop
      vertex 10.8251 -73.9854 1
      vertex 10.9987 -73.6335 -1
      vertex 10.9987 -73.6335 1
    endloop
  endfacet
  facet normal 0.89681 -0.442416 0
    outer loop
      vertex 10.9987 -73.6335 -1
      vertex 10.8251 -73.9854 1
      vertex 10.8251 -73.9854 -1
    endloop
  endfacet
  facet normal 0.442315 -0.89686 0
    outer loop
      vertex 12.0967 -72.5354 -1
      vertex 12.4487 -72.3618 1
      vertex 12.0967 -72.5354 1
    endloop
  endfacet
  facet normal 0.442315 -0.89686 0
    outer loop
      vertex 12.4487 -72.3618 1
      vertex 12.0967 -72.5354 -1
      vertex 12.4487 -72.3618 -1
    endloop
  endfacet
  facet normal -0.89686 0.442315 0
    outer loop
      vertex 16.1948 -76.6335 -1
      vertex 16.3684 -76.2815 1
      vertex 16.3684 -76.2815 -1
    endloop
  endfacet
  facet normal -0.89686 0.442315 0
    outer loop
      vertex 16.3684 -76.2815 1
      vertex 16.1948 -76.6335 -1
      vertex 16.1948 -76.6335 1
    endloop
  endfacet
  facet normal 0.980766 0.195185 0
    outer loop
      vertex 10.699 -75.9099 1
      vertex 10.6224 -75.525 -1
      vertex 10.6224 -75.525 1
    endloop
  endfacet
  facet normal 0.980766 0.195185 0
    outer loop
      vertex 10.6224 -75.525 -1
      vertex 10.699 -75.9099 1
      vertex 10.699 -75.9099 -1
    endloop
  endfacet
  facet normal -0.321345 -0.946962 0
    outer loop
      vertex 14.3732 -72.2357 -1
      vertex 14.7448 -72.3618 1
      vertex 14.3732 -72.2357 1
    endloop
  endfacet
  facet normal -0.321345 -0.946962 -0
    outer loop
      vertex 14.7448 -72.3618 1
      vertex 14.3732 -72.2357 -1
      vertex 14.7448 -72.3618 -1
    endloop
  endfacet
  facet normal 0.831501 -0.555523 0
    outer loop
      vertex 10.9987 -73.6335 1
      vertex 11.2167 -73.3072 -1
      vertex 11.2167 -73.3072 1
    endloop
  endfacet
  facet normal 0.831501 -0.555523 0
    outer loop
      vertex 11.2167 -73.3072 -1
      vertex 10.9987 -73.6335 1
      vertex 10.9987 -73.6335 -1
    endloop
  endfacet
  facet normal -0.997869 0.0652502 0
    outer loop
      vertex 16.5711 -75.525 -1
      vertex 16.5967 -75.1335 1
      vertex 16.5967 -75.1335 -1
    endloop
  endfacet
  facet normal -0.997869 0.0652502 0
    outer loop
      vertex 16.5967 -75.1335 1
      vertex 16.5711 -75.525 -1
      vertex 16.5711 -75.525 1
    endloop
  endfacet
  facet normal -0.555523 -0.831501 0
    outer loop
      vertex 15.0967 -72.5354 -1
      vertex 15.423 -72.7534 1
      vertex 15.0967 -72.5354 1
    endloop
  endfacet
  facet normal -0.555523 -0.831501 -0
    outer loop
      vertex 15.423 -72.7534 1
      vertex 15.0967 -72.5354 -1
      vertex 15.423 -72.7534 -1
    endloop
  endfacet
  facet normal -0.442416 -0.89681 0
    outer loop
      vertex 14.7448 -72.3618 -1
      vertex 15.0967 -72.5354 1
      vertex 14.7448 -72.3618 1
    endloop
  endfacet
  facet normal -0.442416 -0.89681 -0
    outer loop
      vertex 15.0967 -72.5354 1
      vertex 14.7448 -72.3618 -1
      vertex 15.0967 -72.5354 -1
    endloop
  endfacet
  facet normal 0.442315 0.89686 -0
    outer loop
      vertex 12.4487 -77.9051 -1
      vertex 12.0967 -77.7315 1
      vertex 12.4487 -77.9051 1
    endloop
  endfacet
  facet normal 0.442315 0.89686 0
    outer loop
      vertex 12.0967 -77.7315 1
      vertex 12.4487 -77.9051 -1
      vertex 12.0967 -77.7315 -1
    endloop
  endfacet
  facet normal -0.0654873 0.997853 0
    outer loop
      vertex 13.9883 -78.1078 -1
      vertex 13.5967 -78.1335 1
      vertex 13.9883 -78.1078 1
    endloop
  endfacet
  facet normal -0.0654873 0.997853 0
    outer loop
      vertex 13.5967 -78.1335 1
      vertex 13.9883 -78.1078 -1
      vertex 13.5967 -78.1335 -1
    endloop
  endfacet
  facet normal -0.555523 0.831501 0
    outer loop
      vertex 15.423 -77.5135 -1
      vertex 15.0967 -77.7315 1
      vertex 15.423 -77.5135 1
    endloop
  endfacet
  facet normal -0.555523 0.831501 0
    outer loop
      vertex 15.0967 -77.7315 1
      vertex 15.423 -77.5135 -1
      vertex 15.0967 -77.7315 -1
    endloop
  endfacet
  facet normal -0.195185 0.980766 0
    outer loop
      vertex 14.3732 -78.0312 -1
      vertex 13.9883 -78.1078 1
      vertex 14.3732 -78.0312 1
    endloop
  endfacet
  facet normal -0.195185 0.980766 0
    outer loop
      vertex 13.9883 -78.1078 1
      vertex 14.3732 -78.0312 -1
      vertex 13.9883 -78.1078 -1
    endloop
  endfacet
  facet normal 0.195185 -0.980766 0
    outer loop
      vertex 12.8203 -72.2357 -1
      vertex 13.2052 -72.1591 1
      vertex 12.8203 -72.2357 1
    endloop
  endfacet
  facet normal 0.195185 -0.980766 0
    outer loop
      vertex 13.2052 -72.1591 1
      vertex 12.8203 -72.2357 -1
      vertex 13.2052 -72.1591 -1
    endloop
  endfacet
  facet normal -0.751961 0.659208 0
    outer loop
      vertex 15.7181 -77.2548 -1
      vertex 15.9768 -76.9597 1
      vertex 15.9768 -76.9597 -1
    endloop
  endfacet
  facet normal -0.751961 0.659208 0
    outer loop
      vertex 15.9768 -76.9597 1
      vertex 15.7181 -77.2548 -1
      vertex 15.7181 -77.2548 1
    endloop
  endfacet
  facet normal -0.195185 -0.980766 0
    outer loop
      vertex 13.9883 -72.1591 -1
      vertex 14.3732 -72.2357 1
      vertex 13.9883 -72.1591 1
    endloop
  endfacet
  facet normal -0.195185 -0.980766 -0
    outer loop
      vertex 14.3732 -72.2357 1
      vertex 13.9883 -72.1591 -1
      vertex 14.3732 -72.2357 -1
    endloop
  endfacet
  facet normal 0.980766 -0.195185 0
    outer loop
      vertex 10.6224 -74.7419 1
      vertex 10.699 -74.357 -1
      vertex 10.699 -74.357 1
    endloop
  endfacet
  facet normal 0.980766 -0.195185 0
    outer loop
      vertex 10.699 -74.357 -1
      vertex 10.6224 -74.7419 1
      vertex 10.6224 -74.7419 -1
    endloop
  endfacet
  facet normal 0.946962 0.321345 0
    outer loop
      vertex 10.8251 -76.2815 1
      vertex 10.699 -75.9099 -1
      vertex 10.699 -75.9099 1
    endloop
  endfacet
  facet normal 0.946962 0.321345 0
    outer loop
      vertex 10.699 -75.9099 -1
      vertex 10.8251 -76.2815 1
      vertex 10.8251 -76.2815 -1
    endloop
  endfacet
  facet normal -0.0652336 -0.99787 0
    outer loop
      vertex 13.5967 -72.1335 -1
      vertex 13.9883 -72.1591 1
      vertex 13.5967 -72.1335 1
    endloop
  endfacet
  facet normal -0.0652336 -0.99787 -0
    outer loop
      vertex 13.9883 -72.1591 1
      vertex 13.5967 -72.1335 -1
      vertex 13.9883 -72.1591 -1
    endloop
  endfacet
  facet normal -0.659208 0.751961 0
    outer loop
      vertex 15.7181 -77.2548 -1
      vertex 15.423 -77.5135 1
      vertex 15.7181 -77.2548 1
    endloop
  endfacet
  facet normal -0.659208 0.751961 0
    outer loop
      vertex 15.423 -77.5135 1
      vertex 15.7181 -77.2548 -1
      vertex 15.423 -77.5135 -1
    endloop
  endfacet
  facet normal 0.195185 0.980766 -0
    outer loop
      vertex 13.2052 -78.1078 -1
      vertex 12.8203 -78.0312 1
      vertex 13.2052 -78.1078 1
    endloop
  endfacet
  facet normal 0.195185 0.980766 0
    outer loop
      vertex 12.8203 -78.0312 1
      vertex 13.2052 -78.1078 -1
      vertex 12.8203 -78.0312 -1
    endloop
  endfacet
  facet normal -0.659208 -0.751961 0
    outer loop
      vertex 15.423 -72.7534 -1
      vertex 15.7181 -73.0121 1
      vertex 15.423 -72.7534 1
    endloop
  endfacet
  facet normal -0.659208 -0.751961 -0
    outer loop
      vertex 15.7181 -73.0121 1
      vertex 15.423 -72.7534 -1
      vertex 15.7181 -73.0121 -1
    endloop
  endfacet
  facet normal 0.997852 0.065504 0
    outer loop
      vertex 10.6224 -75.525 1
      vertex 10.5967 -75.1335 -1
      vertex 10.5967 -75.1335 1
    endloop
  endfacet
  facet normal 0.997852 0.065504 0
    outer loop
      vertex 10.5967 -75.1335 -1
      vertex 10.6224 -75.525 1
      vertex 10.6224 -75.525 -1
    endloop
  endfacet
  facet normal 0.321345 -0.946962 0
    outer loop
      vertex 12.4487 -72.3618 -1
      vertex 12.8203 -72.2357 1
      vertex 12.4487 -72.3618 1
    endloop
  endfacet
  facet normal 0.321345 -0.946962 0
    outer loop
      vertex 12.8203 -72.2357 1
      vertex 12.4487 -72.3618 -1
      vertex 12.8203 -72.2357 -1
    endloop
  endfacet
  facet normal 0.831422 0.555641 0
    outer loop
      vertex 11.2167 -76.9597 1
      vertex 10.9987 -76.6335 -1
      vertex 10.9987 -76.6335 1
    endloop
  endfacet
  facet normal 0.831422 0.555641 0
    outer loop
      vertex 10.9987 -76.6335 -1
      vertex 11.2167 -76.9597 1
      vertex 11.2167 -76.9597 -1
    endloop
  endfacet
  facet normal 0.751961 0.659208 0
    outer loop
      vertex 11.4754 -77.2548 1
      vertex 11.2167 -76.9597 -1
      vertex 11.2167 -76.9597 1
    endloop
  endfacet
  facet normal 0.751961 0.659208 0
    outer loop
      vertex 11.2167 -76.9597 -1
      vertex 11.4754 -77.2548 1
      vertex 11.4754 -77.2548 -1
    endloop
  endfacet
  facet normal 0.555641 0.831422 -0
    outer loop
      vertex 12.0967 -77.7315 -1
      vertex 11.7705 -77.5135 1
      vertex 12.0967 -77.7315 1
    endloop
  endfacet
  facet normal 0.555641 0.831422 0
    outer loop
      vertex 11.7705 -77.5135 1
      vertex 12.0967 -77.7315 -1
      vertex 11.7705 -77.5135 -1
    endloop
  endfacet
  facet normal 0.659208 -0.751961 0
    outer loop
      vertex 11.4754 -73.0121 -1
      vertex 11.7705 -72.7534 1
      vertex 11.4754 -73.0121 1
    endloop
  endfacet
  facet normal 0.659208 -0.751961 0
    outer loop
      vertex 11.7705 -72.7534 1
      vertex 11.4754 -73.0121 -1
      vertex 11.7705 -72.7534 -1
    endloop
  endfacet
  facet normal 0.321345 0.946962 -0
    outer loop
      vertex 12.8203 -78.0312 -1
      vertex 12.4487 -77.9051 1
      vertex 12.8203 -78.0312 1
    endloop
  endfacet
  facet normal 0.321345 0.946962 0
    outer loop
      vertex 12.4487 -77.9051 1
      vertex 12.8203 -78.0312 -1
      vertex 12.4487 -77.9051 -1
    endloop
  endfacet
endsolid OpenSCAD_Model
