solid OpenSCAD_Model
  facet normal 1 -0 0
    outer loop
      vertex 70 -50 1.5
      vertex 70 50 -1.5
      vertex 70 50 1.5
    endloop
  endfacet
  facet normal 1 0 0
    outer loop
      vertex 70 50 -1.5
      vertex 70 -50 1.5
      vertex 70 -50 -1.5
    endloop
  endfacet
  facet normal 0 0 1
    outer loop
      vertex -58.81 39.0869 1.5
      vertex -1.19003 39.0869 1.5
      vertex -58.701 39.25 1.5
    endloop
  endfacet
  facet normal 0 0 1
    outer loop
      vertex -0.913141 -38.81 1.5
      vertex -58.5128 -39.8042 1.5
      vertex -58.5 -40 1.5
    endloop
  endfacet
  facet normal 0 0 1
    outer loop
      vertex -1.19003 39.0869 1.5
      vertex -58.81 39.0869 1.5
      vertex -1.06066 38.9393 1.5
    endloop
  endfacet
  facet normal 0 0 1
    outer loop
      vertex -0.913141 -38.81 1.5
      vertex -58.5511 -39.6118 1.5
      vertex -58.5128 -39.8042 1.5
    endloop
  endfacet
  facet normal 0 0 1
    outer loop
      vertex -58.9393 38.9393 1.5
      vertex -1.06066 38.9393 1.5
      vertex -58.81 39.0869 1.5
    endloop
  endfacet
  facet normal 0 0 1
    outer loop
      vertex -0.913141 -38.81 1.5
      vertex -58.6142 -39.426 1.5
      vertex -58.5511 -39.6118 1.5
    endloop
  endfacet
  facet normal 0 0 1
    outer loop
      vertex -1.06066 38.9393 1.5
      vertex -58.9393 38.9393 1.5
      vertex -0.913141 38.81 1.5
    endloop
  endfacet
  facet normal 0 0 1
    outer loop
      vertex -0.913141 -38.81 1.5
      vertex -58.701 -39.25 1.5
      vertex -58.6142 -39.426 1.5
    endloop
  endfacet
  facet normal 0 0 1
    outer loop
      vertex -59.0869 38.81 1.5
      vertex -0.913141 38.81 1.5
      vertex -58.9393 38.9393 1.5
    endloop
  endfacet
  facet normal 0 0 1
    outer loop
      vertex -0.913141 -38.81 1.5
      vertex -58.81 -39.0869 1.5
      vertex -58.701 -39.25 1.5
    endloop
  endfacet
  facet normal 0 0 1
    outer loop
      vertex -0.913141 38.81 1.5
      vertex -59.0869 38.81 1.5
      vertex -0.913141 -38.81 1.5
    endloop
  endfacet
  facet normal 0 0 1
    outer loop
      vertex -0.913141 -38.81 1.5
      vertex -58.9393 -38.9393 1.5
      vertex -58.81 -39.0869 1.5
    endloop
  endfacet
  facet normal 0 0 1
    outer loop
      vertex -59.0869 -38.81 1.5
      vertex -0.913141 -38.81 1.5
      vertex -59.0869 38.81 1.5
    endloop
  endfacet
  facet normal 0 0 1
    outer loop
      vertex -0.913141 -38.81 1.5
      vertex -59.0869 -38.81 1.5
      vertex -58.9393 -38.9393 1.5
    endloop
  endfacet
  facet normal -0 0 1
    outer loop
      vertex -59.25 38.701 1.5
      vertex -59.0869 -38.81 1.5
      vertex -59.0869 38.81 1.5
    endloop
  endfacet
  facet normal 0 0 1
    outer loop
      vertex -59.25 38.701 1.5
      vertex -59.25 -38.701 1.5
      vertex -59.0869 -38.81 1.5
    endloop
  endfacet
  facet normal -0 0 1
    outer loop
      vertex -59.426 38.6142 1.5
      vertex -59.25 -38.701 1.5
      vertex -59.25 38.701 1.5
    endloop
  endfacet
  facet normal 0 0 1
    outer loop
      vertex -59.426 38.6142 1.5
      vertex -59.426 -38.6142 1.5
      vertex -59.25 -38.701 1.5
    endloop
  endfacet
  facet normal -0 0 1
    outer loop
      vertex -59.6118 38.5511 1.5
      vertex -59.426 -38.6142 1.5
      vertex -59.426 38.6142 1.5
    endloop
  endfacet
  facet normal 0 0 1
    outer loop
      vertex -59.6118 38.5511 1.5
      vertex -59.6118 -38.5511 1.5
      vertex -59.426 -38.6142 1.5
    endloop
  endfacet
  facet normal -0 0 1
    outer loop
      vertex -59.8042 38.5128 1.5
      vertex -59.6118 -38.5511 1.5
      vertex -59.6118 38.5511 1.5
    endloop
  endfacet
  facet normal 0 0 1
    outer loop
      vertex -59.8042 38.5128 1.5
      vertex -59.8042 -38.5128 1.5
      vertex -59.6118 -38.5511 1.5
    endloop
  endfacet
  facet normal -0 0 1
    outer loop
      vertex -60 38.5 1.5
      vertex -59.8042 -38.5128 1.5
      vertex -59.8042 38.5128 1.5
    endloop
  endfacet
  facet normal 0 0 1
    outer loop
      vertex -60 38.5 1.5
      vertex -60 -38.5 1.5
      vertex -59.8042 -38.5128 1.5
    endloop
  endfacet
  facet normal 0 0 1
    outer loop
      vertex -60.1958 38.5128 1.5
      vertex -60 -38.5 1.5
      vertex -60 38.5 1.5
    endloop
  endfacet
  facet normal 0 0 1
    outer loop
      vertex -60.1958 38.5128 1.5
      vertex -60.1958 -38.5128 1.5
      vertex -60 -38.5 1.5
    endloop
  endfacet
  facet normal 0 0 1
    outer loop
      vertex -60.3882 38.5511 1.5
      vertex -60.1958 -38.5128 1.5
      vertex -60.1958 38.5128 1.5
    endloop
  endfacet
  facet normal 0 0 1
    outer loop
      vertex -60.3882 38.5511 1.5
      vertex -60.3882 -38.5511 1.5
      vertex -60.1958 -38.5128 1.5
    endloop
  endfacet
  facet normal 0 0 1
    outer loop
      vertex -60.574 38.6142 1.5
      vertex -60.3882 -38.5511 1.5
      vertex -60.3882 38.5511 1.5
    endloop
  endfacet
  facet normal 0 0 1
    outer loop
      vertex -60.574 38.6142 1.5
      vertex -60.574 -38.6142 1.5
      vertex -60.3882 -38.5511 1.5
    endloop
  endfacet
  facet normal 0 0 1
    outer loop
      vertex -60.75 38.701 1.5
      vertex -60.574 -38.6142 1.5
      vertex -60.574 38.6142 1.5
    endloop
  endfacet
  facet normal 0 0 1
    outer loop
      vertex -60.75 38.701 1.5
      vertex -60.75 -38.701 1.5
      vertex -60.574 -38.6142 1.5
    endloop
  endfacet
  facet normal 0 0 1
    outer loop
      vertex -60.9131 38.81 1.5
      vertex -60.75 -38.701 1.5
      vertex -60.75 38.701 1.5
    endloop
  endfacet
  facet normal 0 0 1
    outer loop
      vertex -60.9131 38.81 1.5
      vertex -60.9131 -38.81 1.5
      vertex -60.75 -38.701 1.5
    endloop
  endfacet
  facet normal 0 0 1
    outer loop
      vertex -61.0607 38.9393 1.5
      vertex -60.9131 -38.81 1.5
      vertex -60.9131 38.81 1.5
    endloop
  endfacet
  facet normal 0 0 1
    outer loop
      vertex -61.0607 38.9393 1.5
      vertex -61.0607 -38.9393 1.5
      vertex -60.9131 -38.81 1.5
    endloop
  endfacet
  facet normal 0 0 1
    outer loop
      vertex -61.19 39.0869 1.5
      vertex -61.0607 -38.9393 1.5
      vertex -61.0607 38.9393 1.5
    endloop
  endfacet
  facet normal 0 0 1
    outer loop
      vertex -61.19 39.0869 1.5
      vertex -61.19 -39.0869 1.5
      vertex -61.0607 -38.9393 1.5
    endloop
  endfacet
  facet normal 0 0 1
    outer loop
      vertex -61.299 39.25 1.5
      vertex -61.19 -39.0869 1.5
      vertex -61.19 39.0869 1.5
    endloop
  endfacet
  facet normal 0 0 1
    outer loop
      vertex -61.299 39.25 1.5
      vertex -61.299 -39.25 1.5
      vertex -61.19 -39.0869 1.5
    endloop
  endfacet
  facet normal 0 0 1
    outer loop
      vertex -70 50 1.5
      vertex -61.299 39.25 1.5
      vertex -61.3858 39.426 1.5
    endloop
  endfacet
  facet normal 0 0 1
    outer loop
      vertex -61.299 39.25 1.5
      vertex -70 50 1.5
      vertex -61.299 -39.25 1.5
    endloop
  endfacet
  facet normal 0 0 1
    outer loop
      vertex -70 50 1.5
      vertex -61.3858 39.426 1.5
      vertex -61.4489 39.6118 1.5
    endloop
  endfacet
  facet normal 0 0 1
    outer loop
      vertex -70 -50 1.5
      vertex -61.299 -39.25 1.5
      vertex -70 50 1.5
    endloop
  endfacet
  facet normal 0 0 1
    outer loop
      vertex -70 50 1.5
      vertex -61.4489 39.6118 1.5
      vertex -61.4872 39.8042 1.5
    endloop
  endfacet
  facet normal 0 0 1
    outer loop
      vertex -61.299 -39.25 1.5
      vertex -70 -50 1.5
      vertex -61.3858 -39.426 1.5
    endloop
  endfacet
  facet normal 0 0 1
    outer loop
      vertex -70 50 1.5
      vertex -61.4872 39.8042 1.5
      vertex -61.5 40 1.5
    endloop
  endfacet
  facet normal 0 0 1
    outer loop
      vertex -61.3858 -39.426 1.5
      vertex -70 -50 1.5
      vertex -61.4489 -39.6118 1.5
    endloop
  endfacet
  facet normal 0 0 1
    outer loop
      vertex 1.19003 39.0869 1.5
      vertex 70 50 1.5
      vertex 1.29904 39.25 1.5
    endloop
  endfacet
  facet normal 0 0 1
    outer loop
      vertex 59.0869 -38.81 1.5
      vertex 1.48717 -39.8042 1.5
      vertex 1.5 -40 1.5
    endloop
  endfacet
  facet normal 0 0 1
    outer loop
      vertex 70 50 1.5
      vertex 1.19003 39.0869 1.5
      vertex 59.426 -38.6142 1.5
    endloop
  endfacet
  facet normal 0 0 1
    outer loop
      vertex 59.0869 -38.81 1.5
      vertex 1.44889 -39.6118 1.5
      vertex 1.48717 -39.8042 1.5
    endloop
  endfacet
  facet normal -0 0 1
    outer loop
      vertex 1.06066 38.9393 1.5
      vertex 59.426 -38.6142 1.5
      vertex 1.19003 39.0869 1.5
    endloop
  endfacet
  facet normal 0 0 1
    outer loop
      vertex 59.0869 -38.81 1.5
      vertex 1.38582 -39.426 1.5
      vertex 1.44889 -39.6118 1.5
    endloop
  endfacet
  facet normal 0 0 1
    outer loop
      vertex 59.426 -38.6142 1.5
      vertex 1.06066 38.9393 1.5
      vertex 59.25 -38.701 1.5
    endloop
  endfacet
  facet normal 0 0 1
    outer loop
      vertex 59.0869 -38.81 1.5
      vertex 1.29904 -39.25 1.5
      vertex 1.38582 -39.426 1.5
    endloop
  endfacet
  facet normal -0 0 1
    outer loop
      vertex 0.913141 38.81 1.5
      vertex 59.25 -38.701 1.5
      vertex 1.06066 38.9393 1.5
    endloop
  endfacet
  facet normal 0 0 1
    outer loop
      vertex 59.0869 -38.81 1.5
      vertex 1.19003 -39.0869 1.5
      vertex 1.29904 -39.25 1.5
    endloop
  endfacet
  facet normal 0 0 1
    outer loop
      vertex 59.25 -38.701 1.5
      vertex 0.913141 38.81 1.5
      vertex 59.0869 -38.81 1.5
    endloop
  endfacet
  facet normal 0 0 1
    outer loop
      vertex 59.0869 -38.81 1.5
      vertex 1.06066 -38.9393 1.5
      vertex 1.19003 -39.0869 1.5
    endloop
  endfacet
  facet normal 0 0 1
    outer loop
      vertex 0.913141 -38.81 1.5
      vertex 59.0869 -38.81 1.5
      vertex 0.913141 38.81 1.5
    endloop
  endfacet
  facet normal 0 0 1
    outer loop
      vertex 59.0869 -38.81 1.5
      vertex 0.913141 -38.81 1.5
      vertex 1.06066 -38.9393 1.5
    endloop
  endfacet
  facet normal -0 0 1
    outer loop
      vertex 0.75 38.701 1.5
      vertex 0.913141 -38.81 1.5
      vertex 0.913141 38.81 1.5
    endloop
  endfacet
  facet normal 0 0 1
    outer loop
      vertex 0.75 38.701 1.5
      vertex 0.75 -38.701 1.5
      vertex 0.913141 -38.81 1.5
    endloop
  endfacet
  facet normal -0 0 1
    outer loop
      vertex 0.574024 38.6142 1.5
      vertex 0.75 -38.701 1.5
      vertex 0.75 38.701 1.5
    endloop
  endfacet
  facet normal 0 0 1
    outer loop
      vertex 0.574024 38.6142 1.5
      vertex 0.574024 -38.6142 1.5
      vertex 0.75 -38.701 1.5
    endloop
  endfacet
  facet normal -0 0 1
    outer loop
      vertex 0.388228 38.5511 1.5
      vertex 0.574024 -38.6142 1.5
      vertex 0.574024 38.6142 1.5
    endloop
  endfacet
  facet normal 0 0 1
    outer loop
      vertex 0.388228 38.5511 1.5
      vertex 0.388228 -38.5511 1.5
      vertex 0.574024 -38.6142 1.5
    endloop
  endfacet
  facet normal -0 0 1
    outer loop
      vertex 0.195788 38.5128 1.5
      vertex 0.388228 -38.5511 1.5
      vertex 0.388228 38.5511 1.5
    endloop
  endfacet
  facet normal 0 0 1
    outer loop
      vertex 0.195788 38.5128 1.5
      vertex 0.195788 -38.5128 1.5
      vertex 0.388228 -38.5511 1.5
    endloop
  endfacet
  facet normal -0 0 1
    outer loop
      vertex 0 38.5 1.5
      vertex 0.195788 -38.5128 1.5
      vertex 0.195788 38.5128 1.5
    endloop
  endfacet
  facet normal 0 0 1
    outer loop
      vertex 0 38.5 1.5
      vertex 0 -38.5 1.5
      vertex 0.195788 -38.5128 1.5
    endloop
  endfacet
  facet normal 0 0 1
    outer loop
      vertex -0.195788 38.5128 1.5
      vertex 0 -38.5 1.5
      vertex 0 38.5 1.5
    endloop
  endfacet
  facet normal 0 0 1
    outer loop
      vertex -0.195788 38.5128 1.5
      vertex -0.195788 -38.5128 1.5
      vertex 0 -38.5 1.5
    endloop
  endfacet
  facet normal 0 0 1
    outer loop
      vertex -0.388228 38.5511 1.5
      vertex -0.195788 -38.5128 1.5
      vertex -0.195788 38.5128 1.5
    endloop
  endfacet
  facet normal 0 0 1
    outer loop
      vertex -0.388228 38.5511 1.5
      vertex -0.388228 -38.5511 1.5
      vertex -0.195788 -38.5128 1.5
    endloop
  endfacet
  facet normal 0 0 1
    outer loop
      vertex -0.574024 38.6142 1.5
      vertex -0.388228 -38.5511 1.5
      vertex -0.388228 38.5511 1.5
    endloop
  endfacet
  facet normal 0 0 1
    outer loop
      vertex -0.574024 38.6142 1.5
      vertex -0.574024 -38.6142 1.5
      vertex -0.388228 -38.5511 1.5
    endloop
  endfacet
  facet normal 0 0 1
    outer loop
      vertex -0.75 38.701 1.5
      vertex -0.574024 -38.6142 1.5
      vertex -0.574024 38.6142 1.5
    endloop
  endfacet
  facet normal 0 0 1
    outer loop
      vertex -0.75 38.701 1.5
      vertex -0.75 -38.701 1.5
      vertex -0.574024 -38.6142 1.5
    endloop
  endfacet
  facet normal 0 0 1
    outer loop
      vertex -0.913141 38.81 1.5
      vertex -0.75 -38.701 1.5
      vertex -0.75 38.701 1.5
    endloop
  endfacet
  facet normal 0 0 1
    outer loop
      vertex -0.913141 38.81 1.5
      vertex -0.913141 -38.81 1.5
      vertex -0.75 -38.701 1.5
    endloop
  endfacet
  facet normal 0 0 1
    outer loop
      vertex -1.38582 39.426 1.5
      vertex -58.6142 39.426 1.5
      vertex -1.29904 39.25 1.5
    endloop
  endfacet
  facet normal 0 0 1
    outer loop
      vertex -58.701 39.25 1.5
      vertex -1.29904 39.25 1.5
      vertex -58.6142 39.426 1.5
    endloop
  endfacet
  facet normal 0 0 1
    outer loop
      vertex -58.6142 39.426 1.5
      vertex -1.38582 39.426 1.5
      vertex -58.5511 39.6118 1.5
    endloop
  endfacet
  facet normal 0 0 1
    outer loop
      vertex -1.29904 39.25 1.5
      vertex -58.701 39.25 1.5
      vertex -1.19003 39.0869 1.5
    endloop
  endfacet
  facet normal 0 0 1
    outer loop
      vertex -1.44889 39.6118 1.5
      vertex -58.5511 39.6118 1.5
      vertex -1.38582 39.426 1.5
    endloop
  endfacet
  facet normal 0 0 1
    outer loop
      vertex -0.913141 -38.81 1.5
      vertex -58.5 -40 1.5
      vertex -1.06066 -38.9393 1.5
    endloop
  endfacet
  facet normal 0 0 1
    outer loop
      vertex -58.5511 39.6118 1.5
      vertex -1.44889 39.6118 1.5
      vertex -58.5128 39.8042 1.5
    endloop
  endfacet
  facet normal 0 0 1
    outer loop
      vertex -1.06066 -38.9393 1.5
      vertex -58.5 -40 1.5
      vertex -1.19003 -39.0869 1.5
    endloop
  endfacet
  facet normal 0 0 1
    outer loop
      vertex -1.48717 39.8042 1.5
      vertex -58.5128 39.8042 1.5
      vertex -1.44889 39.6118 1.5
    endloop
  endfacet
  facet normal 0 0 1
    outer loop
      vertex -1.19003 -39.0869 1.5
      vertex -58.5 -40 1.5
      vertex -1.29904 -39.25 1.5
    endloop
  endfacet
  facet normal 0 0 1
    outer loop
      vertex -58.5128 39.8042 1.5
      vertex -1.48717 39.8042 1.5
      vertex -58.5 40 1.5
    endloop
  endfacet
  facet normal 0 0 1
    outer loop
      vertex -1.29904 -39.25 1.5
      vertex -58.5 -40 1.5
      vertex -1.38582 -39.426 1.5
    endloop
  endfacet
  facet normal -0 0 1
    outer loop
      vertex -58.5 40 1.5
      vertex -1.48717 39.8042 1.5
      vertex -1.5 40 1.5
    endloop
  endfacet
  facet normal 0 0 1
    outer loop
      vertex -1.38582 -39.426 1.5
      vertex -58.5 -40 1.5
      vertex -1.44889 -39.6118 1.5
    endloop
  endfacet
  facet normal -0 0 1
    outer loop
      vertex 61.299 -39.25 1.5
      vertex 70 -50 1.5
      vertex 70 50 1.5
    endloop
  endfacet
  facet normal 0 0 1
    outer loop
      vertex 70 -50 1.5
      vertex 61.4872 -39.8042 1.5
      vertex 61.5 -40 1.5
    endloop
  endfacet
  facet normal 0 0 1
    outer loop
      vertex 70 -50 1.5
      vertex 61.4489 -39.6118 1.5
      vertex 61.4872 -39.8042 1.5
    endloop
  endfacet
  facet normal 0 0 1
    outer loop
      vertex 70 -50 1.5
      vertex 61.3858 -39.426 1.5
      vertex 61.4489 -39.6118 1.5
    endloop
  endfacet
  facet normal 0 0 1
    outer loop
      vertex 70 -50 1.5
      vertex 61.299 -39.25 1.5
      vertex 61.3858 -39.426 1.5
    endloop
  endfacet
  facet normal 0 0 1
    outer loop
      vertex 70 50 1.5
      vertex 61.19 -39.0869 1.5
      vertex 61.299 -39.25 1.5
    endloop
  endfacet
  facet normal 0 0 1
    outer loop
      vertex 70 50 1.5
      vertex 61.0607 -38.9393 1.5
      vertex 61.19 -39.0869 1.5
    endloop
  endfacet
  facet normal 0 0 1
    outer loop
      vertex 70 50 1.5
      vertex 60.9131 -38.81 1.5
      vertex 61.0607 -38.9393 1.5
    endloop
  endfacet
  facet normal 0 0 1
    outer loop
      vertex 70 50 1.5
      vertex 60.75 -38.701 1.5
      vertex 60.9131 -38.81 1.5
    endloop
  endfacet
  facet normal 0 0 1
    outer loop
      vertex 70 50 1.5
      vertex 60.574 -38.6142 1.5
      vertex 60.75 -38.701 1.5
    endloop
  endfacet
  facet normal 0 0 1
    outer loop
      vertex 70 50 1.5
      vertex 60.3882 -38.5511 1.5
      vertex 60.574 -38.6142 1.5
    endloop
  endfacet
  facet normal 0 0 1
    outer loop
      vertex 70 50 1.5
      vertex 60.1958 -38.5128 1.5
      vertex 60.3882 -38.5511 1.5
    endloop
  endfacet
  facet normal 0 0 1
    outer loop
      vertex 70 50 1.5
      vertex 60 -38.5 1.5
      vertex 60.1958 -38.5128 1.5
    endloop
  endfacet
  facet normal 0 0 1
    outer loop
      vertex 70 50 1.5
      vertex 59.8042 -38.5128 1.5
      vertex 60 -38.5 1.5
    endloop
  endfacet
  facet normal 0 0 1
    outer loop
      vertex 70 50 1.5
      vertex 59.6118 -38.5511 1.5
      vertex 59.8042 -38.5128 1.5
    endloop
  endfacet
  facet normal 0 0 1
    outer loop
      vertex 70 50 1.5
      vertex 59.426 -38.6142 1.5
      vertex 59.6118 -38.5511 1.5
    endloop
  endfacet
  facet normal 0 0 1
    outer loop
      vertex 1.48717 39.8042 1.5
      vertex 70 50 1.5
      vertex 1.5 40 1.5
    endloop
  endfacet
  facet normal 0 0 1
    outer loop
      vertex 1.44889 39.6118 1.5
      vertex 70 50 1.5
      vertex 1.48717 39.8042 1.5
    endloop
  endfacet
  facet normal 0 0 1
    outer loop
      vertex 1.38582 39.426 1.5
      vertex 70 50 1.5
      vertex 1.44889 39.6118 1.5
    endloop
  endfacet
  facet normal 0 0 1
    outer loop
      vertex 1.29904 39.25 1.5
      vertex 70 50 1.5
      vertex 1.38582 39.426 1.5
    endloop
  endfacet
  facet normal 0 0 1
    outer loop
      vertex 59.0869 -38.81 1.5
      vertex 1.5 -40 1.5
      vertex 58.9393 -38.9393 1.5
    endloop
  endfacet
  facet normal 0 0 1
    outer loop
      vertex 58.9393 -38.9393 1.5
      vertex 1.5 -40 1.5
      vertex 58.81 -39.0869 1.5
    endloop
  endfacet
  facet normal 0 0 1
    outer loop
      vertex 58.81 -39.0869 1.5
      vertex 1.5 -40 1.5
      vertex 58.701 -39.25 1.5
    endloop
  endfacet
  facet normal 0 0 1
    outer loop
      vertex 58.701 -39.25 1.5
      vertex 1.5 -40 1.5
      vertex 58.6142 -39.426 1.5
    endloop
  endfacet
  facet normal 0 0 1
    outer loop
      vertex 58.5511 -39.6118 1.5
      vertex 1.5 -40 1.5
      vertex 58.5128 -39.8042 1.5
    endloop
  endfacet
  facet normal 0 0 1
    outer loop
      vertex 58.6142 -39.426 1.5
      vertex 1.5 -40 1.5
      vertex 58.5511 -39.6118 1.5
    endloop
  endfacet
  facet normal 0 0 1
    outer loop
      vertex 70 50 1.5
      vertex 1.48717 40.1958 1.5
      vertex 1.5 40 1.5
    endloop
  endfacet
  facet normal 0 0 1
    outer loop
      vertex 70 50 1.5
      vertex 1.44889 40.3882 1.5
      vertex 1.48717 40.1958 1.5
    endloop
  endfacet
  facet normal 0 0 1
    outer loop
      vertex 70 50 1.5
      vertex 1.38582 40.574 1.5
      vertex 1.44889 40.3882 1.5
    endloop
  endfacet
  facet normal 0 0 1
    outer loop
      vertex 70 50 1.5
      vertex 1.29904 40.75 1.5
      vertex 1.38582 40.574 1.5
    endloop
  endfacet
  facet normal 0 0 1
    outer loop
      vertex 70 50 1.5
      vertex 1.19003 40.9131 1.5
      vertex 1.29904 40.75 1.5
    endloop
  endfacet
  facet normal 0 0 1
    outer loop
      vertex 70 50 1.5
      vertex 1.06066 41.0607 1.5
      vertex 1.19003 40.9131 1.5
    endloop
  endfacet
  facet normal 0 0 1
    outer loop
      vertex 70 50 1.5
      vertex 0.913141 41.19 1.5
      vertex 1.06066 41.0607 1.5
    endloop
  endfacet
  facet normal 0 0 1
    outer loop
      vertex 70 50 1.5
      vertex 0.75 41.299 1.5
      vertex 0.913141 41.19 1.5
    endloop
  endfacet
  facet normal 0 0 1
    outer loop
      vertex 70 50 1.5
      vertex 0.574024 41.3858 1.5
      vertex 0.75 41.299 1.5
    endloop
  endfacet
  facet normal 0 0 1
    outer loop
      vertex 70 50 1.5
      vertex 0.388228 41.4489 1.5
      vertex 0.574024 41.3858 1.5
    endloop
  endfacet
  facet normal 0 0 1
    outer loop
      vertex 70 50 1.5
      vertex 0.195788 41.4872 1.5
      vertex 0.388228 41.4489 1.5
    endloop
  endfacet
  facet normal 0 0 1
    outer loop
      vertex 70 50 1.5
      vertex 0 41.5 1.5
      vertex 0.195788 41.4872 1.5
    endloop
  endfacet
  facet normal -0 0 1
    outer loop
      vertex -70 50 1.5
      vertex 0 41.5 1.5
      vertex 70 50 1.5
    endloop
  endfacet
  facet normal 0 0 1
    outer loop
      vertex -1.44889 -39.6118 1.5
      vertex -58.5 -40 1.5
      vertex -1.48717 -39.8042 1.5
    endloop
  endfacet
  facet normal 0 0 1
    outer loop
      vertex -1.48717 40.1958 1.5
      vertex -58.5 40 1.5
      vertex -1.5 40 1.5
    endloop
  endfacet
  facet normal 0 0 1
    outer loop
      vertex -58.5128 40.1958 1.5
      vertex -1.48717 40.1958 1.5
      vertex -1.44889 40.3882 1.5
    endloop
  endfacet
  facet normal 0 0 1
    outer loop
      vertex -58.5511 40.3882 1.5
      vertex -1.44889 40.3882 1.5
      vertex -1.38582 40.574 1.5
    endloop
  endfacet
  facet normal 0 0 1
    outer loop
      vertex -58.6142 40.574 1.5
      vertex -1.38582 40.574 1.5
      vertex -1.29904 40.75 1.5
    endloop
  endfacet
  facet normal 0 0 1
    outer loop
      vertex -58.701 40.75 1.5
      vertex -1.29904 40.75 1.5
      vertex -1.19003 40.9131 1.5
    endloop
  endfacet
  facet normal 0 0 1
    outer loop
      vertex -58.81 40.9131 1.5
      vertex -1.19003 40.9131 1.5
      vertex -1.06066 41.0607 1.5
    endloop
  endfacet
  facet normal 0 0 1
    outer loop
      vertex -58.9393 41.0607 1.5
      vertex -1.06066 41.0607 1.5
      vertex -0.913141 41.19 1.5
    endloop
  endfacet
  facet normal 0 0 1
    outer loop
      vertex -59.0869 41.19 1.5
      vertex -0.913141 41.19 1.5
      vertex -0.75 41.299 1.5
    endloop
  endfacet
  facet normal 0 0 1
    outer loop
      vertex -70 50 1.5
      vertex -0.75 41.299 1.5
      vertex -0.574024 41.3858 1.5
    endloop
  endfacet
  facet normal 0 0 1
    outer loop
      vertex -70 50 1.5
      vertex -0.574024 41.3858 1.5
      vertex -0.388228 41.4489 1.5
    endloop
  endfacet
  facet normal 0 0 1
    outer loop
      vertex -70 50 1.5
      vertex -0.388228 41.4489 1.5
      vertex -0.195788 41.4872 1.5
    endloop
  endfacet
  facet normal 0 0 1
    outer loop
      vertex 0 41.5 1.5
      vertex -70 50 1.5
      vertex -0.195788 41.4872 1.5
    endloop
  endfacet
  facet normal 0 0 1
    outer loop
      vertex -1.48717 40.1958 1.5
      vertex -58.5128 40.1958 1.5
      vertex -58.5 40 1.5
    endloop
  endfacet
  facet normal 0 0 1
    outer loop
      vertex -1.44889 40.3882 1.5
      vertex -58.5511 40.3882 1.5
      vertex -58.5128 40.1958 1.5
    endloop
  endfacet
  facet normal 0 0 1
    outer loop
      vertex -1.38582 40.574 1.5
      vertex -58.6142 40.574 1.5
      vertex -58.5511 40.3882 1.5
    endloop
  endfacet
  facet normal 0 0 1
    outer loop
      vertex -1.29904 40.75 1.5
      vertex -58.701 40.75 1.5
      vertex -58.6142 40.574 1.5
    endloop
  endfacet
  facet normal 0 0 1
    outer loop
      vertex -1.19003 40.9131 1.5
      vertex -58.81 40.9131 1.5
      vertex -58.701 40.75 1.5
    endloop
  endfacet
  facet normal 0 0 1
    outer loop
      vertex -1.06066 41.0607 1.5
      vertex -58.9393 41.0607 1.5
      vertex -58.81 40.9131 1.5
    endloop
  endfacet
  facet normal 0 0 1
    outer loop
      vertex -0.913141 41.19 1.5
      vertex -59.0869 41.19 1.5
      vertex -58.9393 41.0607 1.5
    endloop
  endfacet
  facet normal 0 0 1
    outer loop
      vertex -0.75 41.299 1.5
      vertex -70 50 1.5
      vertex -59.25 41.299 1.5
    endloop
  endfacet
  facet normal 0 0 1
    outer loop
      vertex -0.75 41.299 1.5
      vertex -59.25 41.299 1.5
      vertex -59.0869 41.19 1.5
    endloop
  endfacet
  facet normal 0 0 1
    outer loop
      vertex -59.25 41.299 1.5
      vertex -70 50 1.5
      vertex -59.426 41.3858 1.5
    endloop
  endfacet
  facet normal 0 0 1
    outer loop
      vertex -59.426 41.3858 1.5
      vertex -70 50 1.5
      vertex -59.6118 41.4489 1.5
    endloop
  endfacet
  facet normal 0 0 1
    outer loop
      vertex -59.6118 41.4489 1.5
      vertex -70 50 1.5
      vertex -59.8042 41.4872 1.5
    endloop
  endfacet
  facet normal 0 0 1
    outer loop
      vertex -61.4489 -39.6118 1.5
      vertex -70 -50 1.5
      vertex -61.4872 -39.8042 1.5
    endloop
  endfacet
  facet normal 0 0 1
    outer loop
      vertex -61.4872 40.1958 1.5
      vertex -70 50 1.5
      vertex -61.5 40 1.5
    endloop
  endfacet
  facet normal 0 0 1
    outer loop
      vertex -61.4489 40.3882 1.5
      vertex -70 50 1.5
      vertex -61.4872 40.1958 1.5
    endloop
  endfacet
  facet normal 0 0 1
    outer loop
      vertex -61.3858 40.574 1.5
      vertex -70 50 1.5
      vertex -61.4489 40.3882 1.5
    endloop
  endfacet
  facet normal 0 0 1
    outer loop
      vertex -61.299 40.75 1.5
      vertex -70 50 1.5
      vertex -61.3858 40.574 1.5
    endloop
  endfacet
  facet normal 0 0 1
    outer loop
      vertex -61.19 40.9131 1.5
      vertex -70 50 1.5
      vertex -61.299 40.75 1.5
    endloop
  endfacet
  facet normal 0 0 1
    outer loop
      vertex -61.0607 41.0607 1.5
      vertex -70 50 1.5
      vertex -61.19 40.9131 1.5
    endloop
  endfacet
  facet normal 0 0 1
    outer loop
      vertex -60.9131 41.19 1.5
      vertex -70 50 1.5
      vertex -61.0607 41.0607 1.5
    endloop
  endfacet
  facet normal 0 0 1
    outer loop
      vertex -60.75 41.299 1.5
      vertex -70 50 1.5
      vertex -60.9131 41.19 1.5
    endloop
  endfacet
  facet normal 0 0 1
    outer loop
      vertex -60.574 41.3858 1.5
      vertex -70 50 1.5
      vertex -60.75 41.299 1.5
    endloop
  endfacet
  facet normal 0 0 1
    outer loop
      vertex -60.3882 41.4489 1.5
      vertex -70 50 1.5
      vertex -60.574 41.3858 1.5
    endloop
  endfacet
  facet normal 0 0 1
    outer loop
      vertex -60.1958 41.4872 1.5
      vertex -70 50 1.5
      vertex -60.3882 41.4489 1.5
    endloop
  endfacet
  facet normal 0 0 1
    outer loop
      vertex -60 41.5 1.5
      vertex -70 50 1.5
      vertex -60.1958 41.4872 1.5
    endloop
  endfacet
  facet normal 0 0 1
    outer loop
      vertex -59.8042 41.4872 1.5
      vertex -70 50 1.5
      vertex -60 41.5 1.5
    endloop
  endfacet
  facet normal -0 0 1
    outer loop
      vertex 61.4872 -40.1958 1.5
      vertex 70 -50 1.5
      vertex 61.5 -40 1.5
    endloop
  endfacet
  facet normal -0 0 1
    outer loop
      vertex 61.4489 -40.3882 1.5
      vertex 70 -50 1.5
      vertex 61.4872 -40.1958 1.5
    endloop
  endfacet
  facet normal -0 0 1
    outer loop
      vertex 61.3858 -40.574 1.5
      vertex 70 -50 1.5
      vertex 61.4489 -40.3882 1.5
    endloop
  endfacet
  facet normal -0 0 1
    outer loop
      vertex 61.299 -40.75 1.5
      vertex 70 -50 1.5
      vertex 61.3858 -40.574 1.5
    endloop
  endfacet
  facet normal -0 0 1
    outer loop
      vertex 61.19 -40.9131 1.5
      vertex 70 -50 1.5
      vertex 61.299 -40.75 1.5
    endloop
  endfacet
  facet normal -0 0 1
    outer loop
      vertex 61.0607 -41.0607 1.5
      vertex 70 -50 1.5
      vertex 61.19 -40.9131 1.5
    endloop
  endfacet
  facet normal -0 0 1
    outer loop
      vertex 60.9131 -41.19 1.5
      vertex 70 -50 1.5
      vertex 61.0607 -41.0607 1.5
    endloop
  endfacet
  facet normal -0 0 1
    outer loop
      vertex 60.75 -41.299 1.5
      vertex 70 -50 1.5
      vertex 60.9131 -41.19 1.5
    endloop
  endfacet
  facet normal -0 0 1
    outer loop
      vertex 60.574 -41.3858 1.5
      vertex 70 -50 1.5
      vertex 60.75 -41.299 1.5
    endloop
  endfacet
  facet normal -0 0 1
    outer loop
      vertex 60.3882 -41.4489 1.5
      vertex 70 -50 1.5
      vertex 60.574 -41.3858 1.5
    endloop
  endfacet
  facet normal -0 0 1
    outer loop
      vertex 60.1958 -41.4872 1.5
      vertex 70 -50 1.5
      vertex 60.3882 -41.4489 1.5
    endloop
  endfacet
  facet normal -0 0 1
    outer loop
      vertex 60 -41.5 1.5
      vertex 70 -50 1.5
      vertex 60.1958 -41.4872 1.5
    endloop
  endfacet
  facet normal 0 0 1
    outer loop
      vertex 59.8042 -41.4872 1.5
      vertex 70 -50 1.5
      vertex 60 -41.5 1.5
    endloop
  endfacet
  facet normal 0 0 1
    outer loop
      vertex 59.6118 -41.4489 1.5
      vertex 70 -50 1.5
      vertex 59.8042 -41.4872 1.5
    endloop
  endfacet
  facet normal 0 0 1
    outer loop
      vertex 59.426 -41.3858 1.5
      vertex 70 -50 1.5
      vertex 59.6118 -41.4489 1.5
    endloop
  endfacet
  facet normal 0 0 1
    outer loop
      vertex 59.25 -41.299 1.5
      vertex 70 -50 1.5
      vertex 59.426 -41.3858 1.5
    endloop
  endfacet
  facet normal 0 0 1
    outer loop
      vertex 0.75 -41.299 1.5
      vertex 59.25 -41.299 1.5
      vertex 59.0869 -41.19 1.5
    endloop
  endfacet
  facet normal 0 0 1
    outer loop
      vertex 58.5128 -39.8042 1.5
      vertex 1.5 -40 1.5
      vertex 58.5 -40 1.5
    endloop
  endfacet
  facet normal 0 0 1
    outer loop
      vertex 58.5 -40 1.5
      vertex 1.5 -40 1.5
      vertex 58.5128 -40.1958 1.5
    endloop
  endfacet
  facet normal 0 0 1
    outer loop
      vertex 1.48717 -40.1958 1.5
      vertex 58.5128 -40.1958 1.5
      vertex 1.5 -40 1.5
    endloop
  endfacet
  facet normal 0 0 1
    outer loop
      vertex 58.5128 -40.1958 1.5
      vertex 1.48717 -40.1958 1.5
      vertex 58.5511 -40.3882 1.5
    endloop
  endfacet
  facet normal 0 0 1
    outer loop
      vertex 1.44889 -40.3882 1.5
      vertex 58.5511 -40.3882 1.5
      vertex 1.48717 -40.1958 1.5
    endloop
  endfacet
  facet normal 0 0 1
    outer loop
      vertex 58.5511 -40.3882 1.5
      vertex 1.44889 -40.3882 1.5
      vertex 58.6142 -40.574 1.5
    endloop
  endfacet
  facet normal 0 0 1
    outer loop
      vertex 1.38582 -40.574 1.5
      vertex 58.6142 -40.574 1.5
      vertex 1.44889 -40.3882 1.5
    endloop
  endfacet
  facet normal 0 0 1
    outer loop
      vertex 58.6142 -40.574 1.5
      vertex 1.38582 -40.574 1.5
      vertex 58.701 -40.75 1.5
    endloop
  endfacet
  facet normal 0 0 1
    outer loop
      vertex 1.29904 -40.75 1.5
      vertex 58.701 -40.75 1.5
      vertex 1.38582 -40.574 1.5
    endloop
  endfacet
  facet normal 0 0 1
    outer loop
      vertex 58.701 -40.75 1.5
      vertex 1.29904 -40.75 1.5
      vertex 58.81 -40.9131 1.5
    endloop
  endfacet
  facet normal 0 0 1
    outer loop
      vertex 1.19003 -40.9131 1.5
      vertex 58.81 -40.9131 1.5
      vertex 1.29904 -40.75 1.5
    endloop
  endfacet
  facet normal 0 0 1
    outer loop
      vertex 58.81 -40.9131 1.5
      vertex 1.19003 -40.9131 1.5
      vertex 58.9393 -41.0607 1.5
    endloop
  endfacet
  facet normal 0 0 1
    outer loop
      vertex 1.06066 -41.0607 1.5
      vertex 58.9393 -41.0607 1.5
      vertex 1.19003 -40.9131 1.5
    endloop
  endfacet
  facet normal 0 0 1
    outer loop
      vertex 58.9393 -41.0607 1.5
      vertex 1.06066 -41.0607 1.5
      vertex 59.0869 -41.19 1.5
    endloop
  endfacet
  facet normal 0 0 1
    outer loop
      vertex 0.913141 -41.19 1.5
      vertex 59.0869 -41.19 1.5
      vertex 1.06066 -41.0607 1.5
    endloop
  endfacet
  facet normal 0 0 1
    outer loop
      vertex 0.75 -41.299 1.5
      vertex 59.0869 -41.19 1.5
      vertex 0.913141 -41.19 1.5
    endloop
  endfacet
  facet normal 0 0 1
    outer loop
      vertex 59.25 -41.299 1.5
      vertex 0.75 -41.299 1.5
      vertex 70 -50 1.5
    endloop
  endfacet
  facet normal -0 0 1
    outer loop
      vertex 0.574024 -41.3858 1.5
      vertex 70 -50 1.5
      vertex 0.75 -41.299 1.5
    endloop
  endfacet
  facet normal -0 0 1
    outer loop
      vertex 0.388228 -41.4489 1.5
      vertex 70 -50 1.5
      vertex 0.574024 -41.3858 1.5
    endloop
  endfacet
  facet normal -0 0 1
    outer loop
      vertex 0.195788 -41.4872 1.5
      vertex 70 -50 1.5
      vertex 0.388228 -41.4489 1.5
    endloop
  endfacet
  facet normal -0 0 1
    outer loop
      vertex 0 -41.5 1.5
      vertex 70 -50 1.5
      vertex 0.195788 -41.4872 1.5
    endloop
  endfacet
  facet normal 0 0 1
    outer loop
      vertex -70 -50 1.5
      vertex 0 -41.5 1.5
      vertex -0.195788 -41.4872 1.5
    endloop
  endfacet
  facet normal 0 0 1
    outer loop
      vertex -1.48717 -39.8042 1.5
      vertex -58.5 -40 1.5
      vertex -1.5 -40 1.5
    endloop
  endfacet
  facet normal 0 0 1
    outer loop
      vertex -1.5 -40 1.5
      vertex -58.5 -40 1.5
      vertex -1.48717 -40.1958 1.5
    endloop
  endfacet
  facet normal 0 0 1
    outer loop
      vertex -58.5128 -40.1958 1.5
      vertex -1.48717 -40.1958 1.5
      vertex -58.5 -40 1.5
    endloop
  endfacet
  facet normal 0 0 1
    outer loop
      vertex -1.48717 -40.1958 1.5
      vertex -58.5128 -40.1958 1.5
      vertex -1.44889 -40.3882 1.5
    endloop
  endfacet
  facet normal 0 0 1
    outer loop
      vertex -58.5511 -40.3882 1.5
      vertex -1.44889 -40.3882 1.5
      vertex -58.5128 -40.1958 1.5
    endloop
  endfacet
  facet normal 0 0 1
    outer loop
      vertex -1.44889 -40.3882 1.5
      vertex -58.5511 -40.3882 1.5
      vertex -1.38582 -40.574 1.5
    endloop
  endfacet
  facet normal 0 0 1
    outer loop
      vertex -58.6142 -40.574 1.5
      vertex -1.38582 -40.574 1.5
      vertex -58.5511 -40.3882 1.5
    endloop
  endfacet
  facet normal 0 0 1
    outer loop
      vertex -1.38582 -40.574 1.5
      vertex -58.6142 -40.574 1.5
      vertex -1.29904 -40.75 1.5
    endloop
  endfacet
  facet normal 0 0 1
    outer loop
      vertex -58.701 -40.75 1.5
      vertex -1.29904 -40.75 1.5
      vertex -58.6142 -40.574 1.5
    endloop
  endfacet
  facet normal 0 0 1
    outer loop
      vertex -1.29904 -40.75 1.5
      vertex -58.701 -40.75 1.5
      vertex -1.19003 -40.9131 1.5
    endloop
  endfacet
  facet normal 0 0 1
    outer loop
      vertex -58.81 -40.9131 1.5
      vertex -1.19003 -40.9131 1.5
      vertex -58.701 -40.75 1.5
    endloop
  endfacet
  facet normal 0 0 1
    outer loop
      vertex -1.19003 -40.9131 1.5
      vertex -58.81 -40.9131 1.5
      vertex -1.06066 -41.0607 1.5
    endloop
  endfacet
  facet normal 0 0 1
    outer loop
      vertex -58.9393 -41.0607 1.5
      vertex -1.06066 -41.0607 1.5
      vertex -58.81 -40.9131 1.5
    endloop
  endfacet
  facet normal 0 0 1
    outer loop
      vertex -1.06066 -41.0607 1.5
      vertex -58.9393 -41.0607 1.5
      vertex -0.913141 -41.19 1.5
    endloop
  endfacet
  facet normal 0 0 1
    outer loop
      vertex -59.0869 -41.19 1.5
      vertex -0.913141 -41.19 1.5
      vertex -58.9393 -41.0607 1.5
    endloop
  endfacet
  facet normal 0 0 1
    outer loop
      vertex -0.913141 -41.19 1.5
      vertex -59.0869 -41.19 1.5
      vertex -0.75 -41.299 1.5
    endloop
  endfacet
  facet normal 0 0 1
    outer loop
      vertex -59.25 -41.299 1.5
      vertex -0.75 -41.299 1.5
      vertex -59.0869 -41.19 1.5
    endloop
  endfacet
  facet normal 0 0 1
    outer loop
      vertex -70 -50 1.5
      vertex -0.75 -41.299 1.5
      vertex -59.25 -41.299 1.5
    endloop
  endfacet
  facet normal 0 0 1
    outer loop
      vertex -0.75 -41.299 1.5
      vertex -70 -50 1.5
      vertex -0.574024 -41.3858 1.5
    endloop
  endfacet
  facet normal 0 0 1
    outer loop
      vertex -0.574024 -41.3858 1.5
      vertex -70 -50 1.5
      vertex -0.388228 -41.4489 1.5
    endloop
  endfacet
  facet normal 0 0 1
    outer loop
      vertex -0.388228 -41.4489 1.5
      vertex -70 -50 1.5
      vertex -0.195788 -41.4872 1.5
    endloop
  endfacet
  facet normal 0 0 1
    outer loop
      vertex -70 -50 1.5
      vertex -59.25 -41.299 1.5
      vertex -59.426 -41.3858 1.5
    endloop
  endfacet
  facet normal 0 0 1
    outer loop
      vertex -70 -50 1.5
      vertex -59.426 -41.3858 1.5
      vertex -59.6118 -41.4489 1.5
    endloop
  endfacet
  facet normal 0 0 1
    outer loop
      vertex -70 -50 1.5
      vertex -59.6118 -41.4489 1.5
      vertex -59.8042 -41.4872 1.5
    endloop
  endfacet
  facet normal 0 0 1
    outer loop
      vertex -70 -50 1.5
      vertex -59.8042 -41.4872 1.5
      vertex -60 -41.5 1.5
    endloop
  endfacet
  facet normal 0 0 1
    outer loop
      vertex -61.4872 -39.8042 1.5
      vertex -70 -50 1.5
      vertex -61.5 -40 1.5
    endloop
  endfacet
  facet normal 0 0 1
    outer loop
      vertex 0 -41.5 1.5
      vertex -70 -50 1.5
      vertex 70 -50 1.5
    endloop
  endfacet
  facet normal 0 0 1
    outer loop
      vertex -60.1958 -41.4872 1.5
      vertex -70 -50 1.5
      vertex -60 -41.5 1.5
    endloop
  endfacet
  facet normal 0 0 1
    outer loop
      vertex -60.3882 -41.4489 1.5
      vertex -70 -50 1.5
      vertex -60.1958 -41.4872 1.5
    endloop
  endfacet
  facet normal 0 0 1
    outer loop
      vertex -60.574 -41.3858 1.5
      vertex -70 -50 1.5
      vertex -60.3882 -41.4489 1.5
    endloop
  endfacet
  facet normal 0 0 1
    outer loop
      vertex -60.75 -41.299 1.5
      vertex -70 -50 1.5
      vertex -60.574 -41.3858 1.5
    endloop
  endfacet
  facet normal 0 0 1
    outer loop
      vertex -60.9131 -41.19 1.5
      vertex -70 -50 1.5
      vertex -60.75 -41.299 1.5
    endloop
  endfacet
  facet normal 0 0 1
    outer loop
      vertex -61.0607 -41.0607 1.5
      vertex -70 -50 1.5
      vertex -60.9131 -41.19 1.5
    endloop
  endfacet
  facet normal 0 0 1
    outer loop
      vertex -61.19 -40.9131 1.5
      vertex -70 -50 1.5
      vertex -61.0607 -41.0607 1.5
    endloop
  endfacet
  facet normal 0 0 1
    outer loop
      vertex -61.299 -40.75 1.5
      vertex -70 -50 1.5
      vertex -61.19 -40.9131 1.5
    endloop
  endfacet
  facet normal 0 0 1
    outer loop
      vertex -61.3858 -40.574 1.5
      vertex -70 -50 1.5
      vertex -61.299 -40.75 1.5
    endloop
  endfacet
  facet normal 0 0 1
    outer loop
      vertex -61.4489 -40.3882 1.5
      vertex -70 -50 1.5
      vertex -61.3858 -40.574 1.5
    endloop
  endfacet
  facet normal 0 0 1
    outer loop
      vertex -61.4872 -40.1958 1.5
      vertex -70 -50 1.5
      vertex -61.4489 -40.3882 1.5
    endloop
  endfacet
  facet normal 0 0 1
    outer loop
      vertex -61.5 -40 1.5
      vertex -70 -50 1.5
      vertex -61.4872 -40.1958 1.5
    endloop
  endfacet
  facet normal 0 0 -1
    outer loop
      vertex -58.81 -39.0869 -1.5
      vertex -1.19003 -39.0869 -1.5
      vertex -58.701 -39.25 -1.5
    endloop
  endfacet
  facet normal 0 0 -1
    outer loop
      vertex -0.913141 38.81 -1.5
      vertex -58.5128 39.8042 -1.5
      vertex -58.5 40 -1.5
    endloop
  endfacet
  facet normal 0 0 -1
    outer loop
      vertex -1.19003 -39.0869 -1.5
      vertex -58.81 -39.0869 -1.5
      vertex -1.06066 -38.9393 -1.5
    endloop
  endfacet
  facet normal 0 0 -1
    outer loop
      vertex -0.913141 38.81 -1.5
      vertex -58.5511 39.6118 -1.5
      vertex -58.5128 39.8042 -1.5
    endloop
  endfacet
  facet normal 0 0 -1
    outer loop
      vertex -58.9393 -38.9393 -1.5
      vertex -1.06066 -38.9393 -1.5
      vertex -58.81 -39.0869 -1.5
    endloop
  endfacet
  facet normal 0 0 -1
    outer loop
      vertex -0.913141 38.81 -1.5
      vertex -58.6142 39.426 -1.5
      vertex -58.5511 39.6118 -1.5
    endloop
  endfacet
  facet normal 0 0 -1
    outer loop
      vertex -1.06066 -38.9393 -1.5
      vertex -58.9393 -38.9393 -1.5
      vertex -0.913141 -38.81 -1.5
    endloop
  endfacet
  facet normal 0 0 -1
    outer loop
      vertex -0.913141 38.81 -1.5
      vertex -58.701 39.25 -1.5
      vertex -58.6142 39.426 -1.5
    endloop
  endfacet
  facet normal 0 0 -1
    outer loop
      vertex -59.0869 -38.81 -1.5
      vertex -0.913141 -38.81 -1.5
      vertex -58.9393 -38.9393 -1.5
    endloop
  endfacet
  facet normal 0 0 -1
    outer loop
      vertex -0.913141 38.81 -1.5
      vertex -58.81 39.0869 -1.5
      vertex -58.701 39.25 -1.5
    endloop
  endfacet
  facet normal 0 0 -1
    outer loop
      vertex -0.913141 -38.81 -1.5
      vertex -59.0869 -38.81 -1.5
      vertex -0.913141 38.81 -1.5
    endloop
  endfacet
  facet normal 0 0 -1
    outer loop
      vertex -0.913141 38.81 -1.5
      vertex -58.9393 38.9393 -1.5
      vertex -58.81 39.0869 -1.5
    endloop
  endfacet
  facet normal 0 0 -1
    outer loop
      vertex -59.0869 38.81 -1.5
      vertex -0.913141 38.81 -1.5
      vertex -59.0869 -38.81 -1.5
    endloop
  endfacet
  facet normal 0 0 -1
    outer loop
      vertex -0.913141 38.81 -1.5
      vertex -59.0869 38.81 -1.5
      vertex -58.9393 38.9393 -1.5
    endloop
  endfacet
  facet normal 0 0 -1
    outer loop
      vertex -59.25 -38.701 -1.5
      vertex -59.0869 38.81 -1.5
      vertex -59.0869 -38.81 -1.5
    endloop
  endfacet
  facet normal 0 0 -1
    outer loop
      vertex -59.25 -38.701 -1.5
      vertex -59.25 38.701 -1.5
      vertex -59.0869 38.81 -1.5
    endloop
  endfacet
  facet normal 0 0 -1
    outer loop
      vertex -59.426 -38.6142 -1.5
      vertex -59.25 38.701 -1.5
      vertex -59.25 -38.701 -1.5
    endloop
  endfacet
  facet normal 0 0 -1
    outer loop
      vertex -59.426 -38.6142 -1.5
      vertex -59.426 38.6142 -1.5
      vertex -59.25 38.701 -1.5
    endloop
  endfacet
  facet normal 0 0 -1
    outer loop
      vertex -59.6118 -38.5511 -1.5
      vertex -59.426 38.6142 -1.5
      vertex -59.426 -38.6142 -1.5
    endloop
  endfacet
  facet normal 0 0 -1
    outer loop
      vertex -59.6118 -38.5511 -1.5
      vertex -59.6118 38.5511 -1.5
      vertex -59.426 38.6142 -1.5
    endloop
  endfacet
  facet normal 0 0 -1
    outer loop
      vertex -59.8042 -38.5128 -1.5
      vertex -59.6118 38.5511 -1.5
      vertex -59.6118 -38.5511 -1.5
    endloop
  endfacet
  facet normal 0 0 -1
    outer loop
      vertex -59.8042 -38.5128 -1.5
      vertex -59.8042 38.5128 -1.5
      vertex -59.6118 38.5511 -1.5
    endloop
  endfacet
  facet normal 0 0 -1
    outer loop
      vertex -60 -38.5 -1.5
      vertex -59.8042 38.5128 -1.5
      vertex -59.8042 -38.5128 -1.5
    endloop
  endfacet
  facet normal 0 0 -1
    outer loop
      vertex -60 -38.5 -1.5
      vertex -60 38.5 -1.5
      vertex -59.8042 38.5128 -1.5
    endloop
  endfacet
  facet normal 0 0 -1
    outer loop
      vertex -60.1958 -38.5128 -1.5
      vertex -60 38.5 -1.5
      vertex -60 -38.5 -1.5
    endloop
  endfacet
  facet normal 0 0 -1
    outer loop
      vertex -60.1958 -38.5128 -1.5
      vertex -60.1958 38.5128 -1.5
      vertex -60 38.5 -1.5
    endloop
  endfacet
  facet normal 0 0 -1
    outer loop
      vertex -60.3882 -38.5511 -1.5
      vertex -60.1958 38.5128 -1.5
      vertex -60.1958 -38.5128 -1.5
    endloop
  endfacet
  facet normal 0 0 -1
    outer loop
      vertex -60.3882 -38.5511 -1.5
      vertex -60.3882 38.5511 -1.5
      vertex -60.1958 38.5128 -1.5
    endloop
  endfacet
  facet normal 0 0 -1
    outer loop
      vertex -60.574 -38.6142 -1.5
      vertex -60.3882 38.5511 -1.5
      vertex -60.3882 -38.5511 -1.5
    endloop
  endfacet
  facet normal 0 0 -1
    outer loop
      vertex -60.574 -38.6142 -1.5
      vertex -60.574 38.6142 -1.5
      vertex -60.3882 38.5511 -1.5
    endloop
  endfacet
  facet normal 0 0 -1
    outer loop
      vertex -60.75 -38.701 -1.5
      vertex -60.574 38.6142 -1.5
      vertex -60.574 -38.6142 -1.5
    endloop
  endfacet
  facet normal 0 0 -1
    outer loop
      vertex -60.75 -38.701 -1.5
      vertex -60.75 38.701 -1.5
      vertex -60.574 38.6142 -1.5
    endloop
  endfacet
  facet normal 0 0 -1
    outer loop
      vertex -60.9131 -38.81 -1.5
      vertex -60.75 38.701 -1.5
      vertex -60.75 -38.701 -1.5
    endloop
  endfacet
  facet normal 0 0 -1
    outer loop
      vertex -60.9131 -38.81 -1.5
      vertex -60.9131 38.81 -1.5
      vertex -60.75 38.701 -1.5
    endloop
  endfacet
  facet normal 0 0 -1
    outer loop
      vertex -61.0607 -38.9393 -1.5
      vertex -60.9131 38.81 -1.5
      vertex -60.9131 -38.81 -1.5
    endloop
  endfacet
  facet normal 0 0 -1
    outer loop
      vertex -61.0607 -38.9393 -1.5
      vertex -61.0607 38.9393 -1.5
      vertex -60.9131 38.81 -1.5
    endloop
  endfacet
  facet normal 0 0 -1
    outer loop
      vertex -61.19 -39.0869 -1.5
      vertex -61.0607 38.9393 -1.5
      vertex -61.0607 -38.9393 -1.5
    endloop
  endfacet
  facet normal 0 0 -1
    outer loop
      vertex -61.19 -39.0869 -1.5
      vertex -61.19 39.0869 -1.5
      vertex -61.0607 38.9393 -1.5
    endloop
  endfacet
  facet normal 0 0 -1
    outer loop
      vertex -61.299 -39.25 -1.5
      vertex -61.19 39.0869 -1.5
      vertex -61.19 -39.0869 -1.5
    endloop
  endfacet
  facet normal 0 0 -1
    outer loop
      vertex -61.299 -39.25 -1.5
      vertex -61.299 39.25 -1.5
      vertex -61.19 39.0869 -1.5
    endloop
  endfacet
  facet normal 0 0 -1
    outer loop
      vertex -70 -50 -1.5
      vertex -61.299 -39.25 -1.5
      vertex -61.3858 -39.426 -1.5
    endloop
  endfacet
  facet normal -0 0 -1
    outer loop
      vertex -61.299 -39.25 -1.5
      vertex -70 -50 -1.5
      vertex -61.299 39.25 -1.5
    endloop
  endfacet
  facet normal 0 0 -1
    outer loop
      vertex -70 -50 -1.5
      vertex -61.3858 -39.426 -1.5
      vertex -61.4489 -39.6118 -1.5
    endloop
  endfacet
  facet normal 0 0 -1
    outer loop
      vertex -70 50 -1.5
      vertex -61.299 39.25 -1.5
      vertex -70 -50 -1.5
    endloop
  endfacet
  facet normal 0 0 -1
    outer loop
      vertex -70 -50 -1.5
      vertex -61.4489 -39.6118 -1.5
      vertex -61.4872 -39.8042 -1.5
    endloop
  endfacet
  facet normal 0 0 -1
    outer loop
      vertex -61.299 39.25 -1.5
      vertex -70 50 -1.5
      vertex -61.3858 39.426 -1.5
    endloop
  endfacet
  facet normal 0 0 -1
    outer loop
      vertex -70 -50 -1.5
      vertex -61.4872 -39.8042 -1.5
      vertex -61.5 -40 -1.5
    endloop
  endfacet
  facet normal 0 0 -1
    outer loop
      vertex -61.3858 39.426 -1.5
      vertex -70 50 -1.5
      vertex -61.4489 39.6118 -1.5
    endloop
  endfacet
  facet normal 0 0 -1
    outer loop
      vertex 58.701 -39.25 -1.5
      vertex 1.29904 -39.25 -1.5
      vertex 58.81 -39.0869 -1.5
    endloop
  endfacet
  facet normal 0 0 -1
    outer loop
      vertex 59.0869 -38.81 -1.5
      vertex 1.48717 39.8042 -1.5
      vertex 1.5 40 -1.5
    endloop
  endfacet
  facet normal 0 0 -1
    outer loop
      vertex 1.19003 -39.0869 -1.5
      vertex 58.81 -39.0869 -1.5
      vertex 1.29904 -39.25 -1.5
    endloop
  endfacet
  facet normal 0 0 -1
    outer loop
      vertex 59.0869 -38.81 -1.5
      vertex 1.44889 39.6118 -1.5
      vertex 1.48717 39.8042 -1.5
    endloop
  endfacet
  facet normal 0 0 -1
    outer loop
      vertex 58.81 -39.0869 -1.5
      vertex 1.19003 -39.0869 -1.5
      vertex 58.9393 -38.9393 -1.5
    endloop
  endfacet
  facet normal 0 0 -1
    outer loop
      vertex 59.0869 -38.81 -1.5
      vertex 1.38582 39.426 -1.5
      vertex 1.44889 39.6118 -1.5
    endloop
  endfacet
  facet normal 0 0 -1
    outer loop
      vertex 1.06066 -38.9393 -1.5
      vertex 58.9393 -38.9393 -1.5
      vertex 1.19003 -39.0869 -1.5
    endloop
  endfacet
  facet normal 0 0 -1
    outer loop
      vertex 59.0869 -38.81 -1.5
      vertex 1.29904 39.25 -1.5
      vertex 1.38582 39.426 -1.5
    endloop
  endfacet
  facet normal 0 0 -1
    outer loop
      vertex 58.9393 -38.9393 -1.5
      vertex 1.06066 -38.9393 -1.5
      vertex 59.0869 -38.81 -1.5
    endloop
  endfacet
  facet normal 0 0 -1
    outer loop
      vertex 59.0869 -38.81 -1.5
      vertex 1.19003 39.0869 -1.5
      vertex 1.29904 39.25 -1.5
    endloop
  endfacet
  facet normal 0 0 -1
    outer loop
      vertex 0.913141 -38.81 -1.5
      vertex 59.0869 -38.81 -1.5
      vertex 1.06066 -38.9393 -1.5
    endloop
  endfacet
  facet normal 0 0 -1
    outer loop
      vertex 59.0869 -38.81 -1.5
      vertex 1.06066 38.9393 -1.5
      vertex 1.19003 39.0869 -1.5
    endloop
  endfacet
  facet normal 0 0 -1
    outer loop
      vertex 0.913141 38.81 -1.5
      vertex 59.0869 -38.81 -1.5
      vertex 0.913141 -38.81 -1.5
    endloop
  endfacet
  facet normal 0 0 -1
    outer loop
      vertex 59.0869 -38.81 -1.5
      vertex 0.913141 38.81 -1.5
      vertex 1.06066 38.9393 -1.5
    endloop
  endfacet
  facet normal 0 0 -1
    outer loop
      vertex 0.75 -38.701 -1.5
      vertex 0.913141 38.81 -1.5
      vertex 0.913141 -38.81 -1.5
    endloop
  endfacet
  facet normal 0 0 -1
    outer loop
      vertex 0.75 -38.701 -1.5
      vertex 0.75 38.701 -1.5
      vertex 0.913141 38.81 -1.5
    endloop
  endfacet
  facet normal 0 0 -1
    outer loop
      vertex 0.574024 -38.6142 -1.5
      vertex 0.75 38.701 -1.5
      vertex 0.75 -38.701 -1.5
    endloop
  endfacet
  facet normal 0 0 -1
    outer loop
      vertex 0.574024 -38.6142 -1.5
      vertex 0.574024 38.6142 -1.5
      vertex 0.75 38.701 -1.5
    endloop
  endfacet
  facet normal 0 0 -1
    outer loop
      vertex 0.388228 -38.5511 -1.5
      vertex 0.574024 38.6142 -1.5
      vertex 0.574024 -38.6142 -1.5
    endloop
  endfacet
  facet normal 0 0 -1
    outer loop
      vertex 0.388228 -38.5511 -1.5
      vertex 0.388228 38.5511 -1.5
      vertex 0.574024 38.6142 -1.5
    endloop
  endfacet
  facet normal 0 0 -1
    outer loop
      vertex 0.195788 -38.5128 -1.5
      vertex 0.388228 38.5511 -1.5
      vertex 0.388228 -38.5511 -1.5
    endloop
  endfacet
  facet normal 0 0 -1
    outer loop
      vertex 0.195788 -38.5128 -1.5
      vertex 0.195788 38.5128 -1.5
      vertex 0.388228 38.5511 -1.5
    endloop
  endfacet
  facet normal 0 0 -1
    outer loop
      vertex 0 -38.5 -1.5
      vertex 0.195788 38.5128 -1.5
      vertex 0.195788 -38.5128 -1.5
    endloop
  endfacet
  facet normal 0 0 -1
    outer loop
      vertex 0 -38.5 -1.5
      vertex 0 38.5 -1.5
      vertex 0.195788 38.5128 -1.5
    endloop
  endfacet
  facet normal 0 0 -1
    outer loop
      vertex -0.195788 -38.5128 -1.5
      vertex 0 38.5 -1.5
      vertex 0 -38.5 -1.5
    endloop
  endfacet
  facet normal 0 0 -1
    outer loop
      vertex -0.195788 -38.5128 -1.5
      vertex -0.195788 38.5128 -1.5
      vertex 0 38.5 -1.5
    endloop
  endfacet
  facet normal 0 0 -1
    outer loop
      vertex -0.388228 -38.5511 -1.5
      vertex -0.195788 38.5128 -1.5
      vertex -0.195788 -38.5128 -1.5
    endloop
  endfacet
  facet normal 0 0 -1
    outer loop
      vertex -0.388228 -38.5511 -1.5
      vertex -0.388228 38.5511 -1.5
      vertex -0.195788 38.5128 -1.5
    endloop
  endfacet
  facet normal 0 0 -1
    outer loop
      vertex -0.574024 -38.6142 -1.5
      vertex -0.388228 38.5511 -1.5
      vertex -0.388228 -38.5511 -1.5
    endloop
  endfacet
  facet normal 0 0 -1
    outer loop
      vertex -0.574024 -38.6142 -1.5
      vertex -0.574024 38.6142 -1.5
      vertex -0.388228 38.5511 -1.5
    endloop
  endfacet
  facet normal 0 0 -1
    outer loop
      vertex -0.75 -38.701 -1.5
      vertex -0.574024 38.6142 -1.5
      vertex -0.574024 -38.6142 -1.5
    endloop
  endfacet
  facet normal 0 0 -1
    outer loop
      vertex -0.75 -38.701 -1.5
      vertex -0.75 38.701 -1.5
      vertex -0.574024 38.6142 -1.5
    endloop
  endfacet
  facet normal 0 0 -1
    outer loop
      vertex -0.913141 -38.81 -1.5
      vertex -0.75 38.701 -1.5
      vertex -0.75 -38.701 -1.5
    endloop
  endfacet
  facet normal 0 0 -1
    outer loop
      vertex -0.913141 -38.81 -1.5
      vertex -0.913141 38.81 -1.5
      vertex -0.75 38.701 -1.5
    endloop
  endfacet
  facet normal 0 0 -1
    outer loop
      vertex -1.38582 -39.426 -1.5
      vertex -58.6142 -39.426 -1.5
      vertex -1.29904 -39.25 -1.5
    endloop
  endfacet
  facet normal 0 0 -1
    outer loop
      vertex -58.701 -39.25 -1.5
      vertex -1.29904 -39.25 -1.5
      vertex -58.6142 -39.426 -1.5
    endloop
  endfacet
  facet normal 0 0 -1
    outer loop
      vertex -58.6142 -39.426 -1.5
      vertex -1.38582 -39.426 -1.5
      vertex -58.5511 -39.6118 -1.5
    endloop
  endfacet
  facet normal 0 0 -1
    outer loop
      vertex -1.29904 -39.25 -1.5
      vertex -58.701 -39.25 -1.5
      vertex -1.19003 -39.0869 -1.5
    endloop
  endfacet
  facet normal 0 0 -1
    outer loop
      vertex -1.44889 -39.6118 -1.5
      vertex -58.5511 -39.6118 -1.5
      vertex -1.38582 -39.426 -1.5
    endloop
  endfacet
  facet normal 0 0 -1
    outer loop
      vertex -0.913141 38.81 -1.5
      vertex -58.5 40 -1.5
      vertex -1.06066 38.9393 -1.5
    endloop
  endfacet
  facet normal 0 0 -1
    outer loop
      vertex -58.5511 -39.6118 -1.5
      vertex -1.44889 -39.6118 -1.5
      vertex -58.5128 -39.8042 -1.5
    endloop
  endfacet
  facet normal 0 0 -1
    outer loop
      vertex -1.06066 38.9393 -1.5
      vertex -58.5 40 -1.5
      vertex -1.19003 39.0869 -1.5
    endloop
  endfacet
  facet normal 0 0 -1
    outer loop
      vertex -1.48717 -39.8042 -1.5
      vertex -58.5128 -39.8042 -1.5
      vertex -1.44889 -39.6118 -1.5
    endloop
  endfacet
  facet normal 0 0 -1
    outer loop
      vertex -1.19003 39.0869 -1.5
      vertex -58.5 40 -1.5
      vertex -1.29904 39.25 -1.5
    endloop
  endfacet
  facet normal 0 0 -1
    outer loop
      vertex -58.5128 -39.8042 -1.5
      vertex -1.48717 -39.8042 -1.5
      vertex -58.5 -40 -1.5
    endloop
  endfacet
  facet normal 0 0 -1
    outer loop
      vertex -1.29904 39.25 -1.5
      vertex -58.5 40 -1.5
      vertex -1.38582 39.426 -1.5
    endloop
  endfacet
  facet normal 0 0 -1
    outer loop
      vertex -58.5 -40 -1.5
      vertex -1.48717 -39.8042 -1.5
      vertex -1.5 -40 -1.5
    endloop
  endfacet
  facet normal 0 0 -1
    outer loop
      vertex -1.38582 39.426 -1.5
      vertex -58.5 40 -1.5
      vertex -1.44889 39.6118 -1.5
    endloop
  endfacet
  facet normal 0 0 -1
    outer loop
      vertex 61.4872 -39.8042 -1.5
      vertex 70 -50 -1.5
      vertex 61.5 -40 -1.5
    endloop
  endfacet
  facet normal 0 0 -1
    outer loop
      vertex 70 -50 -1.5
      vertex 61.4872 -40.1958 -1.5
      vertex 61.5 -40 -1.5
    endloop
  endfacet
  facet normal 0 0 -1
    outer loop
      vertex 70 -50 -1.5
      vertex 61.4489 -40.3882 -1.5
      vertex 61.4872 -40.1958 -1.5
    endloop
  endfacet
  facet normal 0 0 -1
    outer loop
      vertex 70 -50 -1.5
      vertex 61.3858 -40.574 -1.5
      vertex 61.4489 -40.3882 -1.5
    endloop
  endfacet
  facet normal 0 0 -1
    outer loop
      vertex 70 -50 -1.5
      vertex 61.299 -40.75 -1.5
      vertex 61.3858 -40.574 -1.5
    endloop
  endfacet
  facet normal 0 0 -1
    outer loop
      vertex 70 -50 -1.5
      vertex 61.19 -40.9131 -1.5
      vertex 61.299 -40.75 -1.5
    endloop
  endfacet
  facet normal 0 0 -1
    outer loop
      vertex 70 -50 -1.5
      vertex 61.0607 -41.0607 -1.5
      vertex 61.19 -40.9131 -1.5
    endloop
  endfacet
  facet normal 0 0 -1
    outer loop
      vertex 70 -50 -1.5
      vertex 60.9131 -41.19 -1.5
      vertex 61.0607 -41.0607 -1.5
    endloop
  endfacet
  facet normal 0 0 -1
    outer loop
      vertex 70 -50 -1.5
      vertex 60.75 -41.299 -1.5
      vertex 60.9131 -41.19 -1.5
    endloop
  endfacet
  facet normal 0 0 -1
    outer loop
      vertex 70 -50 -1.5
      vertex 60.574 -41.3858 -1.5
      vertex 60.75 -41.299 -1.5
    endloop
  endfacet
  facet normal 0 0 -1
    outer loop
      vertex 70 -50 -1.5
      vertex 60.3882 -41.4489 -1.5
      vertex 60.574 -41.3858 -1.5
    endloop
  endfacet
  facet normal 0 0 -1
    outer loop
      vertex 70 -50 -1.5
      vertex 60.1958 -41.4872 -1.5
      vertex 60.3882 -41.4489 -1.5
    endloop
  endfacet
  facet normal 0 0 -1
    outer loop
      vertex 70 -50 -1.5
      vertex 60 -41.5 -1.5
      vertex 60.1958 -41.4872 -1.5
    endloop
  endfacet
  facet normal 0 0 -1
    outer loop
      vertex 70 -50 -1.5
      vertex 59.8042 -41.4872 -1.5
      vertex 60 -41.5 -1.5
    endloop
  endfacet
  facet normal 0 0 -1
    outer loop
      vertex 70 -50 -1.5
      vertex 59.6118 -41.4489 -1.5
      vertex 59.8042 -41.4872 -1.5
    endloop
  endfacet
  facet normal 0 0 -1
    outer loop
      vertex 70 -50 -1.5
      vertex 59.426 -41.3858 -1.5
      vertex 59.6118 -41.4489 -1.5
    endloop
  endfacet
  facet normal 0 0 -1
    outer loop
      vertex 70 -50 -1.5
      vertex 59.25 -41.299 -1.5
      vertex 59.426 -41.3858 -1.5
    endloop
  endfacet
  facet normal 0 0 -1
    outer loop
      vertex 0.75 -41.299 -1.5
      vertex 59.25 -41.299 -1.5
      vertex 70 -50 -1.5
    endloop
  endfacet
  facet normal 0 0 -1
    outer loop
      vertex 58.5128 -40.1958 -1.5
      vertex 1.5 -40 -1.5
      vertex 58.5 -40 -1.5
    endloop
  endfacet
  facet normal 0 0 -1
    outer loop
      vertex 1.48717 -40.1958 -1.5
      vertex 58.5128 -40.1958 -1.5
      vertex 58.5511 -40.3882 -1.5
    endloop
  endfacet
  facet normal 0 0 -1
    outer loop
      vertex 1.44889 -40.3882 -1.5
      vertex 58.5511 -40.3882 -1.5
      vertex 58.6142 -40.574 -1.5
    endloop
  endfacet
  facet normal 0 0 -1
    outer loop
      vertex 1.38582 -40.574 -1.5
      vertex 58.6142 -40.574 -1.5
      vertex 58.701 -40.75 -1.5
    endloop
  endfacet
  facet normal 0 0 -1
    outer loop
      vertex 1.29904 -40.75 -1.5
      vertex 58.701 -40.75 -1.5
      vertex 58.81 -40.9131 -1.5
    endloop
  endfacet
  facet normal 0 0 -1
    outer loop
      vertex 1.19003 -40.9131 -1.5
      vertex 58.81 -40.9131 -1.5
      vertex 58.9393 -41.0607 -1.5
    endloop
  endfacet
  facet normal 0 0 -1
    outer loop
      vertex 1.06066 -41.0607 -1.5
      vertex 58.9393 -41.0607 -1.5
      vertex 59.0869 -41.19 -1.5
    endloop
  endfacet
  facet normal 0 0 -1
    outer loop
      vertex 59.25 -41.299 -1.5
      vertex 0.75 -41.299 -1.5
      vertex 59.0869 -41.19 -1.5
    endloop
  endfacet
  facet normal 0 0 -1
    outer loop
      vertex 58.5128 -40.1958 -1.5
      vertex 1.48717 -40.1958 -1.5
      vertex 1.5 -40 -1.5
    endloop
  endfacet
  facet normal 0 0 -1
    outer loop
      vertex 58.5511 -40.3882 -1.5
      vertex 1.44889 -40.3882 -1.5
      vertex 1.48717 -40.1958 -1.5
    endloop
  endfacet
  facet normal 0 0 -1
    outer loop
      vertex 58.6142 -40.574 -1.5
      vertex 1.38582 -40.574 -1.5
      vertex 1.44889 -40.3882 -1.5
    endloop
  endfacet
  facet normal 0 0 -1
    outer loop
      vertex 58.701 -40.75 -1.5
      vertex 1.29904 -40.75 -1.5
      vertex 1.38582 -40.574 -1.5
    endloop
  endfacet
  facet normal 0 0 -1
    outer loop
      vertex 58.81 -40.9131 -1.5
      vertex 1.19003 -40.9131 -1.5
      vertex 1.29904 -40.75 -1.5
    endloop
  endfacet
  facet normal 0 0 -1
    outer loop
      vertex 58.9393 -41.0607 -1.5
      vertex 1.06066 -41.0607 -1.5
      vertex 1.19003 -40.9131 -1.5
    endloop
  endfacet
  facet normal 0 0 -1
    outer loop
      vertex 59.0869 -41.19 -1.5
      vertex 0.913141 -41.19 -1.5
      vertex 1.06066 -41.0607 -1.5
    endloop
  endfacet
  facet normal -0 0 -1
    outer loop
      vertex 59.0869 -41.19 -1.5
      vertex 0.75 -41.299 -1.5
      vertex 0.913141 -41.19 -1.5
    endloop
  endfacet
  facet normal 0 0 -1
    outer loop
      vertex 70 -50 -1.5
      vertex 0.574024 -41.3858 -1.5
      vertex 0.75 -41.299 -1.5
    endloop
  endfacet
  facet normal 0 0 -1
    outer loop
      vertex 70 -50 -1.5
      vertex 0.388228 -41.4489 -1.5
      vertex 0.574024 -41.3858 -1.5
    endloop
  endfacet
  facet normal 0 0 -1
    outer loop
      vertex 70 -50 -1.5
      vertex 0.195788 -41.4872 -1.5
      vertex 0.388228 -41.4489 -1.5
    endloop
  endfacet
  facet normal 0 0 -1
    outer loop
      vertex 70 -50 -1.5
      vertex 0 -41.5 -1.5
      vertex 0.195788 -41.4872 -1.5
    endloop
  endfacet
  facet normal 0 0 -1
    outer loop
      vertex -70 -50 -1.5
      vertex 0 -41.5 -1.5
      vertex 70 -50 -1.5
    endloop
  endfacet
  facet normal 0 0 -1
    outer loop
      vertex -1.44889 39.6118 -1.5
      vertex -58.5 40 -1.5
      vertex -1.48717 39.8042 -1.5
    endloop
  endfacet
  facet normal 0 0 -1
    outer loop
      vertex -1.48717 -40.1958 -1.5
      vertex -58.5 -40 -1.5
      vertex -1.5 -40 -1.5
    endloop
  endfacet
  facet normal 0 0 -1
    outer loop
      vertex -58.5128 -40.1958 -1.5
      vertex -1.48717 -40.1958 -1.5
      vertex -1.44889 -40.3882 -1.5
    endloop
  endfacet
  facet normal 0 0 -1
    outer loop
      vertex -58.5511 -40.3882 -1.5
      vertex -1.44889 -40.3882 -1.5
      vertex -1.38582 -40.574 -1.5
    endloop
  endfacet
  facet normal 0 0 -1
    outer loop
      vertex -58.6142 -40.574 -1.5
      vertex -1.38582 -40.574 -1.5
      vertex -1.29904 -40.75 -1.5
    endloop
  endfacet
  facet normal 0 0 -1
    outer loop
      vertex -58.701 -40.75 -1.5
      vertex -1.29904 -40.75 -1.5
      vertex -1.19003 -40.9131 -1.5
    endloop
  endfacet
  facet normal 0 0 -1
    outer loop
      vertex -58.81 -40.9131 -1.5
      vertex -1.19003 -40.9131 -1.5
      vertex -1.06066 -41.0607 -1.5
    endloop
  endfacet
  facet normal 0 0 -1
    outer loop
      vertex -58.9393 -41.0607 -1.5
      vertex -1.06066 -41.0607 -1.5
      vertex -0.913141 -41.19 -1.5
    endloop
  endfacet
  facet normal 0 0 -1
    outer loop
      vertex -59.0869 -41.19 -1.5
      vertex -0.913141 -41.19 -1.5
      vertex -0.75 -41.299 -1.5
    endloop
  endfacet
  facet normal 0 0 -1
    outer loop
      vertex -70 -50 -1.5
      vertex -0.75 -41.299 -1.5
      vertex -0.574024 -41.3858 -1.5
    endloop
  endfacet
  facet normal 0 0 -1
    outer loop
      vertex -70 -50 -1.5
      vertex -0.574024 -41.3858 -1.5
      vertex -0.388228 -41.4489 -1.5
    endloop
  endfacet
  facet normal 0 0 -1
    outer loop
      vertex -70 -50 -1.5
      vertex -0.388228 -41.4489 -1.5
      vertex -0.195788 -41.4872 -1.5
    endloop
  endfacet
  facet normal -0 0 -1
    outer loop
      vertex 0 -41.5 -1.5
      vertex -70 -50 -1.5
      vertex -0.195788 -41.4872 -1.5
    endloop
  endfacet
  facet normal 0 0 -1
    outer loop
      vertex -1.48717 -40.1958 -1.5
      vertex -58.5128 -40.1958 -1.5
      vertex -58.5 -40 -1.5
    endloop
  endfacet
  facet normal 0 0 -1
    outer loop
      vertex -1.44889 -40.3882 -1.5
      vertex -58.5511 -40.3882 -1.5
      vertex -58.5128 -40.1958 -1.5
    endloop
  endfacet
  facet normal 0 0 -1
    outer loop
      vertex -1.38582 -40.574 -1.5
      vertex -58.6142 -40.574 -1.5
      vertex -58.5511 -40.3882 -1.5
    endloop
  endfacet
  facet normal 0 0 -1
    outer loop
      vertex -1.29904 -40.75 -1.5
      vertex -58.701 -40.75 -1.5
      vertex -58.6142 -40.574 -1.5
    endloop
  endfacet
  facet normal 0 0 -1
    outer loop
      vertex -1.19003 -40.9131 -1.5
      vertex -58.81 -40.9131 -1.5
      vertex -58.701 -40.75 -1.5
    endloop
  endfacet
  facet normal 0 0 -1
    outer loop
      vertex -1.06066 -41.0607 -1.5
      vertex -58.9393 -41.0607 -1.5
      vertex -58.81 -40.9131 -1.5
    endloop
  endfacet
  facet normal 0 0 -1
    outer loop
      vertex -0.913141 -41.19 -1.5
      vertex -59.0869 -41.19 -1.5
      vertex -58.9393 -41.0607 -1.5
    endloop
  endfacet
  facet normal -0 0 -1
    outer loop
      vertex -0.75 -41.299 -1.5
      vertex -70 -50 -1.5
      vertex -59.25 -41.299 -1.5
    endloop
  endfacet
  facet normal 0 0 -1
    outer loop
      vertex -0.75 -41.299 -1.5
      vertex -59.25 -41.299 -1.5
      vertex -59.0869 -41.19 -1.5
    endloop
  endfacet
  facet normal 0 0 -1
    outer loop
      vertex -59.25 -41.299 -1.5
      vertex -70 -50 -1.5
      vertex -59.426 -41.3858 -1.5
    endloop
  endfacet
  facet normal 0 0 -1
    outer loop
      vertex -59.426 -41.3858 -1.5
      vertex -70 -50 -1.5
      vertex -59.6118 -41.4489 -1.5
    endloop
  endfacet
  facet normal 0 0 -1
    outer loop
      vertex -59.6118 -41.4489 -1.5
      vertex -70 -50 -1.5
      vertex -59.8042 -41.4872 -1.5
    endloop
  endfacet
  facet normal 0 0 -1
    outer loop
      vertex -61.4489 39.6118 -1.5
      vertex -70 50 -1.5
      vertex -61.4872 39.8042 -1.5
    endloop
  endfacet
  facet normal -0 0 -1
    outer loop
      vertex -61.4872 -40.1958 -1.5
      vertex -70 -50 -1.5
      vertex -61.5 -40 -1.5
    endloop
  endfacet
  facet normal -0 0 -1
    outer loop
      vertex -61.4489 -40.3882 -1.5
      vertex -70 -50 -1.5
      vertex -61.4872 -40.1958 -1.5
    endloop
  endfacet
  facet normal -0 0 -1
    outer loop
      vertex -61.3858 -40.574 -1.5
      vertex -70 -50 -1.5
      vertex -61.4489 -40.3882 -1.5
    endloop
  endfacet
  facet normal -0 0 -1
    outer loop
      vertex -61.299 -40.75 -1.5
      vertex -70 -50 -1.5
      vertex -61.3858 -40.574 -1.5
    endloop
  endfacet
  facet normal -0 0 -1
    outer loop
      vertex -61.19 -40.9131 -1.5
      vertex -70 -50 -1.5
      vertex -61.299 -40.75 -1.5
    endloop
  endfacet
  facet normal -0 0 -1
    outer loop
      vertex -61.0607 -41.0607 -1.5
      vertex -70 -50 -1.5
      vertex -61.19 -40.9131 -1.5
    endloop
  endfacet
  facet normal -0 0 -1
    outer loop
      vertex -60.9131 -41.19 -1.5
      vertex -70 -50 -1.5
      vertex -61.0607 -41.0607 -1.5
    endloop
  endfacet
  facet normal -0 0 -1
    outer loop
      vertex -60.75 -41.299 -1.5
      vertex -70 -50 -1.5
      vertex -60.9131 -41.19 -1.5
    endloop
  endfacet
  facet normal -0 0 -1
    outer loop
      vertex -60.574 -41.3858 -1.5
      vertex -70 -50 -1.5
      vertex -60.75 -41.299 -1.5
    endloop
  endfacet
  facet normal -0 0 -1
    outer loop
      vertex -60.3882 -41.4489 -1.5
      vertex -70 -50 -1.5
      vertex -60.574 -41.3858 -1.5
    endloop
  endfacet
  facet normal -0 0 -1
    outer loop
      vertex -60.1958 -41.4872 -1.5
      vertex -70 -50 -1.5
      vertex -60.3882 -41.4489 -1.5
    endloop
  endfacet
  facet normal -0 0 -1
    outer loop
      vertex -60 -41.5 -1.5
      vertex -70 -50 -1.5
      vertex -60.1958 -41.4872 -1.5
    endloop
  endfacet
  facet normal 0 0 -1
    outer loop
      vertex -59.8042 -41.4872 -1.5
      vertex -70 -50 -1.5
      vertex -60 -41.5 -1.5
    endloop
  endfacet
  facet normal 0 0 -1
    outer loop
      vertex 61.4489 -39.6118 -1.5
      vertex 70 -50 -1.5
      vertex 61.4872 -39.8042 -1.5
    endloop
  endfacet
  facet normal 0 0 -1
    outer loop
      vertex 61.3858 -39.426 -1.5
      vertex 70 -50 -1.5
      vertex 61.4489 -39.6118 -1.5
    endloop
  endfacet
  facet normal 0 0 -1
    outer loop
      vertex 61.299 -39.25 -1.5
      vertex 70 -50 -1.5
      vertex 61.3858 -39.426 -1.5
    endloop
  endfacet
  facet normal 0 0 -1
    outer loop
      vertex 70 -50 -1.5
      vertex 61.299 -39.25 -1.5
      vertex 70 50 -1.5
    endloop
  endfacet
  facet normal 0 0 -1
    outer loop
      vertex 61.19 -39.0869 -1.5
      vertex 70 50 -1.5
      vertex 61.299 -39.25 -1.5
    endloop
  endfacet
  facet normal 0 0 -1
    outer loop
      vertex 61.0607 -38.9393 -1.5
      vertex 70 50 -1.5
      vertex 61.19 -39.0869 -1.5
    endloop
  endfacet
  facet normal 0 0 -1
    outer loop
      vertex 60.9131 -38.81 -1.5
      vertex 70 50 -1.5
      vertex 61.0607 -38.9393 -1.5
    endloop
  endfacet
  facet normal 0 0 -1
    outer loop
      vertex 60.75 -38.701 -1.5
      vertex 70 50 -1.5
      vertex 60.9131 -38.81 -1.5
    endloop
  endfacet
  facet normal 0 0 -1
    outer loop
      vertex 60.574 -38.6142 -1.5
      vertex 70 50 -1.5
      vertex 60.75 -38.701 -1.5
    endloop
  endfacet
  facet normal 0 0 -1
    outer loop
      vertex 60.3882 -38.5511 -1.5
      vertex 70 50 -1.5
      vertex 60.574 -38.6142 -1.5
    endloop
  endfacet
  facet normal 0 0 -1
    outer loop
      vertex 60.1958 -38.5128 -1.5
      vertex 70 50 -1.5
      vertex 60.3882 -38.5511 -1.5
    endloop
  endfacet
  facet normal 0 0 -1
    outer loop
      vertex 60 -38.5 -1.5
      vertex 70 50 -1.5
      vertex 60.1958 -38.5128 -1.5
    endloop
  endfacet
  facet normal 0 0 -1
    outer loop
      vertex 59.8042 -38.5128 -1.5
      vertex 70 50 -1.5
      vertex 60 -38.5 -1.5
    endloop
  endfacet
  facet normal 0 0 -1
    outer loop
      vertex 59.6118 -38.5511 -1.5
      vertex 70 50 -1.5
      vertex 59.8042 -38.5128 -1.5
    endloop
  endfacet
  facet normal 0 0 -1
    outer loop
      vertex 59.426 -38.6142 -1.5
      vertex 70 50 -1.5
      vertex 59.6118 -38.5511 -1.5
    endloop
  endfacet
  facet normal 0 0 -1
    outer loop
      vertex 1.5 40 -1.5
      vertex 59.426 -38.6142 -1.5
      vertex 59.25 -38.701 -1.5
    endloop
  endfacet
  facet normal 0 0 -1
    outer loop
      vertex 1.5 40 -1.5
      vertex 59.25 -38.701 -1.5
      vertex 59.0869 -38.81 -1.5
    endloop
  endfacet
  facet normal 0 0 -1
    outer loop
      vertex 58.6142 -39.426 -1.5
      vertex 1.38582 -39.426 -1.5
      vertex 58.701 -39.25 -1.5
    endloop
  endfacet
  facet normal 0 0 -1
    outer loop
      vertex 1.38582 -39.426 -1.5
      vertex 58.6142 -39.426 -1.5
      vertex 1.44889 -39.6118 -1.5
    endloop
  endfacet
  facet normal 0 0 -1
    outer loop
      vertex 58.5511 -39.6118 -1.5
      vertex 1.44889 -39.6118 -1.5
      vertex 58.6142 -39.426 -1.5
    endloop
  endfacet
  facet normal 0 0 -1
    outer loop
      vertex 1.44889 -39.6118 -1.5
      vertex 58.5511 -39.6118 -1.5
      vertex 1.48717 -39.8042 -1.5
    endloop
  endfacet
  facet normal 0 0 -1
    outer loop
      vertex 58.5128 -39.8042 -1.5
      vertex 1.48717 -39.8042 -1.5
      vertex 58.5511 -39.6118 -1.5
    endloop
  endfacet
  facet normal 0 0 -1
    outer loop
      vertex 1.48717 -39.8042 -1.5
      vertex 58.5128 -39.8042 -1.5
      vertex 1.5 -40 -1.5
    endloop
  endfacet
  facet normal 0 0 -1
    outer loop
      vertex 1.5 -40 -1.5
      vertex 58.5128 -39.8042 -1.5
      vertex 58.5 -40 -1.5
    endloop
  endfacet
  facet normal 0 0 -1
    outer loop
      vertex 1.29904 -39.25 -1.5
      vertex 58.701 -39.25 -1.5
      vertex 1.38582 -39.426 -1.5
    endloop
  endfacet
  facet normal 0 0 -1
    outer loop
      vertex 59.426 -38.6142 -1.5
      vertex 1.5 40 -1.5
      vertex 70 50 -1.5
    endloop
  endfacet
  facet normal 0 0 -1
    outer loop
      vertex 1.48717 40.1958 -1.5
      vertex 70 50 -1.5
      vertex 1.5 40 -1.5
    endloop
  endfacet
  facet normal 0 0 -1
    outer loop
      vertex 1.44889 40.3882 -1.5
      vertex 70 50 -1.5
      vertex 1.48717 40.1958 -1.5
    endloop
  endfacet
  facet normal 0 0 -1
    outer loop
      vertex 1.38582 40.574 -1.5
      vertex 70 50 -1.5
      vertex 1.44889 40.3882 -1.5
    endloop
  endfacet
  facet normal 0 0 -1
    outer loop
      vertex 1.29904 40.75 -1.5
      vertex 70 50 -1.5
      vertex 1.38582 40.574 -1.5
    endloop
  endfacet
  facet normal 0 0 -1
    outer loop
      vertex 1.19003 40.9131 -1.5
      vertex 70 50 -1.5
      vertex 1.29904 40.75 -1.5
    endloop
  endfacet
  facet normal 0 0 -1
    outer loop
      vertex 1.06066 41.0607 -1.5
      vertex 70 50 -1.5
      vertex 1.19003 40.9131 -1.5
    endloop
  endfacet
  facet normal 0 0 -1
    outer loop
      vertex 0.913141 41.19 -1.5
      vertex 70 50 -1.5
      vertex 1.06066 41.0607 -1.5
    endloop
  endfacet
  facet normal 0 0 -1
    outer loop
      vertex 0.75 41.299 -1.5
      vertex 70 50 -1.5
      vertex 0.913141 41.19 -1.5
    endloop
  endfacet
  facet normal 0 0 -1
    outer loop
      vertex 0.574024 41.3858 -1.5
      vertex 70 50 -1.5
      vertex 0.75 41.299 -1.5
    endloop
  endfacet
  facet normal 0 0 -1
    outer loop
      vertex 0.388228 41.4489 -1.5
      vertex 70 50 -1.5
      vertex 0.574024 41.3858 -1.5
    endloop
  endfacet
  facet normal 0 0 -1
    outer loop
      vertex 0.195788 41.4872 -1.5
      vertex 70 50 -1.5
      vertex 0.388228 41.4489 -1.5
    endloop
  endfacet
  facet normal 0 0 -1
    outer loop
      vertex 0 41.5 -1.5
      vertex 70 50 -1.5
      vertex 0.195788 41.4872 -1.5
    endloop
  endfacet
  facet normal 0 0 -1
    outer loop
      vertex -70 50 -1.5
      vertex 0 41.5 -1.5
      vertex -0.195788 41.4872 -1.5
    endloop
  endfacet
  facet normal 0 0 -1
    outer loop
      vertex -1.48717 39.8042 -1.5
      vertex -58.5 40 -1.5
      vertex -1.5 40 -1.5
    endloop
  endfacet
  facet normal 0 0 -1
    outer loop
      vertex -1.5 40 -1.5
      vertex -58.5 40 -1.5
      vertex -1.48717 40.1958 -1.5
    endloop
  endfacet
  facet normal 0 0 -1
    outer loop
      vertex -58.5128 40.1958 -1.5
      vertex -1.48717 40.1958 -1.5
      vertex -58.5 40 -1.5
    endloop
  endfacet
  facet normal 0 0 -1
    outer loop
      vertex -1.48717 40.1958 -1.5
      vertex -58.5128 40.1958 -1.5
      vertex -1.44889 40.3882 -1.5
    endloop
  endfacet
  facet normal 0 0 -1
    outer loop
      vertex -58.5511 40.3882 -1.5
      vertex -1.44889 40.3882 -1.5
      vertex -58.5128 40.1958 -1.5
    endloop
  endfacet
  facet normal 0 0 -1
    outer loop
      vertex -1.44889 40.3882 -1.5
      vertex -58.5511 40.3882 -1.5
      vertex -1.38582 40.574 -1.5
    endloop
  endfacet
  facet normal 0 0 -1
    outer loop
      vertex -58.6142 40.574 -1.5
      vertex -1.38582 40.574 -1.5
      vertex -58.5511 40.3882 -1.5
    endloop
  endfacet
  facet normal 0 0 -1
    outer loop
      vertex -1.38582 40.574 -1.5
      vertex -58.6142 40.574 -1.5
      vertex -1.29904 40.75 -1.5
    endloop
  endfacet
  facet normal 0 0 -1
    outer loop
      vertex -58.701 40.75 -1.5
      vertex -1.29904 40.75 -1.5
      vertex -58.6142 40.574 -1.5
    endloop
  endfacet
  facet normal 0 0 -1
    outer loop
      vertex -1.29904 40.75 -1.5
      vertex -58.701 40.75 -1.5
      vertex -1.19003 40.9131 -1.5
    endloop
  endfacet
  facet normal 0 0 -1
    outer loop
      vertex -58.81 40.9131 -1.5
      vertex -1.19003 40.9131 -1.5
      vertex -58.701 40.75 -1.5
    endloop
  endfacet
  facet normal 0 0 -1
    outer loop
      vertex -1.19003 40.9131 -1.5
      vertex -58.81 40.9131 -1.5
      vertex -1.06066 41.0607 -1.5
    endloop
  endfacet
  facet normal 0 0 -1
    outer loop
      vertex -58.9393 41.0607 -1.5
      vertex -1.06066 41.0607 -1.5
      vertex -58.81 40.9131 -1.5
    endloop
  endfacet
  facet normal 0 0 -1
    outer loop
      vertex -1.06066 41.0607 -1.5
      vertex -58.9393 41.0607 -1.5
      vertex -0.913141 41.19 -1.5
    endloop
  endfacet
  facet normal 0 0 -1
    outer loop
      vertex -59.0869 41.19 -1.5
      vertex -0.913141 41.19 -1.5
      vertex -58.9393 41.0607 -1.5
    endloop
  endfacet
  facet normal 0 0 -1
    outer loop
      vertex -0.913141 41.19 -1.5
      vertex -59.0869 41.19 -1.5
      vertex -0.75 41.299 -1.5
    endloop
  endfacet
  facet normal 0 0 -1
    outer loop
      vertex -59.25 41.299 -1.5
      vertex -0.75 41.299 -1.5
      vertex -59.0869 41.19 -1.5
    endloop
  endfacet
  facet normal 0 0 -1
    outer loop
      vertex -70 50 -1.5
      vertex -0.75 41.299 -1.5
      vertex -59.25 41.299 -1.5
    endloop
  endfacet
  facet normal 0 0 -1
    outer loop
      vertex -0.75 41.299 -1.5
      vertex -70 50 -1.5
      vertex -0.574024 41.3858 -1.5
    endloop
  endfacet
  facet normal 0 0 -1
    outer loop
      vertex -0.574024 41.3858 -1.5
      vertex -70 50 -1.5
      vertex -0.388228 41.4489 -1.5
    endloop
  endfacet
  facet normal 0 0 -1
    outer loop
      vertex -0.388228 41.4489 -1.5
      vertex -70 50 -1.5
      vertex -0.195788 41.4872 -1.5
    endloop
  endfacet
  facet normal 0 0 -1
    outer loop
      vertex -70 50 -1.5
      vertex -59.25 41.299 -1.5
      vertex -59.426 41.3858 -1.5
    endloop
  endfacet
  facet normal 0 0 -1
    outer loop
      vertex -70 50 -1.5
      vertex -59.426 41.3858 -1.5
      vertex -59.6118 41.4489 -1.5
    endloop
  endfacet
  facet normal 0 0 -1
    outer loop
      vertex -70 50 -1.5
      vertex -59.6118 41.4489 -1.5
      vertex -59.8042 41.4872 -1.5
    endloop
  endfacet
  facet normal 0 0 -1
    outer loop
      vertex -70 50 -1.5
      vertex -59.8042 41.4872 -1.5
      vertex -60 41.5 -1.5
    endloop
  endfacet
  facet normal 0 0 -1
    outer loop
      vertex -61.4872 39.8042 -1.5
      vertex -70 50 -1.5
      vertex -61.5 40 -1.5
    endloop
  endfacet
  facet normal 0 0 -1
    outer loop
      vertex 0 41.5 -1.5
      vertex -70 50 -1.5
      vertex 70 50 -1.5
    endloop
  endfacet
  facet normal 0 0 -1
    outer loop
      vertex -60.1958 41.4872 -1.5
      vertex -70 50 -1.5
      vertex -60 41.5 -1.5
    endloop
  endfacet
  facet normal 0 0 -1
    outer loop
      vertex -60.3882 41.4489 -1.5
      vertex -70 50 -1.5
      vertex -60.1958 41.4872 -1.5
    endloop
  endfacet
  facet normal 0 0 -1
    outer loop
      vertex -60.574 41.3858 -1.5
      vertex -70 50 -1.5
      vertex -60.3882 41.4489 -1.5
    endloop
  endfacet
  facet normal 0 0 -1
    outer loop
      vertex -60.75 41.299 -1.5
      vertex -70 50 -1.5
      vertex -60.574 41.3858 -1.5
    endloop
  endfacet
  facet normal 0 0 -1
    outer loop
      vertex -60.9131 41.19 -1.5
      vertex -70 50 -1.5
      vertex -60.75 41.299 -1.5
    endloop
  endfacet
  facet normal 0 0 -1
    outer loop
      vertex -61.0607 41.0607 -1.5
      vertex -70 50 -1.5
      vertex -60.9131 41.19 -1.5
    endloop
  endfacet
  facet normal 0 0 -1
    outer loop
      vertex -61.19 40.9131 -1.5
      vertex -70 50 -1.5
      vertex -61.0607 41.0607 -1.5
    endloop
  endfacet
  facet normal 0 0 -1
    outer loop
      vertex -61.299 40.75 -1.5
      vertex -70 50 -1.5
      vertex -61.19 40.9131 -1.5
    endloop
  endfacet
  facet normal 0 0 -1
    outer loop
      vertex -61.3858 40.574 -1.5
      vertex -70 50 -1.5
      vertex -61.299 40.75 -1.5
    endloop
  endfacet
  facet normal 0 0 -1
    outer loop
      vertex -61.4489 40.3882 -1.5
      vertex -70 50 -1.5
      vertex -61.3858 40.574 -1.5
    endloop
  endfacet
  facet normal 0 0 -1
    outer loop
      vertex -61.4872 40.1958 -1.5
      vertex -70 50 -1.5
      vertex -61.4489 40.3882 -1.5
    endloop
  endfacet
  facet normal 0 0 -1
    outer loop
      vertex -61.5 40 -1.5
      vertex -70 50 -1.5
      vertex -61.4872 40.1958 -1.5
    endloop
  endfacet
  facet normal -1 0 0
    outer loop
      vertex -70 -50 -1.5
      vertex -70 50 1.5
      vertex -70 50 -1.5
    endloop
  endfacet
  facet normal -1 -0 0
    outer loop
      vertex -70 50 1.5
      vertex -70 -50 -1.5
      vertex -70 -50 1.5
    endloop
  endfacet
  facet normal 0 1 -0
    outer loop
      vertex 70 50 -1.5
      vertex -70 50 1.5
      vertex 70 50 1.5
    endloop
  endfacet
  facet normal 0 1 0
    outer loop
      vertex -70 50 1.5
      vertex 70 50 -1.5
      vertex -70 50 -1.5
    endloop
  endfacet
  facet normal 0 -1 0
    outer loop
      vertex -70 -50 -1.5
      vertex 70 -50 1.5
      vertex -70 -50 1.5
    endloop
  endfacet
  facet normal 0 -1 -0
    outer loop
      vertex 70 -50 1.5
      vertex -70 -50 -1.5
      vertex 70 -50 -1.5
    endloop
  endfacet
  facet normal -0.980757 -0.195234 0
    outer loop
      vertex -58.5128 -39.8042 -1.5
      vertex -58.5511 -39.6118 1.5
      vertex -58.5511 -39.6118 -1.5
    endloop
  endfacet
  facet normal -0.980757 -0.195234 0
    outer loop
      vertex -58.5511 -39.6118 1.5
      vertex -58.5128 -39.8042 -1.5
      vertex -58.5128 -39.8042 1.5
    endloop
  endfacet
  facet normal -0.99787 -0.0652336 0
    outer loop
      vertex -58.5 -40 -1.5
      vertex -58.5128 -39.8042 1.5
      vertex -58.5128 -39.8042 -1.5
    endloop
  endfacet
  facet normal -0.99787 -0.0652336 0
    outer loop
      vertex -58.5128 -39.8042 1.5
      vertex -58.5 -40 -1.5
      vertex -58.5 -40 1.5
    endloop
  endfacet
  facet normal -0.0652336 0.99787 0
    outer loop
      vertex -59.8042 -41.4872 -1.5
      vertex -60 -41.5 1.5
      vertex -59.8042 -41.4872 1.5
    endloop
  endfacet
  facet normal -0.0652336 0.99787 0
    outer loop
      vertex -60 -41.5 1.5
      vertex -59.8042 -41.4872 -1.5
      vertex -60 -41.5 -1.5
    endloop
  endfacet
  facet normal -0.321574 -0.946885 0
    outer loop
      vertex -59.6118 -38.5511 -1.5
      vertex -59.426 -38.6142 1.5
      vertex -59.6118 -38.5511 1.5
    endloop
  endfacet
  facet normal -0.321574 -0.946885 -0
    outer loop
      vertex -59.426 -38.6142 1.5
      vertex -59.6118 -38.5511 -1.5
      vertex -59.426 -38.6142 -1.5
    endloop
  endfacet
  facet normal 0.442315 -0.89686 0
    outer loop
      vertex -60.75 -38.701 -1.5
      vertex -60.574 -38.6142 1.5
      vertex -60.75 -38.701 1.5
    endloop
  endfacet
  facet normal 0.442315 -0.89686 0
    outer loop
      vertex -60.574 -38.6142 1.5
      vertex -60.75 -38.701 -1.5
      vertex -60.574 -38.6142 -1.5
    endloop
  endfacet
  facet normal 0.980757 0.195234 0
    outer loop
      vertex -61.4489 -40.3882 1.5
      vertex -61.4872 -40.1958 -1.5
      vertex -61.4872 -40.1958 1.5
    endloop
  endfacet
  facet normal 0.980757 0.195234 0
    outer loop
      vertex -61.4872 -40.1958 -1.5
      vertex -61.4489 -40.3882 1.5
      vertex -61.4489 -40.3882 -1.5
    endloop
  endfacet
  facet normal 0.321574 0.946885 -0
    outer loop
      vertex -60.3882 -41.4489 -1.5
      vertex -60.574 -41.3858 1.5
      vertex -60.3882 -41.4489 1.5
    endloop
  endfacet
  facet normal 0.321574 0.946885 0
    outer loop
      vertex -60.574 -41.3858 1.5
      vertex -60.3882 -41.4489 -1.5
      vertex -60.574 -41.3858 -1.5
    endloop
  endfacet
  facet normal -0.89686 -0.442315 0
    outer loop
      vertex -58.6142 -39.426 -1.5
      vertex -58.701 -39.25 1.5
      vertex -58.701 -39.25 -1.5
    endloop
  endfacet
  facet normal -0.89686 -0.442315 0
    outer loop
      vertex -58.701 -39.25 1.5
      vertex -58.6142 -39.426 -1.5
      vertex -58.6142 -39.426 1.5
    endloop
  endfacet
  facet normal -0.195234 -0.980757 0
    outer loop
      vertex -59.8042 -38.5128 -1.5
      vertex -59.6118 -38.5511 1.5
      vertex -59.8042 -38.5128 1.5
    endloop
  endfacet
  facet normal -0.195234 -0.980757 -0
    outer loop
      vertex -59.6118 -38.5511 1.5
      vertex -59.8042 -38.5128 -1.5
      vertex -59.6118 -38.5511 -1.5
    endloop
  endfacet
  facet normal -0.658937 0.752198 0
    outer loop
      vertex -58.9393 -41.0607 -1.5
      vertex -59.0869 -41.19 1.5
      vertex -58.9393 -41.0607 1.5
    endloop
  endfacet
  facet normal -0.658937 0.752198 0
    outer loop
      vertex -59.0869 -41.19 1.5
      vertex -58.9393 -41.0607 -1.5
      vertex -59.0869 -41.19 -1.5
    endloop
  endfacet
  facet normal -0.831422 -0.555641 0
    outer loop
      vertex -58.701 -39.25 -1.5
      vertex -58.81 -39.0869 1.5
      vertex -58.81 -39.0869 -1.5
    endloop
  endfacet
  facet normal -0.831422 -0.555641 0
    outer loop
      vertex -58.81 -39.0869 1.5
      vertex -58.701 -39.25 -1.5
      vertex -58.701 -39.25 1.5
    endloop
  endfacet
  facet normal 0.658937 -0.752198 0
    outer loop
      vertex -61.0607 -38.9393 -1.5
      vertex -60.9131 -38.81 1.5
      vertex -61.0607 -38.9393 1.5
    endloop
  endfacet
  facet normal 0.658937 -0.752198 0
    outer loop
      vertex -60.9131 -38.81 1.5
      vertex -61.0607 -38.9393 -1.5
      vertex -60.9131 -38.81 -1.5
    endloop
  endfacet
  facet normal -0.195234 0.980757 0
    outer loop
      vertex -59.6118 -41.4489 -1.5
      vertex -59.8042 -41.4872 1.5
      vertex -59.6118 -41.4489 1.5
    endloop
  endfacet
  facet normal -0.195234 0.980757 0
    outer loop
      vertex -59.8042 -41.4872 1.5
      vertex -59.6118 -41.4489 -1.5
      vertex -59.8042 -41.4872 -1.5
    endloop
  endfacet
  facet normal 0.658937 0.752198 -0
    outer loop
      vertex -60.9131 -41.19 -1.5
      vertex -61.0607 -41.0607 1.5
      vertex -60.9131 -41.19 1.5
    endloop
  endfacet
  facet normal 0.658937 0.752198 0
    outer loop
      vertex -61.0607 -41.0607 1.5
      vertex -60.9131 -41.19 -1.5
      vertex -61.0607 -41.0607 -1.5
    endloop
  endfacet
  facet normal -0.442315 0.89686 0
    outer loop
      vertex -59.25 -41.299 -1.5
      vertex -59.426 -41.3858 1.5
      vertex -59.25 -41.299 1.5
    endloop
  endfacet
  facet normal -0.442315 0.89686 0
    outer loop
      vertex -59.426 -41.3858 1.5
      vertex -59.25 -41.299 -1.5
      vertex -59.426 -41.3858 -1.5
    endloop
  endfacet
  facet normal 0.831422 0.555641 0
    outer loop
      vertex -61.19 -40.9131 1.5
      vertex -61.299 -40.75 -1.5
      vertex -61.299 -40.75 1.5
    endloop
  endfacet
  facet normal 0.831422 0.555641 0
    outer loop
      vertex -61.299 -40.75 -1.5
      vertex -61.19 -40.9131 1.5
      vertex -61.19 -40.9131 -1.5
    endloop
  endfacet
  facet normal -0.321574 0.946885 0
    outer loop
      vertex -59.426 -41.3858 -1.5
      vertex -59.6118 -41.4489 1.5
      vertex -59.426 -41.3858 1.5
    endloop
  endfacet
  facet normal -0.321574 0.946885 0
    outer loop
      vertex -59.6118 -41.4489 1.5
      vertex -59.426 -41.3858 -1.5
      vertex -59.6118 -41.4489 -1.5
    endloop
  endfacet
  facet normal -0.99787 0.0652336 0
    outer loop
      vertex -58.5128 -40.1958 -1.5
      vertex -58.5 -40 1.5
      vertex -58.5 -40 -1.5
    endloop
  endfacet
  facet normal -0.99787 0.0652336 0
    outer loop
      vertex -58.5 -40 1.5
      vertex -58.5128 -40.1958 -1.5
      vertex -58.5128 -40.1958 1.5
    endloop
  endfacet
  facet normal 0.555641 -0.831422 0
    outer loop
      vertex -60.9131 -38.81 -1.5
      vertex -60.75 -38.701 1.5
      vertex -60.9131 -38.81 1.5
    endloop
  endfacet
  facet normal 0.555641 -0.831422 0
    outer loop
      vertex -60.75 -38.701 1.5
      vertex -60.9131 -38.81 -1.5
      vertex -60.75 -38.701 -1.5
    endloop
  endfacet
  facet normal 0.946885 0.321574 0
    outer loop
      vertex -61.3858 -40.574 1.5
      vertex -61.4489 -40.3882 -1.5
      vertex -61.4489 -40.3882 1.5
    endloop
  endfacet
  facet normal 0.946885 0.321574 0
    outer loop
      vertex -61.4489 -40.3882 -1.5
      vertex -61.3858 -40.574 1.5
      vertex -61.3858 -40.574 -1.5
    endloop
  endfacet
  facet normal -0.831422 0.555641 0
    outer loop
      vertex -58.81 -40.9131 -1.5
      vertex -58.701 -40.75 1.5
      vertex -58.701 -40.75 -1.5
    endloop
  endfacet
  facet normal -0.831422 0.555641 0
    outer loop
      vertex -58.701 -40.75 1.5
      vertex -58.81 -40.9131 -1.5
      vertex -58.81 -40.9131 1.5
    endloop
  endfacet
  facet normal 0.0652336 0.99787 -0
    outer loop
      vertex -60 -41.5 -1.5
      vertex -60.1958 -41.4872 1.5
      vertex -60 -41.5 1.5
    endloop
  endfacet
  facet normal 0.0652336 0.99787 0
    outer loop
      vertex -60.1958 -41.4872 1.5
      vertex -60 -41.5 -1.5
      vertex -60.1958 -41.4872 -1.5
    endloop
  endfacet
  facet normal -0.658937 -0.752198 0
    outer loop
      vertex -59.0869 -38.81 -1.5
      vertex -58.9393 -38.9393 1.5
      vertex -59.0869 -38.81 1.5
    endloop
  endfacet
  facet normal -0.658937 -0.752198 -0
    outer loop
      vertex -58.9393 -38.9393 1.5
      vertex -59.0869 -38.81 -1.5
      vertex -58.9393 -38.9393 -1.5
    endloop
  endfacet
  facet normal 0.195234 -0.980757 0
    outer loop
      vertex -60.3882 -38.5511 -1.5
      vertex -60.1958 -38.5128 1.5
      vertex -60.3882 -38.5511 1.5
    endloop
  endfacet
  facet normal 0.195234 -0.980757 0
    outer loop
      vertex -60.1958 -38.5128 1.5
      vertex -60.3882 -38.5511 -1.5
      vertex -60.1958 -38.5128 -1.5
    endloop
  endfacet
  facet normal -0.555641 -0.831422 0
    outer loop
      vertex -59.25 -38.701 -1.5
      vertex -59.0869 -38.81 1.5
      vertex -59.25 -38.701 1.5
    endloop
  endfacet
  facet normal -0.555641 -0.831422 -0
    outer loop
      vertex -59.0869 -38.81 1.5
      vertex -59.25 -38.701 -1.5
      vertex -59.0869 -38.81 -1.5
    endloop
  endfacet
  facet normal 0.0652336 -0.99787 0
    outer loop
      vertex -60.1958 -38.5128 -1.5
      vertex -60 -38.5 1.5
      vertex -60.1958 -38.5128 1.5
    endloop
  endfacet
  facet normal 0.0652336 -0.99787 0
    outer loop
      vertex -60 -38.5 1.5
      vertex -60.1958 -38.5128 -1.5
      vertex -60 -38.5 -1.5
    endloop
  endfacet
  facet normal -0.555641 0.831422 0
    outer loop
      vertex -59.0869 -41.19 -1.5
      vertex -59.25 -41.299 1.5
      vertex -59.0869 -41.19 1.5
    endloop
  endfacet
  facet normal -0.555641 0.831422 0
    outer loop
      vertex -59.25 -41.299 1.5
      vertex -59.0869 -41.19 -1.5
      vertex -59.25 -41.299 -1.5
    endloop
  endfacet
  facet normal -0.946885 -0.321574 0
    outer loop
      vertex -58.5511 -39.6118 -1.5
      vertex -58.6142 -39.426 1.5
      vertex -58.6142 -39.426 -1.5
    endloop
  endfacet
  facet normal -0.946885 -0.321574 0
    outer loop
      vertex -58.6142 -39.426 1.5
      vertex -58.5511 -39.6118 -1.5
      vertex -58.5511 -39.6118 1.5
    endloop
  endfacet
  facet normal 0.831422 -0.555641 0
    outer loop
      vertex -61.299 -39.25 1.5
      vertex -61.19 -39.0869 -1.5
      vertex -61.19 -39.0869 1.5
    endloop
  endfacet
  facet normal 0.831422 -0.555641 0
    outer loop
      vertex -61.19 -39.0869 -1.5
      vertex -61.299 -39.25 1.5
      vertex -61.299 -39.25 -1.5
    endloop
  endfacet
  facet normal 0.89686 0.442315 0
    outer loop
      vertex -61.299 -40.75 1.5
      vertex -61.3858 -40.574 -1.5
      vertex -61.3858 -40.574 1.5
    endloop
  endfacet
  facet normal 0.89686 0.442315 0
    outer loop
      vertex -61.3858 -40.574 -1.5
      vertex -61.299 -40.75 1.5
      vertex -61.299 -40.75 -1.5
    endloop
  endfacet
  facet normal -0.752198 0.658937 0
    outer loop
      vertex -58.9393 -41.0607 -1.5
      vertex -58.81 -40.9131 1.5
      vertex -58.81 -40.9131 -1.5
    endloop
  endfacet
  facet normal -0.752198 0.658937 0
    outer loop
      vertex -58.81 -40.9131 1.5
      vertex -58.9393 -41.0607 -1.5
      vertex -58.9393 -41.0607 1.5
    endloop
  endfacet
  facet normal -0.442315 -0.89686 0
    outer loop
      vertex -59.426 -38.6142 -1.5
      vertex -59.25 -38.701 1.5
      vertex -59.426 -38.6142 1.5
    endloop
  endfacet
  facet normal -0.442315 -0.89686 -0
    outer loop
      vertex -59.25 -38.701 1.5
      vertex -59.426 -38.6142 -1.5
      vertex -59.25 -38.701 -1.5
    endloop
  endfacet
  facet normal 0.752198 -0.658937 0
    outer loop
      vertex -61.19 -39.0869 1.5
      vertex -61.0607 -38.9393 -1.5
      vertex -61.0607 -38.9393 1.5
    endloop
  endfacet
  facet normal 0.752198 -0.658937 0
    outer loop
      vertex -61.0607 -38.9393 -1.5
      vertex -61.19 -39.0869 1.5
      vertex -61.19 -39.0869 -1.5
    endloop
  endfacet
  facet normal 0.321574 -0.946885 0
    outer loop
      vertex -60.574 -38.6142 -1.5
      vertex -60.3882 -38.5511 1.5
      vertex -60.574 -38.6142 1.5
    endloop
  endfacet
  facet normal 0.321574 -0.946885 0
    outer loop
      vertex -60.3882 -38.5511 1.5
      vertex -60.574 -38.6142 -1.5
      vertex -60.3882 -38.5511 -1.5
    endloop
  endfacet
  facet normal -0.946885 0.321574 0
    outer loop
      vertex -58.6142 -40.574 -1.5
      vertex -58.5511 -40.3882 1.5
      vertex -58.5511 -40.3882 -1.5
    endloop
  endfacet
  facet normal -0.946885 0.321574 0
    outer loop
      vertex -58.5511 -40.3882 1.5
      vertex -58.6142 -40.574 -1.5
      vertex -58.6142 -40.574 1.5
    endloop
  endfacet
  facet normal 0.980757 -0.195234 0
    outer loop
      vertex -61.4872 -39.8042 1.5
      vertex -61.4489 -39.6118 -1.5
      vertex -61.4489 -39.6118 1.5
    endloop
  endfacet
  facet normal 0.980757 -0.195234 0
    outer loop
      vertex -61.4489 -39.6118 -1.5
      vertex -61.4872 -39.8042 1.5
      vertex -61.4872 -39.8042 -1.5
    endloop
  endfacet
  facet normal 0.99787 0.0652336 0
    outer loop
      vertex -61.4872 -40.1958 1.5
      vertex -61.5 -40 -1.5
      vertex -61.5 -40 1.5
    endloop
  endfacet
  facet normal 0.99787 0.0652336 0
    outer loop
      vertex -61.5 -40 -1.5
      vertex -61.4872 -40.1958 1.5
      vertex -61.4872 -40.1958 -1.5
    endloop
  endfacet
  facet normal -0.752198 -0.658937 0
    outer loop
      vertex -58.81 -39.0869 -1.5
      vertex -58.9393 -38.9393 1.5
      vertex -58.9393 -38.9393 -1.5
    endloop
  endfacet
  facet normal -0.752198 -0.658937 0
    outer loop
      vertex -58.9393 -38.9393 1.5
      vertex -58.81 -39.0869 -1.5
      vertex -58.81 -39.0869 1.5
    endloop
  endfacet
  facet normal -0.89686 0.442315 0
    outer loop
      vertex -58.701 -40.75 -1.5
      vertex -58.6142 -40.574 1.5
      vertex -58.6142 -40.574 -1.5
    endloop
  endfacet
  facet normal -0.89686 0.442315 0
    outer loop
      vertex -58.6142 -40.574 1.5
      vertex -58.701 -40.75 -1.5
      vertex -58.701 -40.75 1.5
    endloop
  endfacet
  facet normal 0.946885 -0.321574 0
    outer loop
      vertex -61.4489 -39.6118 1.5
      vertex -61.3858 -39.426 -1.5
      vertex -61.3858 -39.426 1.5
    endloop
  endfacet
  facet normal 0.946885 -0.321574 0
    outer loop
      vertex -61.3858 -39.426 -1.5
      vertex -61.4489 -39.6118 1.5
      vertex -61.4489 -39.6118 -1.5
    endloop
  endfacet
  facet normal 0.752198 0.658937 0
    outer loop
      vertex -61.0607 -41.0607 1.5
      vertex -61.19 -40.9131 -1.5
      vertex -61.19 -40.9131 1.5
    endloop
  endfacet
  facet normal 0.752198 0.658937 0
    outer loop
      vertex -61.19 -40.9131 -1.5
      vertex -61.0607 -41.0607 1.5
      vertex -61.0607 -41.0607 -1.5
    endloop
  endfacet
  facet normal -0.0652336 -0.99787 0
    outer loop
      vertex -60 -38.5 -1.5
      vertex -59.8042 -38.5128 1.5
      vertex -60 -38.5 1.5
    endloop
  endfacet
  facet normal -0.0652336 -0.99787 -0
    outer loop
      vertex -59.8042 -38.5128 1.5
      vertex -60 -38.5 -1.5
      vertex -59.8042 -38.5128 -1.5
    endloop
  endfacet
  facet normal -0.980757 0.195234 0
    outer loop
      vertex -58.5511 -40.3882 -1.5
      vertex -58.5128 -40.1958 1.5
      vertex -58.5128 -40.1958 -1.5
    endloop
  endfacet
  facet normal -0.980757 0.195234 0
    outer loop
      vertex -58.5128 -40.1958 1.5
      vertex -58.5511 -40.3882 -1.5
      vertex -58.5511 -40.3882 1.5
    endloop
  endfacet
  facet normal 0.89686 -0.442315 0
    outer loop
      vertex -61.3858 -39.426 1.5
      vertex -61.299 -39.25 -1.5
      vertex -61.299 -39.25 1.5
    endloop
  endfacet
  facet normal 0.89686 -0.442315 0
    outer loop
      vertex -61.299 -39.25 -1.5
      vertex -61.3858 -39.426 1.5
      vertex -61.3858 -39.426 -1.5
    endloop
  endfacet
  facet normal 0.99787 -0.0652336 0
    outer loop
      vertex -61.5 -40 1.5
      vertex -61.4872 -39.8042 -1.5
      vertex -61.4872 -39.8042 1.5
    endloop
  endfacet
  facet normal 0.99787 -0.0652336 0
    outer loop
      vertex -61.4872 -39.8042 -1.5
      vertex -61.5 -40 1.5
      vertex -61.5 -40 -1.5
    endloop
  endfacet
  facet normal 0.195234 0.980757 -0
    outer loop
      vertex -60.1958 -41.4872 -1.5
      vertex -60.3882 -41.4489 1.5
      vertex -60.1958 -41.4872 1.5
    endloop
  endfacet
  facet normal 0.195234 0.980757 0
    outer loop
      vertex -60.3882 -41.4489 1.5
      vertex -60.1958 -41.4872 -1.5
      vertex -60.3882 -41.4489 -1.5
    endloop
  endfacet
  facet normal 0.442315 0.89686 -0
    outer loop
      vertex -60.574 -41.3858 -1.5
      vertex -60.75 -41.299 1.5
      vertex -60.574 -41.3858 1.5
    endloop
  endfacet
  facet normal 0.442315 0.89686 0
    outer loop
      vertex -60.75 -41.299 1.5
      vertex -60.574 -41.3858 -1.5
      vertex -60.75 -41.299 -1.5
    endloop
  endfacet
  facet normal 0.555641 0.831422 -0
    outer loop
      vertex -60.75 -41.299 -1.5
      vertex -60.9131 -41.19 1.5
      vertex -60.75 -41.299 1.5
    endloop
  endfacet
  facet normal 0.555641 0.831422 0
    outer loop
      vertex -60.9131 -41.19 1.5
      vertex -60.75 -41.299 -1.5
      vertex -60.9131 -41.19 -1.5
    endloop
  endfacet
  facet normal -0.980776 -0.195136 0
    outer loop
      vertex 1.48717 -39.8042 -1.5
      vertex 1.44889 -39.6118 1.5
      vertex 1.44889 -39.6118 -1.5
    endloop
  endfacet
  facet normal -0.980776 -0.195136 0
    outer loop
      vertex 1.44889 -39.6118 1.5
      vertex 1.48717 -39.8042 -1.5
      vertex 1.48717 -39.8042 1.5
    endloop
  endfacet
  facet normal -0.99786 -0.0653858 0
    outer loop
      vertex 1.5 -40 -1.5
      vertex 1.48717 -39.8042 1.5
      vertex 1.48717 -39.8042 -1.5
    endloop
  endfacet
  facet normal -0.99786 -0.0653858 0
    outer loop
      vertex 1.48717 -39.8042 1.5
      vertex 1.5 -40 -1.5
      vertex 1.5 -40 1.5
    endloop
  endfacet
  facet normal -0.0652376 0.99787 0
    outer loop
      vertex 0.195788 -41.4872 -1.5
      vertex 0 -41.5 1.5
      vertex 0.195788 -41.4872 1.5
    endloop
  endfacet
  facet normal -0.0652376 0.99787 0
    outer loop
      vertex 0 -41.5 1.5
      vertex 0.195788 -41.4872 -1.5
      vertex 0 -41.5 -1.5
    endloop
  endfacet
  facet normal -0.32158 0.946882 0
    outer loop
      vertex 0.574024 -41.3858 -1.5
      vertex 0.388228 -41.4489 1.5
      vertex 0.574024 -41.3858 1.5
    endloop
  endfacet
  facet normal -0.32158 0.946882 0
    outer loop
      vertex 0.388228 -41.4489 1.5
      vertex 0.574024 -41.3858 -1.5
      vertex 0.388228 -41.4489 -1.5
    endloop
  endfacet
  facet normal 0.659142 0.752018 -0
    outer loop
      vertex -0.913141 -41.19 -1.5
      vertex -1.06066 -41.0607 1.5
      vertex -0.913141 -41.19 1.5
    endloop
  endfacet
  facet normal 0.659142 0.752018 0
    outer loop
      vertex -1.06066 -41.0607 1.5
      vertex -0.913141 -41.19 -1.5
      vertex -1.06066 -41.0607 -1.5
    endloop
  endfacet
  facet normal -0.831399 -0.555676 0
    outer loop
      vertex 1.29904 -39.25 -1.5
      vertex 1.19003 -39.0869 1.5
      vertex 1.19003 -39.0869 -1.5
    endloop
  endfacet
  facet normal -0.831399 -0.555676 0
    outer loop
      vertex 1.19003 -39.0869 1.5
      vertex 1.29904 -39.25 -1.5
      vertex 1.29904 -39.25 1.5
    endloop
  endfacet
  facet normal 0.8969 -0.442233 0
    outer loop
      vertex -1.38582 -39.426 1.5
      vertex -1.29904 -39.25 -1.5
      vertex -1.29904 -39.25 1.5
    endloop
  endfacet
  facet normal 0.8969 -0.442233 0
    outer loop
      vertex -1.29904 -39.25 -1.5
      vertex -1.38582 -39.426 1.5
      vertex -1.38582 -39.426 -1.5
    endloop
  endfacet
  facet normal -0.946931 0.321437 0
    outer loop
      vertex 1.38582 -40.574 -1.5
      vertex 1.44889 -40.3882 1.5
      vertex 1.44889 -40.3882 -1.5
    endloop
  endfacet
  facet normal -0.946931 0.321437 0
    outer loop
      vertex 1.44889 -40.3882 1.5
      vertex 1.38582 -40.574 -1.5
      vertex 1.38582 -40.574 1.5
    endloop
  endfacet
  facet normal 0.442363 -0.896836 0
    outer loop
      vertex -0.75 -38.701 -1.5
      vertex -0.574024 -38.6142 1.5
      vertex -0.75 -38.701 1.5
    endloop
  endfacet
  facet normal 0.442363 -0.896836 0
    outer loop
      vertex -0.574024 -38.6142 1.5
      vertex -0.75 -38.701 -1.5
      vertex -0.574024 -38.6142 -1.5
    endloop
  endfacet
  facet normal -0.442363 -0.896836 0
    outer loop
      vertex 0.574024 -38.6142 -1.5
      vertex 0.75 -38.701 1.5
      vertex 0.574024 -38.6142 1.5
    endloop
  endfacet
  facet normal -0.442363 -0.896836 -0
    outer loop
      vertex 0.75 -38.701 1.5
      vertex 0.574024 -38.6142 -1.5
      vertex 0.75 -38.701 -1.5
    endloop
  endfacet
  facet normal -0.442363 0.896836 0
    outer loop
      vertex 0.75 -41.299 -1.5
      vertex 0.574024 -41.3858 1.5
      vertex 0.75 -41.299 1.5
    endloop
  endfacet
  facet normal -0.442363 0.896836 0
    outer loop
      vertex 0.574024 -41.3858 1.5
      vertex 0.75 -41.299 -1.5
      vertex 0.574024 -41.3858 -1.5
    endloop
  endfacet
  facet normal 0.99786 0.0653858 0
    outer loop
      vertex -1.48717 -40.1958 1.5
      vertex -1.5 -40 -1.5
      vertex -1.5 -40 1.5
    endloop
  endfacet
  facet normal 0.99786 0.0653858 0
    outer loop
      vertex -1.5 -40 -1.5
      vertex -1.48717 -40.1958 1.5
      vertex -1.48717 -40.1958 -1.5
    endloop
  endfacet
  facet normal 0.980776 -0.195136 0
    outer loop
      vertex -1.48717 -39.8042 1.5
      vertex -1.44889 -39.6118 -1.5
      vertex -1.44889 -39.6118 1.5
    endloop
  endfacet
  facet normal 0.980776 -0.195136 0
    outer loop
      vertex -1.44889 -39.6118 -1.5
      vertex -1.48717 -39.8042 1.5
      vertex -1.48717 -39.8042 -1.5
    endloop
  endfacet
  facet normal -0.32158 -0.946882 0
    outer loop
      vertex 0.388228 -38.5511 -1.5
      vertex 0.574024 -38.6142 1.5
      vertex 0.388228 -38.5511 1.5
    endloop
  endfacet
  facet normal -0.32158 -0.946882 -0
    outer loop
      vertex 0.574024 -38.6142 1.5
      vertex 0.388228 -38.5511 -1.5
      vertex 0.574024 -38.6142 -1.5
    endloop
  endfacet
  facet normal 0.946931 -0.321437 0
    outer loop
      vertex -1.44889 -39.6118 1.5
      vertex -1.38582 -39.426 -1.5
      vertex -1.38582 -39.426 1.5
    endloop
  endfacet
  facet normal 0.946931 -0.321437 0
    outer loop
      vertex -1.38582 -39.426 -1.5
      vertex -1.44889 -39.6118 1.5
      vertex -1.44889 -39.6118 -1.5
    endloop
  endfacet
  facet normal 0.442363 0.896836 -0
    outer loop
      vertex -0.574024 -41.3858 -1.5
      vertex -0.75 -41.299 1.5
      vertex -0.574024 -41.3858 1.5
    endloop
  endfacet
  facet normal 0.442363 0.896836 0
    outer loop
      vertex -0.75 -41.299 1.5
      vertex -0.574024 -41.3858 -1.5
      vertex -0.75 -41.299 -1.5
    endloop
  endfacet
  facet normal 0.99786 -0.0653858 0
    outer loop
      vertex -1.5 -40 1.5
      vertex -1.48717 -39.8042 -1.5
      vertex -1.48717 -39.8042 1.5
    endloop
  endfacet
  facet normal 0.99786 -0.0653858 0
    outer loop
      vertex -1.48717 -39.8042 -1.5
      vertex -1.5 -40 1.5
      vertex -1.5 -40 -1.5
    endloop
  endfacet
  facet normal -0.195195 -0.980764 0
    outer loop
      vertex 0.195788 -38.5128 -1.5
      vertex 0.388228 -38.5511 1.5
      vertex 0.195788 -38.5128 1.5
    endloop
  endfacet
  facet normal -0.195195 -0.980764 -0
    outer loop
      vertex 0.388228 -38.5511 1.5
      vertex 0.195788 -38.5128 -1.5
      vertex 0.388228 -38.5511 -1.5
    endloop
  endfacet
  facet normal -0.980776 0.195136 0
    outer loop
      vertex 1.44889 -40.3882 -1.5
      vertex 1.48717 -40.1958 1.5
      vertex 1.48717 -40.1958 -1.5
    endloop
  endfacet
  facet normal -0.980776 0.195136 0
    outer loop
      vertex 1.48717 -40.1958 1.5
      vertex 1.44889 -40.3882 -1.5
      vertex 1.44889 -40.3882 1.5
    endloop
  endfacet
  facet normal 0.555544 -0.831487 0
    outer loop
      vertex -0.913141 -38.81 -1.5
      vertex -0.75 -38.701 1.5
      vertex -0.913141 -38.81 1.5
    endloop
  endfacet
  facet normal 0.555544 -0.831487 0
    outer loop
      vertex -0.75 -38.701 1.5
      vertex -0.913141 -38.81 -1.5
      vertex -0.75 -38.701 -1.5
    endloop
  endfacet
  facet normal 0.659142 -0.752018 0
    outer loop
      vertex -1.06066 -38.9393 -1.5
      vertex -0.913141 -38.81 1.5
      vertex -1.06066 -38.9393 1.5
    endloop
  endfacet
  facet normal 0.659142 -0.752018 0
    outer loop
      vertex -0.913141 -38.81 1.5
      vertex -1.06066 -38.9393 -1.5
      vertex -0.913141 -38.81 -1.5
    endloop
  endfacet
  facet normal 0.946931 0.321437 0
    outer loop
      vertex -1.38582 -40.574 1.5
      vertex -1.44889 -40.3882 -1.5
      vertex -1.44889 -40.3882 1.5
    endloop
  endfacet
  facet normal 0.946931 0.321437 0
    outer loop
      vertex -1.44889 -40.3882 -1.5
      vertex -1.38582 -40.574 1.5
      vertex -1.38582 -40.574 -1.5
    endloop
  endfacet
  facet normal 0.32158 -0.946882 0
    outer loop
      vertex -0.574024 -38.6142 -1.5
      vertex -0.388228 -38.5511 1.5
      vertex -0.574024 -38.6142 1.5
    endloop
  endfacet
  facet normal 0.32158 -0.946882 0
    outer loop
      vertex -0.388228 -38.5511 1.5
      vertex -0.574024 -38.6142 -1.5
      vertex -0.388228 -38.5511 -1.5
    endloop
  endfacet
  facet normal -0.659142 -0.752018 0
    outer loop
      vertex 0.913141 -38.81 -1.5
      vertex 1.06066 -38.9393 1.5
      vertex 0.913141 -38.81 1.5
    endloop
  endfacet
  facet normal -0.659142 -0.752018 -0
    outer loop
      vertex 1.06066 -38.9393 1.5
      vertex 0.913141 -38.81 -1.5
      vertex 1.06066 -38.9393 -1.5
    endloop
  endfacet
  facet normal 0.0652376 0.99787 -0
    outer loop
      vertex 0 -41.5 -1.5
      vertex -0.195788 -41.4872 1.5
      vertex 0 -41.5 1.5
    endloop
  endfacet
  facet normal 0.0652376 0.99787 0
    outer loop
      vertex -0.195788 -41.4872 1.5
      vertex 0 -41.5 -1.5
      vertex -0.195788 -41.4872 -1.5
    endloop
  endfacet
  facet normal -0.99786 0.0653858 0
    outer loop
      vertex 1.48717 -40.1958 -1.5
      vertex 1.5 -40 1.5
      vertex 1.5 -40 -1.5
    endloop
  endfacet
  facet normal -0.99786 0.0653858 0
    outer loop
      vertex 1.5 -40 1.5
      vertex 1.48717 -40.1958 -1.5
      vertex 1.48717 -40.1958 1.5
    endloop
  endfacet
  facet normal 0.195195 -0.980764 0
    outer loop
      vertex -0.388228 -38.5511 -1.5
      vertex -0.195788 -38.5128 1.5
      vertex -0.388228 -38.5511 1.5
    endloop
  endfacet
  facet normal 0.195195 -0.980764 0
    outer loop
      vertex -0.195788 -38.5128 1.5
      vertex -0.388228 -38.5511 -1.5
      vertex -0.195788 -38.5128 -1.5
    endloop
  endfacet
  facet normal -0.555544 -0.831487 0
    outer loop
      vertex 0.75 -38.701 -1.5
      vertex 0.913141 -38.81 1.5
      vertex 0.75 -38.701 1.5
    endloop
  endfacet
  facet normal -0.555544 -0.831487 -0
    outer loop
      vertex 0.913141 -38.81 1.5
      vertex 0.75 -38.701 -1.5
      vertex 0.913141 -38.81 -1.5
    endloop
  endfacet
  facet normal -0.195195 0.980764 0
    outer loop
      vertex 0.388228 -41.4489 -1.5
      vertex 0.195788 -41.4872 1.5
      vertex 0.388228 -41.4489 1.5
    endloop
  endfacet
  facet normal -0.195195 0.980764 0
    outer loop
      vertex 0.195788 -41.4872 1.5
      vertex 0.388228 -41.4489 -1.5
      vertex 0.195788 -41.4872 -1.5
    endloop
  endfacet
  facet normal 0.32158 0.946882 -0
    outer loop
      vertex -0.388228 -41.4489 -1.5
      vertex -0.574024 -41.3858 1.5
      vertex -0.388228 -41.4489 1.5
    endloop
  endfacet
  facet normal 0.32158 0.946882 0
    outer loop
      vertex -0.574024 -41.3858 1.5
      vertex -0.388228 -41.4489 -1.5
      vertex -0.574024 -41.3858 -1.5
    endloop
  endfacet
  facet normal 0.980776 0.195136 0
    outer loop
      vertex -1.44889 -40.3882 1.5
      vertex -1.48717 -40.1958 -1.5
      vertex -1.48717 -40.1958 1.5
    endloop
  endfacet
  facet normal 0.980776 0.195136 0
    outer loop
      vertex -1.48717 -40.1958 -1.5
      vertex -1.44889 -40.3882 1.5
      vertex -1.44889 -40.3882 -1.5
    endloop
  endfacet
  facet normal 0.8969 0.442233 0
    outer loop
      vertex -1.29904 -40.75 1.5
      vertex -1.38582 -40.574 -1.5
      vertex -1.38582 -40.574 1.5
    endloop
  endfacet
  facet normal 0.8969 0.442233 0
    outer loop
      vertex -1.38582 -40.574 -1.5
      vertex -1.29904 -40.75 1.5
      vertex -1.29904 -40.75 -1.5
    endloop
  endfacet
  facet normal 0.752021 -0.659139 0
    outer loop
      vertex -1.19003 -39.0869 1.5
      vertex -1.06066 -38.9393 -1.5
      vertex -1.06066 -38.9393 1.5
    endloop
  endfacet
  facet normal 0.752021 -0.659139 0
    outer loop
      vertex -1.06066 -38.9393 -1.5
      vertex -1.19003 -39.0869 1.5
      vertex -1.19003 -39.0869 -1.5
    endloop
  endfacet
  facet normal -0.831399 0.555676 0
    outer loop
      vertex 1.19003 -40.9131 -1.5
      vertex 1.29904 -40.75 1.5
      vertex 1.29904 -40.75 -1.5
    endloop
  endfacet
  facet normal -0.831399 0.555676 0
    outer loop
      vertex 1.29904 -40.75 1.5
      vertex 1.19003 -40.9131 -1.5
      vertex 1.19003 -40.9131 1.5
    endloop
  endfacet
  facet normal 0.831399 0.555676 0
    outer loop
      vertex -1.19003 -40.9131 1.5
      vertex -1.29904 -40.75 -1.5
      vertex -1.29904 -40.75 1.5
    endloop
  endfacet
  facet normal 0.831399 0.555676 0
    outer loop
      vertex -1.29904 -40.75 -1.5
      vertex -1.19003 -40.9131 1.5
      vertex -1.19003 -40.9131 -1.5
    endloop
  endfacet
  facet normal 0.752021 0.659139 0
    outer loop
      vertex -1.06066 -41.0607 1.5
      vertex -1.19003 -40.9131 -1.5
      vertex -1.19003 -40.9131 1.5
    endloop
  endfacet
  facet normal 0.752021 0.659139 0
    outer loop
      vertex -1.19003 -40.9131 -1.5
      vertex -1.06066 -41.0607 1.5
      vertex -1.06066 -41.0607 -1.5
    endloop
  endfacet
  facet normal -0.0652376 -0.99787 0
    outer loop
      vertex 0 -38.5 -1.5
      vertex 0.195788 -38.5128 1.5
      vertex 0 -38.5 1.5
    endloop
  endfacet
  facet normal -0.0652376 -0.99787 -0
    outer loop
      vertex 0.195788 -38.5128 1.5
      vertex 0 -38.5 -1.5
      vertex 0.195788 -38.5128 -1.5
    endloop
  endfacet
  facet normal -0.8969 0.442233 0
    outer loop
      vertex 1.29904 -40.75 -1.5
      vertex 1.38582 -40.574 1.5
      vertex 1.38582 -40.574 -1.5
    endloop
  endfacet
  facet normal -0.8969 0.442233 0
    outer loop
      vertex 1.38582 -40.574 1.5
      vertex 1.29904 -40.75 -1.5
      vertex 1.29904 -40.75 1.5
    endloop
  endfacet
  facet normal 0.555544 0.831487 -0
    outer loop
      vertex -0.75 -41.299 -1.5
      vertex -0.913141 -41.19 1.5
      vertex -0.75 -41.299 1.5
    endloop
  endfacet
  facet normal 0.555544 0.831487 0
    outer loop
      vertex -0.913141 -41.19 1.5
      vertex -0.75 -41.299 -1.5
      vertex -0.913141 -41.19 -1.5
    endloop
  endfacet
  facet normal -0.8969 -0.442233 0
    outer loop
      vertex 1.38582 -39.426 -1.5
      vertex 1.29904 -39.25 1.5
      vertex 1.29904 -39.25 -1.5
    endloop
  endfacet
  facet normal -0.8969 -0.442233 0
    outer loop
      vertex 1.29904 -39.25 1.5
      vertex 1.38582 -39.426 -1.5
      vertex 1.38582 -39.426 1.5
    endloop
  endfacet
  facet normal -0.752021 0.659139 0
    outer loop
      vertex 1.06066 -41.0607 -1.5
      vertex 1.19003 -40.9131 1.5
      vertex 1.19003 -40.9131 -1.5
    endloop
  endfacet
  facet normal -0.752021 0.659139 0
    outer loop
      vertex 1.19003 -40.9131 1.5
      vertex 1.06066 -41.0607 -1.5
      vertex 1.06066 -41.0607 1.5
    endloop
  endfacet
  facet normal 0.0652376 -0.99787 0
    outer loop
      vertex -0.195788 -38.5128 -1.5
      vertex 0 -38.5 1.5
      vertex -0.195788 -38.5128 1.5
    endloop
  endfacet
  facet normal 0.0652376 -0.99787 0
    outer loop
      vertex 0 -38.5 1.5
      vertex -0.195788 -38.5128 -1.5
      vertex 0 -38.5 -1.5
    endloop
  endfacet
  facet normal -0.752021 -0.659139 0
    outer loop
      vertex 1.19003 -39.0869 -1.5
      vertex 1.06066 -38.9393 1.5
      vertex 1.06066 -38.9393 -1.5
    endloop
  endfacet
  facet normal -0.752021 -0.659139 0
    outer loop
      vertex 1.06066 -38.9393 1.5
      vertex 1.19003 -39.0869 -1.5
      vertex 1.19003 -39.0869 1.5
    endloop
  endfacet
  facet normal -0.946931 -0.321437 0
    outer loop
      vertex 1.44889 -39.6118 -1.5
      vertex 1.38582 -39.426 1.5
      vertex 1.38582 -39.426 -1.5
    endloop
  endfacet
  facet normal -0.946931 -0.321437 0
    outer loop
      vertex 1.38582 -39.426 1.5
      vertex 1.44889 -39.6118 -1.5
      vertex 1.44889 -39.6118 1.5
    endloop
  endfacet
  facet normal -0.555544 0.831487 0
    outer loop
      vertex 0.913141 -41.19 -1.5
      vertex 0.75 -41.299 1.5
      vertex 0.913141 -41.19 1.5
    endloop
  endfacet
  facet normal -0.555544 0.831487 0
    outer loop
      vertex 0.75 -41.299 1.5
      vertex 0.913141 -41.19 -1.5
      vertex 0.75 -41.299 -1.5
    endloop
  endfacet
  facet normal -0.659142 0.752018 0
    outer loop
      vertex 1.06066 -41.0607 -1.5
      vertex 0.913141 -41.19 1.5
      vertex 1.06066 -41.0607 1.5
    endloop
  endfacet
  facet normal -0.659142 0.752018 0
    outer loop
      vertex 0.913141 -41.19 1.5
      vertex 1.06066 -41.0607 -1.5
      vertex 0.913141 -41.19 -1.5
    endloop
  endfacet
  facet normal 0.831399 -0.555676 0
    outer loop
      vertex -1.29904 -39.25 1.5
      vertex -1.19003 -39.0869 -1.5
      vertex -1.19003 -39.0869 1.5
    endloop
  endfacet
  facet normal 0.831399 -0.555676 0
    outer loop
      vertex -1.19003 -39.0869 -1.5
      vertex -1.29904 -39.25 1.5
      vertex -1.29904 -39.25 -1.5
    endloop
  endfacet
  facet normal 0.195195 0.980764 -0
    outer loop
      vertex -0.195788 -41.4872 -1.5
      vertex -0.388228 -41.4489 1.5
      vertex -0.195788 -41.4872 1.5
    endloop
  endfacet
  facet normal 0.195195 0.980764 0
    outer loop
      vertex -0.388228 -41.4489 1.5
      vertex -0.195788 -41.4872 -1.5
      vertex -0.388228 -41.4489 -1.5
    endloop
  endfacet
  facet normal -0.658937 -0.752198 0
    outer loop
      vertex 60.9131 -38.81 -1.5
      vertex 61.0607 -38.9393 1.5
      vertex 60.9131 -38.81 1.5
    endloop
  endfacet
  facet normal -0.658937 -0.752198 -0
    outer loop
      vertex 61.0607 -38.9393 1.5
      vertex 60.9131 -38.81 -1.5
      vertex 61.0607 -38.9393 -1.5
    endloop
  endfacet
  facet normal 0.980757 0.195234 0
    outer loop
      vertex 58.5511 -40.3882 1.5
      vertex 58.5128 -40.1958 -1.5
      vertex 58.5128 -40.1958 1.5
    endloop
  endfacet
  facet normal 0.980757 0.195234 0
    outer loop
      vertex 58.5128 -40.1958 -1.5
      vertex 58.5511 -40.3882 1.5
      vertex 58.5511 -40.3882 -1.5
    endloop
  endfacet
  facet normal 0.980757 -0.195234 0
    outer loop
      vertex 58.5128 -39.8042 1.5
      vertex 58.5511 -39.6118 -1.5
      vertex 58.5511 -39.6118 1.5
    endloop
  endfacet
  facet normal 0.980757 -0.195234 0
    outer loop
      vertex 58.5511 -39.6118 -1.5
      vertex 58.5128 -39.8042 1.5
      vertex 58.5128 -39.8042 -1.5
    endloop
  endfacet
  facet normal 0.831422 -0.555641 0
    outer loop
      vertex 58.701 -39.25 1.5
      vertex 58.81 -39.0869 -1.5
      vertex 58.81 -39.0869 1.5
    endloop
  endfacet
  facet normal 0.831422 -0.555641 0
    outer loop
      vertex 58.81 -39.0869 -1.5
      vertex 58.701 -39.25 1.5
      vertex 58.701 -39.25 -1.5
    endloop
  endfacet
  facet normal 0.99787 -0.0652336 0
    outer loop
      vertex 58.5 -40 1.5
      vertex 58.5128 -39.8042 -1.5
      vertex 58.5128 -39.8042 1.5
    endloop
  endfacet
  facet normal 0.99787 -0.0652336 0
    outer loop
      vertex 58.5128 -39.8042 -1.5
      vertex 58.5 -40 1.5
      vertex 58.5 -40 -1.5
    endloop
  endfacet
  facet normal 0.658937 0.752198 -0
    outer loop
      vertex 59.0869 -41.19 -1.5
      vertex 58.9393 -41.0607 1.5
      vertex 59.0869 -41.19 1.5
    endloop
  endfacet
  facet normal 0.658937 0.752198 0
    outer loop
      vertex 58.9393 -41.0607 1.5
      vertex 59.0869 -41.19 -1.5
      vertex 58.9393 -41.0607 -1.5
    endloop
  endfacet
  facet normal 0.0652336 0.99787 -0
    outer loop
      vertex 60 -41.5 -1.5
      vertex 59.8042 -41.4872 1.5
      vertex 60 -41.5 1.5
    endloop
  endfacet
  facet normal 0.0652336 0.99787 0
    outer loop
      vertex 59.8042 -41.4872 1.5
      vertex 60 -41.5 -1.5
      vertex 59.8042 -41.4872 -1.5
    endloop
  endfacet
  facet normal -0.99787 -0.0652336 0
    outer loop
      vertex 61.5 -40 -1.5
      vertex 61.4872 -39.8042 1.5
      vertex 61.4872 -39.8042 -1.5
    endloop
  endfacet
  facet normal -0.99787 -0.0652336 0
    outer loop
      vertex 61.4872 -39.8042 1.5
      vertex 61.5 -40 -1.5
      vertex 61.5 -40 1.5
    endloop
  endfacet
  facet normal 0.752198 -0.658937 0
    outer loop
      vertex 58.81 -39.0869 1.5
      vertex 58.9393 -38.9393 -1.5
      vertex 58.9393 -38.9393 1.5
    endloop
  endfacet
  facet normal 0.752198 -0.658937 0
    outer loop
      vertex 58.9393 -38.9393 -1.5
      vertex 58.81 -39.0869 1.5
      vertex 58.81 -39.0869 -1.5
    endloop
  endfacet
  facet normal -0.831422 -0.555641 0
    outer loop
      vertex 61.299 -39.25 -1.5
      vertex 61.19 -39.0869 1.5
      vertex 61.19 -39.0869 -1.5
    endloop
  endfacet
  facet normal -0.831422 -0.555641 0
    outer loop
      vertex 61.19 -39.0869 1.5
      vertex 61.299 -39.25 -1.5
      vertex 61.299 -39.25 1.5
    endloop
  endfacet
  facet normal -0.555641 0.831422 0
    outer loop
      vertex 60.9131 -41.19 -1.5
      vertex 60.75 -41.299 1.5
      vertex 60.9131 -41.19 1.5
    endloop
  endfacet
  facet normal -0.555641 0.831422 0
    outer loop
      vertex 60.75 -41.299 1.5
      vertex 60.9131 -41.19 -1.5
      vertex 60.75 -41.299 -1.5
    endloop
  endfacet
  facet normal -0.321574 -0.946885 0
    outer loop
      vertex 60.3882 -38.5511 -1.5
      vertex 60.574 -38.6142 1.5
      vertex 60.3882 -38.5511 1.5
    endloop
  endfacet
  facet normal -0.321574 -0.946885 -0
    outer loop
      vertex 60.574 -38.6142 1.5
      vertex 60.3882 -38.5511 -1.5
      vertex 60.574 -38.6142 -1.5
    endloop
  endfacet
  facet normal 0.658937 -0.752198 0
    outer loop
      vertex 58.9393 -38.9393 -1.5
      vertex 59.0869 -38.81 1.5
      vertex 58.9393 -38.9393 1.5
    endloop
  endfacet
  facet normal 0.658937 -0.752198 0
    outer loop
      vertex 59.0869 -38.81 1.5
      vertex 58.9393 -38.9393 -1.5
      vertex 59.0869 -38.81 -1.5
    endloop
  endfacet
  facet normal 0.195234 -0.980757 0
    outer loop
      vertex 59.6118 -38.5511 -1.5
      vertex 59.8042 -38.5128 1.5
      vertex 59.6118 -38.5511 1.5
    endloop
  endfacet
  facet normal 0.195234 -0.980757 0
    outer loop
      vertex 59.8042 -38.5128 1.5
      vertex 59.6118 -38.5511 -1.5
      vertex 59.8042 -38.5128 -1.5
    endloop
  endfacet
  facet normal -0.980757 -0.195234 0
    outer loop
      vertex 61.4872 -39.8042 -1.5
      vertex 61.4489 -39.6118 1.5
      vertex 61.4489 -39.6118 -1.5
    endloop
  endfacet
  facet normal -0.980757 -0.195234 0
    outer loop
      vertex 61.4489 -39.6118 1.5
      vertex 61.4872 -39.8042 -1.5
      vertex 61.4872 -39.8042 1.5
    endloop
  endfacet
  facet normal 0.321574 -0.946885 0
    outer loop
      vertex 59.426 -38.6142 -1.5
      vertex 59.6118 -38.5511 1.5
      vertex 59.426 -38.6142 1.5
    endloop
  endfacet
  facet normal 0.321574 -0.946885 0
    outer loop
      vertex 59.6118 -38.5511 1.5
      vertex 59.426 -38.6142 -1.5
      vertex 59.6118 -38.5511 -1.5
    endloop
  endfacet
  facet normal -0.555641 -0.831422 0
    outer loop
      vertex 60.75 -38.701 -1.5
      vertex 60.9131 -38.81 1.5
      vertex 60.75 -38.701 1.5
    endloop
  endfacet
  facet normal -0.555641 -0.831422 -0
    outer loop
      vertex 60.9131 -38.81 1.5
      vertex 60.75 -38.701 -1.5
      vertex 60.9131 -38.81 -1.5
    endloop
  endfacet
  facet normal 0.89686 0.442315 0
    outer loop
      vertex 58.701 -40.75 1.5
      vertex 58.6142 -40.574 -1.5
      vertex 58.6142 -40.574 1.5
    endloop
  endfacet
  facet normal 0.89686 0.442315 0
    outer loop
      vertex 58.6142 -40.574 -1.5
      vertex 58.701 -40.75 1.5
      vertex 58.701 -40.75 -1.5
    endloop
  endfacet
  facet normal -0.89686 -0.442315 0
    outer loop
      vertex 61.3858 -39.426 -1.5
      vertex 61.299 -39.25 1.5
      vertex 61.299 -39.25 -1.5
    endloop
  endfacet
  facet normal -0.89686 -0.442315 0
    outer loop
      vertex 61.299 -39.25 1.5
      vertex 61.3858 -39.426 -1.5
      vertex 61.3858 -39.426 1.5
    endloop
  endfacet
  facet normal -0.89686 0.442315 0
    outer loop
      vertex 61.299 -40.75 -1.5
      vertex 61.3858 -40.574 1.5
      vertex 61.3858 -40.574 -1.5
    endloop
  endfacet
  facet normal -0.89686 0.442315 0
    outer loop
      vertex 61.3858 -40.574 1.5
      vertex 61.299 -40.75 -1.5
      vertex 61.299 -40.75 1.5
    endloop
  endfacet
  facet normal -0.946885 -0.321574 0
    outer loop
      vertex 61.4489 -39.6118 -1.5
      vertex 61.3858 -39.426 1.5
      vertex 61.3858 -39.426 -1.5
    endloop
  endfacet
  facet normal -0.946885 -0.321574 0
    outer loop
      vertex 61.3858 -39.426 1.5
      vertex 61.4489 -39.6118 -1.5
      vertex 61.4489 -39.6118 1.5
    endloop
  endfacet
  facet normal -0.99787 0.0652336 0
    outer loop
      vertex 61.4872 -40.1958 -1.5
      vertex 61.5 -40 1.5
      vertex 61.5 -40 -1.5
    endloop
  endfacet
  facet normal -0.99787 0.0652336 0
    outer loop
      vertex 61.5 -40 1.5
      vertex 61.4872 -40.1958 -1.5
      vertex 61.4872 -40.1958 1.5
    endloop
  endfacet
  facet normal -0.946885 0.321574 0
    outer loop
      vertex 61.3858 -40.574 -1.5
      vertex 61.4489 -40.3882 1.5
      vertex 61.4489 -40.3882 -1.5
    endloop
  endfacet
  facet normal -0.946885 0.321574 0
    outer loop
      vertex 61.4489 -40.3882 1.5
      vertex 61.3858 -40.574 -1.5
      vertex 61.3858 -40.574 1.5
    endloop
  endfacet
  facet normal -0.442315 0.89686 0
    outer loop
      vertex 60.75 -41.299 -1.5
      vertex 60.574 -41.3858 1.5
      vertex 60.75 -41.299 1.5
    endloop
  endfacet
  facet normal -0.442315 0.89686 0
    outer loop
      vertex 60.574 -41.3858 1.5
      vertex 60.75 -41.299 -1.5
      vertex 60.574 -41.3858 -1.5
    endloop
  endfacet
  facet normal -0.195234 0.980757 0
    outer loop
      vertex 60.3882 -41.4489 -1.5
      vertex 60.1958 -41.4872 1.5
      vertex 60.3882 -41.4489 1.5
    endloop
  endfacet
  facet normal -0.195234 0.980757 0
    outer loop
      vertex 60.1958 -41.4872 1.5
      vertex 60.3882 -41.4489 -1.5
      vertex 60.1958 -41.4872 -1.5
    endloop
  endfacet
  facet normal 0.321574 0.946885 -0
    outer loop
      vertex 59.6118 -41.4489 -1.5
      vertex 59.426 -41.3858 1.5
      vertex 59.6118 -41.4489 1.5
    endloop
  endfacet
  facet normal 0.321574 0.946885 0
    outer loop
      vertex 59.426 -41.3858 1.5
      vertex 59.6118 -41.4489 -1.5
      vertex 59.426 -41.3858 -1.5
    endloop
  endfacet
  facet normal 0.442315 0.89686 -0
    outer loop
      vertex 59.426 -41.3858 -1.5
      vertex 59.25 -41.299 1.5
      vertex 59.426 -41.3858 1.5
    endloop
  endfacet
  facet normal 0.442315 0.89686 0
    outer loop
      vertex 59.25 -41.299 1.5
      vertex 59.426 -41.3858 -1.5
      vertex 59.25 -41.299 -1.5
    endloop
  endfacet
  facet normal 0.946885 -0.321574 0
    outer loop
      vertex 58.5511 -39.6118 1.5
      vertex 58.6142 -39.426 -1.5
      vertex 58.6142 -39.426 1.5
    endloop
  endfacet
  facet normal 0.946885 -0.321574 0
    outer loop
      vertex 58.6142 -39.426 -1.5
      vertex 58.5511 -39.6118 1.5
      vertex 58.5511 -39.6118 -1.5
    endloop
  endfacet
  facet normal -0.752198 0.658937 0
    outer loop
      vertex 61.0607 -41.0607 -1.5
      vertex 61.19 -40.9131 1.5
      vertex 61.19 -40.9131 -1.5
    endloop
  endfacet
  facet normal -0.752198 0.658937 0
    outer loop
      vertex 61.19 -40.9131 1.5
      vertex 61.0607 -41.0607 -1.5
      vertex 61.0607 -41.0607 1.5
    endloop
  endfacet
  facet normal -0.752198 -0.658937 0
    outer loop
      vertex 61.19 -39.0869 -1.5
      vertex 61.0607 -38.9393 1.5
      vertex 61.0607 -38.9393 -1.5
    endloop
  endfacet
  facet normal -0.752198 -0.658937 0
    outer loop
      vertex 61.0607 -38.9393 1.5
      vertex 61.19 -39.0869 -1.5
      vertex 61.19 -39.0869 1.5
    endloop
  endfacet
  facet normal -0.0652336 0.99787 0
    outer loop
      vertex 60.1958 -41.4872 -1.5
      vertex 60 -41.5 1.5
      vertex 60.1958 -41.4872 1.5
    endloop
  endfacet
  facet normal -0.0652336 0.99787 0
    outer loop
      vertex 60 -41.5 1.5
      vertex 60.1958 -41.4872 -1.5
      vertex 60 -41.5 -1.5
    endloop
  endfacet
  facet normal -0.831422 0.555641 0
    outer loop
      vertex 61.19 -40.9131 -1.5
      vertex 61.299 -40.75 1.5
      vertex 61.299 -40.75 -1.5
    endloop
  endfacet
  facet normal -0.831422 0.555641 0
    outer loop
      vertex 61.299 -40.75 1.5
      vertex 61.19 -40.9131 -1.5
      vertex 61.19 -40.9131 1.5
    endloop
  endfacet
  facet normal 0.442315 -0.89686 0
    outer loop
      vertex 59.25 -38.701 -1.5
      vertex 59.426 -38.6142 1.5
      vertex 59.25 -38.701 1.5
    endloop
  endfacet
  facet normal 0.442315 -0.89686 0
    outer loop
      vertex 59.426 -38.6142 1.5
      vertex 59.25 -38.701 -1.5
      vertex 59.426 -38.6142 -1.5
    endloop
  endfacet
  facet normal 0.555641 0.831422 -0
    outer loop
      vertex 59.25 -41.299 -1.5
      vertex 59.0869 -41.19 1.5
      vertex 59.25 -41.299 1.5
    endloop
  endfacet
  facet normal 0.555641 0.831422 0
    outer loop
      vertex 59.0869 -41.19 1.5
      vertex 59.25 -41.299 -1.5
      vertex 59.0869 -41.19 -1.5
    endloop
  endfacet
  facet normal 0.831422 0.555641 0
    outer loop
      vertex 58.81 -40.9131 1.5
      vertex 58.701 -40.75 -1.5
      vertex 58.701 -40.75 1.5
    endloop
  endfacet
  facet normal 0.831422 0.555641 0
    outer loop
      vertex 58.701 -40.75 -1.5
      vertex 58.81 -40.9131 1.5
      vertex 58.81 -40.9131 -1.5
    endloop
  endfacet
  facet normal -0.980757 0.195234 0
    outer loop
      vertex 61.4489 -40.3882 -1.5
      vertex 61.4872 -40.1958 1.5
      vertex 61.4872 -40.1958 -1.5
    endloop
  endfacet
  facet normal -0.980757 0.195234 0
    outer loop
      vertex 61.4872 -40.1958 1.5
      vertex 61.4489 -40.3882 -1.5
      vertex 61.4489 -40.3882 1.5
    endloop
  endfacet
  facet normal 0.0652336 -0.99787 0
    outer loop
      vertex 59.8042 -38.5128 -1.5
      vertex 60 -38.5 1.5
      vertex 59.8042 -38.5128 1.5
    endloop
  endfacet
  facet normal 0.0652336 -0.99787 0
    outer loop
      vertex 60 -38.5 1.5
      vertex 59.8042 -38.5128 -1.5
      vertex 60 -38.5 -1.5
    endloop
  endfacet
  facet normal -0.658937 0.752198 0
    outer loop
      vertex 61.0607 -41.0607 -1.5
      vertex 60.9131 -41.19 1.5
      vertex 61.0607 -41.0607 1.5
    endloop
  endfacet
  facet normal -0.658937 0.752198 0
    outer loop
      vertex 60.9131 -41.19 1.5
      vertex 61.0607 -41.0607 -1.5
      vertex 60.9131 -41.19 -1.5
    endloop
  endfacet
  facet normal -0.442315 -0.89686 0
    outer loop
      vertex 60.574 -38.6142 -1.5
      vertex 60.75 -38.701 1.5
      vertex 60.574 -38.6142 1.5
    endloop
  endfacet
  facet normal -0.442315 -0.89686 -0
    outer loop
      vertex 60.75 -38.701 1.5
      vertex 60.574 -38.6142 -1.5
      vertex 60.75 -38.701 -1.5
    endloop
  endfacet
  facet normal 0.99787 0.0652336 0
    outer loop
      vertex 58.5128 -40.1958 1.5
      vertex 58.5 -40 -1.5
      vertex 58.5 -40 1.5
    endloop
  endfacet
  facet normal 0.99787 0.0652336 0
    outer loop
      vertex 58.5 -40 -1.5
      vertex 58.5128 -40.1958 1.5
      vertex 58.5128 -40.1958 -1.5
    endloop
  endfacet
  facet normal -0.321574 0.946885 0
    outer loop
      vertex 60.574 -41.3858 -1.5
      vertex 60.3882 -41.4489 1.5
      vertex 60.574 -41.3858 1.5
    endloop
  endfacet
  facet normal -0.321574 0.946885 0
    outer loop
      vertex 60.3882 -41.4489 1.5
      vertex 60.574 -41.3858 -1.5
      vertex 60.3882 -41.4489 -1.5
    endloop
  endfacet
  facet normal 0.752198 0.658937 0
    outer loop
      vertex 58.9393 -41.0607 1.5
      vertex 58.81 -40.9131 -1.5
      vertex 58.81 -40.9131 1.5
    endloop
  endfacet
  facet normal 0.752198 0.658937 0
    outer loop
      vertex 58.81 -40.9131 -1.5
      vertex 58.9393 -41.0607 1.5
      vertex 58.9393 -41.0607 -1.5
    endloop
  endfacet
  facet normal -0.195234 -0.980757 0
    outer loop
      vertex 60.1958 -38.5128 -1.5
      vertex 60.3882 -38.5511 1.5
      vertex 60.1958 -38.5128 1.5
    endloop
  endfacet
  facet normal -0.195234 -0.980757 -0
    outer loop
      vertex 60.3882 -38.5511 1.5
      vertex 60.1958 -38.5128 -1.5
      vertex 60.3882 -38.5511 -1.5
    endloop
  endfacet
  facet normal 0.946885 0.321574 0
    outer loop
      vertex 58.6142 -40.574 1.5
      vertex 58.5511 -40.3882 -1.5
      vertex 58.5511 -40.3882 1.5
    endloop
  endfacet
  facet normal 0.946885 0.321574 0
    outer loop
      vertex 58.5511 -40.3882 -1.5
      vertex 58.6142 -40.574 1.5
      vertex 58.6142 -40.574 -1.5
    endloop
  endfacet
  facet normal 0.555641 -0.831422 0
    outer loop
      vertex 59.0869 -38.81 -1.5
      vertex 59.25 -38.701 1.5
      vertex 59.0869 -38.81 1.5
    endloop
  endfacet
  facet normal 0.555641 -0.831422 0
    outer loop
      vertex 59.25 -38.701 1.5
      vertex 59.0869 -38.81 -1.5
      vertex 59.25 -38.701 -1.5
    endloop
  endfacet
  facet normal -0.0652336 -0.99787 0
    outer loop
      vertex 60 -38.5 -1.5
      vertex 60.1958 -38.5128 1.5
      vertex 60 -38.5 1.5
    endloop
  endfacet
  facet normal -0.0652336 -0.99787 -0
    outer loop
      vertex 60.1958 -38.5128 1.5
      vertex 60 -38.5 -1.5
      vertex 60.1958 -38.5128 -1.5
    endloop
  endfacet
  facet normal 0.89686 -0.442315 0
    outer loop
      vertex 58.6142 -39.426 1.5
      vertex 58.701 -39.25 -1.5
      vertex 58.701 -39.25 1.5
    endloop
  endfacet
  facet normal 0.89686 -0.442315 0
    outer loop
      vertex 58.701 -39.25 -1.5
      vertex 58.6142 -39.426 1.5
      vertex 58.6142 -39.426 -1.5
    endloop
  endfacet
  facet normal 0.195234 0.980757 -0
    outer loop
      vertex 59.8042 -41.4872 -1.5
      vertex 59.6118 -41.4489 1.5
      vertex 59.8042 -41.4872 1.5
    endloop
  endfacet
  facet normal 0.195234 0.980757 0
    outer loop
      vertex 59.6118 -41.4489 1.5
      vertex 59.8042 -41.4872 -1.5
      vertex 59.6118 -41.4489 -1.5
    endloop
  endfacet
  facet normal 0.89686 0.442315 0
    outer loop
      vertex -61.299 39.25 1.5
      vertex -61.3858 39.426 -1.5
      vertex -61.3858 39.426 1.5
    endloop
  endfacet
  facet normal 0.89686 0.442315 0
    outer loop
      vertex -61.3858 39.426 -1.5
      vertex -61.299 39.25 1.5
      vertex -61.299 39.25 -1.5
    endloop
  endfacet
  facet normal -0.555641 -0.831422 0
    outer loop
      vertex -59.25 41.299 -1.5
      vertex -59.0869 41.19 1.5
      vertex -59.25 41.299 1.5
    endloop
  endfacet
  facet normal -0.555641 -0.831422 -0
    outer loop
      vertex -59.0869 41.19 1.5
      vertex -59.25 41.299 -1.5
      vertex -59.0869 41.19 -1.5
    endloop
  endfacet
  facet normal 0.99787 -0.0652336 0
    outer loop
      vertex -61.5 40 1.5
      vertex -61.4872 40.1958 -1.5
      vertex -61.4872 40.1958 1.5
    endloop
  endfacet
  facet normal 0.99787 -0.0652336 0
    outer loop
      vertex -61.4872 40.1958 -1.5
      vertex -61.5 40 1.5
      vertex -61.5 40 -1.5
    endloop
  endfacet
  facet normal -0.321574 0.946885 0
    outer loop
      vertex -59.426 38.6142 -1.5
      vertex -59.6118 38.5511 1.5
      vertex -59.426 38.6142 1.5
    endloop
  endfacet
  facet normal -0.321574 0.946885 0
    outer loop
      vertex -59.6118 38.5511 1.5
      vertex -59.426 38.6142 -1.5
      vertex -59.6118 38.5511 -1.5
    endloop
  endfacet
  facet normal -0.658937 -0.752198 0
    outer loop
      vertex -59.0869 41.19 -1.5
      vertex -58.9393 41.0607 1.5
      vertex -59.0869 41.19 1.5
    endloop
  endfacet
  facet normal -0.658937 -0.752198 -0
    outer loop
      vertex -58.9393 41.0607 1.5
      vertex -59.0869 41.19 -1.5
      vertex -58.9393 41.0607 -1.5
    endloop
  endfacet
  facet normal 0.89686 -0.442315 0
    outer loop
      vertex -61.3858 40.574 1.5
      vertex -61.299 40.75 -1.5
      vertex -61.299 40.75 1.5
    endloop
  endfacet
  facet normal 0.89686 -0.442315 0
    outer loop
      vertex -61.299 40.75 -1.5
      vertex -61.3858 40.574 1.5
      vertex -61.3858 40.574 -1.5
    endloop
  endfacet
  facet normal 0.0652336 -0.99787 0
    outer loop
      vertex -60.1958 41.4872 -1.5
      vertex -60 41.5 1.5
      vertex -60.1958 41.4872 1.5
    endloop
  endfacet
  facet normal 0.0652336 -0.99787 0
    outer loop
      vertex -60 41.5 1.5
      vertex -60.1958 41.4872 -1.5
      vertex -60 41.5 -1.5
    endloop
  endfacet
  facet normal -0.195234 -0.980757 0
    outer loop
      vertex -59.8042 41.4872 -1.5
      vertex -59.6118 41.4489 1.5
      vertex -59.8042 41.4872 1.5
    endloop
  endfacet
  facet normal -0.195234 -0.980757 -0
    outer loop
      vertex -59.6118 41.4489 1.5
      vertex -59.8042 41.4872 -1.5
      vertex -59.6118 41.4489 -1.5
    endloop
  endfacet
  facet normal 0.195234 -0.980757 0
    outer loop
      vertex -60.3882 41.4489 -1.5
      vertex -60.1958 41.4872 1.5
      vertex -60.3882 41.4489 1.5
    endloop
  endfacet
  facet normal 0.195234 -0.980757 0
    outer loop
      vertex -60.1958 41.4872 1.5
      vertex -60.3882 41.4489 -1.5
      vertex -60.1958 41.4872 -1.5
    endloop
  endfacet
  facet normal -0.442315 0.89686 0
    outer loop
      vertex -59.25 38.701 -1.5
      vertex -59.426 38.6142 1.5
      vertex -59.25 38.701 1.5
    endloop
  endfacet
  facet normal -0.442315 0.89686 0
    outer loop
      vertex -59.426 38.6142 1.5
      vertex -59.25 38.701 -1.5
      vertex -59.426 38.6142 -1.5
    endloop
  endfacet
  facet normal -0.980757 -0.195234 0
    outer loop
      vertex -58.5128 40.1958 -1.5
      vertex -58.5511 40.3882 1.5
      vertex -58.5511 40.3882 -1.5
    endloop
  endfacet
  facet normal -0.980757 -0.195234 0
    outer loop
      vertex -58.5511 40.3882 1.5
      vertex -58.5128 40.1958 -1.5
      vertex -58.5128 40.1958 1.5
    endloop
  endfacet
  facet normal 0.980757 -0.195234 0
    outer loop
      vertex -61.4872 40.1958 1.5
      vertex -61.4489 40.3882 -1.5
      vertex -61.4489 40.3882 1.5
    endloop
  endfacet
  facet normal 0.980757 -0.195234 0
    outer loop
      vertex -61.4489 40.3882 -1.5
      vertex -61.4872 40.1958 1.5
      vertex -61.4872 40.1958 -1.5
    endloop
  endfacet
  facet normal -0.321574 -0.946885 0
    outer loop
      vertex -59.6118 41.4489 -1.5
      vertex -59.426 41.3858 1.5
      vertex -59.6118 41.4489 1.5
    endloop
  endfacet
  facet normal -0.321574 -0.946885 -0
    outer loop
      vertex -59.426 41.3858 1.5
      vertex -59.6118 41.4489 -1.5
      vertex -59.426 41.3858 -1.5
    endloop
  endfacet
  facet normal -0.0652336 -0.99787 0
    outer loop
      vertex -60 41.5 -1.5
      vertex -59.8042 41.4872 1.5
      vertex -60 41.5 1.5
    endloop
  endfacet
  facet normal -0.0652336 -0.99787 -0
    outer loop
      vertex -59.8042 41.4872 1.5
      vertex -60 41.5 -1.5
      vertex -59.8042 41.4872 -1.5
    endloop
  endfacet
  facet normal -0.946885 -0.321574 0
    outer loop
      vertex -58.5511 40.3882 -1.5
      vertex -58.6142 40.574 1.5
      vertex -58.6142 40.574 -1.5
    endloop
  endfacet
  facet normal -0.946885 -0.321574 0
    outer loop
      vertex -58.6142 40.574 1.5
      vertex -58.5511 40.3882 -1.5
      vertex -58.5511 40.3882 1.5
    endloop
  endfacet
  facet normal 0.555641 0.831422 -0
    outer loop
      vertex -60.75 38.701 -1.5
      vertex -60.9131 38.81 1.5
      vertex -60.75 38.701 1.5
    endloop
  endfacet
  facet normal 0.555641 0.831422 0
    outer loop
      vertex -60.9131 38.81 1.5
      vertex -60.75 38.701 -1.5
      vertex -60.9131 38.81 -1.5
    endloop
  endfacet
  facet normal -0.752198 0.658937 0
    outer loop
      vertex -58.9393 38.9393 -1.5
      vertex -58.81 39.0869 1.5
      vertex -58.81 39.0869 -1.5
    endloop
  endfacet
  facet normal -0.752198 0.658937 0
    outer loop
      vertex -58.81 39.0869 1.5
      vertex -58.9393 38.9393 -1.5
      vertex -58.9393 38.9393 1.5
    endloop
  endfacet
  facet normal -0.99787 -0.0652336 0
    outer loop
      vertex -58.5 40 -1.5
      vertex -58.5128 40.1958 1.5
      vertex -58.5128 40.1958 -1.5
    endloop
  endfacet
  facet normal -0.99787 -0.0652336 0
    outer loop
      vertex -58.5128 40.1958 1.5
      vertex -58.5 40 -1.5
      vertex -58.5 40 1.5
    endloop
  endfacet
  facet normal 0.946885 -0.321574 0
    outer loop
      vertex -61.4489 40.3882 1.5
      vertex -61.3858 40.574 -1.5
      vertex -61.3858 40.574 1.5
    endloop
  endfacet
  facet normal 0.946885 -0.321574 0
    outer loop
      vertex -61.3858 40.574 -1.5
      vertex -61.4489 40.3882 1.5
      vertex -61.4489 40.3882 -1.5
    endloop
  endfacet
  facet normal 0.980757 0.195234 0
    outer loop
      vertex -61.4489 39.6118 1.5
      vertex -61.4872 39.8042 -1.5
      vertex -61.4872 39.8042 1.5
    endloop
  endfacet
  facet normal 0.980757 0.195234 0
    outer loop
      vertex -61.4872 39.8042 -1.5
      vertex -61.4489 39.6118 1.5
      vertex -61.4489 39.6118 -1.5
    endloop
  endfacet
  facet normal -0.752198 -0.658937 0
    outer loop
      vertex -58.81 40.9131 -1.5
      vertex -58.9393 41.0607 1.5
      vertex -58.9393 41.0607 -1.5
    endloop
  endfacet
  facet normal -0.752198 -0.658937 0
    outer loop
      vertex -58.9393 41.0607 1.5
      vertex -58.81 40.9131 -1.5
      vertex -58.81 40.9131 1.5
    endloop
  endfacet
  facet normal -0.99787 0.0652336 0
    outer loop
      vertex -58.5128 39.8042 -1.5
      vertex -58.5 40 1.5
      vertex -58.5 40 -1.5
    endloop
  endfacet
  facet normal -0.99787 0.0652336 0
    outer loop
      vertex -58.5 40 1.5
      vertex -58.5128 39.8042 -1.5
      vertex -58.5128 39.8042 1.5
    endloop
  endfacet
  facet normal -0.980757 0.195234 0
    outer loop
      vertex -58.5511 39.6118 -1.5
      vertex -58.5128 39.8042 1.5
      vertex -58.5128 39.8042 -1.5
    endloop
  endfacet
  facet normal -0.980757 0.195234 0
    outer loop
      vertex -58.5128 39.8042 1.5
      vertex -58.5511 39.6118 -1.5
      vertex -58.5511 39.6118 1.5
    endloop
  endfacet
  facet normal 0.752198 -0.658937 0
    outer loop
      vertex -61.19 40.9131 1.5
      vertex -61.0607 41.0607 -1.5
      vertex -61.0607 41.0607 1.5
    endloop
  endfacet
  facet normal 0.752198 -0.658937 0
    outer loop
      vertex -61.0607 41.0607 -1.5
      vertex -61.19 40.9131 1.5
      vertex -61.19 40.9131 -1.5
    endloop
  endfacet
  facet normal -0.658937 0.752198 0
    outer loop
      vertex -58.9393 38.9393 -1.5
      vertex -59.0869 38.81 1.5
      vertex -58.9393 38.9393 1.5
    endloop
  endfacet
  facet normal -0.658937 0.752198 0
    outer loop
      vertex -59.0869 38.81 1.5
      vertex -58.9393 38.9393 -1.5
      vertex -59.0869 38.81 -1.5
    endloop
  endfacet
  facet normal -0.831422 -0.555641 0
    outer loop
      vertex -58.701 40.75 -1.5
      vertex -58.81 40.9131 1.5
      vertex -58.81 40.9131 -1.5
    endloop
  endfacet
  facet normal -0.831422 -0.555641 0
    outer loop
      vertex -58.81 40.9131 1.5
      vertex -58.701 40.75 -1.5
      vertex -58.701 40.75 1.5
    endloop
  endfacet
  facet normal -0.442315 -0.89686 0
    outer loop
      vertex -59.426 41.3858 -1.5
      vertex -59.25 41.299 1.5
      vertex -59.426 41.3858 1.5
    endloop
  endfacet
  facet normal -0.442315 -0.89686 -0
    outer loop
      vertex -59.25 41.299 1.5
      vertex -59.426 41.3858 -1.5
      vertex -59.25 41.299 -1.5
    endloop
  endfacet
  facet normal -0.89686 0.442315 0
    outer loop
      vertex -58.701 39.25 -1.5
      vertex -58.6142 39.426 1.5
      vertex -58.6142 39.426 -1.5
    endloop
  endfacet
  facet normal -0.89686 0.442315 0
    outer loop
      vertex -58.6142 39.426 1.5
      vertex -58.701 39.25 -1.5
      vertex -58.701 39.25 1.5
    endloop
  endfacet
  facet normal -0.555641 0.831422 0
    outer loop
      vertex -59.0869 38.81 -1.5
      vertex -59.25 38.701 1.5
      vertex -59.0869 38.81 1.5
    endloop
  endfacet
  facet normal -0.555641 0.831422 0
    outer loop
      vertex -59.25 38.701 1.5
      vertex -59.0869 38.81 -1.5
      vertex -59.25 38.701 -1.5
    endloop
  endfacet
  facet normal 0.658937 0.752198 -0
    outer loop
      vertex -60.9131 38.81 -1.5
      vertex -61.0607 38.9393 1.5
      vertex -60.9131 38.81 1.5
    endloop
  endfacet
  facet normal 0.658937 0.752198 0
    outer loop
      vertex -61.0607 38.9393 1.5
      vertex -60.9131 38.81 -1.5
      vertex -61.0607 38.9393 -1.5
    endloop
  endfacet
  facet normal -0.831422 0.555641 0
    outer loop
      vertex -58.81 39.0869 -1.5
      vertex -58.701 39.25 1.5
      vertex -58.701 39.25 -1.5
    endloop
  endfacet
  facet normal -0.831422 0.555641 0
    outer loop
      vertex -58.701 39.25 1.5
      vertex -58.81 39.0869 -1.5
      vertex -58.81 39.0869 1.5
    endloop
  endfacet
  facet normal 0.442315 -0.89686 0
    outer loop
      vertex -60.75 41.299 -1.5
      vertex -60.574 41.3858 1.5
      vertex -60.75 41.299 1.5
    endloop
  endfacet
  facet normal 0.442315 -0.89686 0
    outer loop
      vertex -60.574 41.3858 1.5
      vertex -60.75 41.299 -1.5
      vertex -60.574 41.3858 -1.5
    endloop
  endfacet
  facet normal 0.831422 0.555641 0
    outer loop
      vertex -61.19 39.0869 1.5
      vertex -61.299 39.25 -1.5
      vertex -61.299 39.25 1.5
    endloop
  endfacet
  facet normal 0.831422 0.555641 0
    outer loop
      vertex -61.299 39.25 -1.5
      vertex -61.19 39.0869 1.5
      vertex -61.19 39.0869 -1.5
    endloop
  endfacet
  facet normal 0.321574 -0.946885 0
    outer loop
      vertex -60.574 41.3858 -1.5
      vertex -60.3882 41.4489 1.5
      vertex -60.574 41.3858 1.5
    endloop
  endfacet
  facet normal 0.321574 -0.946885 0
    outer loop
      vertex -60.3882 41.4489 1.5
      vertex -60.574 41.3858 -1.5
      vertex -60.3882 41.4489 -1.5
    endloop
  endfacet
  facet normal -0.946885 0.321574 0
    outer loop
      vertex -58.6142 39.426 -1.5
      vertex -58.5511 39.6118 1.5
      vertex -58.5511 39.6118 -1.5
    endloop
  endfacet
  facet normal -0.946885 0.321574 0
    outer loop
      vertex -58.5511 39.6118 1.5
      vertex -58.6142 39.426 -1.5
      vertex -58.6142 39.426 1.5
    endloop
  endfacet
  facet normal -0.195234 0.980757 0
    outer loop
      vertex -59.6118 38.5511 -1.5
      vertex -59.8042 38.5128 1.5
      vertex -59.6118 38.5511 1.5
    endloop
  endfacet
  facet normal -0.195234 0.980757 0
    outer loop
      vertex -59.8042 38.5128 1.5
      vertex -59.6118 38.5511 -1.5
      vertex -59.8042 38.5128 -1.5
    endloop
  endfacet
  facet normal 0.99787 0.0652336 0
    outer loop
      vertex -61.4872 39.8042 1.5
      vertex -61.5 40 -1.5
      vertex -61.5 40 1.5
    endloop
  endfacet
  facet normal 0.99787 0.0652336 0
    outer loop
      vertex -61.5 40 -1.5
      vertex -61.4872 39.8042 1.5
      vertex -61.4872 39.8042 -1.5
    endloop
  endfacet
  facet normal 0.946885 0.321574 0
    outer loop
      vertex -61.3858 39.426 1.5
      vertex -61.4489 39.6118 -1.5
      vertex -61.4489 39.6118 1.5
    endloop
  endfacet
  facet normal 0.946885 0.321574 0
    outer loop
      vertex -61.4489 39.6118 -1.5
      vertex -61.3858 39.426 1.5
      vertex -61.3858 39.426 -1.5
    endloop
  endfacet
  facet normal -0.89686 -0.442315 0
    outer loop
      vertex -58.6142 40.574 -1.5
      vertex -58.701 40.75 1.5
      vertex -58.701 40.75 -1.5
    endloop
  endfacet
  facet normal -0.89686 -0.442315 0
    outer loop
      vertex -58.701 40.75 1.5
      vertex -58.6142 40.574 -1.5
      vertex -58.6142 40.574 1.5
    endloop
  endfacet
  facet normal 0.658937 -0.752198 0
    outer loop
      vertex -61.0607 41.0607 -1.5
      vertex -60.9131 41.19 1.5
      vertex -61.0607 41.0607 1.5
    endloop
  endfacet
  facet normal 0.658937 -0.752198 0
    outer loop
      vertex -60.9131 41.19 1.5
      vertex -61.0607 41.0607 -1.5
      vertex -60.9131 41.19 -1.5
    endloop
  endfacet
  facet normal -0.0652336 0.99787 0
    outer loop
      vertex -59.8042 38.5128 -1.5
      vertex -60 38.5 1.5
      vertex -59.8042 38.5128 1.5
    endloop
  endfacet
  facet normal -0.0652336 0.99787 0
    outer loop
      vertex -60 38.5 1.5
      vertex -59.8042 38.5128 -1.5
      vertex -60 38.5 -1.5
    endloop
  endfacet
  facet normal 0.0652336 0.99787 -0
    outer loop
      vertex -60 38.5 -1.5
      vertex -60.1958 38.5128 1.5
      vertex -60 38.5 1.5
    endloop
  endfacet
  facet normal 0.0652336 0.99787 0
    outer loop
      vertex -60.1958 38.5128 1.5
      vertex -60 38.5 -1.5
      vertex -60.1958 38.5128 -1.5
    endloop
  endfacet
  facet normal 0.442315 0.89686 -0
    outer loop
      vertex -60.574 38.6142 -1.5
      vertex -60.75 38.701 1.5
      vertex -60.574 38.6142 1.5
    endloop
  endfacet
  facet normal 0.442315 0.89686 0
    outer loop
      vertex -60.75 38.701 1.5
      vertex -60.574 38.6142 -1.5
      vertex -60.75 38.701 -1.5
    endloop
  endfacet
  facet normal 0.555641 -0.831422 0
    outer loop
      vertex -60.9131 41.19 -1.5
      vertex -60.75 41.299 1.5
      vertex -60.9131 41.19 1.5
    endloop
  endfacet
  facet normal 0.555641 -0.831422 0
    outer loop
      vertex -60.75 41.299 1.5
      vertex -60.9131 41.19 -1.5
      vertex -60.75 41.299 -1.5
    endloop
  endfacet
  facet normal 0.195234 0.980757 -0
    outer loop
      vertex -60.1958 38.5128 -1.5
      vertex -60.3882 38.5511 1.5
      vertex -60.1958 38.5128 1.5
    endloop
  endfacet
  facet normal 0.195234 0.980757 0
    outer loop
      vertex -60.3882 38.5511 1.5
      vertex -60.1958 38.5128 -1.5
      vertex -60.3882 38.5511 -1.5
    endloop
  endfacet
  facet normal 0.831422 -0.555641 0
    outer loop
      vertex -61.299 40.75 1.5
      vertex -61.19 40.9131 -1.5
      vertex -61.19 40.9131 1.5
    endloop
  endfacet
  facet normal 0.831422 -0.555641 0
    outer loop
      vertex -61.19 40.9131 -1.5
      vertex -61.299 40.75 1.5
      vertex -61.299 40.75 -1.5
    endloop
  endfacet
  facet normal 0.752198 0.658937 0
    outer loop
      vertex -61.0607 38.9393 1.5
      vertex -61.19 39.0869 -1.5
      vertex -61.19 39.0869 1.5
    endloop
  endfacet
  facet normal 0.752198 0.658937 0
    outer loop
      vertex -61.19 39.0869 -1.5
      vertex -61.0607 38.9393 1.5
      vertex -61.0607 38.9393 -1.5
    endloop
  endfacet
  facet normal 0.321574 0.946885 -0
    outer loop
      vertex -60.3882 38.5511 -1.5
      vertex -60.574 38.6142 1.5
      vertex -60.3882 38.5511 1.5
    endloop
  endfacet
  facet normal 0.321574 0.946885 0
    outer loop
      vertex -60.574 38.6142 1.5
      vertex -60.3882 38.5511 -1.5
      vertex -60.574 38.6142 -1.5
    endloop
  endfacet
  facet normal -0.195195 0.980764 0
    outer loop
      vertex 0.388228 38.5511 -1.5
      vertex 0.195788 38.5128 1.5
      vertex 0.388228 38.5511 1.5
    endloop
  endfacet
  facet normal -0.195195 0.980764 0
    outer loop
      vertex 0.195788 38.5128 1.5
      vertex 0.388228 38.5511 -1.5
      vertex 0.195788 38.5128 -1.5
    endloop
  endfacet
  facet normal -0.980776 -0.195136 0
    outer loop
      vertex 1.48717 40.1958 -1.5
      vertex 1.44889 40.3882 1.5
      vertex 1.44889 40.3882 -1.5
    endloop
  endfacet
  facet normal -0.980776 -0.195136 0
    outer loop
      vertex 1.44889 40.3882 1.5
      vertex 1.48717 40.1958 -1.5
      vertex 1.48717 40.1958 1.5
    endloop
  endfacet
  facet normal -0.99786 -0.0653858 0
    outer loop
      vertex 1.5 40 -1.5
      vertex 1.48717 40.1958 1.5
      vertex 1.48717 40.1958 -1.5
    endloop
  endfacet
  facet normal -0.99786 -0.0653858 0
    outer loop
      vertex 1.48717 40.1958 1.5
      vertex 1.5 40 -1.5
      vertex 1.5 40 1.5
    endloop
  endfacet
  facet normal 0.442363 -0.896836 0
    outer loop
      vertex -0.75 41.299 -1.5
      vertex -0.574024 41.3858 1.5
      vertex -0.75 41.299 1.5
    endloop
  endfacet
  facet normal 0.442363 -0.896836 0
    outer loop
      vertex -0.574024 41.3858 1.5
      vertex -0.75 41.299 -1.5
      vertex -0.574024 41.3858 -1.5
    endloop
  endfacet
  facet normal -0.99786 0.0653858 0
    outer loop
      vertex 1.48717 39.8042 -1.5
      vertex 1.5 40 1.5
      vertex 1.5 40 -1.5
    endloop
  endfacet
  facet normal -0.99786 0.0653858 0
    outer loop
      vertex 1.5 40 1.5
      vertex 1.48717 39.8042 -1.5
      vertex 1.48717 39.8042 1.5
    endloop
  endfacet
  facet normal -0.659142 -0.752018 0
    outer loop
      vertex 0.913141 41.19 -1.5
      vertex 1.06066 41.0607 1.5
      vertex 0.913141 41.19 1.5
    endloop
  endfacet
  facet normal -0.659142 -0.752018 -0
    outer loop
      vertex 1.06066 41.0607 1.5
      vertex 0.913141 41.19 -1.5
      vertex 1.06066 41.0607 -1.5
    endloop
  endfacet
  facet normal 0.0652376 0.99787 -0
    outer loop
      vertex 0 38.5 -1.5
      vertex -0.195788 38.5128 1.5
      vertex 0 38.5 1.5
    endloop
  endfacet
  facet normal 0.0652376 0.99787 0
    outer loop
      vertex -0.195788 38.5128 1.5
      vertex 0 38.5 -1.5
      vertex -0.195788 38.5128 -1.5
    endloop
  endfacet
  facet normal -0.0652376 -0.99787 0
    outer loop
      vertex 0 41.5 -1.5
      vertex 0.195788 41.4872 1.5
      vertex 0 41.5 1.5
    endloop
  endfacet
  facet normal -0.0652376 -0.99787 -0
    outer loop
      vertex 0.195788 41.4872 1.5
      vertex 0 41.5 -1.5
      vertex 0.195788 41.4872 -1.5
    endloop
  endfacet
  facet normal 0.752021 0.659139 0
    outer loop
      vertex -1.06066 38.9393 1.5
      vertex -1.19003 39.0869 -1.5
      vertex -1.19003 39.0869 1.5
    endloop
  endfacet
  facet normal 0.752021 0.659139 0
    outer loop
      vertex -1.19003 39.0869 -1.5
      vertex -1.06066 38.9393 1.5
      vertex -1.06066 38.9393 -1.5
    endloop
  endfacet
  facet normal 0.195195 0.980764 -0
    outer loop
      vertex -0.195788 38.5128 -1.5
      vertex -0.388228 38.5511 1.5
      vertex -0.195788 38.5128 1.5
    endloop
  endfacet
  facet normal 0.195195 0.980764 0
    outer loop
      vertex -0.388228 38.5511 1.5
      vertex -0.195788 38.5128 -1.5
      vertex -0.388228 38.5511 -1.5
    endloop
  endfacet
  facet normal -0.8969 0.442233 0
    outer loop
      vertex 1.29904 39.25 -1.5
      vertex 1.38582 39.426 1.5
      vertex 1.38582 39.426 -1.5
    endloop
  endfacet
  facet normal -0.8969 0.442233 0
    outer loop
      vertex 1.38582 39.426 1.5
      vertex 1.29904 39.25 -1.5
      vertex 1.29904 39.25 1.5
    endloop
  endfacet
  facet normal 0.99786 -0.0653858 0
    outer loop
      vertex -1.5 40 1.5
      vertex -1.48717 40.1958 -1.5
      vertex -1.48717 40.1958 1.5
    endloop
  endfacet
  facet normal 0.99786 -0.0653858 0
    outer loop
      vertex -1.48717 40.1958 -1.5
      vertex -1.5 40 1.5
      vertex -1.5 40 -1.5
    endloop
  endfacet
  facet normal 0.831399 0.555676 0
    outer loop
      vertex -1.19003 39.0869 1.5
      vertex -1.29904 39.25 -1.5
      vertex -1.29904 39.25 1.5
    endloop
  endfacet
  facet normal 0.831399 0.555676 0
    outer loop
      vertex -1.29904 39.25 -1.5
      vertex -1.19003 39.0869 1.5
      vertex -1.19003 39.0869 -1.5
    endloop
  endfacet
  facet normal 0.980776 0.195136 0
    outer loop
      vertex -1.44889 39.6118 1.5
      vertex -1.48717 39.8042 -1.5
      vertex -1.48717 39.8042 1.5
    endloop
  endfacet
  facet normal 0.980776 0.195136 0
    outer loop
      vertex -1.48717 39.8042 -1.5
      vertex -1.44889 39.6118 1.5
      vertex -1.44889 39.6118 -1.5
    endloop
  endfacet
  facet normal -0.831399 0.555676 0
    outer loop
      vertex 1.19003 39.0869 -1.5
      vertex 1.29904 39.25 1.5
      vertex 1.29904 39.25 -1.5
    endloop
  endfacet
  facet normal -0.831399 0.555676 0
    outer loop
      vertex 1.29904 39.25 1.5
      vertex 1.19003 39.0869 -1.5
      vertex 1.19003 39.0869 1.5
    endloop
  endfacet
  facet normal 0.555544 -0.831487 0
    outer loop
      vertex -0.913141 41.19 -1.5
      vertex -0.75 41.299 1.5
      vertex -0.913141 41.19 1.5
    endloop
  endfacet
  facet normal 0.555544 -0.831487 0
    outer loop
      vertex -0.75 41.299 1.5
      vertex -0.913141 41.19 -1.5
      vertex -0.75 41.299 -1.5
    endloop
  endfacet
  facet normal 0.99786 0.0653858 0
    outer loop
      vertex -1.48717 39.8042 1.5
      vertex -1.5 40 -1.5
      vertex -1.5 40 1.5
    endloop
  endfacet
  facet normal 0.99786 0.0653858 0
    outer loop
      vertex -1.5 40 -1.5
      vertex -1.48717 39.8042 1.5
      vertex -1.48717 39.8042 -1.5
    endloop
  endfacet
  facet normal 0.0652376 -0.99787 0
    outer loop
      vertex -0.195788 41.4872 -1.5
      vertex 0 41.5 1.5
      vertex -0.195788 41.4872 1.5
    endloop
  endfacet
  facet normal 0.0652376 -0.99787 0
    outer loop
      vertex 0 41.5 1.5
      vertex -0.195788 41.4872 -1.5
      vertex 0 41.5 -1.5
    endloop
  endfacet
  facet normal -0.442363 -0.896836 0
    outer loop
      vertex 0.574024 41.3858 -1.5
      vertex 0.75 41.299 1.5
      vertex 0.574024 41.3858 1.5
    endloop
  endfacet
  facet normal -0.442363 -0.896836 -0
    outer loop
      vertex 0.75 41.299 1.5
      vertex 0.574024 41.3858 -1.5
      vertex 0.75 41.299 -1.5
    endloop
  endfacet
  facet normal -0.555544 0.831487 0
    outer loop
      vertex 0.913141 38.81 -1.5
      vertex 0.75 38.701 1.5
      vertex 0.913141 38.81 1.5
    endloop
  endfacet
  facet normal -0.555544 0.831487 0
    outer loop
      vertex 0.75 38.701 1.5
      vertex 0.913141 38.81 -1.5
      vertex 0.75 38.701 -1.5
    endloop
  endfacet
  facet normal -0.980776 0.195136 0
    outer loop
      vertex 1.44889 39.6118 -1.5
      vertex 1.48717 39.8042 1.5
      vertex 1.48717 39.8042 -1.5
    endloop
  endfacet
  facet normal -0.980776 0.195136 0
    outer loop
      vertex 1.48717 39.8042 1.5
      vertex 1.44889 39.6118 -1.5
      vertex 1.44889 39.6118 1.5
    endloop
  endfacet
  facet normal 0.752021 -0.659139 0
    outer loop
      vertex -1.19003 40.9131 1.5
      vertex -1.06066 41.0607 -1.5
      vertex -1.06066 41.0607 1.5
    endloop
  endfacet
  facet normal 0.752021 -0.659139 0
    outer loop
      vertex -1.06066 41.0607 -1.5
      vertex -1.19003 40.9131 1.5
      vertex -1.19003 40.9131 -1.5
    endloop
  endfacet
  facet normal 0.8969 -0.442233 0
    outer loop
      vertex -1.38582 40.574 1.5
      vertex -1.29904 40.75 -1.5
      vertex -1.29904 40.75 1.5
    endloop
  endfacet
  facet normal 0.8969 -0.442233 0
    outer loop
      vertex -1.29904 40.75 -1.5
      vertex -1.38582 40.574 1.5
      vertex -1.38582 40.574 -1.5
    endloop
  endfacet
  facet normal -0.831399 -0.555676 0
    outer loop
      vertex 1.29904 40.75 -1.5
      vertex 1.19003 40.9131 1.5
      vertex 1.19003 40.9131 -1.5
    endloop
  endfacet
  facet normal -0.831399 -0.555676 0
    outer loop
      vertex 1.19003 40.9131 1.5
      vertex 1.29904 40.75 -1.5
      vertex 1.29904 40.75 1.5
    endloop
  endfacet
  facet normal 0.32158 0.946882 -0
    outer loop
      vertex -0.388228 38.5511 -1.5
      vertex -0.574024 38.6142 1.5
      vertex -0.388228 38.5511 1.5
    endloop
  endfacet
  facet normal 0.32158 0.946882 0
    outer loop
      vertex -0.574024 38.6142 1.5
      vertex -0.388228 38.5511 -1.5
      vertex -0.574024 38.6142 -1.5
    endloop
  endfacet
  facet normal 0.8969 0.442233 0
    outer loop
      vertex -1.29904 39.25 1.5
      vertex -1.38582 39.426 -1.5
      vertex -1.38582 39.426 1.5
    endloop
  endfacet
  facet normal 0.8969 0.442233 0
    outer loop
      vertex -1.38582 39.426 -1.5
      vertex -1.29904 39.25 1.5
      vertex -1.29904 39.25 -1.5
    endloop
  endfacet
  facet normal -0.555544 -0.831487 0
    outer loop
      vertex 0.75 41.299 -1.5
      vertex 0.913141 41.19 1.5
      vertex 0.75 41.299 1.5
    endloop
  endfacet
  facet normal -0.555544 -0.831487 -0
    outer loop
      vertex 0.913141 41.19 1.5
      vertex 0.75 41.299 -1.5
      vertex 0.913141 41.19 -1.5
    endloop
  endfacet
  facet normal 0.980776 -0.195136 0
    outer loop
      vertex -1.48717 40.1958 1.5
      vertex -1.44889 40.3882 -1.5
      vertex -1.44889 40.3882 1.5
    endloop
  endfacet
  facet normal 0.980776 -0.195136 0
    outer loop
      vertex -1.44889 40.3882 -1.5
      vertex -1.48717 40.1958 1.5
      vertex -1.48717 40.1958 -1.5
    endloop
  endfacet
  facet normal -0.32158 -0.946882 0
    outer loop
      vertex 0.388228 41.4489 -1.5
      vertex 0.574024 41.3858 1.5
      vertex 0.388228 41.4489 1.5
    endloop
  endfacet
  facet normal -0.32158 -0.946882 -0
    outer loop
      vertex 0.574024 41.3858 1.5
      vertex 0.388228 41.4489 -1.5
      vertex 0.574024 41.3858 -1.5
    endloop
  endfacet
  facet normal -0.659142 0.752018 0
    outer loop
      vertex 1.06066 38.9393 -1.5
      vertex 0.913141 38.81 1.5
      vertex 1.06066 38.9393 1.5
    endloop
  endfacet
  facet normal -0.659142 0.752018 0
    outer loop
      vertex 0.913141 38.81 1.5
      vertex 1.06066 38.9393 -1.5
      vertex 0.913141 38.81 -1.5
    endloop
  endfacet
  facet normal 0.195195 -0.980764 0
    outer loop
      vertex -0.388228 41.4489 -1.5
      vertex -0.195788 41.4872 1.5
      vertex -0.388228 41.4489 1.5
    endloop
  endfacet
  facet normal 0.195195 -0.980764 0
    outer loop
      vertex -0.195788 41.4872 1.5
      vertex -0.388228 41.4489 -1.5
      vertex -0.195788 41.4872 -1.5
    endloop
  endfacet
  facet normal -0.8969 -0.442233 0
    outer loop
      vertex 1.38582 40.574 -1.5
      vertex 1.29904 40.75 1.5
      vertex 1.29904 40.75 -1.5
    endloop
  endfacet
  facet normal -0.8969 -0.442233 0
    outer loop
      vertex 1.29904 40.75 1.5
      vertex 1.38582 40.574 -1.5
      vertex 1.38582 40.574 1.5
    endloop
  endfacet
  facet normal 0.555544 0.831487 -0
    outer loop
      vertex -0.75 38.701 -1.5
      vertex -0.913141 38.81 1.5
      vertex -0.75 38.701 1.5
    endloop
  endfacet
  facet normal 0.555544 0.831487 0
    outer loop
      vertex -0.913141 38.81 1.5
      vertex -0.75 38.701 -1.5
      vertex -0.913141 38.81 -1.5
    endloop
  endfacet
  facet normal 0.659142 0.752018 -0
    outer loop
      vertex -0.913141 38.81 -1.5
      vertex -1.06066 38.9393 1.5
      vertex -0.913141 38.81 1.5
    endloop
  endfacet
  facet normal 0.659142 0.752018 0
    outer loop
      vertex -1.06066 38.9393 1.5
      vertex -0.913141 38.81 -1.5
      vertex -1.06066 38.9393 -1.5
    endloop
  endfacet
  facet normal -0.752021 0.659139 0
    outer loop
      vertex 1.06066 38.9393 -1.5
      vertex 1.19003 39.0869 1.5
      vertex 1.19003 39.0869 -1.5
    endloop
  endfacet
  facet normal -0.752021 0.659139 0
    outer loop
      vertex 1.19003 39.0869 1.5
      vertex 1.06066 38.9393 -1.5
      vertex 1.06066 38.9393 1.5
    endloop
  endfacet
  facet normal 0.831399 -0.555676 0
    outer loop
      vertex -1.29904 40.75 1.5
      vertex -1.19003 40.9131 -1.5
      vertex -1.19003 40.9131 1.5
    endloop
  endfacet
  facet normal 0.831399 -0.555676 0
    outer loop
      vertex -1.19003 40.9131 -1.5
      vertex -1.29904 40.75 1.5
      vertex -1.29904 40.75 -1.5
    endloop
  endfacet
  facet normal 0.946931 0.321437 0
    outer loop
      vertex -1.38582 39.426 1.5
      vertex -1.44889 39.6118 -1.5
      vertex -1.44889 39.6118 1.5
    endloop
  endfacet
  facet normal 0.946931 0.321437 0
    outer loop
      vertex -1.44889 39.6118 -1.5
      vertex -1.38582 39.426 1.5
      vertex -1.38582 39.426 -1.5
    endloop
  endfacet
  facet normal 0.659142 -0.752018 0
    outer loop
      vertex -1.06066 41.0607 -1.5
      vertex -0.913141 41.19 1.5
      vertex -1.06066 41.0607 1.5
    endloop
  endfacet
  facet normal 0.659142 -0.752018 0
    outer loop
      vertex -0.913141 41.19 1.5
      vertex -1.06066 41.0607 -1.5
      vertex -0.913141 41.19 -1.5
    endloop
  endfacet
  facet normal -0.752021 -0.659139 0
    outer loop
      vertex 1.19003 40.9131 -1.5
      vertex 1.06066 41.0607 1.5
      vertex 1.06066 41.0607 -1.5
    endloop
  endfacet
  facet normal -0.752021 -0.659139 0
    outer loop
      vertex 1.06066 41.0607 1.5
      vertex 1.19003 40.9131 -1.5
      vertex 1.19003 40.9131 1.5
    endloop
  endfacet
  facet normal -0.946931 -0.321437 0
    outer loop
      vertex 1.44889 40.3882 -1.5
      vertex 1.38582 40.574 1.5
      vertex 1.38582 40.574 -1.5
    endloop
  endfacet
  facet normal -0.946931 -0.321437 0
    outer loop
      vertex 1.38582 40.574 1.5
      vertex 1.44889 40.3882 -1.5
      vertex 1.44889 40.3882 1.5
    endloop
  endfacet
  facet normal -0.32158 0.946882 0
    outer loop
      vertex 0.574024 38.6142 -1.5
      vertex 0.388228 38.5511 1.5
      vertex 0.574024 38.6142 1.5
    endloop
  endfacet
  facet normal -0.32158 0.946882 0
    outer loop
      vertex 0.388228 38.5511 1.5
      vertex 0.574024 38.6142 -1.5
      vertex 0.388228 38.5511 -1.5
    endloop
  endfacet
  facet normal -0.442363 0.896836 0
    outer loop
      vertex 0.75 38.701 -1.5
      vertex 0.574024 38.6142 1.5
      vertex 0.75 38.701 1.5
    endloop
  endfacet
  facet normal -0.442363 0.896836 0
    outer loop
      vertex 0.574024 38.6142 1.5
      vertex 0.75 38.701 -1.5
      vertex 0.574024 38.6142 -1.5
    endloop
  endfacet
  facet normal 0.32158 -0.946882 0
    outer loop
      vertex -0.574024 41.3858 -1.5
      vertex -0.388228 41.4489 1.5
      vertex -0.574024 41.3858 1.5
    endloop
  endfacet
  facet normal 0.32158 -0.946882 0
    outer loop
      vertex -0.388228 41.4489 1.5
      vertex -0.574024 41.3858 -1.5
      vertex -0.388228 41.4489 -1.5
    endloop
  endfacet
  facet normal -0.946931 0.321437 0
    outer loop
      vertex 1.38582 39.426 -1.5
      vertex 1.44889 39.6118 1.5
      vertex 1.44889 39.6118 -1.5
    endloop
  endfacet
  facet normal -0.946931 0.321437 0
    outer loop
      vertex 1.44889 39.6118 1.5
      vertex 1.38582 39.426 -1.5
      vertex 1.38582 39.426 1.5
    endloop
  endfacet
  facet normal -0.0652376 0.99787 0
    outer loop
      vertex 0.195788 38.5128 -1.5
      vertex 0 38.5 1.5
      vertex 0.195788 38.5128 1.5
    endloop
  endfacet
  facet normal -0.0652376 0.99787 0
    outer loop
      vertex 0 38.5 1.5
      vertex 0.195788 38.5128 -1.5
      vertex 0 38.5 -1.5
    endloop
  endfacet
  facet normal -0.195195 -0.980764 0
    outer loop
      vertex 0.195788 41.4872 -1.5
      vertex 0.388228 41.4489 1.5
      vertex 0.195788 41.4872 1.5
    endloop
  endfacet
  facet normal -0.195195 -0.980764 -0
    outer loop
      vertex 0.388228 41.4489 1.5
      vertex 0.195788 41.4872 -1.5
      vertex 0.388228 41.4489 -1.5
    endloop
  endfacet
  facet normal 0.442363 0.896836 -0
    outer loop
      vertex -0.574024 38.6142 -1.5
      vertex -0.75 38.701 1.5
      vertex -0.574024 38.6142 1.5
    endloop
  endfacet
  facet normal 0.442363 0.896836 0
    outer loop
      vertex -0.75 38.701 1.5
      vertex -0.574024 38.6142 -1.5
      vertex -0.75 38.701 -1.5
    endloop
  endfacet
  facet normal 0.946931 -0.321437 0
    outer loop
      vertex -1.44889 40.3882 1.5
      vertex -1.38582 40.574 -1.5
      vertex -1.38582 40.574 1.5
    endloop
  endfacet
  facet normal 0.946931 -0.321437 0
    outer loop
      vertex -1.38582 40.574 -1.5
      vertex -1.44889 40.3882 1.5
      vertex -1.44889 40.3882 -1.5
    endloop
  endfacet
endsolid OpenSCAD_Model
