solid OpenSCAD_Model
  facet normal 0 0 1
    outer loop
      vertex 3.63124 0.478062 55.8801
      vertex 3.63124 -0.478062 55.8801
      vertex 3.66258 0 55.8801
    endloop
  endfacet
  facet normal 0 0 1
    outer loop
      vertex 3.53778 0.947944 55.8801
      vertex 3.63124 -0.478062 55.8801
      vertex 3.63124 0.478062 55.8801
    endloop
  endfacet
  facet normal 0 0 1
    outer loop
      vertex 3.53778 0.947944 55.8801
      vertex 3.53778 -0.947944 55.8801
      vertex 3.63124 -0.478062 55.8801
    endloop
  endfacet
  facet normal 0 0 1
    outer loop
      vertex 3.38378 1.40161 55.8801
      vertex 3.53778 -0.947944 55.8801
      vertex 3.53778 0.947944 55.8801
    endloop
  endfacet
  facet normal 0 0 1
    outer loop
      vertex 3.38378 1.40161 55.8801
      vertex 3.38378 -1.40161 55.8801
      vertex 3.53778 -0.947944 55.8801
    endloop
  endfacet
  facet normal 0 0 1
    outer loop
      vertex 3.17188 1.83129 55.8801
      vertex 3.38378 -1.40161 55.8801
      vertex 3.38378 1.40161 55.8801
    endloop
  endfacet
  facet normal 0 0 1
    outer loop
      vertex 3.17188 1.83129 55.8801
      vertex 3.17188 -1.83129 55.8801
      vertex 3.38378 -1.40161 55.8801
    endloop
  endfacet
  facet normal 0 0 1
    outer loop
      vertex 2.90572 2.22963 55.8801
      vertex 3.17188 -1.83129 55.8801
      vertex 3.17188 1.83129 55.8801
    endloop
  endfacet
  facet normal 0 0 1
    outer loop
      vertex 2.90572 2.22963 55.8801
      vertex 2.90572 -2.22963 55.8801
      vertex 3.17188 -1.83129 55.8801
    endloop
  endfacet
  facet normal 0 0 1
    outer loop
      vertex 2.58983 2.58983 55.8801
      vertex 2.90572 -2.22963 55.8801
      vertex 2.90572 2.22963 55.8801
    endloop
  endfacet
  facet normal 0 0 1
    outer loop
      vertex 2.58983 2.58983 55.8801
      vertex 2.58983 -2.58983 55.8801
      vertex 2.90572 -2.22963 55.8801
    endloop
  endfacet
  facet normal 0 0 1
    outer loop
      vertex 2.22963 2.90572 55.8801
      vertex 2.58983 -2.58983 55.8801
      vertex 2.58983 2.58983 55.8801
    endloop
  endfacet
  facet normal 0 0 1
    outer loop
      vertex 2.22963 2.90572 55.8801
      vertex 2.22963 -2.90572 55.8801
      vertex 2.58983 -2.58983 55.8801
    endloop
  endfacet
  facet normal 0 0 1
    outer loop
      vertex 1.83129 3.17188 55.8801
      vertex 2.22963 -2.90572 55.8801
      vertex 2.22963 2.90572 55.8801
    endloop
  endfacet
  facet normal 0 0 1
    outer loop
      vertex 1.83129 3.17188 55.8801
      vertex 1.83129 -3.17188 55.8801
      vertex 2.22963 -2.90572 55.8801
    endloop
  endfacet
  facet normal 0 0 1
    outer loop
      vertex 1.40161 3.38378 55.8801
      vertex 1.83129 -3.17188 55.8801
      vertex 1.83129 3.17188 55.8801
    endloop
  endfacet
  facet normal 0 0 1
    outer loop
      vertex 1.40161 3.38378 55.8801
      vertex 1.40161 -3.38378 55.8801
      vertex 1.83129 -3.17188 55.8801
    endloop
  endfacet
  facet normal 0 0 1
    outer loop
      vertex 0.947944 3.53778 55.8801
      vertex 1.40161 -3.38378 55.8801
      vertex 1.40161 3.38378 55.8801
    endloop
  endfacet
  facet normal 0 0 1
    outer loop
      vertex 0.947944 3.53778 55.8801
      vertex 0.947944 -3.53778 55.8801
      vertex 1.40161 -3.38378 55.8801
    endloop
  endfacet
  facet normal 0 0 1
    outer loop
      vertex 0.478062 3.63124 55.8801
      vertex 0.947944 -3.53778 55.8801
      vertex 0.947944 3.53778 55.8801
    endloop
  endfacet
  facet normal 0 0 1
    outer loop
      vertex 0.478062 3.63124 55.8801
      vertex 0.478062 -3.63124 55.8801
      vertex 0.947944 -3.53778 55.8801
    endloop
  endfacet
  facet normal 0 0 1
    outer loop
      vertex 0 3.66258 55.8801
      vertex 0.478062 -3.63124 55.8801
      vertex 0.478062 3.63124 55.8801
    endloop
  endfacet
  facet normal 0 0 1
    outer loop
      vertex 0 3.66258 55.8801
      vertex -0 -3.66258 55.8801
      vertex 0.478062 -3.63124 55.8801
    endloop
  endfacet
  facet normal -0 0 1
    outer loop
      vertex -0.478062 3.63124 55.8801
      vertex -0 -3.66258 55.8801
      vertex 0 3.66258 55.8801
    endloop
  endfacet
  facet normal 0 0 1
    outer loop
      vertex -0.478062 3.63124 55.8801
      vertex -0.478062 -3.63124 55.8801
      vertex -0 -3.66258 55.8801
    endloop
  endfacet
  facet normal -0 0 1
    outer loop
      vertex -0.947944 3.53778 55.8801
      vertex -0.478062 -3.63124 55.8801
      vertex -0.478062 3.63124 55.8801
    endloop
  endfacet
  facet normal 0 0 1
    outer loop
      vertex -0.947944 3.53778 55.8801
      vertex -0.947944 -3.53778 55.8801
      vertex -0.478062 -3.63124 55.8801
    endloop
  endfacet
  facet normal -0 0 1
    outer loop
      vertex -1.40161 3.38378 55.8801
      vertex -0.947944 -3.53778 55.8801
      vertex -0.947944 3.53778 55.8801
    endloop
  endfacet
  facet normal 0 0 1
    outer loop
      vertex -1.40161 3.38378 55.8801
      vertex -1.40161 -3.38378 55.8801
      vertex -0.947944 -3.53778 55.8801
    endloop
  endfacet
  facet normal -0 0 1
    outer loop
      vertex -1.83129 3.17188 55.8801
      vertex -1.40161 -3.38378 55.8801
      vertex -1.40161 3.38378 55.8801
    endloop
  endfacet
  facet normal 0 0 1
    outer loop
      vertex -1.83129 3.17188 55.8801
      vertex -1.83129 -3.17188 55.8801
      vertex -1.40161 -3.38378 55.8801
    endloop
  endfacet
  facet normal -0 0 1
    outer loop
      vertex -2.22963 2.90572 55.8801
      vertex -1.83129 -3.17188 55.8801
      vertex -1.83129 3.17188 55.8801
    endloop
  endfacet
  facet normal 0 0 1
    outer loop
      vertex -2.22963 2.90572 55.8801
      vertex -2.22963 -2.90572 55.8801
      vertex -1.83129 -3.17188 55.8801
    endloop
  endfacet
  facet normal -0 0 1
    outer loop
      vertex -2.58983 2.58983 55.8801
      vertex -2.22963 -2.90572 55.8801
      vertex -2.22963 2.90572 55.8801
    endloop
  endfacet
  facet normal 0 0 1
    outer loop
      vertex -2.58983 2.58983 55.8801
      vertex -2.58983 -2.58983 55.8801
      vertex -2.22963 -2.90572 55.8801
    endloop
  endfacet
  facet normal -0 0 1
    outer loop
      vertex -2.90572 2.22963 55.8801
      vertex -2.58983 -2.58983 55.8801
      vertex -2.58983 2.58983 55.8801
    endloop
  endfacet
  facet normal 0 0 1
    outer loop
      vertex -2.90572 2.22963 55.8801
      vertex -2.90572 -2.22963 55.8801
      vertex -2.58983 -2.58983 55.8801
    endloop
  endfacet
  facet normal -0 0 1
    outer loop
      vertex -3.17188 1.83129 55.8801
      vertex -2.90572 -2.22963 55.8801
      vertex -2.90572 2.22963 55.8801
    endloop
  endfacet
  facet normal 0 0 1
    outer loop
      vertex -3.17188 1.83129 55.8801
      vertex -3.17188 -1.83129 55.8801
      vertex -2.90572 -2.22963 55.8801
    endloop
  endfacet
  facet normal -0 0 1
    outer loop
      vertex -3.38378 1.40161 55.8801
      vertex -3.17188 -1.83129 55.8801
      vertex -3.17188 1.83129 55.8801
    endloop
  endfacet
  facet normal 0 0 1
    outer loop
      vertex -3.38378 1.40161 55.8801
      vertex -3.38378 -1.40161 55.8801
      vertex -3.17188 -1.83129 55.8801
    endloop
  endfacet
  facet normal -0 0 1
    outer loop
      vertex -3.53778 0.947944 55.8801
      vertex -3.38378 -1.40161 55.8801
      vertex -3.38378 1.40161 55.8801
    endloop
  endfacet
  facet normal 0 0 1
    outer loop
      vertex -3.53778 0.947944 55.8801
      vertex -3.53778 -0.947944 55.8801
      vertex -3.38378 -1.40161 55.8801
    endloop
  endfacet
  facet normal -0 0 1
    outer loop
      vertex -3.63124 0.478062 55.8801
      vertex -3.53778 -0.947944 55.8801
      vertex -3.53778 0.947944 55.8801
    endloop
  endfacet
  facet normal 0 0 1
    outer loop
      vertex -3.63124 0.478062 55.8801
      vertex -3.63124 -0.478062 55.8801
      vertex -3.53778 -0.947944 55.8801
    endloop
  endfacet
  facet normal 0 -0 1
    outer loop
      vertex -3.63124 -0.478062 55.8801
      vertex -3.63124 0.478062 55.8801
      vertex -3.66258 -0 55.8801
    endloop
  endfacet
  facet normal 0.130518 0.00855772 0.991409
    outer loop
      vertex 10.9251 0 54.924
      vertex 10.8316 1.42601 54.924
      vertex 3.66258 0 55.8801
    endloop
  endfacet
  facet normal 0.130518 0.00855627 0.991409
    outer loop
      vertex 10.8316 1.42601 54.924
      vertex 3.63124 0.478062 55.8801
      vertex 3.66258 0 55.8801
    endloop
  endfacet
  facet normal 0.128285 0.0255178 0.991409
    outer loop
      vertex 10.8316 1.42601 54.924
      vertex 10.5528 2.82761 54.924
      vertex 3.63124 0.478062 55.8801
    endloop
  endfacet
  facet normal 0.128285 0.0255161 0.991409
    outer loop
      vertex 10.5528 2.82761 54.924
      vertex 3.53778 0.947944 55.8801
      vertex 3.63124 0.478062 55.8801
    endloop
  endfacet
  facet normal 0.123856 0.0420471 0.991409
    outer loop
      vertex 10.5528 2.82761 54.924
      vertex 10.0934 4.18084 54.924
      vertex 3.53778 0.947944 55.8801
    endloop
  endfacet
  facet normal 0.123857 0.0420442 0.991409
    outer loop
      vertex 10.0934 4.18084 54.924
      vertex 3.38378 1.40161 55.8801
      vertex 3.53778 0.947944 55.8801
    endloop
  endfacet
  facet normal 0.117311 0.0578479 0.991409
    outer loop
      vertex 10.0934 4.18084 54.924
      vertex 9.46138 5.46253 54.924
      vertex 3.38378 1.40161 55.8801
    endloop
  endfacet
  facet normal 0.117309 0.0578517 0.991409
    outer loop
      vertex 9.46138 5.46253 54.924
      vertex 3.17188 1.83129 55.8801
      vertex 3.38378 1.40161 55.8801
    endloop
  endfacet
  facet normal 0.108754 0.072668 0.991409
    outer loop
      vertex 9.46138 5.46253 54.924
      vertex 8.66743 6.65075 54.924
      vertex 3.17188 1.83129 55.8801
    endloop
  endfacet
  facet normal 0.108755 0.0726672 0.991409
    outer loop
      vertex 8.66743 6.65075 54.924
      vertex 2.90572 2.22963 55.8801
      vertex 3.17188 1.83129 55.8801
    endloop
  endfacet
  facet normal 0.0983394 0.0862413 0.991409
    outer loop
      vertex 8.66743 6.65075 54.924
      vertex 7.72518 7.72518 54.924
      vertex 2.90572 2.22963 55.8801
    endloop
  endfacet
  facet normal 0.0983389 0.0862417 0.991409
    outer loop
      vertex 7.72518 7.72518 54.924
      vertex 2.58983 2.58983 55.8801
      vertex 2.90572 2.22963 55.8801
    endloop
  endfacet
  facet normal 0.0862413 0.0983393 0.991409
    outer loop
      vertex 7.72518 7.72518 54.924
      vertex 6.65075 8.66743 54.924
      vertex 2.58983 2.58983 55.8801
    endloop
  endfacet
  facet normal 0.0862418 0.098339 0.991409
    outer loop
      vertex 6.65075 8.66743 54.924
      vertex 2.22963 2.90572 55.8801
      vertex 2.58983 2.58983 55.8801
    endloop
  endfacet
  facet normal 0.0726681 0.108755 0.991409
    outer loop
      vertex 6.65075 8.66743 54.924
      vertex 5.46253 9.46138 54.924
      vertex 2.22963 2.90572 55.8801
    endloop
  endfacet
  facet normal 0.0726671 0.108755 0.991409
    outer loop
      vertex 5.46253 9.46138 54.924
      vertex 1.83129 3.17188 55.8801
      vertex 2.22963 2.90572 55.8801
    endloop
  endfacet
  facet normal 0.0578477 0.117311 0.991409
    outer loop
      vertex 5.46253 9.46138 54.924
      vertex 4.18084 10.0934 54.924
      vertex 1.83129 3.17188 55.8801
    endloop
  endfacet
  facet normal 0.0578521 0.117309 0.991409
    outer loop
      vertex 4.18084 10.0934 54.924
      vertex 1.40161 3.38378 55.8801
      vertex 1.83129 3.17188 55.8801
    endloop
  endfacet
  facet normal 0.0420472 0.123856 0.991409
    outer loop
      vertex 4.18084 10.0934 54.924
      vertex 2.82761 10.5528 54.924
      vertex 1.40161 3.38378 55.8801
    endloop
  endfacet
  facet normal 0.042044 0.123857 0.991409
    outer loop
      vertex 2.82761 10.5528 54.924
      vertex 0.947944 3.53778 55.8801
      vertex 1.40161 3.38378 55.8801
    endloop
  endfacet
  facet normal 0.0255179 0.128285 0.991409
    outer loop
      vertex 2.82761 10.5528 54.924
      vertex 1.42601 10.8316 54.924
      vertex 0.947944 3.53778 55.8801
    endloop
  endfacet
  facet normal 0.025516 0.128285 0.991409
    outer loop
      vertex 1.42601 10.8316 54.924
      vertex 0.478062 3.63124 55.8801
      vertex 0.947944 3.53778 55.8801
    endloop
  endfacet
  facet normal 0.00855772 0.130518 0.991409
    outer loop
      vertex 1.42601 10.8316 54.924
      vertex 0 10.9251 54.924
      vertex 0.478062 3.63124 55.8801
    endloop
  endfacet
  facet normal 0.00855625 0.130518 0.991409
    outer loop
      vertex 0 10.9251 54.924
      vertex 0 3.66258 55.8801
      vertex 0.478062 3.63124 55.8801
    endloop
  endfacet
  facet normal -0.00855772 0.130518 0.991409
    outer loop
      vertex 0 10.9251 54.924
      vertex -1.42601 10.8316 54.924
      vertex 0 3.66258 55.8801
    endloop
  endfacet
  facet normal -0.00855627 0.130518 0.991409
    outer loop
      vertex -1.42601 10.8316 54.924
      vertex -0.478062 3.63124 55.8801
      vertex 0 3.66258 55.8801
    endloop
  endfacet
  facet normal -0.0255178 0.128285 0.991409
    outer loop
      vertex -1.42601 10.8316 54.924
      vertex -2.82761 10.5528 54.924
      vertex -0.478062 3.63124 55.8801
    endloop
  endfacet
  facet normal -0.0255161 0.128285 0.991409
    outer loop
      vertex -2.82761 10.5528 54.924
      vertex -0.947944 3.53778 55.8801
      vertex -0.478062 3.63124 55.8801
    endloop
  endfacet
  facet normal -0.0420471 0.123856 0.991409
    outer loop
      vertex -2.82761 10.5528 54.924
      vertex -4.18084 10.0934 54.924
      vertex -0.947944 3.53778 55.8801
    endloop
  endfacet
  facet normal -0.0420442 0.123857 0.991409
    outer loop
      vertex -4.18084 10.0934 54.924
      vertex -1.40161 3.38378 55.8801
      vertex -0.947944 3.53778 55.8801
    endloop
  endfacet
  facet normal -0.0578479 0.117311 0.991409
    outer loop
      vertex -4.18084 10.0934 54.924
      vertex -5.46253 9.46138 54.924
      vertex -1.40161 3.38378 55.8801
    endloop
  endfacet
  facet normal -0.0578517 0.117309 0.991409
    outer loop
      vertex -5.46253 9.46138 54.924
      vertex -1.83129 3.17188 55.8801
      vertex -1.40161 3.38378 55.8801
    endloop
  endfacet
  facet normal -0.072668 0.108754 0.991409
    outer loop
      vertex -5.46253 9.46138 54.924
      vertex -6.65075 8.66743 54.924
      vertex -1.83129 3.17188 55.8801
    endloop
  endfacet
  facet normal -0.0726672 0.108755 0.991409
    outer loop
      vertex -6.65075 8.66743 54.924
      vertex -2.22963 2.90572 55.8801
      vertex -1.83129 3.17188 55.8801
    endloop
  endfacet
  facet normal -0.0862413 0.0983394 0.991409
    outer loop
      vertex -6.65075 8.66743 54.924
      vertex -7.72518 7.72518 54.924
      vertex -2.22963 2.90572 55.8801
    endloop
  endfacet
  facet normal -0.0862417 0.0983389 0.991409
    outer loop
      vertex -7.72518 7.72518 54.924
      vertex -2.58983 2.58983 55.8801
      vertex -2.22963 2.90572 55.8801
    endloop
  endfacet
  facet normal -0.0983393 0.0862413 0.991409
    outer loop
      vertex -7.72518 7.72518 54.924
      vertex -8.66743 6.65075 54.924
      vertex -2.58983 2.58983 55.8801
    endloop
  endfacet
  facet normal -0.098339 0.0862418 0.991409
    outer loop
      vertex -8.66743 6.65075 54.924
      vertex -2.90572 2.22963 55.8801
      vertex -2.58983 2.58983 55.8801
    endloop
  endfacet
  facet normal -0.108755 0.0726681 0.991409
    outer loop
      vertex -8.66743 6.65075 54.924
      vertex -9.46138 5.46253 54.924
      vertex -2.90572 2.22963 55.8801
    endloop
  endfacet
  facet normal -0.108755 0.0726671 0.991409
    outer loop
      vertex -9.46138 5.46253 54.924
      vertex -3.17188 1.83129 55.8801
      vertex -2.90572 2.22963 55.8801
    endloop
  endfacet
  facet normal -0.117311 0.0578477 0.991409
    outer loop
      vertex -9.46138 5.46253 54.924
      vertex -10.0934 4.18084 54.924
      vertex -3.17188 1.83129 55.8801
    endloop
  endfacet
  facet normal -0.117309 0.0578521 0.991409
    outer loop
      vertex -10.0934 4.18084 54.924
      vertex -3.38378 1.40161 55.8801
      vertex -3.17188 1.83129 55.8801
    endloop
  endfacet
  facet normal -0.123856 0.0420472 0.991409
    outer loop
      vertex -10.0934 4.18084 54.924
      vertex -10.5528 2.82761 54.924
      vertex -3.38378 1.40161 55.8801
    endloop
  endfacet
  facet normal -0.123857 0.042044 0.991409
    outer loop
      vertex -10.5528 2.82761 54.924
      vertex -3.53778 0.947944 55.8801
      vertex -3.38378 1.40161 55.8801
    endloop
  endfacet
  facet normal -0.128285 0.0255179 0.991409
    outer loop
      vertex -10.5528 2.82761 54.924
      vertex -10.8316 1.42601 54.924
      vertex -3.53778 0.947944 55.8801
    endloop
  endfacet
  facet normal -0.128285 0.025516 0.991409
    outer loop
      vertex -10.8316 1.42601 54.924
      vertex -3.63124 0.478062 55.8801
      vertex -3.53778 0.947944 55.8801
    endloop
  endfacet
  facet normal -0.130518 0.00855772 0.991409
    outer loop
      vertex -10.8316 1.42601 54.924
      vertex -10.9251 -0 54.924
      vertex -3.63124 0.478062 55.8801
    endloop
  endfacet
  facet normal -0.130518 0.00855625 0.991409
    outer loop
      vertex -10.9251 -0 54.924
      vertex -3.66258 -0 55.8801
      vertex -3.63124 0.478062 55.8801
    endloop
  endfacet
  facet normal -0.130518 -0.00855772 0.991409
    outer loop
      vertex -10.9251 -0 54.924
      vertex -10.8316 -1.42601 54.924
      vertex -3.66258 -0 55.8801
    endloop
  endfacet
  facet normal -0.130518 -0.00855627 0.991409
    outer loop
      vertex -10.8316 -1.42601 54.924
      vertex -3.63124 -0.478062 55.8801
      vertex -3.66258 -0 55.8801
    endloop
  endfacet
  facet normal -0.128285 -0.0255178 0.991409
    outer loop
      vertex -10.8316 -1.42601 54.924
      vertex -10.5528 -2.82761 54.924
      vertex -3.63124 -0.478062 55.8801
    endloop
  endfacet
  facet normal -0.128285 -0.0255161 0.991409
    outer loop
      vertex -10.5528 -2.82761 54.924
      vertex -3.53778 -0.947944 55.8801
      vertex -3.63124 -0.478062 55.8801
    endloop
  endfacet
  facet normal -0.123856 -0.0420471 0.991409
    outer loop
      vertex -10.5528 -2.82761 54.924
      vertex -10.0934 -4.18084 54.924
      vertex -3.53778 -0.947944 55.8801
    endloop
  endfacet
  facet normal -0.123857 -0.0420442 0.991409
    outer loop
      vertex -10.0934 -4.18084 54.924
      vertex -3.38378 -1.40161 55.8801
      vertex -3.53778 -0.947944 55.8801
    endloop
  endfacet
  facet normal -0.117311 -0.0578479 0.991409
    outer loop
      vertex -10.0934 -4.18084 54.924
      vertex -9.46138 -5.46253 54.924
      vertex -3.38378 -1.40161 55.8801
    endloop
  endfacet
  facet normal -0.117309 -0.0578517 0.991409
    outer loop
      vertex -9.46138 -5.46253 54.924
      vertex -3.17188 -1.83129 55.8801
      vertex -3.38378 -1.40161 55.8801
    endloop
  endfacet
  facet normal -0.108754 -0.072668 0.991409
    outer loop
      vertex -9.46138 -5.46253 54.924
      vertex -8.66743 -6.65075 54.924
      vertex -3.17188 -1.83129 55.8801
    endloop
  endfacet
  facet normal -0.108755 -0.0726672 0.991409
    outer loop
      vertex -8.66743 -6.65075 54.924
      vertex -2.90572 -2.22963 55.8801
      vertex -3.17188 -1.83129 55.8801
    endloop
  endfacet
  facet normal -0.0983394 -0.0862413 0.991409
    outer loop
      vertex -8.66743 -6.65075 54.924
      vertex -7.72518 -7.72518 54.924
      vertex -2.90572 -2.22963 55.8801
    endloop
  endfacet
  facet normal -0.0983389 -0.0862417 0.991409
    outer loop
      vertex -7.72518 -7.72518 54.924
      vertex -2.58983 -2.58983 55.8801
      vertex -2.90572 -2.22963 55.8801
    endloop
  endfacet
  facet normal -0.0862413 -0.0983393 0.991409
    outer loop
      vertex -7.72518 -7.72518 54.924
      vertex -6.65075 -8.66743 54.924
      vertex -2.58983 -2.58983 55.8801
    endloop
  endfacet
  facet normal -0.0862418 -0.098339 0.991409
    outer loop
      vertex -6.65075 -8.66743 54.924
      vertex -2.22963 -2.90572 55.8801
      vertex -2.58983 -2.58983 55.8801
    endloop
  endfacet
  facet normal -0.0726681 -0.108755 0.991409
    outer loop
      vertex -6.65075 -8.66743 54.924
      vertex -5.46253 -9.46138 54.924
      vertex -2.22963 -2.90572 55.8801
    endloop
  endfacet
  facet normal -0.0726671 -0.108755 0.991409
    outer loop
      vertex -5.46253 -9.46138 54.924
      vertex -1.83129 -3.17188 55.8801
      vertex -2.22963 -2.90572 55.8801
    endloop
  endfacet
  facet normal -0.0578477 -0.117311 0.991409
    outer loop
      vertex -5.46253 -9.46138 54.924
      vertex -4.18084 -10.0934 54.924
      vertex -1.83129 -3.17188 55.8801
    endloop
  endfacet
  facet normal -0.0578521 -0.117309 0.991409
    outer loop
      vertex -4.18084 -10.0934 54.924
      vertex -1.40161 -3.38378 55.8801
      vertex -1.83129 -3.17188 55.8801
    endloop
  endfacet
  facet normal -0.0420472 -0.123856 0.991409
    outer loop
      vertex -4.18084 -10.0934 54.924
      vertex -2.82761 -10.5528 54.924
      vertex -1.40161 -3.38378 55.8801
    endloop
  endfacet
  facet normal -0.042044 -0.123857 0.991409
    outer loop
      vertex -2.82761 -10.5528 54.924
      vertex -0.947944 -3.53778 55.8801
      vertex -1.40161 -3.38378 55.8801
    endloop
  endfacet
  facet normal -0.0255179 -0.128285 0.991409
    outer loop
      vertex -2.82761 -10.5528 54.924
      vertex -1.42601 -10.8316 54.924
      vertex -0.947944 -3.53778 55.8801
    endloop
  endfacet
  facet normal -0.025516 -0.128285 0.991409
    outer loop
      vertex -1.42601 -10.8316 54.924
      vertex -0.478062 -3.63124 55.8801
      vertex -0.947944 -3.53778 55.8801
    endloop
  endfacet
  facet normal -0.00855772 -0.130518 0.991409
    outer loop
      vertex -1.42601 -10.8316 54.924
      vertex -0 -10.9251 54.924
      vertex -0.478062 -3.63124 55.8801
    endloop
  endfacet
  facet normal -0.00855625 -0.130518 0.991409
    outer loop
      vertex -0 -10.9251 54.924
      vertex -0 -3.66258 55.8801
      vertex -0.478062 -3.63124 55.8801
    endloop
  endfacet
  facet normal 0.00855772 -0.130518 0.991409
    outer loop
      vertex -0 -10.9251 54.924
      vertex 1.42601 -10.8316 54.924
      vertex -0 -3.66258 55.8801
    endloop
  endfacet
  facet normal 0.00855627 -0.130518 0.991409
    outer loop
      vertex 1.42601 -10.8316 54.924
      vertex 0.478062 -3.63124 55.8801
      vertex -0 -3.66258 55.8801
    endloop
  endfacet
  facet normal 0.0255178 -0.128285 0.991409
    outer loop
      vertex 1.42601 -10.8316 54.924
      vertex 2.82761 -10.5528 54.924
      vertex 0.478062 -3.63124 55.8801
    endloop
  endfacet
  facet normal 0.0255161 -0.128285 0.991409
    outer loop
      vertex 2.82761 -10.5528 54.924
      vertex 0.947944 -3.53778 55.8801
      vertex 0.478062 -3.63124 55.8801
    endloop
  endfacet
  facet normal 0.0420471 -0.123856 0.991409
    outer loop
      vertex 2.82761 -10.5528 54.924
      vertex 4.18084 -10.0934 54.924
      vertex 0.947944 -3.53778 55.8801
    endloop
  endfacet
  facet normal 0.0420442 -0.123857 0.991409
    outer loop
      vertex 4.18084 -10.0934 54.924
      vertex 1.40161 -3.38378 55.8801
      vertex 0.947944 -3.53778 55.8801
    endloop
  endfacet
  facet normal 0.0578479 -0.117311 0.991409
    outer loop
      vertex 4.18084 -10.0934 54.924
      vertex 5.46253 -9.46138 54.924
      vertex 1.40161 -3.38378 55.8801
    endloop
  endfacet
  facet normal 0.0578517 -0.117309 0.991409
    outer loop
      vertex 5.46253 -9.46138 54.924
      vertex 1.83129 -3.17188 55.8801
      vertex 1.40161 -3.38378 55.8801
    endloop
  endfacet
  facet normal 0.072668 -0.108754 0.991409
    outer loop
      vertex 5.46253 -9.46138 54.924
      vertex 6.65075 -8.66743 54.924
      vertex 1.83129 -3.17188 55.8801
    endloop
  endfacet
  facet normal 0.0726672 -0.108755 0.991409
    outer loop
      vertex 6.65075 -8.66743 54.924
      vertex 2.22963 -2.90572 55.8801
      vertex 1.83129 -3.17188 55.8801
    endloop
  endfacet
  facet normal 0.0862413 -0.0983394 0.991409
    outer loop
      vertex 6.65075 -8.66743 54.924
      vertex 7.72518 -7.72518 54.924
      vertex 2.22963 -2.90572 55.8801
    endloop
  endfacet
  facet normal 0.0862417 -0.0983389 0.991409
    outer loop
      vertex 7.72518 -7.72518 54.924
      vertex 2.58983 -2.58983 55.8801
      vertex 2.22963 -2.90572 55.8801
    endloop
  endfacet
  facet normal 0.0983393 -0.0862413 0.991409
    outer loop
      vertex 7.72518 -7.72518 54.924
      vertex 8.66743 -6.65075 54.924
      vertex 2.58983 -2.58983 55.8801
    endloop
  endfacet
  facet normal 0.098339 -0.0862418 0.991409
    outer loop
      vertex 8.66743 -6.65075 54.924
      vertex 2.90572 -2.22963 55.8801
      vertex 2.58983 -2.58983 55.8801
    endloop
  endfacet
  facet normal 0.108755 -0.0726681 0.991409
    outer loop
      vertex 8.66743 -6.65075 54.924
      vertex 9.46138 -5.46253 54.924
      vertex 2.90572 -2.22963 55.8801
    endloop
  endfacet
  facet normal 0.108755 -0.0726671 0.991409
    outer loop
      vertex 9.46138 -5.46253 54.924
      vertex 3.17188 -1.83129 55.8801
      vertex 2.90572 -2.22963 55.8801
    endloop
  endfacet
  facet normal 0.117311 -0.0578477 0.991409
    outer loop
      vertex 9.46138 -5.46253 54.924
      vertex 10.0934 -4.18084 54.924
      vertex 3.17188 -1.83129 55.8801
    endloop
  endfacet
  facet normal 0.117309 -0.0578521 0.991409
    outer loop
      vertex 10.0934 -4.18084 54.924
      vertex 3.38378 -1.40161 55.8801
      vertex 3.17188 -1.83129 55.8801
    endloop
  endfacet
  facet normal 0.123856 -0.0420472 0.991409
    outer loop
      vertex 10.0934 -4.18084 54.924
      vertex 10.5528 -2.82761 54.924
      vertex 3.38378 -1.40161 55.8801
    endloop
  endfacet
  facet normal 0.123857 -0.042044 0.991409
    outer loop
      vertex 10.5528 -2.82761 54.924
      vertex 3.53778 -0.947944 55.8801
      vertex 3.38378 -1.40161 55.8801
    endloop
  endfacet
  facet normal 0.128285 -0.0255179 0.991409
    outer loop
      vertex 10.5528 -2.82761 54.924
      vertex 10.8316 -1.42601 54.924
      vertex 3.53778 -0.947944 55.8801
    endloop
  endfacet
  facet normal 0.128285 -0.025516 0.991409
    outer loop
      vertex 10.8316 -1.42601 54.924
      vertex 3.63124 -0.478062 55.8801
      vertex 3.53778 -0.947944 55.8801
    endloop
  endfacet
  facet normal 0.130518 -0.00855772 0.991409
    outer loop
      vertex 10.8316 -1.42601 54.924
      vertex 10.9251 0 54.924
      vertex 3.63124 -0.478062 55.8801
    endloop
  endfacet
  facet normal 0.130518 -0.00855625 0.991409
    outer loop
      vertex 10.9251 0 54.924
      vertex 3.66258 0 55.8801
      vertex 3.63124 -0.478062 55.8801
    endloop
  endfacet
  facet normal 0.258785 0.0169619 0.965786
    outer loop
      vertex 18.0006 0 53.0281
      vertex 17.8466 2.34955 53.0281
      vertex 10.9251 0 54.924
    endloop
  endfacet
  facet normal 0.258783 0.0169678 0.965786
    outer loop
      vertex 17.8466 2.34955 53.0281
      vertex 10.8316 1.42601 54.924
      vertex 10.9251 0 54.924
    endloop
  endfacet
  facet normal 0.254357 0.0505883 0.965786
    outer loop
      vertex 17.8466 2.34955 53.0281
      vertex 17.3873 4.6589 53.0281
      vertex 10.8316 1.42601 54.924
    endloop
  endfacet
  facet normal 0.254354 0.0505949 0.965787
    outer loop
      vertex 17.3873 4.6589 53.0281
      vertex 10.5528 2.82761 54.924
      vertex 10.8316 1.42601 54.924
    endloop
  endfacet
  facet normal 0.245573 0.0833652 0.965787
    outer loop
      vertex 17.3873 4.6589 53.0281
      vertex 16.6304 6.88854 53.0281
      vertex 10.5528 2.82761 54.924
    endloop
  endfacet
  facet normal 0.245572 0.0833676 0.965787
    outer loop
      vertex 16.6304 6.88854 53.0281
      vertex 10.0934 4.18084 54.924
      vertex 10.5528 2.82761 54.924
    endloop
  endfacet
  facet normal 0.232593 0.114701 0.965787
    outer loop
      vertex 16.6304 6.88854 53.0281
      vertex 15.589 9.00031 53.0281
      vertex 10.0934 4.18084 54.924
    endloop
  endfacet
  facet normal 0.232596 0.114697 0.965786
    outer loop
      vertex 15.589 9.00031 53.0281
      vertex 9.46138 5.46253 54.924
      vertex 10.0934 4.18084 54.924
    endloop
  endfacet
  facet normal 0.21563 0.144084 0.965787
    outer loop
      vertex 15.589 9.00031 53.0281
      vertex 14.2808 10.9581 53.0281
      vertex 9.46138 5.46253 54.924
    endloop
  endfacet
  facet normal 0.215632 0.144082 0.965786
    outer loop
      vertex 14.2808 10.9581 53.0281
      vertex 8.66743 6.65075 54.924
      vertex 9.46138 5.46253 54.924
    endloop
  endfacet
  facet normal 0.194987 0.170987 0.965786
    outer loop
      vertex 14.2808 10.9581 53.0281
      vertex 12.7284 12.7284 53.0281
      vertex 8.66743 6.65075 54.924
    endloop
  endfacet
  facet normal 0.194979 0.170992 0.965787
    outer loop
      vertex 12.7284 12.7284 53.0281
      vertex 7.72518 7.72518 54.924
      vertex 8.66743 6.65075 54.924
    endloop
  endfacet
  facet normal 0.170986 0.194986 0.965787
    outer loop
      vertex 12.7284 12.7284 53.0281
      vertex 10.9581 14.2808 53.0281
      vertex 7.72518 7.72518 54.924
    endloop
  endfacet
  facet normal 0.170994 0.194981 0.965786
    outer loop
      vertex 10.9581 14.2808 53.0281
      vertex 6.65075 8.66743 54.924
      vertex 7.72518 7.72518 54.924
    endloop
  endfacet
  facet normal 0.144085 0.21563 0.965786
    outer loop
      vertex 10.9581 14.2808 53.0281
      vertex 9.00031 15.589 53.0281
      vertex 6.65075 8.66743 54.924
    endloop
  endfacet
  facet normal 0.144081 0.215631 0.965787
    outer loop
      vertex 9.00031 15.589 53.0281
      vertex 5.46253 9.46138 54.924
      vertex 6.65075 8.66743 54.924
    endloop
  endfacet
  facet normal 0.114701 0.232594 0.965787
    outer loop
      vertex 9.00031 15.589 53.0281
      vertex 6.88854 16.6304 53.0281
      vertex 5.46253 9.46138 54.924
    endloop
  endfacet
  facet normal 0.114696 0.232595 0.965787
    outer loop
      vertex 6.88854 16.6304 53.0281
      vertex 4.18084 10.0934 54.924
      vertex 5.46253 9.46138 54.924
    endloop
  endfacet
  facet normal 0.083365 0.245573 0.965787
    outer loop
      vertex 6.88854 16.6304 53.0281
      vertex 4.6589 17.3873 53.0281
      vertex 4.18084 10.0934 54.924
    endloop
  endfacet
  facet normal 0.0833679 0.245572 0.965787
    outer loop
      vertex 4.6589 17.3873 53.0281
      vertex 2.82761 10.5528 54.924
      vertex 4.18084 10.0934 54.924
    endloop
  endfacet
  facet normal 0.0505881 0.254356 0.965787
    outer loop
      vertex 4.6589 17.3873 53.0281
      vertex 2.34955 17.8466 53.0281
      vertex 2.82761 10.5528 54.924
    endloop
  endfacet
  facet normal 0.0505954 0.254356 0.965786
    outer loop
      vertex 2.34955 17.8466 53.0281
      vertex 1.42601 10.8316 54.924
      vertex 2.82761 10.5528 54.924
    endloop
  endfacet
  facet normal 0.0169619 0.258784 0.965786
    outer loop
      vertex 2.34955 17.8466 53.0281
      vertex 0 18.0006 53.0281
      vertex 1.42601 10.8316 54.924
    endloop
  endfacet
  facet normal 0.0169679 0.258785 0.965786
    outer loop
      vertex 0 18.0006 53.0281
      vertex 0 10.9251 54.924
      vertex 1.42601 10.8316 54.924
    endloop
  endfacet
  facet normal -0.0169619 0.258785 0.965786
    outer loop
      vertex 0 18.0006 53.0281
      vertex -2.34955 17.8466 53.0281
      vertex 0 10.9251 54.924
    endloop
  endfacet
  facet normal -0.0169678 0.258783 0.965786
    outer loop
      vertex -2.34955 17.8466 53.0281
      vertex -1.42601 10.8316 54.924
      vertex 0 10.9251 54.924
    endloop
  endfacet
  facet normal -0.0505883 0.254357 0.965786
    outer loop
      vertex -2.34955 17.8466 53.0281
      vertex -4.6589 17.3873 53.0281
      vertex -1.42601 10.8316 54.924
    endloop
  endfacet
  facet normal -0.0505949 0.254354 0.965787
    outer loop
      vertex -4.6589 17.3873 53.0281
      vertex -2.82761 10.5528 54.924
      vertex -1.42601 10.8316 54.924
    endloop
  endfacet
  facet normal -0.0833652 0.245573 0.965787
    outer loop
      vertex -4.6589 17.3873 53.0281
      vertex -6.88854 16.6304 53.0281
      vertex -2.82761 10.5528 54.924
    endloop
  endfacet
  facet normal -0.0833676 0.245572 0.965787
    outer loop
      vertex -6.88854 16.6304 53.0281
      vertex -4.18084 10.0934 54.924
      vertex -2.82761 10.5528 54.924
    endloop
  endfacet
  facet normal -0.114701 0.232593 0.965787
    outer loop
      vertex -6.88854 16.6304 53.0281
      vertex -9.00031 15.589 53.0281
      vertex -4.18084 10.0934 54.924
    endloop
  endfacet
  facet normal -0.114697 0.232596 0.965786
    outer loop
      vertex -9.00031 15.589 53.0281
      vertex -5.46253 9.46138 54.924
      vertex -4.18084 10.0934 54.924
    endloop
  endfacet
  facet normal -0.144084 0.21563 0.965787
    outer loop
      vertex -9.00031 15.589 53.0281
      vertex -10.9581 14.2808 53.0281
      vertex -5.46253 9.46138 54.924
    endloop
  endfacet
  facet normal -0.144082 0.215632 0.965786
    outer loop
      vertex -10.9581 14.2808 53.0281
      vertex -6.65075 8.66743 54.924
      vertex -5.46253 9.46138 54.924
    endloop
  endfacet
  facet normal -0.170987 0.194987 0.965786
    outer loop
      vertex -10.9581 14.2808 53.0281
      vertex -12.7284 12.7284 53.0281
      vertex -6.65075 8.66743 54.924
    endloop
  endfacet
  facet normal -0.170992 0.194979 0.965787
    outer loop
      vertex -12.7284 12.7284 53.0281
      vertex -7.72518 7.72518 54.924
      vertex -6.65075 8.66743 54.924
    endloop
  endfacet
  facet normal -0.194986 0.170986 0.965787
    outer loop
      vertex -12.7284 12.7284 53.0281
      vertex -14.2808 10.9581 53.0281
      vertex -7.72518 7.72518 54.924
    endloop
  endfacet
  facet normal -0.194981 0.170994 0.965786
    outer loop
      vertex -14.2808 10.9581 53.0281
      vertex -8.66743 6.65075 54.924
      vertex -7.72518 7.72518 54.924
    endloop
  endfacet
  facet normal -0.21563 0.144085 0.965786
    outer loop
      vertex -14.2808 10.9581 53.0281
      vertex -15.589 9.00031 53.0281
      vertex -8.66743 6.65075 54.924
    endloop
  endfacet
  facet normal -0.215631 0.144081 0.965787
    outer loop
      vertex -15.589 9.00031 53.0281
      vertex -9.46138 5.46253 54.924
      vertex -8.66743 6.65075 54.924
    endloop
  endfacet
  facet normal -0.232594 0.114701 0.965787
    outer loop
      vertex -15.589 9.00031 53.0281
      vertex -16.6304 6.88854 53.0281
      vertex -9.46138 5.46253 54.924
    endloop
  endfacet
  facet normal -0.232595 0.114696 0.965787
    outer loop
      vertex -16.6304 6.88854 53.0281
      vertex -10.0934 4.18084 54.924
      vertex -9.46138 5.46253 54.924
    endloop
  endfacet
  facet normal -0.245573 0.083365 0.965787
    outer loop
      vertex -16.6304 6.88854 53.0281
      vertex -17.3873 4.6589 53.0281
      vertex -10.0934 4.18084 54.924
    endloop
  endfacet
  facet normal -0.245572 0.0833679 0.965787
    outer loop
      vertex -17.3873 4.6589 53.0281
      vertex -10.5528 2.82761 54.924
      vertex -10.0934 4.18084 54.924
    endloop
  endfacet
  facet normal -0.254356 0.0505881 0.965787
    outer loop
      vertex -17.3873 4.6589 53.0281
      vertex -17.8466 2.34955 53.0281
      vertex -10.5528 2.82761 54.924
    endloop
  endfacet
  facet normal -0.254356 0.0505954 0.965786
    outer loop
      vertex -17.8466 2.34955 53.0281
      vertex -10.8316 1.42601 54.924
      vertex -10.5528 2.82761 54.924
    endloop
  endfacet
  facet normal -0.258784 0.0169619 0.965786
    outer loop
      vertex -17.8466 2.34955 53.0281
      vertex -18.0006 -0 53.0281
      vertex -10.8316 1.42601 54.924
    endloop
  endfacet
  facet normal -0.258785 0.0169679 0.965786
    outer loop
      vertex -18.0006 -0 53.0281
      vertex -10.9251 -0 54.924
      vertex -10.8316 1.42601 54.924
    endloop
  endfacet
  facet normal -0.258785 -0.0169619 0.965786
    outer loop
      vertex -18.0006 -0 53.0281
      vertex -17.8466 -2.34955 53.0281
      vertex -10.9251 -0 54.924
    endloop
  endfacet
  facet normal -0.258783 -0.0169678 0.965786
    outer loop
      vertex -17.8466 -2.34955 53.0281
      vertex -10.8316 -1.42601 54.924
      vertex -10.9251 -0 54.924
    endloop
  endfacet
  facet normal -0.254357 -0.0505883 0.965786
    outer loop
      vertex -17.8466 -2.34955 53.0281
      vertex -17.3873 -4.6589 53.0281
      vertex -10.8316 -1.42601 54.924
    endloop
  endfacet
  facet normal -0.254354 -0.0505949 0.965787
    outer loop
      vertex -17.3873 -4.6589 53.0281
      vertex -10.5528 -2.82761 54.924
      vertex -10.8316 -1.42601 54.924
    endloop
  endfacet
  facet normal -0.245573 -0.0833652 0.965787
    outer loop
      vertex -17.3873 -4.6589 53.0281
      vertex -16.6304 -6.88854 53.0281
      vertex -10.5528 -2.82761 54.924
    endloop
  endfacet
  facet normal -0.245572 -0.0833676 0.965787
    outer loop
      vertex -16.6304 -6.88854 53.0281
      vertex -10.0934 -4.18084 54.924
      vertex -10.5528 -2.82761 54.924
    endloop
  endfacet
  facet normal -0.232593 -0.114701 0.965787
    outer loop
      vertex -16.6304 -6.88854 53.0281
      vertex -15.589 -9.00031 53.0281
      vertex -10.0934 -4.18084 54.924
    endloop
  endfacet
  facet normal -0.232596 -0.114697 0.965786
    outer loop
      vertex -15.589 -9.00031 53.0281
      vertex -9.46138 -5.46253 54.924
      vertex -10.0934 -4.18084 54.924
    endloop
  endfacet
  facet normal -0.21563 -0.144084 0.965787
    outer loop
      vertex -15.589 -9.00031 53.0281
      vertex -14.2808 -10.9581 53.0281
      vertex -9.46138 -5.46253 54.924
    endloop
  endfacet
  facet normal -0.215632 -0.144082 0.965786
    outer loop
      vertex -14.2808 -10.9581 53.0281
      vertex -8.66743 -6.65075 54.924
      vertex -9.46138 -5.46253 54.924
    endloop
  endfacet
  facet normal -0.194987 -0.170987 0.965786
    outer loop
      vertex -14.2808 -10.9581 53.0281
      vertex -12.7284 -12.7284 53.0281
      vertex -8.66743 -6.65075 54.924
    endloop
  endfacet
  facet normal -0.194979 -0.170992 0.965787
    outer loop
      vertex -12.7284 -12.7284 53.0281
      vertex -7.72518 -7.72518 54.924
      vertex -8.66743 -6.65075 54.924
    endloop
  endfacet
  facet normal -0.170986 -0.194986 0.965787
    outer loop
      vertex -12.7284 -12.7284 53.0281
      vertex -10.9581 -14.2808 53.0281
      vertex -7.72518 -7.72518 54.924
    endloop
  endfacet
  facet normal -0.170994 -0.194981 0.965786
    outer loop
      vertex -10.9581 -14.2808 53.0281
      vertex -6.65075 -8.66743 54.924
      vertex -7.72518 -7.72518 54.924
    endloop
  endfacet
  facet normal -0.144085 -0.21563 0.965786
    outer loop
      vertex -10.9581 -14.2808 53.0281
      vertex -9.00031 -15.589 53.0281
      vertex -6.65075 -8.66743 54.924
    endloop
  endfacet
  facet normal -0.144081 -0.215631 0.965787
    outer loop
      vertex -9.00031 -15.589 53.0281
      vertex -5.46253 -9.46138 54.924
      vertex -6.65075 -8.66743 54.924
    endloop
  endfacet
  facet normal -0.114701 -0.232594 0.965787
    outer loop
      vertex -9.00031 -15.589 53.0281
      vertex -6.88854 -16.6304 53.0281
      vertex -5.46253 -9.46138 54.924
    endloop
  endfacet
  facet normal -0.114696 -0.232595 0.965787
    outer loop
      vertex -6.88854 -16.6304 53.0281
      vertex -4.18084 -10.0934 54.924
      vertex -5.46253 -9.46138 54.924
    endloop
  endfacet
  facet normal -0.083365 -0.245573 0.965787
    outer loop
      vertex -6.88854 -16.6304 53.0281
      vertex -4.6589 -17.3873 53.0281
      vertex -4.18084 -10.0934 54.924
    endloop
  endfacet
  facet normal -0.0833679 -0.245572 0.965787
    outer loop
      vertex -4.6589 -17.3873 53.0281
      vertex -2.82761 -10.5528 54.924
      vertex -4.18084 -10.0934 54.924
    endloop
  endfacet
  facet normal -0.0505881 -0.254356 0.965787
    outer loop
      vertex -4.6589 -17.3873 53.0281
      vertex -2.34955 -17.8466 53.0281
      vertex -2.82761 -10.5528 54.924
    endloop
  endfacet
  facet normal -0.0505954 -0.254356 0.965786
    outer loop
      vertex -2.34955 -17.8466 53.0281
      vertex -1.42601 -10.8316 54.924
      vertex -2.82761 -10.5528 54.924
    endloop
  endfacet
  facet normal -0.0169619 -0.258784 0.965786
    outer loop
      vertex -2.34955 -17.8466 53.0281
      vertex -0 -18.0006 53.0281
      vertex -1.42601 -10.8316 54.924
    endloop
  endfacet
  facet normal -0.0169679 -0.258785 0.965786
    outer loop
      vertex -0 -18.0006 53.0281
      vertex -0 -10.9251 54.924
      vertex -1.42601 -10.8316 54.924
    endloop
  endfacet
  facet normal 0.0169619 -0.258785 0.965786
    outer loop
      vertex -0 -18.0006 53.0281
      vertex 2.34955 -17.8466 53.0281
      vertex -0 -10.9251 54.924
    endloop
  endfacet
  facet normal 0.0169678 -0.258783 0.965786
    outer loop
      vertex 2.34955 -17.8466 53.0281
      vertex 1.42601 -10.8316 54.924
      vertex -0 -10.9251 54.924
    endloop
  endfacet
  facet normal 0.0505883 -0.254357 0.965786
    outer loop
      vertex 2.34955 -17.8466 53.0281
      vertex 4.6589 -17.3873 53.0281
      vertex 1.42601 -10.8316 54.924
    endloop
  endfacet
  facet normal 0.0505949 -0.254354 0.965787
    outer loop
      vertex 4.6589 -17.3873 53.0281
      vertex 2.82761 -10.5528 54.924
      vertex 1.42601 -10.8316 54.924
    endloop
  endfacet
  facet normal 0.0833652 -0.245573 0.965787
    outer loop
      vertex 4.6589 -17.3873 53.0281
      vertex 6.88854 -16.6304 53.0281
      vertex 2.82761 -10.5528 54.924
    endloop
  endfacet
  facet normal 0.0833676 -0.245572 0.965787
    outer loop
      vertex 6.88854 -16.6304 53.0281
      vertex 4.18084 -10.0934 54.924
      vertex 2.82761 -10.5528 54.924
    endloop
  endfacet
  facet normal 0.114701 -0.232593 0.965787
    outer loop
      vertex 6.88854 -16.6304 53.0281
      vertex 9.00031 -15.589 53.0281
      vertex 4.18084 -10.0934 54.924
    endloop
  endfacet
  facet normal 0.114697 -0.232596 0.965786
    outer loop
      vertex 9.00031 -15.589 53.0281
      vertex 5.46253 -9.46138 54.924
      vertex 4.18084 -10.0934 54.924
    endloop
  endfacet
  facet normal 0.144084 -0.21563 0.965787
    outer loop
      vertex 9.00031 -15.589 53.0281
      vertex 10.9581 -14.2808 53.0281
      vertex 5.46253 -9.46138 54.924
    endloop
  endfacet
  facet normal 0.144082 -0.215632 0.965786
    outer loop
      vertex 10.9581 -14.2808 53.0281
      vertex 6.65075 -8.66743 54.924
      vertex 5.46253 -9.46138 54.924
    endloop
  endfacet
  facet normal 0.170987 -0.194987 0.965786
    outer loop
      vertex 10.9581 -14.2808 53.0281
      vertex 12.7284 -12.7284 53.0281
      vertex 6.65075 -8.66743 54.924
    endloop
  endfacet
  facet normal 0.170992 -0.194979 0.965787
    outer loop
      vertex 12.7284 -12.7284 53.0281
      vertex 7.72518 -7.72518 54.924
      vertex 6.65075 -8.66743 54.924
    endloop
  endfacet
  facet normal 0.194986 -0.170986 0.965787
    outer loop
      vertex 12.7284 -12.7284 53.0281
      vertex 14.2808 -10.9581 53.0281
      vertex 7.72518 -7.72518 54.924
    endloop
  endfacet
  facet normal 0.194981 -0.170994 0.965786
    outer loop
      vertex 14.2808 -10.9581 53.0281
      vertex 8.66743 -6.65075 54.924
      vertex 7.72518 -7.72518 54.924
    endloop
  endfacet
  facet normal 0.21563 -0.144085 0.965786
    outer loop
      vertex 14.2808 -10.9581 53.0281
      vertex 15.589 -9.00031 53.0281
      vertex 8.66743 -6.65075 54.924
    endloop
  endfacet
  facet normal 0.215631 -0.144081 0.965787
    outer loop
      vertex 15.589 -9.00031 53.0281
      vertex 9.46138 -5.46253 54.924
      vertex 8.66743 -6.65075 54.924
    endloop
  endfacet
  facet normal 0.232594 -0.114701 0.965787
    outer loop
      vertex 15.589 -9.00031 53.0281
      vertex 16.6304 -6.88854 53.0281
      vertex 9.46138 -5.46253 54.924
    endloop
  endfacet
  facet normal 0.232595 -0.114696 0.965787
    outer loop
      vertex 16.6304 -6.88854 53.0281
      vertex 10.0934 -4.18084 54.924
      vertex 9.46138 -5.46253 54.924
    endloop
  endfacet
  facet normal 0.245573 -0.083365 0.965787
    outer loop
      vertex 16.6304 -6.88854 53.0281
      vertex 17.3873 -4.6589 53.0281
      vertex 10.0934 -4.18084 54.924
    endloop
  endfacet
  facet normal 0.245572 -0.0833679 0.965787
    outer loop
      vertex 17.3873 -4.6589 53.0281
      vertex 10.5528 -2.82761 54.924
      vertex 10.0934 -4.18084 54.924
    endloop
  endfacet
  facet normal 0.254356 -0.0505881 0.965787
    outer loop
      vertex 17.3873 -4.6589 53.0281
      vertex 17.8466 -2.34955 53.0281
      vertex 10.5528 -2.82761 54.924
    endloop
  endfacet
  facet normal 0.254356 -0.0505954 0.965786
    outer loop
      vertex 17.8466 -2.34955 53.0281
      vertex 10.8316 -1.42601 54.924
      vertex 10.5528 -2.82761 54.924
    endloop
  endfacet
  facet normal 0.258784 -0.0169619 0.965786
    outer loop
      vertex 17.8466 -2.34955 53.0281
      vertex 18.0006 0 53.0281
      vertex 10.8316 -1.42601 54.924
    endloop
  endfacet
  facet normal 0.258785 -0.0169679 0.965786
    outer loop
      vertex 18.0006 0 53.0281
      vertex 10.9251 0 54.924
      vertex 10.8316 -1.42601 54.924
    endloop
  endfacet
  facet normal 0.382559 0.0250749 0.923591
    outer loop
      vertex 24.7682 0 50.2249
      vertex 24.5563 3.23289 50.2249
      vertex 18.0006 0 53.0281
    endloop
  endfacet
  facet normal 0.38256 0.0250747 0.923591
    outer loop
      vertex 24.5563 3.23289 50.2249
      vertex 17.8466 2.34955 53.0281
      vertex 18.0006 0 53.0281
    endloop
  endfacet
  facet normal 0.376013 0.0747984 0.92359
    outer loop
      vertex 24.5563 3.23289 50.2249
      vertex 23.9242 6.41047 50.2249
      vertex 17.8466 2.34955 53.0281
    endloop
  endfacet
  facet normal 0.376021 0.0747857 0.923588
    outer loop
      vertex 23.9242 6.41047 50.2249
      vertex 17.3873 4.6589 53.0281
      vertex 17.8466 2.34955 53.0281
    endloop
  endfacet
  facet normal 0.363039 0.123234 0.923589
    outer loop
      vertex 23.9242 6.41047 50.2249
      vertex 22.8828 9.47837 50.2249
      vertex 17.3873 4.6589 53.0281
    endloop
  endfacet
  facet normal 0.363034 0.12324 0.92359
    outer loop
      vertex 22.8828 9.47837 50.2249
      vertex 16.6304 6.88854 53.0281
      vertex 17.3873 4.6589 53.0281
    endloop
  endfacet
  facet normal 0.343847 0.169561 0.92359
    outer loop
      vertex 22.8828 9.47837 50.2249
      vertex 21.4499 12.3841 50.2249
      vertex 16.6304 6.88854 53.0281
    endloop
  endfacet
  facet normal 0.343845 0.169564 0.92359
    outer loop
      vertex 21.4499 12.3841 50.2249
      vertex 15.589 9.00031 53.0281
      vertex 16.6304 6.88854 53.0281
    endloop
  endfacet
  facet normal 0.318767 0.213 0.92359
    outer loop
      vertex 21.4499 12.3841 50.2249
      vertex 19.6499 15.0779 50.2249
      vertex 15.589 9.00031 53.0281
    endloop
  endfacet
  facet normal 0.318766 0.213 0.92359
    outer loop
      vertex 19.6499 15.0779 50.2249
      vertex 14.2808 10.9581 53.0281
      vertex 15.589 9.00031 53.0281
    endloop
  endfacet
  facet normal 0.288238 0.252786 0.92359
    outer loop
      vertex 19.6499 15.0779 50.2249
      vertex 17.5137 17.5137 50.2249
      vertex 14.2808 10.9581 53.0281
    endloop
  endfacet
  facet normal 0.288256 0.252776 0.923587
    outer loop
      vertex 17.5137 17.5137 50.2249
      vertex 12.7284 12.7284 53.0281
      vertex 14.2808 10.9581 53.0281
    endloop
  endfacet
  facet normal 0.252789 0.288243 0.923587
    outer loop
      vertex 17.5137 17.5137 50.2249
      vertex 15.0779 19.6499 50.2249
      vertex 12.7284 12.7284 53.0281
    endloop
  endfacet
  facet normal 0.252771 0.28825 0.92359
    outer loop
      vertex 15.0779 19.6499 50.2249
      vertex 10.9581 14.2808 53.0281
      vertex 12.7284 12.7284 53.0281
    endloop
  endfacet
  facet normal 0.213 0.318767 0.92359
    outer loop
      vertex 15.0779 19.6499 50.2249
      vertex 12.3841 21.4499 50.2249
      vertex 10.9581 14.2808 53.0281
    endloop
  endfacet
  facet normal 0.213001 0.318767 0.92359
    outer loop
      vertex 12.3841 21.4499 50.2249
      vertex 9.00031 15.589 53.0281
      vertex 10.9581 14.2808 53.0281
    endloop
  endfacet
  facet normal 0.169561 0.343847 0.92359
    outer loop
      vertex 12.3841 21.4499 50.2249
      vertex 9.47837 22.8828 50.2249
      vertex 9.00031 15.589 53.0281
    endloop
  endfacet
  facet normal 0.169565 0.343846 0.92359
    outer loop
      vertex 9.47837 22.8828 50.2249
      vertex 6.88854 16.6304 53.0281
      vertex 9.00031 15.589 53.0281
    endloop
  endfacet
  facet normal 0.123233 0.363037 0.92359
    outer loop
      vertex 9.47837 22.8828 50.2249
      vertex 6.41047 23.9242 50.2249
      vertex 6.88854 16.6304 53.0281
    endloop
  endfacet
  facet normal 0.123241 0.363037 0.923588
    outer loop
      vertex 6.41047 23.9242 50.2249
      vertex 4.6589 17.3873 53.0281
      vertex 6.88854 16.6304 53.0281
    endloop
  endfacet
  facet normal 0.0747992 0.376017 0.923589
    outer loop
      vertex 6.41047 23.9242 50.2249
      vertex 3.23289 24.5563 50.2249
      vertex 4.6589 17.3873 53.0281
    endloop
  endfacet
  facet normal 0.0747846 0.376015 0.923591
    outer loop
      vertex 3.23289 24.5563 50.2249
      vertex 2.34955 17.8466 53.0281
      vertex 4.6589 17.3873 53.0281
    endloop
  endfacet
  facet normal 0.0250749 0.382559 0.923591
    outer loop
      vertex 3.23289 24.5563 50.2249
      vertex 0 24.7682 50.2249
      vertex 2.34955 17.8466 53.0281
    endloop
  endfacet
  facet normal 0.0250747 0.382559 0.923591
    outer loop
      vertex 0 24.7682 50.2249
      vertex 0 18.0006 53.0281
      vertex 2.34955 17.8466 53.0281
    endloop
  endfacet
  facet normal -0.0250749 0.382559 0.923591
    outer loop
      vertex 0 24.7682 50.2249
      vertex -3.23289 24.5563 50.2249
      vertex 0 18.0006 53.0281
    endloop
  endfacet
  facet normal -0.0250747 0.38256 0.923591
    outer loop
      vertex -3.23289 24.5563 50.2249
      vertex -2.34955 17.8466 53.0281
      vertex 0 18.0006 53.0281
    endloop
  endfacet
  facet normal -0.0747984 0.376013 0.92359
    outer loop
      vertex -3.23289 24.5563 50.2249
      vertex -6.41047 23.9242 50.2249
      vertex -2.34955 17.8466 53.0281
    endloop
  endfacet
  facet normal -0.0747857 0.376021 0.923588
    outer loop
      vertex -6.41047 23.9242 50.2249
      vertex -4.6589 17.3873 53.0281
      vertex -2.34955 17.8466 53.0281
    endloop
  endfacet
  facet normal -0.123234 0.363039 0.923589
    outer loop
      vertex -6.41047 23.9242 50.2249
      vertex -9.47837 22.8828 50.2249
      vertex -4.6589 17.3873 53.0281
    endloop
  endfacet
  facet normal -0.12324 0.363034 0.92359
    outer loop
      vertex -9.47837 22.8828 50.2249
      vertex -6.88854 16.6304 53.0281
      vertex -4.6589 17.3873 53.0281
    endloop
  endfacet
  facet normal -0.169561 0.343847 0.92359
    outer loop
      vertex -9.47837 22.8828 50.2249
      vertex -12.3841 21.4499 50.2249
      vertex -6.88854 16.6304 53.0281
    endloop
  endfacet
  facet normal -0.169564 0.343845 0.92359
    outer loop
      vertex -12.3841 21.4499 50.2249
      vertex -9.00031 15.589 53.0281
      vertex -6.88854 16.6304 53.0281
    endloop
  endfacet
  facet normal -0.213 0.318767 0.92359
    outer loop
      vertex -12.3841 21.4499 50.2249
      vertex -15.0779 19.6499 50.2249
      vertex -9.00031 15.589 53.0281
    endloop
  endfacet
  facet normal -0.213 0.318766 0.92359
    outer loop
      vertex -15.0779 19.6499 50.2249
      vertex -10.9581 14.2808 53.0281
      vertex -9.00031 15.589 53.0281
    endloop
  endfacet
  facet normal -0.252786 0.288238 0.92359
    outer loop
      vertex -15.0779 19.6499 50.2249
      vertex -17.5137 17.5137 50.2249
      vertex -10.9581 14.2808 53.0281
    endloop
  endfacet
  facet normal -0.252776 0.288256 0.923587
    outer loop
      vertex -17.5137 17.5137 50.2249
      vertex -12.7284 12.7284 53.0281
      vertex -10.9581 14.2808 53.0281
    endloop
  endfacet
  facet normal -0.288243 0.252789 0.923587
    outer loop
      vertex -17.5137 17.5137 50.2249
      vertex -19.6499 15.0779 50.2249
      vertex -12.7284 12.7284 53.0281
    endloop
  endfacet
  facet normal -0.28825 0.252771 0.92359
    outer loop
      vertex -19.6499 15.0779 50.2249
      vertex -14.2808 10.9581 53.0281
      vertex -12.7284 12.7284 53.0281
    endloop
  endfacet
  facet normal -0.318767 0.213 0.92359
    outer loop
      vertex -19.6499 15.0779 50.2249
      vertex -21.4499 12.3841 50.2249
      vertex -14.2808 10.9581 53.0281
    endloop
  endfacet
  facet normal -0.318767 0.213001 0.92359
    outer loop
      vertex -21.4499 12.3841 50.2249
      vertex -15.589 9.00031 53.0281
      vertex -14.2808 10.9581 53.0281
    endloop
  endfacet
  facet normal -0.343847 0.169561 0.92359
    outer loop
      vertex -21.4499 12.3841 50.2249
      vertex -22.8828 9.47837 50.2249
      vertex -15.589 9.00031 53.0281
    endloop
  endfacet
  facet normal -0.343846 0.169565 0.92359
    outer loop
      vertex -22.8828 9.47837 50.2249
      vertex -16.6304 6.88854 53.0281
      vertex -15.589 9.00031 53.0281
    endloop
  endfacet
  facet normal -0.363037 0.123233 0.92359
    outer loop
      vertex -22.8828 9.47837 50.2249
      vertex -23.9242 6.41047 50.2249
      vertex -16.6304 6.88854 53.0281
    endloop
  endfacet
  facet normal -0.363037 0.123241 0.923588
    outer loop
      vertex -23.9242 6.41047 50.2249
      vertex -17.3873 4.6589 53.0281
      vertex -16.6304 6.88854 53.0281
    endloop
  endfacet
  facet normal -0.376017 0.0747992 0.923589
    outer loop
      vertex -23.9242 6.41047 50.2249
      vertex -24.5563 3.23289 50.2249
      vertex -17.3873 4.6589 53.0281
    endloop
  endfacet
  facet normal -0.376015 0.0747846 0.923591
    outer loop
      vertex -24.5563 3.23289 50.2249
      vertex -17.8466 2.34955 53.0281
      vertex -17.3873 4.6589 53.0281
    endloop
  endfacet
  facet normal -0.382559 0.0250749 0.923591
    outer loop
      vertex -24.5563 3.23289 50.2249
      vertex -24.7682 -0 50.2249
      vertex -17.8466 2.34955 53.0281
    endloop
  endfacet
  facet normal -0.382559 0.0250747 0.923591
    outer loop
      vertex -24.7682 -0 50.2249
      vertex -18.0006 -0 53.0281
      vertex -17.8466 2.34955 53.0281
    endloop
  endfacet
  facet normal -0.382559 -0.0250749 0.923591
    outer loop
      vertex -24.7682 -0 50.2249
      vertex -24.5563 -3.23289 50.2249
      vertex -18.0006 -0 53.0281
    endloop
  endfacet
  facet normal -0.38256 -0.0250747 0.923591
    outer loop
      vertex -24.5563 -3.23289 50.2249
      vertex -17.8466 -2.34955 53.0281
      vertex -18.0006 -0 53.0281
    endloop
  endfacet
  facet normal -0.376013 -0.0747984 0.92359
    outer loop
      vertex -24.5563 -3.23289 50.2249
      vertex -23.9242 -6.41047 50.2249
      vertex -17.8466 -2.34955 53.0281
    endloop
  endfacet
  facet normal -0.376021 -0.0747857 0.923588
    outer loop
      vertex -23.9242 -6.41047 50.2249
      vertex -17.3873 -4.6589 53.0281
      vertex -17.8466 -2.34955 53.0281
    endloop
  endfacet
  facet normal -0.363039 -0.123234 0.923589
    outer loop
      vertex -23.9242 -6.41047 50.2249
      vertex -22.8828 -9.47837 50.2249
      vertex -17.3873 -4.6589 53.0281
    endloop
  endfacet
  facet normal -0.363034 -0.12324 0.92359
    outer loop
      vertex -22.8828 -9.47837 50.2249
      vertex -16.6304 -6.88854 53.0281
      vertex -17.3873 -4.6589 53.0281
    endloop
  endfacet
  facet normal -0.343847 -0.169561 0.92359
    outer loop
      vertex -22.8828 -9.47837 50.2249
      vertex -21.4499 -12.3841 50.2249
      vertex -16.6304 -6.88854 53.0281
    endloop
  endfacet
  facet normal -0.343845 -0.169564 0.92359
    outer loop
      vertex -21.4499 -12.3841 50.2249
      vertex -15.589 -9.00031 53.0281
      vertex -16.6304 -6.88854 53.0281
    endloop
  endfacet
  facet normal -0.318767 -0.213 0.92359
    outer loop
      vertex -21.4499 -12.3841 50.2249
      vertex -19.6499 -15.0779 50.2249
      vertex -15.589 -9.00031 53.0281
    endloop
  endfacet
  facet normal -0.318766 -0.213 0.92359
    outer loop
      vertex -19.6499 -15.0779 50.2249
      vertex -14.2808 -10.9581 53.0281
      vertex -15.589 -9.00031 53.0281
    endloop
  endfacet
  facet normal -0.288238 -0.252786 0.92359
    outer loop
      vertex -19.6499 -15.0779 50.2249
      vertex -17.5137 -17.5137 50.2249
      vertex -14.2808 -10.9581 53.0281
    endloop
  endfacet
  facet normal -0.288256 -0.252776 0.923587
    outer loop
      vertex -17.5137 -17.5137 50.2249
      vertex -12.7284 -12.7284 53.0281
      vertex -14.2808 -10.9581 53.0281
    endloop
  endfacet
  facet normal -0.252789 -0.288243 0.923587
    outer loop
      vertex -17.5137 -17.5137 50.2249
      vertex -15.0779 -19.6499 50.2249
      vertex -12.7284 -12.7284 53.0281
    endloop
  endfacet
  facet normal -0.252771 -0.28825 0.92359
    outer loop
      vertex -15.0779 -19.6499 50.2249
      vertex -10.9581 -14.2808 53.0281
      vertex -12.7284 -12.7284 53.0281
    endloop
  endfacet
  facet normal -0.213 -0.318767 0.92359
    outer loop
      vertex -15.0779 -19.6499 50.2249
      vertex -12.3841 -21.4499 50.2249
      vertex -10.9581 -14.2808 53.0281
    endloop
  endfacet
  facet normal -0.213001 -0.318767 0.92359
    outer loop
      vertex -12.3841 -21.4499 50.2249
      vertex -9.00031 -15.589 53.0281
      vertex -10.9581 -14.2808 53.0281
    endloop
  endfacet
  facet normal -0.169561 -0.343847 0.92359
    outer loop
      vertex -12.3841 -21.4499 50.2249
      vertex -9.47837 -22.8828 50.2249
      vertex -9.00031 -15.589 53.0281
    endloop
  endfacet
  facet normal -0.169565 -0.343846 0.92359
    outer loop
      vertex -9.47837 -22.8828 50.2249
      vertex -6.88854 -16.6304 53.0281
      vertex -9.00031 -15.589 53.0281
    endloop
  endfacet
  facet normal -0.123233 -0.363037 0.92359
    outer loop
      vertex -9.47837 -22.8828 50.2249
      vertex -6.41047 -23.9242 50.2249
      vertex -6.88854 -16.6304 53.0281
    endloop
  endfacet
  facet normal -0.123241 -0.363037 0.923588
    outer loop
      vertex -6.41047 -23.9242 50.2249
      vertex -4.6589 -17.3873 53.0281
      vertex -6.88854 -16.6304 53.0281
    endloop
  endfacet
  facet normal -0.0747992 -0.376017 0.923589
    outer loop
      vertex -6.41047 -23.9242 50.2249
      vertex -3.23289 -24.5563 50.2249
      vertex -4.6589 -17.3873 53.0281
    endloop
  endfacet
  facet normal -0.0747846 -0.376015 0.923591
    outer loop
      vertex -3.23289 -24.5563 50.2249
      vertex -2.34955 -17.8466 53.0281
      vertex -4.6589 -17.3873 53.0281
    endloop
  endfacet
  facet normal -0.0250749 -0.382559 0.923591
    outer loop
      vertex -3.23289 -24.5563 50.2249
      vertex -0 -24.7682 50.2249
      vertex -2.34955 -17.8466 53.0281
    endloop
  endfacet
  facet normal -0.0250747 -0.382559 0.923591
    outer loop
      vertex -0 -24.7682 50.2249
      vertex -0 -18.0006 53.0281
      vertex -2.34955 -17.8466 53.0281
    endloop
  endfacet
  facet normal 0.0250749 -0.382559 0.923591
    outer loop
      vertex -0 -24.7682 50.2249
      vertex 3.23289 -24.5563 50.2249
      vertex -0 -18.0006 53.0281
    endloop
  endfacet
  facet normal 0.0250747 -0.38256 0.923591
    outer loop
      vertex 3.23289 -24.5563 50.2249
      vertex 2.34955 -17.8466 53.0281
      vertex -0 -18.0006 53.0281
    endloop
  endfacet
  facet normal 0.0747984 -0.376013 0.92359
    outer loop
      vertex 3.23289 -24.5563 50.2249
      vertex 6.41047 -23.9242 50.2249
      vertex 2.34955 -17.8466 53.0281
    endloop
  endfacet
  facet normal 0.0747857 -0.376021 0.923588
    outer loop
      vertex 6.41047 -23.9242 50.2249
      vertex 4.6589 -17.3873 53.0281
      vertex 2.34955 -17.8466 53.0281
    endloop
  endfacet
  facet normal 0.123234 -0.363039 0.923589
    outer loop
      vertex 6.41047 -23.9242 50.2249
      vertex 9.47837 -22.8828 50.2249
      vertex 4.6589 -17.3873 53.0281
    endloop
  endfacet
  facet normal 0.12324 -0.363034 0.92359
    outer loop
      vertex 9.47837 -22.8828 50.2249
      vertex 6.88854 -16.6304 53.0281
      vertex 4.6589 -17.3873 53.0281
    endloop
  endfacet
  facet normal 0.169561 -0.343847 0.92359
    outer loop
      vertex 9.47837 -22.8828 50.2249
      vertex 12.3841 -21.4499 50.2249
      vertex 6.88854 -16.6304 53.0281
    endloop
  endfacet
  facet normal 0.169564 -0.343845 0.92359
    outer loop
      vertex 12.3841 -21.4499 50.2249
      vertex 9.00031 -15.589 53.0281
      vertex 6.88854 -16.6304 53.0281
    endloop
  endfacet
  facet normal 0.213 -0.318767 0.92359
    outer loop
      vertex 12.3841 -21.4499 50.2249
      vertex 15.0779 -19.6499 50.2249
      vertex 9.00031 -15.589 53.0281
    endloop
  endfacet
  facet normal 0.213 -0.318766 0.92359
    outer loop
      vertex 15.0779 -19.6499 50.2249
      vertex 10.9581 -14.2808 53.0281
      vertex 9.00031 -15.589 53.0281
    endloop
  endfacet
  facet normal 0.252786 -0.288238 0.92359
    outer loop
      vertex 15.0779 -19.6499 50.2249
      vertex 17.5137 -17.5137 50.2249
      vertex 10.9581 -14.2808 53.0281
    endloop
  endfacet
  facet normal 0.252776 -0.288256 0.923587
    outer loop
      vertex 17.5137 -17.5137 50.2249
      vertex 12.7284 -12.7284 53.0281
      vertex 10.9581 -14.2808 53.0281
    endloop
  endfacet
  facet normal 0.288243 -0.252789 0.923587
    outer loop
      vertex 17.5137 -17.5137 50.2249
      vertex 19.6499 -15.0779 50.2249
      vertex 12.7284 -12.7284 53.0281
    endloop
  endfacet
  facet normal 0.28825 -0.252771 0.92359
    outer loop
      vertex 19.6499 -15.0779 50.2249
      vertex 14.2808 -10.9581 53.0281
      vertex 12.7284 -12.7284 53.0281
    endloop
  endfacet
  facet normal 0.318767 -0.213 0.92359
    outer loop
      vertex 19.6499 -15.0779 50.2249
      vertex 21.4499 -12.3841 50.2249
      vertex 14.2808 -10.9581 53.0281
    endloop
  endfacet
  facet normal 0.318767 -0.213001 0.92359
    outer loop
      vertex 21.4499 -12.3841 50.2249
      vertex 15.589 -9.00031 53.0281
      vertex 14.2808 -10.9581 53.0281
    endloop
  endfacet
  facet normal 0.343847 -0.169561 0.92359
    outer loop
      vertex 21.4499 -12.3841 50.2249
      vertex 22.8828 -9.47837 50.2249
      vertex 15.589 -9.00031 53.0281
    endloop
  endfacet
  facet normal 0.343846 -0.169565 0.92359
    outer loop
      vertex 22.8828 -9.47837 50.2249
      vertex 16.6304 -6.88854 53.0281
      vertex 15.589 -9.00031 53.0281
    endloop
  endfacet
  facet normal 0.363037 -0.123233 0.92359
    outer loop
      vertex 22.8828 -9.47837 50.2249
      vertex 23.9242 -6.41047 50.2249
      vertex 16.6304 -6.88854 53.0281
    endloop
  endfacet
  facet normal 0.363037 -0.123241 0.923588
    outer loop
      vertex 23.9242 -6.41047 50.2249
      vertex 17.3873 -4.6589 53.0281
      vertex 16.6304 -6.88854 53.0281
    endloop
  endfacet
  facet normal 0.376017 -0.0747992 0.923589
    outer loop
      vertex 23.9242 -6.41047 50.2249
      vertex 24.5563 -3.23289 50.2249
      vertex 17.3873 -4.6589 53.0281
    endloop
  endfacet
  facet normal 0.376015 -0.0747846 0.923591
    outer loop
      vertex 24.5563 -3.23289 50.2249
      vertex 17.8466 -2.34955 53.0281
      vertex 17.3873 -4.6589 53.0281
    endloop
  endfacet
  facet normal 0.382559 -0.0250749 0.923591
    outer loop
      vertex 24.5563 -3.23289 50.2249
      vertex 24.7682 0 50.2249
      vertex 17.8466 -2.34955 53.0281
    endloop
  endfacet
  facet normal 0.382559 -0.0250747 0.923591
    outer loop
      vertex 24.7682 0 50.2249
      vertex 18.0006 0 53.0281
      vertex 17.8466 -2.34955 53.0281
    endloop
  endfacet
  facet normal 0.499738 0.0327464 0.865557
    outer loop
      vertex 31.1119 0 46.5623
      vertex 30.8458 4.06092 46.5623
      vertex 24.7682 0 50.2249
    endloop
  endfacet
  facet normal 0.499734 0.0327551 0.865559
    outer loop
      vertex 30.8458 4.06092 46.5623
      vertex 24.5563 3.23289 50.2249
      vertex 24.7682 0 50.2249
    endloop
  endfacet
  facet normal 0.491182 0.0977088 0.865559
    outer loop
      vertex 30.8458 4.06092 46.5623
      vertex 30.0518 8.05236 46.5623
      vertex 24.5563 3.23289 50.2249
    endloop
  endfacet
  facet normal 0.491183 0.0977085 0.865559
    outer loop
      vertex 30.0518 8.05236 46.5623
      vertex 23.9242 6.41047 50.2249
      vertex 24.5563 3.23289 50.2249
    endloop
  endfacet
  facet normal 0.47423 0.160975 0.865559
    outer loop
      vertex 30.0518 8.05236 46.5623
      vertex 28.7437 11.906 46.5623
      vertex 23.9242 6.41047 50.2249
    endloop
  endfacet
  facet normal 0.474229 0.160977 0.86556
    outer loop
      vertex 28.7437 11.906 46.5623
      vertex 22.8828 9.47837 50.2249
      vertex 23.9242 6.41047 50.2249
    endloop
  endfacet
  facet normal 0.449158 0.221503 0.86556
    outer loop
      vertex 28.7437 11.906 46.5623
      vertex 26.9437 15.556 46.5623
      vertex 22.8828 9.47837 50.2249
    endloop
  endfacet
  facet normal 0.449166 0.221497 0.865557
    outer loop
      vertex 26.9437 15.556 46.5623
      vertex 21.4499 12.3841 50.2249
      vertex 22.8828 9.47837 50.2249
    endloop
  endfacet
  facet normal 0.416408 0.278233 0.865558
    outer loop
      vertex 26.9437 15.556 46.5623
      vertex 24.6828 18.9397 46.5623
      vertex 21.4499 12.3841 50.2249
    endloop
  endfacet
  facet normal 0.4164 0.278239 0.86556
    outer loop
      vertex 24.6828 18.9397 46.5623
      vertex 19.6499 15.0779 50.2249
      vertex 21.4499 12.3841 50.2249
    endloop
  endfacet
  facet normal 0.37653 0.330199 0.86556
    outer loop
      vertex 24.6828 18.9397 46.5623
      vertex 21.9995 21.9995 46.5623
      vertex 19.6499 15.0779 50.2249
    endloop
  endfacet
  facet normal 0.376516 0.330205 0.865563
    outer loop
      vertex 21.9995 21.9995 46.5623
      vertex 17.5137 17.5137 50.2249
      vertex 19.6499 15.0779 50.2249
    endloop
  endfacet
  facet normal 0.330195 0.376526 0.865563
    outer loop
      vertex 21.9995 21.9995 46.5623
      vertex 18.9397 24.6828 46.5623
      vertex 17.5137 17.5137 50.2249
    endloop
  endfacet
  facet normal 0.33021 0.376521 0.865559
    outer loop
      vertex 18.9397 24.6828 46.5623
      vertex 15.0779 19.6499 50.2249
      vertex 17.5137 17.5137 50.2249
    endloop
  endfacet
  facet normal 0.278231 0.416405 0.86556
    outer loop
      vertex 18.9397 24.6828 46.5623
      vertex 15.556 26.9437 46.5623
      vertex 15.0779 19.6499 50.2249
    endloop
  endfacet
  facet normal 0.278241 0.416404 0.865558
    outer loop
      vertex 15.556 26.9437 46.5623
      vertex 12.3841 21.4499 50.2249
      vertex 15.0779 19.6499 50.2249
    endloop
  endfacet
  facet normal 0.221504 0.449161 0.865558
    outer loop
      vertex 15.556 26.9437 46.5623
      vertex 11.906 28.7437 46.5623
      vertex 12.3841 21.4499 50.2249
    endloop
  endfacet
  facet normal 0.221495 0.449162 0.86556
    outer loop
      vertex 11.906 28.7437 46.5623
      vertex 9.47837 22.8828 50.2249
      vertex 12.3841 21.4499 50.2249
    endloop
  endfacet
  facet normal 0.160975 0.474229 0.86556
    outer loop
      vertex 11.906 28.7437 46.5623
      vertex 8.05236 30.0518 46.5623
      vertex 9.47837 22.8828 50.2249
    endloop
  endfacet
  facet normal 0.160977 0.47423 0.865559
    outer loop
      vertex 8.05236 30.0518 46.5623
      vertex 6.41047 23.9242 50.2249
      vertex 9.47837 22.8828 50.2249
    endloop
  endfacet
  facet normal 0.0977088 0.491183 0.865559
    outer loop
      vertex 8.05236 30.0518 46.5623
      vertex 4.06092 30.8458 46.5623
      vertex 6.41047 23.9242 50.2249
    endloop
  endfacet
  facet normal 0.0977084 0.491182 0.865559
    outer loop
      vertex 4.06092 30.8458 46.5623
      vertex 3.23289 24.5563 50.2249
      vertex 6.41047 23.9242 50.2249
    endloop
  endfacet
  facet normal 0.0327461 0.499735 0.865559
    outer loop
      vertex 4.06092 30.8458 46.5623
      vertex 0 31.1119 46.5623
      vertex 3.23289 24.5563 50.2249
    endloop
  endfacet
  facet normal 0.0327554 0.499738 0.865557
    outer loop
      vertex 0 31.1119 46.5623
      vertex 0 24.7682 50.2249
      vertex 3.23289 24.5563 50.2249
    endloop
  endfacet
  facet normal -0.0327464 0.499738 0.865557
    outer loop
      vertex 0 31.1119 46.5623
      vertex -4.06092 30.8458 46.5623
      vertex 0 24.7682 50.2249
    endloop
  endfacet
  facet normal -0.0327551 0.499734 0.865559
    outer loop
      vertex -4.06092 30.8458 46.5623
      vertex -3.23289 24.5563 50.2249
      vertex 0 24.7682 50.2249
    endloop
  endfacet
  facet normal -0.0977088 0.491182 0.865559
    outer loop
      vertex -4.06092 30.8458 46.5623
      vertex -8.05236 30.0518 46.5623
      vertex -3.23289 24.5563 50.2249
    endloop
  endfacet
  facet normal -0.0977085 0.491183 0.865559
    outer loop
      vertex -8.05236 30.0518 46.5623
      vertex -6.41047 23.9242 50.2249
      vertex -3.23289 24.5563 50.2249
    endloop
  endfacet
  facet normal -0.160975 0.47423 0.865559
    outer loop
      vertex -8.05236 30.0518 46.5623
      vertex -11.906 28.7437 46.5623
      vertex -6.41047 23.9242 50.2249
    endloop
  endfacet
  facet normal -0.160977 0.474229 0.86556
    outer loop
      vertex -11.906 28.7437 46.5623
      vertex -9.47837 22.8828 50.2249
      vertex -6.41047 23.9242 50.2249
    endloop
  endfacet
  facet normal -0.221503 0.449158 0.86556
    outer loop
      vertex -11.906 28.7437 46.5623
      vertex -15.556 26.9437 46.5623
      vertex -9.47837 22.8828 50.2249
    endloop
  endfacet
  facet normal -0.221497 0.449166 0.865557
    outer loop
      vertex -15.556 26.9437 46.5623
      vertex -12.3841 21.4499 50.2249
      vertex -9.47837 22.8828 50.2249
    endloop
  endfacet
  facet normal -0.278233 0.416408 0.865558
    outer loop
      vertex -15.556 26.9437 46.5623
      vertex -18.9397 24.6828 46.5623
      vertex -12.3841 21.4499 50.2249
    endloop
  endfacet
  facet normal -0.278239 0.4164 0.86556
    outer loop
      vertex -18.9397 24.6828 46.5623
      vertex -15.0779 19.6499 50.2249
      vertex -12.3841 21.4499 50.2249
    endloop
  endfacet
  facet normal -0.330199 0.37653 0.86556
    outer loop
      vertex -18.9397 24.6828 46.5623
      vertex -21.9995 21.9995 46.5623
      vertex -15.0779 19.6499 50.2249
    endloop
  endfacet
  facet normal -0.330205 0.376516 0.865563
    outer loop
      vertex -21.9995 21.9995 46.5623
      vertex -17.5137 17.5137 50.2249
      vertex -15.0779 19.6499 50.2249
    endloop
  endfacet
  facet normal -0.376526 0.330195 0.865563
    outer loop
      vertex -21.9995 21.9995 46.5623
      vertex -24.6828 18.9397 46.5623
      vertex -17.5137 17.5137 50.2249
    endloop
  endfacet
  facet normal -0.376521 0.33021 0.865559
    outer loop
      vertex -24.6828 18.9397 46.5623
      vertex -19.6499 15.0779 50.2249
      vertex -17.5137 17.5137 50.2249
    endloop
  endfacet
  facet normal -0.416405 0.278231 0.86556
    outer loop
      vertex -24.6828 18.9397 46.5623
      vertex -26.9437 15.556 46.5623
      vertex -19.6499 15.0779 50.2249
    endloop
  endfacet
  facet normal -0.416404 0.278241 0.865558
    outer loop
      vertex -26.9437 15.556 46.5623
      vertex -21.4499 12.3841 50.2249
      vertex -19.6499 15.0779 50.2249
    endloop
  endfacet
  facet normal -0.449161 0.221504 0.865558
    outer loop
      vertex -26.9437 15.556 46.5623
      vertex -28.7437 11.906 46.5623
      vertex -21.4499 12.3841 50.2249
    endloop
  endfacet
  facet normal -0.449162 0.221495 0.86556
    outer loop
      vertex -28.7437 11.906 46.5623
      vertex -22.8828 9.47837 50.2249
      vertex -21.4499 12.3841 50.2249
    endloop
  endfacet
  facet normal -0.474229 0.160975 0.86556
    outer loop
      vertex -28.7437 11.906 46.5623
      vertex -30.0518 8.05236 46.5623
      vertex -22.8828 9.47837 50.2249
    endloop
  endfacet
  facet normal -0.47423 0.160977 0.865559
    outer loop
      vertex -30.0518 8.05236 46.5623
      vertex -23.9242 6.41047 50.2249
      vertex -22.8828 9.47837 50.2249
    endloop
  endfacet
  facet normal -0.491183 0.0977088 0.865559
    outer loop
      vertex -30.0518 8.05236 46.5623
      vertex -30.8458 4.06092 46.5623
      vertex -23.9242 6.41047 50.2249
    endloop
  endfacet
  facet normal -0.491182 0.0977084 0.865559
    outer loop
      vertex -30.8458 4.06092 46.5623
      vertex -24.5563 3.23289 50.2249
      vertex -23.9242 6.41047 50.2249
    endloop
  endfacet
  facet normal -0.499735 0.0327461 0.865559
    outer loop
      vertex -30.8458 4.06092 46.5623
      vertex -31.1119 -0 46.5623
      vertex -24.5563 3.23289 50.2249
    endloop
  endfacet
  facet normal -0.499738 0.0327554 0.865557
    outer loop
      vertex -31.1119 -0 46.5623
      vertex -24.7682 -0 50.2249
      vertex -24.5563 3.23289 50.2249
    endloop
  endfacet
  facet normal -0.499738 -0.0327464 0.865557
    outer loop
      vertex -31.1119 -0 46.5623
      vertex -30.8458 -4.06092 46.5623
      vertex -24.7682 -0 50.2249
    endloop
  endfacet
  facet normal -0.499734 -0.0327551 0.865559
    outer loop
      vertex -30.8458 -4.06092 46.5623
      vertex -24.5563 -3.23289 50.2249
      vertex -24.7682 -0 50.2249
    endloop
  endfacet
  facet normal -0.491182 -0.0977088 0.865559
    outer loop
      vertex -30.8458 -4.06092 46.5623
      vertex -30.0518 -8.05236 46.5623
      vertex -24.5563 -3.23289 50.2249
    endloop
  endfacet
  facet normal -0.491183 -0.0977085 0.865559
    outer loop
      vertex -30.0518 -8.05236 46.5623
      vertex -23.9242 -6.41047 50.2249
      vertex -24.5563 -3.23289 50.2249
    endloop
  endfacet
  facet normal -0.47423 -0.160975 0.865559
    outer loop
      vertex -30.0518 -8.05236 46.5623
      vertex -28.7437 -11.906 46.5623
      vertex -23.9242 -6.41047 50.2249
    endloop
  endfacet
  facet normal -0.474229 -0.160977 0.86556
    outer loop
      vertex -28.7437 -11.906 46.5623
      vertex -22.8828 -9.47837 50.2249
      vertex -23.9242 -6.41047 50.2249
    endloop
  endfacet
  facet normal -0.449158 -0.221503 0.86556
    outer loop
      vertex -28.7437 -11.906 46.5623
      vertex -26.9437 -15.556 46.5623
      vertex -22.8828 -9.47837 50.2249
    endloop
  endfacet
  facet normal -0.449166 -0.221497 0.865557
    outer loop
      vertex -26.9437 -15.556 46.5623
      vertex -21.4499 -12.3841 50.2249
      vertex -22.8828 -9.47837 50.2249
    endloop
  endfacet
  facet normal -0.416408 -0.278233 0.865558
    outer loop
      vertex -26.9437 -15.556 46.5623
      vertex -24.6828 -18.9397 46.5623
      vertex -21.4499 -12.3841 50.2249
    endloop
  endfacet
  facet normal -0.4164 -0.278239 0.86556
    outer loop
      vertex -24.6828 -18.9397 46.5623
      vertex -19.6499 -15.0779 50.2249
      vertex -21.4499 -12.3841 50.2249
    endloop
  endfacet
  facet normal -0.37653 -0.330199 0.86556
    outer loop
      vertex -24.6828 -18.9397 46.5623
      vertex -21.9995 -21.9995 46.5623
      vertex -19.6499 -15.0779 50.2249
    endloop
  endfacet
  facet normal -0.376516 -0.330205 0.865563
    outer loop
      vertex -21.9995 -21.9995 46.5623
      vertex -17.5137 -17.5137 50.2249
      vertex -19.6499 -15.0779 50.2249
    endloop
  endfacet
  facet normal -0.330195 -0.376526 0.865563
    outer loop
      vertex -21.9995 -21.9995 46.5623
      vertex -18.9397 -24.6828 46.5623
      vertex -17.5137 -17.5137 50.2249
    endloop
  endfacet
  facet normal -0.33021 -0.376521 0.865559
    outer loop
      vertex -18.9397 -24.6828 46.5623
      vertex -15.0779 -19.6499 50.2249
      vertex -17.5137 -17.5137 50.2249
    endloop
  endfacet
  facet normal -0.278231 -0.416405 0.86556
    outer loop
      vertex -18.9397 -24.6828 46.5623
      vertex -15.556 -26.9437 46.5623
      vertex -15.0779 -19.6499 50.2249
    endloop
  endfacet
  facet normal -0.278241 -0.416404 0.865558
    outer loop
      vertex -15.556 -26.9437 46.5623
      vertex -12.3841 -21.4499 50.2249
      vertex -15.0779 -19.6499 50.2249
    endloop
  endfacet
  facet normal -0.221504 -0.449161 0.865558
    outer loop
      vertex -15.556 -26.9437 46.5623
      vertex -11.906 -28.7437 46.5623
      vertex -12.3841 -21.4499 50.2249
    endloop
  endfacet
  facet normal -0.221495 -0.449162 0.86556
    outer loop
      vertex -11.906 -28.7437 46.5623
      vertex -9.47837 -22.8828 50.2249
      vertex -12.3841 -21.4499 50.2249
    endloop
  endfacet
  facet normal -0.160975 -0.474229 0.86556
    outer loop
      vertex -11.906 -28.7437 46.5623
      vertex -8.05236 -30.0518 46.5623
      vertex -9.47837 -22.8828 50.2249
    endloop
  endfacet
  facet normal -0.160977 -0.47423 0.865559
    outer loop
      vertex -8.05236 -30.0518 46.5623
      vertex -6.41047 -23.9242 50.2249
      vertex -9.47837 -22.8828 50.2249
    endloop
  endfacet
  facet normal -0.0977088 -0.491183 0.865559
    outer loop
      vertex -8.05236 -30.0518 46.5623
      vertex -4.06092 -30.8458 46.5623
      vertex -6.41047 -23.9242 50.2249
    endloop
  endfacet
  facet normal -0.0977084 -0.491182 0.865559
    outer loop
      vertex -4.06092 -30.8458 46.5623
      vertex -3.23289 -24.5563 50.2249
      vertex -6.41047 -23.9242 50.2249
    endloop
  endfacet
  facet normal -0.0327461 -0.499735 0.865559
    outer loop
      vertex -4.06092 -30.8458 46.5623
      vertex -0 -31.1119 46.5623
      vertex -3.23289 -24.5563 50.2249
    endloop
  endfacet
  facet normal -0.0327554 -0.499738 0.865557
    outer loop
      vertex -0 -31.1119 46.5623
      vertex -0 -24.7682 50.2249
      vertex -3.23289 -24.5563 50.2249
    endloop
  endfacet
  facet normal 0.0327464 -0.499738 0.865557
    outer loop
      vertex -0 -31.1119 46.5623
      vertex 4.06092 -30.8458 46.5623
      vertex -0 -24.7682 50.2249
    endloop
  endfacet
  facet normal 0.0327551 -0.499734 0.865559
    outer loop
      vertex 4.06092 -30.8458 46.5623
      vertex 3.23289 -24.5563 50.2249
      vertex -0 -24.7682 50.2249
    endloop
  endfacet
  facet normal 0.0977088 -0.491182 0.865559
    outer loop
      vertex 4.06092 -30.8458 46.5623
      vertex 8.05236 -30.0518 46.5623
      vertex 3.23289 -24.5563 50.2249
    endloop
  endfacet
  facet normal 0.0977085 -0.491183 0.865559
    outer loop
      vertex 8.05236 -30.0518 46.5623
      vertex 6.41047 -23.9242 50.2249
      vertex 3.23289 -24.5563 50.2249
    endloop
  endfacet
  facet normal 0.160975 -0.47423 0.865559
    outer loop
      vertex 8.05236 -30.0518 46.5623
      vertex 11.906 -28.7437 46.5623
      vertex 6.41047 -23.9242 50.2249
    endloop
  endfacet
  facet normal 0.160977 -0.474229 0.86556
    outer loop
      vertex 11.906 -28.7437 46.5623
      vertex 9.47837 -22.8828 50.2249
      vertex 6.41047 -23.9242 50.2249
    endloop
  endfacet
  facet normal 0.221503 -0.449158 0.86556
    outer loop
      vertex 11.906 -28.7437 46.5623
      vertex 15.556 -26.9437 46.5623
      vertex 9.47837 -22.8828 50.2249
    endloop
  endfacet
  facet normal 0.221497 -0.449166 0.865557
    outer loop
      vertex 15.556 -26.9437 46.5623
      vertex 12.3841 -21.4499 50.2249
      vertex 9.47837 -22.8828 50.2249
    endloop
  endfacet
  facet normal 0.278233 -0.416408 0.865558
    outer loop
      vertex 15.556 -26.9437 46.5623
      vertex 18.9397 -24.6828 46.5623
      vertex 12.3841 -21.4499 50.2249
    endloop
  endfacet
  facet normal 0.278239 -0.4164 0.86556
    outer loop
      vertex 18.9397 -24.6828 46.5623
      vertex 15.0779 -19.6499 50.2249
      vertex 12.3841 -21.4499 50.2249
    endloop
  endfacet
  facet normal 0.330199 -0.37653 0.86556
    outer loop
      vertex 18.9397 -24.6828 46.5623
      vertex 21.9995 -21.9995 46.5623
      vertex 15.0779 -19.6499 50.2249
    endloop
  endfacet
  facet normal 0.330205 -0.376516 0.865563
    outer loop
      vertex 21.9995 -21.9995 46.5623
      vertex 17.5137 -17.5137 50.2249
      vertex 15.0779 -19.6499 50.2249
    endloop
  endfacet
  facet normal 0.376526 -0.330195 0.865563
    outer loop
      vertex 21.9995 -21.9995 46.5623
      vertex 24.6828 -18.9397 46.5623
      vertex 17.5137 -17.5137 50.2249
    endloop
  endfacet
  facet normal 0.376521 -0.33021 0.865559
    outer loop
      vertex 24.6828 -18.9397 46.5623
      vertex 19.6499 -15.0779 50.2249
      vertex 17.5137 -17.5137 50.2249
    endloop
  endfacet
  facet normal 0.416405 -0.278231 0.86556
    outer loop
      vertex 24.6828 -18.9397 46.5623
      vertex 26.9437 -15.556 46.5623
      vertex 19.6499 -15.0779 50.2249
    endloop
  endfacet
  facet normal 0.416404 -0.278241 0.865558
    outer loop
      vertex 26.9437 -15.556 46.5623
      vertex 21.4499 -12.3841 50.2249
      vertex 19.6499 -15.0779 50.2249
    endloop
  endfacet
  facet normal 0.449161 -0.221504 0.865558
    outer loop
      vertex 26.9437 -15.556 46.5623
      vertex 28.7437 -11.906 46.5623
      vertex 21.4499 -12.3841 50.2249
    endloop
  endfacet
  facet normal 0.449162 -0.221495 0.86556
    outer loop
      vertex 28.7437 -11.906 46.5623
      vertex 22.8828 -9.47837 50.2249
      vertex 21.4499 -12.3841 50.2249
    endloop
  endfacet
  facet normal 0.474229 -0.160975 0.86556
    outer loop
      vertex 28.7437 -11.906 46.5623
      vertex 30.0518 -8.05236 46.5623
      vertex 22.8828 -9.47837 50.2249
    endloop
  endfacet
  facet normal 0.47423 -0.160977 0.865559
    outer loop
      vertex 30.0518 -8.05236 46.5623
      vertex 23.9242 -6.41047 50.2249
      vertex 22.8828 -9.47837 50.2249
    endloop
  endfacet
  facet normal 0.491183 -0.0977088 0.865559
    outer loop
      vertex 30.0518 -8.05236 46.5623
      vertex 30.8458 -4.06092 46.5623
      vertex 23.9242 -6.41047 50.2249
    endloop
  endfacet
  facet normal 0.491182 -0.0977084 0.865559
    outer loop
      vertex 30.8458 -4.06092 46.5623
      vertex 24.5563 -3.23289 50.2249
      vertex 23.9242 -6.41047 50.2249
    endloop
  endfacet
  facet normal 0.499735 -0.0327461 0.865559
    outer loop
      vertex 30.8458 -4.06092 46.5623
      vertex 31.1119 0 46.5623
      vertex 24.5563 -3.23289 50.2249
    endloop
  endfacet
  facet normal 0.499738 -0.0327554 0.865557
    outer loop
      vertex 31.1119 0 46.5623
      vertex 24.7682 0 50.2249
      vertex 24.5563 -3.23289 50.2249
    endloop
  endfacet
  facet normal 0.608276 0.0398704 0.792724
    outer loop
      vertex 36.9234 0 42.103
      vertex 36.6075 4.81947 42.103
      vertex 31.1119 0 46.5623
    endloop
  endfacet
  facet normal 0.608282 0.0398589 0.792719
    outer loop
      vertex 36.6075 4.81947 42.103
      vertex 30.8458 4.06092 46.5623
      vertex 31.1119 0 46.5623
    endloop
  endfacet
  facet normal 0.597872 0.118931 0.79272
    outer loop
      vertex 36.6075 4.81947 42.103
      vertex 35.6652 9.55647 42.103
      vertex 30.8458 4.06092 46.5623
    endloop
  endfacet
  facet normal 0.597871 0.118932 0.79272
    outer loop
      vertex 35.6652 9.55647 42.103
      vertex 30.0518 8.05236 46.5623
      vertex 30.8458 4.06092 46.5623
    endloop
  endfacet
  facet normal 0.577236 0.195945 0.79272
    outer loop
      vertex 35.6652 9.55647 42.103
      vertex 34.1127 14.13 42.103
      vertex 30.0518 8.05236 46.5623
    endloop
  endfacet
  facet normal 0.577239 0.195941 0.792718
    outer loop
      vertex 34.1127 14.13 42.103
      vertex 28.7437 11.906 46.5623
      vertex 30.0518 8.05236 46.5623
    endloop
  endfacet
  facet normal 0.546725 0.269608 0.792719
    outer loop
      vertex 34.1127 14.13 42.103
      vertex 31.9766 18.4617 42.103
      vertex 28.7437 11.906 46.5623
    endloop
  endfacet
  facet normal 0.546717 0.269614 0.792723
    outer loop
      vertex 31.9766 18.4617 42.103
      vertex 26.9437 15.556 46.5623
      vertex 28.7437 11.906 46.5623
    endloop
  endfacet
  facet normal 0.506848 0.338669 0.792722
    outer loop
      vertex 31.9766 18.4617 42.103
      vertex 29.2933 22.4775 42.103
      vertex 26.9437 15.556 46.5623
    endloop
  endfacet
  facet normal 0.506853 0.338666 0.79272
    outer loop
      vertex 29.2933 22.4775 42.103
      vertex 24.6828 18.9397 46.5623
      vertex 26.9437 15.556 46.5623
    endloop
  endfacet
  facet normal 0.458314 0.401923 0.792721
    outer loop
      vertex 29.2933 22.4775 42.103
      vertex 26.1088 26.1088 42.103
      vertex 24.6828 18.9397 46.5623
    endloop
  endfacet
  facet normal 0.458316 0.401922 0.79272
    outer loop
      vertex 26.1088 26.1088 42.103
      vertex 21.9995 21.9995 46.5623
      vertex 24.6828 18.9397 46.5623
    endloop
  endfacet
  facet normal 0.401923 0.458315 0.79272
    outer loop
      vertex 26.1088 26.1088 42.103
      vertex 22.4775 29.2933 42.103
      vertex 21.9995 21.9995 46.5623
    endloop
  endfacet
  facet normal 0.401921 0.458316 0.792721
    outer loop
      vertex 22.4775 29.2933 42.103
      vertex 18.9397 24.6828 46.5623
      vertex 21.9995 21.9995 46.5623
    endloop
  endfacet
  facet normal 0.33867 0.50685 0.79272
    outer loop
      vertex 22.4775 29.2933 42.103
      vertex 18.4617 31.9766 42.103
      vertex 18.9397 24.6828 46.5623
    endloop
  endfacet
  facet normal 0.338664 0.506851 0.792722
    outer loop
      vertex 18.4617 31.9766 42.103
      vertex 15.556 26.9437 46.5623
      vertex 18.9397 24.6828 46.5623
    endloop
  endfacet
  facet normal 0.269606 0.546721 0.792722
    outer loop
      vertex 18.4617 31.9766 42.103
      vertex 14.13 34.1127 42.103
      vertex 15.556 26.9437 46.5623
    endloop
  endfacet
  facet normal 0.269616 0.546721 0.792719
    outer loop
      vertex 14.13 34.1127 42.103
      vertex 11.906 28.7437 46.5623
      vertex 15.556 26.9437 46.5623
    endloop
  endfacet
  facet normal 0.195945 0.577237 0.792718
    outer loop
      vertex 14.13 34.1127 42.103
      vertex 9.55647 35.6652 42.103
      vertex 11.906 28.7437 46.5623
    endloop
  endfacet
  facet normal 0.19594 0.577237 0.79272
    outer loop
      vertex 9.55647 35.6652 42.103
      vertex 8.05236 30.0518 46.5623
      vertex 11.906 28.7437 46.5623
    endloop
  endfacet
  facet normal 0.118931 0.597872 0.79272
    outer loop
      vertex 9.55647 35.6652 42.103
      vertex 4.81947 36.6075 42.103
      vertex 8.05236 30.0518 46.5623
    endloop
  endfacet
  facet normal 0.118932 0.597872 0.79272
    outer loop
      vertex 4.81947 36.6075 42.103
      vertex 4.06092 30.8458 46.5623
      vertex 8.05236 30.0518 46.5623
    endloop
  endfacet
  facet normal 0.0398708 0.608281 0.79272
    outer loop
      vertex 4.81947 36.6075 42.103
      vertex 0 36.9234 42.103
      vertex 4.06092 30.8458 46.5623
    endloop
  endfacet
  facet normal 0.0398585 0.608276 0.792724
    outer loop
      vertex 0 36.9234 42.103
      vertex 0 31.1119 46.5623
      vertex 4.06092 30.8458 46.5623
    endloop
  endfacet
  facet normal -0.0398704 0.608276 0.792724
    outer loop
      vertex 0 36.9234 42.103
      vertex -4.81947 36.6075 42.103
      vertex 0 31.1119 46.5623
    endloop
  endfacet
  facet normal -0.0398589 0.608282 0.792719
    outer loop
      vertex -4.81947 36.6075 42.103
      vertex -4.06092 30.8458 46.5623
      vertex 0 31.1119 46.5623
    endloop
  endfacet
  facet normal -0.118931 0.597872 0.79272
    outer loop
      vertex -4.81947 36.6075 42.103
      vertex -9.55647 35.6652 42.103
      vertex -4.06092 30.8458 46.5623
    endloop
  endfacet
  facet normal -0.118932 0.597871 0.79272
    outer loop
      vertex -9.55647 35.6652 42.103
      vertex -8.05236 30.0518 46.5623
      vertex -4.06092 30.8458 46.5623
    endloop
  endfacet
  facet normal -0.195945 0.577236 0.79272
    outer loop
      vertex -9.55647 35.6652 42.103
      vertex -14.13 34.1127 42.103
      vertex -8.05236 30.0518 46.5623
    endloop
  endfacet
  facet normal -0.195941 0.577239 0.792718
    outer loop
      vertex -14.13 34.1127 42.103
      vertex -11.906 28.7437 46.5623
      vertex -8.05236 30.0518 46.5623
    endloop
  endfacet
  facet normal -0.269608 0.546725 0.792719
    outer loop
      vertex -14.13 34.1127 42.103
      vertex -18.4617 31.9766 42.103
      vertex -11.906 28.7437 46.5623
    endloop
  endfacet
  facet normal -0.269614 0.546717 0.792723
    outer loop
      vertex -18.4617 31.9766 42.103
      vertex -15.556 26.9437 46.5623
      vertex -11.906 28.7437 46.5623
    endloop
  endfacet
  facet normal -0.338669 0.506848 0.792722
    outer loop
      vertex -18.4617 31.9766 42.103
      vertex -22.4775 29.2933 42.103
      vertex -15.556 26.9437 46.5623
    endloop
  endfacet
  facet normal -0.338666 0.506853 0.79272
    outer loop
      vertex -22.4775 29.2933 42.103
      vertex -18.9397 24.6828 46.5623
      vertex -15.556 26.9437 46.5623
    endloop
  endfacet
  facet normal -0.401923 0.458314 0.792721
    outer loop
      vertex -22.4775 29.2933 42.103
      vertex -26.1088 26.1088 42.103
      vertex -18.9397 24.6828 46.5623
    endloop
  endfacet
  facet normal -0.401922 0.458316 0.79272
    outer loop
      vertex -26.1088 26.1088 42.103
      vertex -21.9995 21.9995 46.5623
      vertex -18.9397 24.6828 46.5623
    endloop
  endfacet
  facet normal -0.458315 0.401923 0.79272
    outer loop
      vertex -26.1088 26.1088 42.103
      vertex -29.2933 22.4775 42.103
      vertex -21.9995 21.9995 46.5623
    endloop
  endfacet
  facet normal -0.458316 0.401921 0.792721
    outer loop
      vertex -29.2933 22.4775 42.103
      vertex -24.6828 18.9397 46.5623
      vertex -21.9995 21.9995 46.5623
    endloop
  endfacet
  facet normal -0.50685 0.33867 0.79272
    outer loop
      vertex -29.2933 22.4775 42.103
      vertex -31.9766 18.4617 42.103
      vertex -24.6828 18.9397 46.5623
    endloop
  endfacet
  facet normal -0.506851 0.338664 0.792722
    outer loop
      vertex -31.9766 18.4617 42.103
      vertex -26.9437 15.556 46.5623
      vertex -24.6828 18.9397 46.5623
    endloop
  endfacet
  facet normal -0.546721 0.269606 0.792722
    outer loop
      vertex -31.9766 18.4617 42.103
      vertex -34.1127 14.13 42.103
      vertex -26.9437 15.556 46.5623
    endloop
  endfacet
  facet normal -0.546721 0.269616 0.792719
    outer loop
      vertex -34.1127 14.13 42.103
      vertex -28.7437 11.906 46.5623
      vertex -26.9437 15.556 46.5623
    endloop
  endfacet
  facet normal -0.577237 0.195945 0.792718
    outer loop
      vertex -34.1127 14.13 42.103
      vertex -35.6652 9.55647 42.103
      vertex -28.7437 11.906 46.5623
    endloop
  endfacet
  facet normal -0.577237 0.19594 0.79272
    outer loop
      vertex -35.6652 9.55647 42.103
      vertex -30.0518 8.05236 46.5623
      vertex -28.7437 11.906 46.5623
    endloop
  endfacet
  facet normal -0.597872 0.118931 0.79272
    outer loop
      vertex -35.6652 9.55647 42.103
      vertex -36.6075 4.81947 42.103
      vertex -30.0518 8.05236 46.5623
    endloop
  endfacet
  facet normal -0.597872 0.118932 0.79272
    outer loop
      vertex -36.6075 4.81947 42.103
      vertex -30.8458 4.06092 46.5623
      vertex -30.0518 8.05236 46.5623
    endloop
  endfacet
  facet normal -0.608281 0.0398708 0.79272
    outer loop
      vertex -36.6075 4.81947 42.103
      vertex -36.9234 -0 42.103
      vertex -30.8458 4.06092 46.5623
    endloop
  endfacet
  facet normal -0.608276 0.0398585 0.792724
    outer loop
      vertex -36.9234 -0 42.103
      vertex -31.1119 -0 46.5623
      vertex -30.8458 4.06092 46.5623
    endloop
  endfacet
  facet normal -0.608276 -0.0398704 0.792724
    outer loop
      vertex -36.9234 -0 42.103
      vertex -36.6075 -4.81947 42.103
      vertex -31.1119 -0 46.5623
    endloop
  endfacet
  facet normal -0.608282 -0.0398589 0.792719
    outer loop
      vertex -36.6075 -4.81947 42.103
      vertex -30.8458 -4.06092 46.5623
      vertex -31.1119 -0 46.5623
    endloop
  endfacet
  facet normal -0.597872 -0.118931 0.79272
    outer loop
      vertex -36.6075 -4.81947 42.103
      vertex -35.6652 -9.55647 42.103
      vertex -30.8458 -4.06092 46.5623
    endloop
  endfacet
  facet normal -0.597871 -0.118932 0.79272
    outer loop
      vertex -35.6652 -9.55647 42.103
      vertex -30.0518 -8.05236 46.5623
      vertex -30.8458 -4.06092 46.5623
    endloop
  endfacet
  facet normal -0.577236 -0.195945 0.79272
    outer loop
      vertex -35.6652 -9.55647 42.103
      vertex -34.1127 -14.13 42.103
      vertex -30.0518 -8.05236 46.5623
    endloop
  endfacet
  facet normal -0.577239 -0.195941 0.792718
    outer loop
      vertex -34.1127 -14.13 42.103
      vertex -28.7437 -11.906 46.5623
      vertex -30.0518 -8.05236 46.5623
    endloop
  endfacet
  facet normal -0.546725 -0.269608 0.792719
    outer loop
      vertex -34.1127 -14.13 42.103
      vertex -31.9766 -18.4617 42.103
      vertex -28.7437 -11.906 46.5623
    endloop
  endfacet
  facet normal -0.546717 -0.269614 0.792723
    outer loop
      vertex -31.9766 -18.4617 42.103
      vertex -26.9437 -15.556 46.5623
      vertex -28.7437 -11.906 46.5623
    endloop
  endfacet
  facet normal -0.506848 -0.338669 0.792722
    outer loop
      vertex -31.9766 -18.4617 42.103
      vertex -29.2933 -22.4775 42.103
      vertex -26.9437 -15.556 46.5623
    endloop
  endfacet
  facet normal -0.506853 -0.338666 0.79272
    outer loop
      vertex -29.2933 -22.4775 42.103
      vertex -24.6828 -18.9397 46.5623
      vertex -26.9437 -15.556 46.5623
    endloop
  endfacet
  facet normal -0.458314 -0.401923 0.792721
    outer loop
      vertex -29.2933 -22.4775 42.103
      vertex -26.1088 -26.1088 42.103
      vertex -24.6828 -18.9397 46.5623
    endloop
  endfacet
  facet normal -0.458316 -0.401922 0.79272
    outer loop
      vertex -26.1088 -26.1088 42.103
      vertex -21.9995 -21.9995 46.5623
      vertex -24.6828 -18.9397 46.5623
    endloop
  endfacet
  facet normal -0.401923 -0.458315 0.79272
    outer loop
      vertex -26.1088 -26.1088 42.103
      vertex -22.4775 -29.2933 42.103
      vertex -21.9995 -21.9995 46.5623
    endloop
  endfacet
  facet normal -0.401921 -0.458316 0.792721
    outer loop
      vertex -22.4775 -29.2933 42.103
      vertex -18.9397 -24.6828 46.5623
      vertex -21.9995 -21.9995 46.5623
    endloop
  endfacet
  facet normal -0.33867 -0.50685 0.79272
    outer loop
      vertex -22.4775 -29.2933 42.103
      vertex -18.4617 -31.9766 42.103
      vertex -18.9397 -24.6828 46.5623
    endloop
  endfacet
  facet normal -0.338664 -0.506851 0.792722
    outer loop
      vertex -18.4617 -31.9766 42.103
      vertex -15.556 -26.9437 46.5623
      vertex -18.9397 -24.6828 46.5623
    endloop
  endfacet
  facet normal -0.269606 -0.546721 0.792722
    outer loop
      vertex -18.4617 -31.9766 42.103
      vertex -14.13 -34.1127 42.103
      vertex -15.556 -26.9437 46.5623
    endloop
  endfacet
  facet normal -0.269616 -0.546721 0.792719
    outer loop
      vertex -14.13 -34.1127 42.103
      vertex -11.906 -28.7437 46.5623
      vertex -15.556 -26.9437 46.5623
    endloop
  endfacet
  facet normal -0.195945 -0.577237 0.792718
    outer loop
      vertex -14.13 -34.1127 42.103
      vertex -9.55647 -35.6652 42.103
      vertex -11.906 -28.7437 46.5623
    endloop
  endfacet
  facet normal -0.19594 -0.577237 0.79272
    outer loop
      vertex -9.55647 -35.6652 42.103
      vertex -8.05236 -30.0518 46.5623
      vertex -11.906 -28.7437 46.5623
    endloop
  endfacet
  facet normal -0.118931 -0.597872 0.79272
    outer loop
      vertex -9.55647 -35.6652 42.103
      vertex -4.81947 -36.6075 42.103
      vertex -8.05236 -30.0518 46.5623
    endloop
  endfacet
  facet normal -0.118932 -0.597872 0.79272
    outer loop
      vertex -4.81947 -36.6075 42.103
      vertex -4.06092 -30.8458 46.5623
      vertex -8.05236 -30.0518 46.5623
    endloop
  endfacet
  facet normal -0.0398708 -0.608281 0.79272
    outer loop
      vertex -4.81947 -36.6075 42.103
      vertex -0 -36.9234 42.103
      vertex -4.06092 -30.8458 46.5623
    endloop
  endfacet
  facet normal -0.0398585 -0.608276 0.792724
    outer loop
      vertex -0 -36.9234 42.103
      vertex -0 -31.1119 46.5623
      vertex -4.06092 -30.8458 46.5623
    endloop
  endfacet
  facet normal 0.0398704 -0.608276 0.792724
    outer loop
      vertex -0 -36.9234 42.103
      vertex 4.81947 -36.6075 42.103
      vertex -0 -31.1119 46.5623
    endloop
  endfacet
  facet normal 0.0398589 -0.608282 0.792719
    outer loop
      vertex 4.81947 -36.6075 42.103
      vertex 4.06092 -30.8458 46.5623
      vertex -0 -31.1119 46.5623
    endloop
  endfacet
  facet normal 0.118931 -0.597872 0.79272
    outer loop
      vertex 4.81947 -36.6075 42.103
      vertex 9.55647 -35.6652 42.103
      vertex 4.06092 -30.8458 46.5623
    endloop
  endfacet
  facet normal 0.118932 -0.597871 0.79272
    outer loop
      vertex 9.55647 -35.6652 42.103
      vertex 8.05236 -30.0518 46.5623
      vertex 4.06092 -30.8458 46.5623
    endloop
  endfacet
  facet normal 0.195945 -0.577236 0.79272
    outer loop
      vertex 9.55647 -35.6652 42.103
      vertex 14.13 -34.1127 42.103
      vertex 8.05236 -30.0518 46.5623
    endloop
  endfacet
  facet normal 0.195941 -0.577239 0.792718
    outer loop
      vertex 14.13 -34.1127 42.103
      vertex 11.906 -28.7437 46.5623
      vertex 8.05236 -30.0518 46.5623
    endloop
  endfacet
  facet normal 0.269608 -0.546725 0.792719
    outer loop
      vertex 14.13 -34.1127 42.103
      vertex 18.4617 -31.9766 42.103
      vertex 11.906 -28.7437 46.5623
    endloop
  endfacet
  facet normal 0.269614 -0.546717 0.792723
    outer loop
      vertex 18.4617 -31.9766 42.103
      vertex 15.556 -26.9437 46.5623
      vertex 11.906 -28.7437 46.5623
    endloop
  endfacet
  facet normal 0.338669 -0.506848 0.792722
    outer loop
      vertex 18.4617 -31.9766 42.103
      vertex 22.4775 -29.2933 42.103
      vertex 15.556 -26.9437 46.5623
    endloop
  endfacet
  facet normal 0.338666 -0.506853 0.79272
    outer loop
      vertex 22.4775 -29.2933 42.103
      vertex 18.9397 -24.6828 46.5623
      vertex 15.556 -26.9437 46.5623
    endloop
  endfacet
  facet normal 0.401923 -0.458314 0.792721
    outer loop
      vertex 22.4775 -29.2933 42.103
      vertex 26.1088 -26.1088 42.103
      vertex 18.9397 -24.6828 46.5623
    endloop
  endfacet
  facet normal 0.401922 -0.458316 0.79272
    outer loop
      vertex 26.1088 -26.1088 42.103
      vertex 21.9995 -21.9995 46.5623
      vertex 18.9397 -24.6828 46.5623
    endloop
  endfacet
  facet normal 0.458315 -0.401923 0.79272
    outer loop
      vertex 26.1088 -26.1088 42.103
      vertex 29.2933 -22.4775 42.103
      vertex 21.9995 -21.9995 46.5623
    endloop
  endfacet
  facet normal 0.458316 -0.401921 0.792721
    outer loop
      vertex 29.2933 -22.4775 42.103
      vertex 24.6828 -18.9397 46.5623
      vertex 21.9995 -21.9995 46.5623
    endloop
  endfacet
  facet normal 0.50685 -0.33867 0.79272
    outer loop
      vertex 29.2933 -22.4775 42.103
      vertex 31.9766 -18.4617 42.103
      vertex 24.6828 -18.9397 46.5623
    endloop
  endfacet
  facet normal 0.506851 -0.338664 0.792722
    outer loop
      vertex 31.9766 -18.4617 42.103
      vertex 26.9437 -15.556 46.5623
      vertex 24.6828 -18.9397 46.5623
    endloop
  endfacet
  facet normal 0.546721 -0.269606 0.792722
    outer loop
      vertex 31.9766 -18.4617 42.103
      vertex 34.1127 -14.13 42.103
      vertex 26.9437 -15.556 46.5623
    endloop
  endfacet
  facet normal 0.546721 -0.269616 0.792719
    outer loop
      vertex 34.1127 -14.13 42.103
      vertex 28.7437 -11.906 46.5623
      vertex 26.9437 -15.556 46.5623
    endloop
  endfacet
  facet normal 0.577237 -0.195945 0.792718
    outer loop
      vertex 34.1127 -14.13 42.103
      vertex 35.6652 -9.55647 42.103
      vertex 28.7437 -11.906 46.5623
    endloop
  endfacet
  facet normal 0.577237 -0.19594 0.79272
    outer loop
      vertex 35.6652 -9.55647 42.103
      vertex 30.0518 -8.05236 46.5623
      vertex 28.7437 -11.906 46.5623
    endloop
  endfacet
  facet normal 0.597872 -0.118931 0.79272
    outer loop
      vertex 35.6652 -9.55647 42.103
      vertex 36.6075 -4.81947 42.103
      vertex 30.0518 -8.05236 46.5623
    endloop
  endfacet
  facet normal 0.597872 -0.118932 0.79272
    outer loop
      vertex 36.6075 -4.81947 42.103
      vertex 30.8458 -4.06092 46.5623
      vertex 30.0518 -8.05236 46.5623
    endloop
  endfacet
  facet normal 0.608281 -0.0398708 0.79272
    outer loop
      vertex 36.6075 -4.81947 42.103
      vertex 36.9234 0 42.103
      vertex 30.8458 -4.06092 46.5623
    endloop
  endfacet
  facet normal 0.608276 -0.0398585 0.792724
    outer loop
      vertex 36.9234 0 42.103
      vertex 31.1119 0 46.5623
      vertex 30.8458 -4.06092 46.5623
    endloop
  endfacet
  facet normal 0.706349 0.0462969 0.706349
    outer loop
      vertex 42.103 0 36.9234
      vertex 41.7428 5.49555 36.9234
      vertex 36.9234 0 42.103
    endloop
  endfacet
  facet normal 0.706348 0.0462987 0.70635
    outer loop
      vertex 41.7428 5.49555 36.9234
      vertex 36.6075 4.81947 42.103
      vertex 36.9234 0 42.103
    endloop
  endfacet
  facet normal 0.694263 0.138093 0.70635
    outer loop
      vertex 41.7428 5.49555 36.9234
      vertex 40.6684 10.8971 36.9234
      vertex 36.6075 4.81947 42.103
    endloop
  endfacet
  facet normal 0.694254 0.138103 0.706356
    outer loop
      vertex 40.6684 10.8971 36.9234
      vertex 35.6652 9.55647 42.103
      vertex 36.6075 4.81947 42.103
    endloop
  endfacet
  facet normal 0.67029 0.227539 0.706355
    outer loop
      vertex 40.6684 10.8971 36.9234
      vertex 38.8981 16.1121 36.9234
      vertex 35.6652 9.55647 42.103
    endloop
  endfacet
  facet normal 0.670295 0.227534 0.706352
    outer loop
      vertex 38.8981 16.1121 36.9234
      vertex 34.1127 14.13 42.103
      vertex 35.6652 9.55647 42.103
    endloop
  endfacet
  facet normal 0.634863 0.313074 0.706352
    outer loop
      vertex 38.8981 16.1121 36.9234
      vertex 36.4623 21.0515 36.9234
      vertex 34.1127 14.13 42.103
    endloop
  endfacet
  facet normal 0.634866 0.313073 0.70635
    outer loop
      vertex 36.4623 21.0515 36.9234
      vertex 31.9766 18.4617 42.103
      vertex 34.1127 14.13 42.103
    endloop
  endfacet
  facet normal 0.588567 0.393265 0.706351
    outer loop
      vertex 36.4623 21.0515 36.9234
      vertex 33.4026 25.6307 36.9234
      vertex 31.9766 18.4617 42.103
    endloop
  endfacet
  facet normal 0.588561 0.393268 0.706354
    outer loop
      vertex 33.4026 25.6307 36.9234
      vertex 29.2933 22.4775 42.103
      vertex 31.9766 18.4617 42.103
    endloop
  endfacet
  facet normal 0.532191 0.466731 0.706353
    outer loop
      vertex 33.4026 25.6307 36.9234
      vertex 29.7713 29.7713 36.9234
      vertex 29.2933 22.4775 42.103
    endloop
  endfacet
  facet normal 0.532208 0.466724 0.706345
    outer loop
      vertex 29.7713 29.7713 36.9234
      vertex 26.1088 26.1088 42.103
      vertex 29.2933 22.4775 42.103
    endloop
  endfacet
  facet normal 0.466736 0.532197 0.706346
    outer loop
      vertex 29.7713 29.7713 36.9234
      vertex 25.6307 33.4026 36.9234
      vertex 26.1088 26.1088 42.103
    endloop
  endfacet
  facet normal 0.466718 0.532201 0.706354
    outer loop
      vertex 25.6307 33.4026 36.9234
      vertex 22.4775 29.2933 42.103
      vertex 26.1088 26.1088 42.103
    endloop
  endfacet
  facet normal 0.393263 0.588565 0.706353
    outer loop
      vertex 25.6307 33.4026 36.9234
      vertex 21.0515 36.4623 36.9234
      vertex 22.4775 29.2933 42.103
    endloop
  endfacet
  facet normal 0.39327 0.588564 0.70635
    outer loop
      vertex 21.0515 36.4623 36.9234
      vertex 18.4617 31.9766 42.103
      vertex 22.4775 29.2933 42.103
    endloop
  endfacet
  facet normal 0.313075 0.634864 0.706351
    outer loop
      vertex 21.0515 36.4623 36.9234
      vertex 16.1121 38.8981 36.9234
      vertex 18.4617 31.9766 42.103
    endloop
  endfacet
  facet normal 0.313072 0.634864 0.706352
    outer loop
      vertex 16.1121 38.8981 36.9234
      vertex 14.13 34.1127 42.103
      vertex 18.4617 31.9766 42.103
    endloop
  endfacet
  facet normal 0.22754 0.670292 0.706352
    outer loop
      vertex 16.1121 38.8981 36.9234
      vertex 10.8971 40.6684 36.9234
      vertex 14.13 34.1127 42.103
    endloop
  endfacet
  facet normal 0.227533 0.670291 0.706356
    outer loop
      vertex 10.8971 40.6684 36.9234
      vertex 9.55647 35.6652 42.103
      vertex 14.13 34.1127 42.103
    endloop
  endfacet
  facet normal 0.138092 0.694257 0.706355
    outer loop
      vertex 10.8971 40.6684 36.9234
      vertex 5.49555 41.7428 36.9234
      vertex 9.55647 35.6652 42.103
    endloop
  endfacet
  facet normal 0.138105 0.694261 0.706349
    outer loop
      vertex 5.49555 41.7428 36.9234
      vertex 4.81947 36.6075 42.103
      vertex 9.55647 35.6652 42.103
    endloop
  endfacet
  facet normal 0.0462968 0.706348 0.706349
    outer loop
      vertex 5.49555 41.7428 36.9234
      vertex 0 42.103 36.9234
      vertex 4.81947 36.6075 42.103
    endloop
  endfacet
  facet normal 0.0462988 0.706349 0.706349
    outer loop
      vertex 0 42.103 36.9234
      vertex 0 36.9234 42.103
      vertex 4.81947 36.6075 42.103
    endloop
  endfacet
  facet normal -0.0462969 0.706349 0.706349
    outer loop
      vertex 0 42.103 36.9234
      vertex -5.49555 41.7428 36.9234
      vertex 0 36.9234 42.103
    endloop
  endfacet
  facet normal -0.0462987 0.706348 0.70635
    outer loop
      vertex -5.49555 41.7428 36.9234
      vertex -4.81947 36.6075 42.103
      vertex 0 36.9234 42.103
    endloop
  endfacet
  facet normal -0.138093 0.694263 0.70635
    outer loop
      vertex -5.49555 41.7428 36.9234
      vertex -10.8971 40.6684 36.9234
      vertex -4.81947 36.6075 42.103
    endloop
  endfacet
  facet normal -0.138103 0.694254 0.706356
    outer loop
      vertex -10.8971 40.6684 36.9234
      vertex -9.55647 35.6652 42.103
      vertex -4.81947 36.6075 42.103
    endloop
  endfacet
  facet normal -0.227539 0.67029 0.706355
    outer loop
      vertex -10.8971 40.6684 36.9234
      vertex -16.1121 38.8981 36.9234
      vertex -9.55647 35.6652 42.103
    endloop
  endfacet
  facet normal -0.227534 0.670295 0.706352
    outer loop
      vertex -16.1121 38.8981 36.9234
      vertex -14.13 34.1127 42.103
      vertex -9.55647 35.6652 42.103
    endloop
  endfacet
  facet normal -0.313074 0.634863 0.706352
    outer loop
      vertex -16.1121 38.8981 36.9234
      vertex -21.0515 36.4623 36.9234
      vertex -14.13 34.1127 42.103
    endloop
  endfacet
  facet normal -0.313073 0.634866 0.70635
    outer loop
      vertex -21.0515 36.4623 36.9234
      vertex -18.4617 31.9766 42.103
      vertex -14.13 34.1127 42.103
    endloop
  endfacet
  facet normal -0.393265 0.588567 0.706351
    outer loop
      vertex -21.0515 36.4623 36.9234
      vertex -25.6307 33.4026 36.9234
      vertex -18.4617 31.9766 42.103
    endloop
  endfacet
  facet normal -0.393268 0.588561 0.706354
    outer loop
      vertex -25.6307 33.4026 36.9234
      vertex -22.4775 29.2933 42.103
      vertex -18.4617 31.9766 42.103
    endloop
  endfacet
  facet normal -0.466731 0.532191 0.706353
    outer loop
      vertex -25.6307 33.4026 36.9234
      vertex -29.7713 29.7713 36.9234
      vertex -22.4775 29.2933 42.103
    endloop
  endfacet
  facet normal -0.466724 0.532208 0.706345
    outer loop
      vertex -29.7713 29.7713 36.9234
      vertex -26.1088 26.1088 42.103
      vertex -22.4775 29.2933 42.103
    endloop
  endfacet
  facet normal -0.532197 0.466736 0.706346
    outer loop
      vertex -29.7713 29.7713 36.9234
      vertex -33.4026 25.6307 36.9234
      vertex -26.1088 26.1088 42.103
    endloop
  endfacet
  facet normal -0.532201 0.466718 0.706354
    outer loop
      vertex -33.4026 25.6307 36.9234
      vertex -29.2933 22.4775 42.103
      vertex -26.1088 26.1088 42.103
    endloop
  endfacet
  facet normal -0.588565 0.393263 0.706353
    outer loop
      vertex -33.4026 25.6307 36.9234
      vertex -36.4623 21.0515 36.9234
      vertex -29.2933 22.4775 42.103
    endloop
  endfacet
  facet normal -0.588564 0.39327 0.70635
    outer loop
      vertex -36.4623 21.0515 36.9234
      vertex -31.9766 18.4617 42.103
      vertex -29.2933 22.4775 42.103
    endloop
  endfacet
  facet normal -0.634864 0.313075 0.706351
    outer loop
      vertex -36.4623 21.0515 36.9234
      vertex -38.8981 16.1121 36.9234
      vertex -31.9766 18.4617 42.103
    endloop
  endfacet
  facet normal -0.634864 0.313072 0.706352
    outer loop
      vertex -38.8981 16.1121 36.9234
      vertex -34.1127 14.13 42.103
      vertex -31.9766 18.4617 42.103
    endloop
  endfacet
  facet normal -0.670292 0.22754 0.706352
    outer loop
      vertex -38.8981 16.1121 36.9234
      vertex -40.6684 10.8971 36.9234
      vertex -34.1127 14.13 42.103
    endloop
  endfacet
  facet normal -0.670291 0.227533 0.706356
    outer loop
      vertex -40.6684 10.8971 36.9234
      vertex -35.6652 9.55647 42.103
      vertex -34.1127 14.13 42.103
    endloop
  endfacet
  facet normal -0.694257 0.138092 0.706355
    outer loop
      vertex -40.6684 10.8971 36.9234
      vertex -41.7428 5.49555 36.9234
      vertex -35.6652 9.55647 42.103
    endloop
  endfacet
  facet normal -0.694261 0.138105 0.706349
    outer loop
      vertex -41.7428 5.49555 36.9234
      vertex -36.6075 4.81947 42.103
      vertex -35.6652 9.55647 42.103
    endloop
  endfacet
  facet normal -0.706348 0.0462968 0.706349
    outer loop
      vertex -41.7428 5.49555 36.9234
      vertex -42.103 -0 36.9234
      vertex -36.6075 4.81947 42.103
    endloop
  endfacet
  facet normal -0.706349 0.0462988 0.706349
    outer loop
      vertex -42.103 -0 36.9234
      vertex -36.9234 -0 42.103
      vertex -36.6075 4.81947 42.103
    endloop
  endfacet
  facet normal -0.706349 -0.0462969 0.706349
    outer loop
      vertex -42.103 -0 36.9234
      vertex -41.7428 -5.49555 36.9234
      vertex -36.9234 -0 42.103
    endloop
  endfacet
  facet normal -0.706348 -0.0462987 0.70635
    outer loop
      vertex -41.7428 -5.49555 36.9234
      vertex -36.6075 -4.81947 42.103
      vertex -36.9234 -0 42.103
    endloop
  endfacet
  facet normal -0.694263 -0.138093 0.70635
    outer loop
      vertex -41.7428 -5.49555 36.9234
      vertex -40.6684 -10.8971 36.9234
      vertex -36.6075 -4.81947 42.103
    endloop
  endfacet
  facet normal -0.694254 -0.138103 0.706356
    outer loop
      vertex -40.6684 -10.8971 36.9234
      vertex -35.6652 -9.55647 42.103
      vertex -36.6075 -4.81947 42.103
    endloop
  endfacet
  facet normal -0.67029 -0.227539 0.706355
    outer loop
      vertex -40.6684 -10.8971 36.9234
      vertex -38.8981 -16.1121 36.9234
      vertex -35.6652 -9.55647 42.103
    endloop
  endfacet
  facet normal -0.670295 -0.227534 0.706352
    outer loop
      vertex -38.8981 -16.1121 36.9234
      vertex -34.1127 -14.13 42.103
      vertex -35.6652 -9.55647 42.103
    endloop
  endfacet
  facet normal -0.634863 -0.313074 0.706352
    outer loop
      vertex -38.8981 -16.1121 36.9234
      vertex -36.4623 -21.0515 36.9234
      vertex -34.1127 -14.13 42.103
    endloop
  endfacet
  facet normal -0.634866 -0.313073 0.70635
    outer loop
      vertex -36.4623 -21.0515 36.9234
      vertex -31.9766 -18.4617 42.103
      vertex -34.1127 -14.13 42.103
    endloop
  endfacet
  facet normal -0.588567 -0.393265 0.706351
    outer loop
      vertex -36.4623 -21.0515 36.9234
      vertex -33.4026 -25.6307 36.9234
      vertex -31.9766 -18.4617 42.103
    endloop
  endfacet
  facet normal -0.588561 -0.393268 0.706354
    outer loop
      vertex -33.4026 -25.6307 36.9234
      vertex -29.2933 -22.4775 42.103
      vertex -31.9766 -18.4617 42.103
    endloop
  endfacet
  facet normal -0.532191 -0.466731 0.706353
    outer loop
      vertex -33.4026 -25.6307 36.9234
      vertex -29.7713 -29.7713 36.9234
      vertex -29.2933 -22.4775 42.103
    endloop
  endfacet
  facet normal -0.532208 -0.466724 0.706345
    outer loop
      vertex -29.7713 -29.7713 36.9234
      vertex -26.1088 -26.1088 42.103
      vertex -29.2933 -22.4775 42.103
    endloop
  endfacet
  facet normal -0.466736 -0.532197 0.706346
    outer loop
      vertex -29.7713 -29.7713 36.9234
      vertex -25.6307 -33.4026 36.9234
      vertex -26.1088 -26.1088 42.103
    endloop
  endfacet
  facet normal -0.466718 -0.532201 0.706354
    outer loop
      vertex -25.6307 -33.4026 36.9234
      vertex -22.4775 -29.2933 42.103
      vertex -26.1088 -26.1088 42.103
    endloop
  endfacet
  facet normal -0.393263 -0.588565 0.706353
    outer loop
      vertex -25.6307 -33.4026 36.9234
      vertex -21.0515 -36.4623 36.9234
      vertex -22.4775 -29.2933 42.103
    endloop
  endfacet
  facet normal -0.39327 -0.588564 0.70635
    outer loop
      vertex -21.0515 -36.4623 36.9234
      vertex -18.4617 -31.9766 42.103
      vertex -22.4775 -29.2933 42.103
    endloop
  endfacet
  facet normal -0.313075 -0.634864 0.706351
    outer loop
      vertex -21.0515 -36.4623 36.9234
      vertex -16.1121 -38.8981 36.9234
      vertex -18.4617 -31.9766 42.103
    endloop
  endfacet
  facet normal -0.313072 -0.634864 0.706352
    outer loop
      vertex -16.1121 -38.8981 36.9234
      vertex -14.13 -34.1127 42.103
      vertex -18.4617 -31.9766 42.103
    endloop
  endfacet
  facet normal -0.22754 -0.670292 0.706352
    outer loop
      vertex -16.1121 -38.8981 36.9234
      vertex -10.8971 -40.6684 36.9234
      vertex -14.13 -34.1127 42.103
    endloop
  endfacet
  facet normal -0.227533 -0.670291 0.706356
    outer loop
      vertex -10.8971 -40.6684 36.9234
      vertex -9.55647 -35.6652 42.103
      vertex -14.13 -34.1127 42.103
    endloop
  endfacet
  facet normal -0.138092 -0.694257 0.706355
    outer loop
      vertex -10.8971 -40.6684 36.9234
      vertex -5.49555 -41.7428 36.9234
      vertex -9.55647 -35.6652 42.103
    endloop
  endfacet
  facet normal -0.138105 -0.694261 0.706349
    outer loop
      vertex -5.49555 -41.7428 36.9234
      vertex -4.81947 -36.6075 42.103
      vertex -9.55647 -35.6652 42.103
    endloop
  endfacet
  facet normal -0.0462968 -0.706348 0.706349
    outer loop
      vertex -5.49555 -41.7428 36.9234
      vertex -0 -42.103 36.9234
      vertex -4.81947 -36.6075 42.103
    endloop
  endfacet
  facet normal -0.0462988 -0.706349 0.706349
    outer loop
      vertex -0 -42.103 36.9234
      vertex -0 -36.9234 42.103
      vertex -4.81947 -36.6075 42.103
    endloop
  endfacet
  facet normal 0.0462969 -0.706349 0.706349
    outer loop
      vertex -0 -42.103 36.9234
      vertex 5.49555 -41.7428 36.9234
      vertex -0 -36.9234 42.103
    endloop
  endfacet
  facet normal 0.0462987 -0.706348 0.70635
    outer loop
      vertex 5.49555 -41.7428 36.9234
      vertex 4.81947 -36.6075 42.103
      vertex -0 -36.9234 42.103
    endloop
  endfacet
  facet normal 0.138093 -0.694263 0.70635
    outer loop
      vertex 5.49555 -41.7428 36.9234
      vertex 10.8971 -40.6684 36.9234
      vertex 4.81947 -36.6075 42.103
    endloop
  endfacet
  facet normal 0.138103 -0.694254 0.706356
    outer loop
      vertex 10.8971 -40.6684 36.9234
      vertex 9.55647 -35.6652 42.103
      vertex 4.81947 -36.6075 42.103
    endloop
  endfacet
  facet normal 0.227539 -0.67029 0.706355
    outer loop
      vertex 10.8971 -40.6684 36.9234
      vertex 16.1121 -38.8981 36.9234
      vertex 9.55647 -35.6652 42.103
    endloop
  endfacet
  facet normal 0.227534 -0.670295 0.706352
    outer loop
      vertex 16.1121 -38.8981 36.9234
      vertex 14.13 -34.1127 42.103
      vertex 9.55647 -35.6652 42.103
    endloop
  endfacet
  facet normal 0.313074 -0.634863 0.706352
    outer loop
      vertex 16.1121 -38.8981 36.9234
      vertex 21.0515 -36.4623 36.9234
      vertex 14.13 -34.1127 42.103
    endloop
  endfacet
  facet normal 0.313073 -0.634866 0.70635
    outer loop
      vertex 21.0515 -36.4623 36.9234
      vertex 18.4617 -31.9766 42.103
      vertex 14.13 -34.1127 42.103
    endloop
  endfacet
  facet normal 0.393265 -0.588567 0.706351
    outer loop
      vertex 21.0515 -36.4623 36.9234
      vertex 25.6307 -33.4026 36.9234
      vertex 18.4617 -31.9766 42.103
    endloop
  endfacet
  facet normal 0.393268 -0.588561 0.706354
    outer loop
      vertex 25.6307 -33.4026 36.9234
      vertex 22.4775 -29.2933 42.103
      vertex 18.4617 -31.9766 42.103
    endloop
  endfacet
  facet normal 0.466731 -0.532191 0.706353
    outer loop
      vertex 25.6307 -33.4026 36.9234
      vertex 29.7713 -29.7713 36.9234
      vertex 22.4775 -29.2933 42.103
    endloop
  endfacet
  facet normal 0.466724 -0.532208 0.706345
    outer loop
      vertex 29.7713 -29.7713 36.9234
      vertex 26.1088 -26.1088 42.103
      vertex 22.4775 -29.2933 42.103
    endloop
  endfacet
  facet normal 0.532197 -0.466736 0.706346
    outer loop
      vertex 29.7713 -29.7713 36.9234
      vertex 33.4026 -25.6307 36.9234
      vertex 26.1088 -26.1088 42.103
    endloop
  endfacet
  facet normal 0.532201 -0.466718 0.706354
    outer loop
      vertex 33.4026 -25.6307 36.9234
      vertex 29.2933 -22.4775 42.103
      vertex 26.1088 -26.1088 42.103
    endloop
  endfacet
  facet normal 0.588565 -0.393263 0.706353
    outer loop
      vertex 33.4026 -25.6307 36.9234
      vertex 36.4623 -21.0515 36.9234
      vertex 29.2933 -22.4775 42.103
    endloop
  endfacet
  facet normal 0.588564 -0.39327 0.70635
    outer loop
      vertex 36.4623 -21.0515 36.9234
      vertex 31.9766 -18.4617 42.103
      vertex 29.2933 -22.4775 42.103
    endloop
  endfacet
  facet normal 0.634864 -0.313075 0.706351
    outer loop
      vertex 36.4623 -21.0515 36.9234
      vertex 38.8981 -16.1121 36.9234
      vertex 31.9766 -18.4617 42.103
    endloop
  endfacet
  facet normal 0.634864 -0.313072 0.706352
    outer loop
      vertex 38.8981 -16.1121 36.9234
      vertex 34.1127 -14.13 42.103
      vertex 31.9766 -18.4617 42.103
    endloop
  endfacet
  facet normal 0.670292 -0.22754 0.706352
    outer loop
      vertex 38.8981 -16.1121 36.9234
      vertex 40.6684 -10.8971 36.9234
      vertex 34.1127 -14.13 42.103
    endloop
  endfacet
  facet normal 0.670291 -0.227533 0.706356
    outer loop
      vertex 40.6684 -10.8971 36.9234
      vertex 35.6652 -9.55647 42.103
      vertex 34.1127 -14.13 42.103
    endloop
  endfacet
  facet normal 0.694257 -0.138092 0.706355
    outer loop
      vertex 40.6684 -10.8971 36.9234
      vertex 41.7428 -5.49555 36.9234
      vertex 35.6652 -9.55647 42.103
    endloop
  endfacet
  facet normal 0.694261 -0.138105 0.706349
    outer loop
      vertex 41.7428 -5.49555 36.9234
      vertex 36.6075 -4.81947 42.103
      vertex 35.6652 -9.55647 42.103
    endloop
  endfacet
  facet normal 0.706348 -0.0462968 0.706349
    outer loop
      vertex 41.7428 -5.49555 36.9234
      vertex 42.103 0 36.9234
      vertex 36.6075 -4.81947 42.103
    endloop
  endfacet
  facet normal 0.706349 -0.0462988 0.706349
    outer loop
      vertex 42.103 0 36.9234
      vertex 36.9234 0 42.103
      vertex 36.6075 -4.81947 42.103
    endloop
  endfacet
  facet normal 0.792285 0.051923 0.607938
    outer loop
      vertex 46.5623 0 31.1119
      vertex 46.164 6.0776 31.1119
      vertex 42.103 0 36.9234
    endloop
  endfacet
  facet normal 0.792281 0.0519292 0.607943
    outer loop
      vertex 46.164 6.0776 31.1119
      vertex 41.7428 5.49555 36.9234
      vertex 42.103 0 36.9234
    endloop
  endfacet
  facet normal 0.778723 0.154908 0.607942
    outer loop
      vertex 46.164 6.0776 31.1119
      vertex 44.9757 12.0512 31.1119
      vertex 41.7428 5.49555 36.9234
    endloop
  endfacet
  facet normal 0.778733 0.154895 0.607933
    outer loop
      vertex 44.9757 12.0512 31.1119
      vertex 40.6684 10.8971 36.9234
      vertex 41.7428 5.49555 36.9234
    endloop
  endfacet
  facet normal 0.751854 0.255211 0.607933
    outer loop
      vertex 44.9757 12.0512 31.1119
      vertex 43.018 17.8186 31.1119
      vertex 40.6684 10.8971 36.9234
    endloop
  endfacet
  facet normal 0.751843 0.255223 0.607942
    outer loop
      vertex 43.018 17.8186 31.1119
      vertex 38.8981 16.1121 36.9234
      vertex 40.6684 10.8971 36.9234
    endloop
  endfacet
  facet normal 0.712096 0.351179 0.607941
    outer loop
      vertex 43.018 17.8186 31.1119
      vertex 40.3241 23.2811 31.1119
      vertex 38.8981 16.1121 36.9234
    endloop
  endfacet
  facet normal 0.71211 0.351168 0.607931
    outer loop
      vertex 40.3241 23.2811 31.1119
      vertex 36.4623 21.0515 36.9234
      vertex 38.8981 16.1121 36.9234
    endloop
  endfacet
  facet normal 0.660184 0.441109 0.607931
    outer loop
      vertex 40.3241 23.2811 31.1119
      vertex 36.9404 28.3453 31.1119
      vertex 36.4623 21.0515 36.9234
    endloop
  endfacet
  facet normal 0.660177 0.441113 0.607936
    outer loop
      vertex 36.9404 28.3453 31.1119
      vertex 33.4026 25.6307 36.9234
      vertex 36.4623 21.0515 36.9234
    endloop
  endfacet
  facet normal 0.596948 0.523515 0.607935
    outer loop
      vertex 36.9404 28.3453 31.1119
      vertex 32.9245 32.9245 31.1119
      vertex 33.4026 25.6307 36.9234
    endloop
  endfacet
  facet normal 0.596942 0.523518 0.607938
    outer loop
      vertex 32.9245 32.9245 31.1119
      vertex 29.7713 29.7713 36.9234
      vertex 33.4026 25.6307 36.9234
    endloop
  endfacet
  facet normal 0.523514 0.596946 0.607938
    outer loop
      vertex 32.9245 32.9245 31.1119
      vertex 28.3453 36.9404 31.1119
      vertex 29.7713 29.7713 36.9234
    endloop
  endfacet
  facet normal 0.523519 0.596944 0.607935
    outer loop
      vertex 28.3453 36.9404 31.1119
      vertex 25.6307 33.4026 36.9234
      vertex 29.7713 29.7713 36.9234
    endloop
  endfacet
  facet normal 0.441107 0.660181 0.607936
    outer loop
      vertex 28.3453 36.9404 31.1119
      vertex 23.2811 40.3241 31.1119
      vertex 25.6307 33.4026 36.9234
    endloop
  endfacet
  facet normal 0.441115 0.66018 0.607931
    outer loop
      vertex 23.2811 40.3241 31.1119
      vertex 21.0515 36.4623 36.9234
      vertex 25.6307 33.4026 36.9234
    endloop
  endfacet
  facet normal 0.351182 0.712103 0.607932
    outer loop
      vertex 23.2811 40.3241 31.1119
      vertex 17.8186 43.018 31.1119
      vertex 21.0515 36.4623 36.9234
    endloop
  endfacet
  facet normal 0.351164 0.712103 0.607942
    outer loop
      vertex 17.8186 43.018 31.1119
      vertex 16.1121 38.8981 36.9234
      vertex 21.0515 36.4623 36.9234
    endloop
  endfacet
  facet normal 0.255209 0.751848 0.607942
    outer loop
      vertex 17.8186 43.018 31.1119
      vertex 12.0512 44.9757 31.1119
      vertex 16.1121 38.8981 36.9234
    endloop
  endfacet
  facet normal 0.255225 0.75185 0.607932
    outer loop
      vertex 12.0512 44.9757 31.1119
      vertex 10.8971 40.6684 36.9234
      vertex 16.1121 38.8981 36.9234
    endloop
  endfacet
  facet normal 0.154909 0.77873 0.607933
    outer loop
      vertex 12.0512 44.9757 31.1119
      vertex 6.0776 46.164 31.1119
      vertex 10.8971 40.6684 36.9234
    endloop
  endfacet
  facet normal 0.154893 0.778726 0.607943
    outer loop
      vertex 6.0776 46.164 31.1119
      vertex 5.49555 41.7428 36.9234
      vertex 10.8971 40.6684 36.9234
    endloop
  endfacet
  facet normal 0.0519228 0.792282 0.607942
    outer loop
      vertex 6.0776 46.164 31.1119
      vertex 0 46.5623 31.1119
      vertex 5.49555 41.7428 36.9234
    endloop
  endfacet
  facet normal 0.0519294 0.792284 0.607938
    outer loop
      vertex 0 46.5623 31.1119
      vertex 0 42.103 36.9234
      vertex 5.49555 41.7428 36.9234
    endloop
  endfacet
  facet normal -0.051923 0.792285 0.607938
    outer loop
      vertex 0 46.5623 31.1119
      vertex -6.0776 46.164 31.1119
      vertex 0 42.103 36.9234
    endloop
  endfacet
  facet normal -0.0519292 0.792281 0.607943
    outer loop
      vertex -6.0776 46.164 31.1119
      vertex -5.49555 41.7428 36.9234
      vertex 0 42.103 36.9234
    endloop
  endfacet
  facet normal -0.154908 0.778723 0.607942
    outer loop
      vertex -6.0776 46.164 31.1119
      vertex -12.0512 44.9757 31.1119
      vertex -5.49555 41.7428 36.9234
    endloop
  endfacet
  facet normal -0.154895 0.778733 0.607933
    outer loop
      vertex -12.0512 44.9757 31.1119
      vertex -10.8971 40.6684 36.9234
      vertex -5.49555 41.7428 36.9234
    endloop
  endfacet
  facet normal -0.255211 0.751854 0.607933
    outer loop
      vertex -12.0512 44.9757 31.1119
      vertex -17.8186 43.018 31.1119
      vertex -10.8971 40.6684 36.9234
    endloop
  endfacet
  facet normal -0.255223 0.751843 0.607942
    outer loop
      vertex -17.8186 43.018 31.1119
      vertex -16.1121 38.8981 36.9234
      vertex -10.8971 40.6684 36.9234
    endloop
  endfacet
  facet normal -0.351179 0.712096 0.607941
    outer loop
      vertex -17.8186 43.018 31.1119
      vertex -23.2811 40.3241 31.1119
      vertex -16.1121 38.8981 36.9234
    endloop
  endfacet
  facet normal -0.351168 0.71211 0.607931
    outer loop
      vertex -23.2811 40.3241 31.1119
      vertex -21.0515 36.4623 36.9234
      vertex -16.1121 38.8981 36.9234
    endloop
  endfacet
  facet normal -0.441109 0.660184 0.607931
    outer loop
      vertex -23.2811 40.3241 31.1119
      vertex -28.3453 36.9404 31.1119
      vertex -21.0515 36.4623 36.9234
    endloop
  endfacet
  facet normal -0.441113 0.660177 0.607936
    outer loop
      vertex -28.3453 36.9404 31.1119
      vertex -25.6307 33.4026 36.9234
      vertex -21.0515 36.4623 36.9234
    endloop
  endfacet
  facet normal -0.523515 0.596948 0.607935
    outer loop
      vertex -28.3453 36.9404 31.1119
      vertex -32.9245 32.9245 31.1119
      vertex -25.6307 33.4026 36.9234
    endloop
  endfacet
  facet normal -0.523518 0.596942 0.607938
    outer loop
      vertex -32.9245 32.9245 31.1119
      vertex -29.7713 29.7713 36.9234
      vertex -25.6307 33.4026 36.9234
    endloop
  endfacet
  facet normal -0.596946 0.523514 0.607938
    outer loop
      vertex -32.9245 32.9245 31.1119
      vertex -36.9404 28.3453 31.1119
      vertex -29.7713 29.7713 36.9234
    endloop
  endfacet
  facet normal -0.596944 0.523519 0.607935
    outer loop
      vertex -36.9404 28.3453 31.1119
      vertex -33.4026 25.6307 36.9234
      vertex -29.7713 29.7713 36.9234
    endloop
  endfacet
  facet normal -0.660181 0.441107 0.607936
    outer loop
      vertex -36.9404 28.3453 31.1119
      vertex -40.3241 23.2811 31.1119
      vertex -33.4026 25.6307 36.9234
    endloop
  endfacet
  facet normal -0.66018 0.441115 0.607931
    outer loop
      vertex -40.3241 23.2811 31.1119
      vertex -36.4623 21.0515 36.9234
      vertex -33.4026 25.6307 36.9234
    endloop
  endfacet
  facet normal -0.712103 0.351182 0.607932
    outer loop
      vertex -40.3241 23.2811 31.1119
      vertex -43.018 17.8186 31.1119
      vertex -36.4623 21.0515 36.9234
    endloop
  endfacet
  facet normal -0.712103 0.351164 0.607942
    outer loop
      vertex -43.018 17.8186 31.1119
      vertex -38.8981 16.1121 36.9234
      vertex -36.4623 21.0515 36.9234
    endloop
  endfacet
  facet normal -0.751848 0.255209 0.607942
    outer loop
      vertex -43.018 17.8186 31.1119
      vertex -44.9757 12.0512 31.1119
      vertex -38.8981 16.1121 36.9234
    endloop
  endfacet
  facet normal -0.75185 0.255225 0.607932
    outer loop
      vertex -44.9757 12.0512 31.1119
      vertex -40.6684 10.8971 36.9234
      vertex -38.8981 16.1121 36.9234
    endloop
  endfacet
  facet normal -0.77873 0.154909 0.607933
    outer loop
      vertex -44.9757 12.0512 31.1119
      vertex -46.164 6.0776 31.1119
      vertex -40.6684 10.8971 36.9234
    endloop
  endfacet
  facet normal -0.778726 0.154893 0.607943
    outer loop
      vertex -46.164 6.0776 31.1119
      vertex -41.7428 5.49555 36.9234
      vertex -40.6684 10.8971 36.9234
    endloop
  endfacet
  facet normal -0.792282 0.0519228 0.607942
    outer loop
      vertex -46.164 6.0776 31.1119
      vertex -46.5623 -0 31.1119
      vertex -41.7428 5.49555 36.9234
    endloop
  endfacet
  facet normal -0.792284 0.0519294 0.607938
    outer loop
      vertex -46.5623 -0 31.1119
      vertex -42.103 -0 36.9234
      vertex -41.7428 5.49555 36.9234
    endloop
  endfacet
  facet normal -0.792285 -0.051923 0.607938
    outer loop
      vertex -46.5623 -0 31.1119
      vertex -46.164 -6.0776 31.1119
      vertex -42.103 -0 36.9234
    endloop
  endfacet
  facet normal -0.792281 -0.0519292 0.607943
    outer loop
      vertex -46.164 -6.0776 31.1119
      vertex -41.7428 -5.49555 36.9234
      vertex -42.103 -0 36.9234
    endloop
  endfacet
  facet normal -0.778723 -0.154908 0.607942
    outer loop
      vertex -46.164 -6.0776 31.1119
      vertex -44.9757 -12.0512 31.1119
      vertex -41.7428 -5.49555 36.9234
    endloop
  endfacet
  facet normal -0.778733 -0.154895 0.607933
    outer loop
      vertex -44.9757 -12.0512 31.1119
      vertex -40.6684 -10.8971 36.9234
      vertex -41.7428 -5.49555 36.9234
    endloop
  endfacet
  facet normal -0.751854 -0.255211 0.607933
    outer loop
      vertex -44.9757 -12.0512 31.1119
      vertex -43.018 -17.8186 31.1119
      vertex -40.6684 -10.8971 36.9234
    endloop
  endfacet
  facet normal -0.751843 -0.255223 0.607942
    outer loop
      vertex -43.018 -17.8186 31.1119
      vertex -38.8981 -16.1121 36.9234
      vertex -40.6684 -10.8971 36.9234
    endloop
  endfacet
  facet normal -0.712096 -0.351179 0.607941
    outer loop
      vertex -43.018 -17.8186 31.1119
      vertex -40.3241 -23.2811 31.1119
      vertex -38.8981 -16.1121 36.9234
    endloop
  endfacet
  facet normal -0.71211 -0.351168 0.607931
    outer loop
      vertex -40.3241 -23.2811 31.1119
      vertex -36.4623 -21.0515 36.9234
      vertex -38.8981 -16.1121 36.9234
    endloop
  endfacet
  facet normal -0.660184 -0.441109 0.607931
    outer loop
      vertex -40.3241 -23.2811 31.1119
      vertex -36.9404 -28.3453 31.1119
      vertex -36.4623 -21.0515 36.9234
    endloop
  endfacet
  facet normal -0.660177 -0.441113 0.607936
    outer loop
      vertex -36.9404 -28.3453 31.1119
      vertex -33.4026 -25.6307 36.9234
      vertex -36.4623 -21.0515 36.9234
    endloop
  endfacet
  facet normal -0.596948 -0.523515 0.607935
    outer loop
      vertex -36.9404 -28.3453 31.1119
      vertex -32.9245 -32.9245 31.1119
      vertex -33.4026 -25.6307 36.9234
    endloop
  endfacet
  facet normal -0.596942 -0.523518 0.607938
    outer loop
      vertex -32.9245 -32.9245 31.1119
      vertex -29.7713 -29.7713 36.9234
      vertex -33.4026 -25.6307 36.9234
    endloop
  endfacet
  facet normal -0.523514 -0.596946 0.607938
    outer loop
      vertex -32.9245 -32.9245 31.1119
      vertex -28.3453 -36.9404 31.1119
      vertex -29.7713 -29.7713 36.9234
    endloop
  endfacet
  facet normal -0.523519 -0.596944 0.607935
    outer loop
      vertex -28.3453 -36.9404 31.1119
      vertex -25.6307 -33.4026 36.9234
      vertex -29.7713 -29.7713 36.9234
    endloop
  endfacet
  facet normal -0.441107 -0.660181 0.607936
    outer loop
      vertex -28.3453 -36.9404 31.1119
      vertex -23.2811 -40.3241 31.1119
      vertex -25.6307 -33.4026 36.9234
    endloop
  endfacet
  facet normal -0.441115 -0.66018 0.607931
    outer loop
      vertex -23.2811 -40.3241 31.1119
      vertex -21.0515 -36.4623 36.9234
      vertex -25.6307 -33.4026 36.9234
    endloop
  endfacet
  facet normal -0.351182 -0.712103 0.607932
    outer loop
      vertex -23.2811 -40.3241 31.1119
      vertex -17.8186 -43.018 31.1119
      vertex -21.0515 -36.4623 36.9234
    endloop
  endfacet
  facet normal -0.351164 -0.712103 0.607942
    outer loop
      vertex -17.8186 -43.018 31.1119
      vertex -16.1121 -38.8981 36.9234
      vertex -21.0515 -36.4623 36.9234
    endloop
  endfacet
  facet normal -0.255209 -0.751848 0.607942
    outer loop
      vertex -17.8186 -43.018 31.1119
      vertex -12.0512 -44.9757 31.1119
      vertex -16.1121 -38.8981 36.9234
    endloop
  endfacet
  facet normal -0.255225 -0.75185 0.607932
    outer loop
      vertex -12.0512 -44.9757 31.1119
      vertex -10.8971 -40.6684 36.9234
      vertex -16.1121 -38.8981 36.9234
    endloop
  endfacet
  facet normal -0.154909 -0.77873 0.607933
    outer loop
      vertex -12.0512 -44.9757 31.1119
      vertex -6.0776 -46.164 31.1119
      vertex -10.8971 -40.6684 36.9234
    endloop
  endfacet
  facet normal -0.154893 -0.778726 0.607943
    outer loop
      vertex -6.0776 -46.164 31.1119
      vertex -5.49555 -41.7428 36.9234
      vertex -10.8971 -40.6684 36.9234
    endloop
  endfacet
  facet normal -0.0519228 -0.792282 0.607942
    outer loop
      vertex -6.0776 -46.164 31.1119
      vertex -0 -46.5623 31.1119
      vertex -5.49555 -41.7428 36.9234
    endloop
  endfacet
  facet normal -0.0519294 -0.792284 0.607938
    outer loop
      vertex -0 -46.5623 31.1119
      vertex -0 -42.103 36.9234
      vertex -5.49555 -41.7428 36.9234
    endloop
  endfacet
  facet normal 0.051923 -0.792285 0.607938
    outer loop
      vertex -0 -46.5623 31.1119
      vertex 6.0776 -46.164 31.1119
      vertex -0 -42.103 36.9234
    endloop
  endfacet
  facet normal 0.0519292 -0.792281 0.607943
    outer loop
      vertex 6.0776 -46.164 31.1119
      vertex 5.49555 -41.7428 36.9234
      vertex -0 -42.103 36.9234
    endloop
  endfacet
  facet normal 0.154908 -0.778723 0.607942
    outer loop
      vertex 6.0776 -46.164 31.1119
      vertex 12.0512 -44.9757 31.1119
      vertex 5.49555 -41.7428 36.9234
    endloop
  endfacet
  facet normal 0.154895 -0.778733 0.607933
    outer loop
      vertex 12.0512 -44.9757 31.1119
      vertex 10.8971 -40.6684 36.9234
      vertex 5.49555 -41.7428 36.9234
    endloop
  endfacet
  facet normal 0.255211 -0.751854 0.607933
    outer loop
      vertex 12.0512 -44.9757 31.1119
      vertex 17.8186 -43.018 31.1119
      vertex 10.8971 -40.6684 36.9234
    endloop
  endfacet
  facet normal 0.255223 -0.751843 0.607942
    outer loop
      vertex 17.8186 -43.018 31.1119
      vertex 16.1121 -38.8981 36.9234
      vertex 10.8971 -40.6684 36.9234
    endloop
  endfacet
  facet normal 0.351179 -0.712096 0.607941
    outer loop
      vertex 17.8186 -43.018 31.1119
      vertex 23.2811 -40.3241 31.1119
      vertex 16.1121 -38.8981 36.9234
    endloop
  endfacet
  facet normal 0.351168 -0.71211 0.607931
    outer loop
      vertex 23.2811 -40.3241 31.1119
      vertex 21.0515 -36.4623 36.9234
      vertex 16.1121 -38.8981 36.9234
    endloop
  endfacet
  facet normal 0.441109 -0.660184 0.607931
    outer loop
      vertex 23.2811 -40.3241 31.1119
      vertex 28.3453 -36.9404 31.1119
      vertex 21.0515 -36.4623 36.9234
    endloop
  endfacet
  facet normal 0.441113 -0.660177 0.607936
    outer loop
      vertex 28.3453 -36.9404 31.1119
      vertex 25.6307 -33.4026 36.9234
      vertex 21.0515 -36.4623 36.9234
    endloop
  endfacet
  facet normal 0.523515 -0.596948 0.607935
    outer loop
      vertex 28.3453 -36.9404 31.1119
      vertex 32.9245 -32.9245 31.1119
      vertex 25.6307 -33.4026 36.9234
    endloop
  endfacet
  facet normal 0.523518 -0.596942 0.607938
    outer loop
      vertex 32.9245 -32.9245 31.1119
      vertex 29.7713 -29.7713 36.9234
      vertex 25.6307 -33.4026 36.9234
    endloop
  endfacet
  facet normal 0.596946 -0.523514 0.607938
    outer loop
      vertex 32.9245 -32.9245 31.1119
      vertex 36.9404 -28.3453 31.1119
      vertex 29.7713 -29.7713 36.9234
    endloop
  endfacet
  facet normal 0.596944 -0.523519 0.607935
    outer loop
      vertex 36.9404 -28.3453 31.1119
      vertex 33.4026 -25.6307 36.9234
      vertex 29.7713 -29.7713 36.9234
    endloop
  endfacet
  facet normal 0.660181 -0.441107 0.607936
    outer loop
      vertex 36.9404 -28.3453 31.1119
      vertex 40.3241 -23.2811 31.1119
      vertex 33.4026 -25.6307 36.9234
    endloop
  endfacet
  facet normal 0.66018 -0.441115 0.607931
    outer loop
      vertex 40.3241 -23.2811 31.1119
      vertex 36.4623 -21.0515 36.9234
      vertex 33.4026 -25.6307 36.9234
    endloop
  endfacet
  facet normal 0.712103 -0.351182 0.607932
    outer loop
      vertex 40.3241 -23.2811 31.1119
      vertex 43.018 -17.8186 31.1119
      vertex 36.4623 -21.0515 36.9234
    endloop
  endfacet
  facet normal 0.712103 -0.351164 0.607942
    outer loop
      vertex 43.018 -17.8186 31.1119
      vertex 38.8981 -16.1121 36.9234
      vertex 36.4623 -21.0515 36.9234
    endloop
  endfacet
  facet normal 0.751848 -0.255209 0.607942
    outer loop
      vertex 43.018 -17.8186 31.1119
      vertex 44.9757 -12.0512 31.1119
      vertex 38.8981 -16.1121 36.9234
    endloop
  endfacet
  facet normal 0.75185 -0.255225 0.607932
    outer loop
      vertex 44.9757 -12.0512 31.1119
      vertex 40.6684 -10.8971 36.9234
      vertex 38.8981 -16.1121 36.9234
    endloop
  endfacet
  facet normal 0.77873 -0.154909 0.607933
    outer loop
      vertex 44.9757 -12.0512 31.1119
      vertex 46.164 -6.0776 31.1119
      vertex 40.6684 -10.8971 36.9234
    endloop
  endfacet
  facet normal 0.778726 -0.154893 0.607943
    outer loop
      vertex 46.164 -6.0776 31.1119
      vertex 41.7428 -5.49555 36.9234
      vertex 40.6684 -10.8971 36.9234
    endloop
  endfacet
  facet normal 0.792282 -0.0519228 0.607942
    outer loop
      vertex 46.164 -6.0776 31.1119
      vertex 46.5623 0 31.1119
      vertex 41.7428 -5.49555 36.9234
    endloop
  endfacet
  facet normal 0.792284 -0.0519294 0.607938
    outer loop
      vertex 46.5623 0 31.1119
      vertex 42.103 0 36.9234
      vertex 41.7428 -5.49555 36.9234
    endloop
  endfacet
  facet normal 0.86463 0.0566734 0.499203
    outer loop
      vertex 50.2249 0 24.7682
      vertex 49.7952 6.55566 24.7682
      vertex 46.5623 0 31.1119
    endloop
  endfacet
  facet normal 0.864634 0.0566645 0.499196
    outer loop
      vertex 49.7952 6.55566 24.7682
      vertex 46.164 6.0776 31.1119
      vertex 46.5623 0 31.1119
    endloop
  endfacet
  facet normal 0.84984 0.169044 0.499196
    outer loop
      vertex 49.7952 6.55566 24.7682
      vertex 48.5135 12.9992 24.7682
      vertex 46.164 6.0776 31.1119
    endloop
  endfacet
  facet normal 0.849833 0.169053 0.499204
    outer loop
      vertex 48.5135 12.9992 24.7682
      vertex 44.9757 12.0512 31.1119
      vertex 46.164 6.0776 31.1119
    endloop
  endfacet
  facet normal 0.820498 0.278529 0.499204
    outer loop
      vertex 48.5135 12.9992 24.7682
      vertex 46.4017 19.2202 24.7682
      vertex 44.9757 12.0512 31.1119
    endloop
  endfacet
  facet normal 0.82051 0.278516 0.499192
    outer loop
      vertex 46.4017 19.2202 24.7682
      vertex 43.018 17.8186 31.1119
      vertex 44.9757 12.0512 31.1119
    endloop
  endfacet
  facet normal 0.777133 0.383238 0.499193
    outer loop
      vertex 46.4017 19.2202 24.7682
      vertex 43.496 25.1124 24.7682
      vertex 43.018 17.8186 31.1119
    endloop
  endfacet
  facet normal 0.777122 0.383247 0.499203
    outer loop
      vertex 43.496 25.1124 24.7682
      vertex 40.3241 23.2811 31.1119
      vertex 43.018 17.8186 31.1119
    endloop
  endfacet
  facet normal 0.720462 0.481385 0.499203
    outer loop
      vertex 43.496 25.1124 24.7682
      vertex 39.8461 30.575 24.7682
      vertex 40.3241 23.2811 31.1119
    endloop
  endfacet
  facet normal 0.720462 0.481385 0.499202
    outer loop
      vertex 39.8461 30.575 24.7682
      vertex 36.9404 28.3453 31.1119
      vertex 40.3241 23.2811 31.1119
    endloop
  endfacet
  facet normal 0.651448 0.571324 0.499203
    outer loop
      vertex 39.8461 30.575 24.7682
      vertex 35.5143 35.5143 24.7682
      vertex 36.9404 28.3453 31.1119
    endloop
  endfacet
  facet normal 0.651458 0.57132 0.499196
    outer loop
      vertex 35.5143 35.5143 24.7682
      vertex 32.9245 32.9245 31.1119
      vertex 36.9404 28.3453 31.1119
    endloop
  endfacet
  facet normal 0.571327 0.651451 0.499196
    outer loop
      vertex 35.5143 35.5143 24.7682
      vertex 30.575 39.8461 24.7682
      vertex 32.9245 32.9245 31.1119
    endloop
  endfacet
  facet normal 0.571317 0.651454 0.499203
    outer loop
      vertex 30.575 39.8461 24.7682
      vertex 28.3453 36.9404 31.1119
      vertex 32.9245 32.9245 31.1119
    endloop
  endfacet
  facet normal 0.481385 0.720462 0.499202
    outer loop
      vertex 30.575 39.8461 24.7682
      vertex 25.1124 43.496 24.7682
      vertex 28.3453 36.9404 31.1119
    endloop
  endfacet
  facet normal 0.481384 0.720462 0.499203
    outer loop
      vertex 25.1124 43.496 24.7682
      vertex 23.2811 40.3241 31.1119
      vertex 28.3453 36.9404 31.1119
    endloop
  endfacet
  facet normal 0.383235 0.777128 0.499202
    outer loop
      vertex 25.1124 43.496 24.7682
      vertex 19.2202 46.4017 24.7682
      vertex 23.2811 40.3241 31.1119
    endloop
  endfacet
  facet normal 0.38325 0.777127 0.499193
    outer loop
      vertex 19.2202 46.4017 24.7682
      vertex 17.8186 43.018 31.1119
      vertex 23.2811 40.3241 31.1119
    endloop
  endfacet
  facet normal 0.278531 0.820504 0.499193
    outer loop
      vertex 19.2202 46.4017 24.7682
      vertex 12.9992 48.5135 24.7682
      vertex 17.8186 43.018 31.1119
    endloop
  endfacet
  facet normal 0.278513 0.820503 0.499205
    outer loop
      vertex 12.9992 48.5135 24.7682
      vertex 12.0512 44.9757 31.1119
      vertex 17.8186 43.018 31.1119
    endloop
  endfacet
  facet normal 0.169043 0.849835 0.499204
    outer loop
      vertex 12.9992 48.5135 24.7682
      vertex 6.55566 49.7952 24.7682
      vertex 12.0512 44.9757 31.1119
    endloop
  endfacet
  facet normal 0.169054 0.849838 0.499196
    outer loop
      vertex 6.55566 49.7952 24.7682
      vertex 6.0776 46.164 31.1119
      vertex 12.0512 44.9757 31.1119
    endloop
  endfacet
  facet normal 0.0566736 0.864634 0.499196
    outer loop
      vertex 6.55566 49.7952 24.7682
      vertex 0 50.2249 24.7682
      vertex 6.0776 46.164 31.1119
    endloop
  endfacet
  facet normal 0.0566642 0.86463 0.499203
    outer loop
      vertex 0 50.2249 24.7682
      vertex 0 46.5623 31.1119
      vertex 6.0776 46.164 31.1119
    endloop
  endfacet
  facet normal -0.0566734 0.86463 0.499203
    outer loop
      vertex 0 50.2249 24.7682
      vertex -6.55566 49.7952 24.7682
      vertex 0 46.5623 31.1119
    endloop
  endfacet
  facet normal -0.0566645 0.864634 0.499196
    outer loop
      vertex -6.55566 49.7952 24.7682
      vertex -6.0776 46.164 31.1119
      vertex 0 46.5623 31.1119
    endloop
  endfacet
  facet normal -0.169044 0.84984 0.499196
    outer loop
      vertex -6.55566 49.7952 24.7682
      vertex -12.9992 48.5135 24.7682
      vertex -6.0776 46.164 31.1119
    endloop
  endfacet
  facet normal -0.169053 0.849833 0.499204
    outer loop
      vertex -12.9992 48.5135 24.7682
      vertex -12.0512 44.9757 31.1119
      vertex -6.0776 46.164 31.1119
    endloop
  endfacet
  facet normal -0.278529 0.820498 0.499204
    outer loop
      vertex -12.9992 48.5135 24.7682
      vertex -19.2202 46.4017 24.7682
      vertex -12.0512 44.9757 31.1119
    endloop
  endfacet
  facet normal -0.278516 0.82051 0.499192
    outer loop
      vertex -19.2202 46.4017 24.7682
      vertex -17.8186 43.018 31.1119
      vertex -12.0512 44.9757 31.1119
    endloop
  endfacet
  facet normal -0.383238 0.777133 0.499193
    outer loop
      vertex -19.2202 46.4017 24.7682
      vertex -25.1124 43.496 24.7682
      vertex -17.8186 43.018 31.1119
    endloop
  endfacet
  facet normal -0.383247 0.777122 0.499203
    outer loop
      vertex -25.1124 43.496 24.7682
      vertex -23.2811 40.3241 31.1119
      vertex -17.8186 43.018 31.1119
    endloop
  endfacet
  facet normal -0.481385 0.720462 0.499203
    outer loop
      vertex -25.1124 43.496 24.7682
      vertex -30.575 39.8461 24.7682
      vertex -23.2811 40.3241 31.1119
    endloop
  endfacet
  facet normal -0.481385 0.720462 0.499202
    outer loop
      vertex -30.575 39.8461 24.7682
      vertex -28.3453 36.9404 31.1119
      vertex -23.2811 40.3241 31.1119
    endloop
  endfacet
  facet normal -0.571324 0.651448 0.499203
    outer loop
      vertex -30.575 39.8461 24.7682
      vertex -35.5143 35.5143 24.7682
      vertex -28.3453 36.9404 31.1119
    endloop
  endfacet
  facet normal -0.57132 0.651458 0.499196
    outer loop
      vertex -35.5143 35.5143 24.7682
      vertex -32.9245 32.9245 31.1119
      vertex -28.3453 36.9404 31.1119
    endloop
  endfacet
  facet normal -0.651451 0.571327 0.499196
    outer loop
      vertex -35.5143 35.5143 24.7682
      vertex -39.8461 30.575 24.7682
      vertex -32.9245 32.9245 31.1119
    endloop
  endfacet
  facet normal -0.651454 0.571317 0.499203
    outer loop
      vertex -39.8461 30.575 24.7682
      vertex -36.9404 28.3453 31.1119
      vertex -32.9245 32.9245 31.1119
    endloop
  endfacet
  facet normal -0.720462 0.481385 0.499202
    outer loop
      vertex -39.8461 30.575 24.7682
      vertex -43.496 25.1124 24.7682
      vertex -36.9404 28.3453 31.1119
    endloop
  endfacet
  facet normal -0.720462 0.481384 0.499203
    outer loop
      vertex -43.496 25.1124 24.7682
      vertex -40.3241 23.2811 31.1119
      vertex -36.9404 28.3453 31.1119
    endloop
  endfacet
  facet normal -0.777128 0.383235 0.499202
    outer loop
      vertex -43.496 25.1124 24.7682
      vertex -46.4017 19.2202 24.7682
      vertex -40.3241 23.2811 31.1119
    endloop
  endfacet
  facet normal -0.777127 0.38325 0.499193
    outer loop
      vertex -46.4017 19.2202 24.7682
      vertex -43.018 17.8186 31.1119
      vertex -40.3241 23.2811 31.1119
    endloop
  endfacet
  facet normal -0.820504 0.278531 0.499193
    outer loop
      vertex -46.4017 19.2202 24.7682
      vertex -48.5135 12.9992 24.7682
      vertex -43.018 17.8186 31.1119
    endloop
  endfacet
  facet normal -0.820503 0.278513 0.499205
    outer loop
      vertex -48.5135 12.9992 24.7682
      vertex -44.9757 12.0512 31.1119
      vertex -43.018 17.8186 31.1119
    endloop
  endfacet
  facet normal -0.849835 0.169043 0.499204
    outer loop
      vertex -48.5135 12.9992 24.7682
      vertex -49.7952 6.55566 24.7682
      vertex -44.9757 12.0512 31.1119
    endloop
  endfacet
  facet normal -0.849838 0.169054 0.499196
    outer loop
      vertex -49.7952 6.55566 24.7682
      vertex -46.164 6.0776 31.1119
      vertex -44.9757 12.0512 31.1119
    endloop
  endfacet
  facet normal -0.864634 0.0566736 0.499196
    outer loop
      vertex -49.7952 6.55566 24.7682
      vertex -50.2249 -0 24.7682
      vertex -46.164 6.0776 31.1119
    endloop
  endfacet
  facet normal -0.86463 0.0566642 0.499203
    outer loop
      vertex -50.2249 -0 24.7682
      vertex -46.5623 -0 31.1119
      vertex -46.164 6.0776 31.1119
    endloop
  endfacet
  facet normal -0.86463 -0.0566734 0.499203
    outer loop
      vertex -50.2249 -0 24.7682
      vertex -49.7952 -6.55566 24.7682
      vertex -46.5623 -0 31.1119
    endloop
  endfacet
  facet normal -0.864634 -0.0566645 0.499196
    outer loop
      vertex -49.7952 -6.55566 24.7682
      vertex -46.164 -6.0776 31.1119
      vertex -46.5623 -0 31.1119
    endloop
  endfacet
  facet normal -0.84984 -0.169044 0.499196
    outer loop
      vertex -49.7952 -6.55566 24.7682
      vertex -48.5135 -12.9992 24.7682
      vertex -46.164 -6.0776 31.1119
    endloop
  endfacet
  facet normal -0.849833 -0.169053 0.499204
    outer loop
      vertex -48.5135 -12.9992 24.7682
      vertex -44.9757 -12.0512 31.1119
      vertex -46.164 -6.0776 31.1119
    endloop
  endfacet
  facet normal -0.820498 -0.278529 0.499204
    outer loop
      vertex -48.5135 -12.9992 24.7682
      vertex -46.4017 -19.2202 24.7682
      vertex -44.9757 -12.0512 31.1119
    endloop
  endfacet
  facet normal -0.82051 -0.278516 0.499192
    outer loop
      vertex -46.4017 -19.2202 24.7682
      vertex -43.018 -17.8186 31.1119
      vertex -44.9757 -12.0512 31.1119
    endloop
  endfacet
  facet normal -0.777133 -0.383238 0.499193
    outer loop
      vertex -46.4017 -19.2202 24.7682
      vertex -43.496 -25.1124 24.7682
      vertex -43.018 -17.8186 31.1119
    endloop
  endfacet
  facet normal -0.777122 -0.383247 0.499203
    outer loop
      vertex -43.496 -25.1124 24.7682
      vertex -40.3241 -23.2811 31.1119
      vertex -43.018 -17.8186 31.1119
    endloop
  endfacet
  facet normal -0.720462 -0.481385 0.499203
    outer loop
      vertex -43.496 -25.1124 24.7682
      vertex -39.8461 -30.575 24.7682
      vertex -40.3241 -23.2811 31.1119
    endloop
  endfacet
  facet normal -0.720462 -0.481385 0.499202
    outer loop
      vertex -39.8461 -30.575 24.7682
      vertex -36.9404 -28.3453 31.1119
      vertex -40.3241 -23.2811 31.1119
    endloop
  endfacet
  facet normal -0.651448 -0.571324 0.499203
    outer loop
      vertex -39.8461 -30.575 24.7682
      vertex -35.5143 -35.5143 24.7682
      vertex -36.9404 -28.3453 31.1119
    endloop
  endfacet
  facet normal -0.651458 -0.57132 0.499196
    outer loop
      vertex -35.5143 -35.5143 24.7682
      vertex -32.9245 -32.9245 31.1119
      vertex -36.9404 -28.3453 31.1119
    endloop
  endfacet
  facet normal -0.571327 -0.651451 0.499196
    outer loop
      vertex -35.5143 -35.5143 24.7682
      vertex -30.575 -39.8461 24.7682
      vertex -32.9245 -32.9245 31.1119
    endloop
  endfacet
  facet normal -0.571317 -0.651454 0.499203
    outer loop
      vertex -30.575 -39.8461 24.7682
      vertex -28.3453 -36.9404 31.1119
      vertex -32.9245 -32.9245 31.1119
    endloop
  endfacet
  facet normal -0.481385 -0.720462 0.499202
    outer loop
      vertex -30.575 -39.8461 24.7682
      vertex -25.1124 -43.496 24.7682
      vertex -28.3453 -36.9404 31.1119
    endloop
  endfacet
  facet normal -0.481384 -0.720462 0.499203
    outer loop
      vertex -25.1124 -43.496 24.7682
      vertex -23.2811 -40.3241 31.1119
      vertex -28.3453 -36.9404 31.1119
    endloop
  endfacet
  facet normal -0.383235 -0.777128 0.499202
    outer loop
      vertex -25.1124 -43.496 24.7682
      vertex -19.2202 -46.4017 24.7682
      vertex -23.2811 -40.3241 31.1119
    endloop
  endfacet
  facet normal -0.38325 -0.777127 0.499193
    outer loop
      vertex -19.2202 -46.4017 24.7682
      vertex -17.8186 -43.018 31.1119
      vertex -23.2811 -40.3241 31.1119
    endloop
  endfacet
  facet normal -0.278531 -0.820504 0.499193
    outer loop
      vertex -19.2202 -46.4017 24.7682
      vertex -12.9992 -48.5135 24.7682
      vertex -17.8186 -43.018 31.1119
    endloop
  endfacet
  facet normal -0.278513 -0.820503 0.499205
    outer loop
      vertex -12.9992 -48.5135 24.7682
      vertex -12.0512 -44.9757 31.1119
      vertex -17.8186 -43.018 31.1119
    endloop
  endfacet
  facet normal -0.169043 -0.849835 0.499204
    outer loop
      vertex -12.9992 -48.5135 24.7682
      vertex -6.55566 -49.7952 24.7682
      vertex -12.0512 -44.9757 31.1119
    endloop
  endfacet
  facet normal -0.169054 -0.849838 0.499196
    outer loop
      vertex -6.55566 -49.7952 24.7682
      vertex -6.0776 -46.164 31.1119
      vertex -12.0512 -44.9757 31.1119
    endloop
  endfacet
  facet normal -0.0566736 -0.864634 0.499196
    outer loop
      vertex -6.55566 -49.7952 24.7682
      vertex -0 -50.2249 24.7682
      vertex -6.0776 -46.164 31.1119
    endloop
  endfacet
  facet normal -0.0566642 -0.86463 0.499203
    outer loop
      vertex -0 -50.2249 24.7682
      vertex -0 -46.5623 31.1119
      vertex -6.0776 -46.164 31.1119
    endloop
  endfacet
  facet normal 0.0566734 -0.86463 0.499203
    outer loop
      vertex -0 -50.2249 24.7682
      vertex 6.55566 -49.7952 24.7682
      vertex -0 -46.5623 31.1119
    endloop
  endfacet
  facet normal 0.0566645 -0.864634 0.499196
    outer loop
      vertex 6.55566 -49.7952 24.7682
      vertex 6.0776 -46.164 31.1119
      vertex -0 -46.5623 31.1119
    endloop
  endfacet
  facet normal 0.169044 -0.84984 0.499196
    outer loop
      vertex 6.55566 -49.7952 24.7682
      vertex 12.9992 -48.5135 24.7682
      vertex 6.0776 -46.164 31.1119
    endloop
  endfacet
  facet normal 0.169053 -0.849833 0.499204
    outer loop
      vertex 12.9992 -48.5135 24.7682
      vertex 12.0512 -44.9757 31.1119
      vertex 6.0776 -46.164 31.1119
    endloop
  endfacet
  facet normal 0.278529 -0.820498 0.499204
    outer loop
      vertex 12.9992 -48.5135 24.7682
      vertex 19.2202 -46.4017 24.7682
      vertex 12.0512 -44.9757 31.1119
    endloop
  endfacet
  facet normal 0.278516 -0.82051 0.499192
    outer loop
      vertex 19.2202 -46.4017 24.7682
      vertex 17.8186 -43.018 31.1119
      vertex 12.0512 -44.9757 31.1119
    endloop
  endfacet
  facet normal 0.383238 -0.777133 0.499193
    outer loop
      vertex 19.2202 -46.4017 24.7682
      vertex 25.1124 -43.496 24.7682
      vertex 17.8186 -43.018 31.1119
    endloop
  endfacet
  facet normal 0.383247 -0.777122 0.499203
    outer loop
      vertex 25.1124 -43.496 24.7682
      vertex 23.2811 -40.3241 31.1119
      vertex 17.8186 -43.018 31.1119
    endloop
  endfacet
  facet normal 0.481385 -0.720462 0.499203
    outer loop
      vertex 25.1124 -43.496 24.7682
      vertex 30.575 -39.8461 24.7682
      vertex 23.2811 -40.3241 31.1119
    endloop
  endfacet
  facet normal 0.481385 -0.720462 0.499202
    outer loop
      vertex 30.575 -39.8461 24.7682
      vertex 28.3453 -36.9404 31.1119
      vertex 23.2811 -40.3241 31.1119
    endloop
  endfacet
  facet normal 0.571324 -0.651448 0.499203
    outer loop
      vertex 30.575 -39.8461 24.7682
      vertex 35.5143 -35.5143 24.7682
      vertex 28.3453 -36.9404 31.1119
    endloop
  endfacet
  facet normal 0.57132 -0.651458 0.499196
    outer loop
      vertex 35.5143 -35.5143 24.7682
      vertex 32.9245 -32.9245 31.1119
      vertex 28.3453 -36.9404 31.1119
    endloop
  endfacet
  facet normal 0.651451 -0.571327 0.499196
    outer loop
      vertex 35.5143 -35.5143 24.7682
      vertex 39.8461 -30.575 24.7682
      vertex 32.9245 -32.9245 31.1119
    endloop
  endfacet
  facet normal 0.651454 -0.571317 0.499203
    outer loop
      vertex 39.8461 -30.575 24.7682
      vertex 36.9404 -28.3453 31.1119
      vertex 32.9245 -32.9245 31.1119
    endloop
  endfacet
  facet normal 0.720462 -0.481385 0.499202
    outer loop
      vertex 39.8461 -30.575 24.7682
      vertex 43.496 -25.1124 24.7682
      vertex 36.9404 -28.3453 31.1119
    endloop
  endfacet
  facet normal 0.720462 -0.481384 0.499203
    outer loop
      vertex 43.496 -25.1124 24.7682
      vertex 40.3241 -23.2811 31.1119
      vertex 36.9404 -28.3453 31.1119
    endloop
  endfacet
  facet normal 0.777128 -0.383235 0.499202
    outer loop
      vertex 43.496 -25.1124 24.7682
      vertex 46.4017 -19.2202 24.7682
      vertex 40.3241 -23.2811 31.1119
    endloop
  endfacet
  facet normal 0.777127 -0.38325 0.499193
    outer loop
      vertex 46.4017 -19.2202 24.7682
      vertex 43.018 -17.8186 31.1119
      vertex 40.3241 -23.2811 31.1119
    endloop
  endfacet
  facet normal 0.820504 -0.278531 0.499193
    outer loop
      vertex 46.4017 -19.2202 24.7682
      vertex 48.5135 -12.9992 24.7682
      vertex 43.018 -17.8186 31.1119
    endloop
  endfacet
  facet normal 0.820503 -0.278513 0.499205
    outer loop
      vertex 48.5135 -12.9992 24.7682
      vertex 44.9757 -12.0512 31.1119
      vertex 43.018 -17.8186 31.1119
    endloop
  endfacet
  facet normal 0.849835 -0.169043 0.499204
    outer loop
      vertex 48.5135 -12.9992 24.7682
      vertex 49.7952 -6.55566 24.7682
      vertex 44.9757 -12.0512 31.1119
    endloop
  endfacet
  facet normal 0.849838 -0.169054 0.499196
    outer loop
      vertex 49.7952 -6.55566 24.7682
      vertex 46.164 -6.0776 31.1119
      vertex 44.9757 -12.0512 31.1119
    endloop
  endfacet
  facet normal 0.864634 -0.0566736 0.499196
    outer loop
      vertex 49.7952 -6.55566 24.7682
      vertex 50.2249 0 24.7682
      vertex 46.164 -6.0776 31.1119
    endloop
  endfacet
  facet normal 0.86463 -0.0566642 0.499203
    outer loop
      vertex 50.2249 0 24.7682
      vertex 46.5623 0 31.1119
      vertex 46.164 -6.0776 31.1119
    endloop
  endfacet
  facet normal 0.922192 0.0604486 0.38198
    outer loop
      vertex 53.0281 0 18.0006
      vertex 52.5744 6.92155 18.0006
      vertex 50.2249 0 24.7682
    endloop
  endfacet
  facet normal 0.922193 0.0604464 0.381978
    outer loop
      vertex 52.5744 6.92155 18.0006
      vertex 49.7952 6.55566 24.7682
      vertex 50.2249 0 24.7682
    endloop
  endfacet
  facet normal 0.906414 0.180293 0.381978
    outer loop
      vertex 52.5744 6.92155 18.0006
      vertex 51.2212 13.7247 18.0006
      vertex 49.7952 6.55566 24.7682
    endloop
  endfacet
  facet normal 0.906412 0.180297 0.381981
    outer loop
      vertex 51.2212 13.7247 18.0006
      vertex 48.5135 12.9992 24.7682
      vertex 49.7952 6.55566 24.7682
    endloop
  endfacet
  facet normal 0.875126 0.29706 0.381981
    outer loop
      vertex 51.2212 13.7247 18.0006
      vertex 48.9916 20.293 18.0006
      vertex 48.5135 12.9992 24.7682
    endloop
  endfacet
  facet normal 0.875118 0.29707 0.381991
    outer loop
      vertex 48.9916 20.293 18.0006
      vertex 46.4017 19.2202 24.7682
      vertex 48.5135 12.9992 24.7682
    endloop
  endfacet
  facet normal 0.828857 0.408753 0.381992
    outer loop
      vertex 48.9916 20.293 18.0006
      vertex 45.9237 26.514 18.0006
      vertex 46.4017 19.2202 24.7682
    endloop
  endfacet
  facet normal 0.828862 0.408748 0.381986
    outer loop
      vertex 45.9237 26.514 18.0006
      vertex 43.496 25.1124 24.7682
      vertex 46.4017 19.2202 24.7682
    endloop
  endfacet
  facet normal 0.768419 0.513438 0.381986
    outer loop
      vertex 45.9237 26.514 18.0006
      vertex 42.07 32.2815 18.0006
      vertex 43.496 25.1124 24.7682
    endloop
  endfacet
  facet normal 0.768426 0.513433 0.381978
    outer loop
      vertex 42.07 32.2815 18.0006
      vertex 39.8461 30.575 24.7682
      vertex 43.496 25.1124 24.7682
    endloop
  endfacet
  facet normal 0.694824 0.609353 0.381979
    outer loop
      vertex 42.07 32.2815 18.0006
      vertex 37.4965 37.4965 18.0006
      vertex 39.8461 30.575 24.7682
    endloop
  endfacet
  facet normal 0.694816 0.609358 0.381987
    outer loop
      vertex 37.4965 37.4965 18.0006
      vertex 35.5143 35.5143 24.7682
      vertex 39.8461 30.575 24.7682
    endloop
  endfacet
  facet normal 0.609351 0.694822 0.381987
    outer loop
      vertex 37.4965 37.4965 18.0006
      vertex 32.2815 42.07 18.0006
      vertex 35.5143 35.5143 24.7682
    endloop
  endfacet
  facet normal 0.60936 0.694818 0.381979
    outer loop
      vertex 32.2815 42.07 18.0006
      vertex 30.575 39.8461 24.7682
      vertex 35.5143 35.5143 24.7682
    endloop
  endfacet
  facet normal 0.51344 0.768422 0.381979
    outer loop
      vertex 32.2815 42.07 18.0006
      vertex 26.514 45.9237 18.0006
      vertex 30.575 39.8461 24.7682
    endloop
  endfacet
  facet normal 0.513431 0.768424 0.381986
    outer loop
      vertex 26.514 45.9237 18.0006
      vertex 25.1124 43.496 24.7682
      vertex 30.575 39.8461 24.7682
    endloop
  endfacet
  facet normal 0.408754 0.828859 0.381986
    outer loop
      vertex 26.514 45.9237 18.0006
      vertex 20.293 48.9916 18.0006
      vertex 25.1124 43.496 24.7682
    endloop
  endfacet
  facet normal 0.408747 0.82886 0.381992
    outer loop
      vertex 20.293 48.9916 18.0006
      vertex 19.2202 46.4017 24.7682
      vertex 25.1124 43.496 24.7682
    endloop
  endfacet
  facet normal 0.297059 0.875122 0.381991
    outer loop
      vertex 20.293 48.9916 18.0006
      vertex 13.7247 51.2212 18.0006
      vertex 19.2202 46.4017 24.7682
    endloop
  endfacet
  facet normal 0.297072 0.875122 0.381981
    outer loop
      vertex 13.7247 51.2212 18.0006
      vertex 12.9992 48.5135 24.7682
      vertex 19.2202 46.4017 24.7682
    endloop
  endfacet
  facet normal 0.180293 0.906413 0.381981
    outer loop
      vertex 13.7247 51.2212 18.0006
      vertex 6.92155 52.5744 18.0006
      vertex 12.9992 48.5135 24.7682
    endloop
  endfacet
  facet normal 0.180297 0.906414 0.381978
    outer loop
      vertex 6.92155 52.5744 18.0006
      vertex 6.55566 49.7952 24.7682
      vertex 12.9992 48.5135 24.7682
    endloop
  endfacet
  facet normal 0.0604487 0.922192 0.381978
    outer loop
      vertex 6.92155 52.5744 18.0006
      vertex 0 53.0281 18.0006
      vertex 6.55566 49.7952 24.7682
    endloop
  endfacet
  facet normal 0.0604464 0.922192 0.38198
    outer loop
      vertex 0 53.0281 18.0006
      vertex 0 50.2249 24.7682
      vertex 6.55566 49.7952 24.7682
    endloop
  endfacet
  facet normal -0.0604486 0.922192 0.38198
    outer loop
      vertex 0 53.0281 18.0006
      vertex -6.92155 52.5744 18.0006
      vertex 0 50.2249 24.7682
    endloop
  endfacet
  facet normal -0.0604464 0.922193 0.381978
    outer loop
      vertex -6.92155 52.5744 18.0006
      vertex -6.55566 49.7952 24.7682
      vertex 0 50.2249 24.7682
    endloop
  endfacet
  facet normal -0.180293 0.906414 0.381978
    outer loop
      vertex -6.92155 52.5744 18.0006
      vertex -13.7247 51.2212 18.0006
      vertex -6.55566 49.7952 24.7682
    endloop
  endfacet
  facet normal -0.180297 0.906412 0.381981
    outer loop
      vertex -13.7247 51.2212 18.0006
      vertex -12.9992 48.5135 24.7682
      vertex -6.55566 49.7952 24.7682
    endloop
  endfacet
  facet normal -0.29706 0.875126 0.381981
    outer loop
      vertex -13.7247 51.2212 18.0006
      vertex -20.293 48.9916 18.0006
      vertex -12.9992 48.5135 24.7682
    endloop
  endfacet
  facet normal -0.29707 0.875118 0.381991
    outer loop
      vertex -20.293 48.9916 18.0006
      vertex -19.2202 46.4017 24.7682
      vertex -12.9992 48.5135 24.7682
    endloop
  endfacet
  facet normal -0.408753 0.828857 0.381992
    outer loop
      vertex -20.293 48.9916 18.0006
      vertex -26.514 45.9237 18.0006
      vertex -19.2202 46.4017 24.7682
    endloop
  endfacet
  facet normal -0.408748 0.828862 0.381986
    outer loop
      vertex -26.514 45.9237 18.0006
      vertex -25.1124 43.496 24.7682
      vertex -19.2202 46.4017 24.7682
    endloop
  endfacet
  facet normal -0.513438 0.768419 0.381986
    outer loop
      vertex -26.514 45.9237 18.0006
      vertex -32.2815 42.07 18.0006
      vertex -25.1124 43.496 24.7682
    endloop
  endfacet
  facet normal -0.513433 0.768426 0.381978
    outer loop
      vertex -32.2815 42.07 18.0006
      vertex -30.575 39.8461 24.7682
      vertex -25.1124 43.496 24.7682
    endloop
  endfacet
  facet normal -0.609353 0.694824 0.381979
    outer loop
      vertex -32.2815 42.07 18.0006
      vertex -37.4965 37.4965 18.0006
      vertex -30.575 39.8461 24.7682
    endloop
  endfacet
  facet normal -0.609358 0.694816 0.381987
    outer loop
      vertex -37.4965 37.4965 18.0006
      vertex -35.5143 35.5143 24.7682
      vertex -30.575 39.8461 24.7682
    endloop
  endfacet
  facet normal -0.694822 0.609351 0.381987
    outer loop
      vertex -37.4965 37.4965 18.0006
      vertex -42.07 32.2815 18.0006
      vertex -35.5143 35.5143 24.7682
    endloop
  endfacet
  facet normal -0.694818 0.60936 0.381979
    outer loop
      vertex -42.07 32.2815 18.0006
      vertex -39.8461 30.575 24.7682
      vertex -35.5143 35.5143 24.7682
    endloop
  endfacet
  facet normal -0.768422 0.51344 0.381979
    outer loop
      vertex -42.07 32.2815 18.0006
      vertex -45.9237 26.514 18.0006
      vertex -39.8461 30.575 24.7682
    endloop
  endfacet
  facet normal -0.768424 0.513431 0.381986
    outer loop
      vertex -45.9237 26.514 18.0006
      vertex -43.496 25.1124 24.7682
      vertex -39.8461 30.575 24.7682
    endloop
  endfacet
  facet normal -0.828859 0.408754 0.381986
    outer loop
      vertex -45.9237 26.514 18.0006
      vertex -48.9916 20.293 18.0006
      vertex -43.496 25.1124 24.7682
    endloop
  endfacet
  facet normal -0.82886 0.408747 0.381992
    outer loop
      vertex -48.9916 20.293 18.0006
      vertex -46.4017 19.2202 24.7682
      vertex -43.496 25.1124 24.7682
    endloop
  endfacet
  facet normal -0.875122 0.297059 0.381991
    outer loop
      vertex -48.9916 20.293 18.0006
      vertex -51.2212 13.7247 18.0006
      vertex -46.4017 19.2202 24.7682
    endloop
  endfacet
  facet normal -0.875122 0.297072 0.381981
    outer loop
      vertex -51.2212 13.7247 18.0006
      vertex -48.5135 12.9992 24.7682
      vertex -46.4017 19.2202 24.7682
    endloop
  endfacet
  facet normal -0.906413 0.180293 0.381981
    outer loop
      vertex -51.2212 13.7247 18.0006
      vertex -52.5744 6.92155 18.0006
      vertex -48.5135 12.9992 24.7682
    endloop
  endfacet
  facet normal -0.906414 0.180297 0.381978
    outer loop
      vertex -52.5744 6.92155 18.0006
      vertex -49.7952 6.55566 24.7682
      vertex -48.5135 12.9992 24.7682
    endloop
  endfacet
  facet normal -0.922192 0.0604487 0.381978
    outer loop
      vertex -52.5744 6.92155 18.0006
      vertex -53.0281 -0 18.0006
      vertex -49.7952 6.55566 24.7682
    endloop
  endfacet
  facet normal -0.922192 0.0604464 0.38198
    outer loop
      vertex -53.0281 -0 18.0006
      vertex -50.2249 -0 24.7682
      vertex -49.7952 6.55566 24.7682
    endloop
  endfacet
  facet normal -0.922192 -0.0604486 0.38198
    outer loop
      vertex -53.0281 -0 18.0006
      vertex -52.5744 -6.92155 18.0006
      vertex -50.2249 -0 24.7682
    endloop
  endfacet
  facet normal -0.922193 -0.0604464 0.381978
    outer loop
      vertex -52.5744 -6.92155 18.0006
      vertex -49.7952 -6.55566 24.7682
      vertex -50.2249 -0 24.7682
    endloop
  endfacet
  facet normal -0.906414 -0.180293 0.381978
    outer loop
      vertex -52.5744 -6.92155 18.0006
      vertex -51.2212 -13.7247 18.0006
      vertex -49.7952 -6.55566 24.7682
    endloop
  endfacet
  facet normal -0.906412 -0.180297 0.381981
    outer loop
      vertex -51.2212 -13.7247 18.0006
      vertex -48.5135 -12.9992 24.7682
      vertex -49.7952 -6.55566 24.7682
    endloop
  endfacet
  facet normal -0.875126 -0.29706 0.381981
    outer loop
      vertex -51.2212 -13.7247 18.0006
      vertex -48.9916 -20.293 18.0006
      vertex -48.5135 -12.9992 24.7682
    endloop
  endfacet
  facet normal -0.875118 -0.29707 0.381991
    outer loop
      vertex -48.9916 -20.293 18.0006
      vertex -46.4017 -19.2202 24.7682
      vertex -48.5135 -12.9992 24.7682
    endloop
  endfacet
  facet normal -0.828857 -0.408753 0.381992
    outer loop
      vertex -48.9916 -20.293 18.0006
      vertex -45.9237 -26.514 18.0006
      vertex -46.4017 -19.2202 24.7682
    endloop
  endfacet
  facet normal -0.828862 -0.408748 0.381986
    outer loop
      vertex -45.9237 -26.514 18.0006
      vertex -43.496 -25.1124 24.7682
      vertex -46.4017 -19.2202 24.7682
    endloop
  endfacet
  facet normal -0.768419 -0.513438 0.381986
    outer loop
      vertex -45.9237 -26.514 18.0006
      vertex -42.07 -32.2815 18.0006
      vertex -43.496 -25.1124 24.7682
    endloop
  endfacet
  facet normal -0.768426 -0.513433 0.381978
    outer loop
      vertex -42.07 -32.2815 18.0006
      vertex -39.8461 -30.575 24.7682
      vertex -43.496 -25.1124 24.7682
    endloop
  endfacet
  facet normal -0.694824 -0.609353 0.381979
    outer loop
      vertex -42.07 -32.2815 18.0006
      vertex -37.4965 -37.4965 18.0006
      vertex -39.8461 -30.575 24.7682
    endloop
  endfacet
  facet normal -0.694816 -0.609358 0.381987
    outer loop
      vertex -37.4965 -37.4965 18.0006
      vertex -35.5143 -35.5143 24.7682
      vertex -39.8461 -30.575 24.7682
    endloop
  endfacet
  facet normal -0.609351 -0.694822 0.381987
    outer loop
      vertex -37.4965 -37.4965 18.0006
      vertex -32.2815 -42.07 18.0006
      vertex -35.5143 -35.5143 24.7682
    endloop
  endfacet
  facet normal -0.60936 -0.694818 0.381979
    outer loop
      vertex -32.2815 -42.07 18.0006
      vertex -30.575 -39.8461 24.7682
      vertex -35.5143 -35.5143 24.7682
    endloop
  endfacet
  facet normal -0.51344 -0.768422 0.381979
    outer loop
      vertex -32.2815 -42.07 18.0006
      vertex -26.514 -45.9237 18.0006
      vertex -30.575 -39.8461 24.7682
    endloop
  endfacet
  facet normal -0.513431 -0.768424 0.381986
    outer loop
      vertex -26.514 -45.9237 18.0006
      vertex -25.1124 -43.496 24.7682
      vertex -30.575 -39.8461 24.7682
    endloop
  endfacet
  facet normal -0.408754 -0.828859 0.381986
    outer loop
      vertex -26.514 -45.9237 18.0006
      vertex -20.293 -48.9916 18.0006
      vertex -25.1124 -43.496 24.7682
    endloop
  endfacet
  facet normal -0.408747 -0.82886 0.381992
    outer loop
      vertex -20.293 -48.9916 18.0006
      vertex -19.2202 -46.4017 24.7682
      vertex -25.1124 -43.496 24.7682
    endloop
  endfacet
  facet normal -0.297059 -0.875122 0.381991
    outer loop
      vertex -20.293 -48.9916 18.0006
      vertex -13.7247 -51.2212 18.0006
      vertex -19.2202 -46.4017 24.7682
    endloop
  endfacet
  facet normal -0.297072 -0.875122 0.381981
    outer loop
      vertex -13.7247 -51.2212 18.0006
      vertex -12.9992 -48.5135 24.7682
      vertex -19.2202 -46.4017 24.7682
    endloop
  endfacet
  facet normal -0.180293 -0.906413 0.381981
    outer loop
      vertex -13.7247 -51.2212 18.0006
      vertex -6.92155 -52.5744 18.0006
      vertex -12.9992 -48.5135 24.7682
    endloop
  endfacet
  facet normal -0.180297 -0.906414 0.381978
    outer loop
      vertex -6.92155 -52.5744 18.0006
      vertex -6.55566 -49.7952 24.7682
      vertex -12.9992 -48.5135 24.7682
    endloop
  endfacet
  facet normal -0.0604487 -0.922192 0.381978
    outer loop
      vertex -6.92155 -52.5744 18.0006
      vertex -0 -53.0281 18.0006
      vertex -6.55566 -49.7952 24.7682
    endloop
  endfacet
  facet normal -0.0604464 -0.922192 0.38198
    outer loop
      vertex -0 -53.0281 18.0006
      vertex -0 -50.2249 24.7682
      vertex -6.55566 -49.7952 24.7682
    endloop
  endfacet
  facet normal 0.0604486 -0.922192 0.38198
    outer loop
      vertex -0 -53.0281 18.0006
      vertex 6.92155 -52.5744 18.0006
      vertex -0 -50.2249 24.7682
    endloop
  endfacet
  facet normal 0.0604464 -0.922193 0.381978
    outer loop
      vertex 6.92155 -52.5744 18.0006
      vertex 6.55566 -49.7952 24.7682
      vertex -0 -50.2249 24.7682
    endloop
  endfacet
  facet normal 0.180293 -0.906414 0.381978
    outer loop
      vertex 6.92155 -52.5744 18.0006
      vertex 13.7247 -51.2212 18.0006
      vertex 6.55566 -49.7952 24.7682
    endloop
  endfacet
  facet normal 0.180297 -0.906412 0.381981
    outer loop
      vertex 13.7247 -51.2212 18.0006
      vertex 12.9992 -48.5135 24.7682
      vertex 6.55566 -49.7952 24.7682
    endloop
  endfacet
  facet normal 0.29706 -0.875126 0.381981
    outer loop
      vertex 13.7247 -51.2212 18.0006
      vertex 20.293 -48.9916 18.0006
      vertex 12.9992 -48.5135 24.7682
    endloop
  endfacet
  facet normal 0.29707 -0.875118 0.381991
    outer loop
      vertex 20.293 -48.9916 18.0006
      vertex 19.2202 -46.4017 24.7682
      vertex 12.9992 -48.5135 24.7682
    endloop
  endfacet
  facet normal 0.408753 -0.828857 0.381992
    outer loop
      vertex 20.293 -48.9916 18.0006
      vertex 26.514 -45.9237 18.0006
      vertex 19.2202 -46.4017 24.7682
    endloop
  endfacet
  facet normal 0.408748 -0.828862 0.381986
    outer loop
      vertex 26.514 -45.9237 18.0006
      vertex 25.1124 -43.496 24.7682
      vertex 19.2202 -46.4017 24.7682
    endloop
  endfacet
  facet normal 0.513438 -0.768419 0.381986
    outer loop
      vertex 26.514 -45.9237 18.0006
      vertex 32.2815 -42.07 18.0006
      vertex 25.1124 -43.496 24.7682
    endloop
  endfacet
  facet normal 0.513433 -0.768426 0.381978
    outer loop
      vertex 32.2815 -42.07 18.0006
      vertex 30.575 -39.8461 24.7682
      vertex 25.1124 -43.496 24.7682
    endloop
  endfacet
  facet normal 0.609353 -0.694824 0.381979
    outer loop
      vertex 32.2815 -42.07 18.0006
      vertex 37.4965 -37.4965 18.0006
      vertex 30.575 -39.8461 24.7682
    endloop
  endfacet
  facet normal 0.609358 -0.694816 0.381987
    outer loop
      vertex 37.4965 -37.4965 18.0006
      vertex 35.5143 -35.5143 24.7682
      vertex 30.575 -39.8461 24.7682
    endloop
  endfacet
  facet normal 0.694822 -0.609351 0.381987
    outer loop
      vertex 37.4965 -37.4965 18.0006
      vertex 42.07 -32.2815 18.0006
      vertex 35.5143 -35.5143 24.7682
    endloop
  endfacet
  facet normal 0.694818 -0.60936 0.381979
    outer loop
      vertex 42.07 -32.2815 18.0006
      vertex 39.8461 -30.575 24.7682
      vertex 35.5143 -35.5143 24.7682
    endloop
  endfacet
  facet normal 0.768422 -0.51344 0.381979
    outer loop
      vertex 42.07 -32.2815 18.0006
      vertex 45.9237 -26.514 18.0006
      vertex 39.8461 -30.575 24.7682
    endloop
  endfacet
  facet normal 0.768424 -0.513431 0.381986
    outer loop
      vertex 45.9237 -26.514 18.0006
      vertex 43.496 -25.1124 24.7682
      vertex 39.8461 -30.575 24.7682
    endloop
  endfacet
  facet normal 0.828859 -0.408754 0.381986
    outer loop
      vertex 45.9237 -26.514 18.0006
      vertex 48.9916 -20.293 18.0006
      vertex 43.496 -25.1124 24.7682
    endloop
  endfacet
  facet normal 0.82886 -0.408747 0.381992
    outer loop
      vertex 48.9916 -20.293 18.0006
      vertex 46.4017 -19.2202 24.7682
      vertex 43.496 -25.1124 24.7682
    endloop
  endfacet
  facet normal 0.875122 -0.297059 0.381991
    outer loop
      vertex 48.9916 -20.293 18.0006
      vertex 51.2212 -13.7247 18.0006
      vertex 46.4017 -19.2202 24.7682
    endloop
  endfacet
  facet normal 0.875122 -0.297072 0.381981
    outer loop
      vertex 51.2212 -13.7247 18.0006
      vertex 48.5135 -12.9992 24.7682
      vertex 46.4017 -19.2202 24.7682
    endloop
  endfacet
  facet normal 0.906413 -0.180293 0.381981
    outer loop
      vertex 51.2212 -13.7247 18.0006
      vertex 52.5744 -6.92155 18.0006
      vertex 48.5135 -12.9992 24.7682
    endloop
  endfacet
  facet normal 0.906414 -0.180297 0.381978
    outer loop
      vertex 52.5744 -6.92155 18.0006
      vertex 49.7952 -6.55566 24.7682
      vertex 48.5135 -12.9992 24.7682
    endloop
  endfacet
  facet normal 0.922192 -0.0604487 0.381978
    outer loop
      vertex 52.5744 -6.92155 18.0006
      vertex 53.0281 0 18.0006
      vertex 49.7952 -6.55566 24.7682
    endloop
  endfacet
  facet normal 0.922192 -0.0604464 0.38198
    outer loop
      vertex 53.0281 0 18.0006
      vertex 50.2249 0 24.7682
      vertex 49.7952 -6.55566 24.7682
    endloop
  endfacet
  facet normal 0.963995 0.0631859 0.258305
    outer loop
      vertex 54.924 0 10.9251
      vertex 54.4541 7.16902 10.9251
      vertex 53.0281 0 18.0006
    endloop
  endfacet
  facet normal 0.963994 0.0631887 0.258308
    outer loop
      vertex 54.4541 7.16902 10.9251
      vertex 52.5744 6.92155 18.0006
      vertex 53.0281 0 18.0006
    endloop
  endfacet
  facet normal 0.9475 0.188468 0.258308
    outer loop
      vertex 54.4541 7.16902 10.9251
      vertex 53.0525 14.2154 10.9251
      vertex 52.5744 6.92155 18.0006
    endloop
  endfacet
  facet normal 0.947502 0.188465 0.258305
    outer loop
      vertex 53.0525 14.2154 10.9251
      vertex 51.2212 13.7247 18.0006
      vertex 52.5744 6.92155 18.0006
    endloop
  endfacet
  facet normal 0.914792 0.310538 0.258305
    outer loop
      vertex 53.0525 14.2154 10.9251
      vertex 50.7431 21.0185 10.9251
      vertex 51.2212 13.7247 18.0006
    endloop
  endfacet
  facet normal 0.914799 0.310527 0.258294
    outer loop
      vertex 50.7431 21.0185 10.9251
      vertex 48.9916 20.293 18.0006
      vertex 51.2212 13.7247 18.0006
    endloop
  endfacet
  facet normal 0.866443 0.427271 0.258294
    outer loop
      vertex 50.7431 21.0185 10.9251
      vertex 47.5656 27.462 10.9251
      vertex 48.9916 20.293 18.0006
    endloop
  endfacet
  facet normal 0.866433 0.427283 0.258308
    outer loop
      vertex 47.5656 27.462 10.9251
      vertex 45.9237 26.514 18.0006
      vertex 48.9916 20.293 18.0006
    endloop
  endfacet
  facet normal 0.803247 0.536722 0.258309
    outer loop
      vertex 47.5656 27.462 10.9251
      vertex 43.5741 33.4356 10.9251
      vertex 45.9237 26.514 18.0006
    endloop
  endfacet
  facet normal 0.803255 0.536715 0.2583
    outer loop
      vertex 43.5741 33.4356 10.9251
      vertex 42.07 32.2815 18.0006
      vertex 45.9237 26.514 18.0006
    endloop
  endfacet
  facet normal 0.726325 0.636972 0.258299
    outer loop
      vertex 43.5741 33.4356 10.9251
      vertex 38.8371 38.8371 10.9251
      vertex 42.07 32.2815 18.0006
    endloop
  endfacet
  facet normal 0.72632 0.636975 0.258305
    outer loop
      vertex 38.8371 38.8371 10.9251
      vertex 37.4965 37.4965 18.0006
      vertex 42.07 32.2815 18.0006
    endloop
  endfacet
  facet normal 0.636971 0.726324 0.258304
    outer loop
      vertex 38.8371 38.8371 10.9251
      vertex 33.4356 43.5741 10.9251
      vertex 37.4965 37.4965 18.0006
    endloop
  endfacet
  facet normal 0.636976 0.726321 0.258299
    outer loop
      vertex 33.4356 43.5741 10.9251
      vertex 32.2815 42.07 18.0006
      vertex 37.4965 37.4965 18.0006
    endloop
  endfacet
  facet normal 0.536723 0.803249 0.2583
    outer loop
      vertex 33.4356 43.5741 10.9251
      vertex 27.462 47.5656 10.9251
      vertex 32.2815 42.07 18.0006
    endloop
  endfacet
  facet normal 0.536714 0.803253 0.258309
    outer loop
      vertex 27.462 47.5656 10.9251
      vertex 26.514 45.9237 18.0006
      vertex 32.2815 42.07 18.0006
    endloop
  endfacet
  facet normal 0.42727 0.86644 0.258308
    outer loop
      vertex 27.462 47.5656 10.9251
      vertex 21.0185 50.7431 10.9251
      vertex 26.514 45.9237 18.0006
    endloop
  endfacet
  facet normal 0.427285 0.866436 0.258294
    outer loop
      vertex 21.0185 50.7431 10.9251
      vertex 20.293 48.9916 18.0006
      vertex 26.514 45.9237 18.0006
    endloop
  endfacet
  facet normal 0.310539 0.914795 0.258294
    outer loop
      vertex 21.0185 50.7431 10.9251
      vertex 14.2154 53.0525 10.9251
      vertex 20.293 48.9916 18.0006
    endloop
  endfacet
  facet normal 0.310526 0.914796 0.258306
    outer loop
      vertex 14.2154 53.0525 10.9251
      vertex 13.7247 51.2212 18.0006
      vertex 20.293 48.9916 18.0006
    endloop
  endfacet
  facet normal 0.188468 0.947501 0.258305
    outer loop
      vertex 14.2154 53.0525 10.9251
      vertex 7.16902 54.4541 10.9251
      vertex 13.7247 51.2212 18.0006
    endloop
  endfacet
  facet normal 0.188465 0.947501 0.258308
    outer loop
      vertex 7.16902 54.4541 10.9251
      vertex 6.92155 52.5744 18.0006
      vertex 13.7247 51.2212 18.0006
    endloop
  endfacet
  facet normal 0.0631859 0.963994 0.258308
    outer loop
      vertex 7.16902 54.4541 10.9251
      vertex 0 54.924 10.9251
      vertex 6.92155 52.5744 18.0006
    endloop
  endfacet
  facet normal 0.0631888 0.963995 0.258305
    outer loop
      vertex 0 54.924 10.9251
      vertex 0 53.0281 18.0006
      vertex 6.92155 52.5744 18.0006
    endloop
  endfacet
  facet normal -0.0631859 0.963995 0.258305
    outer loop
      vertex 0 54.924 10.9251
      vertex -7.16902 54.4541 10.9251
      vertex 0 53.0281 18.0006
    endloop
  endfacet
  facet normal -0.0631887 0.963994 0.258308
    outer loop
      vertex -7.16902 54.4541 10.9251
      vertex -6.92155 52.5744 18.0006
      vertex 0 53.0281 18.0006
    endloop
  endfacet
  facet normal -0.188468 0.9475 0.258308
    outer loop
      vertex -7.16902 54.4541 10.9251
      vertex -14.2154 53.0525 10.9251
      vertex -6.92155 52.5744 18.0006
    endloop
  endfacet
  facet normal -0.188465 0.947502 0.258305
    outer loop
      vertex -14.2154 53.0525 10.9251
      vertex -13.7247 51.2212 18.0006
      vertex -6.92155 52.5744 18.0006
    endloop
  endfacet
  facet normal -0.310538 0.914792 0.258305
    outer loop
      vertex -14.2154 53.0525 10.9251
      vertex -21.0185 50.7431 10.9251
      vertex -13.7247 51.2212 18.0006
    endloop
  endfacet
  facet normal -0.310527 0.914799 0.258294
    outer loop
      vertex -21.0185 50.7431 10.9251
      vertex -20.293 48.9916 18.0006
      vertex -13.7247 51.2212 18.0006
    endloop
  endfacet
  facet normal -0.427271 0.866443 0.258294
    outer loop
      vertex -21.0185 50.7431 10.9251
      vertex -27.462 47.5656 10.9251
      vertex -20.293 48.9916 18.0006
    endloop
  endfacet
  facet normal -0.427283 0.866433 0.258308
    outer loop
      vertex -27.462 47.5656 10.9251
      vertex -26.514 45.9237 18.0006
      vertex -20.293 48.9916 18.0006
    endloop
  endfacet
  facet normal -0.536722 0.803247 0.258309
    outer loop
      vertex -27.462 47.5656 10.9251
      vertex -33.4356 43.5741 10.9251
      vertex -26.514 45.9237 18.0006
    endloop
  endfacet
  facet normal -0.536715 0.803255 0.2583
    outer loop
      vertex -33.4356 43.5741 10.9251
      vertex -32.2815 42.07 18.0006
      vertex -26.514 45.9237 18.0006
    endloop
  endfacet
  facet normal -0.636972 0.726325 0.258299
    outer loop
      vertex -33.4356 43.5741 10.9251
      vertex -38.8371 38.8371 10.9251
      vertex -32.2815 42.07 18.0006
    endloop
  endfacet
  facet normal -0.636975 0.72632 0.258305
    outer loop
      vertex -38.8371 38.8371 10.9251
      vertex -37.4965 37.4965 18.0006
      vertex -32.2815 42.07 18.0006
    endloop
  endfacet
  facet normal -0.726324 0.636971 0.258304
    outer loop
      vertex -38.8371 38.8371 10.9251
      vertex -43.5741 33.4356 10.9251
      vertex -37.4965 37.4965 18.0006
    endloop
  endfacet
  facet normal -0.726321 0.636976 0.258299
    outer loop
      vertex -43.5741 33.4356 10.9251
      vertex -42.07 32.2815 18.0006
      vertex -37.4965 37.4965 18.0006
    endloop
  endfacet
  facet normal -0.803249 0.536723 0.2583
    outer loop
      vertex -43.5741 33.4356 10.9251
      vertex -47.5656 27.462 10.9251
      vertex -42.07 32.2815 18.0006
    endloop
  endfacet
  facet normal -0.803253 0.536714 0.258309
    outer loop
      vertex -47.5656 27.462 10.9251
      vertex -45.9237 26.514 18.0006
      vertex -42.07 32.2815 18.0006
    endloop
  endfacet
  facet normal -0.86644 0.42727 0.258308
    outer loop
      vertex -47.5656 27.462 10.9251
      vertex -50.7431 21.0185 10.9251
      vertex -45.9237 26.514 18.0006
    endloop
  endfacet
  facet normal -0.866436 0.427285 0.258294
    outer loop
      vertex -50.7431 21.0185 10.9251
      vertex -48.9916 20.293 18.0006
      vertex -45.9237 26.514 18.0006
    endloop
  endfacet
  facet normal -0.914795 0.310539 0.258294
    outer loop
      vertex -50.7431 21.0185 10.9251
      vertex -53.0525 14.2154 10.9251
      vertex -48.9916 20.293 18.0006
    endloop
  endfacet
  facet normal -0.914796 0.310526 0.258306
    outer loop
      vertex -53.0525 14.2154 10.9251
      vertex -51.2212 13.7247 18.0006
      vertex -48.9916 20.293 18.0006
    endloop
  endfacet
  facet normal -0.947501 0.188468 0.258305
    outer loop
      vertex -53.0525 14.2154 10.9251
      vertex -54.4541 7.16902 10.9251
      vertex -51.2212 13.7247 18.0006
    endloop
  endfacet
  facet normal -0.947501 0.188465 0.258308
    outer loop
      vertex -54.4541 7.16902 10.9251
      vertex -52.5744 6.92155 18.0006
      vertex -51.2212 13.7247 18.0006
    endloop
  endfacet
  facet normal -0.963994 0.0631859 0.258308
    outer loop
      vertex -54.4541 7.16902 10.9251
      vertex -54.924 -0 10.9251
      vertex -52.5744 6.92155 18.0006
    endloop
  endfacet
  facet normal -0.963995 0.0631888 0.258305
    outer loop
      vertex -54.924 -0 10.9251
      vertex -53.0281 -0 18.0006
      vertex -52.5744 6.92155 18.0006
    endloop
  endfacet
  facet normal -0.963995 -0.0631859 0.258305
    outer loop
      vertex -54.924 -0 10.9251
      vertex -54.4541 -7.16902 10.9251
      vertex -53.0281 -0 18.0006
    endloop
  endfacet
  facet normal -0.963994 -0.0631887 0.258308
    outer loop
      vertex -54.4541 -7.16902 10.9251
      vertex -52.5744 -6.92155 18.0006
      vertex -53.0281 -0 18.0006
    endloop
  endfacet
  facet normal -0.9475 -0.188468 0.258308
    outer loop
      vertex -54.4541 -7.16902 10.9251
      vertex -53.0525 -14.2154 10.9251
      vertex -52.5744 -6.92155 18.0006
    endloop
  endfacet
  facet normal -0.947502 -0.188465 0.258305
    outer loop
      vertex -53.0525 -14.2154 10.9251
      vertex -51.2212 -13.7247 18.0006
      vertex -52.5744 -6.92155 18.0006
    endloop
  endfacet
  facet normal -0.914792 -0.310538 0.258305
    outer loop
      vertex -53.0525 -14.2154 10.9251
      vertex -50.7431 -21.0185 10.9251
      vertex -51.2212 -13.7247 18.0006
    endloop
  endfacet
  facet normal -0.914799 -0.310527 0.258294
    outer loop
      vertex -50.7431 -21.0185 10.9251
      vertex -48.9916 -20.293 18.0006
      vertex -51.2212 -13.7247 18.0006
    endloop
  endfacet
  facet normal -0.866443 -0.427271 0.258294
    outer loop
      vertex -50.7431 -21.0185 10.9251
      vertex -47.5656 -27.462 10.9251
      vertex -48.9916 -20.293 18.0006
    endloop
  endfacet
  facet normal -0.866433 -0.427283 0.258308
    outer loop
      vertex -47.5656 -27.462 10.9251
      vertex -45.9237 -26.514 18.0006
      vertex -48.9916 -20.293 18.0006
    endloop
  endfacet
  facet normal -0.803247 -0.536722 0.258309
    outer loop
      vertex -47.5656 -27.462 10.9251
      vertex -43.5741 -33.4356 10.9251
      vertex -45.9237 -26.514 18.0006
    endloop
  endfacet
  facet normal -0.803255 -0.536715 0.2583
    outer loop
      vertex -43.5741 -33.4356 10.9251
      vertex -42.07 -32.2815 18.0006
      vertex -45.9237 -26.514 18.0006
    endloop
  endfacet
  facet normal -0.726325 -0.636972 0.258299
    outer loop
      vertex -43.5741 -33.4356 10.9251
      vertex -38.8371 -38.8371 10.9251
      vertex -42.07 -32.2815 18.0006
    endloop
  endfacet
  facet normal -0.72632 -0.636975 0.258305
    outer loop
      vertex -38.8371 -38.8371 10.9251
      vertex -37.4965 -37.4965 18.0006
      vertex -42.07 -32.2815 18.0006
    endloop
  endfacet
  facet normal -0.636971 -0.726324 0.258304
    outer loop
      vertex -38.8371 -38.8371 10.9251
      vertex -33.4356 -43.5741 10.9251
      vertex -37.4965 -37.4965 18.0006
    endloop
  endfacet
  facet normal -0.636976 -0.726321 0.258299
    outer loop
      vertex -33.4356 -43.5741 10.9251
      vertex -32.2815 -42.07 18.0006
      vertex -37.4965 -37.4965 18.0006
    endloop
  endfacet
  facet normal -0.536723 -0.803249 0.2583
    outer loop
      vertex -33.4356 -43.5741 10.9251
      vertex -27.462 -47.5656 10.9251
      vertex -32.2815 -42.07 18.0006
    endloop
  endfacet
  facet normal -0.536714 -0.803253 0.258309
    outer loop
      vertex -27.462 -47.5656 10.9251
      vertex -26.514 -45.9237 18.0006
      vertex -32.2815 -42.07 18.0006
    endloop
  endfacet
  facet normal -0.42727 -0.86644 0.258308
    outer loop
      vertex -27.462 -47.5656 10.9251
      vertex -21.0185 -50.7431 10.9251
      vertex -26.514 -45.9237 18.0006
    endloop
  endfacet
  facet normal -0.427285 -0.866436 0.258294
    outer loop
      vertex -21.0185 -50.7431 10.9251
      vertex -20.293 -48.9916 18.0006
      vertex -26.514 -45.9237 18.0006
    endloop
  endfacet
  facet normal -0.310539 -0.914795 0.258294
    outer loop
      vertex -21.0185 -50.7431 10.9251
      vertex -14.2154 -53.0525 10.9251
      vertex -20.293 -48.9916 18.0006
    endloop
  endfacet
  facet normal -0.310526 -0.914796 0.258306
    outer loop
      vertex -14.2154 -53.0525 10.9251
      vertex -13.7247 -51.2212 18.0006
      vertex -20.293 -48.9916 18.0006
    endloop
  endfacet
  facet normal -0.188468 -0.947501 0.258305
    outer loop
      vertex -14.2154 -53.0525 10.9251
      vertex -7.16902 -54.4541 10.9251
      vertex -13.7247 -51.2212 18.0006
    endloop
  endfacet
  facet normal -0.188465 -0.947501 0.258308
    outer loop
      vertex -7.16902 -54.4541 10.9251
      vertex -6.92155 -52.5744 18.0006
      vertex -13.7247 -51.2212 18.0006
    endloop
  endfacet
  facet normal -0.0631859 -0.963994 0.258308
    outer loop
      vertex -7.16902 -54.4541 10.9251
      vertex -0 -54.924 10.9251
      vertex -6.92155 -52.5744 18.0006
    endloop
  endfacet
  facet normal -0.0631888 -0.963995 0.258305
    outer loop
      vertex -0 -54.924 10.9251
      vertex -0 -53.0281 18.0006
      vertex -6.92155 -52.5744 18.0006
    endloop
  endfacet
  facet normal 0.0631859 -0.963995 0.258305
    outer loop
      vertex -0 -54.924 10.9251
      vertex 7.16902 -54.4541 10.9251
      vertex -0 -53.0281 18.0006
    endloop
  endfacet
  facet normal 0.0631887 -0.963994 0.258308
    outer loop
      vertex 7.16902 -54.4541 10.9251
      vertex 6.92155 -52.5744 18.0006
      vertex -0 -53.0281 18.0006
    endloop
  endfacet
  facet normal 0.188468 -0.9475 0.258308
    outer loop
      vertex 7.16902 -54.4541 10.9251
      vertex 14.2154 -53.0525 10.9251
      vertex 6.92155 -52.5744 18.0006
    endloop
  endfacet
  facet normal 0.188465 -0.947502 0.258305
    outer loop
      vertex 14.2154 -53.0525 10.9251
      vertex 13.7247 -51.2212 18.0006
      vertex 6.92155 -52.5744 18.0006
    endloop
  endfacet
  facet normal 0.310538 -0.914792 0.258305
    outer loop
      vertex 14.2154 -53.0525 10.9251
      vertex 21.0185 -50.7431 10.9251
      vertex 13.7247 -51.2212 18.0006
    endloop
  endfacet
  facet normal 0.310527 -0.914799 0.258294
    outer loop
      vertex 21.0185 -50.7431 10.9251
      vertex 20.293 -48.9916 18.0006
      vertex 13.7247 -51.2212 18.0006
    endloop
  endfacet
  facet normal 0.427271 -0.866443 0.258294
    outer loop
      vertex 21.0185 -50.7431 10.9251
      vertex 27.462 -47.5656 10.9251
      vertex 20.293 -48.9916 18.0006
    endloop
  endfacet
  facet normal 0.427283 -0.866433 0.258308
    outer loop
      vertex 27.462 -47.5656 10.9251
      vertex 26.514 -45.9237 18.0006
      vertex 20.293 -48.9916 18.0006
    endloop
  endfacet
  facet normal 0.536722 -0.803247 0.258309
    outer loop
      vertex 27.462 -47.5656 10.9251
      vertex 33.4356 -43.5741 10.9251
      vertex 26.514 -45.9237 18.0006
    endloop
  endfacet
  facet normal 0.536715 -0.803255 0.2583
    outer loop
      vertex 33.4356 -43.5741 10.9251
      vertex 32.2815 -42.07 18.0006
      vertex 26.514 -45.9237 18.0006
    endloop
  endfacet
  facet normal 0.636972 -0.726325 0.258299
    outer loop
      vertex 33.4356 -43.5741 10.9251
      vertex 38.8371 -38.8371 10.9251
      vertex 32.2815 -42.07 18.0006
    endloop
  endfacet
  facet normal 0.636975 -0.72632 0.258305
    outer loop
      vertex 38.8371 -38.8371 10.9251
      vertex 37.4965 -37.4965 18.0006
      vertex 32.2815 -42.07 18.0006
    endloop
  endfacet
  facet normal 0.726324 -0.636971 0.258304
    outer loop
      vertex 38.8371 -38.8371 10.9251
      vertex 43.5741 -33.4356 10.9251
      vertex 37.4965 -37.4965 18.0006
    endloop
  endfacet
  facet normal 0.726321 -0.636976 0.258299
    outer loop
      vertex 43.5741 -33.4356 10.9251
      vertex 42.07 -32.2815 18.0006
      vertex 37.4965 -37.4965 18.0006
    endloop
  endfacet
  facet normal 0.803249 -0.536723 0.2583
    outer loop
      vertex 43.5741 -33.4356 10.9251
      vertex 47.5656 -27.462 10.9251
      vertex 42.07 -32.2815 18.0006
    endloop
  endfacet
  facet normal 0.803253 -0.536714 0.258309
    outer loop
      vertex 47.5656 -27.462 10.9251
      vertex 45.9237 -26.514 18.0006
      vertex 42.07 -32.2815 18.0006
    endloop
  endfacet
  facet normal 0.86644 -0.42727 0.258308
    outer loop
      vertex 47.5656 -27.462 10.9251
      vertex 50.7431 -21.0185 10.9251
      vertex 45.9237 -26.514 18.0006
    endloop
  endfacet
  facet normal 0.866436 -0.427285 0.258294
    outer loop
      vertex 50.7431 -21.0185 10.9251
      vertex 48.9916 -20.293 18.0006
      vertex 45.9237 -26.514 18.0006
    endloop
  endfacet
  facet normal 0.914795 -0.310539 0.258294
    outer loop
      vertex 50.7431 -21.0185 10.9251
      vertex 53.0525 -14.2154 10.9251
      vertex 48.9916 -20.293 18.0006
    endloop
  endfacet
  facet normal 0.914796 -0.310526 0.258306
    outer loop
      vertex 53.0525 -14.2154 10.9251
      vertex 51.2212 -13.7247 18.0006
      vertex 48.9916 -20.293 18.0006
    endloop
  endfacet
  facet normal 0.947501 -0.188468 0.258305
    outer loop
      vertex 53.0525 -14.2154 10.9251
      vertex 54.4541 -7.16902 10.9251
      vertex 51.2212 -13.7247 18.0006
    endloop
  endfacet
  facet normal 0.947501 -0.188465 0.258308
    outer loop
      vertex 54.4541 -7.16902 10.9251
      vertex 52.5744 -6.92155 18.0006
      vertex 51.2212 -13.7247 18.0006
    endloop
  endfacet
  facet normal 0.963994 -0.0631859 0.258308
    outer loop
      vertex 54.4541 -7.16902 10.9251
      vertex 54.924 0 10.9251
      vertex 52.5744 -6.92155 18.0006
    endloop
  endfacet
  facet normal 0.963995 -0.0631888 0.258305
    outer loop
      vertex 54.924 0 10.9251
      vertex 53.0281 0 18.0006
      vertex 52.5744 -6.92155 18.0006
    endloop
  endfacet
  facet normal 0.989358 0.0648511 0.130248
    outer loop
      vertex 55.8801 0 3.66258
      vertex 55.402 7.29382 3.66258
      vertex 54.924 0 10.9251
    endloop
  endfacet
  facet normal 0.989359 0.0648484 0.130245
    outer loop
      vertex 55.402 7.29382 3.66258
      vertex 54.4541 7.16902 10.9251
      vertex 54.924 0 10.9251
    endloop
  endfacet
  facet normal 0.972431 0.193429 0.130245
    outer loop
      vertex 55.402 7.29382 3.66258
      vertex 53.976 14.4628 3.66258
      vertex 54.4541 7.16902 10.9251
    endloop
  endfacet
  facet normal 0.972431 0.193427 0.130243
    outer loop
      vertex 53.976 14.4628 3.66258
      vertex 53.0525 14.2154 10.9251
      vertex 54.4541 7.16902 10.9251
    endloop
  endfacet
  facet normal 0.938867 0.318693 0.130242
    outer loop
      vertex 53.976 14.4628 3.66258
      vertex 51.6265 21.3844 3.66258
      vertex 53.0525 14.2154 10.9251
    endloop
  endfacet
  facet normal 0.93886 0.318708 0.130258
    outer loop
      vertex 51.6265 21.3844 3.66258
      vertex 50.7431 21.0185 10.9251
      vertex 53.0525 14.2154 10.9251
    endloop
  endfacet
  facet normal 0.889232 0.438519 0.130258
    outer loop
      vertex 51.6265 21.3844 3.66258
      vertex 48.3936 27.9401 3.66258
      vertex 50.7431 21.0185 10.9251
    endloop
  endfacet
  facet normal 0.889237 0.438512 0.13025
    outer loop
      vertex 48.3936 27.9401 3.66258
      vertex 47.5656 27.462 10.9251
      vertex 50.7431 21.0185 10.9251
    endloop
  endfacet
  facet normal 0.824388 0.550835 0.130251
    outer loop
      vertex 48.3936 27.9401 3.66258
      vertex 44.3327 34.0177 3.66258
      vertex 47.5656 27.462 10.9251
    endloop
  endfacet
  facet normal 0.824381 0.550843 0.130261
    outer loop
      vertex 44.3327 34.0177 3.66258
      vertex 43.5741 33.4356 10.9251
      vertex 47.5656 27.462 10.9251
    endloop
  endfacet
  facet normal 0.745429 0.653734 0.130261
    outer loop
      vertex 44.3327 34.0177 3.66258
      vertex 39.5132 39.5132 3.66258
      vertex 43.5741 33.4356 10.9251
    endloop
  endfacet
  facet normal 0.745434 0.65373 0.130254
    outer loop
      vertex 39.5132 39.5132 3.66258
      vertex 38.8371 38.8371 10.9251
      vertex 43.5741 33.4356 10.9251
    endloop
  endfacet
  facet normal 0.653734 0.745429 0.130254
    outer loop
      vertex 39.5132 39.5132 3.66258
      vertex 34.0177 44.3327 3.66258
      vertex 38.8371 38.8371 10.9251
    endloop
  endfacet
  facet normal 0.653729 0.745433 0.130261
    outer loop
      vertex 34.0177 44.3327 3.66258
      vertex 33.4356 43.5741 10.9251
      vertex 38.8371 38.8371 10.9251
    endloop
  endfacet
  facet normal 0.550835 0.824387 0.130261
    outer loop
      vertex 34.0177 44.3327 3.66258
      vertex 27.9401 48.3936 3.66258
      vertex 33.4356 43.5741 10.9251
    endloop
  endfacet
  facet normal 0.550844 0.824382 0.13025
    outer loop
      vertex 27.9401 48.3936 3.66258
      vertex 27.462 47.5656 10.9251
      vertex 33.4356 43.5741 10.9251
    endloop
  endfacet
  facet normal 0.438519 0.889233 0.13025
    outer loop
      vertex 27.9401 48.3936 3.66258
      vertex 21.3844 51.6265 3.66258
      vertex 27.462 47.5656 10.9251
    endloop
  endfacet
  facet normal 0.438511 0.889236 0.130258
    outer loop
      vertex 21.3844 51.6265 3.66258
      vertex 21.0185 50.7431 10.9251
      vertex 27.462 47.5656 10.9251
    endloop
  endfacet
  facet normal 0.318693 0.938865 0.130258
    outer loop
      vertex 21.3844 51.6265 3.66258
      vertex 14.4628 53.976 3.66258
      vertex 21.0185 50.7431 10.9251
    endloop
  endfacet
  facet normal 0.318709 0.938862 0.130242
    outer loop
      vertex 14.4628 53.976 3.66258
      vertex 14.2154 53.0525 10.9251
      vertex 21.0185 50.7431 10.9251
    endloop
  endfacet
  facet normal 0.193429 0.972431 0.130243
    outer loop
      vertex 14.4628 53.976 3.66258
      vertex 7.29382 55.402 3.66258
      vertex 14.2154 53.0525 10.9251
    endloop
  endfacet
  facet normal 0.193427 0.972431 0.130245
    outer loop
      vertex 7.29382 55.402 3.66258
      vertex 7.16902 54.4541 10.9251
      vertex 14.2154 53.0525 10.9251
    endloop
  endfacet
  facet normal 0.0648511 0.989359 0.130245
    outer loop
      vertex 7.29382 55.402 3.66258
      vertex 0 55.8801 3.66258
      vertex 7.16902 54.4541 10.9251
    endloop
  endfacet
  facet normal 0.0648484 0.989359 0.130248
    outer loop
      vertex 0 55.8801 3.66258
      vertex 0 54.924 10.9251
      vertex 7.16902 54.4541 10.9251
    endloop
  endfacet
  facet normal -0.0648511 0.989358 0.130248
    outer loop
      vertex 0 55.8801 3.66258
      vertex -7.29382 55.402 3.66258
      vertex 0 54.924 10.9251
    endloop
  endfacet
  facet normal -0.0648484 0.989359 0.130245
    outer loop
      vertex -7.29382 55.402 3.66258
      vertex -7.16902 54.4541 10.9251
      vertex 0 54.924 10.9251
    endloop
  endfacet
  facet normal -0.193429 0.972431 0.130245
    outer loop
      vertex -7.29382 55.402 3.66258
      vertex -14.4628 53.976 3.66258
      vertex -7.16902 54.4541 10.9251
    endloop
  endfacet
  facet normal -0.193427 0.972431 0.130243
    outer loop
      vertex -14.4628 53.976 3.66258
      vertex -14.2154 53.0525 10.9251
      vertex -7.16902 54.4541 10.9251
    endloop
  endfacet
  facet normal -0.318693 0.938867 0.130242
    outer loop
      vertex -14.4628 53.976 3.66258
      vertex -21.3844 51.6265 3.66258
      vertex -14.2154 53.0525 10.9251
    endloop
  endfacet
  facet normal -0.318708 0.93886 0.130258
    outer loop
      vertex -21.3844 51.6265 3.66258
      vertex -21.0185 50.7431 10.9251
      vertex -14.2154 53.0525 10.9251
    endloop
  endfacet
  facet normal -0.438519 0.889232 0.130258
    outer loop
      vertex -21.3844 51.6265 3.66258
      vertex -27.9401 48.3936 3.66258
      vertex -21.0185 50.7431 10.9251
    endloop
  endfacet
  facet normal -0.438512 0.889237 0.13025
    outer loop
      vertex -27.9401 48.3936 3.66258
      vertex -27.462 47.5656 10.9251
      vertex -21.0185 50.7431 10.9251
    endloop
  endfacet
  facet normal -0.550835 0.824388 0.130251
    outer loop
      vertex -27.9401 48.3936 3.66258
      vertex -34.0177 44.3327 3.66258
      vertex -27.462 47.5656 10.9251
    endloop
  endfacet
  facet normal -0.550843 0.824381 0.130261
    outer loop
      vertex -34.0177 44.3327 3.66258
      vertex -33.4356 43.5741 10.9251
      vertex -27.462 47.5656 10.9251
    endloop
  endfacet
  facet normal -0.653734 0.745429 0.130261
    outer loop
      vertex -34.0177 44.3327 3.66258
      vertex -39.5132 39.5132 3.66258
      vertex -33.4356 43.5741 10.9251
    endloop
  endfacet
  facet normal -0.65373 0.745434 0.130254
    outer loop
      vertex -39.5132 39.5132 3.66258
      vertex -38.8371 38.8371 10.9251
      vertex -33.4356 43.5741 10.9251
    endloop
  endfacet
  facet normal -0.745429 0.653734 0.130254
    outer loop
      vertex -39.5132 39.5132 3.66258
      vertex -44.3327 34.0177 3.66258
      vertex -38.8371 38.8371 10.9251
    endloop
  endfacet
  facet normal -0.745433 0.653729 0.130261
    outer loop
      vertex -44.3327 34.0177 3.66258
      vertex -43.5741 33.4356 10.9251
      vertex -38.8371 38.8371 10.9251
    endloop
  endfacet
  facet normal -0.824387 0.550835 0.130261
    outer loop
      vertex -44.3327 34.0177 3.66258
      vertex -48.3936 27.9401 3.66258
      vertex -43.5741 33.4356 10.9251
    endloop
  endfacet
  facet normal -0.824382 0.550844 0.13025
    outer loop
      vertex -48.3936 27.9401 3.66258
      vertex -47.5656 27.462 10.9251
      vertex -43.5741 33.4356 10.9251
    endloop
  endfacet
  facet normal -0.889233 0.438519 0.13025
    outer loop
      vertex -48.3936 27.9401 3.66258
      vertex -51.6265 21.3844 3.66258
      vertex -47.5656 27.462 10.9251
    endloop
  endfacet
  facet normal -0.889236 0.438511 0.130258
    outer loop
      vertex -51.6265 21.3844 3.66258
      vertex -50.7431 21.0185 10.9251
      vertex -47.5656 27.462 10.9251
    endloop
  endfacet
  facet normal -0.938865 0.318693 0.130258
    outer loop
      vertex -51.6265 21.3844 3.66258
      vertex -53.976 14.4628 3.66258
      vertex -50.7431 21.0185 10.9251
    endloop
  endfacet
  facet normal -0.938862 0.318709 0.130242
    outer loop
      vertex -53.976 14.4628 3.66258
      vertex -53.0525 14.2154 10.9251
      vertex -50.7431 21.0185 10.9251
    endloop
  endfacet
  facet normal -0.972431 0.193429 0.130243
    outer loop
      vertex -53.976 14.4628 3.66258
      vertex -55.402 7.29382 3.66258
      vertex -53.0525 14.2154 10.9251
    endloop
  endfacet
  facet normal -0.972431 0.193427 0.130245
    outer loop
      vertex -55.402 7.29382 3.66258
      vertex -54.4541 7.16902 10.9251
      vertex -53.0525 14.2154 10.9251
    endloop
  endfacet
  facet normal -0.989359 0.0648511 0.130245
    outer loop
      vertex -55.402 7.29382 3.66258
      vertex -55.8801 -0 3.66258
      vertex -54.4541 7.16902 10.9251
    endloop
  endfacet
  facet normal -0.989359 0.0648484 0.130248
    outer loop
      vertex -55.8801 -0 3.66258
      vertex -54.924 -0 10.9251
      vertex -54.4541 7.16902 10.9251
    endloop
  endfacet
  facet normal -0.989358 -0.0648511 0.130248
    outer loop
      vertex -55.8801 -0 3.66258
      vertex -55.402 -7.29382 3.66258
      vertex -54.924 -0 10.9251
    endloop
  endfacet
  facet normal -0.989359 -0.0648484 0.130245
    outer loop
      vertex -55.402 -7.29382 3.66258
      vertex -54.4541 -7.16902 10.9251
      vertex -54.924 -0 10.9251
    endloop
  endfacet
  facet normal -0.972431 -0.193429 0.130245
    outer loop
      vertex -55.402 -7.29382 3.66258
      vertex -53.976 -14.4628 3.66258
      vertex -54.4541 -7.16902 10.9251
    endloop
  endfacet
  facet normal -0.972431 -0.193427 0.130243
    outer loop
      vertex -53.976 -14.4628 3.66258
      vertex -53.0525 -14.2154 10.9251
      vertex -54.4541 -7.16902 10.9251
    endloop
  endfacet
  facet normal -0.938867 -0.318693 0.130242
    outer loop
      vertex -53.976 -14.4628 3.66258
      vertex -51.6265 -21.3844 3.66258
      vertex -53.0525 -14.2154 10.9251
    endloop
  endfacet
  facet normal -0.93886 -0.318708 0.130258
    outer loop
      vertex -51.6265 -21.3844 3.66258
      vertex -50.7431 -21.0185 10.9251
      vertex -53.0525 -14.2154 10.9251
    endloop
  endfacet
  facet normal -0.889232 -0.438519 0.130258
    outer loop
      vertex -51.6265 -21.3844 3.66258
      vertex -48.3936 -27.9401 3.66258
      vertex -50.7431 -21.0185 10.9251
    endloop
  endfacet
  facet normal -0.889237 -0.438512 0.13025
    outer loop
      vertex -48.3936 -27.9401 3.66258
      vertex -47.5656 -27.462 10.9251
      vertex -50.7431 -21.0185 10.9251
    endloop
  endfacet
  facet normal -0.824388 -0.550835 0.130251
    outer loop
      vertex -48.3936 -27.9401 3.66258
      vertex -44.3327 -34.0177 3.66258
      vertex -47.5656 -27.462 10.9251
    endloop
  endfacet
  facet normal -0.824381 -0.550843 0.130261
    outer loop
      vertex -44.3327 -34.0177 3.66258
      vertex -43.5741 -33.4356 10.9251
      vertex -47.5656 -27.462 10.9251
    endloop
  endfacet
  facet normal -0.745429 -0.653734 0.130261
    outer loop
      vertex -44.3327 -34.0177 3.66258
      vertex -39.5132 -39.5132 3.66258
      vertex -43.5741 -33.4356 10.9251
    endloop
  endfacet
  facet normal -0.745434 -0.65373 0.130254
    outer loop
      vertex -39.5132 -39.5132 3.66258
      vertex -38.8371 -38.8371 10.9251
      vertex -43.5741 -33.4356 10.9251
    endloop
  endfacet
  facet normal -0.653734 -0.745429 0.130254
    outer loop
      vertex -39.5132 -39.5132 3.66258
      vertex -34.0177 -44.3327 3.66258
      vertex -38.8371 -38.8371 10.9251
    endloop
  endfacet
  facet normal -0.653729 -0.745433 0.130261
    outer loop
      vertex -34.0177 -44.3327 3.66258
      vertex -33.4356 -43.5741 10.9251
      vertex -38.8371 -38.8371 10.9251
    endloop
  endfacet
  facet normal -0.550835 -0.824387 0.130261
    outer loop
      vertex -34.0177 -44.3327 3.66258
      vertex -27.9401 -48.3936 3.66258
      vertex -33.4356 -43.5741 10.9251
    endloop
  endfacet
  facet normal -0.550844 -0.824382 0.13025
    outer loop
      vertex -27.9401 -48.3936 3.66258
      vertex -27.462 -47.5656 10.9251
      vertex -33.4356 -43.5741 10.9251
    endloop
  endfacet
  facet normal -0.438519 -0.889233 0.13025
    outer loop
      vertex -27.9401 -48.3936 3.66258
      vertex -21.3844 -51.6265 3.66258
      vertex -27.462 -47.5656 10.9251
    endloop
  endfacet
  facet normal -0.438511 -0.889236 0.130258
    outer loop
      vertex -21.3844 -51.6265 3.66258
      vertex -21.0185 -50.7431 10.9251
      vertex -27.462 -47.5656 10.9251
    endloop
  endfacet
  facet normal -0.318693 -0.938865 0.130258
    outer loop
      vertex -21.3844 -51.6265 3.66258
      vertex -14.4628 -53.976 3.66258
      vertex -21.0185 -50.7431 10.9251
    endloop
  endfacet
  facet normal -0.318709 -0.938862 0.130242
    outer loop
      vertex -14.4628 -53.976 3.66258
      vertex -14.2154 -53.0525 10.9251
      vertex -21.0185 -50.7431 10.9251
    endloop
  endfacet
  facet normal -0.193429 -0.972431 0.130243
    outer loop
      vertex -14.4628 -53.976 3.66258
      vertex -7.29382 -55.402 3.66258
      vertex -14.2154 -53.0525 10.9251
    endloop
  endfacet
  facet normal -0.193427 -0.972431 0.130245
    outer loop
      vertex -7.29382 -55.402 3.66258
      vertex -7.16902 -54.4541 10.9251
      vertex -14.2154 -53.0525 10.9251
    endloop
  endfacet
  facet normal -0.0648511 -0.989359 0.130245
    outer loop
      vertex -7.29382 -55.402 3.66258
      vertex -0 -55.8801 3.66258
      vertex -7.16902 -54.4541 10.9251
    endloop
  endfacet
  facet normal -0.0648484 -0.989359 0.130248
    outer loop
      vertex -0 -55.8801 3.66258
      vertex -0 -54.924 10.9251
      vertex -7.16902 -54.4541 10.9251
    endloop
  endfacet
  facet normal 0.0648511 -0.989358 0.130248
    outer loop
      vertex -0 -55.8801 3.66258
      vertex 7.29382 -55.402 3.66258
      vertex -0 -54.924 10.9251
    endloop
  endfacet
  facet normal 0.0648484 -0.989359 0.130245
    outer loop
      vertex 7.29382 -55.402 3.66258
      vertex 7.16902 -54.4541 10.9251
      vertex -0 -54.924 10.9251
    endloop
  endfacet
  facet normal 0.193429 -0.972431 0.130245
    outer loop
      vertex 7.29382 -55.402 3.66258
      vertex 14.4628 -53.976 3.66258
      vertex 7.16902 -54.4541 10.9251
    endloop
  endfacet
  facet normal 0.193427 -0.972431 0.130243
    outer loop
      vertex 14.4628 -53.976 3.66258
      vertex 14.2154 -53.0525 10.9251
      vertex 7.16902 -54.4541 10.9251
    endloop
  endfacet
  facet normal 0.318693 -0.938867 0.130242
    outer loop
      vertex 14.4628 -53.976 3.66258
      vertex 21.3844 -51.6265 3.66258
      vertex 14.2154 -53.0525 10.9251
    endloop
  endfacet
  facet normal 0.318708 -0.93886 0.130258
    outer loop
      vertex 21.3844 -51.6265 3.66258
      vertex 21.0185 -50.7431 10.9251
      vertex 14.2154 -53.0525 10.9251
    endloop
  endfacet
  facet normal 0.438519 -0.889232 0.130258
    outer loop
      vertex 21.3844 -51.6265 3.66258
      vertex 27.9401 -48.3936 3.66258
      vertex 21.0185 -50.7431 10.9251
    endloop
  endfacet
  facet normal 0.438512 -0.889237 0.13025
    outer loop
      vertex 27.9401 -48.3936 3.66258
      vertex 27.462 -47.5656 10.9251
      vertex 21.0185 -50.7431 10.9251
    endloop
  endfacet
  facet normal 0.550835 -0.824388 0.130251
    outer loop
      vertex 27.9401 -48.3936 3.66258
      vertex 34.0177 -44.3327 3.66258
      vertex 27.462 -47.5656 10.9251
    endloop
  endfacet
  facet normal 0.550843 -0.824381 0.130261
    outer loop
      vertex 34.0177 -44.3327 3.66258
      vertex 33.4356 -43.5741 10.9251
      vertex 27.462 -47.5656 10.9251
    endloop
  endfacet
  facet normal 0.653734 -0.745429 0.130261
    outer loop
      vertex 34.0177 -44.3327 3.66258
      vertex 39.5132 -39.5132 3.66258
      vertex 33.4356 -43.5741 10.9251
    endloop
  endfacet
  facet normal 0.65373 -0.745434 0.130254
    outer loop
      vertex 39.5132 -39.5132 3.66258
      vertex 38.8371 -38.8371 10.9251
      vertex 33.4356 -43.5741 10.9251
    endloop
  endfacet
  facet normal 0.745429 -0.653734 0.130254
    outer loop
      vertex 39.5132 -39.5132 3.66258
      vertex 44.3327 -34.0177 3.66258
      vertex 38.8371 -38.8371 10.9251
    endloop
  endfacet
  facet normal 0.745433 -0.653729 0.130261
    outer loop
      vertex 44.3327 -34.0177 3.66258
      vertex 43.5741 -33.4356 10.9251
      vertex 38.8371 -38.8371 10.9251
    endloop
  endfacet
  facet normal 0.824387 -0.550835 0.130261
    outer loop
      vertex 44.3327 -34.0177 3.66258
      vertex 48.3936 -27.9401 3.66258
      vertex 43.5741 -33.4356 10.9251
    endloop
  endfacet
  facet normal 0.824382 -0.550844 0.13025
    outer loop
      vertex 48.3936 -27.9401 3.66258
      vertex 47.5656 -27.462 10.9251
      vertex 43.5741 -33.4356 10.9251
    endloop
  endfacet
  facet normal 0.889233 -0.438519 0.13025
    outer loop
      vertex 48.3936 -27.9401 3.66258
      vertex 51.6265 -21.3844 3.66258
      vertex 47.5656 -27.462 10.9251
    endloop
  endfacet
  facet normal 0.889236 -0.438511 0.130258
    outer loop
      vertex 51.6265 -21.3844 3.66258
      vertex 50.7431 -21.0185 10.9251
      vertex 47.5656 -27.462 10.9251
    endloop
  endfacet
  facet normal 0.938865 -0.318693 0.130258
    outer loop
      vertex 51.6265 -21.3844 3.66258
      vertex 53.976 -14.4628 3.66258
      vertex 50.7431 -21.0185 10.9251
    endloop
  endfacet
  facet normal 0.938862 -0.318709 0.130242
    outer loop
      vertex 53.976 -14.4628 3.66258
      vertex 53.0525 -14.2154 10.9251
      vertex 50.7431 -21.0185 10.9251
    endloop
  endfacet
  facet normal 0.972431 -0.193429 0.130243
    outer loop
      vertex 53.976 -14.4628 3.66258
      vertex 55.402 -7.29382 3.66258
      vertex 53.0525 -14.2154 10.9251
    endloop
  endfacet
  facet normal 0.972431 -0.193427 0.130245
    outer loop
      vertex 55.402 -7.29382 3.66258
      vertex 54.4541 -7.16902 10.9251
      vertex 53.0525 -14.2154 10.9251
    endloop
  endfacet
  facet normal 0.989359 -0.0648511 0.130245
    outer loop
      vertex 55.402 -7.29382 3.66258
      vertex 55.8801 0 3.66258
      vertex 54.4541 -7.16902 10.9251
    endloop
  endfacet
  facet normal 0.989359 -0.0648484 0.130248
    outer loop
      vertex 55.8801 0 3.66258
      vertex 54.924 0 10.9251
      vertex 54.4541 -7.16902 10.9251
    endloop
  endfacet
  facet normal 0.997859 0.0654083 -0
    outer loop
      vertex 55.8801 0 -3.66258
      vertex 55.402 7.29382 -3.66258
      vertex 55.8801 0 3.66258
    endloop
  endfacet
  facet normal 0.997859 0.0654083 -0
    outer loop
      vertex 55.402 7.29382 -3.66258
      vertex 55.402 7.29382 3.66258
      vertex 55.8801 0 3.66258
    endloop
  endfacet
  facet normal 0.980785 0.19509 -0
    outer loop
      vertex 55.402 7.29382 -3.66258
      vertex 53.976 14.4628 -3.66258
      vertex 55.402 7.29382 3.66258
    endloop
  endfacet
  facet normal 0.980785 0.19509 -0
    outer loop
      vertex 53.976 14.4628 -3.66258
      vertex 53.976 14.4628 3.66258
      vertex 55.402 7.29382 3.66258
    endloop
  endfacet
  facet normal 0.946933 0.321431 -0
    outer loop
      vertex 53.976 14.4628 -3.66258
      vertex 51.6265 21.3844 -3.66258
      vertex 53.976 14.4628 3.66258
    endloop
  endfacet
  facet normal 0.946933 0.321431 -0
    outer loop
      vertex 51.6265 21.3844 -3.66258
      vertex 51.6265 21.3844 3.66258
      vertex 53.976 14.4628 3.66258
    endloop
  endfacet
  facet normal 0.896873 0.442287 -0
    outer loop
      vertex 51.6265 21.3844 -3.66258
      vertex 48.3936 27.9401 -3.66258
      vertex 51.6265 21.3844 3.66258
    endloop
  endfacet
  facet normal 0.896873 0.442287 -0
    outer loop
      vertex 48.3936 27.9401 -3.66258
      vertex 48.3936 27.9401 3.66258
      vertex 51.6265 21.3844 3.66258
    endloop
  endfacet
  facet normal 0.831471 0.555568 -0
    outer loop
      vertex 48.3936 27.9401 -3.66258
      vertex 44.3327 34.0177 -3.66258
      vertex 48.3936 27.9401 3.66258
    endloop
  endfacet
  facet normal 0.831471 0.555568 -0
    outer loop
      vertex 44.3327 34.0177 -3.66258
      vertex 44.3327 34.0177 3.66258
      vertex 48.3936 27.9401 3.66258
    endloop
  endfacet
  facet normal 0.751835 0.659352 -0
    outer loop
      vertex 44.3327 34.0177 -3.66258
      vertex 39.5132 39.5132 -3.66258
      vertex 44.3327 34.0177 3.66258
    endloop
  endfacet
  facet normal 0.751835 0.659352 -0
    outer loop
      vertex 39.5132 39.5132 -3.66258
      vertex 39.5132 39.5132 3.66258
      vertex 44.3327 34.0177 3.66258
    endloop
  endfacet
  facet normal 0.659352 0.751835 -0
    outer loop
      vertex 39.5132 39.5132 -3.66258
      vertex 34.0177 44.3327 -3.66258
      vertex 39.5132 39.5132 3.66258
    endloop
  endfacet
  facet normal 0.659352 0.751835 -0
    outer loop
      vertex 34.0177 44.3327 -3.66258
      vertex 34.0177 44.3327 3.66258
      vertex 39.5132 39.5132 3.66258
    endloop
  endfacet
  facet normal 0.555568 0.831471 -0
    outer loop
      vertex 34.0177 44.3327 -3.66258
      vertex 27.9401 48.3936 -3.66258
      vertex 34.0177 44.3327 3.66258
    endloop
  endfacet
  facet normal 0.555568 0.831471 -0
    outer loop
      vertex 27.9401 48.3936 -3.66258
      vertex 27.9401 48.3936 3.66258
      vertex 34.0177 44.3327 3.66258
    endloop
  endfacet
  facet normal 0.442287 0.896873 -0
    outer loop
      vertex 27.9401 48.3936 -3.66258
      vertex 21.3844 51.6265 -3.66258
      vertex 27.9401 48.3936 3.66258
    endloop
  endfacet
  facet normal 0.442287 0.896873 -0
    outer loop
      vertex 21.3844 51.6265 -3.66258
      vertex 21.3844 51.6265 3.66258
      vertex 27.9401 48.3936 3.66258
    endloop
  endfacet
  facet normal 0.321431 0.946933 -0
    outer loop
      vertex 21.3844 51.6265 -3.66258
      vertex 14.4628 53.976 -3.66258
      vertex 21.3844 51.6265 3.66258
    endloop
  endfacet
  facet normal 0.321431 0.946933 -0
    outer loop
      vertex 14.4628 53.976 -3.66258
      vertex 14.4628 53.976 3.66258
      vertex 21.3844 51.6265 3.66258
    endloop
  endfacet
  facet normal 0.19509 0.980785 -0
    outer loop
      vertex 14.4628 53.976 -3.66258
      vertex 7.29382 55.402 -3.66258
      vertex 14.4628 53.976 3.66258
    endloop
  endfacet
  facet normal 0.19509 0.980785 -0
    outer loop
      vertex 7.29382 55.402 -3.66258
      vertex 7.29382 55.402 3.66258
      vertex 14.4628 53.976 3.66258
    endloop
  endfacet
  facet normal 0.0654083 0.997859 -0
    outer loop
      vertex 7.29382 55.402 -3.66258
      vertex 0 55.8801 -3.66258
      vertex 7.29382 55.402 3.66258
    endloop
  endfacet
  facet normal 0.0654083 0.997859 -0
    outer loop
      vertex 0 55.8801 -3.66258
      vertex 0 55.8801 3.66258
      vertex 7.29382 55.402 3.66258
    endloop
  endfacet
  facet normal -0.0654083 0.997859 0
    outer loop
      vertex 0 55.8801 -3.66258
      vertex -7.29382 55.402 -3.66258
      vertex 0 55.8801 3.66258
    endloop
  endfacet
  facet normal -0.0654083 0.997859 0
    outer loop
      vertex -7.29382 55.402 -3.66258
      vertex -7.29382 55.402 3.66258
      vertex 0 55.8801 3.66258
    endloop
  endfacet
  facet normal -0.19509 0.980785 0
    outer loop
      vertex -7.29382 55.402 -3.66258
      vertex -14.4628 53.976 -3.66258
      vertex -7.29382 55.402 3.66258
    endloop
  endfacet
  facet normal -0.19509 0.980785 0
    outer loop
      vertex -14.4628 53.976 -3.66258
      vertex -14.4628 53.976 3.66258
      vertex -7.29382 55.402 3.66258
    endloop
  endfacet
  facet normal -0.321431 0.946933 0
    outer loop
      vertex -14.4628 53.976 -3.66258
      vertex -21.3844 51.6265 -3.66258
      vertex -14.4628 53.976 3.66258
    endloop
  endfacet
  facet normal -0.321431 0.946933 0
    outer loop
      vertex -21.3844 51.6265 -3.66258
      vertex -21.3844 51.6265 3.66258
      vertex -14.4628 53.976 3.66258
    endloop
  endfacet
  facet normal -0.442287 0.896873 0
    outer loop
      vertex -21.3844 51.6265 -3.66258
      vertex -27.9401 48.3936 -3.66258
      vertex -21.3844 51.6265 3.66258
    endloop
  endfacet
  facet normal -0.442287 0.896873 0
    outer loop
      vertex -27.9401 48.3936 -3.66258
      vertex -27.9401 48.3936 3.66258
      vertex -21.3844 51.6265 3.66258
    endloop
  endfacet
  facet normal -0.555568 0.831471 0
    outer loop
      vertex -27.9401 48.3936 -3.66258
      vertex -34.0177 44.3327 -3.66258
      vertex -27.9401 48.3936 3.66258
    endloop
  endfacet
  facet normal -0.555568 0.831471 0
    outer loop
      vertex -34.0177 44.3327 -3.66258
      vertex -34.0177 44.3327 3.66258
      vertex -27.9401 48.3936 3.66258
    endloop
  endfacet
  facet normal -0.659352 0.751835 0
    outer loop
      vertex -34.0177 44.3327 -3.66258
      vertex -39.5132 39.5132 -3.66258
      vertex -34.0177 44.3327 3.66258
    endloop
  endfacet
  facet normal -0.659352 0.751835 0
    outer loop
      vertex -39.5132 39.5132 -3.66258
      vertex -39.5132 39.5132 3.66258
      vertex -34.0177 44.3327 3.66258
    endloop
  endfacet
  facet normal -0.751835 0.659352 0
    outer loop
      vertex -39.5132 39.5132 -3.66258
      vertex -44.3327 34.0177 -3.66258
      vertex -39.5132 39.5132 3.66258
    endloop
  endfacet
  facet normal -0.751835 0.659352 0
    outer loop
      vertex -44.3327 34.0177 -3.66258
      vertex -44.3327 34.0177 3.66258
      vertex -39.5132 39.5132 3.66258
    endloop
  endfacet
  facet normal -0.831471 0.555568 0
    outer loop
      vertex -44.3327 34.0177 -3.66258
      vertex -48.3936 27.9401 -3.66258
      vertex -44.3327 34.0177 3.66258
    endloop
  endfacet
  facet normal -0.831471 0.555568 0
    outer loop
      vertex -48.3936 27.9401 -3.66258
      vertex -48.3936 27.9401 3.66258
      vertex -44.3327 34.0177 3.66258
    endloop
  endfacet
  facet normal -0.896873 0.442287 0
    outer loop
      vertex -48.3936 27.9401 -3.66258
      vertex -51.6265 21.3844 -3.66258
      vertex -48.3936 27.9401 3.66258
    endloop
  endfacet
  facet normal -0.896873 0.442287 0
    outer loop
      vertex -51.6265 21.3844 -3.66258
      vertex -51.6265 21.3844 3.66258
      vertex -48.3936 27.9401 3.66258
    endloop
  endfacet
  facet normal -0.946933 0.321431 0
    outer loop
      vertex -51.6265 21.3844 -3.66258
      vertex -53.976 14.4628 -3.66258
      vertex -51.6265 21.3844 3.66258
    endloop
  endfacet
  facet normal -0.946933 0.321431 0
    outer loop
      vertex -53.976 14.4628 -3.66258
      vertex -53.976 14.4628 3.66258
      vertex -51.6265 21.3844 3.66258
    endloop
  endfacet
  facet normal -0.980785 0.19509 0
    outer loop
      vertex -53.976 14.4628 -3.66258
      vertex -55.402 7.29382 -3.66258
      vertex -53.976 14.4628 3.66258
    endloop
  endfacet
  facet normal -0.980785 0.19509 0
    outer loop
      vertex -55.402 7.29382 -3.66258
      vertex -55.402 7.29382 3.66258
      vertex -53.976 14.4628 3.66258
    endloop
  endfacet
  facet normal -0.997859 0.0654083 0
    outer loop
      vertex -55.402 7.29382 -3.66258
      vertex -55.8801 -0 -3.66258
      vertex -55.402 7.29382 3.66258
    endloop
  endfacet
  facet normal -0.997859 0.0654083 0
    outer loop
      vertex -55.8801 -0 -3.66258
      vertex -55.8801 -0 3.66258
      vertex -55.402 7.29382 3.66258
    endloop
  endfacet
  facet normal -0.997859 -0.0654083 0
    outer loop
      vertex -55.8801 -0 -3.66258
      vertex -55.402 -7.29382 -3.66258
      vertex -55.8801 -0 3.66258
    endloop
  endfacet
  facet normal -0.997859 -0.0654083 0
    outer loop
      vertex -55.402 -7.29382 -3.66258
      vertex -55.402 -7.29382 3.66258
      vertex -55.8801 -0 3.66258
    endloop
  endfacet
  facet normal -0.980785 -0.19509 0
    outer loop
      vertex -55.402 -7.29382 -3.66258
      vertex -53.976 -14.4628 -3.66258
      vertex -55.402 -7.29382 3.66258
    endloop
  endfacet
  facet normal -0.980785 -0.19509 0
    outer loop
      vertex -53.976 -14.4628 -3.66258
      vertex -53.976 -14.4628 3.66258
      vertex -55.402 -7.29382 3.66258
    endloop
  endfacet
  facet normal -0.946933 -0.321431 0
    outer loop
      vertex -53.976 -14.4628 -3.66258
      vertex -51.6265 -21.3844 -3.66258
      vertex -53.976 -14.4628 3.66258
    endloop
  endfacet
  facet normal -0.946933 -0.321431 0
    outer loop
      vertex -51.6265 -21.3844 -3.66258
      vertex -51.6265 -21.3844 3.66258
      vertex -53.976 -14.4628 3.66258
    endloop
  endfacet
  facet normal -0.896873 -0.442287 0
    outer loop
      vertex -51.6265 -21.3844 -3.66258
      vertex -48.3936 -27.9401 -3.66258
      vertex -51.6265 -21.3844 3.66258
    endloop
  endfacet
  facet normal -0.896873 -0.442287 0
    outer loop
      vertex -48.3936 -27.9401 -3.66258
      vertex -48.3936 -27.9401 3.66258
      vertex -51.6265 -21.3844 3.66258
    endloop
  endfacet
  facet normal -0.831471 -0.555568 0
    outer loop
      vertex -48.3936 -27.9401 -3.66258
      vertex -44.3327 -34.0177 -3.66258
      vertex -48.3936 -27.9401 3.66258
    endloop
  endfacet
  facet normal -0.831471 -0.555568 0
    outer loop
      vertex -44.3327 -34.0177 -3.66258
      vertex -44.3327 -34.0177 3.66258
      vertex -48.3936 -27.9401 3.66258
    endloop
  endfacet
  facet normal -0.751835 -0.659352 0
    outer loop
      vertex -44.3327 -34.0177 -3.66258
      vertex -39.5132 -39.5132 -3.66258
      vertex -44.3327 -34.0177 3.66258
    endloop
  endfacet
  facet normal -0.751835 -0.659352 0
    outer loop
      vertex -39.5132 -39.5132 -3.66258
      vertex -39.5132 -39.5132 3.66258
      vertex -44.3327 -34.0177 3.66258
    endloop
  endfacet
  facet normal -0.659352 -0.751835 0
    outer loop
      vertex -39.5132 -39.5132 -3.66258
      vertex -34.0177 -44.3327 -3.66258
      vertex -39.5132 -39.5132 3.66258
    endloop
  endfacet
  facet normal -0.659352 -0.751835 0
    outer loop
      vertex -34.0177 -44.3327 -3.66258
      vertex -34.0177 -44.3327 3.66258
      vertex -39.5132 -39.5132 3.66258
    endloop
  endfacet
  facet normal -0.555568 -0.831471 0
    outer loop
      vertex -34.0177 -44.3327 -3.66258
      vertex -27.9401 -48.3936 -3.66258
      vertex -34.0177 -44.3327 3.66258
    endloop
  endfacet
  facet normal -0.555568 -0.831471 0
    outer loop
      vertex -27.9401 -48.3936 -3.66258
      vertex -27.9401 -48.3936 3.66258
      vertex -34.0177 -44.3327 3.66258
    endloop
  endfacet
  facet normal -0.442287 -0.896873 0
    outer loop
      vertex -27.9401 -48.3936 -3.66258
      vertex -21.3844 -51.6265 -3.66258
      vertex -27.9401 -48.3936 3.66258
    endloop
  endfacet
  facet normal -0.442287 -0.896873 0
    outer loop
      vertex -21.3844 -51.6265 -3.66258
      vertex -21.3844 -51.6265 3.66258
      vertex -27.9401 -48.3936 3.66258
    endloop
  endfacet
  facet normal -0.321431 -0.946933 0
    outer loop
      vertex -21.3844 -51.6265 -3.66258
      vertex -14.4628 -53.976 -3.66258
      vertex -21.3844 -51.6265 3.66258
    endloop
  endfacet
  facet normal -0.321431 -0.946933 0
    outer loop
      vertex -14.4628 -53.976 -3.66258
      vertex -14.4628 -53.976 3.66258
      vertex -21.3844 -51.6265 3.66258
    endloop
  endfacet
  facet normal -0.19509 -0.980785 0
    outer loop
      vertex -14.4628 -53.976 -3.66258
      vertex -7.29382 -55.402 -3.66258
      vertex -14.4628 -53.976 3.66258
    endloop
  endfacet
  facet normal -0.19509 -0.980785 0
    outer loop
      vertex -7.29382 -55.402 -3.66258
      vertex -7.29382 -55.402 3.66258
      vertex -14.4628 -53.976 3.66258
    endloop
  endfacet
  facet normal -0.0654083 -0.997859 0
    outer loop
      vertex -7.29382 -55.402 -3.66258
      vertex -0 -55.8801 -3.66258
      vertex -7.29382 -55.402 3.66258
    endloop
  endfacet
  facet normal -0.0654083 -0.997859 0
    outer loop
      vertex -0 -55.8801 -3.66258
      vertex -0 -55.8801 3.66258
      vertex -7.29382 -55.402 3.66258
    endloop
  endfacet
  facet normal 0.0654083 -0.997859 0
    outer loop
      vertex -0 -55.8801 -3.66258
      vertex 7.29382 -55.402 -3.66258
      vertex -0 -55.8801 3.66258
    endloop
  endfacet
  facet normal 0.0654083 -0.997859 0
    outer loop
      vertex 7.29382 -55.402 -3.66258
      vertex 7.29382 -55.402 3.66258
      vertex -0 -55.8801 3.66258
    endloop
  endfacet
  facet normal 0.19509 -0.980785 0
    outer loop
      vertex 7.29382 -55.402 -3.66258
      vertex 14.4628 -53.976 -3.66258
      vertex 7.29382 -55.402 3.66258
    endloop
  endfacet
  facet normal 0.19509 -0.980785 0
    outer loop
      vertex 14.4628 -53.976 -3.66258
      vertex 14.4628 -53.976 3.66258
      vertex 7.29382 -55.402 3.66258
    endloop
  endfacet
  facet normal 0.321431 -0.946933 0
    outer loop
      vertex 14.4628 -53.976 -3.66258
      vertex 21.3844 -51.6265 -3.66258
      vertex 14.4628 -53.976 3.66258
    endloop
  endfacet
  facet normal 0.321431 -0.946933 0
    outer loop
      vertex 21.3844 -51.6265 -3.66258
      vertex 21.3844 -51.6265 3.66258
      vertex 14.4628 -53.976 3.66258
    endloop
  endfacet
  facet normal 0.442287 -0.896873 0
    outer loop
      vertex 21.3844 -51.6265 -3.66258
      vertex 27.9401 -48.3936 -3.66258
      vertex 21.3844 -51.6265 3.66258
    endloop
  endfacet
  facet normal 0.442287 -0.896873 0
    outer loop
      vertex 27.9401 -48.3936 -3.66258
      vertex 27.9401 -48.3936 3.66258
      vertex 21.3844 -51.6265 3.66258
    endloop
  endfacet
  facet normal 0.555568 -0.831471 0
    outer loop
      vertex 27.9401 -48.3936 -3.66258
      vertex 34.0177 -44.3327 -3.66258
      vertex 27.9401 -48.3936 3.66258
    endloop
  endfacet
  facet normal 0.555568 -0.831471 0
    outer loop
      vertex 34.0177 -44.3327 -3.66258
      vertex 34.0177 -44.3327 3.66258
      vertex 27.9401 -48.3936 3.66258
    endloop
  endfacet
  facet normal 0.659352 -0.751835 0
    outer loop
      vertex 34.0177 -44.3327 -3.66258
      vertex 39.5132 -39.5132 -3.66258
      vertex 34.0177 -44.3327 3.66258
    endloop
  endfacet
  facet normal 0.659352 -0.751835 0
    outer loop
      vertex 39.5132 -39.5132 -3.66258
      vertex 39.5132 -39.5132 3.66258
      vertex 34.0177 -44.3327 3.66258
    endloop
  endfacet
  facet normal 0.751835 -0.659352 0
    outer loop
      vertex 39.5132 -39.5132 -3.66258
      vertex 44.3327 -34.0177 -3.66258
      vertex 39.5132 -39.5132 3.66258
    endloop
  endfacet
  facet normal 0.751835 -0.659352 0
    outer loop
      vertex 44.3327 -34.0177 -3.66258
      vertex 44.3327 -34.0177 3.66258
      vertex 39.5132 -39.5132 3.66258
    endloop
  endfacet
  facet normal 0.831471 -0.555568 0
    outer loop
      vertex 44.3327 -34.0177 -3.66258
      vertex 48.3936 -27.9401 -3.66258
      vertex 44.3327 -34.0177 3.66258
    endloop
  endfacet
  facet normal 0.831471 -0.555568 0
    outer loop
      vertex 48.3936 -27.9401 -3.66258
      vertex 48.3936 -27.9401 3.66258
      vertex 44.3327 -34.0177 3.66258
    endloop
  endfacet
  facet normal 0.896873 -0.442287 0
    outer loop
      vertex 48.3936 -27.9401 -3.66258
      vertex 51.6265 -21.3844 -3.66258
      vertex 48.3936 -27.9401 3.66258
    endloop
  endfacet
  facet normal 0.896873 -0.442287 0
    outer loop
      vertex 51.6265 -21.3844 -3.66258
      vertex 51.6265 -21.3844 3.66258
      vertex 48.3936 -27.9401 3.66258
    endloop
  endfacet
  facet normal 0.946933 -0.321431 0
    outer loop
      vertex 51.6265 -21.3844 -3.66258
      vertex 53.976 -14.4628 -3.66258
      vertex 51.6265 -21.3844 3.66258
    endloop
  endfacet
  facet normal 0.946933 -0.321431 0
    outer loop
      vertex 53.976 -14.4628 -3.66258
      vertex 53.976 -14.4628 3.66258
      vertex 51.6265 -21.3844 3.66258
    endloop
  endfacet
  facet normal 0.980785 -0.19509 0
    outer loop
      vertex 53.976 -14.4628 -3.66258
      vertex 55.402 -7.29382 -3.66258
      vertex 53.976 -14.4628 3.66258
    endloop
  endfacet
  facet normal 0.980785 -0.19509 0
    outer loop
      vertex 55.402 -7.29382 -3.66258
      vertex 55.402 -7.29382 3.66258
      vertex 53.976 -14.4628 3.66258
    endloop
  endfacet
  facet normal 0.997859 -0.0654083 0
    outer loop
      vertex 55.402 -7.29382 -3.66258
      vertex 55.8801 0 -3.66258
      vertex 55.402 -7.29382 3.66258
    endloop
  endfacet
  facet normal 0.997859 -0.0654083 0
    outer loop
      vertex 55.8801 0 -3.66258
      vertex 55.8801 0 3.66258
      vertex 55.402 -7.29382 3.66258
    endloop
  endfacet
  facet normal 0.989359 0.0648484 -0.130248
    outer loop
      vertex 54.924 0 -10.9251
      vertex 54.4541 7.16902 -10.9251
      vertex 55.8801 0 -3.66258
    endloop
  endfacet
  facet normal 0.989359 0.0648511 -0.130245
    outer loop
      vertex 54.4541 7.16902 -10.9251
      vertex 55.402 7.29382 -3.66258
      vertex 55.8801 0 -3.66258
    endloop
  endfacet
  facet normal 0.972431 0.193427 -0.130245
    outer loop
      vertex 54.4541 7.16902 -10.9251
      vertex 53.0525 14.2154 -10.9251
      vertex 55.402 7.29382 -3.66258
    endloop
  endfacet
  facet normal 0.972431 0.193429 -0.130243
    outer loop
      vertex 53.0525 14.2154 -10.9251
      vertex 53.976 14.4628 -3.66258
      vertex 55.402 7.29382 -3.66258
    endloop
  endfacet
  facet normal 0.938862 0.318709 -0.130242
    outer loop
      vertex 53.0525 14.2154 -10.9251
      vertex 50.7431 21.0185 -10.9251
      vertex 53.976 14.4628 -3.66258
    endloop
  endfacet
  facet normal 0.938865 0.318693 -0.130258
    outer loop
      vertex 50.7431 21.0185 -10.9251
      vertex 51.6265 21.3844 -3.66258
      vertex 53.976 14.4628 -3.66258
    endloop
  endfacet
  facet normal 0.889236 0.438511 -0.130258
    outer loop
      vertex 50.7431 21.0185 -10.9251
      vertex 47.5656 27.462 -10.9251
      vertex 51.6265 21.3844 -3.66258
    endloop
  endfacet
  facet normal 0.889233 0.438519 -0.13025
    outer loop
      vertex 47.5656 27.462 -10.9251
      vertex 48.3936 27.9401 -3.66258
      vertex 51.6265 21.3844 -3.66258
    endloop
  endfacet
  facet normal 0.824382 0.550844 -0.13025
    outer loop
      vertex 47.5656 27.462 -10.9251
      vertex 43.5741 33.4356 -10.9251
      vertex 48.3936 27.9401 -3.66258
    endloop
  endfacet
  facet normal 0.824387 0.550835 -0.130261
    outer loop
      vertex 43.5741 33.4356 -10.9251
      vertex 44.3327 34.0177 -3.66258
      vertex 48.3936 27.9401 -3.66258
    endloop
  endfacet
  facet normal 0.745433 0.653729 -0.130261
    outer loop
      vertex 43.5741 33.4356 -10.9251
      vertex 38.8371 38.8371 -10.9251
      vertex 44.3327 34.0177 -3.66258
    endloop
  endfacet
  facet normal 0.745429 0.653734 -0.130254
    outer loop
      vertex 38.8371 38.8371 -10.9251
      vertex 39.5132 39.5132 -3.66258
      vertex 44.3327 34.0177 -3.66258
    endloop
  endfacet
  facet normal 0.65373 0.745434 -0.130254
    outer loop
      vertex 38.8371 38.8371 -10.9251
      vertex 33.4356 43.5741 -10.9251
      vertex 39.5132 39.5132 -3.66258
    endloop
  endfacet
  facet normal 0.653734 0.745429 -0.130261
    outer loop
      vertex 33.4356 43.5741 -10.9251
      vertex 34.0177 44.3327 -3.66258
      vertex 39.5132 39.5132 -3.66258
    endloop
  endfacet
  facet normal 0.550843 0.824381 -0.130261
    outer loop
      vertex 33.4356 43.5741 -10.9251
      vertex 27.462 47.5656 -10.9251
      vertex 34.0177 44.3327 -3.66258
    endloop
  endfacet
  facet normal 0.550835 0.824388 -0.130251
    outer loop
      vertex 27.462 47.5656 -10.9251
      vertex 27.9401 48.3936 -3.66258
      vertex 34.0177 44.3327 -3.66258
    endloop
  endfacet
  facet normal 0.438512 0.889237 -0.13025
    outer loop
      vertex 27.462 47.5656 -10.9251
      vertex 21.0185 50.7431 -10.9251
      vertex 27.9401 48.3936 -3.66258
    endloop
  endfacet
  facet normal 0.438519 0.889232 -0.130258
    outer loop
      vertex 21.0185 50.7431 -10.9251
      vertex 21.3844 51.6265 -3.66258
      vertex 27.9401 48.3936 -3.66258
    endloop
  endfacet
  facet normal 0.318708 0.93886 -0.130258
    outer loop
      vertex 21.0185 50.7431 -10.9251
      vertex 14.2154 53.0525 -10.9251
      vertex 21.3844 51.6265 -3.66258
    endloop
  endfacet
  facet normal 0.318693 0.938867 -0.130242
    outer loop
      vertex 14.2154 53.0525 -10.9251
      vertex 14.4628 53.976 -3.66258
      vertex 21.3844 51.6265 -3.66258
    endloop
  endfacet
  facet normal 0.193427 0.972431 -0.130243
    outer loop
      vertex 14.2154 53.0525 -10.9251
      vertex 7.16902 54.4541 -10.9251
      vertex 14.4628 53.976 -3.66258
    endloop
  endfacet
  facet normal 0.193429 0.972431 -0.130245
    outer loop
      vertex 7.16902 54.4541 -10.9251
      vertex 7.29382 55.402 -3.66258
      vertex 14.4628 53.976 -3.66258
    endloop
  endfacet
  facet normal 0.0648484 0.989359 -0.130245
    outer loop
      vertex 7.16902 54.4541 -10.9251
      vertex 0 54.924 -10.9251
      vertex 7.29382 55.402 -3.66258
    endloop
  endfacet
  facet normal 0.0648511 0.989358 -0.130248
    outer loop
      vertex 0 54.924 -10.9251
      vertex 0 55.8801 -3.66258
      vertex 7.29382 55.402 -3.66258
    endloop
  endfacet
  facet normal -0.0648484 0.989359 -0.130248
    outer loop
      vertex 0 54.924 -10.9251
      vertex -7.16902 54.4541 -10.9251
      vertex 0 55.8801 -3.66258
    endloop
  endfacet
  facet normal -0.0648511 0.989359 -0.130245
    outer loop
      vertex -7.16902 54.4541 -10.9251
      vertex -7.29382 55.402 -3.66258
      vertex 0 55.8801 -3.66258
    endloop
  endfacet
  facet normal -0.193427 0.972431 -0.130245
    outer loop
      vertex -7.16902 54.4541 -10.9251
      vertex -14.2154 53.0525 -10.9251
      vertex -7.29382 55.402 -3.66258
    endloop
  endfacet
  facet normal -0.193429 0.972431 -0.130243
    outer loop
      vertex -14.2154 53.0525 -10.9251
      vertex -14.4628 53.976 -3.66258
      vertex -7.29382 55.402 -3.66258
    endloop
  endfacet
  facet normal -0.318709 0.938862 -0.130242
    outer loop
      vertex -14.2154 53.0525 -10.9251
      vertex -21.0185 50.7431 -10.9251
      vertex -14.4628 53.976 -3.66258
    endloop
  endfacet
  facet normal -0.318693 0.938865 -0.130258
    outer loop
      vertex -21.0185 50.7431 -10.9251
      vertex -21.3844 51.6265 -3.66258
      vertex -14.4628 53.976 -3.66258
    endloop
  endfacet
  facet normal -0.438511 0.889236 -0.130258
    outer loop
      vertex -21.0185 50.7431 -10.9251
      vertex -27.462 47.5656 -10.9251
      vertex -21.3844 51.6265 -3.66258
    endloop
  endfacet
  facet normal -0.438519 0.889233 -0.13025
    outer loop
      vertex -27.462 47.5656 -10.9251
      vertex -27.9401 48.3936 -3.66258
      vertex -21.3844 51.6265 -3.66258
    endloop
  endfacet
  facet normal -0.550844 0.824382 -0.13025
    outer loop
      vertex -27.462 47.5656 -10.9251
      vertex -33.4356 43.5741 -10.9251
      vertex -27.9401 48.3936 -3.66258
    endloop
  endfacet
  facet normal -0.550835 0.824387 -0.130261
    outer loop
      vertex -33.4356 43.5741 -10.9251
      vertex -34.0177 44.3327 -3.66258
      vertex -27.9401 48.3936 -3.66258
    endloop
  endfacet
  facet normal -0.653729 0.745433 -0.130261
    outer loop
      vertex -33.4356 43.5741 -10.9251
      vertex -38.8371 38.8371 -10.9251
      vertex -34.0177 44.3327 -3.66258
    endloop
  endfacet
  facet normal -0.653734 0.745429 -0.130254
    outer loop
      vertex -38.8371 38.8371 -10.9251
      vertex -39.5132 39.5132 -3.66258
      vertex -34.0177 44.3327 -3.66258
    endloop
  endfacet
  facet normal -0.745434 0.65373 -0.130254
    outer loop
      vertex -38.8371 38.8371 -10.9251
      vertex -43.5741 33.4356 -10.9251
      vertex -39.5132 39.5132 -3.66258
    endloop
  endfacet
  facet normal -0.745429 0.653734 -0.130261
    outer loop
      vertex -43.5741 33.4356 -10.9251
      vertex -44.3327 34.0177 -3.66258
      vertex -39.5132 39.5132 -3.66258
    endloop
  endfacet
  facet normal -0.824381 0.550843 -0.130261
    outer loop
      vertex -43.5741 33.4356 -10.9251
      vertex -47.5656 27.462 -10.9251
      vertex -44.3327 34.0177 -3.66258
    endloop
  endfacet
  facet normal -0.824388 0.550835 -0.130251
    outer loop
      vertex -47.5656 27.462 -10.9251
      vertex -48.3936 27.9401 -3.66258
      vertex -44.3327 34.0177 -3.66258
    endloop
  endfacet
  facet normal -0.889237 0.438512 -0.13025
    outer loop
      vertex -47.5656 27.462 -10.9251
      vertex -50.7431 21.0185 -10.9251
      vertex -48.3936 27.9401 -3.66258
    endloop
  endfacet
  facet normal -0.889232 0.438519 -0.130258
    outer loop
      vertex -50.7431 21.0185 -10.9251
      vertex -51.6265 21.3844 -3.66258
      vertex -48.3936 27.9401 -3.66258
    endloop
  endfacet
  facet normal -0.93886 0.318708 -0.130258
    outer loop
      vertex -50.7431 21.0185 -10.9251
      vertex -53.0525 14.2154 -10.9251
      vertex -51.6265 21.3844 -3.66258
    endloop
  endfacet
  facet normal -0.938867 0.318693 -0.130242
    outer loop
      vertex -53.0525 14.2154 -10.9251
      vertex -53.976 14.4628 -3.66258
      vertex -51.6265 21.3844 -3.66258
    endloop
  endfacet
  facet normal -0.972431 0.193427 -0.130243
    outer loop
      vertex -53.0525 14.2154 -10.9251
      vertex -54.4541 7.16902 -10.9251
      vertex -53.976 14.4628 -3.66258
    endloop
  endfacet
  facet normal -0.972431 0.193429 -0.130245
    outer loop
      vertex -54.4541 7.16902 -10.9251
      vertex -55.402 7.29382 -3.66258
      vertex -53.976 14.4628 -3.66258
    endloop
  endfacet
  facet normal -0.989359 0.0648484 -0.130245
    outer loop
      vertex -54.4541 7.16902 -10.9251
      vertex -54.924 -0 -10.9251
      vertex -55.402 7.29382 -3.66258
    endloop
  endfacet
  facet normal -0.989358 0.0648511 -0.130248
    outer loop
      vertex -54.924 -0 -10.9251
      vertex -55.8801 -0 -3.66258
      vertex -55.402 7.29382 -3.66258
    endloop
  endfacet
  facet normal -0.989359 -0.0648484 -0.130248
    outer loop
      vertex -54.924 -0 -10.9251
      vertex -54.4541 -7.16902 -10.9251
      vertex -55.8801 -0 -3.66258
    endloop
  endfacet
  facet normal -0.989359 -0.0648511 -0.130245
    outer loop
      vertex -54.4541 -7.16902 -10.9251
      vertex -55.402 -7.29382 -3.66258
      vertex -55.8801 -0 -3.66258
    endloop
  endfacet
  facet normal -0.972431 -0.193427 -0.130245
    outer loop
      vertex -54.4541 -7.16902 -10.9251
      vertex -53.0525 -14.2154 -10.9251
      vertex -55.402 -7.29382 -3.66258
    endloop
  endfacet
  facet normal -0.972431 -0.193429 -0.130243
    outer loop
      vertex -53.0525 -14.2154 -10.9251
      vertex -53.976 -14.4628 -3.66258
      vertex -55.402 -7.29382 -3.66258
    endloop
  endfacet
  facet normal -0.938862 -0.318709 -0.130242
    outer loop
      vertex -53.0525 -14.2154 -10.9251
      vertex -50.7431 -21.0185 -10.9251
      vertex -53.976 -14.4628 -3.66258
    endloop
  endfacet
  facet normal -0.938865 -0.318693 -0.130258
    outer loop
      vertex -50.7431 -21.0185 -10.9251
      vertex -51.6265 -21.3844 -3.66258
      vertex -53.976 -14.4628 -3.66258
    endloop
  endfacet
  facet normal -0.889236 -0.438511 -0.130258
    outer loop
      vertex -50.7431 -21.0185 -10.9251
      vertex -47.5656 -27.462 -10.9251
      vertex -51.6265 -21.3844 -3.66258
    endloop
  endfacet
  facet normal -0.889233 -0.438519 -0.13025
    outer loop
      vertex -47.5656 -27.462 -10.9251
      vertex -48.3936 -27.9401 -3.66258
      vertex -51.6265 -21.3844 -3.66258
    endloop
  endfacet
  facet normal -0.824382 -0.550844 -0.13025
    outer loop
      vertex -47.5656 -27.462 -10.9251
      vertex -43.5741 -33.4356 -10.9251
      vertex -48.3936 -27.9401 -3.66258
    endloop
  endfacet
  facet normal -0.824387 -0.550835 -0.130261
    outer loop
      vertex -43.5741 -33.4356 -10.9251
      vertex -44.3327 -34.0177 -3.66258
      vertex -48.3936 -27.9401 -3.66258
    endloop
  endfacet
  facet normal -0.745433 -0.653729 -0.130261
    outer loop
      vertex -43.5741 -33.4356 -10.9251
      vertex -38.8371 -38.8371 -10.9251
      vertex -44.3327 -34.0177 -3.66258
    endloop
  endfacet
  facet normal -0.745429 -0.653734 -0.130254
    outer loop
      vertex -38.8371 -38.8371 -10.9251
      vertex -39.5132 -39.5132 -3.66258
      vertex -44.3327 -34.0177 -3.66258
    endloop
  endfacet
  facet normal -0.65373 -0.745434 -0.130254
    outer loop
      vertex -38.8371 -38.8371 -10.9251
      vertex -33.4356 -43.5741 -10.9251
      vertex -39.5132 -39.5132 -3.66258
    endloop
  endfacet
  facet normal -0.653734 -0.745429 -0.130261
    outer loop
      vertex -33.4356 -43.5741 -10.9251
      vertex -34.0177 -44.3327 -3.66258
      vertex -39.5132 -39.5132 -3.66258
    endloop
  endfacet
  facet normal -0.550843 -0.824381 -0.130261
    outer loop
      vertex -33.4356 -43.5741 -10.9251
      vertex -27.462 -47.5656 -10.9251
      vertex -34.0177 -44.3327 -3.66258
    endloop
  endfacet
  facet normal -0.550835 -0.824388 -0.130251
    outer loop
      vertex -27.462 -47.5656 -10.9251
      vertex -27.9401 -48.3936 -3.66258
      vertex -34.0177 -44.3327 -3.66258
    endloop
  endfacet
  facet normal -0.438512 -0.889237 -0.13025
    outer loop
      vertex -27.462 -47.5656 -10.9251
      vertex -21.0185 -50.7431 -10.9251
      vertex -27.9401 -48.3936 -3.66258
    endloop
  endfacet
  facet normal -0.438519 -0.889232 -0.130258
    outer loop
      vertex -21.0185 -50.7431 -10.9251
      vertex -21.3844 -51.6265 -3.66258
      vertex -27.9401 -48.3936 -3.66258
    endloop
  endfacet
  facet normal -0.318708 -0.93886 -0.130258
    outer loop
      vertex -21.0185 -50.7431 -10.9251
      vertex -14.2154 -53.0525 -10.9251
      vertex -21.3844 -51.6265 -3.66258
    endloop
  endfacet
  facet normal -0.318693 -0.938867 -0.130242
    outer loop
      vertex -14.2154 -53.0525 -10.9251
      vertex -14.4628 -53.976 -3.66258
      vertex -21.3844 -51.6265 -3.66258
    endloop
  endfacet
  facet normal -0.193427 -0.972431 -0.130243
    outer loop
      vertex -14.2154 -53.0525 -10.9251
      vertex -7.16902 -54.4541 -10.9251
      vertex -14.4628 -53.976 -3.66258
    endloop
  endfacet
  facet normal -0.193429 -0.972431 -0.130245
    outer loop
      vertex -7.16902 -54.4541 -10.9251
      vertex -7.29382 -55.402 -3.66258
      vertex -14.4628 -53.976 -3.66258
    endloop
  endfacet
  facet normal -0.0648484 -0.989359 -0.130245
    outer loop
      vertex -7.16902 -54.4541 -10.9251
      vertex -0 -54.924 -10.9251
      vertex -7.29382 -55.402 -3.66258
    endloop
  endfacet
  facet normal -0.0648511 -0.989358 -0.130248
    outer loop
      vertex -0 -54.924 -10.9251
      vertex -0 -55.8801 -3.66258
      vertex -7.29382 -55.402 -3.66258
    endloop
  endfacet
  facet normal 0.0648484 -0.989359 -0.130248
    outer loop
      vertex -0 -54.924 -10.9251
      vertex 7.16902 -54.4541 -10.9251
      vertex -0 -55.8801 -3.66258
    endloop
  endfacet
  facet normal 0.0648511 -0.989359 -0.130245
    outer loop
      vertex 7.16902 -54.4541 -10.9251
      vertex 7.29382 -55.402 -3.66258
      vertex -0 -55.8801 -3.66258
    endloop
  endfacet
  facet normal 0.193427 -0.972431 -0.130245
    outer loop
      vertex 7.16902 -54.4541 -10.9251
      vertex 14.2154 -53.0525 -10.9251
      vertex 7.29382 -55.402 -3.66258
    endloop
  endfacet
  facet normal 0.193429 -0.972431 -0.130243
    outer loop
      vertex 14.2154 -53.0525 -10.9251
      vertex 14.4628 -53.976 -3.66258
      vertex 7.29382 -55.402 -3.66258
    endloop
  endfacet
  facet normal 0.318709 -0.938862 -0.130242
    outer loop
      vertex 14.2154 -53.0525 -10.9251
      vertex 21.0185 -50.7431 -10.9251
      vertex 14.4628 -53.976 -3.66258
    endloop
  endfacet
  facet normal 0.318693 -0.938865 -0.130258
    outer loop
      vertex 21.0185 -50.7431 -10.9251
      vertex 21.3844 -51.6265 -3.66258
      vertex 14.4628 -53.976 -3.66258
    endloop
  endfacet
  facet normal 0.438511 -0.889236 -0.130258
    outer loop
      vertex 21.0185 -50.7431 -10.9251
      vertex 27.462 -47.5656 -10.9251
      vertex 21.3844 -51.6265 -3.66258
    endloop
  endfacet
  facet normal 0.438519 -0.889233 -0.13025
    outer loop
      vertex 27.462 -47.5656 -10.9251
      vertex 27.9401 -48.3936 -3.66258
      vertex 21.3844 -51.6265 -3.66258
    endloop
  endfacet
  facet normal 0.550844 -0.824382 -0.13025
    outer loop
      vertex 27.462 -47.5656 -10.9251
      vertex 33.4356 -43.5741 -10.9251
      vertex 27.9401 -48.3936 -3.66258
    endloop
  endfacet
  facet normal 0.550835 -0.824387 -0.130261
    outer loop
      vertex 33.4356 -43.5741 -10.9251
      vertex 34.0177 -44.3327 -3.66258
      vertex 27.9401 -48.3936 -3.66258
    endloop
  endfacet
  facet normal 0.653729 -0.745433 -0.130261
    outer loop
      vertex 33.4356 -43.5741 -10.9251
      vertex 38.8371 -38.8371 -10.9251
      vertex 34.0177 -44.3327 -3.66258
    endloop
  endfacet
  facet normal 0.653734 -0.745429 -0.130254
    outer loop
      vertex 38.8371 -38.8371 -10.9251
      vertex 39.5132 -39.5132 -3.66258
      vertex 34.0177 -44.3327 -3.66258
    endloop
  endfacet
  facet normal 0.745434 -0.65373 -0.130254
    outer loop
      vertex 38.8371 -38.8371 -10.9251
      vertex 43.5741 -33.4356 -10.9251
      vertex 39.5132 -39.5132 -3.66258
    endloop
  endfacet
  facet normal 0.745429 -0.653734 -0.130261
    outer loop
      vertex 43.5741 -33.4356 -10.9251
      vertex 44.3327 -34.0177 -3.66258
      vertex 39.5132 -39.5132 -3.66258
    endloop
  endfacet
  facet normal 0.824381 -0.550843 -0.130261
    outer loop
      vertex 43.5741 -33.4356 -10.9251
      vertex 47.5656 -27.462 -10.9251
      vertex 44.3327 -34.0177 -3.66258
    endloop
  endfacet
  facet normal 0.824388 -0.550835 -0.130251
    outer loop
      vertex 47.5656 -27.462 -10.9251
      vertex 48.3936 -27.9401 -3.66258
      vertex 44.3327 -34.0177 -3.66258
    endloop
  endfacet
  facet normal 0.889237 -0.438512 -0.13025
    outer loop
      vertex 47.5656 -27.462 -10.9251
      vertex 50.7431 -21.0185 -10.9251
      vertex 48.3936 -27.9401 -3.66258
    endloop
  endfacet
  facet normal 0.889232 -0.438519 -0.130258
    outer loop
      vertex 50.7431 -21.0185 -10.9251
      vertex 51.6265 -21.3844 -3.66258
      vertex 48.3936 -27.9401 -3.66258
    endloop
  endfacet
  facet normal 0.93886 -0.318708 -0.130258
    outer loop
      vertex 50.7431 -21.0185 -10.9251
      vertex 53.0525 -14.2154 -10.9251
      vertex 51.6265 -21.3844 -3.66258
    endloop
  endfacet
  facet normal 0.938867 -0.318693 -0.130242
    outer loop
      vertex 53.0525 -14.2154 -10.9251
      vertex 53.976 -14.4628 -3.66258
      vertex 51.6265 -21.3844 -3.66258
    endloop
  endfacet
  facet normal 0.972431 -0.193427 -0.130243
    outer loop
      vertex 53.0525 -14.2154 -10.9251
      vertex 54.4541 -7.16902 -10.9251
      vertex 53.976 -14.4628 -3.66258
    endloop
  endfacet
  facet normal 0.972431 -0.193429 -0.130245
    outer loop
      vertex 54.4541 -7.16902 -10.9251
      vertex 55.402 -7.29382 -3.66258
      vertex 53.976 -14.4628 -3.66258
    endloop
  endfacet
  facet normal 0.989359 -0.0648484 -0.130245
    outer loop
      vertex 54.4541 -7.16902 -10.9251
      vertex 54.924 0 -10.9251
      vertex 55.402 -7.29382 -3.66258
    endloop
  endfacet
  facet normal 0.989358 -0.0648511 -0.130248
    outer loop
      vertex 54.924 0 -10.9251
      vertex 55.8801 0 -3.66258
      vertex 55.402 -7.29382 -3.66258
    endloop
  endfacet
  facet normal 0.963995 0.0631888 -0.258305
    outer loop
      vertex 53.0281 0 -18.0006
      vertex 52.5744 6.92155 -18.0006
      vertex 54.924 0 -10.9251
    endloop
  endfacet
  facet normal 0.963994 0.0631859 -0.258308
    outer loop
      vertex 52.5744 6.92155 -18.0006
      vertex 54.4541 7.16902 -10.9251
      vertex 54.924 0 -10.9251
    endloop
  endfacet
  facet normal 0.947501 0.188465 -0.258308
    outer loop
      vertex 52.5744 6.92155 -18.0006
      vertex 51.2212 13.7247 -18.0006
      vertex 54.4541 7.16902 -10.9251
    endloop
  endfacet
  facet normal 0.947501 0.188468 -0.258305
    outer loop
      vertex 51.2212 13.7247 -18.0006
      vertex 53.0525 14.2154 -10.9251
      vertex 54.4541 7.16902 -10.9251
    endloop
  endfacet
  facet normal 0.914796 0.310526 -0.258306
    outer loop
      vertex 51.2212 13.7247 -18.0006
      vertex 48.9916 20.293 -18.0006
      vertex 53.0525 14.2154 -10.9251
    endloop
  endfacet
  facet normal 0.914795 0.310539 -0.258294
    outer loop
      vertex 48.9916 20.293 -18.0006
      vertex 50.7431 21.0185 -10.9251
      vertex 53.0525 14.2154 -10.9251
    endloop
  endfacet
  facet normal 0.866436 0.427285 -0.258294
    outer loop
      vertex 48.9916 20.293 -18.0006
      vertex 45.9237 26.514 -18.0006
      vertex 50.7431 21.0185 -10.9251
    endloop
  endfacet
  facet normal 0.86644 0.42727 -0.258308
    outer loop
      vertex 45.9237 26.514 -18.0006
      vertex 47.5656 27.462 -10.9251
      vertex 50.7431 21.0185 -10.9251
    endloop
  endfacet
  facet normal 0.803253 0.536714 -0.258309
    outer loop
      vertex 45.9237 26.514 -18.0006
      vertex 42.07 32.2815 -18.0006
      vertex 47.5656 27.462 -10.9251
    endloop
  endfacet
  facet normal 0.803249 0.536723 -0.2583
    outer loop
      vertex 42.07 32.2815 -18.0006
      vertex 43.5741 33.4356 -10.9251
      vertex 47.5656 27.462 -10.9251
    endloop
  endfacet
  facet normal 0.726321 0.636976 -0.258299
    outer loop
      vertex 42.07 32.2815 -18.0006
      vertex 37.4965 37.4965 -18.0006
      vertex 43.5741 33.4356 -10.9251
    endloop
  endfacet
  facet normal 0.726324 0.636971 -0.258304
    outer loop
      vertex 37.4965 37.4965 -18.0006
      vertex 38.8371 38.8371 -10.9251
      vertex 43.5741 33.4356 -10.9251
    endloop
  endfacet
  facet normal 0.636975 0.72632 -0.258305
    outer loop
      vertex 37.4965 37.4965 -18.0006
      vertex 32.2815 42.07 -18.0006
      vertex 38.8371 38.8371 -10.9251
    endloop
  endfacet
  facet normal 0.636972 0.726325 -0.258299
    outer loop
      vertex 32.2815 42.07 -18.0006
      vertex 33.4356 43.5741 -10.9251
      vertex 38.8371 38.8371 -10.9251
    endloop
  endfacet
  facet normal 0.536715 0.803255 -0.2583
    outer loop
      vertex 32.2815 42.07 -18.0006
      vertex 26.514 45.9237 -18.0006
      vertex 33.4356 43.5741 -10.9251
    endloop
  endfacet
  facet normal 0.536722 0.803247 -0.258309
    outer loop
      vertex 26.514 45.9237 -18.0006
      vertex 27.462 47.5656 -10.9251
      vertex 33.4356 43.5741 -10.9251
    endloop
  endfacet
  facet normal 0.427283 0.866433 -0.258308
    outer loop
      vertex 26.514 45.9237 -18.0006
      vertex 20.293 48.9916 -18.0006
      vertex 27.462 47.5656 -10.9251
    endloop
  endfacet
  facet normal 0.427271 0.866443 -0.258294
    outer loop
      vertex 20.293 48.9916 -18.0006
      vertex 21.0185 50.7431 -10.9251
      vertex 27.462 47.5656 -10.9251
    endloop
  endfacet
  facet normal 0.310527 0.914799 -0.258294
    outer loop
      vertex 20.293 48.9916 -18.0006
      vertex 13.7247 51.2212 -18.0006
      vertex 21.0185 50.7431 -10.9251
    endloop
  endfacet
  facet normal 0.310538 0.914792 -0.258305
    outer loop
      vertex 13.7247 51.2212 -18.0006
      vertex 14.2154 53.0525 -10.9251
      vertex 21.0185 50.7431 -10.9251
    endloop
  endfacet
  facet normal 0.188465 0.947502 -0.258305
    outer loop
      vertex 13.7247 51.2212 -18.0006
      vertex 6.92155 52.5744 -18.0006
      vertex 14.2154 53.0525 -10.9251
    endloop
  endfacet
  facet normal 0.188468 0.9475 -0.258308
    outer loop
      vertex 6.92155 52.5744 -18.0006
      vertex 7.16902 54.4541 -10.9251
      vertex 14.2154 53.0525 -10.9251
    endloop
  endfacet
  facet normal 0.0631887 0.963994 -0.258308
    outer loop
      vertex 6.92155 52.5744 -18.0006
      vertex 0 53.0281 -18.0006
      vertex 7.16902 54.4541 -10.9251
    endloop
  endfacet
  facet normal 0.0631859 0.963995 -0.258305
    outer loop
      vertex 0 53.0281 -18.0006
      vertex 0 54.924 -10.9251
      vertex 7.16902 54.4541 -10.9251
    endloop
  endfacet
  facet normal -0.0631888 0.963995 -0.258305
    outer loop
      vertex 0 53.0281 -18.0006
      vertex -6.92155 52.5744 -18.0006
      vertex 0 54.924 -10.9251
    endloop
  endfacet
  facet normal -0.0631859 0.963994 -0.258308
    outer loop
      vertex -6.92155 52.5744 -18.0006
      vertex -7.16902 54.4541 -10.9251
      vertex 0 54.924 -10.9251
    endloop
  endfacet
  facet normal -0.188465 0.947501 -0.258308
    outer loop
      vertex -6.92155 52.5744 -18.0006
      vertex -13.7247 51.2212 -18.0006
      vertex -7.16902 54.4541 -10.9251
    endloop
  endfacet
  facet normal -0.188468 0.947501 -0.258305
    outer loop
      vertex -13.7247 51.2212 -18.0006
      vertex -14.2154 53.0525 -10.9251
      vertex -7.16902 54.4541 -10.9251
    endloop
  endfacet
  facet normal -0.310526 0.914796 -0.258306
    outer loop
      vertex -13.7247 51.2212 -18.0006
      vertex -20.293 48.9916 -18.0006
      vertex -14.2154 53.0525 -10.9251
    endloop
  endfacet
  facet normal -0.310539 0.914795 -0.258294
    outer loop
      vertex -20.293 48.9916 -18.0006
      vertex -21.0185 50.7431 -10.9251
      vertex -14.2154 53.0525 -10.9251
    endloop
  endfacet
  facet normal -0.427285 0.866436 -0.258294
    outer loop
      vertex -20.293 48.9916 -18.0006
      vertex -26.514 45.9237 -18.0006
      vertex -21.0185 50.7431 -10.9251
    endloop
  endfacet
  facet normal -0.42727 0.86644 -0.258308
    outer loop
      vertex -26.514 45.9237 -18.0006
      vertex -27.462 47.5656 -10.9251
      vertex -21.0185 50.7431 -10.9251
    endloop
  endfacet
  facet normal -0.536714 0.803253 -0.258309
    outer loop
      vertex -26.514 45.9237 -18.0006
      vertex -32.2815 42.07 -18.0006
      vertex -27.462 47.5656 -10.9251
    endloop
  endfacet
  facet normal -0.536723 0.803249 -0.2583
    outer loop
      vertex -32.2815 42.07 -18.0006
      vertex -33.4356 43.5741 -10.9251
      vertex -27.462 47.5656 -10.9251
    endloop
  endfacet
  facet normal -0.636976 0.726321 -0.258299
    outer loop
      vertex -32.2815 42.07 -18.0006
      vertex -37.4965 37.4965 -18.0006
      vertex -33.4356 43.5741 -10.9251
    endloop
  endfacet
  facet normal -0.636971 0.726324 -0.258304
    outer loop
      vertex -37.4965 37.4965 -18.0006
      vertex -38.8371 38.8371 -10.9251
      vertex -33.4356 43.5741 -10.9251
    endloop
  endfacet
  facet normal -0.72632 0.636975 -0.258305
    outer loop
      vertex -37.4965 37.4965 -18.0006
      vertex -42.07 32.2815 -18.0006
      vertex -38.8371 38.8371 -10.9251
    endloop
  endfacet
  facet normal -0.726325 0.636972 -0.258299
    outer loop
      vertex -42.07 32.2815 -18.0006
      vertex -43.5741 33.4356 -10.9251
      vertex -38.8371 38.8371 -10.9251
    endloop
  endfacet
  facet normal -0.803255 0.536715 -0.2583
    outer loop
      vertex -42.07 32.2815 -18.0006
      vertex -45.9237 26.514 -18.0006
      vertex -43.5741 33.4356 -10.9251
    endloop
  endfacet
  facet normal -0.803247 0.536722 -0.258309
    outer loop
      vertex -45.9237 26.514 -18.0006
      vertex -47.5656 27.462 -10.9251
      vertex -43.5741 33.4356 -10.9251
    endloop
  endfacet
  facet normal -0.866433 0.427283 -0.258308
    outer loop
      vertex -45.9237 26.514 -18.0006
      vertex -48.9916 20.293 -18.0006
      vertex -47.5656 27.462 -10.9251
    endloop
  endfacet
  facet normal -0.866443 0.427271 -0.258294
    outer loop
      vertex -48.9916 20.293 -18.0006
      vertex -50.7431 21.0185 -10.9251
      vertex -47.5656 27.462 -10.9251
    endloop
  endfacet
  facet normal -0.914799 0.310527 -0.258294
    outer loop
      vertex -48.9916 20.293 -18.0006
      vertex -51.2212 13.7247 -18.0006
      vertex -50.7431 21.0185 -10.9251
    endloop
  endfacet
  facet normal -0.914792 0.310538 -0.258305
    outer loop
      vertex -51.2212 13.7247 -18.0006
      vertex -53.0525 14.2154 -10.9251
      vertex -50.7431 21.0185 -10.9251
    endloop
  endfacet
  facet normal -0.947502 0.188465 -0.258305
    outer loop
      vertex -51.2212 13.7247 -18.0006
      vertex -52.5744 6.92155 -18.0006
      vertex -53.0525 14.2154 -10.9251
    endloop
  endfacet
  facet normal -0.9475 0.188468 -0.258308
    outer loop
      vertex -52.5744 6.92155 -18.0006
      vertex -54.4541 7.16902 -10.9251
      vertex -53.0525 14.2154 -10.9251
    endloop
  endfacet
  facet normal -0.963994 0.0631887 -0.258308
    outer loop
      vertex -52.5744 6.92155 -18.0006
      vertex -53.0281 -0 -18.0006
      vertex -54.4541 7.16902 -10.9251
    endloop
  endfacet
  facet normal -0.963995 0.0631859 -0.258305
    outer loop
      vertex -53.0281 -0 -18.0006
      vertex -54.924 -0 -10.9251
      vertex -54.4541 7.16902 -10.9251
    endloop
  endfacet
  facet normal -0.963995 -0.0631888 -0.258305
    outer loop
      vertex -53.0281 -0 -18.0006
      vertex -52.5744 -6.92155 -18.0006
      vertex -54.924 -0 -10.9251
    endloop
  endfacet
  facet normal -0.963994 -0.0631859 -0.258308
    outer loop
      vertex -52.5744 -6.92155 -18.0006
      vertex -54.4541 -7.16902 -10.9251
      vertex -54.924 -0 -10.9251
    endloop
  endfacet
  facet normal -0.947501 -0.188465 -0.258308
    outer loop
      vertex -52.5744 -6.92155 -18.0006
      vertex -51.2212 -13.7247 -18.0006
      vertex -54.4541 -7.16902 -10.9251
    endloop
  endfacet
  facet normal -0.947501 -0.188468 -0.258305
    outer loop
      vertex -51.2212 -13.7247 -18.0006
      vertex -53.0525 -14.2154 -10.9251
      vertex -54.4541 -7.16902 -10.9251
    endloop
  endfacet
  facet normal -0.914796 -0.310526 -0.258306
    outer loop
      vertex -51.2212 -13.7247 -18.0006
      vertex -48.9916 -20.293 -18.0006
      vertex -53.0525 -14.2154 -10.9251
    endloop
  endfacet
  facet normal -0.914795 -0.310539 -0.258294
    outer loop
      vertex -48.9916 -20.293 -18.0006
      vertex -50.7431 -21.0185 -10.9251
      vertex -53.0525 -14.2154 -10.9251
    endloop
  endfacet
  facet normal -0.866436 -0.427285 -0.258294
    outer loop
      vertex -48.9916 -20.293 -18.0006
      vertex -45.9237 -26.514 -18.0006
      vertex -50.7431 -21.0185 -10.9251
    endloop
  endfacet
  facet normal -0.86644 -0.42727 -0.258308
    outer loop
      vertex -45.9237 -26.514 -18.0006
      vertex -47.5656 -27.462 -10.9251
      vertex -50.7431 -21.0185 -10.9251
    endloop
  endfacet
  facet normal -0.803253 -0.536714 -0.258309
    outer loop
      vertex -45.9237 -26.514 -18.0006
      vertex -42.07 -32.2815 -18.0006
      vertex -47.5656 -27.462 -10.9251
    endloop
  endfacet
  facet normal -0.803249 -0.536723 -0.2583
    outer loop
      vertex -42.07 -32.2815 -18.0006
      vertex -43.5741 -33.4356 -10.9251
      vertex -47.5656 -27.462 -10.9251
    endloop
  endfacet
  facet normal -0.726321 -0.636976 -0.258299
    outer loop
      vertex -42.07 -32.2815 -18.0006
      vertex -37.4965 -37.4965 -18.0006
      vertex -43.5741 -33.4356 -10.9251
    endloop
  endfacet
  facet normal -0.726324 -0.636971 -0.258304
    outer loop
      vertex -37.4965 -37.4965 -18.0006
      vertex -38.8371 -38.8371 -10.9251
      vertex -43.5741 -33.4356 -10.9251
    endloop
  endfacet
  facet normal -0.636975 -0.72632 -0.258305
    outer loop
      vertex -37.4965 -37.4965 -18.0006
      vertex -32.2815 -42.07 -18.0006
      vertex -38.8371 -38.8371 -10.9251
    endloop
  endfacet
  facet normal -0.636972 -0.726325 -0.258299
    outer loop
      vertex -32.2815 -42.07 -18.0006
      vertex -33.4356 -43.5741 -10.9251
      vertex -38.8371 -38.8371 -10.9251
    endloop
  endfacet
  facet normal -0.536715 -0.803255 -0.2583
    outer loop
      vertex -32.2815 -42.07 -18.0006
      vertex -26.514 -45.9237 -18.0006
      vertex -33.4356 -43.5741 -10.9251
    endloop
  endfacet
  facet normal -0.536722 -0.803247 -0.258309
    outer loop
      vertex -26.514 -45.9237 -18.0006
      vertex -27.462 -47.5656 -10.9251
      vertex -33.4356 -43.5741 -10.9251
    endloop
  endfacet
  facet normal -0.427283 -0.866433 -0.258308
    outer loop
      vertex -26.514 -45.9237 -18.0006
      vertex -20.293 -48.9916 -18.0006
      vertex -27.462 -47.5656 -10.9251
    endloop
  endfacet
  facet normal -0.427271 -0.866443 -0.258294
    outer loop
      vertex -20.293 -48.9916 -18.0006
      vertex -21.0185 -50.7431 -10.9251
      vertex -27.462 -47.5656 -10.9251
    endloop
  endfacet
  facet normal -0.310527 -0.914799 -0.258294
    outer loop
      vertex -20.293 -48.9916 -18.0006
      vertex -13.7247 -51.2212 -18.0006
      vertex -21.0185 -50.7431 -10.9251
    endloop
  endfacet
  facet normal -0.310538 -0.914792 -0.258305
    outer loop
      vertex -13.7247 -51.2212 -18.0006
      vertex -14.2154 -53.0525 -10.9251
      vertex -21.0185 -50.7431 -10.9251
    endloop
  endfacet
  facet normal -0.188465 -0.947502 -0.258305
    outer loop
      vertex -13.7247 -51.2212 -18.0006
      vertex -6.92155 -52.5744 -18.0006
      vertex -14.2154 -53.0525 -10.9251
    endloop
  endfacet
  facet normal -0.188468 -0.9475 -0.258308
    outer loop
      vertex -6.92155 -52.5744 -18.0006
      vertex -7.16902 -54.4541 -10.9251
      vertex -14.2154 -53.0525 -10.9251
    endloop
  endfacet
  facet normal -0.0631887 -0.963994 -0.258308
    outer loop
      vertex -6.92155 -52.5744 -18.0006
      vertex -0 -53.0281 -18.0006
      vertex -7.16902 -54.4541 -10.9251
    endloop
  endfacet
  facet normal -0.0631859 -0.963995 -0.258305
    outer loop
      vertex -0 -53.0281 -18.0006
      vertex -0 -54.924 -10.9251
      vertex -7.16902 -54.4541 -10.9251
    endloop
  endfacet
  facet normal 0.0631888 -0.963995 -0.258305
    outer loop
      vertex -0 -53.0281 -18.0006
      vertex 6.92155 -52.5744 -18.0006
      vertex -0 -54.924 -10.9251
    endloop
  endfacet
  facet normal 0.0631859 -0.963994 -0.258308
    outer loop
      vertex 6.92155 -52.5744 -18.0006
      vertex 7.16902 -54.4541 -10.9251
      vertex -0 -54.924 -10.9251
    endloop
  endfacet
  facet normal 0.188465 -0.947501 -0.258308
    outer loop
      vertex 6.92155 -52.5744 -18.0006
      vertex 13.7247 -51.2212 -18.0006
      vertex 7.16902 -54.4541 -10.9251
    endloop
  endfacet
  facet normal 0.188468 -0.947501 -0.258305
    outer loop
      vertex 13.7247 -51.2212 -18.0006
      vertex 14.2154 -53.0525 -10.9251
      vertex 7.16902 -54.4541 -10.9251
    endloop
  endfacet
  facet normal 0.310526 -0.914796 -0.258306
    outer loop
      vertex 13.7247 -51.2212 -18.0006
      vertex 20.293 -48.9916 -18.0006
      vertex 14.2154 -53.0525 -10.9251
    endloop
  endfacet
  facet normal 0.310539 -0.914795 -0.258294
    outer loop
      vertex 20.293 -48.9916 -18.0006
      vertex 21.0185 -50.7431 -10.9251
      vertex 14.2154 -53.0525 -10.9251
    endloop
  endfacet
  facet normal 0.427285 -0.866436 -0.258294
    outer loop
      vertex 20.293 -48.9916 -18.0006
      vertex 26.514 -45.9237 -18.0006
      vertex 21.0185 -50.7431 -10.9251
    endloop
  endfacet
  facet normal 0.42727 -0.86644 -0.258308
    outer loop
      vertex 26.514 -45.9237 -18.0006
      vertex 27.462 -47.5656 -10.9251
      vertex 21.0185 -50.7431 -10.9251
    endloop
  endfacet
  facet normal 0.536714 -0.803253 -0.258309
    outer loop
      vertex 26.514 -45.9237 -18.0006
      vertex 32.2815 -42.07 -18.0006
      vertex 27.462 -47.5656 -10.9251
    endloop
  endfacet
  facet normal 0.536723 -0.803249 -0.2583
    outer loop
      vertex 32.2815 -42.07 -18.0006
      vertex 33.4356 -43.5741 -10.9251
      vertex 27.462 -47.5656 -10.9251
    endloop
  endfacet
  facet normal 0.636976 -0.726321 -0.258299
    outer loop
      vertex 32.2815 -42.07 -18.0006
      vertex 37.4965 -37.4965 -18.0006
      vertex 33.4356 -43.5741 -10.9251
    endloop
  endfacet
  facet normal 0.636971 -0.726324 -0.258304
    outer loop
      vertex 37.4965 -37.4965 -18.0006
      vertex 38.8371 -38.8371 -10.9251
      vertex 33.4356 -43.5741 -10.9251
    endloop
  endfacet
  facet normal 0.72632 -0.636975 -0.258305
    outer loop
      vertex 37.4965 -37.4965 -18.0006
      vertex 42.07 -32.2815 -18.0006
      vertex 38.8371 -38.8371 -10.9251
    endloop
  endfacet
  facet normal 0.726325 -0.636972 -0.258299
    outer loop
      vertex 42.07 -32.2815 -18.0006
      vertex 43.5741 -33.4356 -10.9251
      vertex 38.8371 -38.8371 -10.9251
    endloop
  endfacet
  facet normal 0.803255 -0.536715 -0.2583
    outer loop
      vertex 42.07 -32.2815 -18.0006
      vertex 45.9237 -26.514 -18.0006
      vertex 43.5741 -33.4356 -10.9251
    endloop
  endfacet
  facet normal 0.803247 -0.536722 -0.258309
    outer loop
      vertex 45.9237 -26.514 -18.0006
      vertex 47.5656 -27.462 -10.9251
      vertex 43.5741 -33.4356 -10.9251
    endloop
  endfacet
  facet normal 0.866433 -0.427283 -0.258308
    outer loop
      vertex 45.9237 -26.514 -18.0006
      vertex 48.9916 -20.293 -18.0006
      vertex 47.5656 -27.462 -10.9251
    endloop
  endfacet
  facet normal 0.866443 -0.427271 -0.258294
    outer loop
      vertex 48.9916 -20.293 -18.0006
      vertex 50.7431 -21.0185 -10.9251
      vertex 47.5656 -27.462 -10.9251
    endloop
  endfacet
  facet normal 0.914799 -0.310527 -0.258294
    outer loop
      vertex 48.9916 -20.293 -18.0006
      vertex 51.2212 -13.7247 -18.0006
      vertex 50.7431 -21.0185 -10.9251
    endloop
  endfacet
  facet normal 0.914792 -0.310538 -0.258305
    outer loop
      vertex 51.2212 -13.7247 -18.0006
      vertex 53.0525 -14.2154 -10.9251
      vertex 50.7431 -21.0185 -10.9251
    endloop
  endfacet
  facet normal 0.947502 -0.188465 -0.258305
    outer loop
      vertex 51.2212 -13.7247 -18.0006
      vertex 52.5744 -6.92155 -18.0006
      vertex 53.0525 -14.2154 -10.9251
    endloop
  endfacet
  facet normal 0.9475 -0.188468 -0.258308
    outer loop
      vertex 52.5744 -6.92155 -18.0006
      vertex 54.4541 -7.16902 -10.9251
      vertex 53.0525 -14.2154 -10.9251
    endloop
  endfacet
  facet normal 0.963994 -0.0631887 -0.258308
    outer loop
      vertex 52.5744 -6.92155 -18.0006
      vertex 53.0281 0 -18.0006
      vertex 54.4541 -7.16902 -10.9251
    endloop
  endfacet
  facet normal 0.963995 -0.0631859 -0.258305
    outer loop
      vertex 53.0281 0 -18.0006
      vertex 54.924 0 -10.9251
      vertex 54.4541 -7.16902 -10.9251
    endloop
  endfacet
  facet normal 0.922192 0.0604464 -0.38198
    outer loop
      vertex 50.2249 0 -24.7682
      vertex 49.7952 6.55566 -24.7682
      vertex 53.0281 0 -18.0006
    endloop
  endfacet
  facet normal 0.922192 0.0604487 -0.381978
    outer loop
      vertex 49.7952 6.55566 -24.7682
      vertex 52.5744 6.92155 -18.0006
      vertex 53.0281 0 -18.0006
    endloop
  endfacet
  facet normal 0.906414 0.180297 -0.381978
    outer loop
      vertex 49.7952 6.55566 -24.7682
      vertex 48.5135 12.9992 -24.7682
      vertex 52.5744 6.92155 -18.0006
    endloop
  endfacet
  facet normal 0.906413 0.180293 -0.381981
    outer loop
      vertex 48.5135 12.9992 -24.7682
      vertex 51.2212 13.7247 -18.0006
      vertex 52.5744 6.92155 -18.0006
    endloop
  endfacet
  facet normal 0.875122 0.297072 -0.381981
    outer loop
      vertex 48.5135 12.9992 -24.7682
      vertex 46.4017 19.2202 -24.7682
      vertex 51.2212 13.7247 -18.0006
    endloop
  endfacet
  facet normal 0.875122 0.297059 -0.381991
    outer loop
      vertex 46.4017 19.2202 -24.7682
      vertex 48.9916 20.293 -18.0006
      vertex 51.2212 13.7247 -18.0006
    endloop
  endfacet
  facet normal 0.82886 0.408747 -0.381992
    outer loop
      vertex 46.4017 19.2202 -24.7682
      vertex 43.496 25.1124 -24.7682
      vertex 48.9916 20.293 -18.0006
    endloop
  endfacet
  facet normal 0.828859 0.408754 -0.381986
    outer loop
      vertex 43.496 25.1124 -24.7682
      vertex 45.9237 26.514 -18.0006
      vertex 48.9916 20.293 -18.0006
    endloop
  endfacet
  facet normal 0.768424 0.513431 -0.381986
    outer loop
      vertex 43.496 25.1124 -24.7682
      vertex 39.8461 30.575 -24.7682
      vertex 45.9237 26.514 -18.0006
    endloop
  endfacet
  facet normal 0.768422 0.51344 -0.381979
    outer loop
      vertex 39.8461 30.575 -24.7682
      vertex 42.07 32.2815 -18.0006
      vertex 45.9237 26.514 -18.0006
    endloop
  endfacet
  facet normal 0.694818 0.60936 -0.381979
    outer loop
      vertex 39.8461 30.575 -24.7682
      vertex 35.5143 35.5143 -24.7682
      vertex 42.07 32.2815 -18.0006
    endloop
  endfacet
  facet normal 0.694822 0.609351 -0.381987
    outer loop
      vertex 35.5143 35.5143 -24.7682
      vertex 37.4965 37.4965 -18.0006
      vertex 42.07 32.2815 -18.0006
    endloop
  endfacet
  facet normal 0.609358 0.694816 -0.381987
    outer loop
      vertex 35.5143 35.5143 -24.7682
      vertex 30.575 39.8461 -24.7682
      vertex 37.4965 37.4965 -18.0006
    endloop
  endfacet
  facet normal 0.609353 0.694824 -0.381979
    outer loop
      vertex 30.575 39.8461 -24.7682
      vertex 32.2815 42.07 -18.0006
      vertex 37.4965 37.4965 -18.0006
    endloop
  endfacet
  facet normal 0.513433 0.768426 -0.381978
    outer loop
      vertex 30.575 39.8461 -24.7682
      vertex 25.1124 43.496 -24.7682
      vertex 32.2815 42.07 -18.0006
    endloop
  endfacet
  facet normal 0.513438 0.768419 -0.381986
    outer loop
      vertex 25.1124 43.496 -24.7682
      vertex 26.514 45.9237 -18.0006
      vertex 32.2815 42.07 -18.0006
    endloop
  endfacet
  facet normal 0.408748 0.828862 -0.381986
    outer loop
      vertex 25.1124 43.496 -24.7682
      vertex 19.2202 46.4017 -24.7682
      vertex 26.514 45.9237 -18.0006
    endloop
  endfacet
  facet normal 0.408753 0.828857 -0.381992
    outer loop
      vertex 19.2202 46.4017 -24.7682
      vertex 20.293 48.9916 -18.0006
      vertex 26.514 45.9237 -18.0006
    endloop
  endfacet
  facet normal 0.29707 0.875118 -0.381991
    outer loop
      vertex 19.2202 46.4017 -24.7682
      vertex 12.9992 48.5135 -24.7682
      vertex 20.293 48.9916 -18.0006
    endloop
  endfacet
  facet normal 0.29706 0.875126 -0.381981
    outer loop
      vertex 12.9992 48.5135 -24.7682
      vertex 13.7247 51.2212 -18.0006
      vertex 20.293 48.9916 -18.0006
    endloop
  endfacet
  facet normal 0.180297 0.906412 -0.381981
    outer loop
      vertex 12.9992 48.5135 -24.7682
      vertex 6.55566 49.7952 -24.7682
      vertex 13.7247 51.2212 -18.0006
    endloop
  endfacet
  facet normal 0.180293 0.906414 -0.381978
    outer loop
      vertex 6.55566 49.7952 -24.7682
      vertex 6.92155 52.5744 -18.0006
      vertex 13.7247 51.2212 -18.0006
    endloop
  endfacet
  facet normal 0.0604464 0.922193 -0.381978
    outer loop
      vertex 6.55566 49.7952 -24.7682
      vertex 0 50.2249 -24.7682
      vertex 6.92155 52.5744 -18.0006
    endloop
  endfacet
  facet normal 0.0604486 0.922192 -0.38198
    outer loop
      vertex 0 50.2249 -24.7682
      vertex 0 53.0281 -18.0006
      vertex 6.92155 52.5744 -18.0006
    endloop
  endfacet
  facet normal -0.0604464 0.922192 -0.38198
    outer loop
      vertex 0 50.2249 -24.7682
      vertex -6.55566 49.7952 -24.7682
      vertex 0 53.0281 -18.0006
    endloop
  endfacet
  facet normal -0.0604487 0.922192 -0.381978
    outer loop
      vertex -6.55566 49.7952 -24.7682
      vertex -6.92155 52.5744 -18.0006
      vertex 0 53.0281 -18.0006
    endloop
  endfacet
  facet normal -0.180297 0.906414 -0.381978
    outer loop
      vertex -6.55566 49.7952 -24.7682
      vertex -12.9992 48.5135 -24.7682
      vertex -6.92155 52.5744 -18.0006
    endloop
  endfacet
  facet normal -0.180293 0.906413 -0.381981
    outer loop
      vertex -12.9992 48.5135 -24.7682
      vertex -13.7247 51.2212 -18.0006
      vertex -6.92155 52.5744 -18.0006
    endloop
  endfacet
  facet normal -0.297072 0.875122 -0.381981
    outer loop
      vertex -12.9992 48.5135 -24.7682
      vertex -19.2202 46.4017 -24.7682
      vertex -13.7247 51.2212 -18.0006
    endloop
  endfacet
  facet normal -0.297059 0.875122 -0.381991
    outer loop
      vertex -19.2202 46.4017 -24.7682
      vertex -20.293 48.9916 -18.0006
      vertex -13.7247 51.2212 -18.0006
    endloop
  endfacet
  facet normal -0.408747 0.82886 -0.381992
    outer loop
      vertex -19.2202 46.4017 -24.7682
      vertex -25.1124 43.496 -24.7682
      vertex -20.293 48.9916 -18.0006
    endloop
  endfacet
  facet normal -0.408754 0.828859 -0.381986
    outer loop
      vertex -25.1124 43.496 -24.7682
      vertex -26.514 45.9237 -18.0006
      vertex -20.293 48.9916 -18.0006
    endloop
  endfacet
  facet normal -0.513431 0.768424 -0.381986
    outer loop
      vertex -25.1124 43.496 -24.7682
      vertex -30.575 39.8461 -24.7682
      vertex -26.514 45.9237 -18.0006
    endloop
  endfacet
  facet normal -0.51344 0.768422 -0.381979
    outer loop
      vertex -30.575 39.8461 -24.7682
      vertex -32.2815 42.07 -18.0006
      vertex -26.514 45.9237 -18.0006
    endloop
  endfacet
  facet normal -0.60936 0.694818 -0.381979
    outer loop
      vertex -30.575 39.8461 -24.7682
      vertex -35.5143 35.5143 -24.7682
      vertex -32.2815 42.07 -18.0006
    endloop
  endfacet
  facet normal -0.609351 0.694822 -0.381987
    outer loop
      vertex -35.5143 35.5143 -24.7682
      vertex -37.4965 37.4965 -18.0006
      vertex -32.2815 42.07 -18.0006
    endloop
  endfacet
  facet normal -0.694816 0.609358 -0.381987
    outer loop
      vertex -35.5143 35.5143 -24.7682
      vertex -39.8461 30.575 -24.7682
      vertex -37.4965 37.4965 -18.0006
    endloop
  endfacet
  facet normal -0.694824 0.609353 -0.381979
    outer loop
      vertex -39.8461 30.575 -24.7682
      vertex -42.07 32.2815 -18.0006
      vertex -37.4965 37.4965 -18.0006
    endloop
  endfacet
  facet normal -0.768426 0.513433 -0.381978
    outer loop
      vertex -39.8461 30.575 -24.7682
      vertex -43.496 25.1124 -24.7682
      vertex -42.07 32.2815 -18.0006
    endloop
  endfacet
  facet normal -0.768419 0.513438 -0.381986
    outer loop
      vertex -43.496 25.1124 -24.7682
      vertex -45.9237 26.514 -18.0006
      vertex -42.07 32.2815 -18.0006
    endloop
  endfacet
  facet normal -0.828862 0.408748 -0.381986
    outer loop
      vertex -43.496 25.1124 -24.7682
      vertex -46.4017 19.2202 -24.7682
      vertex -45.9237 26.514 -18.0006
    endloop
  endfacet
  facet normal -0.828857 0.408753 -0.381992
    outer loop
      vertex -46.4017 19.2202 -24.7682
      vertex -48.9916 20.293 -18.0006
      vertex -45.9237 26.514 -18.0006
    endloop
  endfacet
  facet normal -0.875118 0.29707 -0.381991
    outer loop
      vertex -46.4017 19.2202 -24.7682
      vertex -48.5135 12.9992 -24.7682
      vertex -48.9916 20.293 -18.0006
    endloop
  endfacet
  facet normal -0.875126 0.29706 -0.381981
    outer loop
      vertex -48.5135 12.9992 -24.7682
      vertex -51.2212 13.7247 -18.0006
      vertex -48.9916 20.293 -18.0006
    endloop
  endfacet
  facet normal -0.906412 0.180297 -0.381981
    outer loop
      vertex -48.5135 12.9992 -24.7682
      vertex -49.7952 6.55566 -24.7682
      vertex -51.2212 13.7247 -18.0006
    endloop
  endfacet
  facet normal -0.906414 0.180293 -0.381978
    outer loop
      vertex -49.7952 6.55566 -24.7682
      vertex -52.5744 6.92155 -18.0006
      vertex -51.2212 13.7247 -18.0006
    endloop
  endfacet
  facet normal -0.922193 0.0604464 -0.381978
    outer loop
      vertex -49.7952 6.55566 -24.7682
      vertex -50.2249 -0 -24.7682
      vertex -52.5744 6.92155 -18.0006
    endloop
  endfacet
  facet normal -0.922192 0.0604486 -0.38198
    outer loop
      vertex -50.2249 -0 -24.7682
      vertex -53.0281 -0 -18.0006
      vertex -52.5744 6.92155 -18.0006
    endloop
  endfacet
  facet normal -0.922192 -0.0604464 -0.38198
    outer loop
      vertex -50.2249 -0 -24.7682
      vertex -49.7952 -6.55566 -24.7682
      vertex -53.0281 -0 -18.0006
    endloop
  endfacet
  facet normal -0.922192 -0.0604487 -0.381978
    outer loop
      vertex -49.7952 -6.55566 -24.7682
      vertex -52.5744 -6.92155 -18.0006
      vertex -53.0281 -0 -18.0006
    endloop
  endfacet
  facet normal -0.906414 -0.180297 -0.381978
    outer loop
      vertex -49.7952 -6.55566 -24.7682
      vertex -48.5135 -12.9992 -24.7682
      vertex -52.5744 -6.92155 -18.0006
    endloop
  endfacet
  facet normal -0.906413 -0.180293 -0.381981
    outer loop
      vertex -48.5135 -12.9992 -24.7682
      vertex -51.2212 -13.7247 -18.0006
      vertex -52.5744 -6.92155 -18.0006
    endloop
  endfacet
  facet normal -0.875122 -0.297072 -0.381981
    outer loop
      vertex -48.5135 -12.9992 -24.7682
      vertex -46.4017 -19.2202 -24.7682
      vertex -51.2212 -13.7247 -18.0006
    endloop
  endfacet
  facet normal -0.875122 -0.297059 -0.381991
    outer loop
      vertex -46.4017 -19.2202 -24.7682
      vertex -48.9916 -20.293 -18.0006
      vertex -51.2212 -13.7247 -18.0006
    endloop
  endfacet
  facet normal -0.82886 -0.408747 -0.381992
    outer loop
      vertex -46.4017 -19.2202 -24.7682
      vertex -43.496 -25.1124 -24.7682
      vertex -48.9916 -20.293 -18.0006
    endloop
  endfacet
  facet normal -0.828859 -0.408754 -0.381986
    outer loop
      vertex -43.496 -25.1124 -24.7682
      vertex -45.9237 -26.514 -18.0006
      vertex -48.9916 -20.293 -18.0006
    endloop
  endfacet
  facet normal -0.768424 -0.513431 -0.381986
    outer loop
      vertex -43.496 -25.1124 -24.7682
      vertex -39.8461 -30.575 -24.7682
      vertex -45.9237 -26.514 -18.0006
    endloop
  endfacet
  facet normal -0.768422 -0.51344 -0.381979
    outer loop
      vertex -39.8461 -30.575 -24.7682
      vertex -42.07 -32.2815 -18.0006
      vertex -45.9237 -26.514 -18.0006
    endloop
  endfacet
  facet normal -0.694818 -0.60936 -0.381979
    outer loop
      vertex -39.8461 -30.575 -24.7682
      vertex -35.5143 -35.5143 -24.7682
      vertex -42.07 -32.2815 -18.0006
    endloop
  endfacet
  facet normal -0.694822 -0.609351 -0.381987
    outer loop
      vertex -35.5143 -35.5143 -24.7682
      vertex -37.4965 -37.4965 -18.0006
      vertex -42.07 -32.2815 -18.0006
    endloop
  endfacet
  facet normal -0.609358 -0.694816 -0.381987
    outer loop
      vertex -35.5143 -35.5143 -24.7682
      vertex -30.575 -39.8461 -24.7682
      vertex -37.4965 -37.4965 -18.0006
    endloop
  endfacet
  facet normal -0.609353 -0.694824 -0.381979
    outer loop
      vertex -30.575 -39.8461 -24.7682
      vertex -32.2815 -42.07 -18.0006
      vertex -37.4965 -37.4965 -18.0006
    endloop
  endfacet
  facet normal -0.513433 -0.768426 -0.381978
    outer loop
      vertex -30.575 -39.8461 -24.7682
      vertex -25.1124 -43.496 -24.7682
      vertex -32.2815 -42.07 -18.0006
    endloop
  endfacet
  facet normal -0.513438 -0.768419 -0.381986
    outer loop
      vertex -25.1124 -43.496 -24.7682
      vertex -26.514 -45.9237 -18.0006
      vertex -32.2815 -42.07 -18.0006
    endloop
  endfacet
  facet normal -0.408748 -0.828862 -0.381986
    outer loop
      vertex -25.1124 -43.496 -24.7682
      vertex -19.2202 -46.4017 -24.7682
      vertex -26.514 -45.9237 -18.0006
    endloop
  endfacet
  facet normal -0.408753 -0.828857 -0.381992
    outer loop
      vertex -19.2202 -46.4017 -24.7682
      vertex -20.293 -48.9916 -18.0006
      vertex -26.514 -45.9237 -18.0006
    endloop
  endfacet
  facet normal -0.29707 -0.875118 -0.381991
    outer loop
      vertex -19.2202 -46.4017 -24.7682
      vertex -12.9992 -48.5135 -24.7682
      vertex -20.293 -48.9916 -18.0006
    endloop
  endfacet
  facet normal -0.29706 -0.875126 -0.381981
    outer loop
      vertex -12.9992 -48.5135 -24.7682
      vertex -13.7247 -51.2212 -18.0006
      vertex -20.293 -48.9916 -18.0006
    endloop
  endfacet
  facet normal -0.180297 -0.906412 -0.381981
    outer loop
      vertex -12.9992 -48.5135 -24.7682
      vertex -6.55566 -49.7952 -24.7682
      vertex -13.7247 -51.2212 -18.0006
    endloop
  endfacet
  facet normal -0.180293 -0.906414 -0.381978
    outer loop
      vertex -6.55566 -49.7952 -24.7682
      vertex -6.92155 -52.5744 -18.0006
      vertex -13.7247 -51.2212 -18.0006
    endloop
  endfacet
  facet normal -0.0604464 -0.922193 -0.381978
    outer loop
      vertex -6.55566 -49.7952 -24.7682
      vertex -0 -50.2249 -24.7682
      vertex -6.92155 -52.5744 -18.0006
    endloop
  endfacet
  facet normal -0.0604486 -0.922192 -0.38198
    outer loop
      vertex -0 -50.2249 -24.7682
      vertex -0 -53.0281 -18.0006
      vertex -6.92155 -52.5744 -18.0006
    endloop
  endfacet
  facet normal 0.0604464 -0.922192 -0.38198
    outer loop
      vertex -0 -50.2249 -24.7682
      vertex 6.55566 -49.7952 -24.7682
      vertex -0 -53.0281 -18.0006
    endloop
  endfacet
  facet normal 0.0604487 -0.922192 -0.381978
    outer loop
      vertex 6.55566 -49.7952 -24.7682
      vertex 6.92155 -52.5744 -18.0006
      vertex -0 -53.0281 -18.0006
    endloop
  endfacet
  facet normal 0.180297 -0.906414 -0.381978
    outer loop
      vertex 6.55566 -49.7952 -24.7682
      vertex 12.9992 -48.5135 -24.7682
      vertex 6.92155 -52.5744 -18.0006
    endloop
  endfacet
  facet normal 0.180293 -0.906413 -0.381981
    outer loop
      vertex 12.9992 -48.5135 -24.7682
      vertex 13.7247 -51.2212 -18.0006
      vertex 6.92155 -52.5744 -18.0006
    endloop
  endfacet
  facet normal 0.297072 -0.875122 -0.381981
    outer loop
      vertex 12.9992 -48.5135 -24.7682
      vertex 19.2202 -46.4017 -24.7682
      vertex 13.7247 -51.2212 -18.0006
    endloop
  endfacet
  facet normal 0.297059 -0.875122 -0.381991
    outer loop
      vertex 19.2202 -46.4017 -24.7682
      vertex 20.293 -48.9916 -18.0006
      vertex 13.7247 -51.2212 -18.0006
    endloop
  endfacet
  facet normal 0.408747 -0.82886 -0.381992
    outer loop
      vertex 19.2202 -46.4017 -24.7682
      vertex 25.1124 -43.496 -24.7682
      vertex 20.293 -48.9916 -18.0006
    endloop
  endfacet
  facet normal 0.408754 -0.828859 -0.381986
    outer loop
      vertex 25.1124 -43.496 -24.7682
      vertex 26.514 -45.9237 -18.0006
      vertex 20.293 -48.9916 -18.0006
    endloop
  endfacet
  facet normal 0.513431 -0.768424 -0.381986
    outer loop
      vertex 25.1124 -43.496 -24.7682
      vertex 30.575 -39.8461 -24.7682
      vertex 26.514 -45.9237 -18.0006
    endloop
  endfacet
  facet normal 0.51344 -0.768422 -0.381979
    outer loop
      vertex 30.575 -39.8461 -24.7682
      vertex 32.2815 -42.07 -18.0006
      vertex 26.514 -45.9237 -18.0006
    endloop
  endfacet
  facet normal 0.60936 -0.694818 -0.381979
    outer loop
      vertex 30.575 -39.8461 -24.7682
      vertex 35.5143 -35.5143 -24.7682
      vertex 32.2815 -42.07 -18.0006
    endloop
  endfacet
  facet normal 0.609351 -0.694822 -0.381987
    outer loop
      vertex 35.5143 -35.5143 -24.7682
      vertex 37.4965 -37.4965 -18.0006
      vertex 32.2815 -42.07 -18.0006
    endloop
  endfacet
  facet normal 0.694816 -0.609358 -0.381987
    outer loop
      vertex 35.5143 -35.5143 -24.7682
      vertex 39.8461 -30.575 -24.7682
      vertex 37.4965 -37.4965 -18.0006
    endloop
  endfacet
  facet normal 0.694824 -0.609353 -0.381979
    outer loop
      vertex 39.8461 -30.575 -24.7682
      vertex 42.07 -32.2815 -18.0006
      vertex 37.4965 -37.4965 -18.0006
    endloop
  endfacet
  facet normal 0.768426 -0.513433 -0.381978
    outer loop
      vertex 39.8461 -30.575 -24.7682
      vertex 43.496 -25.1124 -24.7682
      vertex 42.07 -32.2815 -18.0006
    endloop
  endfacet
  facet normal 0.768419 -0.513438 -0.381986
    outer loop
      vertex 43.496 -25.1124 -24.7682
      vertex 45.9237 -26.514 -18.0006
      vertex 42.07 -32.2815 -18.0006
    endloop
  endfacet
  facet normal 0.828862 -0.408748 -0.381986
    outer loop
      vertex 43.496 -25.1124 -24.7682
      vertex 46.4017 -19.2202 -24.7682
      vertex 45.9237 -26.514 -18.0006
    endloop
  endfacet
  facet normal 0.828857 -0.408753 -0.381992
    outer loop
      vertex 46.4017 -19.2202 -24.7682
      vertex 48.9916 -20.293 -18.0006
      vertex 45.9237 -26.514 -18.0006
    endloop
  endfacet
  facet normal 0.875118 -0.29707 -0.381991
    outer loop
      vertex 46.4017 -19.2202 -24.7682
      vertex 48.5135 -12.9992 -24.7682
      vertex 48.9916 -20.293 -18.0006
    endloop
  endfacet
  facet normal 0.875126 -0.29706 -0.381981
    outer loop
      vertex 48.5135 -12.9992 -24.7682
      vertex 51.2212 -13.7247 -18.0006
      vertex 48.9916 -20.293 -18.0006
    endloop
  endfacet
  facet normal 0.906412 -0.180297 -0.381981
    outer loop
      vertex 48.5135 -12.9992 -24.7682
      vertex 49.7952 -6.55566 -24.7682
      vertex 51.2212 -13.7247 -18.0006
    endloop
  endfacet
  facet normal 0.906414 -0.180293 -0.381978
    outer loop
      vertex 49.7952 -6.55566 -24.7682
      vertex 52.5744 -6.92155 -18.0006
      vertex 51.2212 -13.7247 -18.0006
    endloop
  endfacet
  facet normal 0.922193 -0.0604464 -0.381978
    outer loop
      vertex 49.7952 -6.55566 -24.7682
      vertex 50.2249 0 -24.7682
      vertex 52.5744 -6.92155 -18.0006
    endloop
  endfacet
  facet normal 0.922192 -0.0604486 -0.38198
    outer loop
      vertex 50.2249 0 -24.7682
      vertex 53.0281 0 -18.0006
      vertex 52.5744 -6.92155 -18.0006
    endloop
  endfacet
  facet normal 0.86463 0.0566642 -0.499203
    outer loop
      vertex 46.5623 0 -31.1119
      vertex 46.164 6.0776 -31.1119
      vertex 50.2249 0 -24.7682
    endloop
  endfacet
  facet normal 0.864634 0.0566736 -0.499196
    outer loop
      vertex 46.164 6.0776 -31.1119
      vertex 49.7952 6.55566 -24.7682
      vertex 50.2249 0 -24.7682
    endloop
  endfacet
  facet normal 0.849838 0.169054 -0.499196
    outer loop
      vertex 46.164 6.0776 -31.1119
      vertex 44.9757 12.0512 -31.1119
      vertex 49.7952 6.55566 -24.7682
    endloop
  endfacet
  facet normal 0.849835 0.169043 -0.499204
    outer loop
      vertex 44.9757 12.0512 -31.1119
      vertex 48.5135 12.9992 -24.7682
      vertex 49.7952 6.55566 -24.7682
    endloop
  endfacet
  facet normal 0.820503 0.278513 -0.499205
    outer loop
      vertex 44.9757 12.0512 -31.1119
      vertex 43.018 17.8186 -31.1119
      vertex 48.5135 12.9992 -24.7682
    endloop
  endfacet
  facet normal 0.820504 0.278531 -0.499193
    outer loop
      vertex 43.018 17.8186 -31.1119
      vertex 46.4017 19.2202 -24.7682
      vertex 48.5135 12.9992 -24.7682
    endloop
  endfacet
  facet normal 0.777127 0.38325 -0.499193
    outer loop
      vertex 43.018 17.8186 -31.1119
      vertex 40.3241 23.2811 -31.1119
      vertex 46.4017 19.2202 -24.7682
    endloop
  endfacet
  facet normal 0.777128 0.383235 -0.499202
    outer loop
      vertex 40.3241 23.2811 -31.1119
      vertex 43.496 25.1124 -24.7682
      vertex 46.4017 19.2202 -24.7682
    endloop
  endfacet
  facet normal 0.720462 0.481384 -0.499203
    outer loop
      vertex 40.3241 23.2811 -31.1119
      vertex 36.9404 28.3453 -31.1119
      vertex 43.496 25.1124 -24.7682
    endloop
  endfacet
  facet normal 0.720462 0.481385 -0.499202
    outer loop
      vertex 36.9404 28.3453 -31.1119
      vertex 39.8461 30.575 -24.7682
      vertex 43.496 25.1124 -24.7682
    endloop
  endfacet
  facet normal 0.651454 0.571317 -0.499203
    outer loop
      vertex 36.9404 28.3453 -31.1119
      vertex 32.9245 32.9245 -31.1119
      vertex 39.8461 30.575 -24.7682
    endloop
  endfacet
  facet normal 0.651451 0.571327 -0.499196
    outer loop
      vertex 32.9245 32.9245 -31.1119
      vertex 35.5143 35.5143 -24.7682
      vertex 39.8461 30.575 -24.7682
    endloop
  endfacet
  facet normal 0.57132 0.651458 -0.499196
    outer loop
      vertex 32.9245 32.9245 -31.1119
      vertex 28.3453 36.9404 -31.1119
      vertex 35.5143 35.5143 -24.7682
    endloop
  endfacet
  facet normal 0.571324 0.651448 -0.499203
    outer loop
      vertex 28.3453 36.9404 -31.1119
      vertex 30.575 39.8461 -24.7682
      vertex 35.5143 35.5143 -24.7682
    endloop
  endfacet
  facet normal 0.481385 0.720462 -0.499202
    outer loop
      vertex 28.3453 36.9404 -31.1119
      vertex 23.2811 40.3241 -31.1119
      vertex 30.575 39.8461 -24.7682
    endloop
  endfacet
  facet normal 0.481385 0.720462 -0.499203
    outer loop
      vertex 23.2811 40.3241 -31.1119
      vertex 25.1124 43.496 -24.7682
      vertex 30.575 39.8461 -24.7682
    endloop
  endfacet
  facet normal 0.383247 0.777122 -0.499203
    outer loop
      vertex 23.2811 40.3241 -31.1119
      vertex 17.8186 43.018 -31.1119
      vertex 25.1124 43.496 -24.7682
    endloop
  endfacet
  facet normal 0.383238 0.777133 -0.499193
    outer loop
      vertex 17.8186 43.018 -31.1119
      vertex 19.2202 46.4017 -24.7682
      vertex 25.1124 43.496 -24.7682
    endloop
  endfacet
  facet normal 0.278516 0.82051 -0.499192
    outer loop
      vertex 17.8186 43.018 -31.1119
      vertex 12.0512 44.9757 -31.1119
      vertex 19.2202 46.4017 -24.7682
    endloop
  endfacet
  facet normal 0.278529 0.820498 -0.499204
    outer loop
      vertex 12.0512 44.9757 -31.1119
      vertex 12.9992 48.5135 -24.7682
      vertex 19.2202 46.4017 -24.7682
    endloop
  endfacet
  facet normal 0.169053 0.849833 -0.499204
    outer loop
      vertex 12.0512 44.9757 -31.1119
      vertex 6.0776 46.164 -31.1119
      vertex 12.9992 48.5135 -24.7682
    endloop
  endfacet
  facet normal 0.169044 0.84984 -0.499196
    outer loop
      vertex 6.0776 46.164 -31.1119
      vertex 6.55566 49.7952 -24.7682
      vertex 12.9992 48.5135 -24.7682
    endloop
  endfacet
  facet normal 0.0566645 0.864634 -0.499196
    outer loop
      vertex 6.0776 46.164 -31.1119
      vertex 0 46.5623 -31.1119
      vertex 6.55566 49.7952 -24.7682
    endloop
  endfacet
  facet normal 0.0566734 0.86463 -0.499203
    outer loop
      vertex 0 46.5623 -31.1119
      vertex 0 50.2249 -24.7682
      vertex 6.55566 49.7952 -24.7682
    endloop
  endfacet
  facet normal -0.0566642 0.86463 -0.499203
    outer loop
      vertex 0 46.5623 -31.1119
      vertex -6.0776 46.164 -31.1119
      vertex 0 50.2249 -24.7682
    endloop
  endfacet
  facet normal -0.0566736 0.864634 -0.499196
    outer loop
      vertex -6.0776 46.164 -31.1119
      vertex -6.55566 49.7952 -24.7682
      vertex 0 50.2249 -24.7682
    endloop
  endfacet
  facet normal -0.169054 0.849838 -0.499196
    outer loop
      vertex -6.0776 46.164 -31.1119
      vertex -12.0512 44.9757 -31.1119
      vertex -6.55566 49.7952 -24.7682
    endloop
  endfacet
  facet normal -0.169043 0.849835 -0.499204
    outer loop
      vertex -12.0512 44.9757 -31.1119
      vertex -12.9992 48.5135 -24.7682
      vertex -6.55566 49.7952 -24.7682
    endloop
  endfacet
  facet normal -0.278513 0.820503 -0.499205
    outer loop
      vertex -12.0512 44.9757 -31.1119
      vertex -17.8186 43.018 -31.1119
      vertex -12.9992 48.5135 -24.7682
    endloop
  endfacet
  facet normal -0.278531 0.820504 -0.499193
    outer loop
      vertex -17.8186 43.018 -31.1119
      vertex -19.2202 46.4017 -24.7682
      vertex -12.9992 48.5135 -24.7682
    endloop
  endfacet
  facet normal -0.38325 0.777127 -0.499193
    outer loop
      vertex -17.8186 43.018 -31.1119
      vertex -23.2811 40.3241 -31.1119
      vertex -19.2202 46.4017 -24.7682
    endloop
  endfacet
  facet normal -0.383235 0.777128 -0.499202
    outer loop
      vertex -23.2811 40.3241 -31.1119
      vertex -25.1124 43.496 -24.7682
      vertex -19.2202 46.4017 -24.7682
    endloop
  endfacet
  facet normal -0.481384 0.720462 -0.499203
    outer loop
      vertex -23.2811 40.3241 -31.1119
      vertex -28.3453 36.9404 -31.1119
      vertex -25.1124 43.496 -24.7682
    endloop
  endfacet
  facet normal -0.481385 0.720462 -0.499202
    outer loop
      vertex -28.3453 36.9404 -31.1119
      vertex -30.575 39.8461 -24.7682
      vertex -25.1124 43.496 -24.7682
    endloop
  endfacet
  facet normal -0.571317 0.651454 -0.499203
    outer loop
      vertex -28.3453 36.9404 -31.1119
      vertex -32.9245 32.9245 -31.1119
      vertex -30.575 39.8461 -24.7682
    endloop
  endfacet
  facet normal -0.571327 0.651451 -0.499196
    outer loop
      vertex -32.9245 32.9245 -31.1119
      vertex -35.5143 35.5143 -24.7682
      vertex -30.575 39.8461 -24.7682
    endloop
  endfacet
  facet normal -0.651458 0.57132 -0.499196
    outer loop
      vertex -32.9245 32.9245 -31.1119
      vertex -36.9404 28.3453 -31.1119
      vertex -35.5143 35.5143 -24.7682
    endloop
  endfacet
  facet normal -0.651448 0.571324 -0.499203
    outer loop
      vertex -36.9404 28.3453 -31.1119
      vertex -39.8461 30.575 -24.7682
      vertex -35.5143 35.5143 -24.7682
    endloop
  endfacet
  facet normal -0.720462 0.481385 -0.499202
    outer loop
      vertex -36.9404 28.3453 -31.1119
      vertex -40.3241 23.2811 -31.1119
      vertex -39.8461 30.575 -24.7682
    endloop
  endfacet
  facet normal -0.720462 0.481385 -0.499203
    outer loop
      vertex -40.3241 23.2811 -31.1119
      vertex -43.496 25.1124 -24.7682
      vertex -39.8461 30.575 -24.7682
    endloop
  endfacet
  facet normal -0.777122 0.383247 -0.499203
    outer loop
      vertex -40.3241 23.2811 -31.1119
      vertex -43.018 17.8186 -31.1119
      vertex -43.496 25.1124 -24.7682
    endloop
  endfacet
  facet normal -0.777133 0.383238 -0.499193
    outer loop
      vertex -43.018 17.8186 -31.1119
      vertex -46.4017 19.2202 -24.7682
      vertex -43.496 25.1124 -24.7682
    endloop
  endfacet
  facet normal -0.82051 0.278516 -0.499192
    outer loop
      vertex -43.018 17.8186 -31.1119
      vertex -44.9757 12.0512 -31.1119
      vertex -46.4017 19.2202 -24.7682
    endloop
  endfacet
  facet normal -0.820498 0.278529 -0.499204
    outer loop
      vertex -44.9757 12.0512 -31.1119
      vertex -48.5135 12.9992 -24.7682
      vertex -46.4017 19.2202 -24.7682
    endloop
  endfacet
  facet normal -0.849833 0.169053 -0.499204
    outer loop
      vertex -44.9757 12.0512 -31.1119
      vertex -46.164 6.0776 -31.1119
      vertex -48.5135 12.9992 -24.7682
    endloop
  endfacet
  facet normal -0.84984 0.169044 -0.499196
    outer loop
      vertex -46.164 6.0776 -31.1119
      vertex -49.7952 6.55566 -24.7682
      vertex -48.5135 12.9992 -24.7682
    endloop
  endfacet
  facet normal -0.864634 0.0566645 -0.499196
    outer loop
      vertex -46.164 6.0776 -31.1119
      vertex -46.5623 -0 -31.1119
      vertex -49.7952 6.55566 -24.7682
    endloop
  endfacet
  facet normal -0.86463 0.0566734 -0.499203
    outer loop
      vertex -46.5623 -0 -31.1119
      vertex -50.2249 -0 -24.7682
      vertex -49.7952 6.55566 -24.7682
    endloop
  endfacet
  facet normal -0.86463 -0.0566642 -0.499203
    outer loop
      vertex -46.5623 -0 -31.1119
      vertex -46.164 -6.0776 -31.1119
      vertex -50.2249 -0 -24.7682
    endloop
  endfacet
  facet normal -0.864634 -0.0566736 -0.499196
    outer loop
      vertex -46.164 -6.0776 -31.1119
      vertex -49.7952 -6.55566 -24.7682
      vertex -50.2249 -0 -24.7682
    endloop
  endfacet
  facet normal -0.849838 -0.169054 -0.499196
    outer loop
      vertex -46.164 -6.0776 -31.1119
      vertex -44.9757 -12.0512 -31.1119
      vertex -49.7952 -6.55566 -24.7682
    endloop
  endfacet
  facet normal -0.849835 -0.169043 -0.499204
    outer loop
      vertex -44.9757 -12.0512 -31.1119
      vertex -48.5135 -12.9992 -24.7682
      vertex -49.7952 -6.55566 -24.7682
    endloop
  endfacet
  facet normal -0.820503 -0.278513 -0.499205
    outer loop
      vertex -44.9757 -12.0512 -31.1119
      vertex -43.018 -17.8186 -31.1119
      vertex -48.5135 -12.9992 -24.7682
    endloop
  endfacet
  facet normal -0.820504 -0.278531 -0.499193
    outer loop
      vertex -43.018 -17.8186 -31.1119
      vertex -46.4017 -19.2202 -24.7682
      vertex -48.5135 -12.9992 -24.7682
    endloop
  endfacet
  facet normal -0.777127 -0.38325 -0.499193
    outer loop
      vertex -43.018 -17.8186 -31.1119
      vertex -40.3241 -23.2811 -31.1119
      vertex -46.4017 -19.2202 -24.7682
    endloop
  endfacet
  facet normal -0.777128 -0.383235 -0.499202
    outer loop
      vertex -40.3241 -23.2811 -31.1119
      vertex -43.496 -25.1124 -24.7682
      vertex -46.4017 -19.2202 -24.7682
    endloop
  endfacet
  facet normal -0.720462 -0.481384 -0.499203
    outer loop
      vertex -40.3241 -23.2811 -31.1119
      vertex -36.9404 -28.3453 -31.1119
      vertex -43.496 -25.1124 -24.7682
    endloop
  endfacet
  facet normal -0.720462 -0.481385 -0.499202
    outer loop
      vertex -36.9404 -28.3453 -31.1119
      vertex -39.8461 -30.575 -24.7682
      vertex -43.496 -25.1124 -24.7682
    endloop
  endfacet
  facet normal -0.651454 -0.571317 -0.499203
    outer loop
      vertex -36.9404 -28.3453 -31.1119
      vertex -32.9245 -32.9245 -31.1119
      vertex -39.8461 -30.575 -24.7682
    endloop
  endfacet
  facet normal -0.651451 -0.571327 -0.499196
    outer loop
      vertex -32.9245 -32.9245 -31.1119
      vertex -35.5143 -35.5143 -24.7682
      vertex -39.8461 -30.575 -24.7682
    endloop
  endfacet
  facet normal -0.57132 -0.651458 -0.499196
    outer loop
      vertex -32.9245 -32.9245 -31.1119
      vertex -28.3453 -36.9404 -31.1119
      vertex -35.5143 -35.5143 -24.7682
    endloop
  endfacet
  facet normal -0.571324 -0.651448 -0.499203
    outer loop
      vertex -28.3453 -36.9404 -31.1119
      vertex -30.575 -39.8461 -24.7682
      vertex -35.5143 -35.5143 -24.7682
    endloop
  endfacet
  facet normal -0.481385 -0.720462 -0.499202
    outer loop
      vertex -28.3453 -36.9404 -31.1119
      vertex -23.2811 -40.3241 -31.1119
      vertex -30.575 -39.8461 -24.7682
    endloop
  endfacet
  facet normal -0.481385 -0.720462 -0.499203
    outer loop
      vertex -23.2811 -40.3241 -31.1119
      vertex -25.1124 -43.496 -24.7682
      vertex -30.575 -39.8461 -24.7682
    endloop
  endfacet
  facet normal -0.383247 -0.777122 -0.499203
    outer loop
      vertex -23.2811 -40.3241 -31.1119
      vertex -17.8186 -43.018 -31.1119
      vertex -25.1124 -43.496 -24.7682
    endloop
  endfacet
  facet normal -0.383238 -0.777133 -0.499193
    outer loop
      vertex -17.8186 -43.018 -31.1119
      vertex -19.2202 -46.4017 -24.7682
      vertex -25.1124 -43.496 -24.7682
    endloop
  endfacet
  facet normal -0.278516 -0.82051 -0.499192
    outer loop
      vertex -17.8186 -43.018 -31.1119
      vertex -12.0512 -44.9757 -31.1119
      vertex -19.2202 -46.4017 -24.7682
    endloop
  endfacet
  facet normal -0.278529 -0.820498 -0.499204
    outer loop
      vertex -12.0512 -44.9757 -31.1119
      vertex -12.9992 -48.5135 -24.7682
      vertex -19.2202 -46.4017 -24.7682
    endloop
  endfacet
  facet normal -0.169053 -0.849833 -0.499204
    outer loop
      vertex -12.0512 -44.9757 -31.1119
      vertex -6.0776 -46.164 -31.1119
      vertex -12.9992 -48.5135 -24.7682
    endloop
  endfacet
  facet normal -0.169044 -0.84984 -0.499196
    outer loop
      vertex -6.0776 -46.164 -31.1119
      vertex -6.55566 -49.7952 -24.7682
      vertex -12.9992 -48.5135 -24.7682
    endloop
  endfacet
  facet normal -0.0566645 -0.864634 -0.499196
    outer loop
      vertex -6.0776 -46.164 -31.1119
      vertex -0 -46.5623 -31.1119
      vertex -6.55566 -49.7952 -24.7682
    endloop
  endfacet
  facet normal -0.0566734 -0.86463 -0.499203
    outer loop
      vertex -0 -46.5623 -31.1119
      vertex -0 -50.2249 -24.7682
      vertex -6.55566 -49.7952 -24.7682
    endloop
  endfacet
  facet normal 0.0566642 -0.86463 -0.499203
    outer loop
      vertex -0 -46.5623 -31.1119
      vertex 6.0776 -46.164 -31.1119
      vertex -0 -50.2249 -24.7682
    endloop
  endfacet
  facet normal 0.0566736 -0.864634 -0.499196
    outer loop
      vertex 6.0776 -46.164 -31.1119
      vertex 6.55566 -49.7952 -24.7682
      vertex -0 -50.2249 -24.7682
    endloop
  endfacet
  facet normal 0.169054 -0.849838 -0.499196
    outer loop
      vertex 6.0776 -46.164 -31.1119
      vertex 12.0512 -44.9757 -31.1119
      vertex 6.55566 -49.7952 -24.7682
    endloop
  endfacet
  facet normal 0.169043 -0.849835 -0.499204
    outer loop
      vertex 12.0512 -44.9757 -31.1119
      vertex 12.9992 -48.5135 -24.7682
      vertex 6.55566 -49.7952 -24.7682
    endloop
  endfacet
  facet normal 0.278513 -0.820503 -0.499205
    outer loop
      vertex 12.0512 -44.9757 -31.1119
      vertex 17.8186 -43.018 -31.1119
      vertex 12.9992 -48.5135 -24.7682
    endloop
  endfacet
  facet normal 0.278531 -0.820504 -0.499193
    outer loop
      vertex 17.8186 -43.018 -31.1119
      vertex 19.2202 -46.4017 -24.7682
      vertex 12.9992 -48.5135 -24.7682
    endloop
  endfacet
  facet normal 0.38325 -0.777127 -0.499193
    outer loop
      vertex 17.8186 -43.018 -31.1119
      vertex 23.2811 -40.3241 -31.1119
      vertex 19.2202 -46.4017 -24.7682
    endloop
  endfacet
  facet normal 0.383235 -0.777128 -0.499202
    outer loop
      vertex 23.2811 -40.3241 -31.1119
      vertex 25.1124 -43.496 -24.7682
      vertex 19.2202 -46.4017 -24.7682
    endloop
  endfacet
  facet normal 0.481384 -0.720462 -0.499203
    outer loop
      vertex 23.2811 -40.3241 -31.1119
      vertex 28.3453 -36.9404 -31.1119
      vertex 25.1124 -43.496 -24.7682
    endloop
  endfacet
  facet normal 0.481385 -0.720462 -0.499202
    outer loop
      vertex 28.3453 -36.9404 -31.1119
      vertex 30.575 -39.8461 -24.7682
      vertex 25.1124 -43.496 -24.7682
    endloop
  endfacet
  facet normal 0.571317 -0.651454 -0.499203
    outer loop
      vertex 28.3453 -36.9404 -31.1119
      vertex 32.9245 -32.9245 -31.1119
      vertex 30.575 -39.8461 -24.7682
    endloop
  endfacet
  facet normal 0.571327 -0.651451 -0.499196
    outer loop
      vertex 32.9245 -32.9245 -31.1119
      vertex 35.5143 -35.5143 -24.7682
      vertex 30.575 -39.8461 -24.7682
    endloop
  endfacet
  facet normal 0.651458 -0.57132 -0.499196
    outer loop
      vertex 32.9245 -32.9245 -31.1119
      vertex 36.9404 -28.3453 -31.1119
      vertex 35.5143 -35.5143 -24.7682
    endloop
  endfacet
  facet normal 0.651448 -0.571324 -0.499203
    outer loop
      vertex 36.9404 -28.3453 -31.1119
      vertex 39.8461 -30.575 -24.7682
      vertex 35.5143 -35.5143 -24.7682
    endloop
  endfacet
  facet normal 0.720462 -0.481385 -0.499202
    outer loop
      vertex 36.9404 -28.3453 -31.1119
      vertex 40.3241 -23.2811 -31.1119
      vertex 39.8461 -30.575 -24.7682
    endloop
  endfacet
  facet normal 0.720462 -0.481385 -0.499203
    outer loop
      vertex 40.3241 -23.2811 -31.1119
      vertex 43.496 -25.1124 -24.7682
      vertex 39.8461 -30.575 -24.7682
    endloop
  endfacet
  facet normal 0.777122 -0.383247 -0.499203
    outer loop
      vertex 40.3241 -23.2811 -31.1119
      vertex 43.018 -17.8186 -31.1119
      vertex 43.496 -25.1124 -24.7682
    endloop
  endfacet
  facet normal 0.777133 -0.383238 -0.499193
    outer loop
      vertex 43.018 -17.8186 -31.1119
      vertex 46.4017 -19.2202 -24.7682
      vertex 43.496 -25.1124 -24.7682
    endloop
  endfacet
  facet normal 0.82051 -0.278516 -0.499192
    outer loop
      vertex 43.018 -17.8186 -31.1119
      vertex 44.9757 -12.0512 -31.1119
      vertex 46.4017 -19.2202 -24.7682
    endloop
  endfacet
  facet normal 0.820498 -0.278529 -0.499204
    outer loop
      vertex 44.9757 -12.0512 -31.1119
      vertex 48.5135 -12.9992 -24.7682
      vertex 46.4017 -19.2202 -24.7682
    endloop
  endfacet
  facet normal 0.849833 -0.169053 -0.499204
    outer loop
      vertex 44.9757 -12.0512 -31.1119
      vertex 46.164 -6.0776 -31.1119
      vertex 48.5135 -12.9992 -24.7682
    endloop
  endfacet
  facet normal 0.84984 -0.169044 -0.499196
    outer loop
      vertex 46.164 -6.0776 -31.1119
      vertex 49.7952 -6.55566 -24.7682
      vertex 48.5135 -12.9992 -24.7682
    endloop
  endfacet
  facet normal 0.864634 -0.0566645 -0.499196
    outer loop
      vertex 46.164 -6.0776 -31.1119
      vertex 46.5623 0 -31.1119
      vertex 49.7952 -6.55566 -24.7682
    endloop
  endfacet
  facet normal 0.86463 -0.0566734 -0.499203
    outer loop
      vertex 46.5623 0 -31.1119
      vertex 50.2249 0 -24.7682
      vertex 49.7952 -6.55566 -24.7682
    endloop
  endfacet
  facet normal 0.792284 0.0519294 -0.607938
    outer loop
      vertex 42.103 0 -36.9234
      vertex 41.7428 5.49555 -36.9234
      vertex 46.5623 0 -31.1119
    endloop
  endfacet
  facet normal 0.792282 0.0519228 -0.607942
    outer loop
      vertex 41.7428 5.49555 -36.9234
      vertex 46.164 6.0776 -31.1119
      vertex 46.5623 0 -31.1119
    endloop
  endfacet
  facet normal 0.778726 0.154893 -0.607943
    outer loop
      vertex 41.7428 5.49555 -36.9234
      vertex 40.6684 10.8971 -36.9234
      vertex 46.164 6.0776 -31.1119
    endloop
  endfacet
  facet normal 0.77873 0.154909 -0.607933
    outer loop
      vertex 40.6684 10.8971 -36.9234
      vertex 44.9757 12.0512 -31.1119
      vertex 46.164 6.0776 -31.1119
    endloop
  endfacet
  facet normal 0.75185 0.255225 -0.607932
    outer loop
      vertex 40.6684 10.8971 -36.9234
      vertex 38.8981 16.1121 -36.9234
      vertex 44.9757 12.0512 -31.1119
    endloop
  endfacet
  facet normal 0.751848 0.255209 -0.607942
    outer loop
      vertex 38.8981 16.1121 -36.9234
      vertex 43.018 17.8186 -31.1119
      vertex 44.9757 12.0512 -31.1119
    endloop
  endfacet
  facet normal 0.712103 0.351164 -0.607942
    outer loop
      vertex 38.8981 16.1121 -36.9234
      vertex 36.4623 21.0515 -36.9234
      vertex 43.018 17.8186 -31.1119
    endloop
  endfacet
  facet normal 0.712103 0.351182 -0.607932
    outer loop
      vertex 36.4623 21.0515 -36.9234
      vertex 40.3241 23.2811 -31.1119
      vertex 43.018 17.8186 -31.1119
    endloop
  endfacet
  facet normal 0.66018 0.441115 -0.607931
    outer loop
      vertex 36.4623 21.0515 -36.9234
      vertex 33.4026 25.6307 -36.9234
      vertex 40.3241 23.2811 -31.1119
    endloop
  endfacet
  facet normal 0.660181 0.441107 -0.607936
    outer loop
      vertex 33.4026 25.6307 -36.9234
      vertex 36.9404 28.3453 -31.1119
      vertex 40.3241 23.2811 -31.1119
    endloop
  endfacet
  facet normal 0.596944 0.523519 -0.607935
    outer loop
      vertex 33.4026 25.6307 -36.9234
      vertex 29.7713 29.7713 -36.9234
      vertex 36.9404 28.3453 -31.1119
    endloop
  endfacet
  facet normal 0.596946 0.523514 -0.607938
    outer loop
      vertex 29.7713 29.7713 -36.9234
      vertex 32.9245 32.9245 -31.1119
      vertex 36.9404 28.3453 -31.1119
    endloop
  endfacet
  facet normal 0.523518 0.596942 -0.607938
    outer loop
      vertex 29.7713 29.7713 -36.9234
      vertex 25.6307 33.4026 -36.9234
      vertex 32.9245 32.9245 -31.1119
    endloop
  endfacet
  facet normal 0.523515 0.596948 -0.607935
    outer loop
      vertex 25.6307 33.4026 -36.9234
      vertex 28.3453 36.9404 -31.1119
      vertex 32.9245 32.9245 -31.1119
    endloop
  endfacet
  facet normal 0.441113 0.660177 -0.607936
    outer loop
      vertex 25.6307 33.4026 -36.9234
      vertex 21.0515 36.4623 -36.9234
      vertex 28.3453 36.9404 -31.1119
    endloop
  endfacet
  facet normal 0.441109 0.660184 -0.607931
    outer loop
      vertex 21.0515 36.4623 -36.9234
      vertex 23.2811 40.3241 -31.1119
      vertex 28.3453 36.9404 -31.1119
    endloop
  endfacet
  facet normal 0.351168 0.71211 -0.607931
    outer loop
      vertex 21.0515 36.4623 -36.9234
      vertex 16.1121 38.8981 -36.9234
      vertex 23.2811 40.3241 -31.1119
    endloop
  endfacet
  facet normal 0.351179 0.712096 -0.607941
    outer loop
      vertex 16.1121 38.8981 -36.9234
      vertex 17.8186 43.018 -31.1119
      vertex 23.2811 40.3241 -31.1119
    endloop
  endfacet
  facet normal 0.255223 0.751843 -0.607942
    outer loop
      vertex 16.1121 38.8981 -36.9234
      vertex 10.8971 40.6684 -36.9234
      vertex 17.8186 43.018 -31.1119
    endloop
  endfacet
  facet normal 0.255211 0.751854 -0.607933
    outer loop
      vertex 10.8971 40.6684 -36.9234
      vertex 12.0512 44.9757 -31.1119
      vertex 17.8186 43.018 -31.1119
    endloop
  endfacet
  facet normal 0.154895 0.778733 -0.607933
    outer loop
      vertex 10.8971 40.6684 -36.9234
      vertex 5.49555 41.7428 -36.9234
      vertex 12.0512 44.9757 -31.1119
    endloop
  endfacet
  facet normal 0.154908 0.778723 -0.607942
    outer loop
      vertex 5.49555 41.7428 -36.9234
      vertex 6.0776 46.164 -31.1119
      vertex 12.0512 44.9757 -31.1119
    endloop
  endfacet
  facet normal 0.0519292 0.792281 -0.607943
    outer loop
      vertex 5.49555 41.7428 -36.9234
      vertex 0 42.103 -36.9234
      vertex 6.0776 46.164 -31.1119
    endloop
  endfacet
  facet normal 0.051923 0.792285 -0.607938
    outer loop
      vertex 0 42.103 -36.9234
      vertex 0 46.5623 -31.1119
      vertex 6.0776 46.164 -31.1119
    endloop
  endfacet
  facet normal -0.0519294 0.792284 -0.607938
    outer loop
      vertex 0 42.103 -36.9234
      vertex -5.49555 41.7428 -36.9234
      vertex 0 46.5623 -31.1119
    endloop
  endfacet
  facet normal -0.0519228 0.792282 -0.607942
    outer loop
      vertex -5.49555 41.7428 -36.9234
      vertex -6.0776 46.164 -31.1119
      vertex 0 46.5623 -31.1119
    endloop
  endfacet
  facet normal -0.154893 0.778726 -0.607943
    outer loop
      vertex -5.49555 41.7428 -36.9234
      vertex -10.8971 40.6684 -36.9234
      vertex -6.0776 46.164 -31.1119
    endloop
  endfacet
  facet normal -0.154909 0.77873 -0.607933
    outer loop
      vertex -10.8971 40.6684 -36.9234
      vertex -12.0512 44.9757 -31.1119
      vertex -6.0776 46.164 -31.1119
    endloop
  endfacet
  facet normal -0.255225 0.75185 -0.607932
    outer loop
      vertex -10.8971 40.6684 -36.9234
      vertex -16.1121 38.8981 -36.9234
      vertex -12.0512 44.9757 -31.1119
    endloop
  endfacet
  facet normal -0.255209 0.751848 -0.607942
    outer loop
      vertex -16.1121 38.8981 -36.9234
      vertex -17.8186 43.018 -31.1119
      vertex -12.0512 44.9757 -31.1119
    endloop
  endfacet
  facet normal -0.351164 0.712103 -0.607942
    outer loop
      vertex -16.1121 38.8981 -36.9234
      vertex -21.0515 36.4623 -36.9234
      vertex -17.8186 43.018 -31.1119
    endloop
  endfacet
  facet normal -0.351182 0.712103 -0.607932
    outer loop
      vertex -21.0515 36.4623 -36.9234
      vertex -23.2811 40.3241 -31.1119
      vertex -17.8186 43.018 -31.1119
    endloop
  endfacet
  facet normal -0.441115 0.66018 -0.607931
    outer loop
      vertex -21.0515 36.4623 -36.9234
      vertex -25.6307 33.4026 -36.9234
      vertex -23.2811 40.3241 -31.1119
    endloop
  endfacet
  facet normal -0.441107 0.660181 -0.607936
    outer loop
      vertex -25.6307 33.4026 -36.9234
      vertex -28.3453 36.9404 -31.1119
      vertex -23.2811 40.3241 -31.1119
    endloop
  endfacet
  facet normal -0.523519 0.596944 -0.607935
    outer loop
      vertex -25.6307 33.4026 -36.9234
      vertex -29.7713 29.7713 -36.9234
      vertex -28.3453 36.9404 -31.1119
    endloop
  endfacet
  facet normal -0.523514 0.596946 -0.607938
    outer loop
      vertex -29.7713 29.7713 -36.9234
      vertex -32.9245 32.9245 -31.1119
      vertex -28.3453 36.9404 -31.1119
    endloop
  endfacet
  facet normal -0.596942 0.523518 -0.607938
    outer loop
      vertex -29.7713 29.7713 -36.9234
      vertex -33.4026 25.6307 -36.9234
      vertex -32.9245 32.9245 -31.1119
    endloop
  endfacet
  facet normal -0.596948 0.523515 -0.607935
    outer loop
      vertex -33.4026 25.6307 -36.9234
      vertex -36.9404 28.3453 -31.1119
      vertex -32.9245 32.9245 -31.1119
    endloop
  endfacet
  facet normal -0.660177 0.441113 -0.607936
    outer loop
      vertex -33.4026 25.6307 -36.9234
      vertex -36.4623 21.0515 -36.9234
      vertex -36.9404 28.3453 -31.1119
    endloop
  endfacet
  facet normal -0.660184 0.441109 -0.607931
    outer loop
      vertex -36.4623 21.0515 -36.9234
      vertex -40.3241 23.2811 -31.1119
      vertex -36.9404 28.3453 -31.1119
    endloop
  endfacet
  facet normal -0.71211 0.351168 -0.607931
    outer loop
      vertex -36.4623 21.0515 -36.9234
      vertex -38.8981 16.1121 -36.9234
      vertex -40.3241 23.2811 -31.1119
    endloop
  endfacet
  facet normal -0.712096 0.351179 -0.607941
    outer loop
      vertex -38.8981 16.1121 -36.9234
      vertex -43.018 17.8186 -31.1119
      vertex -40.3241 23.2811 -31.1119
    endloop
  endfacet
  facet normal -0.751843 0.255223 -0.607942
    outer loop
      vertex -38.8981 16.1121 -36.9234
      vertex -40.6684 10.8971 -36.9234
      vertex -43.018 17.8186 -31.1119
    endloop
  endfacet
  facet normal -0.751854 0.255211 -0.607933
    outer loop
      vertex -40.6684 10.8971 -36.9234
      vertex -44.9757 12.0512 -31.1119
      vertex -43.018 17.8186 -31.1119
    endloop
  endfacet
  facet normal -0.778733 0.154895 -0.607933
    outer loop
      vertex -40.6684 10.8971 -36.9234
      vertex -41.7428 5.49555 -36.9234
      vertex -44.9757 12.0512 -31.1119
    endloop
  endfacet
  facet normal -0.778723 0.154908 -0.607942
    outer loop
      vertex -41.7428 5.49555 -36.9234
      vertex -46.164 6.0776 -31.1119
      vertex -44.9757 12.0512 -31.1119
    endloop
  endfacet
  facet normal -0.792281 0.0519292 -0.607943
    outer loop
      vertex -41.7428 5.49555 -36.9234
      vertex -42.103 -0 -36.9234
      vertex -46.164 6.0776 -31.1119
    endloop
  endfacet
  facet normal -0.792285 0.051923 -0.607938
    outer loop
      vertex -42.103 -0 -36.9234
      vertex -46.5623 -0 -31.1119
      vertex -46.164 6.0776 -31.1119
    endloop
  endfacet
  facet normal -0.792284 -0.0519294 -0.607938
    outer loop
      vertex -42.103 -0 -36.9234
      vertex -41.7428 -5.49555 -36.9234
      vertex -46.5623 -0 -31.1119
    endloop
  endfacet
  facet normal -0.792282 -0.0519228 -0.607942
    outer loop
      vertex -41.7428 -5.49555 -36.9234
      vertex -46.164 -6.0776 -31.1119
      vertex -46.5623 -0 -31.1119
    endloop
  endfacet
  facet normal -0.778726 -0.154893 -0.607943
    outer loop
      vertex -41.7428 -5.49555 -36.9234
      vertex -40.6684 -10.8971 -36.9234
      vertex -46.164 -6.0776 -31.1119
    endloop
  endfacet
  facet normal -0.77873 -0.154909 -0.607933
    outer loop
      vertex -40.6684 -10.8971 -36.9234
      vertex -44.9757 -12.0512 -31.1119
      vertex -46.164 -6.0776 -31.1119
    endloop
  endfacet
  facet normal -0.75185 -0.255225 -0.607932
    outer loop
      vertex -40.6684 -10.8971 -36.9234
      vertex -38.8981 -16.1121 -36.9234
      vertex -44.9757 -12.0512 -31.1119
    endloop
  endfacet
  facet normal -0.751848 -0.255209 -0.607942
    outer loop
      vertex -38.8981 -16.1121 -36.9234
      vertex -43.018 -17.8186 -31.1119
      vertex -44.9757 -12.0512 -31.1119
    endloop
  endfacet
  facet normal -0.712103 -0.351164 -0.607942
    outer loop
      vertex -38.8981 -16.1121 -36.9234
      vertex -36.4623 -21.0515 -36.9234
      vertex -43.018 -17.8186 -31.1119
    endloop
  endfacet
  facet normal -0.712103 -0.351182 -0.607932
    outer loop
      vertex -36.4623 -21.0515 -36.9234
      vertex -40.3241 -23.2811 -31.1119
      vertex -43.018 -17.8186 -31.1119
    endloop
  endfacet
  facet normal -0.66018 -0.441115 -0.607931
    outer loop
      vertex -36.4623 -21.0515 -36.9234
      vertex -33.4026 -25.6307 -36.9234
      vertex -40.3241 -23.2811 -31.1119
    endloop
  endfacet
  facet normal -0.660181 -0.441107 -0.607936
    outer loop
      vertex -33.4026 -25.6307 -36.9234
      vertex -36.9404 -28.3453 -31.1119
      vertex -40.3241 -23.2811 -31.1119
    endloop
  endfacet
  facet normal -0.596944 -0.523519 -0.607935
    outer loop
      vertex -33.4026 -25.6307 -36.9234
      vertex -29.7713 -29.7713 -36.9234
      vertex -36.9404 -28.3453 -31.1119
    endloop
  endfacet
  facet normal -0.596946 -0.523514 -0.607938
    outer loop
      vertex -29.7713 -29.7713 -36.9234
      vertex -32.9245 -32.9245 -31.1119
      vertex -36.9404 -28.3453 -31.1119
    endloop
  endfacet
  facet normal -0.523518 -0.596942 -0.607938
    outer loop
      vertex -29.7713 -29.7713 -36.9234
      vertex -25.6307 -33.4026 -36.9234
      vertex -32.9245 -32.9245 -31.1119
    endloop
  endfacet
  facet normal -0.523515 -0.596948 -0.607935
    outer loop
      vertex -25.6307 -33.4026 -36.9234
      vertex -28.3453 -36.9404 -31.1119
      vertex -32.9245 -32.9245 -31.1119
    endloop
  endfacet
  facet normal -0.441113 -0.660177 -0.607936
    outer loop
      vertex -25.6307 -33.4026 -36.9234
      vertex -21.0515 -36.4623 -36.9234
      vertex -28.3453 -36.9404 -31.1119
    endloop
  endfacet
  facet normal -0.441109 -0.660184 -0.607931
    outer loop
      vertex -21.0515 -36.4623 -36.9234
      vertex -23.2811 -40.3241 -31.1119
      vertex -28.3453 -36.9404 -31.1119
    endloop
  endfacet
  facet normal -0.351168 -0.71211 -0.607931
    outer loop
      vertex -21.0515 -36.4623 -36.9234
      vertex -16.1121 -38.8981 -36.9234
      vertex -23.2811 -40.3241 -31.1119
    endloop
  endfacet
  facet normal -0.351179 -0.712096 -0.607941
    outer loop
      vertex -16.1121 -38.8981 -36.9234
      vertex -17.8186 -43.018 -31.1119
      vertex -23.2811 -40.3241 -31.1119
    endloop
  endfacet
  facet normal -0.255223 -0.751843 -0.607942
    outer loop
      vertex -16.1121 -38.8981 -36.9234
      vertex -10.8971 -40.6684 -36.9234
      vertex -17.8186 -43.018 -31.1119
    endloop
  endfacet
  facet normal -0.255211 -0.751854 -0.607933
    outer loop
      vertex -10.8971 -40.6684 -36.9234
      vertex -12.0512 -44.9757 -31.1119
      vertex -17.8186 -43.018 -31.1119
    endloop
  endfacet
  facet normal -0.154895 -0.778733 -0.607933
    outer loop
      vertex -10.8971 -40.6684 -36.9234
      vertex -5.49555 -41.7428 -36.9234
      vertex -12.0512 -44.9757 -31.1119
    endloop
  endfacet
  facet normal -0.154908 -0.778723 -0.607942
    outer loop
      vertex -5.49555 -41.7428 -36.9234
      vertex -6.0776 -46.164 -31.1119
      vertex -12.0512 -44.9757 -31.1119
    endloop
  endfacet
  facet normal -0.0519292 -0.792281 -0.607943
    outer loop
      vertex -5.49555 -41.7428 -36.9234
      vertex -0 -42.103 -36.9234
      vertex -6.0776 -46.164 -31.1119
    endloop
  endfacet
  facet normal -0.051923 -0.792285 -0.607938
    outer loop
      vertex -0 -42.103 -36.9234
      vertex -0 -46.5623 -31.1119
      vertex -6.0776 -46.164 -31.1119
    endloop
  endfacet
  facet normal 0.0519294 -0.792284 -0.607938
    outer loop
      vertex -0 -42.103 -36.9234
      vertex 5.49555 -41.7428 -36.9234
      vertex -0 -46.5623 -31.1119
    endloop
  endfacet
  facet normal 0.0519228 -0.792282 -0.607942
    outer loop
      vertex 5.49555 -41.7428 -36.9234
      vertex 6.0776 -46.164 -31.1119
      vertex -0 -46.5623 -31.1119
    endloop
  endfacet
  facet normal 0.154893 -0.778726 -0.607943
    outer loop
      vertex 5.49555 -41.7428 -36.9234
      vertex 10.8971 -40.6684 -36.9234
      vertex 6.0776 -46.164 -31.1119
    endloop
  endfacet
  facet normal 0.154909 -0.77873 -0.607933
    outer loop
      vertex 10.8971 -40.6684 -36.9234
      vertex 12.0512 -44.9757 -31.1119
      vertex 6.0776 -46.164 -31.1119
    endloop
  endfacet
  facet normal 0.255225 -0.75185 -0.607932
    outer loop
      vertex 10.8971 -40.6684 -36.9234
      vertex 16.1121 -38.8981 -36.9234
      vertex 12.0512 -44.9757 -31.1119
    endloop
  endfacet
  facet normal 0.255209 -0.751848 -0.607942
    outer loop
      vertex 16.1121 -38.8981 -36.9234
      vertex 17.8186 -43.018 -31.1119
      vertex 12.0512 -44.9757 -31.1119
    endloop
  endfacet
  facet normal 0.351164 -0.712103 -0.607942
    outer loop
      vertex 16.1121 -38.8981 -36.9234
      vertex 21.0515 -36.4623 -36.9234
      vertex 17.8186 -43.018 -31.1119
    endloop
  endfacet
  facet normal 0.351182 -0.712103 -0.607932
    outer loop
      vertex 21.0515 -36.4623 -36.9234
      vertex 23.2811 -40.3241 -31.1119
      vertex 17.8186 -43.018 -31.1119
    endloop
  endfacet
  facet normal 0.441115 -0.66018 -0.607931
    outer loop
      vertex 21.0515 -36.4623 -36.9234
      vertex 25.6307 -33.4026 -36.9234
      vertex 23.2811 -40.3241 -31.1119
    endloop
  endfacet
  facet normal 0.441107 -0.660181 -0.607936
    outer loop
      vertex 25.6307 -33.4026 -36.9234
      vertex 28.3453 -36.9404 -31.1119
      vertex 23.2811 -40.3241 -31.1119
    endloop
  endfacet
  facet normal 0.523519 -0.596944 -0.607935
    outer loop
      vertex 25.6307 -33.4026 -36.9234
      vertex 29.7713 -29.7713 -36.9234
      vertex 28.3453 -36.9404 -31.1119
    endloop
  endfacet
  facet normal 0.523514 -0.596946 -0.607938
    outer loop
      vertex 29.7713 -29.7713 -36.9234
      vertex 32.9245 -32.9245 -31.1119
      vertex 28.3453 -36.9404 -31.1119
    endloop
  endfacet
  facet normal 0.596942 -0.523518 -0.607938
    outer loop
      vertex 29.7713 -29.7713 -36.9234
      vertex 33.4026 -25.6307 -36.9234
      vertex 32.9245 -32.9245 -31.1119
    endloop
  endfacet
  facet normal 0.596948 -0.523515 -0.607935
    outer loop
      vertex 33.4026 -25.6307 -36.9234
      vertex 36.9404 -28.3453 -31.1119
      vertex 32.9245 -32.9245 -31.1119
    endloop
  endfacet
  facet normal 0.660177 -0.441113 -0.607936
    outer loop
      vertex 33.4026 -25.6307 -36.9234
      vertex 36.4623 -21.0515 -36.9234
      vertex 36.9404 -28.3453 -31.1119
    endloop
  endfacet
  facet normal 0.660184 -0.441109 -0.607931
    outer loop
      vertex 36.4623 -21.0515 -36.9234
      vertex 40.3241 -23.2811 -31.1119
      vertex 36.9404 -28.3453 -31.1119
    endloop
  endfacet
  facet normal 0.71211 -0.351168 -0.607931
    outer loop
      vertex 36.4623 -21.0515 -36.9234
      vertex 38.8981 -16.1121 -36.9234
      vertex 40.3241 -23.2811 -31.1119
    endloop
  endfacet
  facet normal 0.712096 -0.351179 -0.607941
    outer loop
      vertex 38.8981 -16.1121 -36.9234
      vertex 43.018 -17.8186 -31.1119
      vertex 40.3241 -23.2811 -31.1119
    endloop
  endfacet
  facet normal 0.751843 -0.255223 -0.607942
    outer loop
      vertex 38.8981 -16.1121 -36.9234
      vertex 40.6684 -10.8971 -36.9234
      vertex 43.018 -17.8186 -31.1119
    endloop
  endfacet
  facet normal 0.751854 -0.255211 -0.607933
    outer loop
      vertex 40.6684 -10.8971 -36.9234
      vertex 44.9757 -12.0512 -31.1119
      vertex 43.018 -17.8186 -31.1119
    endloop
  endfacet
  facet normal 0.778733 -0.154895 -0.607933
    outer loop
      vertex 40.6684 -10.8971 -36.9234
      vertex 41.7428 -5.49555 -36.9234
      vertex 44.9757 -12.0512 -31.1119
    endloop
  endfacet
  facet normal 0.778723 -0.154908 -0.607942
    outer loop
      vertex 41.7428 -5.49555 -36.9234
      vertex 46.164 -6.0776 -31.1119
      vertex 44.9757 -12.0512 -31.1119
    endloop
  endfacet
  facet normal 0.792281 -0.0519292 -0.607943
    outer loop
      vertex 41.7428 -5.49555 -36.9234
      vertex 42.103 0 -36.9234
      vertex 46.164 -6.0776 -31.1119
    endloop
  endfacet
  facet normal 0.792285 -0.051923 -0.607938
    outer loop
      vertex 42.103 0 -36.9234
      vertex 46.5623 0 -31.1119
      vertex 46.164 -6.0776 -31.1119
    endloop
  endfacet
  facet normal 0.706349 0.0462988 -0.706349
    outer loop
      vertex 36.9234 0 -42.103
      vertex 36.6075 4.81947 -42.103
      vertex 42.103 0 -36.9234
    endloop
  endfacet
  facet normal 0.706348 0.0462968 -0.706349
    outer loop
      vertex 36.6075 4.81947 -42.103
      vertex 41.7428 5.49555 -36.9234
      vertex 42.103 0 -36.9234
    endloop
  endfacet
  facet normal 0.694261 0.138105 -0.706349
    outer loop
      vertex 36.6075 4.81947 -42.103
      vertex 35.6652 9.55647 -42.103
      vertex 41.7428 5.49555 -36.9234
    endloop
  endfacet
  facet normal 0.694257 0.138092 -0.706355
    outer loop
      vertex 35.6652 9.55647 -42.103
      vertex 40.6684 10.8971 -36.9234
      vertex 41.7428 5.49555 -36.9234
    endloop
  endfacet
  facet normal 0.670291 0.227533 -0.706356
    outer loop
      vertex 35.6652 9.55647 -42.103
      vertex 34.1127 14.13 -42.103
      vertex 40.6684 10.8971 -36.9234
    endloop
  endfacet
  facet normal 0.670292 0.22754 -0.706352
    outer loop
      vertex 34.1127 14.13 -42.103
      vertex 38.8981 16.1121 -36.9234
      vertex 40.6684 10.8971 -36.9234
    endloop
  endfacet
  facet normal 0.634864 0.313072 -0.706352
    outer loop
      vertex 34.1127 14.13 -42.103
      vertex 31.9766 18.4617 -42.103
      vertex 38.8981 16.1121 -36.9234
    endloop
  endfacet
  facet normal 0.634864 0.313075 -0.706351
    outer loop
      vertex 31.9766 18.4617 -42.103
      vertex 36.4623 21.0515 -36.9234
      vertex 38.8981 16.1121 -36.9234
    endloop
  endfacet
  facet normal 0.588564 0.39327 -0.70635
    outer loop
      vertex 31.9766 18.4617 -42.103
      vertex 29.2933 22.4775 -42.103
      vertex 36.4623 21.0515 -36.9234
    endloop
  endfacet
  facet normal 0.588565 0.393263 -0.706353
    outer loop
      vertex 29.2933 22.4775 -42.103
      vertex 33.4026 25.6307 -36.9234
      vertex 36.4623 21.0515 -36.9234
    endloop
  endfacet
  facet normal 0.532201 0.466718 -0.706354
    outer loop
      vertex 29.2933 22.4775 -42.103
      vertex 26.1088 26.1088 -42.103
      vertex 33.4026 25.6307 -36.9234
    endloop
  endfacet
  facet normal 0.532197 0.466736 -0.706346
    outer loop
      vertex 26.1088 26.1088 -42.103
      vertex 29.7713 29.7713 -36.9234
      vertex 33.4026 25.6307 -36.9234
    endloop
  endfacet
  facet normal 0.466724 0.532208 -0.706345
    outer loop
      vertex 26.1088 26.1088 -42.103
      vertex 22.4775 29.2933 -42.103
      vertex 29.7713 29.7713 -36.9234
    endloop
  endfacet
  facet normal 0.466731 0.532191 -0.706353
    outer loop
      vertex 22.4775 29.2933 -42.103
      vertex 25.6307 33.4026 -36.9234
      vertex 29.7713 29.7713 -36.9234
    endloop
  endfacet
  facet normal 0.393268 0.588561 -0.706354
    outer loop
      vertex 22.4775 29.2933 -42.103
      vertex 18.4617 31.9766 -42.103
      vertex 25.6307 33.4026 -36.9234
    endloop
  endfacet
  facet normal 0.393265 0.588567 -0.706351
    outer loop
      vertex 18.4617 31.9766 -42.103
      vertex 21.0515 36.4623 -36.9234
      vertex 25.6307 33.4026 -36.9234
    endloop
  endfacet
  facet normal 0.313073 0.634866 -0.70635
    outer loop
      vertex 18.4617 31.9766 -42.103
      vertex 14.13 34.1127 -42.103
      vertex 21.0515 36.4623 -36.9234
    endloop
  endfacet
  facet normal 0.313074 0.634863 -0.706352
    outer loop
      vertex 14.13 34.1127 -42.103
      vertex 16.1121 38.8981 -36.9234
      vertex 21.0515 36.4623 -36.9234
    endloop
  endfacet
  facet normal 0.227534 0.670295 -0.706352
    outer loop
      vertex 14.13 34.1127 -42.103
      vertex 9.55647 35.6652 -42.103
      vertex 16.1121 38.8981 -36.9234
    endloop
  endfacet
  facet normal 0.227539 0.67029 -0.706355
    outer loop
      vertex 9.55647 35.6652 -42.103
      vertex 10.8971 40.6684 -36.9234
      vertex 16.1121 38.8981 -36.9234
    endloop
  endfacet
  facet normal 0.138103 0.694254 -0.706356
    outer loop
      vertex 9.55647 35.6652 -42.103
      vertex 4.81947 36.6075 -42.103
      vertex 10.8971 40.6684 -36.9234
    endloop
  endfacet
  facet normal 0.138093 0.694263 -0.70635
    outer loop
      vertex 4.81947 36.6075 -42.103
      vertex 5.49555 41.7428 -36.9234
      vertex 10.8971 40.6684 -36.9234
    endloop
  endfacet
  facet normal 0.0462987 0.706348 -0.70635
    outer loop
      vertex 4.81947 36.6075 -42.103
      vertex 0 36.9234 -42.103
      vertex 5.49555 41.7428 -36.9234
    endloop
  endfacet
  facet normal 0.0462969 0.706349 -0.706349
    outer loop
      vertex 0 36.9234 -42.103
      vertex 0 42.103 -36.9234
      vertex 5.49555 41.7428 -36.9234
    endloop
  endfacet
  facet normal -0.0462988 0.706349 -0.706349
    outer loop
      vertex 0 36.9234 -42.103
      vertex -4.81947 36.6075 -42.103
      vertex 0 42.103 -36.9234
    endloop
  endfacet
  facet normal -0.0462968 0.706348 -0.706349
    outer loop
      vertex -4.81947 36.6075 -42.103
      vertex -5.49555 41.7428 -36.9234
      vertex 0 42.103 -36.9234
    endloop
  endfacet
  facet normal -0.138105 0.694261 -0.706349
    outer loop
      vertex -4.81947 36.6075 -42.103
      vertex -9.55647 35.6652 -42.103
      vertex -5.49555 41.7428 -36.9234
    endloop
  endfacet
  facet normal -0.138092 0.694257 -0.706355
    outer loop
      vertex -9.55647 35.6652 -42.103
      vertex -10.8971 40.6684 -36.9234
      vertex -5.49555 41.7428 -36.9234
    endloop
  endfacet
  facet normal -0.227533 0.670291 -0.706356
    outer loop
      vertex -9.55647 35.6652 -42.103
      vertex -14.13 34.1127 -42.103
      vertex -10.8971 40.6684 -36.9234
    endloop
  endfacet
  facet normal -0.22754 0.670292 -0.706352
    outer loop
      vertex -14.13 34.1127 -42.103
      vertex -16.1121 38.8981 -36.9234
      vertex -10.8971 40.6684 -36.9234
    endloop
  endfacet
  facet normal -0.313072 0.634864 -0.706352
    outer loop
      vertex -14.13 34.1127 -42.103
      vertex -18.4617 31.9766 -42.103
      vertex -16.1121 38.8981 -36.9234
    endloop
  endfacet
  facet normal -0.313075 0.634864 -0.706351
    outer loop
      vertex -18.4617 31.9766 -42.103
      vertex -21.0515 36.4623 -36.9234
      vertex -16.1121 38.8981 -36.9234
    endloop
  endfacet
  facet normal -0.39327 0.588564 -0.70635
    outer loop
      vertex -18.4617 31.9766 -42.103
      vertex -22.4775 29.2933 -42.103
      vertex -21.0515 36.4623 -36.9234
    endloop
  endfacet
  facet normal -0.393263 0.588565 -0.706353
    outer loop
      vertex -22.4775 29.2933 -42.103
      vertex -25.6307 33.4026 -36.9234
      vertex -21.0515 36.4623 -36.9234
    endloop
  endfacet
  facet normal -0.466718 0.532201 -0.706354
    outer loop
      vertex -22.4775 29.2933 -42.103
      vertex -26.1088 26.1088 -42.103
      vertex -25.6307 33.4026 -36.9234
    endloop
  endfacet
  facet normal -0.466736 0.532197 -0.706346
    outer loop
      vertex -26.1088 26.1088 -42.103
      vertex -29.7713 29.7713 -36.9234
      vertex -25.6307 33.4026 -36.9234
    endloop
  endfacet
  facet normal -0.532208 0.466724 -0.706345
    outer loop
      vertex -26.1088 26.1088 -42.103
      vertex -29.2933 22.4775 -42.103
      vertex -29.7713 29.7713 -36.9234
    endloop
  endfacet
  facet normal -0.532191 0.466731 -0.706353
    outer loop
      vertex -29.2933 22.4775 -42.103
      vertex -33.4026 25.6307 -36.9234
      vertex -29.7713 29.7713 -36.9234
    endloop
  endfacet
  facet normal -0.588561 0.393268 -0.706354
    outer loop
      vertex -29.2933 22.4775 -42.103
      vertex -31.9766 18.4617 -42.103
      vertex -33.4026 25.6307 -36.9234
    endloop
  endfacet
  facet normal -0.588567 0.393265 -0.706351
    outer loop
      vertex -31.9766 18.4617 -42.103
      vertex -36.4623 21.0515 -36.9234
      vertex -33.4026 25.6307 -36.9234
    endloop
  endfacet
  facet normal -0.634866 0.313073 -0.70635
    outer loop
      vertex -31.9766 18.4617 -42.103
      vertex -34.1127 14.13 -42.103
      vertex -36.4623 21.0515 -36.9234
    endloop
  endfacet
  facet normal -0.634863 0.313074 -0.706352
    outer loop
      vertex -34.1127 14.13 -42.103
      vertex -38.8981 16.1121 -36.9234
      vertex -36.4623 21.0515 -36.9234
    endloop
  endfacet
  facet normal -0.670295 0.227534 -0.706352
    outer loop
      vertex -34.1127 14.13 -42.103
      vertex -35.6652 9.55647 -42.103
      vertex -38.8981 16.1121 -36.9234
    endloop
  endfacet
  facet normal -0.67029 0.227539 -0.706355
    outer loop
      vertex -35.6652 9.55647 -42.103
      vertex -40.6684 10.8971 -36.9234
      vertex -38.8981 16.1121 -36.9234
    endloop
  endfacet
  facet normal -0.694254 0.138103 -0.706356
    outer loop
      vertex -35.6652 9.55647 -42.103
      vertex -36.6075 4.81947 -42.103
      vertex -40.6684 10.8971 -36.9234
    endloop
  endfacet
  facet normal -0.694263 0.138093 -0.70635
    outer loop
      vertex -36.6075 4.81947 -42.103
      vertex -41.7428 5.49555 -36.9234
      vertex -40.6684 10.8971 -36.9234
    endloop
  endfacet
  facet normal -0.706348 0.0462987 -0.70635
    outer loop
      vertex -36.6075 4.81947 -42.103
      vertex -36.9234 -0 -42.103
      vertex -41.7428 5.49555 -36.9234
    endloop
  endfacet
  facet normal -0.706349 0.0462969 -0.706349
    outer loop
      vertex -36.9234 -0 -42.103
      vertex -42.103 -0 -36.9234
      vertex -41.7428 5.49555 -36.9234
    endloop
  endfacet
  facet normal -0.706349 -0.0462988 -0.706349
    outer loop
      vertex -36.9234 -0 -42.103
      vertex -36.6075 -4.81947 -42.103
      vertex -42.103 -0 -36.9234
    endloop
  endfacet
  facet normal -0.706348 -0.0462968 -0.706349
    outer loop
      vertex -36.6075 -4.81947 -42.103
      vertex -41.7428 -5.49555 -36.9234
      vertex -42.103 -0 -36.9234
    endloop
  endfacet
  facet normal -0.694261 -0.138105 -0.706349
    outer loop
      vertex -36.6075 -4.81947 -42.103
      vertex -35.6652 -9.55647 -42.103
      vertex -41.7428 -5.49555 -36.9234
    endloop
  endfacet
  facet normal -0.694257 -0.138092 -0.706355
    outer loop
      vertex -35.6652 -9.55647 -42.103
      vertex -40.6684 -10.8971 -36.9234
      vertex -41.7428 -5.49555 -36.9234
    endloop
  endfacet
  facet normal -0.670291 -0.227533 -0.706356
    outer loop
      vertex -35.6652 -9.55647 -42.103
      vertex -34.1127 -14.13 -42.103
      vertex -40.6684 -10.8971 -36.9234
    endloop
  endfacet
  facet normal -0.670292 -0.22754 -0.706352
    outer loop
      vertex -34.1127 -14.13 -42.103
      vertex -38.8981 -16.1121 -36.9234
      vertex -40.6684 -10.8971 -36.9234
    endloop
  endfacet
  facet normal -0.634864 -0.313072 -0.706352
    outer loop
      vertex -34.1127 -14.13 -42.103
      vertex -31.9766 -18.4617 -42.103
      vertex -38.8981 -16.1121 -36.9234
    endloop
  endfacet
  facet normal -0.634864 -0.313075 -0.706351
    outer loop
      vertex -31.9766 -18.4617 -42.103
      vertex -36.4623 -21.0515 -36.9234
      vertex -38.8981 -16.1121 -36.9234
    endloop
  endfacet
  facet normal -0.588564 -0.39327 -0.70635
    outer loop
      vertex -31.9766 -18.4617 -42.103
      vertex -29.2933 -22.4775 -42.103
      vertex -36.4623 -21.0515 -36.9234
    endloop
  endfacet
  facet normal -0.588565 -0.393263 -0.706353
    outer loop
      vertex -29.2933 -22.4775 -42.103
      vertex -33.4026 -25.6307 -36.9234
      vertex -36.4623 -21.0515 -36.9234
    endloop
  endfacet
  facet normal -0.532201 -0.466718 -0.706354
    outer loop
      vertex -29.2933 -22.4775 -42.103
      vertex -26.1088 -26.1088 -42.103
      vertex -33.4026 -25.6307 -36.9234
    endloop
  endfacet
  facet normal -0.532197 -0.466736 -0.706346
    outer loop
      vertex -26.1088 -26.1088 -42.103
      vertex -29.7713 -29.7713 -36.9234
      vertex -33.4026 -25.6307 -36.9234
    endloop
  endfacet
  facet normal -0.466724 -0.532208 -0.706345
    outer loop
      vertex -26.1088 -26.1088 -42.103
      vertex -22.4775 -29.2933 -42.103
      vertex -29.7713 -29.7713 -36.9234
    endloop
  endfacet
  facet normal -0.466731 -0.532191 -0.706353
    outer loop
      vertex -22.4775 -29.2933 -42.103
      vertex -25.6307 -33.4026 -36.9234
      vertex -29.7713 -29.7713 -36.9234
    endloop
  endfacet
  facet normal -0.393268 -0.588561 -0.706354
    outer loop
      vertex -22.4775 -29.2933 -42.103
      vertex -18.4617 -31.9766 -42.103
      vertex -25.6307 -33.4026 -36.9234
    endloop
  endfacet
  facet normal -0.393265 -0.588567 -0.706351
    outer loop
      vertex -18.4617 -31.9766 -42.103
      vertex -21.0515 -36.4623 -36.9234
      vertex -25.6307 -33.4026 -36.9234
    endloop
  endfacet
  facet normal -0.313073 -0.634866 -0.70635
    outer loop
      vertex -18.4617 -31.9766 -42.103
      vertex -14.13 -34.1127 -42.103
      vertex -21.0515 -36.4623 -36.9234
    endloop
  endfacet
  facet normal -0.313074 -0.634863 -0.706352
    outer loop
      vertex -14.13 -34.1127 -42.103
      vertex -16.1121 -38.8981 -36.9234
      vertex -21.0515 -36.4623 -36.9234
    endloop
  endfacet
  facet normal -0.227534 -0.670295 -0.706352
    outer loop
      vertex -14.13 -34.1127 -42.103
      vertex -9.55647 -35.6652 -42.103
      vertex -16.1121 -38.8981 -36.9234
    endloop
  endfacet
  facet normal -0.227539 -0.67029 -0.706355
    outer loop
      vertex -9.55647 -35.6652 -42.103
      vertex -10.8971 -40.6684 -36.9234
      vertex -16.1121 -38.8981 -36.9234
    endloop
  endfacet
  facet normal -0.138103 -0.694254 -0.706356
    outer loop
      vertex -9.55647 -35.6652 -42.103
      vertex -4.81947 -36.6075 -42.103
      vertex -10.8971 -40.6684 -36.9234
    endloop
  endfacet
  facet normal -0.138093 -0.694263 -0.70635
    outer loop
      vertex -4.81947 -36.6075 -42.103
      vertex -5.49555 -41.7428 -36.9234
      vertex -10.8971 -40.6684 -36.9234
    endloop
  endfacet
  facet normal -0.0462987 -0.706348 -0.70635
    outer loop
      vertex -4.81947 -36.6075 -42.103
      vertex -0 -36.9234 -42.103
      vertex -5.49555 -41.7428 -36.9234
    endloop
  endfacet
  facet normal -0.0462969 -0.706349 -0.706349
    outer loop
      vertex -0 -36.9234 -42.103
      vertex -0 -42.103 -36.9234
      vertex -5.49555 -41.7428 -36.9234
    endloop
  endfacet
  facet normal 0.0462988 -0.706349 -0.706349
    outer loop
      vertex -0 -36.9234 -42.103
      vertex 4.81947 -36.6075 -42.103
      vertex -0 -42.103 -36.9234
    endloop
  endfacet
  facet normal 0.0462968 -0.706348 -0.706349
    outer loop
      vertex 4.81947 -36.6075 -42.103
      vertex 5.49555 -41.7428 -36.9234
      vertex -0 -42.103 -36.9234
    endloop
  endfacet
  facet normal 0.138105 -0.694261 -0.706349
    outer loop
      vertex 4.81947 -36.6075 -42.103
      vertex 9.55647 -35.6652 -42.103
      vertex 5.49555 -41.7428 -36.9234
    endloop
  endfacet
  facet normal 0.138092 -0.694257 -0.706355
    outer loop
      vertex 9.55647 -35.6652 -42.103
      vertex 10.8971 -40.6684 -36.9234
      vertex 5.49555 -41.7428 -36.9234
    endloop
  endfacet
  facet normal 0.227533 -0.670291 -0.706356
    outer loop
      vertex 9.55647 -35.6652 -42.103
      vertex 14.13 -34.1127 -42.103
      vertex 10.8971 -40.6684 -36.9234
    endloop
  endfacet
  facet normal 0.22754 -0.670292 -0.706352
    outer loop
      vertex 14.13 -34.1127 -42.103
      vertex 16.1121 -38.8981 -36.9234
      vertex 10.8971 -40.6684 -36.9234
    endloop
  endfacet
  facet normal 0.313072 -0.634864 -0.706352
    outer loop
      vertex 14.13 -34.1127 -42.103
      vertex 18.4617 -31.9766 -42.103
      vertex 16.1121 -38.8981 -36.9234
    endloop
  endfacet
  facet normal 0.313075 -0.634864 -0.706351
    outer loop
      vertex 18.4617 -31.9766 -42.103
      vertex 21.0515 -36.4623 -36.9234
      vertex 16.1121 -38.8981 -36.9234
    endloop
  endfacet
  facet normal 0.39327 -0.588564 -0.70635
    outer loop
      vertex 18.4617 -31.9766 -42.103
      vertex 22.4775 -29.2933 -42.103
      vertex 21.0515 -36.4623 -36.9234
    endloop
  endfacet
  facet normal 0.393263 -0.588565 -0.706353
    outer loop
      vertex 22.4775 -29.2933 -42.103
      vertex 25.6307 -33.4026 -36.9234
      vertex 21.0515 -36.4623 -36.9234
    endloop
  endfacet
  facet normal 0.466718 -0.532201 -0.706354
    outer loop
      vertex 22.4775 -29.2933 -42.103
      vertex 26.1088 -26.1088 -42.103
      vertex 25.6307 -33.4026 -36.9234
    endloop
  endfacet
  facet normal 0.466736 -0.532197 -0.706346
    outer loop
      vertex 26.1088 -26.1088 -42.103
      vertex 29.7713 -29.7713 -36.9234
      vertex 25.6307 -33.4026 -36.9234
    endloop
  endfacet
  facet normal 0.532208 -0.466724 -0.706345
    outer loop
      vertex 26.1088 -26.1088 -42.103
      vertex 29.2933 -22.4775 -42.103
      vertex 29.7713 -29.7713 -36.9234
    endloop
  endfacet
  facet normal 0.532191 -0.466731 -0.706353
    outer loop
      vertex 29.2933 -22.4775 -42.103
      vertex 33.4026 -25.6307 -36.9234
      vertex 29.7713 -29.7713 -36.9234
    endloop
  endfacet
  facet normal 0.588561 -0.393268 -0.706354
    outer loop
      vertex 29.2933 -22.4775 -42.103
      vertex 31.9766 -18.4617 -42.103
      vertex 33.4026 -25.6307 -36.9234
    endloop
  endfacet
  facet normal 0.588567 -0.393265 -0.706351
    outer loop
      vertex 31.9766 -18.4617 -42.103
      vertex 36.4623 -21.0515 -36.9234
      vertex 33.4026 -25.6307 -36.9234
    endloop
  endfacet
  facet normal 0.634866 -0.313073 -0.70635
    outer loop
      vertex 31.9766 -18.4617 -42.103
      vertex 34.1127 -14.13 -42.103
      vertex 36.4623 -21.0515 -36.9234
    endloop
  endfacet
  facet normal 0.634863 -0.313074 -0.706352
    outer loop
      vertex 34.1127 -14.13 -42.103
      vertex 38.8981 -16.1121 -36.9234
      vertex 36.4623 -21.0515 -36.9234
    endloop
  endfacet
  facet normal 0.670295 -0.227534 -0.706352
    outer loop
      vertex 34.1127 -14.13 -42.103
      vertex 35.6652 -9.55647 -42.103
      vertex 38.8981 -16.1121 -36.9234
    endloop
  endfacet
  facet normal 0.67029 -0.227539 -0.706355
    outer loop
      vertex 35.6652 -9.55647 -42.103
      vertex 40.6684 -10.8971 -36.9234
      vertex 38.8981 -16.1121 -36.9234
    endloop
  endfacet
  facet normal 0.694254 -0.138103 -0.706356
    outer loop
      vertex 35.6652 -9.55647 -42.103
      vertex 36.6075 -4.81947 -42.103
      vertex 40.6684 -10.8971 -36.9234
    endloop
  endfacet
  facet normal 0.694263 -0.138093 -0.70635
    outer loop
      vertex 36.6075 -4.81947 -42.103
      vertex 41.7428 -5.49555 -36.9234
      vertex 40.6684 -10.8971 -36.9234
    endloop
  endfacet
  facet normal 0.706348 -0.0462987 -0.70635
    outer loop
      vertex 36.6075 -4.81947 -42.103
      vertex 36.9234 0 -42.103
      vertex 41.7428 -5.49555 -36.9234
    endloop
  endfacet
  facet normal 0.706349 -0.0462969 -0.706349
    outer loop
      vertex 36.9234 0 -42.103
      vertex 42.103 0 -36.9234
      vertex 41.7428 -5.49555 -36.9234
    endloop
  endfacet
  facet normal 0.608276 0.0398585 -0.792724
    outer loop
      vertex 31.1119 0 -46.5623
      vertex 30.8458 4.06092 -46.5623
      vertex 36.9234 0 -42.103
    endloop
  endfacet
  facet normal 0.608281 0.0398708 -0.79272
    outer loop
      vertex 30.8458 4.06092 -46.5623
      vertex 36.6075 4.81947 -42.103
      vertex 36.9234 0 -42.103
    endloop
  endfacet
  facet normal 0.597872 0.118932 -0.79272
    outer loop
      vertex 30.8458 4.06092 -46.5623
      vertex 30.0518 8.05236 -46.5623
      vertex 36.6075 4.81947 -42.103
    endloop
  endfacet
  facet normal 0.597872 0.118931 -0.79272
    outer loop
      vertex 30.0518 8.05236 -46.5623
      vertex 35.6652 9.55647 -42.103
      vertex 36.6075 4.81947 -42.103
    endloop
  endfacet
  facet normal 0.577237 0.19594 -0.79272
    outer loop
      vertex 30.0518 8.05236 -46.5623
      vertex 28.7437 11.906 -46.5623
      vertex 35.6652 9.55647 -42.103
    endloop
  endfacet
  facet normal 0.577237 0.195945 -0.792718
    outer loop
      vertex 28.7437 11.906 -46.5623
      vertex 34.1127 14.13 -42.103
      vertex 35.6652 9.55647 -42.103
    endloop
  endfacet
  facet normal 0.546721 0.269616 -0.792719
    outer loop
      vertex 28.7437 11.906 -46.5623
      vertex 26.9437 15.556 -46.5623
      vertex 34.1127 14.13 -42.103
    endloop
  endfacet
  facet normal 0.546721 0.269606 -0.792722
    outer loop
      vertex 26.9437 15.556 -46.5623
      vertex 31.9766 18.4617 -42.103
      vertex 34.1127 14.13 -42.103
    endloop
  endfacet
  facet normal 0.506851 0.338664 -0.792722
    outer loop
      vertex 26.9437 15.556 -46.5623
      vertex 24.6828 18.9397 -46.5623
      vertex 31.9766 18.4617 -42.103
    endloop
  endfacet
  facet normal 0.50685 0.33867 -0.79272
    outer loop
      vertex 24.6828 18.9397 -46.5623
      vertex 29.2933 22.4775 -42.103
      vertex 31.9766 18.4617 -42.103
    endloop
  endfacet
  facet normal 0.458316 0.401921 -0.792721
    outer loop
      vertex 24.6828 18.9397 -46.5623
      vertex 21.9995 21.9995 -46.5623
      vertex 29.2933 22.4775 -42.103
    endloop
  endfacet
  facet normal 0.458315 0.401923 -0.79272
    outer loop
      vertex 21.9995 21.9995 -46.5623
      vertex 26.1088 26.1088 -42.103
      vertex 29.2933 22.4775 -42.103
    endloop
  endfacet
  facet normal 0.401922 0.458316 -0.79272
    outer loop
      vertex 21.9995 21.9995 -46.5623
      vertex 18.9397 24.6828 -46.5623
      vertex 26.1088 26.1088 -42.103
    endloop
  endfacet
  facet normal 0.401923 0.458314 -0.792721
    outer loop
      vertex 18.9397 24.6828 -46.5623
      vertex 22.4775 29.2933 -42.103
      vertex 26.1088 26.1088 -42.103
    endloop
  endfacet
  facet normal 0.338666 0.506853 -0.79272
    outer loop
      vertex 18.9397 24.6828 -46.5623
      vertex 15.556 26.9437 -46.5623
      vertex 22.4775 29.2933 -42.103
    endloop
  endfacet
  facet normal 0.338669 0.506848 -0.792722
    outer loop
      vertex 15.556 26.9437 -46.5623
      vertex 18.4617 31.9766 -42.103
      vertex 22.4775 29.2933 -42.103
    endloop
  endfacet
  facet normal 0.269614 0.546717 -0.792723
    outer loop
      vertex 15.556 26.9437 -46.5623
      vertex 11.906 28.7437 -46.5623
      vertex 18.4617 31.9766 -42.103
    endloop
  endfacet
  facet normal 0.269608 0.546725 -0.792719
    outer loop
      vertex 11.906 28.7437 -46.5623
      vertex 14.13 34.1127 -42.103
      vertex 18.4617 31.9766 -42.103
    endloop
  endfacet
  facet normal 0.195941 0.577239 -0.792718
    outer loop
      vertex 11.906 28.7437 -46.5623
      vertex 8.05236 30.0518 -46.5623
      vertex 14.13 34.1127 -42.103
    endloop
  endfacet
  facet normal 0.195945 0.577236 -0.79272
    outer loop
      vertex 8.05236 30.0518 -46.5623
      vertex 9.55647 35.6652 -42.103
      vertex 14.13 34.1127 -42.103
    endloop
  endfacet
  facet normal 0.118932 0.597871 -0.79272
    outer loop
      vertex 8.05236 30.0518 -46.5623
      vertex 4.06092 30.8458 -46.5623
      vertex 9.55647 35.6652 -42.103
    endloop
  endfacet
  facet normal 0.118931 0.597872 -0.79272
    outer loop
      vertex 4.06092 30.8458 -46.5623
      vertex 4.81947 36.6075 -42.103
      vertex 9.55647 35.6652 -42.103
    endloop
  endfacet
  facet normal 0.0398589 0.608282 -0.792719
    outer loop
      vertex 4.06092 30.8458 -46.5623
      vertex 0 31.1119 -46.5623
      vertex 4.81947 36.6075 -42.103
    endloop
  endfacet
  facet normal 0.0398704 0.608276 -0.792724
    outer loop
      vertex 0 31.1119 -46.5623
      vertex 0 36.9234 -42.103
      vertex 4.81947 36.6075 -42.103
    endloop
  endfacet
  facet normal -0.0398585 0.608276 -0.792724
    outer loop
      vertex 0 31.1119 -46.5623
      vertex -4.06092 30.8458 -46.5623
      vertex 0 36.9234 -42.103
    endloop
  endfacet
  facet normal -0.0398708 0.608281 -0.79272
    outer loop
      vertex -4.06092 30.8458 -46.5623
      vertex -4.81947 36.6075 -42.103
      vertex 0 36.9234 -42.103
    endloop
  endfacet
  facet normal -0.118932 0.597872 -0.79272
    outer loop
      vertex -4.06092 30.8458 -46.5623
      vertex -8.05236 30.0518 -46.5623
      vertex -4.81947 36.6075 -42.103
    endloop
  endfacet
  facet normal -0.118931 0.597872 -0.79272
    outer loop
      vertex -8.05236 30.0518 -46.5623
      vertex -9.55647 35.6652 -42.103
      vertex -4.81947 36.6075 -42.103
    endloop
  endfacet
  facet normal -0.19594 0.577237 -0.79272
    outer loop
      vertex -8.05236 30.0518 -46.5623
      vertex -11.906 28.7437 -46.5623
      vertex -9.55647 35.6652 -42.103
    endloop
  endfacet
  facet normal -0.195945 0.577237 -0.792718
    outer loop
      vertex -11.906 28.7437 -46.5623
      vertex -14.13 34.1127 -42.103
      vertex -9.55647 35.6652 -42.103
    endloop
  endfacet
  facet normal -0.269616 0.546721 -0.792719
    outer loop
      vertex -11.906 28.7437 -46.5623
      vertex -15.556 26.9437 -46.5623
      vertex -14.13 34.1127 -42.103
    endloop
  endfacet
  facet normal -0.269606 0.546721 -0.792722
    outer loop
      vertex -15.556 26.9437 -46.5623
      vertex -18.4617 31.9766 -42.103
      vertex -14.13 34.1127 -42.103
    endloop
  endfacet
  facet normal -0.338664 0.506851 -0.792722
    outer loop
      vertex -15.556 26.9437 -46.5623
      vertex -18.9397 24.6828 -46.5623
      vertex -18.4617 31.9766 -42.103
    endloop
  endfacet
  facet normal -0.33867 0.50685 -0.79272
    outer loop
      vertex -18.9397 24.6828 -46.5623
      vertex -22.4775 29.2933 -42.103
      vertex -18.4617 31.9766 -42.103
    endloop
  endfacet
  facet normal -0.401921 0.458316 -0.792721
    outer loop
      vertex -18.9397 24.6828 -46.5623
      vertex -21.9995 21.9995 -46.5623
      vertex -22.4775 29.2933 -42.103
    endloop
  endfacet
  facet normal -0.401923 0.458315 -0.79272
    outer loop
      vertex -21.9995 21.9995 -46.5623
      vertex -26.1088 26.1088 -42.103
      vertex -22.4775 29.2933 -42.103
    endloop
  endfacet
  facet normal -0.458316 0.401922 -0.79272
    outer loop
      vertex -21.9995 21.9995 -46.5623
      vertex -24.6828 18.9397 -46.5623
      vertex -26.1088 26.1088 -42.103
    endloop
  endfacet
  facet normal -0.458314 0.401923 -0.792721
    outer loop
      vertex -24.6828 18.9397 -46.5623
      vertex -29.2933 22.4775 -42.103
      vertex -26.1088 26.1088 -42.103
    endloop
  endfacet
  facet normal -0.506853 0.338666 -0.79272
    outer loop
      vertex -24.6828 18.9397 -46.5623
      vertex -26.9437 15.556 -46.5623
      vertex -29.2933 22.4775 -42.103
    endloop
  endfacet
  facet normal -0.506848 0.338669 -0.792722
    outer loop
      vertex -26.9437 15.556 -46.5623
      vertex -31.9766 18.4617 -42.103
      vertex -29.2933 22.4775 -42.103
    endloop
  endfacet
  facet normal -0.546717 0.269614 -0.792723
    outer loop
      vertex -26.9437 15.556 -46.5623
      vertex -28.7437 11.906 -46.5623
      vertex -31.9766 18.4617 -42.103
    endloop
  endfacet
  facet normal -0.546725 0.269608 -0.792719
    outer loop
      vertex -28.7437 11.906 -46.5623
      vertex -34.1127 14.13 -42.103
      vertex -31.9766 18.4617 -42.103
    endloop
  endfacet
  facet normal -0.577239 0.195941 -0.792718
    outer loop
      vertex -28.7437 11.906 -46.5623
      vertex -30.0518 8.05236 -46.5623
      vertex -34.1127 14.13 -42.103
    endloop
  endfacet
  facet normal -0.577236 0.195945 -0.79272
    outer loop
      vertex -30.0518 8.05236 -46.5623
      vertex -35.6652 9.55647 -42.103
      vertex -34.1127 14.13 -42.103
    endloop
  endfacet
  facet normal -0.597871 0.118932 -0.79272
    outer loop
      vertex -30.0518 8.05236 -46.5623
      vertex -30.8458 4.06092 -46.5623
      vertex -35.6652 9.55647 -42.103
    endloop
  endfacet
  facet normal -0.597872 0.118931 -0.79272
    outer loop
      vertex -30.8458 4.06092 -46.5623
      vertex -36.6075 4.81947 -42.103
      vertex -35.6652 9.55647 -42.103
    endloop
  endfacet
  facet normal -0.608282 0.0398589 -0.792719
    outer loop
      vertex -30.8458 4.06092 -46.5623
      vertex -31.1119 -0 -46.5623
      vertex -36.6075 4.81947 -42.103
    endloop
  endfacet
  facet normal -0.608276 0.0398704 -0.792724
    outer loop
      vertex -31.1119 -0 -46.5623
      vertex -36.9234 -0 -42.103
      vertex -36.6075 4.81947 -42.103
    endloop
  endfacet
  facet normal -0.608276 -0.0398585 -0.792724
    outer loop
      vertex -31.1119 -0 -46.5623
      vertex -30.8458 -4.06092 -46.5623
      vertex -36.9234 -0 -42.103
    endloop
  endfacet
  facet normal -0.608281 -0.0398708 -0.79272
    outer loop
      vertex -30.8458 -4.06092 -46.5623
      vertex -36.6075 -4.81947 -42.103
      vertex -36.9234 -0 -42.103
    endloop
  endfacet
  facet normal -0.597872 -0.118932 -0.79272
    outer loop
      vertex -30.8458 -4.06092 -46.5623
      vertex -30.0518 -8.05236 -46.5623
      vertex -36.6075 -4.81947 -42.103
    endloop
  endfacet
  facet normal -0.597872 -0.118931 -0.79272
    outer loop
      vertex -30.0518 -8.05236 -46.5623
      vertex -35.6652 -9.55647 -42.103
      vertex -36.6075 -4.81947 -42.103
    endloop
  endfacet
  facet normal -0.577237 -0.19594 -0.79272
    outer loop
      vertex -30.0518 -8.05236 -46.5623
      vertex -28.7437 -11.906 -46.5623
      vertex -35.6652 -9.55647 -42.103
    endloop
  endfacet
  facet normal -0.577237 -0.195945 -0.792718
    outer loop
      vertex -28.7437 -11.906 -46.5623
      vertex -34.1127 -14.13 -42.103
      vertex -35.6652 -9.55647 -42.103
    endloop
  endfacet
  facet normal -0.546721 -0.269616 -0.792719
    outer loop
      vertex -28.7437 -11.906 -46.5623
      vertex -26.9437 -15.556 -46.5623
      vertex -34.1127 -14.13 -42.103
    endloop
  endfacet
  facet normal -0.546721 -0.269606 -0.792722
    outer loop
      vertex -26.9437 -15.556 -46.5623
      vertex -31.9766 -18.4617 -42.103
      vertex -34.1127 -14.13 -42.103
    endloop
  endfacet
  facet normal -0.506851 -0.338664 -0.792722
    outer loop
      vertex -26.9437 -15.556 -46.5623
      vertex -24.6828 -18.9397 -46.5623
      vertex -31.9766 -18.4617 -42.103
    endloop
  endfacet
  facet normal -0.50685 -0.33867 -0.79272
    outer loop
      vertex -24.6828 -18.9397 -46.5623
      vertex -29.2933 -22.4775 -42.103
      vertex -31.9766 -18.4617 -42.103
    endloop
  endfacet
  facet normal -0.458316 -0.401921 -0.792721
    outer loop
      vertex -24.6828 -18.9397 -46.5623
      vertex -21.9995 -21.9995 -46.5623
      vertex -29.2933 -22.4775 -42.103
    endloop
  endfacet
  facet normal -0.458315 -0.401923 -0.79272
    outer loop
      vertex -21.9995 -21.9995 -46.5623
      vertex -26.1088 -26.1088 -42.103
      vertex -29.2933 -22.4775 -42.103
    endloop
  endfacet
  facet normal -0.401922 -0.458316 -0.79272
    outer loop
      vertex -21.9995 -21.9995 -46.5623
      vertex -18.9397 -24.6828 -46.5623
      vertex -26.1088 -26.1088 -42.103
    endloop
  endfacet
  facet normal -0.401923 -0.458314 -0.792721
    outer loop
      vertex -18.9397 -24.6828 -46.5623
      vertex -22.4775 -29.2933 -42.103
      vertex -26.1088 -26.1088 -42.103
    endloop
  endfacet
  facet normal -0.338666 -0.506853 -0.79272
    outer loop
      vertex -18.9397 -24.6828 -46.5623
      vertex -15.556 -26.9437 -46.5623
      vertex -22.4775 -29.2933 -42.103
    endloop
  endfacet
  facet normal -0.338669 -0.506848 -0.792722
    outer loop
      vertex -15.556 -26.9437 -46.5623
      vertex -18.4617 -31.9766 -42.103
      vertex -22.4775 -29.2933 -42.103
    endloop
  endfacet
  facet normal -0.269614 -0.546717 -0.792723
    outer loop
      vertex -15.556 -26.9437 -46.5623
      vertex -11.906 -28.7437 -46.5623
      vertex -18.4617 -31.9766 -42.103
    endloop
  endfacet
  facet normal -0.269608 -0.546725 -0.792719
    outer loop
      vertex -11.906 -28.7437 -46.5623
      vertex -14.13 -34.1127 -42.103
      vertex -18.4617 -31.9766 -42.103
    endloop
  endfacet
  facet normal -0.195941 -0.577239 -0.792718
    outer loop
      vertex -11.906 -28.7437 -46.5623
      vertex -8.05236 -30.0518 -46.5623
      vertex -14.13 -34.1127 -42.103
    endloop
  endfacet
  facet normal -0.195945 -0.577236 -0.79272
    outer loop
      vertex -8.05236 -30.0518 -46.5623
      vertex -9.55647 -35.6652 -42.103
      vertex -14.13 -34.1127 -42.103
    endloop
  endfacet
  facet normal -0.118932 -0.597871 -0.79272
    outer loop
      vertex -8.05236 -30.0518 -46.5623
      vertex -4.06092 -30.8458 -46.5623
      vertex -9.55647 -35.6652 -42.103
    endloop
  endfacet
  facet normal -0.118931 -0.597872 -0.79272
    outer loop
      vertex -4.06092 -30.8458 -46.5623
      vertex -4.81947 -36.6075 -42.103
      vertex -9.55647 -35.6652 -42.103
    endloop
  endfacet
  facet normal -0.0398589 -0.608282 -0.792719
    outer loop
      vertex -4.06092 -30.8458 -46.5623
      vertex -0 -31.1119 -46.5623
      vertex -4.81947 -36.6075 -42.103
    endloop
  endfacet
  facet normal -0.0398704 -0.608276 -0.792724
    outer loop
      vertex -0 -31.1119 -46.5623
      vertex -0 -36.9234 -42.103
      vertex -4.81947 -36.6075 -42.103
    endloop
  endfacet
  facet normal 0.0398585 -0.608276 -0.792724
    outer loop
      vertex -0 -31.1119 -46.5623
      vertex 4.06092 -30.8458 -46.5623
      vertex -0 -36.9234 -42.103
    endloop
  endfacet
  facet normal 0.0398708 -0.608281 -0.79272
    outer loop
      vertex 4.06092 -30.8458 -46.5623
      vertex 4.81947 -36.6075 -42.103
      vertex -0 -36.9234 -42.103
    endloop
  endfacet
  facet normal 0.118932 -0.597872 -0.79272
    outer loop
      vertex 4.06092 -30.8458 -46.5623
      vertex 8.05236 -30.0518 -46.5623
      vertex 4.81947 -36.6075 -42.103
    endloop
  endfacet
  facet normal 0.118931 -0.597872 -0.79272
    outer loop
      vertex 8.05236 -30.0518 -46.5623
      vertex 9.55647 -35.6652 -42.103
      vertex 4.81947 -36.6075 -42.103
    endloop
  endfacet
  facet normal 0.19594 -0.577237 -0.79272
    outer loop
      vertex 8.05236 -30.0518 -46.5623
      vertex 11.906 -28.7437 -46.5623
      vertex 9.55647 -35.6652 -42.103
    endloop
  endfacet
  facet normal 0.195945 -0.577237 -0.792718
    outer loop
      vertex 11.906 -28.7437 -46.5623
      vertex 14.13 -34.1127 -42.103
      vertex 9.55647 -35.6652 -42.103
    endloop
  endfacet
  facet normal 0.269616 -0.546721 -0.792719
    outer loop
      vertex 11.906 -28.7437 -46.5623
      vertex 15.556 -26.9437 -46.5623
      vertex 14.13 -34.1127 -42.103
    endloop
  endfacet
  facet normal 0.269606 -0.546721 -0.792722
    outer loop
      vertex 15.556 -26.9437 -46.5623
      vertex 18.4617 -31.9766 -42.103
      vertex 14.13 -34.1127 -42.103
    endloop
  endfacet
  facet normal 0.338664 -0.506851 -0.792722
    outer loop
      vertex 15.556 -26.9437 -46.5623
      vertex 18.9397 -24.6828 -46.5623
      vertex 18.4617 -31.9766 -42.103
    endloop
  endfacet
  facet normal 0.33867 -0.50685 -0.79272
    outer loop
      vertex 18.9397 -24.6828 -46.5623
      vertex 22.4775 -29.2933 -42.103
      vertex 18.4617 -31.9766 -42.103
    endloop
  endfacet
  facet normal 0.401921 -0.458316 -0.792721
    outer loop
      vertex 18.9397 -24.6828 -46.5623
      vertex 21.9995 -21.9995 -46.5623
      vertex 22.4775 -29.2933 -42.103
    endloop
  endfacet
  facet normal 0.401923 -0.458315 -0.79272
    outer loop
      vertex 21.9995 -21.9995 -46.5623
      vertex 26.1088 -26.1088 -42.103
      vertex 22.4775 -29.2933 -42.103
    endloop
  endfacet
  facet normal 0.458316 -0.401922 -0.79272
    outer loop
      vertex 21.9995 -21.9995 -46.5623
      vertex 24.6828 -18.9397 -46.5623
      vertex 26.1088 -26.1088 -42.103
    endloop
  endfacet
  facet normal 0.458314 -0.401923 -0.792721
    outer loop
      vertex 24.6828 -18.9397 -46.5623
      vertex 29.2933 -22.4775 -42.103
      vertex 26.1088 -26.1088 -42.103
    endloop
  endfacet
  facet normal 0.506853 -0.338666 -0.79272
    outer loop
      vertex 24.6828 -18.9397 -46.5623
      vertex 26.9437 -15.556 -46.5623
      vertex 29.2933 -22.4775 -42.103
    endloop
  endfacet
  facet normal 0.506848 -0.338669 -0.792722
    outer loop
      vertex 26.9437 -15.556 -46.5623
      vertex 31.9766 -18.4617 -42.103
      vertex 29.2933 -22.4775 -42.103
    endloop
  endfacet
  facet normal 0.546717 -0.269614 -0.792723
    outer loop
      vertex 26.9437 -15.556 -46.5623
      vertex 28.7437 -11.906 -46.5623
      vertex 31.9766 -18.4617 -42.103
    endloop
  endfacet
  facet normal 0.546725 -0.269608 -0.792719
    outer loop
      vertex 28.7437 -11.906 -46.5623
      vertex 34.1127 -14.13 -42.103
      vertex 31.9766 -18.4617 -42.103
    endloop
  endfacet
  facet normal 0.577239 -0.195941 -0.792718
    outer loop
      vertex 28.7437 -11.906 -46.5623
      vertex 30.0518 -8.05236 -46.5623
      vertex 34.1127 -14.13 -42.103
    endloop
  endfacet
  facet normal 0.577236 -0.195945 -0.79272
    outer loop
      vertex 30.0518 -8.05236 -46.5623
      vertex 35.6652 -9.55647 -42.103
      vertex 34.1127 -14.13 -42.103
    endloop
  endfacet
  facet normal 0.597871 -0.118932 -0.79272
    outer loop
      vertex 30.0518 -8.05236 -46.5623
      vertex 30.8458 -4.06092 -46.5623
      vertex 35.6652 -9.55647 -42.103
    endloop
  endfacet
  facet normal 0.597872 -0.118931 -0.79272
    outer loop
      vertex 30.8458 -4.06092 -46.5623
      vertex 36.6075 -4.81947 -42.103
      vertex 35.6652 -9.55647 -42.103
    endloop
  endfacet
  facet normal 0.608282 -0.0398589 -0.792719
    outer loop
      vertex 30.8458 -4.06092 -46.5623
      vertex 31.1119 0 -46.5623
      vertex 36.6075 -4.81947 -42.103
    endloop
  endfacet
  facet normal 0.608276 -0.0398704 -0.792724
    outer loop
      vertex 31.1119 0 -46.5623
      vertex 36.9234 0 -42.103
      vertex 36.6075 -4.81947 -42.103
    endloop
  endfacet
  facet normal 0.499738 0.0327554 -0.865557
    outer loop
      vertex 24.7682 0 -50.2249
      vertex 24.5563 3.23289 -50.2249
      vertex 31.1119 0 -46.5623
    endloop
  endfacet
  facet normal 0.499735 0.0327461 -0.865559
    outer loop
      vertex 24.5563 3.23289 -50.2249
      vertex 30.8458 4.06092 -46.5623
      vertex 31.1119 0 -46.5623
    endloop
  endfacet
  facet normal 0.491182 0.0977084 -0.865559
    outer loop
      vertex 24.5563 3.23289 -50.2249
      vertex 23.9242 6.41047 -50.2249
      vertex 30.8458 4.06092 -46.5623
    endloop
  endfacet
  facet normal 0.491183 0.0977088 -0.865559
    outer loop
      vertex 23.9242 6.41047 -50.2249
      vertex 30.0518 8.05236 -46.5623
      vertex 30.8458 4.06092 -46.5623
    endloop
  endfacet
  facet normal 0.47423 0.160977 -0.865559
    outer loop
      vertex 23.9242 6.41047 -50.2249
      vertex 22.8828 9.47837 -50.2249
      vertex 30.0518 8.05236 -46.5623
    endloop
  endfacet
  facet normal 0.474229 0.160975 -0.86556
    outer loop
      vertex 22.8828 9.47837 -50.2249
      vertex 28.7437 11.906 -46.5623
      vertex 30.0518 8.05236 -46.5623
    endloop
  endfacet
  facet normal 0.449162 0.221495 -0.86556
    outer loop
      vertex 22.8828 9.47837 -50.2249
      vertex 21.4499 12.3841 -50.2249
      vertex 28.7437 11.906 -46.5623
    endloop
  endfacet
  facet normal 0.449161 0.221504 -0.865558
    outer loop
      vertex 21.4499 12.3841 -50.2249
      vertex 26.9437 15.556 -46.5623
      vertex 28.7437 11.906 -46.5623
    endloop
  endfacet
  facet normal 0.416404 0.278241 -0.865558
    outer loop
      vertex 21.4499 12.3841 -50.2249
      vertex 19.6499 15.0779 -50.2249
      vertex 26.9437 15.556 -46.5623
    endloop
  endfacet
  facet normal 0.416405 0.278231 -0.86556
    outer loop
      vertex 19.6499 15.0779 -50.2249
      vertex 24.6828 18.9397 -46.5623
      vertex 26.9437 15.556 -46.5623
    endloop
  endfacet
  facet normal 0.376521 0.33021 -0.865559
    outer loop
      vertex 19.6499 15.0779 -50.2249
      vertex 17.5137 17.5137 -50.2249
      vertex 24.6828 18.9397 -46.5623
    endloop
  endfacet
  facet normal 0.376526 0.330195 -0.865563
    outer loop
      vertex 17.5137 17.5137 -50.2249
      vertex 21.9995 21.9995 -46.5623
      vertex 24.6828 18.9397 -46.5623
    endloop
  endfacet
  facet normal 0.330205 0.376516 -0.865563
    outer loop
      vertex 17.5137 17.5137 -50.2249
      vertex 15.0779 19.6499 -50.2249
      vertex 21.9995 21.9995 -46.5623
    endloop
  endfacet
  facet normal 0.330199 0.37653 -0.86556
    outer loop
      vertex 15.0779 19.6499 -50.2249
      vertex 18.9397 24.6828 -46.5623
      vertex 21.9995 21.9995 -46.5623
    endloop
  endfacet
  facet normal 0.278239 0.4164 -0.86556
    outer loop
      vertex 15.0779 19.6499 -50.2249
      vertex 12.3841 21.4499 -50.2249
      vertex 18.9397 24.6828 -46.5623
    endloop
  endfacet
  facet normal 0.278233 0.416408 -0.865558
    outer loop
      vertex 12.3841 21.4499 -50.2249
      vertex 15.556 26.9437 -46.5623
      vertex 18.9397 24.6828 -46.5623
    endloop
  endfacet
  facet normal 0.221497 0.449166 -0.865557
    outer loop
      vertex 12.3841 21.4499 -50.2249
      vertex 9.47837 22.8828 -50.2249
      vertex 15.556 26.9437 -46.5623
    endloop
  endfacet
  facet normal 0.221503 0.449158 -0.86556
    outer loop
      vertex 9.47837 22.8828 -50.2249
      vertex 11.906 28.7437 -46.5623
      vertex 15.556 26.9437 -46.5623
    endloop
  endfacet
  facet normal 0.160977 0.474229 -0.86556
    outer loop
      vertex 9.47837 22.8828 -50.2249
      vertex 6.41047 23.9242 -50.2249
      vertex 11.906 28.7437 -46.5623
    endloop
  endfacet
  facet normal 0.160975 0.47423 -0.865559
    outer loop
      vertex 6.41047 23.9242 -50.2249
      vertex 8.05236 30.0518 -46.5623
      vertex 11.906 28.7437 -46.5623
    endloop
  endfacet
  facet normal 0.0977085 0.491183 -0.865559
    outer loop
      vertex 6.41047 23.9242 -50.2249
      vertex 3.23289 24.5563 -50.2249
      vertex 8.05236 30.0518 -46.5623
    endloop
  endfacet
  facet normal 0.0977088 0.491182 -0.865559
    outer loop
      vertex 3.23289 24.5563 -50.2249
      vertex 4.06092 30.8458 -46.5623
      vertex 8.05236 30.0518 -46.5623
    endloop
  endfacet
  facet normal 0.0327551 0.499734 -0.865559
    outer loop
      vertex 3.23289 24.5563 -50.2249
      vertex 0 24.7682 -50.2249
      vertex 4.06092 30.8458 -46.5623
    endloop
  endfacet
  facet normal 0.0327464 0.499738 -0.865557
    outer loop
      vertex 0 24.7682 -50.2249
      vertex 0 31.1119 -46.5623
      vertex 4.06092 30.8458 -46.5623
    endloop
  endfacet
  facet normal -0.0327554 0.499738 -0.865557
    outer loop
      vertex 0 24.7682 -50.2249
      vertex -3.23289 24.5563 -50.2249
      vertex 0 31.1119 -46.5623
    endloop
  endfacet
  facet normal -0.0327461 0.499735 -0.865559
    outer loop
      vertex -3.23289 24.5563 -50.2249
      vertex -4.06092 30.8458 -46.5623
      vertex 0 31.1119 -46.5623
    endloop
  endfacet
  facet normal -0.0977084 0.491182 -0.865559
    outer loop
      vertex -3.23289 24.5563 -50.2249
      vertex -6.41047 23.9242 -50.2249
      vertex -4.06092 30.8458 -46.5623
    endloop
  endfacet
  facet normal -0.0977088 0.491183 -0.865559
    outer loop
      vertex -6.41047 23.9242 -50.2249
      vertex -8.05236 30.0518 -46.5623
      vertex -4.06092 30.8458 -46.5623
    endloop
  endfacet
  facet normal -0.160977 0.47423 -0.865559
    outer loop
      vertex -6.41047 23.9242 -50.2249
      vertex -9.47837 22.8828 -50.2249
      vertex -8.05236 30.0518 -46.5623
    endloop
  endfacet
  facet normal -0.160975 0.474229 -0.86556
    outer loop
      vertex -9.47837 22.8828 -50.2249
      vertex -11.906 28.7437 -46.5623
      vertex -8.05236 30.0518 -46.5623
    endloop
  endfacet
  facet normal -0.221495 0.449162 -0.86556
    outer loop
      vertex -9.47837 22.8828 -50.2249
      vertex -12.3841 21.4499 -50.2249
      vertex -11.906 28.7437 -46.5623
    endloop
  endfacet
  facet normal -0.221504 0.449161 -0.865558
    outer loop
      vertex -12.3841 21.4499 -50.2249
      vertex -15.556 26.9437 -46.5623
      vertex -11.906 28.7437 -46.5623
    endloop
  endfacet
  facet normal -0.278241 0.416404 -0.865558
    outer loop
      vertex -12.3841 21.4499 -50.2249
      vertex -15.0779 19.6499 -50.2249
      vertex -15.556 26.9437 -46.5623
    endloop
  endfacet
  facet normal -0.278231 0.416405 -0.86556
    outer loop
      vertex -15.0779 19.6499 -50.2249
      vertex -18.9397 24.6828 -46.5623
      vertex -15.556 26.9437 -46.5623
    endloop
  endfacet
  facet normal -0.33021 0.376521 -0.865559
    outer loop
      vertex -15.0779 19.6499 -50.2249
      vertex -17.5137 17.5137 -50.2249
      vertex -18.9397 24.6828 -46.5623
    endloop
  endfacet
  facet normal -0.330195 0.376526 -0.865563
    outer loop
      vertex -17.5137 17.5137 -50.2249
      vertex -21.9995 21.9995 -46.5623
      vertex -18.9397 24.6828 -46.5623
    endloop
  endfacet
  facet normal -0.376516 0.330205 -0.865563
    outer loop
      vertex -17.5137 17.5137 -50.2249
      vertex -19.6499 15.0779 -50.2249
      vertex -21.9995 21.9995 -46.5623
    endloop
  endfacet
  facet normal -0.37653 0.330199 -0.86556
    outer loop
      vertex -19.6499 15.0779 -50.2249
      vertex -24.6828 18.9397 -46.5623
      vertex -21.9995 21.9995 -46.5623
    endloop
  endfacet
  facet normal -0.4164 0.278239 -0.86556
    outer loop
      vertex -19.6499 15.0779 -50.2249
      vertex -21.4499 12.3841 -50.2249
      vertex -24.6828 18.9397 -46.5623
    endloop
  endfacet
  facet normal -0.416408 0.278233 -0.865558
    outer loop
      vertex -21.4499 12.3841 -50.2249
      vertex -26.9437 15.556 -46.5623
      vertex -24.6828 18.9397 -46.5623
    endloop
  endfacet
  facet normal -0.449166 0.221497 -0.865557
    outer loop
      vertex -21.4499 12.3841 -50.2249
      vertex -22.8828 9.47837 -50.2249
      vertex -26.9437 15.556 -46.5623
    endloop
  endfacet
  facet normal -0.449158 0.221503 -0.86556
    outer loop
      vertex -22.8828 9.47837 -50.2249
      vertex -28.7437 11.906 -46.5623
      vertex -26.9437 15.556 -46.5623
    endloop
  endfacet
  facet normal -0.474229 0.160977 -0.86556
    outer loop
      vertex -22.8828 9.47837 -50.2249
      vertex -23.9242 6.41047 -50.2249
      vertex -28.7437 11.906 -46.5623
    endloop
  endfacet
  facet normal -0.47423 0.160975 -0.865559
    outer loop
      vertex -23.9242 6.41047 -50.2249
      vertex -30.0518 8.05236 -46.5623
      vertex -28.7437 11.906 -46.5623
    endloop
  endfacet
  facet normal -0.491183 0.0977085 -0.865559
    outer loop
      vertex -23.9242 6.41047 -50.2249
      vertex -24.5563 3.23289 -50.2249
      vertex -30.0518 8.05236 -46.5623
    endloop
  endfacet
  facet normal -0.491182 0.0977088 -0.865559
    outer loop
      vertex -24.5563 3.23289 -50.2249
      vertex -30.8458 4.06092 -46.5623
      vertex -30.0518 8.05236 -46.5623
    endloop
  endfacet
  facet normal -0.499734 0.0327551 -0.865559
    outer loop
      vertex -24.5563 3.23289 -50.2249
      vertex -24.7682 -0 -50.2249
      vertex -30.8458 4.06092 -46.5623
    endloop
  endfacet
  facet normal -0.499738 0.0327464 -0.865557
    outer loop
      vertex -24.7682 -0 -50.2249
      vertex -31.1119 -0 -46.5623
      vertex -30.8458 4.06092 -46.5623
    endloop
  endfacet
  facet normal -0.499738 -0.0327554 -0.865557
    outer loop
      vertex -24.7682 -0 -50.2249
      vertex -24.5563 -3.23289 -50.2249
      vertex -31.1119 -0 -46.5623
    endloop
  endfacet
  facet normal -0.499735 -0.0327461 -0.865559
    outer loop
      vertex -24.5563 -3.23289 -50.2249
      vertex -30.8458 -4.06092 -46.5623
      vertex -31.1119 -0 -46.5623
    endloop
  endfacet
  facet normal -0.491182 -0.0977084 -0.865559
    outer loop
      vertex -24.5563 -3.23289 -50.2249
      vertex -23.9242 -6.41047 -50.2249
      vertex -30.8458 -4.06092 -46.5623
    endloop
  endfacet
  facet normal -0.491183 -0.0977088 -0.865559
    outer loop
      vertex -23.9242 -6.41047 -50.2249
      vertex -30.0518 -8.05236 -46.5623
      vertex -30.8458 -4.06092 -46.5623
    endloop
  endfacet
  facet normal -0.47423 -0.160977 -0.865559
    outer loop
      vertex -23.9242 -6.41047 -50.2249
      vertex -22.8828 -9.47837 -50.2249
      vertex -30.0518 -8.05236 -46.5623
    endloop
  endfacet
  facet normal -0.474229 -0.160975 -0.86556
    outer loop
      vertex -22.8828 -9.47837 -50.2249
      vertex -28.7437 -11.906 -46.5623
      vertex -30.0518 -8.05236 -46.5623
    endloop
  endfacet
  facet normal -0.449162 -0.221495 -0.86556
    outer loop
      vertex -22.8828 -9.47837 -50.2249
      vertex -21.4499 -12.3841 -50.2249
      vertex -28.7437 -11.906 -46.5623
    endloop
  endfacet
  facet normal -0.449161 -0.221504 -0.865558
    outer loop
      vertex -21.4499 -12.3841 -50.2249
      vertex -26.9437 -15.556 -46.5623
      vertex -28.7437 -11.906 -46.5623
    endloop
  endfacet
  facet normal -0.416404 -0.278241 -0.865558
    outer loop
      vertex -21.4499 -12.3841 -50.2249
      vertex -19.6499 -15.0779 -50.2249
      vertex -26.9437 -15.556 -46.5623
    endloop
  endfacet
  facet normal -0.416405 -0.278231 -0.86556
    outer loop
      vertex -19.6499 -15.0779 -50.2249
      vertex -24.6828 -18.9397 -46.5623
      vertex -26.9437 -15.556 -46.5623
    endloop
  endfacet
  facet normal -0.376521 -0.33021 -0.865559
    outer loop
      vertex -19.6499 -15.0779 -50.2249
      vertex -17.5137 -17.5137 -50.2249
      vertex -24.6828 -18.9397 -46.5623
    endloop
  endfacet
  facet normal -0.376526 -0.330195 -0.865563
    outer loop
      vertex -17.5137 -17.5137 -50.2249
      vertex -21.9995 -21.9995 -46.5623
      vertex -24.6828 -18.9397 -46.5623
    endloop
  endfacet
  facet normal -0.330205 -0.376516 -0.865563
    outer loop
      vertex -17.5137 -17.5137 -50.2249
      vertex -15.0779 -19.6499 -50.2249
      vertex -21.9995 -21.9995 -46.5623
    endloop
  endfacet
  facet normal -0.330199 -0.37653 -0.86556
    outer loop
      vertex -15.0779 -19.6499 -50.2249
      vertex -18.9397 -24.6828 -46.5623
      vertex -21.9995 -21.9995 -46.5623
    endloop
  endfacet
  facet normal -0.278239 -0.4164 -0.86556
    outer loop
      vertex -15.0779 -19.6499 -50.2249
      vertex -12.3841 -21.4499 -50.2249
      vertex -18.9397 -24.6828 -46.5623
    endloop
  endfacet
  facet normal -0.278233 -0.416408 -0.865558
    outer loop
      vertex -12.3841 -21.4499 -50.2249
      vertex -15.556 -26.9437 -46.5623
      vertex -18.9397 -24.6828 -46.5623
    endloop
  endfacet
  facet normal -0.221497 -0.449166 -0.865557
    outer loop
      vertex -12.3841 -21.4499 -50.2249
      vertex -9.47837 -22.8828 -50.2249
      vertex -15.556 -26.9437 -46.5623
    endloop
  endfacet
  facet normal -0.221503 -0.449158 -0.86556
    outer loop
      vertex -9.47837 -22.8828 -50.2249
      vertex -11.906 -28.7437 -46.5623
      vertex -15.556 -26.9437 -46.5623
    endloop
  endfacet
  facet normal -0.160977 -0.474229 -0.86556
    outer loop
      vertex -9.47837 -22.8828 -50.2249
      vertex -6.41047 -23.9242 -50.2249
      vertex -11.906 -28.7437 -46.5623
    endloop
  endfacet
  facet normal -0.160975 -0.47423 -0.865559
    outer loop
      vertex -6.41047 -23.9242 -50.2249
      vertex -8.05236 -30.0518 -46.5623
      vertex -11.906 -28.7437 -46.5623
    endloop
  endfacet
  facet normal -0.0977085 -0.491183 -0.865559
    outer loop
      vertex -6.41047 -23.9242 -50.2249
      vertex -3.23289 -24.5563 -50.2249
      vertex -8.05236 -30.0518 -46.5623
    endloop
  endfacet
  facet normal -0.0977088 -0.491182 -0.865559
    outer loop
      vertex -3.23289 -24.5563 -50.2249
      vertex -4.06092 -30.8458 -46.5623
      vertex -8.05236 -30.0518 -46.5623
    endloop
  endfacet
  facet normal -0.0327551 -0.499734 -0.865559
    outer loop
      vertex -3.23289 -24.5563 -50.2249
      vertex -0 -24.7682 -50.2249
      vertex -4.06092 -30.8458 -46.5623
    endloop
  endfacet
  facet normal -0.0327464 -0.499738 -0.865557
    outer loop
      vertex -0 -24.7682 -50.2249
      vertex -0 -31.1119 -46.5623
      vertex -4.06092 -30.8458 -46.5623
    endloop
  endfacet
  facet normal 0.0327554 -0.499738 -0.865557
    outer loop
      vertex -0 -24.7682 -50.2249
      vertex 3.23289 -24.5563 -50.2249
      vertex -0 -31.1119 -46.5623
    endloop
  endfacet
  facet normal 0.0327461 -0.499735 -0.865559
    outer loop
      vertex 3.23289 -24.5563 -50.2249
      vertex 4.06092 -30.8458 -46.5623
      vertex -0 -31.1119 -46.5623
    endloop
  endfacet
  facet normal 0.0977084 -0.491182 -0.865559
    outer loop
      vertex 3.23289 -24.5563 -50.2249
      vertex 6.41047 -23.9242 -50.2249
      vertex 4.06092 -30.8458 -46.5623
    endloop
  endfacet
  facet normal 0.0977088 -0.491183 -0.865559
    outer loop
      vertex 6.41047 -23.9242 -50.2249
      vertex 8.05236 -30.0518 -46.5623
      vertex 4.06092 -30.8458 -46.5623
    endloop
  endfacet
  facet normal 0.160977 -0.47423 -0.865559
    outer loop
      vertex 6.41047 -23.9242 -50.2249
      vertex 9.47837 -22.8828 -50.2249
      vertex 8.05236 -30.0518 -46.5623
    endloop
  endfacet
  facet normal 0.160975 -0.474229 -0.86556
    outer loop
      vertex 9.47837 -22.8828 -50.2249
      vertex 11.906 -28.7437 -46.5623
      vertex 8.05236 -30.0518 -46.5623
    endloop
  endfacet
  facet normal 0.221495 -0.449162 -0.86556
    outer loop
      vertex 9.47837 -22.8828 -50.2249
      vertex 12.3841 -21.4499 -50.2249
      vertex 11.906 -28.7437 -46.5623
    endloop
  endfacet
  facet normal 0.221504 -0.449161 -0.865558
    outer loop
      vertex 12.3841 -21.4499 -50.2249
      vertex 15.556 -26.9437 -46.5623
      vertex 11.906 -28.7437 -46.5623
    endloop
  endfacet
  facet normal 0.278241 -0.416404 -0.865558
    outer loop
      vertex 12.3841 -21.4499 -50.2249
      vertex 15.0779 -19.6499 -50.2249
      vertex 15.556 -26.9437 -46.5623
    endloop
  endfacet
  facet normal 0.278231 -0.416405 -0.86556
    outer loop
      vertex 15.0779 -19.6499 -50.2249
      vertex 18.9397 -24.6828 -46.5623
      vertex 15.556 -26.9437 -46.5623
    endloop
  endfacet
  facet normal 0.33021 -0.376521 -0.865559
    outer loop
      vertex 15.0779 -19.6499 -50.2249
      vertex 17.5137 -17.5137 -50.2249
      vertex 18.9397 -24.6828 -46.5623
    endloop
  endfacet
  facet normal 0.330195 -0.376526 -0.865563
    outer loop
      vertex 17.5137 -17.5137 -50.2249
      vertex 21.9995 -21.9995 -46.5623
      vertex 18.9397 -24.6828 -46.5623
    endloop
  endfacet
  facet normal 0.376516 -0.330205 -0.865563
    outer loop
      vertex 17.5137 -17.5137 -50.2249
      vertex 19.6499 -15.0779 -50.2249
      vertex 21.9995 -21.9995 -46.5623
    endloop
  endfacet
  facet normal 0.37653 -0.330199 -0.86556
    outer loop
      vertex 19.6499 -15.0779 -50.2249
      vertex 24.6828 -18.9397 -46.5623
      vertex 21.9995 -21.9995 -46.5623
    endloop
  endfacet
  facet normal 0.4164 -0.278239 -0.86556
    outer loop
      vertex 19.6499 -15.0779 -50.2249
      vertex 21.4499 -12.3841 -50.2249
      vertex 24.6828 -18.9397 -46.5623
    endloop
  endfacet
  facet normal 0.416408 -0.278233 -0.865558
    outer loop
      vertex 21.4499 -12.3841 -50.2249
      vertex 26.9437 -15.556 -46.5623
      vertex 24.6828 -18.9397 -46.5623
    endloop
  endfacet
  facet normal 0.449166 -0.221497 -0.865557
    outer loop
      vertex 21.4499 -12.3841 -50.2249
      vertex 22.8828 -9.47837 -50.2249
      vertex 26.9437 -15.556 -46.5623
    endloop
  endfacet
  facet normal 0.449158 -0.221503 -0.86556
    outer loop
      vertex 22.8828 -9.47837 -50.2249
      vertex 28.7437 -11.906 -46.5623
      vertex 26.9437 -15.556 -46.5623
    endloop
  endfacet
  facet normal 0.474229 -0.160977 -0.86556
    outer loop
      vertex 22.8828 -9.47837 -50.2249
      vertex 23.9242 -6.41047 -50.2249
      vertex 28.7437 -11.906 -46.5623
    endloop
  endfacet
  facet normal 0.47423 -0.160975 -0.865559
    outer loop
      vertex 23.9242 -6.41047 -50.2249
      vertex 30.0518 -8.05236 -46.5623
      vertex 28.7437 -11.906 -46.5623
    endloop
  endfacet
  facet normal 0.491183 -0.0977085 -0.865559
    outer loop
      vertex 23.9242 -6.41047 -50.2249
      vertex 24.5563 -3.23289 -50.2249
      vertex 30.0518 -8.05236 -46.5623
    endloop
  endfacet
  facet normal 0.491182 -0.0977088 -0.865559
    outer loop
      vertex 24.5563 -3.23289 -50.2249
      vertex 30.8458 -4.06092 -46.5623
      vertex 30.0518 -8.05236 -46.5623
    endloop
  endfacet
  facet normal 0.499734 -0.0327551 -0.865559
    outer loop
      vertex 24.5563 -3.23289 -50.2249
      vertex 24.7682 0 -50.2249
      vertex 30.8458 -4.06092 -46.5623
    endloop
  endfacet
  facet normal 0.499738 -0.0327464 -0.865557
    outer loop
      vertex 24.7682 0 -50.2249
      vertex 31.1119 0 -46.5623
      vertex 30.8458 -4.06092 -46.5623
    endloop
  endfacet
  facet normal 0.382559 0.0250747 -0.923591
    outer loop
      vertex 18.0006 0 -53.0281
      vertex 17.8466 2.34955 -53.0281
      vertex 24.7682 0 -50.2249
    endloop
  endfacet
  facet normal 0.382559 0.0250749 -0.923591
    outer loop
      vertex 17.8466 2.34955 -53.0281
      vertex 24.5563 3.23289 -50.2249
      vertex 24.7682 0 -50.2249
    endloop
  endfacet
  facet normal 0.376015 0.0747846 -0.923591
    outer loop
      vertex 17.8466 2.34955 -53.0281
      vertex 17.3873 4.6589 -53.0281
      vertex 24.5563 3.23289 -50.2249
    endloop
  endfacet
  facet normal 0.376017 0.0747992 -0.923589
    outer loop
      vertex 17.3873 4.6589 -53.0281
      vertex 23.9242 6.41047 -50.2249
      vertex 24.5563 3.23289 -50.2249
    endloop
  endfacet
  facet normal 0.363037 0.123241 -0.923588
    outer loop
      vertex 17.3873 4.6589 -53.0281
      vertex 16.6304 6.88854 -53.0281
      vertex 23.9242 6.41047 -50.2249
    endloop
  endfacet
  facet normal 0.363037 0.123233 -0.92359
    outer loop
      vertex 16.6304 6.88854 -53.0281
      vertex 22.8828 9.47837 -50.2249
      vertex 23.9242 6.41047 -50.2249
    endloop
  endfacet
  facet normal 0.343846 0.169565 -0.92359
    outer loop
      vertex 16.6304 6.88854 -53.0281
      vertex 15.589 9.00031 -53.0281
      vertex 22.8828 9.47837 -50.2249
    endloop
  endfacet
  facet normal 0.343847 0.169561 -0.92359
    outer loop
      vertex 15.589 9.00031 -53.0281
      vertex 21.4499 12.3841 -50.2249
      vertex 22.8828 9.47837 -50.2249
    endloop
  endfacet
  facet normal 0.318767 0.213001 -0.92359
    outer loop
      vertex 15.589 9.00031 -53.0281
      vertex 14.2808 10.9581 -53.0281
      vertex 21.4499 12.3841 -50.2249
    endloop
  endfacet
  facet normal 0.318767 0.213 -0.92359
    outer loop
      vertex 14.2808 10.9581 -53.0281
      vertex 19.6499 15.0779 -50.2249
      vertex 21.4499 12.3841 -50.2249
    endloop
  endfacet
  facet normal 0.28825 0.252771 -0.92359
    outer loop
      vertex 14.2808 10.9581 -53.0281
      vertex 12.7284 12.7284 -53.0281
      vertex 19.6499 15.0779 -50.2249
    endloop
  endfacet
  facet normal 0.288243 0.252789 -0.923587
    outer loop
      vertex 12.7284 12.7284 -53.0281
      vertex 17.5137 17.5137 -50.2249
      vertex 19.6499 15.0779 -50.2249
    endloop
  endfacet
  facet normal 0.252776 0.288256 -0.923587
    outer loop
      vertex 12.7284 12.7284 -53.0281
      vertex 10.9581 14.2808 -53.0281
      vertex 17.5137 17.5137 -50.2249
    endloop
  endfacet
  facet normal 0.252786 0.288238 -0.92359
    outer loop
      vertex 10.9581 14.2808 -53.0281
      vertex 15.0779 19.6499 -50.2249
      vertex 17.5137 17.5137 -50.2249
    endloop
  endfacet
  facet normal 0.213 0.318766 -0.92359
    outer loop
      vertex 10.9581 14.2808 -53.0281
      vertex 9.00031 15.589 -53.0281
      vertex 15.0779 19.6499 -50.2249
    endloop
  endfacet
  facet normal 0.213 0.318767 -0.92359
    outer loop
      vertex 9.00031 15.589 -53.0281
      vertex 12.3841 21.4499 -50.2249
      vertex 15.0779 19.6499 -50.2249
    endloop
  endfacet
  facet normal 0.169564 0.343845 -0.92359
    outer loop
      vertex 9.00031 15.589 -53.0281
      vertex 6.88854 16.6304 -53.0281
      vertex 12.3841 21.4499 -50.2249
    endloop
  endfacet
  facet normal 0.169561 0.343847 -0.92359
    outer loop
      vertex 6.88854 16.6304 -53.0281
      vertex 9.47837 22.8828 -50.2249
      vertex 12.3841 21.4499 -50.2249
    endloop
  endfacet
  facet normal 0.12324 0.363034 -0.92359
    outer loop
      vertex 6.88854 16.6304 -53.0281
      vertex 4.6589 17.3873 -53.0281
      vertex 9.47837 22.8828 -50.2249
    endloop
  endfacet
  facet normal 0.123234 0.363039 -0.923589
    outer loop
      vertex 4.6589 17.3873 -53.0281
      vertex 6.41047 23.9242 -50.2249
      vertex 9.47837 22.8828 -50.2249
    endloop
  endfacet
  facet normal 0.0747857 0.376021 -0.923588
    outer loop
      vertex 4.6589 17.3873 -53.0281
      vertex 2.34955 17.8466 -53.0281
      vertex 6.41047 23.9242 -50.2249
    endloop
  endfacet
  facet normal 0.0747984 0.376013 -0.92359
    outer loop
      vertex 2.34955 17.8466 -53.0281
      vertex 3.23289 24.5563 -50.2249
      vertex 6.41047 23.9242 -50.2249
    endloop
  endfacet
  facet normal 0.0250747 0.38256 -0.923591
    outer loop
      vertex 2.34955 17.8466 -53.0281
      vertex 0 18.0006 -53.0281
      vertex 3.23289 24.5563 -50.2249
    endloop
  endfacet
  facet normal 0.0250749 0.382559 -0.923591
    outer loop
      vertex 0 18.0006 -53.0281
      vertex 0 24.7682 -50.2249
      vertex 3.23289 24.5563 -50.2249
    endloop
  endfacet
  facet normal -0.0250747 0.382559 -0.923591
    outer loop
      vertex 0 18.0006 -53.0281
      vertex -2.34955 17.8466 -53.0281
      vertex 0 24.7682 -50.2249
    endloop
  endfacet
  facet normal -0.0250749 0.382559 -0.923591
    outer loop
      vertex -2.34955 17.8466 -53.0281
      vertex -3.23289 24.5563 -50.2249
      vertex 0 24.7682 -50.2249
    endloop
  endfacet
  facet normal -0.0747846 0.376015 -0.923591
    outer loop
      vertex -2.34955 17.8466 -53.0281
      vertex -4.6589 17.3873 -53.0281
      vertex -3.23289 24.5563 -50.2249
    endloop
  endfacet
  facet normal -0.0747992 0.376017 -0.923589
    outer loop
      vertex -4.6589 17.3873 -53.0281
      vertex -6.41047 23.9242 -50.2249
      vertex -3.23289 24.5563 -50.2249
    endloop
  endfacet
  facet normal -0.123241 0.363037 -0.923588
    outer loop
      vertex -4.6589 17.3873 -53.0281
      vertex -6.88854 16.6304 -53.0281
      vertex -6.41047 23.9242 -50.2249
    endloop
  endfacet
  facet normal -0.123233 0.363037 -0.92359
    outer loop
      vertex -6.88854 16.6304 -53.0281
      vertex -9.47837 22.8828 -50.2249
      vertex -6.41047 23.9242 -50.2249
    endloop
  endfacet
  facet normal -0.169565 0.343846 -0.92359
    outer loop
      vertex -6.88854 16.6304 -53.0281
      vertex -9.00031 15.589 -53.0281
      vertex -9.47837 22.8828 -50.2249
    endloop
  endfacet
  facet normal -0.169561 0.343847 -0.92359
    outer loop
      vertex -9.00031 15.589 -53.0281
      vertex -12.3841 21.4499 -50.2249
      vertex -9.47837 22.8828 -50.2249
    endloop
  endfacet
  facet normal -0.213001 0.318767 -0.92359
    outer loop
      vertex -9.00031 15.589 -53.0281
      vertex -10.9581 14.2808 -53.0281
      vertex -12.3841 21.4499 -50.2249
    endloop
  endfacet
  facet normal -0.213 0.318767 -0.92359
    outer loop
      vertex -10.9581 14.2808 -53.0281
      vertex -15.0779 19.6499 -50.2249
      vertex -12.3841 21.4499 -50.2249
    endloop
  endfacet
  facet normal -0.252771 0.28825 -0.92359
    outer loop
      vertex -10.9581 14.2808 -53.0281
      vertex -12.7284 12.7284 -53.0281
      vertex -15.0779 19.6499 -50.2249
    endloop
  endfacet
  facet normal -0.252789 0.288243 -0.923587
    outer loop
      vertex -12.7284 12.7284 -53.0281
      vertex -17.5137 17.5137 -50.2249
      vertex -15.0779 19.6499 -50.2249
    endloop
  endfacet
  facet normal -0.288256 0.252776 -0.923587
    outer loop
      vertex -12.7284 12.7284 -53.0281
      vertex -14.2808 10.9581 -53.0281
      vertex -17.5137 17.5137 -50.2249
    endloop
  endfacet
  facet normal -0.288238 0.252786 -0.92359
    outer loop
      vertex -14.2808 10.9581 -53.0281
      vertex -19.6499 15.0779 -50.2249
      vertex -17.5137 17.5137 -50.2249
    endloop
  endfacet
  facet normal -0.318766 0.213 -0.92359
    outer loop
      vertex -14.2808 10.9581 -53.0281
      vertex -15.589 9.00031 -53.0281
      vertex -19.6499 15.0779 -50.2249
    endloop
  endfacet
  facet normal -0.318767 0.213 -0.92359
    outer loop
      vertex -15.589 9.00031 -53.0281
      vertex -21.4499 12.3841 -50.2249
      vertex -19.6499 15.0779 -50.2249
    endloop
  endfacet
  facet normal -0.343845 0.169564 -0.92359
    outer loop
      vertex -15.589 9.00031 -53.0281
      vertex -16.6304 6.88854 -53.0281
      vertex -21.4499 12.3841 -50.2249
    endloop
  endfacet
  facet normal -0.343847 0.169561 -0.92359
    outer loop
      vertex -16.6304 6.88854 -53.0281
      vertex -22.8828 9.47837 -50.2249
      vertex -21.4499 12.3841 -50.2249
    endloop
  endfacet
  facet normal -0.363034 0.12324 -0.92359
    outer loop
      vertex -16.6304 6.88854 -53.0281
      vertex -17.3873 4.6589 -53.0281
      vertex -22.8828 9.47837 -50.2249
    endloop
  endfacet
  facet normal -0.363039 0.123234 -0.923589
    outer loop
      vertex -17.3873 4.6589 -53.0281
      vertex -23.9242 6.41047 -50.2249
      vertex -22.8828 9.47837 -50.2249
    endloop
  endfacet
  facet normal -0.376021 0.0747857 -0.923588
    outer loop
      vertex -17.3873 4.6589 -53.0281
      vertex -17.8466 2.34955 -53.0281
      vertex -23.9242 6.41047 -50.2249
    endloop
  endfacet
  facet normal -0.376013 0.0747984 -0.92359
    outer loop
      vertex -17.8466 2.34955 -53.0281
      vertex -24.5563 3.23289 -50.2249
      vertex -23.9242 6.41047 -50.2249
    endloop
  endfacet
  facet normal -0.38256 0.0250747 -0.923591
    outer loop
      vertex -17.8466 2.34955 -53.0281
      vertex -18.0006 -0 -53.0281
      vertex -24.5563 3.23289 -50.2249
    endloop
  endfacet
  facet normal -0.382559 0.0250749 -0.923591
    outer loop
      vertex -18.0006 -0 -53.0281
      vertex -24.7682 -0 -50.2249
      vertex -24.5563 3.23289 -50.2249
    endloop
  endfacet
  facet normal -0.382559 -0.0250747 -0.923591
    outer loop
      vertex -18.0006 -0 -53.0281
      vertex -17.8466 -2.34955 -53.0281
      vertex -24.7682 -0 -50.2249
    endloop
  endfacet
  facet normal -0.382559 -0.0250749 -0.923591
    outer loop
      vertex -17.8466 -2.34955 -53.0281
      vertex -24.5563 -3.23289 -50.2249
      vertex -24.7682 -0 -50.2249
    endloop
  endfacet
  facet normal -0.376015 -0.0747846 -0.923591
    outer loop
      vertex -17.8466 -2.34955 -53.0281
      vertex -17.3873 -4.6589 -53.0281
      vertex -24.5563 -3.23289 -50.2249
    endloop
  endfacet
  facet normal -0.376017 -0.0747992 -0.923589
    outer loop
      vertex -17.3873 -4.6589 -53.0281
      vertex -23.9242 -6.41047 -50.2249
      vertex -24.5563 -3.23289 -50.2249
    endloop
  endfacet
  facet normal -0.363037 -0.123241 -0.923588
    outer loop
      vertex -17.3873 -4.6589 -53.0281
      vertex -16.6304 -6.88854 -53.0281
      vertex -23.9242 -6.41047 -50.2249
    endloop
  endfacet
  facet normal -0.363037 -0.123233 -0.92359
    outer loop
      vertex -16.6304 -6.88854 -53.0281
      vertex -22.8828 -9.47837 -50.2249
      vertex -23.9242 -6.41047 -50.2249
    endloop
  endfacet
  facet normal -0.343846 -0.169565 -0.92359
    outer loop
      vertex -16.6304 -6.88854 -53.0281
      vertex -15.589 -9.00031 -53.0281
      vertex -22.8828 -9.47837 -50.2249
    endloop
  endfacet
  facet normal -0.343847 -0.169561 -0.92359
    outer loop
      vertex -15.589 -9.00031 -53.0281
      vertex -21.4499 -12.3841 -50.2249
      vertex -22.8828 -9.47837 -50.2249
    endloop
  endfacet
  facet normal -0.318767 -0.213001 -0.92359
    outer loop
      vertex -15.589 -9.00031 -53.0281
      vertex -14.2808 -10.9581 -53.0281
      vertex -21.4499 -12.3841 -50.2249
    endloop
  endfacet
  facet normal -0.318767 -0.213 -0.92359
    outer loop
      vertex -14.2808 -10.9581 -53.0281
      vertex -19.6499 -15.0779 -50.2249
      vertex -21.4499 -12.3841 -50.2249
    endloop
  endfacet
  facet normal -0.28825 -0.252771 -0.92359
    outer loop
      vertex -14.2808 -10.9581 -53.0281
      vertex -12.7284 -12.7284 -53.0281
      vertex -19.6499 -15.0779 -50.2249
    endloop
  endfacet
  facet normal -0.288243 -0.252789 -0.923587
    outer loop
      vertex -12.7284 -12.7284 -53.0281
      vertex -17.5137 -17.5137 -50.2249
      vertex -19.6499 -15.0779 -50.2249
    endloop
  endfacet
  facet normal -0.252776 -0.288256 -0.923587
    outer loop
      vertex -12.7284 -12.7284 -53.0281
      vertex -10.9581 -14.2808 -53.0281
      vertex -17.5137 -17.5137 -50.2249
    endloop
  endfacet
  facet normal -0.252786 -0.288238 -0.92359
    outer loop
      vertex -10.9581 -14.2808 -53.0281
      vertex -15.0779 -19.6499 -50.2249
      vertex -17.5137 -17.5137 -50.2249
    endloop
  endfacet
  facet normal -0.213 -0.318766 -0.92359
    outer loop
      vertex -10.9581 -14.2808 -53.0281
      vertex -9.00031 -15.589 -53.0281
      vertex -15.0779 -19.6499 -50.2249
    endloop
  endfacet
  facet normal -0.213 -0.318767 -0.92359
    outer loop
      vertex -9.00031 -15.589 -53.0281
      vertex -12.3841 -21.4499 -50.2249
      vertex -15.0779 -19.6499 -50.2249
    endloop
  endfacet
  facet normal -0.169564 -0.343845 -0.92359
    outer loop
      vertex -9.00031 -15.589 -53.0281
      vertex -6.88854 -16.6304 -53.0281
      vertex -12.3841 -21.4499 -50.2249
    endloop
  endfacet
  facet normal -0.169561 -0.343847 -0.92359
    outer loop
      vertex -6.88854 -16.6304 -53.0281
      vertex -9.47837 -22.8828 -50.2249
      vertex -12.3841 -21.4499 -50.2249
    endloop
  endfacet
  facet normal -0.12324 -0.363034 -0.92359
    outer loop
      vertex -6.88854 -16.6304 -53.0281
      vertex -4.6589 -17.3873 -53.0281
      vertex -9.47837 -22.8828 -50.2249
    endloop
  endfacet
  facet normal -0.123234 -0.363039 -0.923589
    outer loop
      vertex -4.6589 -17.3873 -53.0281
      vertex -6.41047 -23.9242 -50.2249
      vertex -9.47837 -22.8828 -50.2249
    endloop
  endfacet
  facet normal -0.0747857 -0.376021 -0.923588
    outer loop
      vertex -4.6589 -17.3873 -53.0281
      vertex -2.34955 -17.8466 -53.0281
      vertex -6.41047 -23.9242 -50.2249
    endloop
  endfacet
  facet normal -0.0747984 -0.376013 -0.92359
    outer loop
      vertex -2.34955 -17.8466 -53.0281
      vertex -3.23289 -24.5563 -50.2249
      vertex -6.41047 -23.9242 -50.2249
    endloop
  endfacet
  facet normal -0.0250747 -0.38256 -0.923591
    outer loop
      vertex -2.34955 -17.8466 -53.0281
      vertex -0 -18.0006 -53.0281
      vertex -3.23289 -24.5563 -50.2249
    endloop
  endfacet
  facet normal -0.0250749 -0.382559 -0.923591
    outer loop
      vertex -0 -18.0006 -53.0281
      vertex -0 -24.7682 -50.2249
      vertex -3.23289 -24.5563 -50.2249
    endloop
  endfacet
  facet normal 0.0250747 -0.382559 -0.923591
    outer loop
      vertex -0 -18.0006 -53.0281
      vertex 2.34955 -17.8466 -53.0281
      vertex -0 -24.7682 -50.2249
    endloop
  endfacet
  facet normal 0.0250749 -0.382559 -0.923591
    outer loop
      vertex 2.34955 -17.8466 -53.0281
      vertex 3.23289 -24.5563 -50.2249
      vertex -0 -24.7682 -50.2249
    endloop
  endfacet
  facet normal 0.0747846 -0.376015 -0.923591
    outer loop
      vertex 2.34955 -17.8466 -53.0281
      vertex 4.6589 -17.3873 -53.0281
      vertex 3.23289 -24.5563 -50.2249
    endloop
  endfacet
  facet normal 0.0747992 -0.376017 -0.923589
    outer loop
      vertex 4.6589 -17.3873 -53.0281
      vertex 6.41047 -23.9242 -50.2249
      vertex 3.23289 -24.5563 -50.2249
    endloop
  endfacet
  facet normal 0.123241 -0.363037 -0.923588
    outer loop
      vertex 4.6589 -17.3873 -53.0281
      vertex 6.88854 -16.6304 -53.0281
      vertex 6.41047 -23.9242 -50.2249
    endloop
  endfacet
  facet normal 0.123233 -0.363037 -0.92359
    outer loop
      vertex 6.88854 -16.6304 -53.0281
      vertex 9.47837 -22.8828 -50.2249
      vertex 6.41047 -23.9242 -50.2249
    endloop
  endfacet
  facet normal 0.169565 -0.343846 -0.92359
    outer loop
      vertex 6.88854 -16.6304 -53.0281
      vertex 9.00031 -15.589 -53.0281
      vertex 9.47837 -22.8828 -50.2249
    endloop
  endfacet
  facet normal 0.169561 -0.343847 -0.92359
    outer loop
      vertex 9.00031 -15.589 -53.0281
      vertex 12.3841 -21.4499 -50.2249
      vertex 9.47837 -22.8828 -50.2249
    endloop
  endfacet
  facet normal 0.213001 -0.318767 -0.92359
    outer loop
      vertex 9.00031 -15.589 -53.0281
      vertex 10.9581 -14.2808 -53.0281
      vertex 12.3841 -21.4499 -50.2249
    endloop
  endfacet
  facet normal 0.213 -0.318767 -0.92359
    outer loop
      vertex 10.9581 -14.2808 -53.0281
      vertex 15.0779 -19.6499 -50.2249
      vertex 12.3841 -21.4499 -50.2249
    endloop
  endfacet
  facet normal 0.252771 -0.28825 -0.92359
    outer loop
      vertex 10.9581 -14.2808 -53.0281
      vertex 12.7284 -12.7284 -53.0281
      vertex 15.0779 -19.6499 -50.2249
    endloop
  endfacet
  facet normal 0.252789 -0.288243 -0.923587
    outer loop
      vertex 12.7284 -12.7284 -53.0281
      vertex 17.5137 -17.5137 -50.2249
      vertex 15.0779 -19.6499 -50.2249
    endloop
  endfacet
  facet normal 0.288256 -0.252776 -0.923587
    outer loop
      vertex 12.7284 -12.7284 -53.0281
      vertex 14.2808 -10.9581 -53.0281
      vertex 17.5137 -17.5137 -50.2249
    endloop
  endfacet
  facet normal 0.288238 -0.252786 -0.92359
    outer loop
      vertex 14.2808 -10.9581 -53.0281
      vertex 19.6499 -15.0779 -50.2249
      vertex 17.5137 -17.5137 -50.2249
    endloop
  endfacet
  facet normal 0.318766 -0.213 -0.92359
    outer loop
      vertex 14.2808 -10.9581 -53.0281
      vertex 15.589 -9.00031 -53.0281
      vertex 19.6499 -15.0779 -50.2249
    endloop
  endfacet
  facet normal 0.318767 -0.213 -0.92359
    outer loop
      vertex 15.589 -9.00031 -53.0281
      vertex 21.4499 -12.3841 -50.2249
      vertex 19.6499 -15.0779 -50.2249
    endloop
  endfacet
  facet normal 0.343845 -0.169564 -0.92359
    outer loop
      vertex 15.589 -9.00031 -53.0281
      vertex 16.6304 -6.88854 -53.0281
      vertex 21.4499 -12.3841 -50.2249
    endloop
  endfacet
  facet normal 0.343847 -0.169561 -0.92359
    outer loop
      vertex 16.6304 -6.88854 -53.0281
      vertex 22.8828 -9.47837 -50.2249
      vertex 21.4499 -12.3841 -50.2249
    endloop
  endfacet
  facet normal 0.363034 -0.12324 -0.92359
    outer loop
      vertex 16.6304 -6.88854 -53.0281
      vertex 17.3873 -4.6589 -53.0281
      vertex 22.8828 -9.47837 -50.2249
    endloop
  endfacet
  facet normal 0.363039 -0.123234 -0.923589
    outer loop
      vertex 17.3873 -4.6589 -53.0281
      vertex 23.9242 -6.41047 -50.2249
      vertex 22.8828 -9.47837 -50.2249
    endloop
  endfacet
  facet normal 0.376021 -0.0747857 -0.923588
    outer loop
      vertex 17.3873 -4.6589 -53.0281
      vertex 17.8466 -2.34955 -53.0281
      vertex 23.9242 -6.41047 -50.2249
    endloop
  endfacet
  facet normal 0.376013 -0.0747984 -0.92359
    outer loop
      vertex 17.8466 -2.34955 -53.0281
      vertex 24.5563 -3.23289 -50.2249
      vertex 23.9242 -6.41047 -50.2249
    endloop
  endfacet
  facet normal 0.38256 -0.0250747 -0.923591
    outer loop
      vertex 17.8466 -2.34955 -53.0281
      vertex 18.0006 0 -53.0281
      vertex 24.5563 -3.23289 -50.2249
    endloop
  endfacet
  facet normal 0.382559 -0.0250749 -0.923591
    outer loop
      vertex 18.0006 0 -53.0281
      vertex 24.7682 0 -50.2249
      vertex 24.5563 -3.23289 -50.2249
    endloop
  endfacet
  facet normal 0.258785 0.0169679 -0.965786
    outer loop
      vertex 10.9251 0 -54.924
      vertex 10.8316 1.42601 -54.924
      vertex 18.0006 0 -53.0281
    endloop
  endfacet
  facet normal 0.258784 0.0169619 -0.965786
    outer loop
      vertex 10.8316 1.42601 -54.924
      vertex 17.8466 2.34955 -53.0281
      vertex 18.0006 0 -53.0281
    endloop
  endfacet
  facet normal 0.254356 0.0505954 -0.965786
    outer loop
      vertex 10.8316 1.42601 -54.924
      vertex 10.5528 2.82761 -54.924
      vertex 17.8466 2.34955 -53.0281
    endloop
  endfacet
  facet normal 0.254356 0.0505881 -0.965787
    outer loop
      vertex 10.5528 2.82761 -54.924
      vertex 17.3873 4.6589 -53.0281
      vertex 17.8466 2.34955 -53.0281
    endloop
  endfacet
  facet normal 0.245572 0.0833679 -0.965787
    outer loop
      vertex 10.5528 2.82761 -54.924
      vertex 10.0934 4.18084 -54.924
      vertex 17.3873 4.6589 -53.0281
    endloop
  endfacet
  facet normal 0.245573 0.083365 -0.965787
    outer loop
      vertex 10.0934 4.18084 -54.924
      vertex 16.6304 6.88854 -53.0281
      vertex 17.3873 4.6589 -53.0281
    endloop
  endfacet
  facet normal 0.232595 0.114696 -0.965787
    outer loop
      vertex 10.0934 4.18084 -54.924
      vertex 9.46138 5.46253 -54.924
      vertex 16.6304 6.88854 -53.0281
    endloop
  endfacet
  facet normal 0.232594 0.114701 -0.965787
    outer loop
      vertex 9.46138 5.46253 -54.924
      vertex 15.589 9.00031 -53.0281
      vertex 16.6304 6.88854 -53.0281
    endloop
  endfacet
  facet normal 0.215631 0.144081 -0.965787
    outer loop
      vertex 9.46138 5.46253 -54.924
      vertex 8.66743 6.65075 -54.924
      vertex 15.589 9.00031 -53.0281
    endloop
  endfacet
  facet normal 0.21563 0.144085 -0.965786
    outer loop
      vertex 8.66743 6.65075 -54.924
      vertex 14.2808 10.9581 -53.0281
      vertex 15.589 9.00031 -53.0281
    endloop
  endfacet
  facet normal 0.194981 0.170994 -0.965786
    outer loop
      vertex 8.66743 6.65075 -54.924
      vertex 7.72518 7.72518 -54.924
      vertex 14.2808 10.9581 -53.0281
    endloop
  endfacet
  facet normal 0.194986 0.170986 -0.965787
    outer loop
      vertex 7.72518 7.72518 -54.924
      vertex 12.7284 12.7284 -53.0281
      vertex 14.2808 10.9581 -53.0281
    endloop
  endfacet
  facet normal 0.170992 0.194979 -0.965787
    outer loop
      vertex 7.72518 7.72518 -54.924
      vertex 6.65075 8.66743 -54.924
      vertex 12.7284 12.7284 -53.0281
    endloop
  endfacet
  facet normal 0.170987 0.194987 -0.965786
    outer loop
      vertex 6.65075 8.66743 -54.924
      vertex 10.9581 14.2808 -53.0281
      vertex 12.7284 12.7284 -53.0281
    endloop
  endfacet
  facet normal 0.144082 0.215632 -0.965786
    outer loop
      vertex 6.65075 8.66743 -54.924
      vertex 5.46253 9.46138 -54.924
      vertex 10.9581 14.2808 -53.0281
    endloop
  endfacet
  facet normal 0.144084 0.21563 -0.965787
    outer loop
      vertex 5.46253 9.46138 -54.924
      vertex 9.00031 15.589 -53.0281
      vertex 10.9581 14.2808 -53.0281
    endloop
  endfacet
  facet normal 0.114697 0.232596 -0.965786
    outer loop
      vertex 5.46253 9.46138 -54.924
      vertex 4.18084 10.0934 -54.924
      vertex 9.00031 15.589 -53.0281
    endloop
  endfacet
  facet normal 0.114701 0.232593 -0.965787
    outer loop
      vertex 4.18084 10.0934 -54.924
      vertex 6.88854 16.6304 -53.0281
      vertex 9.00031 15.589 -53.0281
    endloop
  endfacet
  facet normal 0.0833676 0.245572 -0.965787
    outer loop
      vertex 4.18084 10.0934 -54.924
      vertex 2.82761 10.5528 -54.924
      vertex 6.88854 16.6304 -53.0281
    endloop
  endfacet
  facet normal 0.0833652 0.245573 -0.965787
    outer loop
      vertex 2.82761 10.5528 -54.924
      vertex 4.6589 17.3873 -53.0281
      vertex 6.88854 16.6304 -53.0281
    endloop
  endfacet
  facet normal 0.0505949 0.254354 -0.965787
    outer loop
      vertex 2.82761 10.5528 -54.924
      vertex 1.42601 10.8316 -54.924
      vertex 4.6589 17.3873 -53.0281
    endloop
  endfacet
  facet normal 0.0505883 0.254357 -0.965786
    outer loop
      vertex 1.42601 10.8316 -54.924
      vertex 2.34955 17.8466 -53.0281
      vertex 4.6589 17.3873 -53.0281
    endloop
  endfacet
  facet normal 0.0169678 0.258783 -0.965786
    outer loop
      vertex 1.42601 10.8316 -54.924
      vertex 0 10.9251 -54.924
      vertex 2.34955 17.8466 -53.0281
    endloop
  endfacet
  facet normal 0.0169619 0.258785 -0.965786
    outer loop
      vertex 0 10.9251 -54.924
      vertex 0 18.0006 -53.0281
      vertex 2.34955 17.8466 -53.0281
    endloop
  endfacet
  facet normal -0.0169679 0.258785 -0.965786
    outer loop
      vertex 0 10.9251 -54.924
      vertex -1.42601 10.8316 -54.924
      vertex 0 18.0006 -53.0281
    endloop
  endfacet
  facet normal -0.0169619 0.258784 -0.965786
    outer loop
      vertex -1.42601 10.8316 -54.924
      vertex -2.34955 17.8466 -53.0281
      vertex 0 18.0006 -53.0281
    endloop
  endfacet
  facet normal -0.0505954 0.254356 -0.965786
    outer loop
      vertex -1.42601 10.8316 -54.924
      vertex -2.82761 10.5528 -54.924
      vertex -2.34955 17.8466 -53.0281
    endloop
  endfacet
  facet normal -0.0505881 0.254356 -0.965787
    outer loop
      vertex -2.82761 10.5528 -54.924
      vertex -4.6589 17.3873 -53.0281
      vertex -2.34955 17.8466 -53.0281
    endloop
  endfacet
  facet normal -0.0833679 0.245572 -0.965787
    outer loop
      vertex -2.82761 10.5528 -54.924
      vertex -4.18084 10.0934 -54.924
      vertex -4.6589 17.3873 -53.0281
    endloop
  endfacet
  facet normal -0.083365 0.245573 -0.965787
    outer loop
      vertex -4.18084 10.0934 -54.924
      vertex -6.88854 16.6304 -53.0281
      vertex -4.6589 17.3873 -53.0281
    endloop
  endfacet
  facet normal -0.114696 0.232595 -0.965787
    outer loop
      vertex -4.18084 10.0934 -54.924
      vertex -5.46253 9.46138 -54.924
      vertex -6.88854 16.6304 -53.0281
    endloop
  endfacet
  facet normal -0.114701 0.232594 -0.965787
    outer loop
      vertex -5.46253 9.46138 -54.924
      vertex -9.00031 15.589 -53.0281
      vertex -6.88854 16.6304 -53.0281
    endloop
  endfacet
  facet normal -0.144081 0.215631 -0.965787
    outer loop
      vertex -5.46253 9.46138 -54.924
      vertex -6.65075 8.66743 -54.924
      vertex -9.00031 15.589 -53.0281
    endloop
  endfacet
  facet normal -0.144085 0.21563 -0.965786
    outer loop
      vertex -6.65075 8.66743 -54.924
      vertex -10.9581 14.2808 -53.0281
      vertex -9.00031 15.589 -53.0281
    endloop
  endfacet
  facet normal -0.170994 0.194981 -0.965786
    outer loop
      vertex -6.65075 8.66743 -54.924
      vertex -7.72518 7.72518 -54.924
      vertex -10.9581 14.2808 -53.0281
    endloop
  endfacet
  facet normal -0.170986 0.194986 -0.965787
    outer loop
      vertex -7.72518 7.72518 -54.924
      vertex -12.7284 12.7284 -53.0281
      vertex -10.9581 14.2808 -53.0281
    endloop
  endfacet
  facet normal -0.194979 0.170992 -0.965787
    outer loop
      vertex -7.72518 7.72518 -54.924
      vertex -8.66743 6.65075 -54.924
      vertex -12.7284 12.7284 -53.0281
    endloop
  endfacet
  facet normal -0.194987 0.170987 -0.965786
    outer loop
      vertex -8.66743 6.65075 -54.924
      vertex -14.2808 10.9581 -53.0281
      vertex -12.7284 12.7284 -53.0281
    endloop
  endfacet
  facet normal -0.215632 0.144082 -0.965786
    outer loop
      vertex -8.66743 6.65075 -54.924
      vertex -9.46138 5.46253 -54.924
      vertex -14.2808 10.9581 -53.0281
    endloop
  endfacet
  facet normal -0.21563 0.144084 -0.965787
    outer loop
      vertex -9.46138 5.46253 -54.924
      vertex -15.589 9.00031 -53.0281
      vertex -14.2808 10.9581 -53.0281
    endloop
  endfacet
  facet normal -0.232596 0.114697 -0.965786
    outer loop
      vertex -9.46138 5.46253 -54.924
      vertex -10.0934 4.18084 -54.924
      vertex -15.589 9.00031 -53.0281
    endloop
  endfacet
  facet normal -0.232593 0.114701 -0.965787
    outer loop
      vertex -10.0934 4.18084 -54.924
      vertex -16.6304 6.88854 -53.0281
      vertex -15.589 9.00031 -53.0281
    endloop
  endfacet
  facet normal -0.245572 0.0833676 -0.965787
    outer loop
      vertex -10.0934 4.18084 -54.924
      vertex -10.5528 2.82761 -54.924
      vertex -16.6304 6.88854 -53.0281
    endloop
  endfacet
  facet normal -0.245573 0.0833652 -0.965787
    outer loop
      vertex -10.5528 2.82761 -54.924
      vertex -17.3873 4.6589 -53.0281
      vertex -16.6304 6.88854 -53.0281
    endloop
  endfacet
  facet normal -0.254354 0.0505949 -0.965787
    outer loop
      vertex -10.5528 2.82761 -54.924
      vertex -10.8316 1.42601 -54.924
      vertex -17.3873 4.6589 -53.0281
    endloop
  endfacet
  facet normal -0.254357 0.0505883 -0.965786
    outer loop
      vertex -10.8316 1.42601 -54.924
      vertex -17.8466 2.34955 -53.0281
      vertex -17.3873 4.6589 -53.0281
    endloop
  endfacet
  facet normal -0.258783 0.0169678 -0.965786
    outer loop
      vertex -10.8316 1.42601 -54.924
      vertex -10.9251 -0 -54.924
      vertex -17.8466 2.34955 -53.0281
    endloop
  endfacet
  facet normal -0.258785 0.0169619 -0.965786
    outer loop
      vertex -10.9251 -0 -54.924
      vertex -18.0006 -0 -53.0281
      vertex -17.8466 2.34955 -53.0281
    endloop
  endfacet
  facet normal -0.258785 -0.0169679 -0.965786
    outer loop
      vertex -10.9251 -0 -54.924
      vertex -10.8316 -1.42601 -54.924
      vertex -18.0006 -0 -53.0281
    endloop
  endfacet
  facet normal -0.258784 -0.0169619 -0.965786
    outer loop
      vertex -10.8316 -1.42601 -54.924
      vertex -17.8466 -2.34955 -53.0281
      vertex -18.0006 -0 -53.0281
    endloop
  endfacet
  facet normal -0.254356 -0.0505954 -0.965786
    outer loop
      vertex -10.8316 -1.42601 -54.924
      vertex -10.5528 -2.82761 -54.924
      vertex -17.8466 -2.34955 -53.0281
    endloop
  endfacet
  facet normal -0.254356 -0.0505881 -0.965787
    outer loop
      vertex -10.5528 -2.82761 -54.924
      vertex -17.3873 -4.6589 -53.0281
      vertex -17.8466 -2.34955 -53.0281
    endloop
  endfacet
  facet normal -0.245572 -0.0833679 -0.965787
    outer loop
      vertex -10.5528 -2.82761 -54.924
      vertex -10.0934 -4.18084 -54.924
      vertex -17.3873 -4.6589 -53.0281
    endloop
  endfacet
  facet normal -0.245573 -0.083365 -0.965787
    outer loop
      vertex -10.0934 -4.18084 -54.924
      vertex -16.6304 -6.88854 -53.0281
      vertex -17.3873 -4.6589 -53.0281
    endloop
  endfacet
  facet normal -0.232595 -0.114696 -0.965787
    outer loop
      vertex -10.0934 -4.18084 -54.924
      vertex -9.46138 -5.46253 -54.924
      vertex -16.6304 -6.88854 -53.0281
    endloop
  endfacet
  facet normal -0.232594 -0.114701 -0.965787
    outer loop
      vertex -9.46138 -5.46253 -54.924
      vertex -15.589 -9.00031 -53.0281
      vertex -16.6304 -6.88854 -53.0281
    endloop
  endfacet
  facet normal -0.215631 -0.144081 -0.965787
    outer loop
      vertex -9.46138 -5.46253 -54.924
      vertex -8.66743 -6.65075 -54.924
      vertex -15.589 -9.00031 -53.0281
    endloop
  endfacet
  facet normal -0.21563 -0.144085 -0.965786
    outer loop
      vertex -8.66743 -6.65075 -54.924
      vertex -14.2808 -10.9581 -53.0281
      vertex -15.589 -9.00031 -53.0281
    endloop
  endfacet
  facet normal -0.194981 -0.170994 -0.965786
    outer loop
      vertex -8.66743 -6.65075 -54.924
      vertex -7.72518 -7.72518 -54.924
      vertex -14.2808 -10.9581 -53.0281
    endloop
  endfacet
  facet normal -0.194986 -0.170986 -0.965787
    outer loop
      vertex -7.72518 -7.72518 -54.924
      vertex -12.7284 -12.7284 -53.0281
      vertex -14.2808 -10.9581 -53.0281
    endloop
  endfacet
  facet normal -0.170992 -0.194979 -0.965787
    outer loop
      vertex -7.72518 -7.72518 -54.924
      vertex -6.65075 -8.66743 -54.924
      vertex -12.7284 -12.7284 -53.0281
    endloop
  endfacet
  facet normal -0.170987 -0.194987 -0.965786
    outer loop
      vertex -6.65075 -8.66743 -54.924
      vertex -10.9581 -14.2808 -53.0281
      vertex -12.7284 -12.7284 -53.0281
    endloop
  endfacet
  facet normal -0.144082 -0.215632 -0.965786
    outer loop
      vertex -6.65075 -8.66743 -54.924
      vertex -5.46253 -9.46138 -54.924
      vertex -10.9581 -14.2808 -53.0281
    endloop
  endfacet
  facet normal -0.144084 -0.21563 -0.965787
    outer loop
      vertex -5.46253 -9.46138 -54.924
      vertex -9.00031 -15.589 -53.0281
      vertex -10.9581 -14.2808 -53.0281
    endloop
  endfacet
  facet normal -0.114697 -0.232596 -0.965786
    outer loop
      vertex -5.46253 -9.46138 -54.924
      vertex -4.18084 -10.0934 -54.924
      vertex -9.00031 -15.589 -53.0281
    endloop
  endfacet
  facet normal -0.114701 -0.232593 -0.965787
    outer loop
      vertex -4.18084 -10.0934 -54.924
      vertex -6.88854 -16.6304 -53.0281
      vertex -9.00031 -15.589 -53.0281
    endloop
  endfacet
  facet normal -0.0833676 -0.245572 -0.965787
    outer loop
      vertex -4.18084 -10.0934 -54.924
      vertex -2.82761 -10.5528 -54.924
      vertex -6.88854 -16.6304 -53.0281
    endloop
  endfacet
  facet normal -0.0833652 -0.245573 -0.965787
    outer loop
      vertex -2.82761 -10.5528 -54.924
      vertex -4.6589 -17.3873 -53.0281
      vertex -6.88854 -16.6304 -53.0281
    endloop
  endfacet
  facet normal -0.0505949 -0.254354 -0.965787
    outer loop
      vertex -2.82761 -10.5528 -54.924
      vertex -1.42601 -10.8316 -54.924
      vertex -4.6589 -17.3873 -53.0281
    endloop
  endfacet
  facet normal -0.0505883 -0.254357 -0.965786
    outer loop
      vertex -1.42601 -10.8316 -54.924
      vertex -2.34955 -17.8466 -53.0281
      vertex -4.6589 -17.3873 -53.0281
    endloop
  endfacet
  facet normal -0.0169678 -0.258783 -0.965786
    outer loop
      vertex -1.42601 -10.8316 -54.924
      vertex -0 -10.9251 -54.924
      vertex -2.34955 -17.8466 -53.0281
    endloop
  endfacet
  facet normal -0.0169619 -0.258785 -0.965786
    outer loop
      vertex -0 -10.9251 -54.924
      vertex -0 -18.0006 -53.0281
      vertex -2.34955 -17.8466 -53.0281
    endloop
  endfacet
  facet normal 0.0169679 -0.258785 -0.965786
    outer loop
      vertex -0 -10.9251 -54.924
      vertex 1.42601 -10.8316 -54.924
      vertex -0 -18.0006 -53.0281
    endloop
  endfacet
  facet normal 0.0169619 -0.258784 -0.965786
    outer loop
      vertex 1.42601 -10.8316 -54.924
      vertex 2.34955 -17.8466 -53.0281
      vertex -0 -18.0006 -53.0281
    endloop
  endfacet
  facet normal 0.0505954 -0.254356 -0.965786
    outer loop
      vertex 1.42601 -10.8316 -54.924
      vertex 2.82761 -10.5528 -54.924
      vertex 2.34955 -17.8466 -53.0281
    endloop
  endfacet
  facet normal 0.0505881 -0.254356 -0.965787
    outer loop
      vertex 2.82761 -10.5528 -54.924
      vertex 4.6589 -17.3873 -53.0281
      vertex 2.34955 -17.8466 -53.0281
    endloop
  endfacet
  facet normal 0.0833679 -0.245572 -0.965787
    outer loop
      vertex 2.82761 -10.5528 -54.924
      vertex 4.18084 -10.0934 -54.924
      vertex 4.6589 -17.3873 -53.0281
    endloop
  endfacet
  facet normal 0.083365 -0.245573 -0.965787
    outer loop
      vertex 4.18084 -10.0934 -54.924
      vertex 6.88854 -16.6304 -53.0281
      vertex 4.6589 -17.3873 -53.0281
    endloop
  endfacet
  facet normal 0.114696 -0.232595 -0.965787
    outer loop
      vertex 4.18084 -10.0934 -54.924
      vertex 5.46253 -9.46138 -54.924
      vertex 6.88854 -16.6304 -53.0281
    endloop
  endfacet
  facet normal 0.114701 -0.232594 -0.965787
    outer loop
      vertex 5.46253 -9.46138 -54.924
      vertex 9.00031 -15.589 -53.0281
      vertex 6.88854 -16.6304 -53.0281
    endloop
  endfacet
  facet normal 0.144081 -0.215631 -0.965787
    outer loop
      vertex 5.46253 -9.46138 -54.924
      vertex 6.65075 -8.66743 -54.924
      vertex 9.00031 -15.589 -53.0281
    endloop
  endfacet
  facet normal 0.144085 -0.21563 -0.965786
    outer loop
      vertex 6.65075 -8.66743 -54.924
      vertex 10.9581 -14.2808 -53.0281
      vertex 9.00031 -15.589 -53.0281
    endloop
  endfacet
  facet normal 0.170994 -0.194981 -0.965786
    outer loop
      vertex 6.65075 -8.66743 -54.924
      vertex 7.72518 -7.72518 -54.924
      vertex 10.9581 -14.2808 -53.0281
    endloop
  endfacet
  facet normal 0.170986 -0.194986 -0.965787
    outer loop
      vertex 7.72518 -7.72518 -54.924
      vertex 12.7284 -12.7284 -53.0281
      vertex 10.9581 -14.2808 -53.0281
    endloop
  endfacet
  facet normal 0.194979 -0.170992 -0.965787
    outer loop
      vertex 7.72518 -7.72518 -54.924
      vertex 8.66743 -6.65075 -54.924
      vertex 12.7284 -12.7284 -53.0281
    endloop
  endfacet
  facet normal 0.194987 -0.170987 -0.965786
    outer loop
      vertex 8.66743 -6.65075 -54.924
      vertex 14.2808 -10.9581 -53.0281
      vertex 12.7284 -12.7284 -53.0281
    endloop
  endfacet
  facet normal 0.215632 -0.144082 -0.965786
    outer loop
      vertex 8.66743 -6.65075 -54.924
      vertex 9.46138 -5.46253 -54.924
      vertex 14.2808 -10.9581 -53.0281
    endloop
  endfacet
  facet normal 0.21563 -0.144084 -0.965787
    outer loop
      vertex 9.46138 -5.46253 -54.924
      vertex 15.589 -9.00031 -53.0281
      vertex 14.2808 -10.9581 -53.0281
    endloop
  endfacet
  facet normal 0.232596 -0.114697 -0.965786
    outer loop
      vertex 9.46138 -5.46253 -54.924
      vertex 10.0934 -4.18084 -54.924
      vertex 15.589 -9.00031 -53.0281
    endloop
  endfacet
  facet normal 0.232593 -0.114701 -0.965787
    outer loop
      vertex 10.0934 -4.18084 -54.924
      vertex 16.6304 -6.88854 -53.0281
      vertex 15.589 -9.00031 -53.0281
    endloop
  endfacet
  facet normal 0.245572 -0.0833676 -0.965787
    outer loop
      vertex 10.0934 -4.18084 -54.924
      vertex 10.5528 -2.82761 -54.924
      vertex 16.6304 -6.88854 -53.0281
    endloop
  endfacet
  facet normal 0.245573 -0.0833652 -0.965787
    outer loop
      vertex 10.5528 -2.82761 -54.924
      vertex 17.3873 -4.6589 -53.0281
      vertex 16.6304 -6.88854 -53.0281
    endloop
  endfacet
  facet normal 0.254354 -0.0505949 -0.965787
    outer loop
      vertex 10.5528 -2.82761 -54.924
      vertex 10.8316 -1.42601 -54.924
      vertex 17.3873 -4.6589 -53.0281
    endloop
  endfacet
  facet normal 0.254357 -0.0505883 -0.965786
    outer loop
      vertex 10.8316 -1.42601 -54.924
      vertex 17.8466 -2.34955 -53.0281
      vertex 17.3873 -4.6589 -53.0281
    endloop
  endfacet
  facet normal 0.258783 -0.0169678 -0.965786
    outer loop
      vertex 10.8316 -1.42601 -54.924
      vertex 10.9251 0 -54.924
      vertex 17.8466 -2.34955 -53.0281
    endloop
  endfacet
  facet normal 0.258785 -0.0169619 -0.965786
    outer loop
      vertex 10.9251 0 -54.924
      vertex 18.0006 0 -53.0281
      vertex 17.8466 -2.34955 -53.0281
    endloop
  endfacet
  facet normal 0.130518 0.00855625 -0.991409
    outer loop
      vertex 3.66258 0 -55.8801
      vertex 3.63124 0.478062 -55.8801
      vertex 10.9251 0 -54.924
    endloop
  endfacet
  facet normal 0.130518 0.00855772 -0.991409
    outer loop
      vertex 3.63124 0.478062 -55.8801
      vertex 10.8316 1.42601 -54.924
      vertex 10.9251 0 -54.924
    endloop
  endfacet
  facet normal 0.128285 0.025516 -0.991409
    outer loop
      vertex 3.63124 0.478062 -55.8801
      vertex 3.53778 0.947944 -55.8801
      vertex 10.8316 1.42601 -54.924
    endloop
  endfacet
  facet normal 0.128285 0.0255179 -0.991409
    outer loop
      vertex 3.53778 0.947944 -55.8801
      vertex 10.5528 2.82761 -54.924
      vertex 10.8316 1.42601 -54.924
    endloop
  endfacet
  facet normal 0.123857 0.042044 -0.991409
    outer loop
      vertex 3.53778 0.947944 -55.8801
      vertex 3.38378 1.40161 -55.8801
      vertex 10.5528 2.82761 -54.924
    endloop
  endfacet
  facet normal 0.123856 0.0420472 -0.991409
    outer loop
      vertex 3.38378 1.40161 -55.8801
      vertex 10.0934 4.18084 -54.924
      vertex 10.5528 2.82761 -54.924
    endloop
  endfacet
  facet normal 0.117309 0.0578521 -0.991409
    outer loop
      vertex 3.38378 1.40161 -55.8801
      vertex 3.17188 1.83129 -55.8801
      vertex 10.0934 4.18084 -54.924
    endloop
  endfacet
  facet normal 0.117311 0.0578477 -0.991409
    outer loop
      vertex 3.17188 1.83129 -55.8801
      vertex 9.46138 5.46253 -54.924
      vertex 10.0934 4.18084 -54.924
    endloop
  endfacet
  facet normal 0.108755 0.0726671 -0.991409
    outer loop
      vertex 3.17188 1.83129 -55.8801
      vertex 2.90572 2.22963 -55.8801
      vertex 9.46138 5.46253 -54.924
    endloop
  endfacet
  facet normal 0.108755 0.0726681 -0.991409
    outer loop
      vertex 2.90572 2.22963 -55.8801
      vertex 8.66743 6.65075 -54.924
      vertex 9.46138 5.46253 -54.924
    endloop
  endfacet
  facet normal 0.098339 0.0862418 -0.991409
    outer loop
      vertex 2.90572 2.22963 -55.8801
      vertex 2.58983 2.58983 -55.8801
      vertex 8.66743 6.65075 -54.924
    endloop
  endfacet
  facet normal 0.0983393 0.0862413 -0.991409
    outer loop
      vertex 2.58983 2.58983 -55.8801
      vertex 7.72518 7.72518 -54.924
      vertex 8.66743 6.65075 -54.924
    endloop
  endfacet
  facet normal 0.0862417 0.0983389 -0.991409
    outer loop
      vertex 2.58983 2.58983 -55.8801
      vertex 2.22963 2.90572 -55.8801
      vertex 7.72518 7.72518 -54.924
    endloop
  endfacet
  facet normal 0.0862413 0.0983394 -0.991409
    outer loop
      vertex 2.22963 2.90572 -55.8801
      vertex 6.65075 8.66743 -54.924
      vertex 7.72518 7.72518 -54.924
    endloop
  endfacet
  facet normal 0.0726672 0.108755 -0.991409
    outer loop
      vertex 2.22963 2.90572 -55.8801
      vertex 1.83129 3.17188 -55.8801
      vertex 6.65075 8.66743 -54.924
    endloop
  endfacet
  facet normal 0.072668 0.108754 -0.991409
    outer loop
      vertex 1.83129 3.17188 -55.8801
      vertex 5.46253 9.46138 -54.924
      vertex 6.65075 8.66743 -54.924
    endloop
  endfacet
  facet normal 0.0578517 0.117309 -0.991409
    outer loop
      vertex 1.83129 3.17188 -55.8801
      vertex 1.40161 3.38378 -55.8801
      vertex 5.46253 9.46138 -54.924
    endloop
  endfacet
  facet normal 0.0578479 0.117311 -0.991409
    outer loop
      vertex 1.40161 3.38378 -55.8801
      vertex 4.18084 10.0934 -54.924
      vertex 5.46253 9.46138 -54.924
    endloop
  endfacet
  facet normal 0.0420442 0.123857 -0.991409
    outer loop
      vertex 1.40161 3.38378 -55.8801
      vertex 0.947944 3.53778 -55.8801
      vertex 4.18084 10.0934 -54.924
    endloop
  endfacet
  facet normal 0.0420471 0.123856 -0.991409
    outer loop
      vertex 0.947944 3.53778 -55.8801
      vertex 2.82761 10.5528 -54.924
      vertex 4.18084 10.0934 -54.924
    endloop
  endfacet
  facet normal 0.0255161 0.128285 -0.991409
    outer loop
      vertex 0.947944 3.53778 -55.8801
      vertex 0.478062 3.63124 -55.8801
      vertex 2.82761 10.5528 -54.924
    endloop
  endfacet
  facet normal 0.0255178 0.128285 -0.991409
    outer loop
      vertex 0.478062 3.63124 -55.8801
      vertex 1.42601 10.8316 -54.924
      vertex 2.82761 10.5528 -54.924
    endloop
  endfacet
  facet normal 0.00855627 0.130518 -0.991409
    outer loop
      vertex 0.478062 3.63124 -55.8801
      vertex 0 3.66258 -55.8801
      vertex 1.42601 10.8316 -54.924
    endloop
  endfacet
  facet normal 0.00855772 0.130518 -0.991409
    outer loop
      vertex 0 3.66258 -55.8801
      vertex 0 10.9251 -54.924
      vertex 1.42601 10.8316 -54.924
    endloop
  endfacet
  facet normal -0.00855625 0.130518 -0.991409
    outer loop
      vertex 0 3.66258 -55.8801
      vertex -0.478062 3.63124 -55.8801
      vertex 0 10.9251 -54.924
    endloop
  endfacet
  facet normal -0.00855772 0.130518 -0.991409
    outer loop
      vertex -0.478062 3.63124 -55.8801
      vertex -1.42601 10.8316 -54.924
      vertex 0 10.9251 -54.924
    endloop
  endfacet
  facet normal -0.025516 0.128285 -0.991409
    outer loop
      vertex -0.478062 3.63124 -55.8801
      vertex -0.947944 3.53778 -55.8801
      vertex -1.42601 10.8316 -54.924
    endloop
  endfacet
  facet normal -0.0255179 0.128285 -0.991409
    outer loop
      vertex -0.947944 3.53778 -55.8801
      vertex -2.82761 10.5528 -54.924
      vertex -1.42601 10.8316 -54.924
    endloop
  endfacet
  facet normal -0.042044 0.123857 -0.991409
    outer loop
      vertex -0.947944 3.53778 -55.8801
      vertex -1.40161 3.38378 -55.8801
      vertex -2.82761 10.5528 -54.924
    endloop
  endfacet
  facet normal -0.0420472 0.123856 -0.991409
    outer loop
      vertex -1.40161 3.38378 -55.8801
      vertex -4.18084 10.0934 -54.924
      vertex -2.82761 10.5528 -54.924
    endloop
  endfacet
  facet normal -0.0578521 0.117309 -0.991409
    outer loop
      vertex -1.40161 3.38378 -55.8801
      vertex -1.83129 3.17188 -55.8801
      vertex -4.18084 10.0934 -54.924
    endloop
  endfacet
  facet normal -0.0578477 0.117311 -0.991409
    outer loop
      vertex -1.83129 3.17188 -55.8801
      vertex -5.46253 9.46138 -54.924
      vertex -4.18084 10.0934 -54.924
    endloop
  endfacet
  facet normal -0.0726671 0.108755 -0.991409
    outer loop
      vertex -1.83129 3.17188 -55.8801
      vertex -2.22963 2.90572 -55.8801
      vertex -5.46253 9.46138 -54.924
    endloop
  endfacet
  facet normal -0.0726681 0.108755 -0.991409
    outer loop
      vertex -2.22963 2.90572 -55.8801
      vertex -6.65075 8.66743 -54.924
      vertex -5.46253 9.46138 -54.924
    endloop
  endfacet
  facet normal -0.0862418 0.098339 -0.991409
    outer loop
      vertex -2.22963 2.90572 -55.8801
      vertex -2.58983 2.58983 -55.8801
      vertex -6.65075 8.66743 -54.924
    endloop
  endfacet
  facet normal -0.0862413 0.0983393 -0.991409
    outer loop
      vertex -2.58983 2.58983 -55.8801
      vertex -7.72518 7.72518 -54.924
      vertex -6.65075 8.66743 -54.924
    endloop
  endfacet
  facet normal -0.0983389 0.0862417 -0.991409
    outer loop
      vertex -2.58983 2.58983 -55.8801
      vertex -2.90572 2.22963 -55.8801
      vertex -7.72518 7.72518 -54.924
    endloop
  endfacet
  facet normal -0.0983394 0.0862413 -0.991409
    outer loop
      vertex -2.90572 2.22963 -55.8801
      vertex -8.66743 6.65075 -54.924
      vertex -7.72518 7.72518 -54.924
    endloop
  endfacet
  facet normal -0.108755 0.0726672 -0.991409
    outer loop
      vertex -2.90572 2.22963 -55.8801
      vertex -3.17188 1.83129 -55.8801
      vertex -8.66743 6.65075 -54.924
    endloop
  endfacet
  facet normal -0.108754 0.072668 -0.991409
    outer loop
      vertex -3.17188 1.83129 -55.8801
      vertex -9.46138 5.46253 -54.924
      vertex -8.66743 6.65075 -54.924
    endloop
  endfacet
  facet normal -0.117309 0.0578517 -0.991409
    outer loop
      vertex -3.17188 1.83129 -55.8801
      vertex -3.38378 1.40161 -55.8801
      vertex -9.46138 5.46253 -54.924
    endloop
  endfacet
  facet normal -0.117311 0.0578479 -0.991409
    outer loop
      vertex -3.38378 1.40161 -55.8801
      vertex -10.0934 4.18084 -54.924
      vertex -9.46138 5.46253 -54.924
    endloop
  endfacet
  facet normal -0.123857 0.0420442 -0.991409
    outer loop
      vertex -3.38378 1.40161 -55.8801
      vertex -3.53778 0.947944 -55.8801
      vertex -10.0934 4.18084 -54.924
    endloop
  endfacet
  facet normal -0.123856 0.0420471 -0.991409
    outer loop
      vertex -3.53778 0.947944 -55.8801
      vertex -10.5528 2.82761 -54.924
      vertex -10.0934 4.18084 -54.924
    endloop
  endfacet
  facet normal -0.128285 0.0255161 -0.991409
    outer loop
      vertex -3.53778 0.947944 -55.8801
      vertex -3.63124 0.478062 -55.8801
      vertex -10.5528 2.82761 -54.924
    endloop
  endfacet
  facet normal -0.128285 0.0255178 -0.991409
    outer loop
      vertex -3.63124 0.478062 -55.8801
      vertex -10.8316 1.42601 -54.924
      vertex -10.5528 2.82761 -54.924
    endloop
  endfacet
  facet normal -0.130518 0.00855627 -0.991409
    outer loop
      vertex -3.63124 0.478062 -55.8801
      vertex -3.66258 -0 -55.8801
      vertex -10.8316 1.42601 -54.924
    endloop
  endfacet
  facet normal -0.130518 0.00855772 -0.991409
    outer loop
      vertex -3.66258 -0 -55.8801
      vertex -10.9251 -0 -54.924
      vertex -10.8316 1.42601 -54.924
    endloop
  endfacet
  facet normal -0.130518 -0.00855625 -0.991409
    outer loop
      vertex -3.66258 -0 -55.8801
      vertex -3.63124 -0.478062 -55.8801
      vertex -10.9251 -0 -54.924
    endloop
  endfacet
  facet normal -0.130518 -0.00855772 -0.991409
    outer loop
      vertex -3.63124 -0.478062 -55.8801
      vertex -10.8316 -1.42601 -54.924
      vertex -10.9251 -0 -54.924
    endloop
  endfacet
  facet normal -0.128285 -0.025516 -0.991409
    outer loop
      vertex -3.63124 -0.478062 -55.8801
      vertex -3.53778 -0.947944 -55.8801
      vertex -10.8316 -1.42601 -54.924
    endloop
  endfacet
  facet normal -0.128285 -0.0255179 -0.991409
    outer loop
      vertex -3.53778 -0.947944 -55.8801
      vertex -10.5528 -2.82761 -54.924
      vertex -10.8316 -1.42601 -54.924
    endloop
  endfacet
  facet normal -0.123857 -0.042044 -0.991409
    outer loop
      vertex -3.53778 -0.947944 -55.8801
      vertex -3.38378 -1.40161 -55.8801
      vertex -10.5528 -2.82761 -54.924
    endloop
  endfacet
  facet normal -0.123856 -0.0420472 -0.991409
    outer loop
      vertex -3.38378 -1.40161 -55.8801
      vertex -10.0934 -4.18084 -54.924
      vertex -10.5528 -2.82761 -54.924
    endloop
  endfacet
  facet normal -0.117309 -0.0578521 -0.991409
    outer loop
      vertex -3.38378 -1.40161 -55.8801
      vertex -3.17188 -1.83129 -55.8801
      vertex -10.0934 -4.18084 -54.924
    endloop
  endfacet
  facet normal -0.117311 -0.0578477 -0.991409
    outer loop
      vertex -3.17188 -1.83129 -55.8801
      vertex -9.46138 -5.46253 -54.924
      vertex -10.0934 -4.18084 -54.924
    endloop
  endfacet
  facet normal -0.108755 -0.0726671 -0.991409
    outer loop
      vertex -3.17188 -1.83129 -55.8801
      vertex -2.90572 -2.22963 -55.8801
      vertex -9.46138 -5.46253 -54.924
    endloop
  endfacet
  facet normal -0.108755 -0.0726681 -0.991409
    outer loop
      vertex -2.90572 -2.22963 -55.8801
      vertex -8.66743 -6.65075 -54.924
      vertex -9.46138 -5.46253 -54.924
    endloop
  endfacet
  facet normal -0.098339 -0.0862418 -0.991409
    outer loop
      vertex -2.90572 -2.22963 -55.8801
      vertex -2.58983 -2.58983 -55.8801
      vertex -8.66743 -6.65075 -54.924
    endloop
  endfacet
  facet normal -0.0983393 -0.0862413 -0.991409
    outer loop
      vertex -2.58983 -2.58983 -55.8801
      vertex -7.72518 -7.72518 -54.924
      vertex -8.66743 -6.65075 -54.924
    endloop
  endfacet
  facet normal -0.0862417 -0.0983389 -0.991409
    outer loop
      vertex -2.58983 -2.58983 -55.8801
      vertex -2.22963 -2.90572 -55.8801
      vertex -7.72518 -7.72518 -54.924
    endloop
  endfacet
  facet normal -0.0862413 -0.0983394 -0.991409
    outer loop
      vertex -2.22963 -2.90572 -55.8801
      vertex -6.65075 -8.66743 -54.924
      vertex -7.72518 -7.72518 -54.924
    endloop
  endfacet
  facet normal -0.0726672 -0.108755 -0.991409
    outer loop
      vertex -2.22963 -2.90572 -55.8801
      vertex -1.83129 -3.17188 -55.8801
      vertex -6.65075 -8.66743 -54.924
    endloop
  endfacet
  facet normal -0.072668 -0.108754 -0.991409
    outer loop
      vertex -1.83129 -3.17188 -55.8801
      vertex -5.46253 -9.46138 -54.924
      vertex -6.65075 -8.66743 -54.924
    endloop
  endfacet
  facet normal -0.0578517 -0.117309 -0.991409
    outer loop
      vertex -1.83129 -3.17188 -55.8801
      vertex -1.40161 -3.38378 -55.8801
      vertex -5.46253 -9.46138 -54.924
    endloop
  endfacet
  facet normal -0.0578479 -0.117311 -0.991409
    outer loop
      vertex -1.40161 -3.38378 -55.8801
      vertex -4.18084 -10.0934 -54.924
      vertex -5.46253 -9.46138 -54.924
    endloop
  endfacet
  facet normal -0.0420442 -0.123857 -0.991409
    outer loop
      vertex -1.40161 -3.38378 -55.8801
      vertex -0.947944 -3.53778 -55.8801
      vertex -4.18084 -10.0934 -54.924
    endloop
  endfacet
  facet normal -0.0420471 -0.123856 -0.991409
    outer loop
      vertex -0.947944 -3.53778 -55.8801
      vertex -2.82761 -10.5528 -54.924
      vertex -4.18084 -10.0934 -54.924
    endloop
  endfacet
  facet normal -0.0255161 -0.128285 -0.991409
    outer loop
      vertex -0.947944 -3.53778 -55.8801
      vertex -0.478062 -3.63124 -55.8801
      vertex -2.82761 -10.5528 -54.924
    endloop
  endfacet
  facet normal -0.0255178 -0.128285 -0.991409
    outer loop
      vertex -0.478062 -3.63124 -55.8801
      vertex -1.42601 -10.8316 -54.924
      vertex -2.82761 -10.5528 -54.924
    endloop
  endfacet
  facet normal -0.00855627 -0.130518 -0.991409
    outer loop
      vertex -0.478062 -3.63124 -55.8801
      vertex -0 -3.66258 -55.8801
      vertex -1.42601 -10.8316 -54.924
    endloop
  endfacet
  facet normal -0.00855772 -0.130518 -0.991409
    outer loop
      vertex -0 -3.66258 -55.8801
      vertex -0 -10.9251 -54.924
      vertex -1.42601 -10.8316 -54.924
    endloop
  endfacet
  facet normal 0.00855625 -0.130518 -0.991409
    outer loop
      vertex -0 -3.66258 -55.8801
      vertex 0.478062 -3.63124 -55.8801
      vertex -0 -10.9251 -54.924
    endloop
  endfacet
  facet normal 0.00855772 -0.130518 -0.991409
    outer loop
      vertex 0.478062 -3.63124 -55.8801
      vertex 1.42601 -10.8316 -54.924
      vertex -0 -10.9251 -54.924
    endloop
  endfacet
  facet normal 0.025516 -0.128285 -0.991409
    outer loop
      vertex 0.478062 -3.63124 -55.8801
      vertex 0.947944 -3.53778 -55.8801
      vertex 1.42601 -10.8316 -54.924
    endloop
  endfacet
  facet normal 0.0255179 -0.128285 -0.991409
    outer loop
      vertex 0.947944 -3.53778 -55.8801
      vertex 2.82761 -10.5528 -54.924
      vertex 1.42601 -10.8316 -54.924
    endloop
  endfacet
  facet normal 0.042044 -0.123857 -0.991409
    outer loop
      vertex 0.947944 -3.53778 -55.8801
      vertex 1.40161 -3.38378 -55.8801
      vertex 2.82761 -10.5528 -54.924
    endloop
  endfacet
  facet normal 0.0420472 -0.123856 -0.991409
    outer loop
      vertex 1.40161 -3.38378 -55.8801
      vertex 4.18084 -10.0934 -54.924
      vertex 2.82761 -10.5528 -54.924
    endloop
  endfacet
  facet normal 0.0578521 -0.117309 -0.991409
    outer loop
      vertex 1.40161 -3.38378 -55.8801
      vertex 1.83129 -3.17188 -55.8801
      vertex 4.18084 -10.0934 -54.924
    endloop
  endfacet
  facet normal 0.0578477 -0.117311 -0.991409
    outer loop
      vertex 1.83129 -3.17188 -55.8801
      vertex 5.46253 -9.46138 -54.924
      vertex 4.18084 -10.0934 -54.924
    endloop
  endfacet
  facet normal 0.0726671 -0.108755 -0.991409
    outer loop
      vertex 1.83129 -3.17188 -55.8801
      vertex 2.22963 -2.90572 -55.8801
      vertex 5.46253 -9.46138 -54.924
    endloop
  endfacet
  facet normal 0.0726681 -0.108755 -0.991409
    outer loop
      vertex 2.22963 -2.90572 -55.8801
      vertex 6.65075 -8.66743 -54.924
      vertex 5.46253 -9.46138 -54.924
    endloop
  endfacet
  facet normal 0.0862418 -0.098339 -0.991409
    outer loop
      vertex 2.22963 -2.90572 -55.8801
      vertex 2.58983 -2.58983 -55.8801
      vertex 6.65075 -8.66743 -54.924
    endloop
  endfacet
  facet normal 0.0862413 -0.0983393 -0.991409
    outer loop
      vertex 2.58983 -2.58983 -55.8801
      vertex 7.72518 -7.72518 -54.924
      vertex 6.65075 -8.66743 -54.924
    endloop
  endfacet
  facet normal 0.0983389 -0.0862417 -0.991409
    outer loop
      vertex 2.58983 -2.58983 -55.8801
      vertex 2.90572 -2.22963 -55.8801
      vertex 7.72518 -7.72518 -54.924
    endloop
  endfacet
  facet normal 0.0983394 -0.0862413 -0.991409
    outer loop
      vertex 2.90572 -2.22963 -55.8801
      vertex 8.66743 -6.65075 -54.924
      vertex 7.72518 -7.72518 -54.924
    endloop
  endfacet
  facet normal 0.108755 -0.0726672 -0.991409
    outer loop
      vertex 2.90572 -2.22963 -55.8801
      vertex 3.17188 -1.83129 -55.8801
      vertex 8.66743 -6.65075 -54.924
    endloop
  endfacet
  facet normal 0.108754 -0.072668 -0.991409
    outer loop
      vertex 3.17188 -1.83129 -55.8801
      vertex 9.46138 -5.46253 -54.924
      vertex 8.66743 -6.65075 -54.924
    endloop
  endfacet
  facet normal 0.117309 -0.0578517 -0.991409
    outer loop
      vertex 3.17188 -1.83129 -55.8801
      vertex 3.38378 -1.40161 -55.8801
      vertex 9.46138 -5.46253 -54.924
    endloop
  endfacet
  facet normal 0.117311 -0.0578479 -0.991409
    outer loop
      vertex 3.38378 -1.40161 -55.8801
      vertex 10.0934 -4.18084 -54.924
      vertex 9.46138 -5.46253 -54.924
    endloop
  endfacet
  facet normal 0.123857 -0.0420442 -0.991409
    outer loop
      vertex 3.38378 -1.40161 -55.8801
      vertex 3.53778 -0.947944 -55.8801
      vertex 10.0934 -4.18084 -54.924
    endloop
  endfacet
  facet normal 0.123856 -0.0420471 -0.991409
    outer loop
      vertex 3.53778 -0.947944 -55.8801
      vertex 10.5528 -2.82761 -54.924
      vertex 10.0934 -4.18084 -54.924
    endloop
  endfacet
  facet normal 0.128285 -0.0255161 -0.991409
    outer loop
      vertex 3.53778 -0.947944 -55.8801
      vertex 3.63124 -0.478062 -55.8801
      vertex 10.5528 -2.82761 -54.924
    endloop
  endfacet
  facet normal 0.128285 -0.0255178 -0.991409
    outer loop
      vertex 3.63124 -0.478062 -55.8801
      vertex 10.8316 -1.42601 -54.924
      vertex 10.5528 -2.82761 -54.924
    endloop
  endfacet
  facet normal 0.130518 -0.00855627 -0.991409
    outer loop
      vertex 3.63124 -0.478062 -55.8801
      vertex 3.66258 0 -55.8801
      vertex 10.8316 -1.42601 -54.924
    endloop
  endfacet
  facet normal 0.130518 -0.00855772 -0.991409
    outer loop
      vertex 3.66258 0 -55.8801
      vertex 10.9251 0 -54.924
      vertex 10.8316 -1.42601 -54.924
    endloop
  endfacet
  facet normal 0 0 -1
    outer loop
      vertex 3.63124 -0.478062 -55.8801
      vertex 3.63124 0.478062 -55.8801
      vertex 3.66258 0 -55.8801
    endloop
  endfacet
  facet normal 0 0 -1
    outer loop
      vertex 3.53778 -0.947944 -55.8801
      vertex 3.63124 0.478062 -55.8801
      vertex 3.63124 -0.478062 -55.8801
    endloop
  endfacet
  facet normal 0 0 -1
    outer loop
      vertex 3.53778 -0.947944 -55.8801
      vertex 3.53778 0.947944 -55.8801
      vertex 3.63124 0.478062 -55.8801
    endloop
  endfacet
  facet normal 0 0 -1
    outer loop
      vertex 3.38378 -1.40161 -55.8801
      vertex 3.53778 0.947944 -55.8801
      vertex 3.53778 -0.947944 -55.8801
    endloop
  endfacet
  facet normal 0 0 -1
    outer loop
      vertex 3.38378 -1.40161 -55.8801
      vertex 3.38378 1.40161 -55.8801
      vertex 3.53778 0.947944 -55.8801
    endloop
  endfacet
  facet normal 0 0 -1
    outer loop
      vertex 3.17188 -1.83129 -55.8801
      vertex 3.38378 1.40161 -55.8801
      vertex 3.38378 -1.40161 -55.8801
    endloop
  endfacet
  facet normal 0 0 -1
    outer loop
      vertex 3.17188 -1.83129 -55.8801
      vertex 3.17188 1.83129 -55.8801
      vertex 3.38378 1.40161 -55.8801
    endloop
  endfacet
  facet normal 0 0 -1
    outer loop
      vertex 2.90572 -2.22963 -55.8801
      vertex 3.17188 1.83129 -55.8801
      vertex 3.17188 -1.83129 -55.8801
    endloop
  endfacet
  facet normal 0 0 -1
    outer loop
      vertex 2.90572 -2.22963 -55.8801
      vertex 2.90572 2.22963 -55.8801
      vertex 3.17188 1.83129 -55.8801
    endloop
  endfacet
  facet normal 0 0 -1
    outer loop
      vertex 2.58983 -2.58983 -55.8801
      vertex 2.90572 2.22963 -55.8801
      vertex 2.90572 -2.22963 -55.8801
    endloop
  endfacet
  facet normal 0 0 -1
    outer loop
      vertex 2.58983 -2.58983 -55.8801
      vertex 2.58983 2.58983 -55.8801
      vertex 2.90572 2.22963 -55.8801
    endloop
  endfacet
  facet normal 0 0 -1
    outer loop
      vertex 2.22963 -2.90572 -55.8801
      vertex 2.58983 2.58983 -55.8801
      vertex 2.58983 -2.58983 -55.8801
    endloop
  endfacet
  facet normal 0 0 -1
    outer loop
      vertex 2.22963 -2.90572 -55.8801
      vertex 2.22963 2.90572 -55.8801
      vertex 2.58983 2.58983 -55.8801
    endloop
  endfacet
  facet normal 0 0 -1
    outer loop
      vertex 1.83129 -3.17188 -55.8801
      vertex 2.22963 2.90572 -55.8801
      vertex 2.22963 -2.90572 -55.8801
    endloop
  endfacet
  facet normal 0 0 -1
    outer loop
      vertex 1.83129 -3.17188 -55.8801
      vertex 1.83129 3.17188 -55.8801
      vertex 2.22963 2.90572 -55.8801
    endloop
  endfacet
  facet normal 0 0 -1
    outer loop
      vertex 1.40161 -3.38378 -55.8801
      vertex 1.83129 3.17188 -55.8801
      vertex 1.83129 -3.17188 -55.8801
    endloop
  endfacet
  facet normal 0 0 -1
    outer loop
      vertex 1.40161 -3.38378 -55.8801
      vertex 1.40161 3.38378 -55.8801
      vertex 1.83129 3.17188 -55.8801
    endloop
  endfacet
  facet normal 0 0 -1
    outer loop
      vertex 0.947944 -3.53778 -55.8801
      vertex 1.40161 3.38378 -55.8801
      vertex 1.40161 -3.38378 -55.8801
    endloop
  endfacet
  facet normal 0 0 -1
    outer loop
      vertex 0.947944 -3.53778 -55.8801
      vertex 0.947944 3.53778 -55.8801
      vertex 1.40161 3.38378 -55.8801
    endloop
  endfacet
  facet normal 0 0 -1
    outer loop
      vertex 0.478062 -3.63124 -55.8801
      vertex 0.947944 3.53778 -55.8801
      vertex 0.947944 -3.53778 -55.8801
    endloop
  endfacet
  facet normal 0 0 -1
    outer loop
      vertex 0.478062 -3.63124 -55.8801
      vertex 0.478062 3.63124 -55.8801
      vertex 0.947944 3.53778 -55.8801
    endloop
  endfacet
  facet normal 0 0 -1
    outer loop
      vertex -0 -3.66258 -55.8801
      vertex 0.478062 3.63124 -55.8801
      vertex 0.478062 -3.63124 -55.8801
    endloop
  endfacet
  facet normal 0 0 -1
    outer loop
      vertex -0 -3.66258 -55.8801
      vertex 0 3.66258 -55.8801
      vertex 0.478062 3.63124 -55.8801
    endloop
  endfacet
  facet normal 0 0 -1
    outer loop
      vertex -0.478062 -3.63124 -55.8801
      vertex 0 3.66258 -55.8801
      vertex -0 -3.66258 -55.8801
    endloop
  endfacet
  facet normal 0 0 -1
    outer loop
      vertex -0.478062 -3.63124 -55.8801
      vertex -0.478062 3.63124 -55.8801
      vertex 0 3.66258 -55.8801
    endloop
  endfacet
  facet normal 0 0 -1
    outer loop
      vertex -0.947944 -3.53778 -55.8801
      vertex -0.478062 3.63124 -55.8801
      vertex -0.478062 -3.63124 -55.8801
    endloop
  endfacet
  facet normal 0 0 -1
    outer loop
      vertex -0.947944 -3.53778 -55.8801
      vertex -0.947944 3.53778 -55.8801
      vertex -0.478062 3.63124 -55.8801
    endloop
  endfacet
  facet normal 0 0 -1
    outer loop
      vertex -1.40161 -3.38378 -55.8801
      vertex -0.947944 3.53778 -55.8801
      vertex -0.947944 -3.53778 -55.8801
    endloop
  endfacet
  facet normal 0 0 -1
    outer loop
      vertex -1.40161 -3.38378 -55.8801
      vertex -1.40161 3.38378 -55.8801
      vertex -0.947944 3.53778 -55.8801
    endloop
  endfacet
  facet normal 0 0 -1
    outer loop
      vertex -1.83129 -3.17188 -55.8801
      vertex -1.40161 3.38378 -55.8801
      vertex -1.40161 -3.38378 -55.8801
    endloop
  endfacet
  facet normal 0 0 -1
    outer loop
      vertex -1.83129 -3.17188 -55.8801
      vertex -1.83129 3.17188 -55.8801
      vertex -1.40161 3.38378 -55.8801
    endloop
  endfacet
  facet normal 0 0 -1
    outer loop
      vertex -2.22963 -2.90572 -55.8801
      vertex -1.83129 3.17188 -55.8801
      vertex -1.83129 -3.17188 -55.8801
    endloop
  endfacet
  facet normal 0 0 -1
    outer loop
      vertex -2.22963 -2.90572 -55.8801
      vertex -2.22963 2.90572 -55.8801
      vertex -1.83129 3.17188 -55.8801
    endloop
  endfacet
  facet normal 0 0 -1
    outer loop
      vertex -2.58983 -2.58983 -55.8801
      vertex -2.22963 2.90572 -55.8801
      vertex -2.22963 -2.90572 -55.8801
    endloop
  endfacet
  facet normal 0 0 -1
    outer loop
      vertex -2.58983 -2.58983 -55.8801
      vertex -2.58983 2.58983 -55.8801
      vertex -2.22963 2.90572 -55.8801
    endloop
  endfacet
  facet normal 0 0 -1
    outer loop
      vertex -2.90572 -2.22963 -55.8801
      vertex -2.58983 2.58983 -55.8801
      vertex -2.58983 -2.58983 -55.8801
    endloop
  endfacet
  facet normal 0 0 -1
    outer loop
      vertex -2.90572 -2.22963 -55.8801
      vertex -2.90572 2.22963 -55.8801
      vertex -2.58983 2.58983 -55.8801
    endloop
  endfacet
  facet normal 0 0 -1
    outer loop
      vertex -3.17188 -1.83129 -55.8801
      vertex -2.90572 2.22963 -55.8801
      vertex -2.90572 -2.22963 -55.8801
    endloop
  endfacet
  facet normal 0 0 -1
    outer loop
      vertex -3.17188 -1.83129 -55.8801
      vertex -3.17188 1.83129 -55.8801
      vertex -2.90572 2.22963 -55.8801
    endloop
  endfacet
  facet normal 0 0 -1
    outer loop
      vertex -3.38378 -1.40161 -55.8801
      vertex -3.17188 1.83129 -55.8801
      vertex -3.17188 -1.83129 -55.8801
    endloop
  endfacet
  facet normal 0 0 -1
    outer loop
      vertex -3.38378 -1.40161 -55.8801
      vertex -3.38378 1.40161 -55.8801
      vertex -3.17188 1.83129 -55.8801
    endloop
  endfacet
  facet normal 0 0 -1
    outer loop
      vertex -3.53778 -0.947944 -55.8801
      vertex -3.38378 1.40161 -55.8801
      vertex -3.38378 -1.40161 -55.8801
    endloop
  endfacet
  facet normal 0 0 -1
    outer loop
      vertex -3.53778 -0.947944 -55.8801
      vertex -3.53778 0.947944 -55.8801
      vertex -3.38378 1.40161 -55.8801
    endloop
  endfacet
  facet normal 0 0 -1
    outer loop
      vertex -3.63124 -0.478062 -55.8801
      vertex -3.53778 0.947944 -55.8801
      vertex -3.53778 -0.947944 -55.8801
    endloop
  endfacet
  facet normal 0 0 -1
    outer loop
      vertex -3.63124 -0.478062 -55.8801
      vertex -3.63124 0.478062 -55.8801
      vertex -3.53778 0.947944 -55.8801
    endloop
  endfacet
  facet normal 0 -0 -1
    outer loop
      vertex -3.63124 0.478062 -55.8801
      vertex -3.63124 -0.478062 -55.8801
      vertex -3.66258 -0 -55.8801
    endloop
  endfacet
endsolid OpenSCAD_Model
