solid OpenSCAD_Model
  facet normal 0 0 1
    outer loop
      vertex 1.42656 0.18781 21.9529
      vertex 1.42656 -0.18781 21.9529
      vertex 1.43887 0 21.9529
    endloop
  endfacet
  facet normal 0 0 1
    outer loop
      vertex 1.38984 0.372407 21.9529
      vertex 1.42656 -0.18781 21.9529
      vertex 1.42656 0.18781 21.9529
    endloop
  endfacet
  facet normal 0 0 1
    outer loop
      vertex 1.38984 0.372407 21.9529
      vertex 1.38984 -0.372407 21.9529
      vertex 1.42656 -0.18781 21.9529
    endloop
  endfacet
  facet normal 0 0 1
    outer loop
      vertex 1.32934 0.550631 21.9529
      vertex 1.38984 -0.372407 21.9529
      vertex 1.38984 0.372407 21.9529
    endloop
  endfacet
  facet normal 0 0 1
    outer loop
      vertex 1.32934 0.550631 21.9529
      vertex 1.32934 -0.550631 21.9529
      vertex 1.38984 -0.372407 21.9529
    endloop
  endfacet
  facet normal 0 0 1
    outer loop
      vertex 1.2461 0.719434 21.9529
      vertex 1.32934 -0.550631 21.9529
      vertex 1.32934 0.550631 21.9529
    endloop
  endfacet
  facet normal 0 0 1
    outer loop
      vertex 1.2461 0.719434 21.9529
      vertex 1.2461 -0.719434 21.9529
      vertex 1.32934 -0.550631 21.9529
    endloop
  endfacet
  facet normal 0 0 1
    outer loop
      vertex 1.14153 0.875928 21.9529
      vertex 1.2461 -0.719434 21.9529
      vertex 1.2461 0.719434 21.9529
    endloop
  endfacet
  facet normal 0 0 1
    outer loop
      vertex 1.14153 0.875928 21.9529
      vertex 1.14153 -0.875928 21.9529
      vertex 1.2461 -0.719434 21.9529
    endloop
  endfacet
  facet normal 0 0 1
    outer loop
      vertex 1.01743 1.01743 21.9529
      vertex 1.14153 -0.875928 21.9529
      vertex 1.14153 0.875928 21.9529
    endloop
  endfacet
  facet normal 0 0 1
    outer loop
      vertex 1.01743 1.01743 21.9529
      vertex 1.01743 -1.01743 21.9529
      vertex 1.14153 -0.875928 21.9529
    endloop
  endfacet
  facet normal 0 0 1
    outer loop
      vertex 0.875928 1.14153 21.9529
      vertex 1.01743 -1.01743 21.9529
      vertex 1.01743 1.01743 21.9529
    endloop
  endfacet
  facet normal 0 0 1
    outer loop
      vertex 0.875928 1.14153 21.9529
      vertex 0.875928 -1.14153 21.9529
      vertex 1.01743 -1.01743 21.9529
    endloop
  endfacet
  facet normal 0 0 1
    outer loop
      vertex 0.719434 1.2461 21.9529
      vertex 0.875928 -1.14153 21.9529
      vertex 0.875928 1.14153 21.9529
    endloop
  endfacet
  facet normal 0 0 1
    outer loop
      vertex 0.719434 1.2461 21.9529
      vertex 0.719434 -1.2461 21.9529
      vertex 0.875928 -1.14153 21.9529
    endloop
  endfacet
  facet normal 0 0 1
    outer loop
      vertex 0.550631 1.32934 21.9529
      vertex 0.719434 -1.2461 21.9529
      vertex 0.719434 1.2461 21.9529
    endloop
  endfacet
  facet normal 0 0 1
    outer loop
      vertex 0.550631 1.32934 21.9529
      vertex 0.550631 -1.32934 21.9529
      vertex 0.719434 -1.2461 21.9529
    endloop
  endfacet
  facet normal 0 0 1
    outer loop
      vertex 0.372407 1.38984 21.9529
      vertex 0.550631 -1.32934 21.9529
      vertex 0.550631 1.32934 21.9529
    endloop
  endfacet
  facet normal 0 0 1
    outer loop
      vertex 0.372407 1.38984 21.9529
      vertex 0.372407 -1.38984 21.9529
      vertex 0.550631 -1.32934 21.9529
    endloop
  endfacet
  facet normal 0 0 1
    outer loop
      vertex 0.18781 1.42656 21.9529
      vertex 0.372407 -1.38984 21.9529
      vertex 0.372407 1.38984 21.9529
    endloop
  endfacet
  facet normal 0 0 1
    outer loop
      vertex 0.18781 1.42656 21.9529
      vertex 0.18781 -1.42656 21.9529
      vertex 0.372407 -1.38984 21.9529
    endloop
  endfacet
  facet normal 0 0 1
    outer loop
      vertex 0 1.43887 21.9529
      vertex 0.18781 -1.42656 21.9529
      vertex 0.18781 1.42656 21.9529
    endloop
  endfacet
  facet normal 0 0 1
    outer loop
      vertex 0 1.43887 21.9529
      vertex -0 -1.43887 21.9529
      vertex 0.18781 -1.42656 21.9529
    endloop
  endfacet
  facet normal -0 0 1
    outer loop
      vertex -0.18781 1.42656 21.9529
      vertex -0 -1.43887 21.9529
      vertex 0 1.43887 21.9529
    endloop
  endfacet
  facet normal 0 0 1
    outer loop
      vertex -0.18781 1.42656 21.9529
      vertex -0.18781 -1.42656 21.9529
      vertex -0 -1.43887 21.9529
    endloop
  endfacet
  facet normal -0 0 1
    outer loop
      vertex -0.372407 1.38984 21.9529
      vertex -0.18781 -1.42656 21.9529
      vertex -0.18781 1.42656 21.9529
    endloop
  endfacet
  facet normal 0 0 1
    outer loop
      vertex -0.372407 1.38984 21.9529
      vertex -0.372407 -1.38984 21.9529
      vertex -0.18781 -1.42656 21.9529
    endloop
  endfacet
  facet normal -0 0 1
    outer loop
      vertex -0.550631 1.32934 21.9529
      vertex -0.372407 -1.38984 21.9529
      vertex -0.372407 1.38984 21.9529
    endloop
  endfacet
  facet normal 0 0 1
    outer loop
      vertex -0.550631 1.32934 21.9529
      vertex -0.550631 -1.32934 21.9529
      vertex -0.372407 -1.38984 21.9529
    endloop
  endfacet
  facet normal -0 0 1
    outer loop
      vertex -0.719434 1.2461 21.9529
      vertex -0.550631 -1.32934 21.9529
      vertex -0.550631 1.32934 21.9529
    endloop
  endfacet
  facet normal 0 0 1
    outer loop
      vertex -0.719434 1.2461 21.9529
      vertex -0.719434 -1.2461 21.9529
      vertex -0.550631 -1.32934 21.9529
    endloop
  endfacet
  facet normal -0 0 1
    outer loop
      vertex -0.875928 1.14153 21.9529
      vertex -0.719434 -1.2461 21.9529
      vertex -0.719434 1.2461 21.9529
    endloop
  endfacet
  facet normal 0 0 1
    outer loop
      vertex -0.875928 1.14153 21.9529
      vertex -0.875928 -1.14153 21.9529
      vertex -0.719434 -1.2461 21.9529
    endloop
  endfacet
  facet normal -0 0 1
    outer loop
      vertex -1.01743 1.01743 21.9529
      vertex -0.875928 -1.14153 21.9529
      vertex -0.875928 1.14153 21.9529
    endloop
  endfacet
  facet normal 0 0 1
    outer loop
      vertex -1.01743 1.01743 21.9529
      vertex -1.01743 -1.01743 21.9529
      vertex -0.875928 -1.14153 21.9529
    endloop
  endfacet
  facet normal -0 0 1
    outer loop
      vertex -1.14153 0.875928 21.9529
      vertex -1.01743 -1.01743 21.9529
      vertex -1.01743 1.01743 21.9529
    endloop
  endfacet
  facet normal 0 0 1
    outer loop
      vertex -1.14153 0.875928 21.9529
      vertex -1.14153 -0.875928 21.9529
      vertex -1.01743 -1.01743 21.9529
    endloop
  endfacet
  facet normal -0 0 1
    outer loop
      vertex -1.2461 0.719434 21.9529
      vertex -1.14153 -0.875928 21.9529
      vertex -1.14153 0.875928 21.9529
    endloop
  endfacet
  facet normal 0 0 1
    outer loop
      vertex -1.2461 0.719434 21.9529
      vertex -1.2461 -0.719434 21.9529
      vertex -1.14153 -0.875928 21.9529
    endloop
  endfacet
  facet normal -0 0 1
    outer loop
      vertex -1.32934 0.550631 21.9529
      vertex -1.2461 -0.719434 21.9529
      vertex -1.2461 0.719434 21.9529
    endloop
  endfacet
  facet normal 0 0 1
    outer loop
      vertex -1.32934 0.550631 21.9529
      vertex -1.32934 -0.550631 21.9529
      vertex -1.2461 -0.719434 21.9529
    endloop
  endfacet
  facet normal -0 0 1
    outer loop
      vertex -1.38984 0.372407 21.9529
      vertex -1.32934 -0.550631 21.9529
      vertex -1.32934 0.550631 21.9529
    endloop
  endfacet
  facet normal 0 0 1
    outer loop
      vertex -1.38984 0.372407 21.9529
      vertex -1.38984 -0.372407 21.9529
      vertex -1.32934 -0.550631 21.9529
    endloop
  endfacet
  facet normal -0 0 1
    outer loop
      vertex -1.42656 0.18781 21.9529
      vertex -1.38984 -0.372407 21.9529
      vertex -1.38984 0.372407 21.9529
    endloop
  endfacet
  facet normal 0 0 1
    outer loop
      vertex -1.42656 0.18781 21.9529
      vertex -1.42656 -0.18781 21.9529
      vertex -1.38984 -0.372407 21.9529
    endloop
  endfacet
  facet normal 0 -0 1
    outer loop
      vertex -1.42656 -0.18781 21.9529
      vertex -1.42656 0.18781 21.9529
      vertex -1.43887 -0 21.9529
    endloop
  endfacet
  facet normal 0.130514 0.0085547 0.991409
    outer loop
      vertex 4.29199 0 21.5773
      vertex 4.25527 0.560217 21.5773
      vertex 1.43887 0 21.9529
    endloop
  endfacet
  facet normal 0.130514 0.00855457 0.991409
    outer loop
      vertex 4.25527 0.560217 21.5773
      vertex 1.42656 0.18781 21.9529
      vertex 1.43887 0 21.9529
    endloop
  endfacet
  facet normal 0.128281 0.0255173 0.991409
    outer loop
      vertex 4.25527 0.560217 21.5773
      vertex 4.14574 1.11085 21.5773
      vertex 1.42656 0.18781 21.9529
    endloop
  endfacet
  facet normal 0.128281 0.0255177 0.991409
    outer loop
      vertex 4.14574 1.11085 21.5773
      vertex 1.38984 0.372407 21.9529
      vertex 1.42656 0.18781 21.9529
    endloop
  endfacet
  facet normal 0.123853 0.0420424 0.991409
    outer loop
      vertex 4.14574 1.11085 21.5773
      vertex 3.96528 1.64247 21.5773
      vertex 1.38984 0.372407 21.9529
    endloop
  endfacet
  facet normal 0.123853 0.0420432 0.99141
    outer loop
      vertex 3.96528 1.64247 21.5773
      vertex 1.32934 0.550631 21.9529
      vertex 1.38984 0.372407 21.9529
    endloop
  endfacet
  facet normal 0.117306 0.0578492 0.991409
    outer loop
      vertex 3.96528 1.64247 21.5773
      vertex 3.71697 2.14599 21.5773
      vertex 1.32934 0.550631 21.9529
    endloop
  endfacet
  facet normal 0.117308 0.0578466 0.991409
    outer loop
      vertex 3.71697 2.14599 21.5773
      vertex 1.2461 0.719434 21.9529
      vertex 1.32934 0.550631 21.9529
    endloop
  endfacet
  facet normal 0.108752 0.0726653 0.991409
    outer loop
      vertex 3.71697 2.14599 21.5773
      vertex 3.40506 2.6128 21.5773
      vertex 1.2461 0.719434 21.9529
    endloop
  endfacet
  facet normal 0.10875 0.0726674 0.99141
    outer loop
      vertex 3.40506 2.6128 21.5773
      vertex 1.14153 0.875928 21.9529
      vertex 1.2461 0.719434 21.9529
    endloop
  endfacet
  facet normal 0.0983358 0.0862398 0.991409
    outer loop
      vertex 3.40506 2.6128 21.5773
      vertex 3.03489 3.03489 21.5773
      vertex 1.14153 0.875928 21.9529
    endloop
  endfacet
  facet normal 0.0983343 0.0862411 0.99141
    outer loop
      vertex 3.03489 3.03489 21.5773
      vertex 1.01743 1.01743 21.9529
      vertex 1.14153 0.875928 21.9529
    endloop
  endfacet
  facet normal 0.0862397 0.0983357 0.99141
    outer loop
      vertex 3.03489 3.03489 21.5773
      vertex 2.6128 3.40506 21.5773
      vertex 1.01743 1.01743 21.9529
    endloop
  endfacet
  facet normal 0.0862413 0.0983346 0.991409
    outer loop
      vertex 2.6128 3.40506 21.5773
      vertex 0.875928 1.14153 21.9529
      vertex 1.01743 1.01743 21.9529
    endloop
  endfacet
  facet normal 0.0726652 0.108752 0.991409
    outer loop
      vertex 2.6128 3.40506 21.5773
      vertex 2.14599 3.71697 21.5773
      vertex 0.875928 1.14153 21.9529
    endloop
  endfacet
  facet normal 0.0726677 0.108751 0.991409
    outer loop
      vertex 2.14599 3.71697 21.5773
      vertex 0.719434 1.2461 21.9529
      vertex 0.875928 1.14153 21.9529
    endloop
  endfacet
  facet normal 0.0578493 0.117306 0.991409
    outer loop
      vertex 2.14599 3.71697 21.5773
      vertex 1.64247 3.96528 21.5773
      vertex 0.719434 1.2461 21.9529
    endloop
  endfacet
  facet normal 0.0578464 0.117307 0.99141
    outer loop
      vertex 1.64247 3.96528 21.5773
      vertex 0.550631 1.32934 21.9529
      vertex 0.719434 1.2461 21.9529
    endloop
  endfacet
  facet normal 0.0420424 0.123853 0.991409
    outer loop
      vertex 1.64247 3.96528 21.5773
      vertex 1.11085 4.14574 21.5773
      vertex 0.550631 1.32934 21.9529
    endloop
  endfacet
  facet normal 0.0420432 0.123853 0.991409
    outer loop
      vertex 1.11085 4.14574 21.5773
      vertex 0.372407 1.38984 21.9529
      vertex 0.550631 1.32934 21.9529
    endloop
  endfacet
  facet normal 0.0255173 0.128281 0.991409
    outer loop
      vertex 1.11085 4.14574 21.5773
      vertex 0.560217 4.25527 21.5773
      vertex 0.372407 1.38984 21.9529
    endloop
  endfacet
  facet normal 0.0255177 0.128281 0.991409
    outer loop
      vertex 0.560217 4.25527 21.5773
      vertex 0.18781 1.42656 21.9529
      vertex 0.372407 1.38984 21.9529
    endloop
  endfacet
  facet normal 0.00855471 0.130514 0.991409
    outer loop
      vertex 0.560217 4.25527 21.5773
      vertex 0 4.29199 21.5773
      vertex 0.18781 1.42656 21.9529
    endloop
  endfacet
  facet normal 0.00855457 0.130514 0.991409
    outer loop
      vertex 0 4.29199 21.5773
      vertex 0 1.43887 21.9529
      vertex 0.18781 1.42656 21.9529
    endloop
  endfacet
  facet normal -0.0085547 0.130514 0.991409
    outer loop
      vertex 0 4.29199 21.5773
      vertex -0.560217 4.25527 21.5773
      vertex 0 1.43887 21.9529
    endloop
  endfacet
  facet normal -0.00855457 0.130514 0.991409
    outer loop
      vertex -0.560217 4.25527 21.5773
      vertex -0.18781 1.42656 21.9529
      vertex 0 1.43887 21.9529
    endloop
  endfacet
  facet normal -0.0255173 0.128281 0.991409
    outer loop
      vertex -0.560217 4.25527 21.5773
      vertex -1.11085 4.14574 21.5773
      vertex -0.18781 1.42656 21.9529
    endloop
  endfacet
  facet normal -0.0255177 0.128281 0.991409
    outer loop
      vertex -1.11085 4.14574 21.5773
      vertex -0.372407 1.38984 21.9529
      vertex -0.18781 1.42656 21.9529
    endloop
  endfacet
  facet normal -0.0420424 0.123853 0.991409
    outer loop
      vertex -1.11085 4.14574 21.5773
      vertex -1.64247 3.96528 21.5773
      vertex -0.372407 1.38984 21.9529
    endloop
  endfacet
  facet normal -0.0420432 0.123853 0.99141
    outer loop
      vertex -1.64247 3.96528 21.5773
      vertex -0.550631 1.32934 21.9529
      vertex -0.372407 1.38984 21.9529
    endloop
  endfacet
  facet normal -0.0578492 0.117306 0.991409
    outer loop
      vertex -1.64247 3.96528 21.5773
      vertex -2.14599 3.71697 21.5773
      vertex -0.550631 1.32934 21.9529
    endloop
  endfacet
  facet normal -0.0578466 0.117308 0.991409
    outer loop
      vertex -2.14599 3.71697 21.5773
      vertex -0.719434 1.2461 21.9529
      vertex -0.550631 1.32934 21.9529
    endloop
  endfacet
  facet normal -0.0726653 0.108752 0.991409
    outer loop
      vertex -2.14599 3.71697 21.5773
      vertex -2.6128 3.40506 21.5773
      vertex -0.719434 1.2461 21.9529
    endloop
  endfacet
  facet normal -0.0726674 0.10875 0.99141
    outer loop
      vertex -2.6128 3.40506 21.5773
      vertex -0.875928 1.14153 21.9529
      vertex -0.719434 1.2461 21.9529
    endloop
  endfacet
  facet normal -0.0862398 0.0983358 0.991409
    outer loop
      vertex -2.6128 3.40506 21.5773
      vertex -3.03489 3.03489 21.5773
      vertex -0.875928 1.14153 21.9529
    endloop
  endfacet
  facet normal -0.0862411 0.0983343 0.99141
    outer loop
      vertex -3.03489 3.03489 21.5773
      vertex -1.01743 1.01743 21.9529
      vertex -0.875928 1.14153 21.9529
    endloop
  endfacet
  facet normal -0.0983357 0.0862397 0.99141
    outer loop
      vertex -3.03489 3.03489 21.5773
      vertex -3.40506 2.6128 21.5773
      vertex -1.01743 1.01743 21.9529
    endloop
  endfacet
  facet normal -0.0983346 0.0862413 0.991409
    outer loop
      vertex -3.40506 2.6128 21.5773
      vertex -1.14153 0.875928 21.9529
      vertex -1.01743 1.01743 21.9529
    endloop
  endfacet
  facet normal -0.108752 0.0726652 0.991409
    outer loop
      vertex -3.40506 2.6128 21.5773
      vertex -3.71697 2.14599 21.5773
      vertex -1.14153 0.875928 21.9529
    endloop
  endfacet
  facet normal -0.108751 0.0726677 0.991409
    outer loop
      vertex -3.71697 2.14599 21.5773
      vertex -1.2461 0.719434 21.9529
      vertex -1.14153 0.875928 21.9529
    endloop
  endfacet
  facet normal -0.117306 0.0578493 0.991409
    outer loop
      vertex -3.71697 2.14599 21.5773
      vertex -3.96528 1.64247 21.5773
      vertex -1.2461 0.719434 21.9529
    endloop
  endfacet
  facet normal -0.117307 0.0578464 0.99141
    outer loop
      vertex -3.96528 1.64247 21.5773
      vertex -1.32934 0.550631 21.9529
      vertex -1.2461 0.719434 21.9529
    endloop
  endfacet
  facet normal -0.123853 0.0420424 0.991409
    outer loop
      vertex -3.96528 1.64247 21.5773
      vertex -4.14574 1.11085 21.5773
      vertex -1.32934 0.550631 21.9529
    endloop
  endfacet
  facet normal -0.123853 0.0420432 0.991409
    outer loop
      vertex -4.14574 1.11085 21.5773
      vertex -1.38984 0.372407 21.9529
      vertex -1.32934 0.550631 21.9529
    endloop
  endfacet
  facet normal -0.128281 0.0255173 0.991409
    outer loop
      vertex -4.14574 1.11085 21.5773
      vertex -4.25527 0.560217 21.5773
      vertex -1.38984 0.372407 21.9529
    endloop
  endfacet
  facet normal -0.128281 0.0255177 0.991409
    outer loop
      vertex -4.25527 0.560217 21.5773
      vertex -1.42656 0.18781 21.9529
      vertex -1.38984 0.372407 21.9529
    endloop
  endfacet
  facet normal -0.130514 0.00855471 0.991409
    outer loop
      vertex -4.25527 0.560217 21.5773
      vertex -4.29199 -0 21.5773
      vertex -1.42656 0.18781 21.9529
    endloop
  endfacet
  facet normal -0.130514 0.00855457 0.991409
    outer loop
      vertex -4.29199 -0 21.5773
      vertex -1.43887 -0 21.9529
      vertex -1.42656 0.18781 21.9529
    endloop
  endfacet
  facet normal -0.130514 -0.0085547 0.991409
    outer loop
      vertex -4.29199 -0 21.5773
      vertex -4.25527 -0.560217 21.5773
      vertex -1.43887 -0 21.9529
    endloop
  endfacet
  facet normal -0.130514 -0.00855457 0.991409
    outer loop
      vertex -4.25527 -0.560217 21.5773
      vertex -1.42656 -0.18781 21.9529
      vertex -1.43887 -0 21.9529
    endloop
  endfacet
  facet normal -0.128281 -0.0255173 0.991409
    outer loop
      vertex -4.25527 -0.560217 21.5773
      vertex -4.14574 -1.11085 21.5773
      vertex -1.42656 -0.18781 21.9529
    endloop
  endfacet
  facet normal -0.128281 -0.0255177 0.991409
    outer loop
      vertex -4.14574 -1.11085 21.5773
      vertex -1.38984 -0.372407 21.9529
      vertex -1.42656 -0.18781 21.9529
    endloop
  endfacet
  facet normal -0.123853 -0.0420424 0.991409
    outer loop
      vertex -4.14574 -1.11085 21.5773
      vertex -3.96528 -1.64247 21.5773
      vertex -1.38984 -0.372407 21.9529
    endloop
  endfacet
  facet normal -0.123853 -0.0420432 0.99141
    outer loop
      vertex -3.96528 -1.64247 21.5773
      vertex -1.32934 -0.550631 21.9529
      vertex -1.38984 -0.372407 21.9529
    endloop
  endfacet
  facet normal -0.117306 -0.0578492 0.991409
    outer loop
      vertex -3.96528 -1.64247 21.5773
      vertex -3.71697 -2.14599 21.5773
      vertex -1.32934 -0.550631 21.9529
    endloop
  endfacet
  facet normal -0.117308 -0.0578466 0.991409
    outer loop
      vertex -3.71697 -2.14599 21.5773
      vertex -1.2461 -0.719434 21.9529
      vertex -1.32934 -0.550631 21.9529
    endloop
  endfacet
  facet normal -0.108752 -0.0726653 0.991409
    outer loop
      vertex -3.71697 -2.14599 21.5773
      vertex -3.40506 -2.6128 21.5773
      vertex -1.2461 -0.719434 21.9529
    endloop
  endfacet
  facet normal -0.10875 -0.0726674 0.99141
    outer loop
      vertex -3.40506 -2.6128 21.5773
      vertex -1.14153 -0.875928 21.9529
      vertex -1.2461 -0.719434 21.9529
    endloop
  endfacet
  facet normal -0.0983358 -0.0862398 0.991409
    outer loop
      vertex -3.40506 -2.6128 21.5773
      vertex -3.03489 -3.03489 21.5773
      vertex -1.14153 -0.875928 21.9529
    endloop
  endfacet
  facet normal -0.0983343 -0.0862411 0.99141
    outer loop
      vertex -3.03489 -3.03489 21.5773
      vertex -1.01743 -1.01743 21.9529
      vertex -1.14153 -0.875928 21.9529
    endloop
  endfacet
  facet normal -0.0862397 -0.0983357 0.99141
    outer loop
      vertex -3.03489 -3.03489 21.5773
      vertex -2.6128 -3.40506 21.5773
      vertex -1.01743 -1.01743 21.9529
    endloop
  endfacet
  facet normal -0.0862413 -0.0983346 0.991409
    outer loop
      vertex -2.6128 -3.40506 21.5773
      vertex -0.875928 -1.14153 21.9529
      vertex -1.01743 -1.01743 21.9529
    endloop
  endfacet
  facet normal -0.0726652 -0.108752 0.991409
    outer loop
      vertex -2.6128 -3.40506 21.5773
      vertex -2.14599 -3.71697 21.5773
      vertex -0.875928 -1.14153 21.9529
    endloop
  endfacet
  facet normal -0.0726677 -0.108751 0.991409
    outer loop
      vertex -2.14599 -3.71697 21.5773
      vertex -0.719434 -1.2461 21.9529
      vertex -0.875928 -1.14153 21.9529
    endloop
  endfacet
  facet normal -0.0578493 -0.117306 0.991409
    outer loop
      vertex -2.14599 -3.71697 21.5773
      vertex -1.64247 -3.96528 21.5773
      vertex -0.719434 -1.2461 21.9529
    endloop
  endfacet
  facet normal -0.0578464 -0.117307 0.99141
    outer loop
      vertex -1.64247 -3.96528 21.5773
      vertex -0.550631 -1.32934 21.9529
      vertex -0.719434 -1.2461 21.9529
    endloop
  endfacet
  facet normal -0.0420424 -0.123853 0.991409
    outer loop
      vertex -1.64247 -3.96528 21.5773
      vertex -1.11085 -4.14574 21.5773
      vertex -0.550631 -1.32934 21.9529
    endloop
  endfacet
  facet normal -0.0420432 -0.123853 0.991409
    outer loop
      vertex -1.11085 -4.14574 21.5773
      vertex -0.372407 -1.38984 21.9529
      vertex -0.550631 -1.32934 21.9529
    endloop
  endfacet
  facet normal -0.0255173 -0.128281 0.991409
    outer loop
      vertex -1.11085 -4.14574 21.5773
      vertex -0.560217 -4.25527 21.5773
      vertex -0.372407 -1.38984 21.9529
    endloop
  endfacet
  facet normal -0.0255177 -0.128281 0.991409
    outer loop
      vertex -0.560217 -4.25527 21.5773
      vertex -0.18781 -1.42656 21.9529
      vertex -0.372407 -1.38984 21.9529
    endloop
  endfacet
  facet normal -0.00855471 -0.130514 0.991409
    outer loop
      vertex -0.560217 -4.25527 21.5773
      vertex -0 -4.29199 21.5773
      vertex -0.18781 -1.42656 21.9529
    endloop
  endfacet
  facet normal -0.00855457 -0.130514 0.991409
    outer loop
      vertex -0 -4.29199 21.5773
      vertex -0 -1.43887 21.9529
      vertex -0.18781 -1.42656 21.9529
    endloop
  endfacet
  facet normal 0.0085547 -0.130514 0.991409
    outer loop
      vertex -0 -4.29199 21.5773
      vertex 0.560217 -4.25527 21.5773
      vertex -0 -1.43887 21.9529
    endloop
  endfacet
  facet normal 0.00855457 -0.130514 0.991409
    outer loop
      vertex 0.560217 -4.25527 21.5773
      vertex 0.18781 -1.42656 21.9529
      vertex -0 -1.43887 21.9529
    endloop
  endfacet
  facet normal 0.0255173 -0.128281 0.991409
    outer loop
      vertex 0.560217 -4.25527 21.5773
      vertex 1.11085 -4.14574 21.5773
      vertex 0.18781 -1.42656 21.9529
    endloop
  endfacet
  facet normal 0.0255177 -0.128281 0.991409
    outer loop
      vertex 1.11085 -4.14574 21.5773
      vertex 0.372407 -1.38984 21.9529
      vertex 0.18781 -1.42656 21.9529
    endloop
  endfacet
  facet normal 0.0420424 -0.123853 0.991409
    outer loop
      vertex 1.11085 -4.14574 21.5773
      vertex 1.64247 -3.96528 21.5773
      vertex 0.372407 -1.38984 21.9529
    endloop
  endfacet
  facet normal 0.0420432 -0.123853 0.99141
    outer loop
      vertex 1.64247 -3.96528 21.5773
      vertex 0.550631 -1.32934 21.9529
      vertex 0.372407 -1.38984 21.9529
    endloop
  endfacet
  facet normal 0.0578492 -0.117306 0.991409
    outer loop
      vertex 1.64247 -3.96528 21.5773
      vertex 2.14599 -3.71697 21.5773
      vertex 0.550631 -1.32934 21.9529
    endloop
  endfacet
  facet normal 0.0578466 -0.117308 0.991409
    outer loop
      vertex 2.14599 -3.71697 21.5773
      vertex 0.719434 -1.2461 21.9529
      vertex 0.550631 -1.32934 21.9529
    endloop
  endfacet
  facet normal 0.0726653 -0.108752 0.991409
    outer loop
      vertex 2.14599 -3.71697 21.5773
      vertex 2.6128 -3.40506 21.5773
      vertex 0.719434 -1.2461 21.9529
    endloop
  endfacet
  facet normal 0.0726674 -0.10875 0.99141
    outer loop
      vertex 2.6128 -3.40506 21.5773
      vertex 0.875928 -1.14153 21.9529
      vertex 0.719434 -1.2461 21.9529
    endloop
  endfacet
  facet normal 0.0862398 -0.0983358 0.991409
    outer loop
      vertex 2.6128 -3.40506 21.5773
      vertex 3.03489 -3.03489 21.5773
      vertex 0.875928 -1.14153 21.9529
    endloop
  endfacet
  facet normal 0.0862411 -0.0983343 0.99141
    outer loop
      vertex 3.03489 -3.03489 21.5773
      vertex 1.01743 -1.01743 21.9529
      vertex 0.875928 -1.14153 21.9529
    endloop
  endfacet
  facet normal 0.0983357 -0.0862397 0.99141
    outer loop
      vertex 3.03489 -3.03489 21.5773
      vertex 3.40506 -2.6128 21.5773
      vertex 1.01743 -1.01743 21.9529
    endloop
  endfacet
  facet normal 0.0983346 -0.0862413 0.991409
    outer loop
      vertex 3.40506 -2.6128 21.5773
      vertex 1.14153 -0.875928 21.9529
      vertex 1.01743 -1.01743 21.9529
    endloop
  endfacet
  facet normal 0.108752 -0.0726652 0.991409
    outer loop
      vertex 3.40506 -2.6128 21.5773
      vertex 3.71697 -2.14599 21.5773
      vertex 1.14153 -0.875928 21.9529
    endloop
  endfacet
  facet normal 0.108751 -0.0726677 0.991409
    outer loop
      vertex 3.71697 -2.14599 21.5773
      vertex 1.2461 -0.719434 21.9529
      vertex 1.14153 -0.875928 21.9529
    endloop
  endfacet
  facet normal 0.117306 -0.0578493 0.991409
    outer loop
      vertex 3.71697 -2.14599 21.5773
      vertex 3.96528 -1.64247 21.5773
      vertex 1.2461 -0.719434 21.9529
    endloop
  endfacet
  facet normal 0.117307 -0.0578464 0.99141
    outer loop
      vertex 3.96528 -1.64247 21.5773
      vertex 1.32934 -0.550631 21.9529
      vertex 1.2461 -0.719434 21.9529
    endloop
  endfacet
  facet normal 0.123853 -0.0420424 0.991409
    outer loop
      vertex 3.96528 -1.64247 21.5773
      vertex 4.14574 -1.11085 21.5773
      vertex 1.32934 -0.550631 21.9529
    endloop
  endfacet
  facet normal 0.123853 -0.0420432 0.991409
    outer loop
      vertex 4.14574 -1.11085 21.5773
      vertex 1.38984 -0.372407 21.9529
      vertex 1.32934 -0.550631 21.9529
    endloop
  endfacet
  facet normal 0.128281 -0.0255173 0.991409
    outer loop
      vertex 4.14574 -1.11085 21.5773
      vertex 4.25527 -0.560217 21.5773
      vertex 1.38984 -0.372407 21.9529
    endloop
  endfacet
  facet normal 0.128281 -0.0255177 0.991409
    outer loop
      vertex 4.25527 -0.560217 21.5773
      vertex 1.42656 -0.18781 21.9529
      vertex 1.38984 -0.372407 21.9529
    endloop
  endfacet
  facet normal 0.130514 -0.00855471 0.991409
    outer loop
      vertex 4.25527 -0.560217 21.5773
      vertex 4.29199 0 21.5773
      vertex 1.42656 -0.18781 21.9529
    endloop
  endfacet
  facet normal 0.130514 -0.00855457 0.991409
    outer loop
      vertex 4.29199 0 21.5773
      vertex 1.43887 0 21.9529
      vertex 1.42656 -0.18781 21.9529
    endloop
  endfacet
  facet normal 0.258778 0.0169614 0.965788
    outer loop
      vertex 7.07167 0 20.8325
      vertex 7.01117 0.923038 20.8325
      vertex 4.29199 0 21.5773
    endloop
  endfacet
  facet normal 0.258777 0.0169618 0.965788
    outer loop
      vertex 7.01117 0.923038 20.8325
      vertex 4.25527 0.560217 21.5773
      vertex 4.29199 0 21.5773
    endloop
  endfacet
  facet normal 0.25435 0.0505929 0.965788
    outer loop
      vertex 7.01117 0.923038 20.8325
      vertex 6.83071 1.83028 20.8325
      vertex 4.25527 0.560217 21.5773
    endloop
  endfacet
  facet normal 0.254349 0.0505943 0.965788
    outer loop
      vertex 6.83071 1.83028 20.8325
      vertex 4.14574 1.11085 21.5773
      vertex 4.25527 0.560217 21.5773
    endloop
  endfacet
  facet normal 0.24557 0.0833602 0.965788
    outer loop
      vertex 6.83071 1.83028 20.8325
      vertex 6.53337 2.70621 20.8325
      vertex 4.14574 1.11085 21.5773
    endloop
  endfacet
  facet normal 0.24557 0.0833595 0.965788
    outer loop
      vertex 6.53337 2.70621 20.8325
      vertex 3.96528 1.64247 21.5773
      vertex 4.14574 1.11085 21.5773
    endloop
  endfacet
  facet normal 0.232588 0.114701 0.965788
    outer loop
      vertex 6.53337 2.70621 20.8325
      vertex 6.12424 3.53583 20.8325
      vertex 3.96528 1.64247 21.5773
    endloop
  endfacet
  facet normal 0.232589 0.114701 0.965788
    outer loop
      vertex 6.12424 3.53583 20.8325
      vertex 3.71697 2.14599 21.5773
      vertex 3.96528 1.64247 21.5773
    endloop
  endfacet
  facet normal 0.215628 0.144076 0.965788
    outer loop
      vertex 6.12424 3.53583 20.8325
      vertex 5.61033 4.30496 20.8325
      vertex 3.71697 2.14599 21.5773
    endloop
  endfacet
  facet normal 0.215628 0.144077 0.965788
    outer loop
      vertex 5.61033 4.30496 20.8325
      vertex 3.40506 2.6128 21.5773
      vertex 3.71697 2.14599 21.5773
    endloop
  endfacet
  facet normal 0.194976 0.170991 0.965788
    outer loop
      vertex 5.61033 4.30496 20.8325
      vertex 5.00042 5.00042 20.8325
      vertex 3.40506 2.6128 21.5773
    endloop
  endfacet
  facet normal 0.194975 0.170992 0.965788
    outer loop
      vertex 5.00042 5.00042 20.8325
      vertex 3.03489 3.03489 21.5773
      vertex 3.40506 2.6128 21.5773
    endloop
  endfacet
  facet normal 0.170991 0.194976 0.965788
    outer loop
      vertex 5.00042 5.00042 20.8325
      vertex 4.30496 5.61033 20.8325
      vertex 3.03489 3.03489 21.5773
    endloop
  endfacet
  facet normal 0.170992 0.194975 0.965788
    outer loop
      vertex 4.30496 5.61033 20.8325
      vertex 2.6128 3.40506 21.5773
      vertex 3.03489 3.03489 21.5773
    endloop
  endfacet
  facet normal 0.144076 0.215628 0.965788
    outer loop
      vertex 4.30496 5.61033 20.8325
      vertex 3.53583 6.12424 20.8325
      vertex 2.6128 3.40506 21.5773
    endloop
  endfacet
  facet normal 0.144077 0.215628 0.965788
    outer loop
      vertex 3.53583 6.12424 20.8325
      vertex 2.14599 3.71697 21.5773
      vertex 2.6128 3.40506 21.5773
    endloop
  endfacet
  facet normal 0.114702 0.232588 0.965788
    outer loop
      vertex 3.53583 6.12424 20.8325
      vertex 2.70621 6.53337 20.8325
      vertex 2.14599 3.71697 21.5773
    endloop
  endfacet
  facet normal 0.1147 0.232588 0.965788
    outer loop
      vertex 2.70621 6.53337 20.8325
      vertex 1.64247 3.96528 21.5773
      vertex 2.14599 3.71697 21.5773
    endloop
  endfacet
  facet normal 0.0833602 0.24557 0.965788
    outer loop
      vertex 2.70621 6.53337 20.8325
      vertex 1.83028 6.83071 20.8325
      vertex 1.64247 3.96528 21.5773
    endloop
  endfacet
  facet normal 0.0833594 0.24557 0.965788
    outer loop
      vertex 1.83028 6.83071 20.8325
      vertex 1.11085 4.14574 21.5773
      vertex 1.64247 3.96528 21.5773
    endloop
  endfacet
  facet normal 0.0505928 0.25435 0.965788
    outer loop
      vertex 1.83028 6.83071 20.8325
      vertex 0.923038 7.01117 20.8325
      vertex 1.11085 4.14574 21.5773
    endloop
  endfacet
  facet normal 0.0505943 0.25435 0.965788
    outer loop
      vertex 0.923038 7.01117 20.8325
      vertex 0.560217 4.25527 21.5773
      vertex 1.11085 4.14574 21.5773
    endloop
  endfacet
  facet normal 0.0169614 0.258778 0.965788
    outer loop
      vertex 0.923038 7.01117 20.8325
      vertex 0 7.07167 20.8325
      vertex 0.560217 4.25527 21.5773
    endloop
  endfacet
  facet normal 0.0169618 0.258778 0.965788
    outer loop
      vertex 0 7.07167 20.8325
      vertex 0 4.29199 21.5773
      vertex 0.560217 4.25527 21.5773
    endloop
  endfacet
  facet normal -0.0169614 0.258778 0.965788
    outer loop
      vertex 0 7.07167 20.8325
      vertex -0.923038 7.01117 20.8325
      vertex 0 4.29199 21.5773
    endloop
  endfacet
  facet normal -0.0169618 0.258777 0.965788
    outer loop
      vertex -0.923038 7.01117 20.8325
      vertex -0.560217 4.25527 21.5773
      vertex 0 4.29199 21.5773
    endloop
  endfacet
  facet normal -0.0505929 0.25435 0.965788
    outer loop
      vertex -0.923038 7.01117 20.8325
      vertex -1.83028 6.83071 20.8325
      vertex -0.560217 4.25527 21.5773
    endloop
  endfacet
  facet normal -0.0505943 0.254349 0.965788
    outer loop
      vertex -1.83028 6.83071 20.8325
      vertex -1.11085 4.14574 21.5773
      vertex -0.560217 4.25527 21.5773
    endloop
  endfacet
  facet normal -0.0833602 0.24557 0.965788
    outer loop
      vertex -1.83028 6.83071 20.8325
      vertex -2.70621 6.53337 20.8325
      vertex -1.11085 4.14574 21.5773
    endloop
  endfacet
  facet normal -0.0833595 0.24557 0.965788
    outer loop
      vertex -2.70621 6.53337 20.8325
      vertex -1.64247 3.96528 21.5773
      vertex -1.11085 4.14574 21.5773
    endloop
  endfacet
  facet normal -0.114701 0.232588 0.965788
    outer loop
      vertex -2.70621 6.53337 20.8325
      vertex -3.53583 6.12424 20.8325
      vertex -1.64247 3.96528 21.5773
    endloop
  endfacet
  facet normal -0.114701 0.232589 0.965788
    outer loop
      vertex -3.53583 6.12424 20.8325
      vertex -2.14599 3.71697 21.5773
      vertex -1.64247 3.96528 21.5773
    endloop
  endfacet
  facet normal -0.144076 0.215628 0.965788
    outer loop
      vertex -3.53583 6.12424 20.8325
      vertex -4.30496 5.61033 20.8325
      vertex -2.14599 3.71697 21.5773
    endloop
  endfacet
  facet normal -0.144077 0.215628 0.965788
    outer loop
      vertex -4.30496 5.61033 20.8325
      vertex -2.6128 3.40506 21.5773
      vertex -2.14599 3.71697 21.5773
    endloop
  endfacet
  facet normal -0.170991 0.194976 0.965788
    outer loop
      vertex -4.30496 5.61033 20.8325
      vertex -5.00042 5.00042 20.8325
      vertex -2.6128 3.40506 21.5773
    endloop
  endfacet
  facet normal -0.170992 0.194975 0.965788
    outer loop
      vertex -5.00042 5.00042 20.8325
      vertex -3.03489 3.03489 21.5773
      vertex -2.6128 3.40506 21.5773
    endloop
  endfacet
  facet normal -0.194976 0.170991 0.965788
    outer loop
      vertex -5.00042 5.00042 20.8325
      vertex -5.61033 4.30496 20.8325
      vertex -3.03489 3.03489 21.5773
    endloop
  endfacet
  facet normal -0.194975 0.170992 0.965788
    outer loop
      vertex -5.61033 4.30496 20.8325
      vertex -3.40506 2.6128 21.5773
      vertex -3.03489 3.03489 21.5773
    endloop
  endfacet
  facet normal -0.215628 0.144076 0.965788
    outer loop
      vertex -5.61033 4.30496 20.8325
      vertex -6.12424 3.53583 20.8325
      vertex -3.40506 2.6128 21.5773
    endloop
  endfacet
  facet normal -0.215628 0.144077 0.965788
    outer loop
      vertex -6.12424 3.53583 20.8325
      vertex -3.71697 2.14599 21.5773
      vertex -3.40506 2.6128 21.5773
    endloop
  endfacet
  facet normal -0.232588 0.114702 0.965788
    outer loop
      vertex -6.12424 3.53583 20.8325
      vertex -6.53337 2.70621 20.8325
      vertex -3.71697 2.14599 21.5773
    endloop
  endfacet
  facet normal -0.232588 0.1147 0.965788
    outer loop
      vertex -6.53337 2.70621 20.8325
      vertex -3.96528 1.64247 21.5773
      vertex -3.71697 2.14599 21.5773
    endloop
  endfacet
  facet normal -0.24557 0.0833602 0.965788
    outer loop
      vertex -6.53337 2.70621 20.8325
      vertex -6.83071 1.83028 20.8325
      vertex -3.96528 1.64247 21.5773
    endloop
  endfacet
  facet normal -0.24557 0.0833594 0.965788
    outer loop
      vertex -6.83071 1.83028 20.8325
      vertex -4.14574 1.11085 21.5773
      vertex -3.96528 1.64247 21.5773
    endloop
  endfacet
  facet normal -0.25435 0.0505928 0.965788
    outer loop
      vertex -6.83071 1.83028 20.8325
      vertex -7.01117 0.923038 20.8325
      vertex -4.14574 1.11085 21.5773
    endloop
  endfacet
  facet normal -0.25435 0.0505943 0.965788
    outer loop
      vertex -7.01117 0.923038 20.8325
      vertex -4.25527 0.560217 21.5773
      vertex -4.14574 1.11085 21.5773
    endloop
  endfacet
  facet normal -0.258778 0.0169614 0.965788
    outer loop
      vertex -7.01117 0.923038 20.8325
      vertex -7.07167 -0 20.8325
      vertex -4.25527 0.560217 21.5773
    endloop
  endfacet
  facet normal -0.258778 0.0169618 0.965788
    outer loop
      vertex -7.07167 -0 20.8325
      vertex -4.29199 -0 21.5773
      vertex -4.25527 0.560217 21.5773
    endloop
  endfacet
  facet normal -0.258778 -0.0169614 0.965788
    outer loop
      vertex -7.07167 -0 20.8325
      vertex -7.01117 -0.923038 20.8325
      vertex -4.29199 -0 21.5773
    endloop
  endfacet
  facet normal -0.258777 -0.0169618 0.965788
    outer loop
      vertex -7.01117 -0.923038 20.8325
      vertex -4.25527 -0.560217 21.5773
      vertex -4.29199 -0 21.5773
    endloop
  endfacet
  facet normal -0.25435 -0.0505929 0.965788
    outer loop
      vertex -7.01117 -0.923038 20.8325
      vertex -6.83071 -1.83028 20.8325
      vertex -4.25527 -0.560217 21.5773
    endloop
  endfacet
  facet normal -0.254349 -0.0505943 0.965788
    outer loop
      vertex -6.83071 -1.83028 20.8325
      vertex -4.14574 -1.11085 21.5773
      vertex -4.25527 -0.560217 21.5773
    endloop
  endfacet
  facet normal -0.24557 -0.0833602 0.965788
    outer loop
      vertex -6.83071 -1.83028 20.8325
      vertex -6.53337 -2.70621 20.8325
      vertex -4.14574 -1.11085 21.5773
    endloop
  endfacet
  facet normal -0.24557 -0.0833595 0.965788
    outer loop
      vertex -6.53337 -2.70621 20.8325
      vertex -3.96528 -1.64247 21.5773
      vertex -4.14574 -1.11085 21.5773
    endloop
  endfacet
  facet normal -0.232588 -0.114701 0.965788
    outer loop
      vertex -6.53337 -2.70621 20.8325
      vertex -6.12424 -3.53583 20.8325
      vertex -3.96528 -1.64247 21.5773
    endloop
  endfacet
  facet normal -0.232589 -0.114701 0.965788
    outer loop
      vertex -6.12424 -3.53583 20.8325
      vertex -3.71697 -2.14599 21.5773
      vertex -3.96528 -1.64247 21.5773
    endloop
  endfacet
  facet normal -0.215628 -0.144076 0.965788
    outer loop
      vertex -6.12424 -3.53583 20.8325
      vertex -5.61033 -4.30496 20.8325
      vertex -3.71697 -2.14599 21.5773
    endloop
  endfacet
  facet normal -0.215628 -0.144077 0.965788
    outer loop
      vertex -5.61033 -4.30496 20.8325
      vertex -3.40506 -2.6128 21.5773
      vertex -3.71697 -2.14599 21.5773
    endloop
  endfacet
  facet normal -0.194976 -0.170991 0.965788
    outer loop
      vertex -5.61033 -4.30496 20.8325
      vertex -5.00042 -5.00042 20.8325
      vertex -3.40506 -2.6128 21.5773
    endloop
  endfacet
  facet normal -0.194975 -0.170992 0.965788
    outer loop
      vertex -5.00042 -5.00042 20.8325
      vertex -3.03489 -3.03489 21.5773
      vertex -3.40506 -2.6128 21.5773
    endloop
  endfacet
  facet normal -0.170991 -0.194976 0.965788
    outer loop
      vertex -5.00042 -5.00042 20.8325
      vertex -4.30496 -5.61033 20.8325
      vertex -3.03489 -3.03489 21.5773
    endloop
  endfacet
  facet normal -0.170992 -0.194975 0.965788
    outer loop
      vertex -4.30496 -5.61033 20.8325
      vertex -2.6128 -3.40506 21.5773
      vertex -3.03489 -3.03489 21.5773
    endloop
  endfacet
  facet normal -0.144076 -0.215628 0.965788
    outer loop
      vertex -4.30496 -5.61033 20.8325
      vertex -3.53583 -6.12424 20.8325
      vertex -2.6128 -3.40506 21.5773
    endloop
  endfacet
  facet normal -0.144077 -0.215628 0.965788
    outer loop
      vertex -3.53583 -6.12424 20.8325
      vertex -2.14599 -3.71697 21.5773
      vertex -2.6128 -3.40506 21.5773
    endloop
  endfacet
  facet normal -0.114702 -0.232588 0.965788
    outer loop
      vertex -3.53583 -6.12424 20.8325
      vertex -2.70621 -6.53337 20.8325
      vertex -2.14599 -3.71697 21.5773
    endloop
  endfacet
  facet normal -0.1147 -0.232588 0.965788
    outer loop
      vertex -2.70621 -6.53337 20.8325
      vertex -1.64247 -3.96528 21.5773
      vertex -2.14599 -3.71697 21.5773
    endloop
  endfacet
  facet normal -0.0833602 -0.24557 0.965788
    outer loop
      vertex -2.70621 -6.53337 20.8325
      vertex -1.83028 -6.83071 20.8325
      vertex -1.64247 -3.96528 21.5773
    endloop
  endfacet
  facet normal -0.0833594 -0.24557 0.965788
    outer loop
      vertex -1.83028 -6.83071 20.8325
      vertex -1.11085 -4.14574 21.5773
      vertex -1.64247 -3.96528 21.5773
    endloop
  endfacet
  facet normal -0.0505928 -0.25435 0.965788
    outer loop
      vertex -1.83028 -6.83071 20.8325
      vertex -0.923038 -7.01117 20.8325
      vertex -1.11085 -4.14574 21.5773
    endloop
  endfacet
  facet normal -0.0505943 -0.25435 0.965788
    outer loop
      vertex -0.923038 -7.01117 20.8325
      vertex -0.560217 -4.25527 21.5773
      vertex -1.11085 -4.14574 21.5773
    endloop
  endfacet
  facet normal -0.0169614 -0.258778 0.965788
    outer loop
      vertex -0.923038 -7.01117 20.8325
      vertex -0 -7.07167 20.8325
      vertex -0.560217 -4.25527 21.5773
    endloop
  endfacet
  facet normal -0.0169618 -0.258778 0.965788
    outer loop
      vertex -0 -7.07167 20.8325
      vertex -0 -4.29199 21.5773
      vertex -0.560217 -4.25527 21.5773
    endloop
  endfacet
  facet normal 0.0169614 -0.258778 0.965788
    outer loop
      vertex -0 -7.07167 20.8325
      vertex 0.923038 -7.01117 20.8325
      vertex -0 -4.29199 21.5773
    endloop
  endfacet
  facet normal 0.0169618 -0.258777 0.965788
    outer loop
      vertex 0.923038 -7.01117 20.8325
      vertex 0.560217 -4.25527 21.5773
      vertex -0 -4.29199 21.5773
    endloop
  endfacet
  facet normal 0.0505929 -0.25435 0.965788
    outer loop
      vertex 0.923038 -7.01117 20.8325
      vertex 1.83028 -6.83071 20.8325
      vertex 0.560217 -4.25527 21.5773
    endloop
  endfacet
  facet normal 0.0505943 -0.254349 0.965788
    outer loop
      vertex 1.83028 -6.83071 20.8325
      vertex 1.11085 -4.14574 21.5773
      vertex 0.560217 -4.25527 21.5773
    endloop
  endfacet
  facet normal 0.0833602 -0.24557 0.965788
    outer loop
      vertex 1.83028 -6.83071 20.8325
      vertex 2.70621 -6.53337 20.8325
      vertex 1.11085 -4.14574 21.5773
    endloop
  endfacet
  facet normal 0.0833595 -0.24557 0.965788
    outer loop
      vertex 2.70621 -6.53337 20.8325
      vertex 1.64247 -3.96528 21.5773
      vertex 1.11085 -4.14574 21.5773
    endloop
  endfacet
  facet normal 0.114701 -0.232588 0.965788
    outer loop
      vertex 2.70621 -6.53337 20.8325
      vertex 3.53583 -6.12424 20.8325
      vertex 1.64247 -3.96528 21.5773
    endloop
  endfacet
  facet normal 0.114701 -0.232589 0.965788
    outer loop
      vertex 3.53583 -6.12424 20.8325
      vertex 2.14599 -3.71697 21.5773
      vertex 1.64247 -3.96528 21.5773
    endloop
  endfacet
  facet normal 0.144076 -0.215628 0.965788
    outer loop
      vertex 3.53583 -6.12424 20.8325
      vertex 4.30496 -5.61033 20.8325
      vertex 2.14599 -3.71697 21.5773
    endloop
  endfacet
  facet normal 0.144077 -0.215628 0.965788
    outer loop
      vertex 4.30496 -5.61033 20.8325
      vertex 2.6128 -3.40506 21.5773
      vertex 2.14599 -3.71697 21.5773
    endloop
  endfacet
  facet normal 0.170991 -0.194976 0.965788
    outer loop
      vertex 4.30496 -5.61033 20.8325
      vertex 5.00042 -5.00042 20.8325
      vertex 2.6128 -3.40506 21.5773
    endloop
  endfacet
  facet normal 0.170992 -0.194975 0.965788
    outer loop
      vertex 5.00042 -5.00042 20.8325
      vertex 3.03489 -3.03489 21.5773
      vertex 2.6128 -3.40506 21.5773
    endloop
  endfacet
  facet normal 0.194976 -0.170991 0.965788
    outer loop
      vertex 5.00042 -5.00042 20.8325
      vertex 5.61033 -4.30496 20.8325
      vertex 3.03489 -3.03489 21.5773
    endloop
  endfacet
  facet normal 0.194975 -0.170992 0.965788
    outer loop
      vertex 5.61033 -4.30496 20.8325
      vertex 3.40506 -2.6128 21.5773
      vertex 3.03489 -3.03489 21.5773
    endloop
  endfacet
  facet normal 0.215628 -0.144076 0.965788
    outer loop
      vertex 5.61033 -4.30496 20.8325
      vertex 6.12424 -3.53583 20.8325
      vertex 3.40506 -2.6128 21.5773
    endloop
  endfacet
  facet normal 0.215628 -0.144077 0.965788
    outer loop
      vertex 6.12424 -3.53583 20.8325
      vertex 3.71697 -2.14599 21.5773
      vertex 3.40506 -2.6128 21.5773
    endloop
  endfacet
  facet normal 0.232588 -0.114702 0.965788
    outer loop
      vertex 6.12424 -3.53583 20.8325
      vertex 6.53337 -2.70621 20.8325
      vertex 3.71697 -2.14599 21.5773
    endloop
  endfacet
  facet normal 0.232588 -0.1147 0.965788
    outer loop
      vertex 6.53337 -2.70621 20.8325
      vertex 3.96528 -1.64247 21.5773
      vertex 3.71697 -2.14599 21.5773
    endloop
  endfacet
  facet normal 0.24557 -0.0833602 0.965788
    outer loop
      vertex 6.53337 -2.70621 20.8325
      vertex 6.83071 -1.83028 20.8325
      vertex 3.96528 -1.64247 21.5773
    endloop
  endfacet
  facet normal 0.24557 -0.0833594 0.965788
    outer loop
      vertex 6.83071 -1.83028 20.8325
      vertex 4.14574 -1.11085 21.5773
      vertex 3.96528 -1.64247 21.5773
    endloop
  endfacet
  facet normal 0.25435 -0.0505928 0.965788
    outer loop
      vertex 6.83071 -1.83028 20.8325
      vertex 7.01117 -0.923038 20.8325
      vertex 4.14574 -1.11085 21.5773
    endloop
  endfacet
  facet normal 0.25435 -0.0505943 0.965788
    outer loop
      vertex 7.01117 -0.923038 20.8325
      vertex 4.25527 -0.560217 21.5773
      vertex 4.14574 -1.11085 21.5773
    endloop
  endfacet
  facet normal 0.258778 -0.0169614 0.965788
    outer loop
      vertex 7.01117 -0.923038 20.8325
      vertex 7.07167 0 20.8325
      vertex 4.25527 -0.560217 21.5773
    endloop
  endfacet
  facet normal 0.258778 -0.0169618 0.965788
    outer loop
      vertex 7.07167 0 20.8325
      vertex 4.29199 0 21.5773
      vertex 4.25527 -0.560217 21.5773
    endloop
  endfacet
  facet normal 0.382575 0.0250738 0.923584
    outer loop
      vertex 9.73035 0 19.7312
      vertex 9.64711 1.27007 19.7312
      vertex 7.07167 0 20.8325
    endloop
  endfacet
  facet normal 0.382574 0.0250756 0.923585
    outer loop
      vertex 9.64711 1.27007 19.7312
      vertex 7.01117 0.923038 20.8325
      vertex 7.07167 0 20.8325
    endloop
  endfacet
  facet normal 0.376028 0.0747971 0.923585
    outer loop
      vertex 9.64711 1.27007 19.7312
      vertex 9.3988 2.5184 19.7312
      vertex 7.01117 0.923038 20.8325
    endloop
  endfacet
  facet normal 0.376028 0.074796 0.923584
    outer loop
      vertex 9.3988 2.5184 19.7312
      vertex 6.83071 1.83028 20.8325
      vertex 7.01117 0.923038 20.8325
    endloop
  endfacet
  facet normal 0.363048 0.12324 0.923584
    outer loop
      vertex 9.3988 2.5184 19.7312
      vertex 8.98967 3.72364 19.7312
      vertex 6.83071 1.83028 20.8325
    endloop
  endfacet
  facet normal 0.363049 0.123239 0.923584
    outer loop
      vertex 8.98967 3.72364 19.7312
      vertex 6.53337 2.70621 20.8325
      vertex 6.83071 1.83028 20.8325
    endloop
  endfacet
  facet normal 0.343858 0.16957 0.923584
    outer loop
      vertex 8.98967 3.72364 19.7312
      vertex 8.42673 4.86518 19.7312
      vertex 6.53337 2.70621 20.8325
    endloop
  endfacet
  facet normal 0.343855 0.169573 0.923585
    outer loop
      vertex 8.42673 4.86518 19.7312
      vertex 6.12424 3.53583 20.8325
      vertex 6.53337 2.70621 20.8325
    endloop
  endfacet
  facet normal 0.318781 0.213002 0.923585
    outer loop
      vertex 8.42673 4.86518 19.7312
      vertex 7.71961 5.92346 19.7312
      vertex 6.12424 3.53583 20.8325
    endloop
  endfacet
  facet normal 0.318782 0.213001 0.923584
    outer loop
      vertex 7.71961 5.92346 19.7312
      vertex 5.61033 4.30496 20.8325
      vertex 6.12424 3.53583 20.8325
    endloop
  endfacet
  facet normal 0.288252 0.252789 0.923585
    outer loop
      vertex 7.71961 5.92346 19.7312
      vertex 6.8804 6.8804 19.7312
      vertex 5.61033 4.30496 20.8325
    endloop
  endfacet
  facet normal 0.288249 0.252791 0.923585
    outer loop
      vertex 6.8804 6.8804 19.7312
      vertex 5.00042 5.00042 20.8325
      vertex 5.61033 4.30496 20.8325
    endloop
  endfacet
  facet normal 0.252788 0.288251 0.923585
    outer loop
      vertex 6.8804 6.8804 19.7312
      vertex 5.92346 7.71961 19.7312
      vertex 5.00042 5.00042 20.8325
    endloop
  endfacet
  facet normal 0.252792 0.28825 0.923584
    outer loop
      vertex 5.92346 7.71961 19.7312
      vertex 4.30496 5.61033 20.8325
      vertex 5.00042 5.00042 20.8325
    endloop
  endfacet
  facet normal 0.213003 0.318781 0.923585
    outer loop
      vertex 5.92346 7.71961 19.7312
      vertex 4.86518 8.42673 19.7312
      vertex 4.30496 5.61033 20.8325
    endloop
  endfacet
  facet normal 0.213001 0.318782 0.923585
    outer loop
      vertex 4.86518 8.42673 19.7312
      vertex 3.53583 6.12424 20.8325
      vertex 4.30496 5.61033 20.8325
    endloop
  endfacet
  facet normal 0.16957 0.343857 0.923585
    outer loop
      vertex 4.86518 8.42673 19.7312
      vertex 3.72364 8.98967 19.7312
      vertex 3.53583 6.12424 20.8325
    endloop
  endfacet
  facet normal 0.169574 0.343856 0.923584
    outer loop
      vertex 3.72364 8.98967 19.7312
      vertex 2.70621 6.53337 20.8325
      vertex 3.53583 6.12424 20.8325
    endloop
  endfacet
  facet normal 0.12324 0.363048 0.923584
    outer loop
      vertex 3.72364 8.98967 19.7312
      vertex 2.5184 9.3988 19.7312
      vertex 2.70621 6.53337 20.8325
    endloop
  endfacet
  facet normal 0.123239 0.363048 0.923584
    outer loop
      vertex 2.5184 9.3988 19.7312
      vertex 1.83028 6.83071 20.8325
      vertex 2.70621 6.53337 20.8325
    endloop
  endfacet
  facet normal 0.0747972 0.376028 0.923584
    outer loop
      vertex 2.5184 9.3988 19.7312
      vertex 1.27007 9.64711 19.7312
      vertex 1.83028 6.83071 20.8325
    endloop
  endfacet
  facet normal 0.0747959 0.376028 0.923585
    outer loop
      vertex 1.27007 9.64711 19.7312
      vertex 0.923038 7.01117 20.8325
      vertex 1.83028 6.83071 20.8325
    endloop
  endfacet
  facet normal 0.0250738 0.382574 0.923585
    outer loop
      vertex 1.27007 9.64711 19.7312
      vertex 0 9.73035 19.7312
      vertex 0.923038 7.01117 20.8325
    endloop
  endfacet
  facet normal 0.0250756 0.382575 0.923584
    outer loop
      vertex 0 9.73035 19.7312
      vertex 0 7.07167 20.8325
      vertex 0.923038 7.01117 20.8325
    endloop
  endfacet
  facet normal -0.0250738 0.382575 0.923584
    outer loop
      vertex 0 9.73035 19.7312
      vertex -1.27007 9.64711 19.7312
      vertex 0 7.07167 20.8325
    endloop
  endfacet
  facet normal -0.0250756 0.382574 0.923585
    outer loop
      vertex -1.27007 9.64711 19.7312
      vertex -0.923038 7.01117 20.8325
      vertex 0 7.07167 20.8325
    endloop
  endfacet
  facet normal -0.0747971 0.376028 0.923585
    outer loop
      vertex -1.27007 9.64711 19.7312
      vertex -2.5184 9.3988 19.7312
      vertex -0.923038 7.01117 20.8325
    endloop
  endfacet
  facet normal -0.074796 0.376028 0.923584
    outer loop
      vertex -2.5184 9.3988 19.7312
      vertex -1.83028 6.83071 20.8325
      vertex -0.923038 7.01117 20.8325
    endloop
  endfacet
  facet normal -0.12324 0.363048 0.923584
    outer loop
      vertex -2.5184 9.3988 19.7312
      vertex -3.72364 8.98967 19.7312
      vertex -1.83028 6.83071 20.8325
    endloop
  endfacet
  facet normal -0.123239 0.363049 0.923584
    outer loop
      vertex -3.72364 8.98967 19.7312
      vertex -2.70621 6.53337 20.8325
      vertex -1.83028 6.83071 20.8325
    endloop
  endfacet
  facet normal -0.16957 0.343858 0.923584
    outer loop
      vertex -3.72364 8.98967 19.7312
      vertex -4.86518 8.42673 19.7312
      vertex -2.70621 6.53337 20.8325
    endloop
  endfacet
  facet normal -0.169573 0.343855 0.923585
    outer loop
      vertex -4.86518 8.42673 19.7312
      vertex -3.53583 6.12424 20.8325
      vertex -2.70621 6.53337 20.8325
    endloop
  endfacet
  facet normal -0.213002 0.318781 0.923585
    outer loop
      vertex -4.86518 8.42673 19.7312
      vertex -5.92346 7.71961 19.7312
      vertex -3.53583 6.12424 20.8325
    endloop
  endfacet
  facet normal -0.213001 0.318782 0.923584
    outer loop
      vertex -5.92346 7.71961 19.7312
      vertex -4.30496 5.61033 20.8325
      vertex -3.53583 6.12424 20.8325
    endloop
  endfacet
  facet normal -0.252789 0.288252 0.923585
    outer loop
      vertex -5.92346 7.71961 19.7312
      vertex -6.8804 6.8804 19.7312
      vertex -4.30496 5.61033 20.8325
    endloop
  endfacet
  facet normal -0.252791 0.288249 0.923585
    outer loop
      vertex -6.8804 6.8804 19.7312
      vertex -5.00042 5.00042 20.8325
      vertex -4.30496 5.61033 20.8325
    endloop
  endfacet
  facet normal -0.288251 0.252788 0.923585
    outer loop
      vertex -6.8804 6.8804 19.7312
      vertex -7.71961 5.92346 19.7312
      vertex -5.00042 5.00042 20.8325
    endloop
  endfacet
  facet normal -0.28825 0.252792 0.923584
    outer loop
      vertex -7.71961 5.92346 19.7312
      vertex -5.61033 4.30496 20.8325
      vertex -5.00042 5.00042 20.8325
    endloop
  endfacet
  facet normal -0.318781 0.213003 0.923585
    outer loop
      vertex -7.71961 5.92346 19.7312
      vertex -8.42673 4.86518 19.7312
      vertex -5.61033 4.30496 20.8325
    endloop
  endfacet
  facet normal -0.318782 0.213001 0.923585
    outer loop
      vertex -8.42673 4.86518 19.7312
      vertex -6.12424 3.53583 20.8325
      vertex -5.61033 4.30496 20.8325
    endloop
  endfacet
  facet normal -0.343857 0.16957 0.923585
    outer loop
      vertex -8.42673 4.86518 19.7312
      vertex -8.98967 3.72364 19.7312
      vertex -6.12424 3.53583 20.8325
    endloop
  endfacet
  facet normal -0.343856 0.169574 0.923584
    outer loop
      vertex -8.98967 3.72364 19.7312
      vertex -6.53337 2.70621 20.8325
      vertex -6.12424 3.53583 20.8325
    endloop
  endfacet
  facet normal -0.363048 0.12324 0.923584
    outer loop
      vertex -8.98967 3.72364 19.7312
      vertex -9.3988 2.5184 19.7312
      vertex -6.53337 2.70621 20.8325
    endloop
  endfacet
  facet normal -0.363048 0.123239 0.923584
    outer loop
      vertex -9.3988 2.5184 19.7312
      vertex -6.83071 1.83028 20.8325
      vertex -6.53337 2.70621 20.8325
    endloop
  endfacet
  facet normal -0.376028 0.0747972 0.923584
    outer loop
      vertex -9.3988 2.5184 19.7312
      vertex -9.64711 1.27007 19.7312
      vertex -6.83071 1.83028 20.8325
    endloop
  endfacet
  facet normal -0.376028 0.0747959 0.923585
    outer loop
      vertex -9.64711 1.27007 19.7312
      vertex -7.01117 0.923038 20.8325
      vertex -6.83071 1.83028 20.8325
    endloop
  endfacet
  facet normal -0.382574 0.0250738 0.923585
    outer loop
      vertex -9.64711 1.27007 19.7312
      vertex -9.73035 -0 19.7312
      vertex -7.01117 0.923038 20.8325
    endloop
  endfacet
  facet normal -0.382575 0.0250756 0.923584
    outer loop
      vertex -9.73035 -0 19.7312
      vertex -7.07167 -0 20.8325
      vertex -7.01117 0.923038 20.8325
    endloop
  endfacet
  facet normal -0.382575 -0.0250738 0.923584
    outer loop
      vertex -9.73035 -0 19.7312
      vertex -9.64711 -1.27007 19.7312
      vertex -7.07167 -0 20.8325
    endloop
  endfacet
  facet normal -0.382574 -0.0250756 0.923585
    outer loop
      vertex -9.64711 -1.27007 19.7312
      vertex -7.01117 -0.923038 20.8325
      vertex -7.07167 -0 20.8325
    endloop
  endfacet
  facet normal -0.376028 -0.0747971 0.923585
    outer loop
      vertex -9.64711 -1.27007 19.7312
      vertex -9.3988 -2.5184 19.7312
      vertex -7.01117 -0.923038 20.8325
    endloop
  endfacet
  facet normal -0.376028 -0.074796 0.923584
    outer loop
      vertex -9.3988 -2.5184 19.7312
      vertex -6.83071 -1.83028 20.8325
      vertex -7.01117 -0.923038 20.8325
    endloop
  endfacet
  facet normal -0.363048 -0.12324 0.923584
    outer loop
      vertex -9.3988 -2.5184 19.7312
      vertex -8.98967 -3.72364 19.7312
      vertex -6.83071 -1.83028 20.8325
    endloop
  endfacet
  facet normal -0.363049 -0.123239 0.923584
    outer loop
      vertex -8.98967 -3.72364 19.7312
      vertex -6.53337 -2.70621 20.8325
      vertex -6.83071 -1.83028 20.8325
    endloop
  endfacet
  facet normal -0.343858 -0.16957 0.923584
    outer loop
      vertex -8.98967 -3.72364 19.7312
      vertex -8.42673 -4.86518 19.7312
      vertex -6.53337 -2.70621 20.8325
    endloop
  endfacet
  facet normal -0.343855 -0.169573 0.923585
    outer loop
      vertex -8.42673 -4.86518 19.7312
      vertex -6.12424 -3.53583 20.8325
      vertex -6.53337 -2.70621 20.8325
    endloop
  endfacet
  facet normal -0.318781 -0.213002 0.923585
    outer loop
      vertex -8.42673 -4.86518 19.7312
      vertex -7.71961 -5.92346 19.7312
      vertex -6.12424 -3.53583 20.8325
    endloop
  endfacet
  facet normal -0.318782 -0.213001 0.923584
    outer loop
      vertex -7.71961 -5.92346 19.7312
      vertex -5.61033 -4.30496 20.8325
      vertex -6.12424 -3.53583 20.8325
    endloop
  endfacet
  facet normal -0.288252 -0.252789 0.923585
    outer loop
      vertex -7.71961 -5.92346 19.7312
      vertex -6.8804 -6.8804 19.7312
      vertex -5.61033 -4.30496 20.8325
    endloop
  endfacet
  facet normal -0.288249 -0.252791 0.923585
    outer loop
      vertex -6.8804 -6.8804 19.7312
      vertex -5.00042 -5.00042 20.8325
      vertex -5.61033 -4.30496 20.8325
    endloop
  endfacet
  facet normal -0.252788 -0.288251 0.923585
    outer loop
      vertex -6.8804 -6.8804 19.7312
      vertex -5.92346 -7.71961 19.7312
      vertex -5.00042 -5.00042 20.8325
    endloop
  endfacet
  facet normal -0.252792 -0.28825 0.923584
    outer loop
      vertex -5.92346 -7.71961 19.7312
      vertex -4.30496 -5.61033 20.8325
      vertex -5.00042 -5.00042 20.8325
    endloop
  endfacet
  facet normal -0.213003 -0.318781 0.923585
    outer loop
      vertex -5.92346 -7.71961 19.7312
      vertex -4.86518 -8.42673 19.7312
      vertex -4.30496 -5.61033 20.8325
    endloop
  endfacet
  facet normal -0.213001 -0.318782 0.923585
    outer loop
      vertex -4.86518 -8.42673 19.7312
      vertex -3.53583 -6.12424 20.8325
      vertex -4.30496 -5.61033 20.8325
    endloop
  endfacet
  facet normal -0.16957 -0.343857 0.923585
    outer loop
      vertex -4.86518 -8.42673 19.7312
      vertex -3.72364 -8.98967 19.7312
      vertex -3.53583 -6.12424 20.8325
    endloop
  endfacet
  facet normal -0.169574 -0.343856 0.923584
    outer loop
      vertex -3.72364 -8.98967 19.7312
      vertex -2.70621 -6.53337 20.8325
      vertex -3.53583 -6.12424 20.8325
    endloop
  endfacet
  facet normal -0.12324 -0.363048 0.923584
    outer loop
      vertex -3.72364 -8.98967 19.7312
      vertex -2.5184 -9.3988 19.7312
      vertex -2.70621 -6.53337 20.8325
    endloop
  endfacet
  facet normal -0.123239 -0.363048 0.923584
    outer loop
      vertex -2.5184 -9.3988 19.7312
      vertex -1.83028 -6.83071 20.8325
      vertex -2.70621 -6.53337 20.8325
    endloop
  endfacet
  facet normal -0.0747972 -0.376028 0.923584
    outer loop
      vertex -2.5184 -9.3988 19.7312
      vertex -1.27007 -9.64711 19.7312
      vertex -1.83028 -6.83071 20.8325
    endloop
  endfacet
  facet normal -0.0747959 -0.376028 0.923585
    outer loop
      vertex -1.27007 -9.64711 19.7312
      vertex -0.923038 -7.01117 20.8325
      vertex -1.83028 -6.83071 20.8325
    endloop
  endfacet
  facet normal -0.0250738 -0.382574 0.923585
    outer loop
      vertex -1.27007 -9.64711 19.7312
      vertex -0 -9.73035 19.7312
      vertex -0.923038 -7.01117 20.8325
    endloop
  endfacet
  facet normal -0.0250756 -0.382575 0.923584
    outer loop
      vertex -0 -9.73035 19.7312
      vertex -0 -7.07167 20.8325
      vertex -0.923038 -7.01117 20.8325
    endloop
  endfacet
  facet normal 0.0250738 -0.382575 0.923584
    outer loop
      vertex -0 -9.73035 19.7312
      vertex 1.27007 -9.64711 19.7312
      vertex -0 -7.07167 20.8325
    endloop
  endfacet
  facet normal 0.0250756 -0.382574 0.923585
    outer loop
      vertex 1.27007 -9.64711 19.7312
      vertex 0.923038 -7.01117 20.8325
      vertex -0 -7.07167 20.8325
    endloop
  endfacet
  facet normal 0.0747971 -0.376028 0.923585
    outer loop
      vertex 1.27007 -9.64711 19.7312
      vertex 2.5184 -9.3988 19.7312
      vertex 0.923038 -7.01117 20.8325
    endloop
  endfacet
  facet normal 0.074796 -0.376028 0.923584
    outer loop
      vertex 2.5184 -9.3988 19.7312
      vertex 1.83028 -6.83071 20.8325
      vertex 0.923038 -7.01117 20.8325
    endloop
  endfacet
  facet normal 0.12324 -0.363048 0.923584
    outer loop
      vertex 2.5184 -9.3988 19.7312
      vertex 3.72364 -8.98967 19.7312
      vertex 1.83028 -6.83071 20.8325
    endloop
  endfacet
  facet normal 0.123239 -0.363049 0.923584
    outer loop
      vertex 3.72364 -8.98967 19.7312
      vertex 2.70621 -6.53337 20.8325
      vertex 1.83028 -6.83071 20.8325
    endloop
  endfacet
  facet normal 0.16957 -0.343858 0.923584
    outer loop
      vertex 3.72364 -8.98967 19.7312
      vertex 4.86518 -8.42673 19.7312
      vertex 2.70621 -6.53337 20.8325
    endloop
  endfacet
  facet normal 0.169573 -0.343855 0.923585
    outer loop
      vertex 4.86518 -8.42673 19.7312
      vertex 3.53583 -6.12424 20.8325
      vertex 2.70621 -6.53337 20.8325
    endloop
  endfacet
  facet normal 0.213002 -0.318781 0.923585
    outer loop
      vertex 4.86518 -8.42673 19.7312
      vertex 5.92346 -7.71961 19.7312
      vertex 3.53583 -6.12424 20.8325
    endloop
  endfacet
  facet normal 0.213001 -0.318782 0.923584
    outer loop
      vertex 5.92346 -7.71961 19.7312
      vertex 4.30496 -5.61033 20.8325
      vertex 3.53583 -6.12424 20.8325
    endloop
  endfacet
  facet normal 0.252789 -0.288252 0.923585
    outer loop
      vertex 5.92346 -7.71961 19.7312
      vertex 6.8804 -6.8804 19.7312
      vertex 4.30496 -5.61033 20.8325
    endloop
  endfacet
  facet normal 0.252791 -0.288249 0.923585
    outer loop
      vertex 6.8804 -6.8804 19.7312
      vertex 5.00042 -5.00042 20.8325
      vertex 4.30496 -5.61033 20.8325
    endloop
  endfacet
  facet normal 0.288251 -0.252788 0.923585
    outer loop
      vertex 6.8804 -6.8804 19.7312
      vertex 7.71961 -5.92346 19.7312
      vertex 5.00042 -5.00042 20.8325
    endloop
  endfacet
  facet normal 0.28825 -0.252792 0.923584
    outer loop
      vertex 7.71961 -5.92346 19.7312
      vertex 5.61033 -4.30496 20.8325
      vertex 5.00042 -5.00042 20.8325
    endloop
  endfacet
  facet normal 0.318781 -0.213003 0.923585
    outer loop
      vertex 7.71961 -5.92346 19.7312
      vertex 8.42673 -4.86518 19.7312
      vertex 5.61033 -4.30496 20.8325
    endloop
  endfacet
  facet normal 0.318782 -0.213001 0.923585
    outer loop
      vertex 8.42673 -4.86518 19.7312
      vertex 6.12424 -3.53583 20.8325
      vertex 5.61033 -4.30496 20.8325
    endloop
  endfacet
  facet normal 0.343857 -0.16957 0.923585
    outer loop
      vertex 8.42673 -4.86518 19.7312
      vertex 8.98967 -3.72364 19.7312
      vertex 6.12424 -3.53583 20.8325
    endloop
  endfacet
  facet normal 0.343856 -0.169574 0.923584
    outer loop
      vertex 8.98967 -3.72364 19.7312
      vertex 6.53337 -2.70621 20.8325
      vertex 6.12424 -3.53583 20.8325
    endloop
  endfacet
  facet normal 0.363048 -0.12324 0.923584
    outer loop
      vertex 8.98967 -3.72364 19.7312
      vertex 9.3988 -2.5184 19.7312
      vertex 6.53337 -2.70621 20.8325
    endloop
  endfacet
  facet normal 0.363048 -0.123239 0.923584
    outer loop
      vertex 9.3988 -2.5184 19.7312
      vertex 6.83071 -1.83028 20.8325
      vertex 6.53337 -2.70621 20.8325
    endloop
  endfacet
  facet normal 0.376028 -0.0747972 0.923584
    outer loop
      vertex 9.3988 -2.5184 19.7312
      vertex 9.64711 -1.27007 19.7312
      vertex 6.83071 -1.83028 20.8325
    endloop
  endfacet
  facet normal 0.376028 -0.0747959 0.923585
    outer loop
      vertex 9.64711 -1.27007 19.7312
      vertex 7.01117 -0.923038 20.8325
      vertex 6.83071 -1.83028 20.8325
    endloop
  endfacet
  facet normal 0.382574 -0.0250738 0.923585
    outer loop
      vertex 9.64711 -1.27007 19.7312
      vertex 9.73035 0 19.7312
      vertex 7.01117 -0.923038 20.8325
    endloop
  endfacet
  facet normal 0.382575 -0.0250756 0.923584
    outer loop
      vertex 9.73035 0 19.7312
      vertex 7.07167 0 20.8325
      vertex 7.01117 -0.923038 20.8325
    endloop
  endfacet
  facet normal 0.499747 0.0327346 0.865553
    outer loop
      vertex 12.2225 0 18.2923
      vertex 12.118 1.59536 18.2923
      vertex 9.73035 0 19.7312
    endloop
  endfacet
  facet normal 0.499738 0.0327526 0.865557
    outer loop
      vertex 12.118 1.59536 18.2923
      vertex 9.64711 1.27007 19.7312
      vertex 9.73035 0 19.7312
    endloop
  endfacet
  facet normal 0.491187 0.0977005 0.865557
    outer loop
      vertex 12.118 1.59536 18.2923
      vertex 11.8061 3.16343 18.2923
      vertex 9.64711 1.27007 19.7312
    endloop
  endfacet
  facet normal 0.491185 0.0977035 0.865558
    outer loop
      vertex 11.8061 3.16343 18.2923
      vertex 9.3988 2.5184 19.7312
      vertex 9.64711 1.27007 19.7312
    endloop
  endfacet
  facet normal 0.474232 0.160976 0.865558
    outer loop
      vertex 11.8061 3.16343 18.2923
      vertex 11.2922 4.67737 18.2923
      vertex 9.3988 2.5184 19.7312
    endloop
  endfacet
  facet normal 0.474227 0.160981 0.86556
    outer loop
      vertex 11.2922 4.67737 18.2923
      vertex 8.98967 3.72364 19.7312
      vertex 9.3988 2.5184 19.7312
    endloop
  endfacet
  facet normal 0.44915 0.221521 0.865559
    outer loop
      vertex 11.2922 4.67737 18.2923
      vertex 10.585 6.11127 18.2923
      vertex 8.98967 3.72364 19.7312
    endloop
  endfacet
  facet normal 0.44917 0.221504 0.865553
    outer loop
      vertex 10.585 6.11127 18.2923
      vertex 8.42673 4.86518 19.7312
      vertex 8.98967 3.72364 19.7312
    endloop
  endfacet
  facet normal 0.416419 0.278231 0.865554
    outer loop
      vertex 10.585 6.11127 18.2923
      vertex 9.6968 7.44061 18.2923
      vertex 8.42673 4.86518 19.7312
    endloop
  endfacet
  facet normal 0.41641 0.278236 0.865556
    outer loop
      vertex 9.6968 7.44061 18.2923
      vertex 7.71961 5.92346 19.7312
      vertex 8.42673 4.86518 19.7312
    endloop
  endfacet
  facet normal 0.376529 0.33021 0.865556
    outer loop
      vertex 9.6968 7.44061 18.2923
      vertex 8.64264 8.64264 18.2923
      vertex 7.71961 5.92346 19.7312
    endloop
  endfacet
  facet normal 0.376532 0.330209 0.865555
    outer loop
      vertex 8.64264 8.64264 18.2923
      vertex 6.8804 6.8804 19.7312
      vertex 7.71961 5.92346 19.7312
    endloop
  endfacet
  facet normal 0.330211 0.37653 0.865555
    outer loop
      vertex 8.64264 8.64264 18.2923
      vertex 7.44061 9.6968 18.2923
      vertex 6.8804 6.8804 19.7312
    endloop
  endfacet
  facet normal 0.330208 0.376531 0.865556
    outer loop
      vertex 7.44061 9.6968 18.2923
      vertex 5.92346 7.71961 19.7312
      vertex 6.8804 6.8804 19.7312
    endloop
  endfacet
  facet normal 0.278229 0.416416 0.865556
    outer loop
      vertex 7.44061 9.6968 18.2923
      vertex 6.11127 10.585 18.2923
      vertex 5.92346 7.71961 19.7312
    endloop
  endfacet
  facet normal 0.278239 0.416414 0.865553
    outer loop
      vertex 6.11127 10.585 18.2923
      vertex 4.86518 8.42673 19.7312
      vertex 5.92346 7.71961 19.7312
    endloop
  endfacet
  facet normal 0.221525 0.449158 0.865554
    outer loop
      vertex 6.11127 10.585 18.2923
      vertex 4.67737 11.2922 18.2923
      vertex 4.86518 8.42673 19.7312
    endloop
  endfacet
  facet normal 0.221499 0.44916 0.86556
    outer loop
      vertex 4.67737 11.2922 18.2923
      vertex 3.72364 8.98967 19.7312
      vertex 4.86518 8.42673 19.7312
    endloop
  endfacet
  facet normal 0.160975 0.474229 0.86556
    outer loop
      vertex 4.67737 11.2922 18.2923
      vertex 3.16343 11.8061 18.2923
      vertex 3.72364 8.98967 19.7312
    endloop
  endfacet
  facet normal 0.160982 0.47423 0.865558
    outer loop
      vertex 3.16343 11.8061 18.2923
      vertex 2.5184 9.3988 19.7312
      vertex 3.72364 8.98967 19.7312
    endloop
  endfacet
  facet normal 0.0977003 0.491186 0.865558
    outer loop
      vertex 3.16343 11.8061 18.2923
      vertex 1.59536 12.118 18.2923
      vertex 2.5184 9.3988 19.7312
    endloop
  endfacet
  facet normal 0.0977038 0.491187 0.865557
    outer loop
      vertex 1.59536 12.118 18.2923
      vertex 1.27007 9.64711 19.7312
      vertex 2.5184 9.3988 19.7312
    endloop
  endfacet
  facet normal 0.0327342 0.49974 0.865557
    outer loop
      vertex 1.59536 12.118 18.2923
      vertex 0 12.2225 18.2923
      vertex 1.27007 9.64711 19.7312
    endloop
  endfacet
  facet normal 0.0327532 0.499746 0.865552
    outer loop
      vertex 0 12.2225 18.2923
      vertex 0 9.73035 19.7312
      vertex 1.27007 9.64711 19.7312
    endloop
  endfacet
  facet normal -0.0327346 0.499747 0.865553
    outer loop
      vertex 0 12.2225 18.2923
      vertex -1.59536 12.118 18.2923
      vertex 0 9.73035 19.7312
    endloop
  endfacet
  facet normal -0.0327526 0.499738 0.865557
    outer loop
      vertex -1.59536 12.118 18.2923
      vertex -1.27007 9.64711 19.7312
      vertex 0 9.73035 19.7312
    endloop
  endfacet
  facet normal -0.0977005 0.491187 0.865557
    outer loop
      vertex -1.59536 12.118 18.2923
      vertex -3.16343 11.8061 18.2923
      vertex -1.27007 9.64711 19.7312
    endloop
  endfacet
  facet normal -0.0977035 0.491185 0.865558
    outer loop
      vertex -3.16343 11.8061 18.2923
      vertex -2.5184 9.3988 19.7312
      vertex -1.27007 9.64711 19.7312
    endloop
  endfacet
  facet normal -0.160976 0.474232 0.865558
    outer loop
      vertex -3.16343 11.8061 18.2923
      vertex -4.67737 11.2922 18.2923
      vertex -2.5184 9.3988 19.7312
    endloop
  endfacet
  facet normal -0.160981 0.474227 0.86556
    outer loop
      vertex -4.67737 11.2922 18.2923
      vertex -3.72364 8.98967 19.7312
      vertex -2.5184 9.3988 19.7312
    endloop
  endfacet
  facet normal -0.221521 0.44915 0.865559
    outer loop
      vertex -4.67737 11.2922 18.2923
      vertex -6.11127 10.585 18.2923
      vertex -3.72364 8.98967 19.7312
    endloop
  endfacet
  facet normal -0.221504 0.44917 0.865553
    outer loop
      vertex -6.11127 10.585 18.2923
      vertex -4.86518 8.42673 19.7312
      vertex -3.72364 8.98967 19.7312
    endloop
  endfacet
  facet normal -0.278231 0.416419 0.865554
    outer loop
      vertex -6.11127 10.585 18.2923
      vertex -7.44061 9.6968 18.2923
      vertex -4.86518 8.42673 19.7312
    endloop
  endfacet
  facet normal -0.278236 0.41641 0.865556
    outer loop
      vertex -7.44061 9.6968 18.2923
      vertex -5.92346 7.71961 19.7312
      vertex -4.86518 8.42673 19.7312
    endloop
  endfacet
  facet normal -0.33021 0.376529 0.865556
    outer loop
      vertex -7.44061 9.6968 18.2923
      vertex -8.64264 8.64264 18.2923
      vertex -5.92346 7.71961 19.7312
    endloop
  endfacet
  facet normal -0.330209 0.376532 0.865555
    outer loop
      vertex -8.64264 8.64264 18.2923
      vertex -6.8804 6.8804 19.7312
      vertex -5.92346 7.71961 19.7312
    endloop
  endfacet
  facet normal -0.37653 0.330211 0.865555
    outer loop
      vertex -8.64264 8.64264 18.2923
      vertex -9.6968 7.44061 18.2923
      vertex -6.8804 6.8804 19.7312
    endloop
  endfacet
  facet normal -0.376531 0.330208 0.865556
    outer loop
      vertex -9.6968 7.44061 18.2923
      vertex -7.71961 5.92346 19.7312
      vertex -6.8804 6.8804 19.7312
    endloop
  endfacet
  facet normal -0.416416 0.278229 0.865556
    outer loop
      vertex -9.6968 7.44061 18.2923
      vertex -10.585 6.11127 18.2923
      vertex -7.71961 5.92346 19.7312
    endloop
  endfacet
  facet normal -0.416414 0.278239 0.865553
    outer loop
      vertex -10.585 6.11127 18.2923
      vertex -8.42673 4.86518 19.7312
      vertex -7.71961 5.92346 19.7312
    endloop
  endfacet
  facet normal -0.449158 0.221525 0.865554
    outer loop
      vertex -10.585 6.11127 18.2923
      vertex -11.2922 4.67737 18.2923
      vertex -8.42673 4.86518 19.7312
    endloop
  endfacet
  facet normal -0.44916 0.221499 0.86556
    outer loop
      vertex -11.2922 4.67737 18.2923
      vertex -8.98967 3.72364 19.7312
      vertex -8.42673 4.86518 19.7312
    endloop
  endfacet
  facet normal -0.474229 0.160975 0.86556
    outer loop
      vertex -11.2922 4.67737 18.2923
      vertex -11.8061 3.16343 18.2923
      vertex -8.98967 3.72364 19.7312
    endloop
  endfacet
  facet normal -0.47423 0.160982 0.865558
    outer loop
      vertex -11.8061 3.16343 18.2923
      vertex -9.3988 2.5184 19.7312
      vertex -8.98967 3.72364 19.7312
    endloop
  endfacet
  facet normal -0.491186 0.0977003 0.865558
    outer loop
      vertex -11.8061 3.16343 18.2923
      vertex -12.118 1.59536 18.2923
      vertex -9.3988 2.5184 19.7312
    endloop
  endfacet
  facet normal -0.491187 0.0977038 0.865557
    outer loop
      vertex -12.118 1.59536 18.2923
      vertex -9.64711 1.27007 19.7312
      vertex -9.3988 2.5184 19.7312
    endloop
  endfacet
  facet normal -0.49974 0.0327342 0.865557
    outer loop
      vertex -12.118 1.59536 18.2923
      vertex -12.2225 -0 18.2923
      vertex -9.64711 1.27007 19.7312
    endloop
  endfacet
  facet normal -0.499746 0.0327532 0.865552
    outer loop
      vertex -12.2225 -0 18.2923
      vertex -9.73035 -0 19.7312
      vertex -9.64711 1.27007 19.7312
    endloop
  endfacet
  facet normal -0.499747 -0.0327346 0.865553
    outer loop
      vertex -12.2225 -0 18.2923
      vertex -12.118 -1.59536 18.2923
      vertex -9.73035 -0 19.7312
    endloop
  endfacet
  facet normal -0.499738 -0.0327526 0.865557
    outer loop
      vertex -12.118 -1.59536 18.2923
      vertex -9.64711 -1.27007 19.7312
      vertex -9.73035 -0 19.7312
    endloop
  endfacet
  facet normal -0.491187 -0.0977005 0.865557
    outer loop
      vertex -12.118 -1.59536 18.2923
      vertex -11.8061 -3.16343 18.2923
      vertex -9.64711 -1.27007 19.7312
    endloop
  endfacet
  facet normal -0.491185 -0.0977035 0.865558
    outer loop
      vertex -11.8061 -3.16343 18.2923
      vertex -9.3988 -2.5184 19.7312
      vertex -9.64711 -1.27007 19.7312
    endloop
  endfacet
  facet normal -0.474232 -0.160976 0.865558
    outer loop
      vertex -11.8061 -3.16343 18.2923
      vertex -11.2922 -4.67737 18.2923
      vertex -9.3988 -2.5184 19.7312
    endloop
  endfacet
  facet normal -0.474227 -0.160981 0.86556
    outer loop
      vertex -11.2922 -4.67737 18.2923
      vertex -8.98967 -3.72364 19.7312
      vertex -9.3988 -2.5184 19.7312
    endloop
  endfacet
  facet normal -0.44915 -0.221521 0.865559
    outer loop
      vertex -11.2922 -4.67737 18.2923
      vertex -10.585 -6.11127 18.2923
      vertex -8.98967 -3.72364 19.7312
    endloop
  endfacet
  facet normal -0.44917 -0.221504 0.865553
    outer loop
      vertex -10.585 -6.11127 18.2923
      vertex -8.42673 -4.86518 19.7312
      vertex -8.98967 -3.72364 19.7312
    endloop
  endfacet
  facet normal -0.416419 -0.278231 0.865554
    outer loop
      vertex -10.585 -6.11127 18.2923
      vertex -9.6968 -7.44061 18.2923
      vertex -8.42673 -4.86518 19.7312
    endloop
  endfacet
  facet normal -0.41641 -0.278236 0.865556
    outer loop
      vertex -9.6968 -7.44061 18.2923
      vertex -7.71961 -5.92346 19.7312
      vertex -8.42673 -4.86518 19.7312
    endloop
  endfacet
  facet normal -0.376529 -0.33021 0.865556
    outer loop
      vertex -9.6968 -7.44061 18.2923
      vertex -8.64264 -8.64264 18.2923
      vertex -7.71961 -5.92346 19.7312
    endloop
  endfacet
  facet normal -0.376532 -0.330209 0.865555
    outer loop
      vertex -8.64264 -8.64264 18.2923
      vertex -6.8804 -6.8804 19.7312
      vertex -7.71961 -5.92346 19.7312
    endloop
  endfacet
  facet normal -0.330211 -0.37653 0.865555
    outer loop
      vertex -8.64264 -8.64264 18.2923
      vertex -7.44061 -9.6968 18.2923
      vertex -6.8804 -6.8804 19.7312
    endloop
  endfacet
  facet normal -0.330208 -0.376531 0.865556
    outer loop
      vertex -7.44061 -9.6968 18.2923
      vertex -5.92346 -7.71961 19.7312
      vertex -6.8804 -6.8804 19.7312
    endloop
  endfacet
  facet normal -0.278229 -0.416416 0.865556
    outer loop
      vertex -7.44061 -9.6968 18.2923
      vertex -6.11127 -10.585 18.2923
      vertex -5.92346 -7.71961 19.7312
    endloop
  endfacet
  facet normal -0.278239 -0.416414 0.865553
    outer loop
      vertex -6.11127 -10.585 18.2923
      vertex -4.86518 -8.42673 19.7312
      vertex -5.92346 -7.71961 19.7312
    endloop
  endfacet
  facet normal -0.221525 -0.449158 0.865554
    outer loop
      vertex -6.11127 -10.585 18.2923
      vertex -4.67737 -11.2922 18.2923
      vertex -4.86518 -8.42673 19.7312
    endloop
  endfacet
  facet normal -0.221499 -0.44916 0.86556
    outer loop
      vertex -4.67737 -11.2922 18.2923
      vertex -3.72364 -8.98967 19.7312
      vertex -4.86518 -8.42673 19.7312
    endloop
  endfacet
  facet normal -0.160975 -0.474229 0.86556
    outer loop
      vertex -4.67737 -11.2922 18.2923
      vertex -3.16343 -11.8061 18.2923
      vertex -3.72364 -8.98967 19.7312
    endloop
  endfacet
  facet normal -0.160982 -0.47423 0.865558
    outer loop
      vertex -3.16343 -11.8061 18.2923
      vertex -2.5184 -9.3988 19.7312
      vertex -3.72364 -8.98967 19.7312
    endloop
  endfacet
  facet normal -0.0977003 -0.491186 0.865558
    outer loop
      vertex -3.16343 -11.8061 18.2923
      vertex -1.59536 -12.118 18.2923
      vertex -2.5184 -9.3988 19.7312
    endloop
  endfacet
  facet normal -0.0977038 -0.491187 0.865557
    outer loop
      vertex -1.59536 -12.118 18.2923
      vertex -1.27007 -9.64711 19.7312
      vertex -2.5184 -9.3988 19.7312
    endloop
  endfacet
  facet normal -0.0327342 -0.49974 0.865557
    outer loop
      vertex -1.59536 -12.118 18.2923
      vertex -0 -12.2225 18.2923
      vertex -1.27007 -9.64711 19.7312
    endloop
  endfacet
  facet normal -0.0327532 -0.499746 0.865552
    outer loop
      vertex -0 -12.2225 18.2923
      vertex -0 -9.73035 19.7312
      vertex -1.27007 -9.64711 19.7312
    endloop
  endfacet
  facet normal 0.0327346 -0.499747 0.865553
    outer loop
      vertex -0 -12.2225 18.2923
      vertex 1.59536 -12.118 18.2923
      vertex -0 -9.73035 19.7312
    endloop
  endfacet
  facet normal 0.0327526 -0.499738 0.865557
    outer loop
      vertex 1.59536 -12.118 18.2923
      vertex 1.27007 -9.64711 19.7312
      vertex -0 -9.73035 19.7312
    endloop
  endfacet
  facet normal 0.0977005 -0.491187 0.865557
    outer loop
      vertex 1.59536 -12.118 18.2923
      vertex 3.16343 -11.8061 18.2923
      vertex 1.27007 -9.64711 19.7312
    endloop
  endfacet
  facet normal 0.0977035 -0.491185 0.865558
    outer loop
      vertex 3.16343 -11.8061 18.2923
      vertex 2.5184 -9.3988 19.7312
      vertex 1.27007 -9.64711 19.7312
    endloop
  endfacet
  facet normal 0.160976 -0.474232 0.865558
    outer loop
      vertex 3.16343 -11.8061 18.2923
      vertex 4.67737 -11.2922 18.2923
      vertex 2.5184 -9.3988 19.7312
    endloop
  endfacet
  facet normal 0.160981 -0.474227 0.86556
    outer loop
      vertex 4.67737 -11.2922 18.2923
      vertex 3.72364 -8.98967 19.7312
      vertex 2.5184 -9.3988 19.7312
    endloop
  endfacet
  facet normal 0.221521 -0.44915 0.865559
    outer loop
      vertex 4.67737 -11.2922 18.2923
      vertex 6.11127 -10.585 18.2923
      vertex 3.72364 -8.98967 19.7312
    endloop
  endfacet
  facet normal 0.221504 -0.44917 0.865553
    outer loop
      vertex 6.11127 -10.585 18.2923
      vertex 4.86518 -8.42673 19.7312
      vertex 3.72364 -8.98967 19.7312
    endloop
  endfacet
  facet normal 0.278231 -0.416419 0.865554
    outer loop
      vertex 6.11127 -10.585 18.2923
      vertex 7.44061 -9.6968 18.2923
      vertex 4.86518 -8.42673 19.7312
    endloop
  endfacet
  facet normal 0.278236 -0.41641 0.865556
    outer loop
      vertex 7.44061 -9.6968 18.2923
      vertex 5.92346 -7.71961 19.7312
      vertex 4.86518 -8.42673 19.7312
    endloop
  endfacet
  facet normal 0.33021 -0.376529 0.865556
    outer loop
      vertex 7.44061 -9.6968 18.2923
      vertex 8.64264 -8.64264 18.2923
      vertex 5.92346 -7.71961 19.7312
    endloop
  endfacet
  facet normal 0.330209 -0.376532 0.865555
    outer loop
      vertex 8.64264 -8.64264 18.2923
      vertex 6.8804 -6.8804 19.7312
      vertex 5.92346 -7.71961 19.7312
    endloop
  endfacet
  facet normal 0.37653 -0.330211 0.865555
    outer loop
      vertex 8.64264 -8.64264 18.2923
      vertex 9.6968 -7.44061 18.2923
      vertex 6.8804 -6.8804 19.7312
    endloop
  endfacet
  facet normal 0.376531 -0.330208 0.865556
    outer loop
      vertex 9.6968 -7.44061 18.2923
      vertex 7.71961 -5.92346 19.7312
      vertex 6.8804 -6.8804 19.7312
    endloop
  endfacet
  facet normal 0.416416 -0.278229 0.865556
    outer loop
      vertex 9.6968 -7.44061 18.2923
      vertex 10.585 -6.11127 18.2923
      vertex 7.71961 -5.92346 19.7312
    endloop
  endfacet
  facet normal 0.416414 -0.278239 0.865553
    outer loop
      vertex 10.585 -6.11127 18.2923
      vertex 8.42673 -4.86518 19.7312
      vertex 7.71961 -5.92346 19.7312
    endloop
  endfacet
  facet normal 0.449158 -0.221525 0.865554
    outer loop
      vertex 10.585 -6.11127 18.2923
      vertex 11.2922 -4.67737 18.2923
      vertex 8.42673 -4.86518 19.7312
    endloop
  endfacet
  facet normal 0.44916 -0.221499 0.86556
    outer loop
      vertex 11.2922 -4.67737 18.2923
      vertex 8.98967 -3.72364 19.7312
      vertex 8.42673 -4.86518 19.7312
    endloop
  endfacet
  facet normal 0.474229 -0.160975 0.86556
    outer loop
      vertex 11.2922 -4.67737 18.2923
      vertex 11.8061 -3.16343 18.2923
      vertex 8.98967 -3.72364 19.7312
    endloop
  endfacet
  facet normal 0.47423 -0.160982 0.865558
    outer loop
      vertex 11.8061 -3.16343 18.2923
      vertex 9.3988 -2.5184 19.7312
      vertex 8.98967 -3.72364 19.7312
    endloop
  endfacet
  facet normal 0.491186 -0.0977003 0.865558
    outer loop
      vertex 11.8061 -3.16343 18.2923
      vertex 12.118 -1.59536 18.2923
      vertex 9.3988 -2.5184 19.7312
    endloop
  endfacet
  facet normal 0.491187 -0.0977038 0.865557
    outer loop
      vertex 12.118 -1.59536 18.2923
      vertex 9.64711 -1.27007 19.7312
      vertex 9.3988 -2.5184 19.7312
    endloop
  endfacet
  facet normal 0.49974 -0.0327342 0.865557
    outer loop
      vertex 12.118 -1.59536 18.2923
      vertex 12.2225 0 18.2923
      vertex 9.64711 -1.27007 19.7312
    endloop
  endfacet
  facet normal 0.499746 -0.0327532 0.865552
    outer loop
      vertex 12.2225 0 18.2923
      vertex 9.73035 0 19.7312
      vertex 9.64711 -1.27007 19.7312
    endloop
  endfacet
  facet normal 0.608259 0.0398682 0.792737
    outer loop
      vertex 14.5056 0 16.5405
      vertex 14.3815 1.89336 16.5405
      vertex 12.2225 0 18.2923
    endloop
  endfacet
  facet normal 0.608273 0.0398434 0.792727
    outer loop
      vertex 14.3815 1.89336 16.5405
      vertex 12.118 1.59536 18.2923
      vertex 12.2225 0 18.2923
    endloop
  endfacet
  facet normal 0.597861 0.118932 0.792728
    outer loop
      vertex 14.3815 1.89336 16.5405
      vertex 14.0113 3.75433 16.5405
      vertex 12.118 1.59536 18.2923
    endloop
  endfacet
  facet normal 0.59787 0.11892 0.792723
    outer loop
      vertex 14.0113 3.75433 16.5405
      vertex 11.8061 3.16343 18.2923
      vertex 12.118 1.59536 18.2923
    endloop
  endfacet
  facet normal 0.577232 0.195941 0.792724
    outer loop
      vertex 14.0113 3.75433 16.5405
      vertex 13.4014 5.55106 16.5405
      vertex 11.8061 3.16343 18.2923
    endloop
  endfacet
  facet normal 0.577234 0.195939 0.792723
    outer loop
      vertex 13.4014 5.55106 16.5405
      vertex 11.2922 4.67737 18.2923
      vertex 11.8061 3.16343 18.2923
    endloop
  endfacet
  facet normal 0.546718 0.26961 0.792723
    outer loop
      vertex 13.4014 5.55106 16.5405
      vertex 12.5622 7.2528 16.5405
      vertex 11.2922 4.67737 18.2923
    endloop
  endfacet
  facet normal 0.546693 0.269629 0.792734
    outer loop
      vertex 12.5622 7.2528 16.5405
      vertex 10.585 6.11127 18.2923
      vertex 11.2922 4.67737 18.2923
    endloop
  endfacet
  facet normal 0.506846 0.338647 0.792733
    outer loop
      vertex 12.5622 7.2528 16.5405
      vertex 11.5081 8.83045 16.5405
      vertex 10.585 6.11127 18.2923
    endloop
  endfacet
  facet normal 0.506843 0.338648 0.792734
    outer loop
      vertex 11.5081 8.83045 16.5405
      vertex 9.6968 7.44061 18.2923
      vertex 10.585 6.11127 18.2923
    endloop
  endfacet
  facet normal 0.45829 0.401925 0.792734
    outer loop
      vertex 11.5081 8.83045 16.5405
      vertex 10.257 10.257 16.5405
      vertex 9.6968 7.44061 18.2923
    endloop
  endfacet
  facet normal 0.458299 0.401921 0.79273
    outer loop
      vertex 10.257 10.257 16.5405
      vertex 8.64264 8.64264 18.2923
      vertex 9.6968 7.44061 18.2923
    endloop
  endfacet
  facet normal 0.401928 0.458293 0.792731
    outer loop
      vertex 10.257 10.257 16.5405
      vertex 8.83045 11.5081 16.5405
      vertex 8.64264 8.64264 18.2923
    endloop
  endfacet
  facet normal 0.401917 0.458296 0.792734
    outer loop
      vertex 8.83045 11.5081 16.5405
      vertex 7.44061 9.6968 18.2923
      vertex 8.64264 8.64264 18.2923
    endloop
  endfacet
  facet normal 0.338646 0.506845 0.792734
    outer loop
      vertex 8.83045 11.5081 16.5405
      vertex 7.2528 12.5622 16.5405
      vertex 7.44061 9.6968 18.2923
    endloop
  endfacet
  facet normal 0.338649 0.506844 0.792733
    outer loop
      vertex 7.2528 12.5622 16.5405
      vertex 6.11127 10.585 18.2923
      vertex 7.44061 9.6968 18.2923
    endloop
  endfacet
  facet normal 0.269604 0.546707 0.792733
    outer loop
      vertex 7.2528 12.5622 16.5405
      vertex 5.55106 13.4014 16.5405
      vertex 6.11127 10.585 18.2923
    endloop
  endfacet
  facet normal 0.269636 0.546706 0.792722
    outer loop
      vertex 5.55106 13.4014 16.5405
      vertex 4.67737 11.2922 18.2923
      vertex 6.11127 10.585 18.2923
    endloop
  endfacet
  facet normal 0.195942 0.577233 0.792723
    outer loop
      vertex 5.55106 13.4014 16.5405
      vertex 3.75433 14.0113 16.5405
      vertex 4.67737 11.2922 18.2923
    endloop
  endfacet
  facet normal 0.195939 0.577232 0.792724
    outer loop
      vertex 3.75433 14.0113 16.5405
      vertex 3.16343 11.8061 18.2923
      vertex 4.67737 11.2922 18.2923
    endloop
  endfacet
  facet normal 0.118933 0.597867 0.792723
    outer loop
      vertex 3.75433 14.0113 16.5405
      vertex 1.89336 14.3815 16.5405
      vertex 3.16343 11.8061 18.2923
    endloop
  endfacet
  facet normal 0.118919 0.597863 0.792728
    outer loop
      vertex 1.89336 14.3815 16.5405
      vertex 1.59536 12.118 18.2923
      vertex 3.16343 11.8061 18.2923
    endloop
  endfacet
  facet normal 0.039869 0.60827 0.792728
    outer loop
      vertex 1.89336 14.3815 16.5405
      vertex 0 14.5056 16.5405
      vertex 1.59536 12.118 18.2923
    endloop
  endfacet
  facet normal 0.0398425 0.60826 0.792738
    outer loop
      vertex 0 14.5056 16.5405
      vertex 0 12.2225 18.2923
      vertex 1.59536 12.118 18.2923
    endloop
  endfacet
  facet normal -0.0398682 0.608259 0.792737
    outer loop
      vertex 0 14.5056 16.5405
      vertex -1.89336 14.3815 16.5405
      vertex 0 12.2225 18.2923
    endloop
  endfacet
  facet normal -0.0398434 0.608273 0.792727
    outer loop
      vertex -1.89336 14.3815 16.5405
      vertex -1.59536 12.118 18.2923
      vertex 0 12.2225 18.2923
    endloop
  endfacet
  facet normal -0.118932 0.597861 0.792728
    outer loop
      vertex -1.89336 14.3815 16.5405
      vertex -3.75433 14.0113 16.5405
      vertex -1.59536 12.118 18.2923
    endloop
  endfacet
  facet normal -0.11892 0.59787 0.792723
    outer loop
      vertex -3.75433 14.0113 16.5405
      vertex -3.16343 11.8061 18.2923
      vertex -1.59536 12.118 18.2923
    endloop
  endfacet
  facet normal -0.195941 0.577232 0.792724
    outer loop
      vertex -3.75433 14.0113 16.5405
      vertex -5.55106 13.4014 16.5405
      vertex -3.16343 11.8061 18.2923
    endloop
  endfacet
  facet normal -0.195939 0.577234 0.792723
    outer loop
      vertex -5.55106 13.4014 16.5405
      vertex -4.67737 11.2922 18.2923
      vertex -3.16343 11.8061 18.2923
    endloop
  endfacet
  facet normal -0.26961 0.546718 0.792723
    outer loop
      vertex -5.55106 13.4014 16.5405
      vertex -7.2528 12.5622 16.5405
      vertex -4.67737 11.2922 18.2923
    endloop
  endfacet
  facet normal -0.269629 0.546693 0.792734
    outer loop
      vertex -7.2528 12.5622 16.5405
      vertex -6.11127 10.585 18.2923
      vertex -4.67737 11.2922 18.2923
    endloop
  endfacet
  facet normal -0.338647 0.506846 0.792733
    outer loop
      vertex -7.2528 12.5622 16.5405
      vertex -8.83045 11.5081 16.5405
      vertex -6.11127 10.585 18.2923
    endloop
  endfacet
  facet normal -0.338648 0.506843 0.792734
    outer loop
      vertex -8.83045 11.5081 16.5405
      vertex -7.44061 9.6968 18.2923
      vertex -6.11127 10.585 18.2923
    endloop
  endfacet
  facet normal -0.401925 0.45829 0.792734
    outer loop
      vertex -8.83045 11.5081 16.5405
      vertex -10.257 10.257 16.5405
      vertex -7.44061 9.6968 18.2923
    endloop
  endfacet
  facet normal -0.401921 0.458299 0.79273
    outer loop
      vertex -10.257 10.257 16.5405
      vertex -8.64264 8.64264 18.2923
      vertex -7.44061 9.6968 18.2923
    endloop
  endfacet
  facet normal -0.458293 0.401928 0.792731
    outer loop
      vertex -10.257 10.257 16.5405
      vertex -11.5081 8.83045 16.5405
      vertex -8.64264 8.64264 18.2923
    endloop
  endfacet
  facet normal -0.458296 0.401917 0.792734
    outer loop
      vertex -11.5081 8.83045 16.5405
      vertex -9.6968 7.44061 18.2923
      vertex -8.64264 8.64264 18.2923
    endloop
  endfacet
  facet normal -0.506845 0.338646 0.792734
    outer loop
      vertex -11.5081 8.83045 16.5405
      vertex -12.5622 7.2528 16.5405
      vertex -9.6968 7.44061 18.2923
    endloop
  endfacet
  facet normal -0.506844 0.338649 0.792733
    outer loop
      vertex -12.5622 7.2528 16.5405
      vertex -10.585 6.11127 18.2923
      vertex -9.6968 7.44061 18.2923
    endloop
  endfacet
  facet normal -0.546707 0.269604 0.792733
    outer loop
      vertex -12.5622 7.2528 16.5405
      vertex -13.4014 5.55106 16.5405
      vertex -10.585 6.11127 18.2923
    endloop
  endfacet
  facet normal -0.546706 0.269636 0.792722
    outer loop
      vertex -13.4014 5.55106 16.5405
      vertex -11.2922 4.67737 18.2923
      vertex -10.585 6.11127 18.2923
    endloop
  endfacet
  facet normal -0.577233 0.195942 0.792723
    outer loop
      vertex -13.4014 5.55106 16.5405
      vertex -14.0113 3.75433 16.5405
      vertex -11.2922 4.67737 18.2923
    endloop
  endfacet
  facet normal -0.577232 0.195939 0.792724
    outer loop
      vertex -14.0113 3.75433 16.5405
      vertex -11.8061 3.16343 18.2923
      vertex -11.2922 4.67737 18.2923
    endloop
  endfacet
  facet normal -0.597867 0.118933 0.792723
    outer loop
      vertex -14.0113 3.75433 16.5405
      vertex -14.3815 1.89336 16.5405
      vertex -11.8061 3.16343 18.2923
    endloop
  endfacet
  facet normal -0.597863 0.118919 0.792728
    outer loop
      vertex -14.3815 1.89336 16.5405
      vertex -12.118 1.59536 18.2923
      vertex -11.8061 3.16343 18.2923
    endloop
  endfacet
  facet normal -0.60827 0.039869 0.792728
    outer loop
      vertex -14.3815 1.89336 16.5405
      vertex -14.5056 -0 16.5405
      vertex -12.118 1.59536 18.2923
    endloop
  endfacet
  facet normal -0.60826 0.0398425 0.792738
    outer loop
      vertex -14.5056 -0 16.5405
      vertex -12.2225 -0 18.2923
      vertex -12.118 1.59536 18.2923
    endloop
  endfacet
  facet normal -0.608259 -0.0398682 0.792737
    outer loop
      vertex -14.5056 -0 16.5405
      vertex -14.3815 -1.89336 16.5405
      vertex -12.2225 -0 18.2923
    endloop
  endfacet
  facet normal -0.608273 -0.0398434 0.792727
    outer loop
      vertex -14.3815 -1.89336 16.5405
      vertex -12.118 -1.59536 18.2923
      vertex -12.2225 -0 18.2923
    endloop
  endfacet
  facet normal -0.597861 -0.118932 0.792728
    outer loop
      vertex -14.3815 -1.89336 16.5405
      vertex -14.0113 -3.75433 16.5405
      vertex -12.118 -1.59536 18.2923
    endloop
  endfacet
  facet normal -0.59787 -0.11892 0.792723
    outer loop
      vertex -14.0113 -3.75433 16.5405
      vertex -11.8061 -3.16343 18.2923
      vertex -12.118 -1.59536 18.2923
    endloop
  endfacet
  facet normal -0.577232 -0.195941 0.792724
    outer loop
      vertex -14.0113 -3.75433 16.5405
      vertex -13.4014 -5.55106 16.5405
      vertex -11.8061 -3.16343 18.2923
    endloop
  endfacet
  facet normal -0.577234 -0.195939 0.792723
    outer loop
      vertex -13.4014 -5.55106 16.5405
      vertex -11.2922 -4.67737 18.2923
      vertex -11.8061 -3.16343 18.2923
    endloop
  endfacet
  facet normal -0.546718 -0.26961 0.792723
    outer loop
      vertex -13.4014 -5.55106 16.5405
      vertex -12.5622 -7.2528 16.5405
      vertex -11.2922 -4.67737 18.2923
    endloop
  endfacet
  facet normal -0.546693 -0.269629 0.792734
    outer loop
      vertex -12.5622 -7.2528 16.5405
      vertex -10.585 -6.11127 18.2923
      vertex -11.2922 -4.67737 18.2923
    endloop
  endfacet
  facet normal -0.506846 -0.338647 0.792733
    outer loop
      vertex -12.5622 -7.2528 16.5405
      vertex -11.5081 -8.83045 16.5405
      vertex -10.585 -6.11127 18.2923
    endloop
  endfacet
  facet normal -0.506843 -0.338648 0.792734
    outer loop
      vertex -11.5081 -8.83045 16.5405
      vertex -9.6968 -7.44061 18.2923
      vertex -10.585 -6.11127 18.2923
    endloop
  endfacet
  facet normal -0.45829 -0.401925 0.792734
    outer loop
      vertex -11.5081 -8.83045 16.5405
      vertex -10.257 -10.257 16.5405
      vertex -9.6968 -7.44061 18.2923
    endloop
  endfacet
  facet normal -0.458299 -0.401921 0.79273
    outer loop
      vertex -10.257 -10.257 16.5405
      vertex -8.64264 -8.64264 18.2923
      vertex -9.6968 -7.44061 18.2923
    endloop
  endfacet
  facet normal -0.401928 -0.458293 0.792731
    outer loop
      vertex -10.257 -10.257 16.5405
      vertex -8.83045 -11.5081 16.5405
      vertex -8.64264 -8.64264 18.2923
    endloop
  endfacet
  facet normal -0.401917 -0.458296 0.792734
    outer loop
      vertex -8.83045 -11.5081 16.5405
      vertex -7.44061 -9.6968 18.2923
      vertex -8.64264 -8.64264 18.2923
    endloop
  endfacet
  facet normal -0.338646 -0.506845 0.792734
    outer loop
      vertex -8.83045 -11.5081 16.5405
      vertex -7.2528 -12.5622 16.5405
      vertex -7.44061 -9.6968 18.2923
    endloop
  endfacet
  facet normal -0.338649 -0.506844 0.792733
    outer loop
      vertex -7.2528 -12.5622 16.5405
      vertex -6.11127 -10.585 18.2923
      vertex -7.44061 -9.6968 18.2923
    endloop
  endfacet
  facet normal -0.269604 -0.546707 0.792733
    outer loop
      vertex -7.2528 -12.5622 16.5405
      vertex -5.55106 -13.4014 16.5405
      vertex -6.11127 -10.585 18.2923
    endloop
  endfacet
  facet normal -0.269636 -0.546706 0.792722
    outer loop
      vertex -5.55106 -13.4014 16.5405
      vertex -4.67737 -11.2922 18.2923
      vertex -6.11127 -10.585 18.2923
    endloop
  endfacet
  facet normal -0.195942 -0.577233 0.792723
    outer loop
      vertex -5.55106 -13.4014 16.5405
      vertex -3.75433 -14.0113 16.5405
      vertex -4.67737 -11.2922 18.2923
    endloop
  endfacet
  facet normal -0.195939 -0.577232 0.792724
    outer loop
      vertex -3.75433 -14.0113 16.5405
      vertex -3.16343 -11.8061 18.2923
      vertex -4.67737 -11.2922 18.2923
    endloop
  endfacet
  facet normal -0.118933 -0.597867 0.792723
    outer loop
      vertex -3.75433 -14.0113 16.5405
      vertex -1.89336 -14.3815 16.5405
      vertex -3.16343 -11.8061 18.2923
    endloop
  endfacet
  facet normal -0.118919 -0.597863 0.792728
    outer loop
      vertex -1.89336 -14.3815 16.5405
      vertex -1.59536 -12.118 18.2923
      vertex -3.16343 -11.8061 18.2923
    endloop
  endfacet
  facet normal -0.039869 -0.60827 0.792728
    outer loop
      vertex -1.89336 -14.3815 16.5405
      vertex -0 -14.5056 16.5405
      vertex -1.59536 -12.118 18.2923
    endloop
  endfacet
  facet normal -0.0398425 -0.60826 0.792738
    outer loop
      vertex -0 -14.5056 16.5405
      vertex -0 -12.2225 18.2923
      vertex -1.59536 -12.118 18.2923
    endloop
  endfacet
  facet normal 0.0398682 -0.608259 0.792737
    outer loop
      vertex -0 -14.5056 16.5405
      vertex 1.89336 -14.3815 16.5405
      vertex -0 -12.2225 18.2923
    endloop
  endfacet
  facet normal 0.0398434 -0.608273 0.792727
    outer loop
      vertex 1.89336 -14.3815 16.5405
      vertex 1.59536 -12.118 18.2923
      vertex -0 -12.2225 18.2923
    endloop
  endfacet
  facet normal 0.118932 -0.597861 0.792728
    outer loop
      vertex 1.89336 -14.3815 16.5405
      vertex 3.75433 -14.0113 16.5405
      vertex 1.59536 -12.118 18.2923
    endloop
  endfacet
  facet normal 0.11892 -0.59787 0.792723
    outer loop
      vertex 3.75433 -14.0113 16.5405
      vertex 3.16343 -11.8061 18.2923
      vertex 1.59536 -12.118 18.2923
    endloop
  endfacet
  facet normal 0.195941 -0.577232 0.792724
    outer loop
      vertex 3.75433 -14.0113 16.5405
      vertex 5.55106 -13.4014 16.5405
      vertex 3.16343 -11.8061 18.2923
    endloop
  endfacet
  facet normal 0.195939 -0.577234 0.792723
    outer loop
      vertex 5.55106 -13.4014 16.5405
      vertex 4.67737 -11.2922 18.2923
      vertex 3.16343 -11.8061 18.2923
    endloop
  endfacet
  facet normal 0.26961 -0.546718 0.792723
    outer loop
      vertex 5.55106 -13.4014 16.5405
      vertex 7.2528 -12.5622 16.5405
      vertex 4.67737 -11.2922 18.2923
    endloop
  endfacet
  facet normal 0.269629 -0.546693 0.792734
    outer loop
      vertex 7.2528 -12.5622 16.5405
      vertex 6.11127 -10.585 18.2923
      vertex 4.67737 -11.2922 18.2923
    endloop
  endfacet
  facet normal 0.338647 -0.506846 0.792733
    outer loop
      vertex 7.2528 -12.5622 16.5405
      vertex 8.83045 -11.5081 16.5405
      vertex 6.11127 -10.585 18.2923
    endloop
  endfacet
  facet normal 0.338648 -0.506843 0.792734
    outer loop
      vertex 8.83045 -11.5081 16.5405
      vertex 7.44061 -9.6968 18.2923
      vertex 6.11127 -10.585 18.2923
    endloop
  endfacet
  facet normal 0.401925 -0.45829 0.792734
    outer loop
      vertex 8.83045 -11.5081 16.5405
      vertex 10.257 -10.257 16.5405
      vertex 7.44061 -9.6968 18.2923
    endloop
  endfacet
  facet normal 0.401921 -0.458299 0.79273
    outer loop
      vertex 10.257 -10.257 16.5405
      vertex 8.64264 -8.64264 18.2923
      vertex 7.44061 -9.6968 18.2923
    endloop
  endfacet
  facet normal 0.458293 -0.401928 0.792731
    outer loop
      vertex 10.257 -10.257 16.5405
      vertex 11.5081 -8.83045 16.5405
      vertex 8.64264 -8.64264 18.2923
    endloop
  endfacet
  facet normal 0.458296 -0.401917 0.792734
    outer loop
      vertex 11.5081 -8.83045 16.5405
      vertex 9.6968 -7.44061 18.2923
      vertex 8.64264 -8.64264 18.2923
    endloop
  endfacet
  facet normal 0.506845 -0.338646 0.792734
    outer loop
      vertex 11.5081 -8.83045 16.5405
      vertex 12.5622 -7.2528 16.5405
      vertex 9.6968 -7.44061 18.2923
    endloop
  endfacet
  facet normal 0.506844 -0.338649 0.792733
    outer loop
      vertex 12.5622 -7.2528 16.5405
      vertex 10.585 -6.11127 18.2923
      vertex 9.6968 -7.44061 18.2923
    endloop
  endfacet
  facet normal 0.546707 -0.269604 0.792733
    outer loop
      vertex 12.5622 -7.2528 16.5405
      vertex 13.4014 -5.55106 16.5405
      vertex 10.585 -6.11127 18.2923
    endloop
  endfacet
  facet normal 0.546706 -0.269636 0.792722
    outer loop
      vertex 13.4014 -5.55106 16.5405
      vertex 11.2922 -4.67737 18.2923
      vertex 10.585 -6.11127 18.2923
    endloop
  endfacet
  facet normal 0.577233 -0.195942 0.792723
    outer loop
      vertex 13.4014 -5.55106 16.5405
      vertex 14.0113 -3.75433 16.5405
      vertex 11.2922 -4.67737 18.2923
    endloop
  endfacet
  facet normal 0.577232 -0.195939 0.792724
    outer loop
      vertex 14.0113 -3.75433 16.5405
      vertex 11.8061 -3.16343 18.2923
      vertex 11.2922 -4.67737 18.2923
    endloop
  endfacet
  facet normal 0.597867 -0.118933 0.792723
    outer loop
      vertex 14.0113 -3.75433 16.5405
      vertex 14.3815 -1.89336 16.5405
      vertex 11.8061 -3.16343 18.2923
    endloop
  endfacet
  facet normal 0.597863 -0.118919 0.792728
    outer loop
      vertex 14.3815 -1.89336 16.5405
      vertex 12.118 -1.59536 18.2923
      vertex 11.8061 -3.16343 18.2923
    endloop
  endfacet
  facet normal 0.60827 -0.039869 0.792728
    outer loop
      vertex 14.3815 -1.89336 16.5405
      vertex 14.5056 0 16.5405
      vertex 12.118 -1.59536 18.2923
    endloop
  endfacet
  facet normal 0.60826 -0.0398425 0.792738
    outer loop
      vertex 14.5056 0 16.5405
      vertex 12.2225 0 18.2923
      vertex 12.118 -1.59536 18.2923
    endloop
  endfacet
  facet normal 0.706349 0.0462945 0.706349
    outer loop
      vertex 16.5405 0 14.5056
      vertex 16.399 2.15897 14.5056
      vertex 14.5056 0 16.5405
    endloop
  endfacet
  facet normal 0.706347 0.0462974 0.70635
    outer loop
      vertex 16.399 2.15897 14.5056
      vertex 14.3815 1.89336 16.5405
      vertex 14.5056 0 16.5405
    endloop
  endfacet
  facet normal 0.694261 0.138098 0.70635
    outer loop
      vertex 16.399 2.15897 14.5056
      vertex 15.9769 4.28099 14.5056
      vertex 14.3815 1.89336 16.5405
    endloop
  endfacet
  facet normal 0.694254 0.138107 0.706355
    outer loop
      vertex 15.9769 4.28099 14.5056
      vertex 14.0113 3.75433 16.5405
      vertex 14.3815 1.89336 16.5405
    endloop
  endfacet
  facet normal 0.67029 0.227543 0.706354
    outer loop
      vertex 15.9769 4.28099 14.5056
      vertex 15.2814 6.32977 14.5056
      vertex 14.0113 3.75433 16.5405
    endloop
  endfacet
  facet normal 0.6703 0.227533 0.706347
    outer loop
      vertex 15.2814 6.32977 14.5056
      vertex 13.4014 5.55106 16.5405
      vertex 14.0113 3.75433 16.5405
    endloop
  endfacet
  facet normal 0.634869 0.313072 0.706348
    outer loop
      vertex 15.2814 6.32977 14.5056
      vertex 14.3245 8.27024 14.5056
      vertex 13.4014 5.55106 16.5405
    endloop
  endfacet
  facet normal 0.634862 0.313077 0.706352
    outer loop
      vertex 14.3245 8.27024 14.5056
      vertex 12.5622 7.2528 16.5405
      vertex 13.4014 5.55106 16.5405
    endloop
  endfacet
  facet normal 0.588555 0.393284 0.706351
    outer loop
      vertex 14.3245 8.27024 14.5056
      vertex 13.1224 10.0692 14.5056
      vertex 12.5622 7.2528 16.5405
    endloop
  endfacet
  facet normal 0.58859 0.393264 0.706333
    outer loop
      vertex 13.1224 10.0692 14.5056
      vertex 11.5081 8.83045 16.5405
      vertex 12.5622 7.2528 16.5405
    endloop
  endfacet
  facet normal 0.532223 0.466722 0.706335
    outer loop
      vertex 13.1224 10.0692 14.5056
      vertex 11.6959 11.6959 14.5056
      vertex 11.5081 8.83045 16.5405
    endloop
  endfacet
  facet normal 0.532189 0.466736 0.706351
    outer loop
      vertex 11.6959 11.6959 14.5056
      vertex 10.257 10.257 16.5405
      vertex 11.5081 8.83045 16.5405
    endloop
  endfacet
  facet normal 0.466712 0.532212 0.70635
    outer loop
      vertex 11.6959 11.6959 14.5056
      vertex 10.0692 13.1224 14.5056
      vertex 10.257 10.257 16.5405
    endloop
  endfacet
  facet normal 0.466748 0.532203 0.706334
    outer loop
      vertex 10.0692 13.1224 14.5056
      vertex 8.83045 11.5081 16.5405
      vertex 10.257 10.257 16.5405
    endloop
  endfacet
  facet normal 0.393293 0.588569 0.706334
    outer loop
      vertex 10.0692 13.1224 14.5056
      vertex 8.27024 14.3245 14.5056
      vertex 8.83045 11.5081 16.5405
    endloop
  endfacet
  facet normal 0.393253 0.588574 0.706352
    outer loop
      vertex 8.27024 14.3245 14.5056
      vertex 7.2528 12.5622 16.5405
      vertex 8.83045 11.5081 16.5405
    endloop
  endfacet
  facet normal 0.31307 0.634866 0.706351
    outer loop
      vertex 8.27024 14.3245 14.5056
      vertex 6.32977 15.2814 14.5056
      vertex 7.2528 12.5622 16.5405
    endloop
  endfacet
  facet normal 0.313079 0.634866 0.706347
    outer loop
      vertex 6.32977 15.2814 14.5056
      vertex 5.55106 13.4014 16.5405
      vertex 7.2528 12.5622 16.5405
    endloop
  endfacet
  facet normal 0.227545 0.670295 0.706348
    outer loop
      vertex 6.32977 15.2814 14.5056
      vertex 4.28099 15.9769 14.5056
      vertex 5.55106 13.4014 16.5405
    endloop
  endfacet
  facet normal 0.227531 0.670293 0.706354
    outer loop
      vertex 4.28099 15.9769 14.5056
      vertex 3.75433 14.0113 16.5405
      vertex 5.55106 13.4014 16.5405
    endloop
  endfacet
  facet normal 0.138098 0.694257 0.706355
    outer loop
      vertex 4.28099 15.9769 14.5056
      vertex 2.15897 16.399 14.5056
      vertex 3.75433 14.0113 16.5405
    endloop
  endfacet
  facet normal 0.138108 0.694259 0.70635
    outer loop
      vertex 2.15897 16.399 14.5056
      vertex 1.89336 14.3815 16.5405
      vertex 3.75433 14.0113 16.5405
    endloop
  endfacet
  facet normal 0.0462944 0.706347 0.70635
    outer loop
      vertex 2.15897 16.399 14.5056
      vertex 0 16.5405 14.5056
      vertex 1.89336 14.3815 16.5405
    endloop
  endfacet
  facet normal 0.0462975 0.706349 0.706349
    outer loop
      vertex 0 16.5405 14.5056
      vertex 0 14.5056 16.5405
      vertex 1.89336 14.3815 16.5405
    endloop
  endfacet
  facet normal -0.0462945 0.706349 0.706349
    outer loop
      vertex 0 16.5405 14.5056
      vertex -2.15897 16.399 14.5056
      vertex 0 14.5056 16.5405
    endloop
  endfacet
  facet normal -0.0462974 0.706347 0.70635
    outer loop
      vertex -2.15897 16.399 14.5056
      vertex -1.89336 14.3815 16.5405
      vertex 0 14.5056 16.5405
    endloop
  endfacet
  facet normal -0.138098 0.694261 0.70635
    outer loop
      vertex -2.15897 16.399 14.5056
      vertex -4.28099 15.9769 14.5056
      vertex -1.89336 14.3815 16.5405
    endloop
  endfacet
  facet normal -0.138107 0.694254 0.706355
    outer loop
      vertex -4.28099 15.9769 14.5056
      vertex -3.75433 14.0113 16.5405
      vertex -1.89336 14.3815 16.5405
    endloop
  endfacet
  facet normal -0.227543 0.67029 0.706354
    outer loop
      vertex -4.28099 15.9769 14.5056
      vertex -6.32977 15.2814 14.5056
      vertex -3.75433 14.0113 16.5405
    endloop
  endfacet
  facet normal -0.227533 0.6703 0.706347
    outer loop
      vertex -6.32977 15.2814 14.5056
      vertex -5.55106 13.4014 16.5405
      vertex -3.75433 14.0113 16.5405
    endloop
  endfacet
  facet normal -0.313072 0.634869 0.706348
    outer loop
      vertex -6.32977 15.2814 14.5056
      vertex -8.27024 14.3245 14.5056
      vertex -5.55106 13.4014 16.5405
    endloop
  endfacet
  facet normal -0.313077 0.634862 0.706352
    outer loop
      vertex -8.27024 14.3245 14.5056
      vertex -7.2528 12.5622 16.5405
      vertex -5.55106 13.4014 16.5405
    endloop
  endfacet
  facet normal -0.393284 0.588555 0.706351
    outer loop
      vertex -8.27024 14.3245 14.5056
      vertex -10.0692 13.1224 14.5056
      vertex -7.2528 12.5622 16.5405
    endloop
  endfacet
  facet normal -0.393264 0.58859 0.706333
    outer loop
      vertex -10.0692 13.1224 14.5056
      vertex -8.83045 11.5081 16.5405
      vertex -7.2528 12.5622 16.5405
    endloop
  endfacet
  facet normal -0.466722 0.532223 0.706335
    outer loop
      vertex -10.0692 13.1224 14.5056
      vertex -11.6959 11.6959 14.5056
      vertex -8.83045 11.5081 16.5405
    endloop
  endfacet
  facet normal -0.466736 0.532189 0.706351
    outer loop
      vertex -11.6959 11.6959 14.5056
      vertex -10.257 10.257 16.5405
      vertex -8.83045 11.5081 16.5405
    endloop
  endfacet
  facet normal -0.532212 0.466712 0.70635
    outer loop
      vertex -11.6959 11.6959 14.5056
      vertex -13.1224 10.0692 14.5056
      vertex -10.257 10.257 16.5405
    endloop
  endfacet
  facet normal -0.532203 0.466748 0.706334
    outer loop
      vertex -13.1224 10.0692 14.5056
      vertex -11.5081 8.83045 16.5405
      vertex -10.257 10.257 16.5405
    endloop
  endfacet
  facet normal -0.588569 0.393293 0.706334
    outer loop
      vertex -13.1224 10.0692 14.5056
      vertex -14.3245 8.27024 14.5056
      vertex -11.5081 8.83045 16.5405
    endloop
  endfacet
  facet normal -0.588574 0.393253 0.706352
    outer loop
      vertex -14.3245 8.27024 14.5056
      vertex -12.5622 7.2528 16.5405
      vertex -11.5081 8.83045 16.5405
    endloop
  endfacet
  facet normal -0.634866 0.31307 0.706351
    outer loop
      vertex -14.3245 8.27024 14.5056
      vertex -15.2814 6.32977 14.5056
      vertex -12.5622 7.2528 16.5405
    endloop
  endfacet
  facet normal -0.634866 0.313079 0.706347
    outer loop
      vertex -15.2814 6.32977 14.5056
      vertex -13.4014 5.55106 16.5405
      vertex -12.5622 7.2528 16.5405
    endloop
  endfacet
  facet normal -0.670295 0.227545 0.706348
    outer loop
      vertex -15.2814 6.32977 14.5056
      vertex -15.9769 4.28099 14.5056
      vertex -13.4014 5.55106 16.5405
    endloop
  endfacet
  facet normal -0.670293 0.227531 0.706354
    outer loop
      vertex -15.9769 4.28099 14.5056
      vertex -14.0113 3.75433 16.5405
      vertex -13.4014 5.55106 16.5405
    endloop
  endfacet
  facet normal -0.694257 0.138098 0.706355
    outer loop
      vertex -15.9769 4.28099 14.5056
      vertex -16.399 2.15897 14.5056
      vertex -14.0113 3.75433 16.5405
    endloop
  endfacet
  facet normal -0.694259 0.138108 0.70635
    outer loop
      vertex -16.399 2.15897 14.5056
      vertex -14.3815 1.89336 16.5405
      vertex -14.0113 3.75433 16.5405
    endloop
  endfacet
  facet normal -0.706347 0.0462944 0.70635
    outer loop
      vertex -16.399 2.15897 14.5056
      vertex -16.5405 -0 14.5056
      vertex -14.3815 1.89336 16.5405
    endloop
  endfacet
  facet normal -0.706349 0.0462975 0.706349
    outer loop
      vertex -16.5405 -0 14.5056
      vertex -14.5056 -0 16.5405
      vertex -14.3815 1.89336 16.5405
    endloop
  endfacet
  facet normal -0.706349 -0.0462945 0.706349
    outer loop
      vertex -16.5405 -0 14.5056
      vertex -16.399 -2.15897 14.5056
      vertex -14.5056 -0 16.5405
    endloop
  endfacet
  facet normal -0.706347 -0.0462974 0.70635
    outer loop
      vertex -16.399 -2.15897 14.5056
      vertex -14.3815 -1.89336 16.5405
      vertex -14.5056 -0 16.5405
    endloop
  endfacet
  facet normal -0.694261 -0.138098 0.70635
    outer loop
      vertex -16.399 -2.15897 14.5056
      vertex -15.9769 -4.28099 14.5056
      vertex -14.3815 -1.89336 16.5405
    endloop
  endfacet
  facet normal -0.694254 -0.138107 0.706355
    outer loop
      vertex -15.9769 -4.28099 14.5056
      vertex -14.0113 -3.75433 16.5405
      vertex -14.3815 -1.89336 16.5405
    endloop
  endfacet
  facet normal -0.67029 -0.227543 0.706354
    outer loop
      vertex -15.9769 -4.28099 14.5056
      vertex -15.2814 -6.32977 14.5056
      vertex -14.0113 -3.75433 16.5405
    endloop
  endfacet
  facet normal -0.6703 -0.227533 0.706347
    outer loop
      vertex -15.2814 -6.32977 14.5056
      vertex -13.4014 -5.55106 16.5405
      vertex -14.0113 -3.75433 16.5405
    endloop
  endfacet
  facet normal -0.634869 -0.313072 0.706348
    outer loop
      vertex -15.2814 -6.32977 14.5056
      vertex -14.3245 -8.27024 14.5056
      vertex -13.4014 -5.55106 16.5405
    endloop
  endfacet
  facet normal -0.634862 -0.313077 0.706352
    outer loop
      vertex -14.3245 -8.27024 14.5056
      vertex -12.5622 -7.2528 16.5405
      vertex -13.4014 -5.55106 16.5405
    endloop
  endfacet
  facet normal -0.588555 -0.393284 0.706351
    outer loop
      vertex -14.3245 -8.27024 14.5056
      vertex -13.1224 -10.0692 14.5056
      vertex -12.5622 -7.2528 16.5405
    endloop
  endfacet
  facet normal -0.58859 -0.393264 0.706333
    outer loop
      vertex -13.1224 -10.0692 14.5056
      vertex -11.5081 -8.83045 16.5405
      vertex -12.5622 -7.2528 16.5405
    endloop
  endfacet
  facet normal -0.532223 -0.466722 0.706335
    outer loop
      vertex -13.1224 -10.0692 14.5056
      vertex -11.6959 -11.6959 14.5056
      vertex -11.5081 -8.83045 16.5405
    endloop
  endfacet
  facet normal -0.532189 -0.466736 0.706351
    outer loop
      vertex -11.6959 -11.6959 14.5056
      vertex -10.257 -10.257 16.5405
      vertex -11.5081 -8.83045 16.5405
    endloop
  endfacet
  facet normal -0.466712 -0.532212 0.70635
    outer loop
      vertex -11.6959 -11.6959 14.5056
      vertex -10.0692 -13.1224 14.5056
      vertex -10.257 -10.257 16.5405
    endloop
  endfacet
  facet normal -0.466748 -0.532203 0.706334
    outer loop
      vertex -10.0692 -13.1224 14.5056
      vertex -8.83045 -11.5081 16.5405
      vertex -10.257 -10.257 16.5405
    endloop
  endfacet
  facet normal -0.393293 -0.588569 0.706334
    outer loop
      vertex -10.0692 -13.1224 14.5056
      vertex -8.27024 -14.3245 14.5056
      vertex -8.83045 -11.5081 16.5405
    endloop
  endfacet
  facet normal -0.393253 -0.588574 0.706352
    outer loop
      vertex -8.27024 -14.3245 14.5056
      vertex -7.2528 -12.5622 16.5405
      vertex -8.83045 -11.5081 16.5405
    endloop
  endfacet
  facet normal -0.31307 -0.634866 0.706351
    outer loop
      vertex -8.27024 -14.3245 14.5056
      vertex -6.32977 -15.2814 14.5056
      vertex -7.2528 -12.5622 16.5405
    endloop
  endfacet
  facet normal -0.313079 -0.634866 0.706347
    outer loop
      vertex -6.32977 -15.2814 14.5056
      vertex -5.55106 -13.4014 16.5405
      vertex -7.2528 -12.5622 16.5405
    endloop
  endfacet
  facet normal -0.227545 -0.670295 0.706348
    outer loop
      vertex -6.32977 -15.2814 14.5056
      vertex -4.28099 -15.9769 14.5056
      vertex -5.55106 -13.4014 16.5405
    endloop
  endfacet
  facet normal -0.227531 -0.670293 0.706354
    outer loop
      vertex -4.28099 -15.9769 14.5056
      vertex -3.75433 -14.0113 16.5405
      vertex -5.55106 -13.4014 16.5405
    endloop
  endfacet
  facet normal -0.138098 -0.694257 0.706355
    outer loop
      vertex -4.28099 -15.9769 14.5056
      vertex -2.15897 -16.399 14.5056
      vertex -3.75433 -14.0113 16.5405
    endloop
  endfacet
  facet normal -0.138108 -0.694259 0.70635
    outer loop
      vertex -2.15897 -16.399 14.5056
      vertex -1.89336 -14.3815 16.5405
      vertex -3.75433 -14.0113 16.5405
    endloop
  endfacet
  facet normal -0.0462944 -0.706347 0.70635
    outer loop
      vertex -2.15897 -16.399 14.5056
      vertex -0 -16.5405 14.5056
      vertex -1.89336 -14.3815 16.5405
    endloop
  endfacet
  facet normal -0.0462975 -0.706349 0.706349
    outer loop
      vertex -0 -16.5405 14.5056
      vertex -0 -14.5056 16.5405
      vertex -1.89336 -14.3815 16.5405
    endloop
  endfacet
  facet normal 0.0462945 -0.706349 0.706349
    outer loop
      vertex -0 -16.5405 14.5056
      vertex 2.15897 -16.399 14.5056
      vertex -0 -14.5056 16.5405
    endloop
  endfacet
  facet normal 0.0462974 -0.706347 0.70635
    outer loop
      vertex 2.15897 -16.399 14.5056
      vertex 1.89336 -14.3815 16.5405
      vertex -0 -14.5056 16.5405
    endloop
  endfacet
  facet normal 0.138098 -0.694261 0.70635
    outer loop
      vertex 2.15897 -16.399 14.5056
      vertex 4.28099 -15.9769 14.5056
      vertex 1.89336 -14.3815 16.5405
    endloop
  endfacet
  facet normal 0.138107 -0.694254 0.706355
    outer loop
      vertex 4.28099 -15.9769 14.5056
      vertex 3.75433 -14.0113 16.5405
      vertex 1.89336 -14.3815 16.5405
    endloop
  endfacet
  facet normal 0.227543 -0.67029 0.706354
    outer loop
      vertex 4.28099 -15.9769 14.5056
      vertex 6.32977 -15.2814 14.5056
      vertex 3.75433 -14.0113 16.5405
    endloop
  endfacet
  facet normal 0.227533 -0.6703 0.706347
    outer loop
      vertex 6.32977 -15.2814 14.5056
      vertex 5.55106 -13.4014 16.5405
      vertex 3.75433 -14.0113 16.5405
    endloop
  endfacet
  facet normal 0.313072 -0.634869 0.706348
    outer loop
      vertex 6.32977 -15.2814 14.5056
      vertex 8.27024 -14.3245 14.5056
      vertex 5.55106 -13.4014 16.5405
    endloop
  endfacet
  facet normal 0.313077 -0.634862 0.706352
    outer loop
      vertex 8.27024 -14.3245 14.5056
      vertex 7.2528 -12.5622 16.5405
      vertex 5.55106 -13.4014 16.5405
    endloop
  endfacet
  facet normal 0.393284 -0.588555 0.706351
    outer loop
      vertex 8.27024 -14.3245 14.5056
      vertex 10.0692 -13.1224 14.5056
      vertex 7.2528 -12.5622 16.5405
    endloop
  endfacet
  facet normal 0.393264 -0.58859 0.706333
    outer loop
      vertex 10.0692 -13.1224 14.5056
      vertex 8.83045 -11.5081 16.5405
      vertex 7.2528 -12.5622 16.5405
    endloop
  endfacet
  facet normal 0.466722 -0.532223 0.706335
    outer loop
      vertex 10.0692 -13.1224 14.5056
      vertex 11.6959 -11.6959 14.5056
      vertex 8.83045 -11.5081 16.5405
    endloop
  endfacet
  facet normal 0.466736 -0.532189 0.706351
    outer loop
      vertex 11.6959 -11.6959 14.5056
      vertex 10.257 -10.257 16.5405
      vertex 8.83045 -11.5081 16.5405
    endloop
  endfacet
  facet normal 0.532212 -0.466712 0.70635
    outer loop
      vertex 11.6959 -11.6959 14.5056
      vertex 13.1224 -10.0692 14.5056
      vertex 10.257 -10.257 16.5405
    endloop
  endfacet
  facet normal 0.532203 -0.466748 0.706334
    outer loop
      vertex 13.1224 -10.0692 14.5056
      vertex 11.5081 -8.83045 16.5405
      vertex 10.257 -10.257 16.5405
    endloop
  endfacet
  facet normal 0.588569 -0.393293 0.706334
    outer loop
      vertex 13.1224 -10.0692 14.5056
      vertex 14.3245 -8.27024 14.5056
      vertex 11.5081 -8.83045 16.5405
    endloop
  endfacet
  facet normal 0.588574 -0.393253 0.706352
    outer loop
      vertex 14.3245 -8.27024 14.5056
      vertex 12.5622 -7.2528 16.5405
      vertex 11.5081 -8.83045 16.5405
    endloop
  endfacet
  facet normal 0.634866 -0.31307 0.706351
    outer loop
      vertex 14.3245 -8.27024 14.5056
      vertex 15.2814 -6.32977 14.5056
      vertex 12.5622 -7.2528 16.5405
    endloop
  endfacet
  facet normal 0.634866 -0.313079 0.706347
    outer loop
      vertex 15.2814 -6.32977 14.5056
      vertex 13.4014 -5.55106 16.5405
      vertex 12.5622 -7.2528 16.5405
    endloop
  endfacet
  facet normal 0.670295 -0.227545 0.706348
    outer loop
      vertex 15.2814 -6.32977 14.5056
      vertex 15.9769 -4.28099 14.5056
      vertex 13.4014 -5.55106 16.5405
    endloop
  endfacet
  facet normal 0.670293 -0.227531 0.706354
    outer loop
      vertex 15.9769 -4.28099 14.5056
      vertex 14.0113 -3.75433 16.5405
      vertex 13.4014 -5.55106 16.5405
    endloop
  endfacet
  facet normal 0.694257 -0.138098 0.706355
    outer loop
      vertex 15.9769 -4.28099 14.5056
      vertex 16.399 -2.15897 14.5056
      vertex 14.0113 -3.75433 16.5405
    endloop
  endfacet
  facet normal 0.694259 -0.138108 0.70635
    outer loop
      vertex 16.399 -2.15897 14.5056
      vertex 14.3815 -1.89336 16.5405
      vertex 14.0113 -3.75433 16.5405
    endloop
  endfacet
  facet normal 0.706347 -0.0462944 0.70635
    outer loop
      vertex 16.399 -2.15897 14.5056
      vertex 16.5405 0 14.5056
      vertex 14.3815 -1.89336 16.5405
    endloop
  endfacet
  facet normal 0.706349 -0.0462975 0.706349
    outer loop
      vertex 16.5405 0 14.5056
      vertex 14.5056 0 16.5405
      vertex 14.3815 -1.89336 16.5405
    endloop
  endfacet
  facet normal 0.792297 0.051932 0.607922
    outer loop
      vertex 18.2923 0 12.2225
      vertex 18.1358 2.38763 12.2225
      vertex 16.5405 0 14.5056
    endloop
  endfacet
  facet normal 0.792299 0.0519277 0.607919
    outer loop
      vertex 18.1358 2.38763 12.2225
      vertex 16.399 2.15897 14.5056
      vertex 16.5405 0 14.5056
    endloop
  endfacet
  facet normal 0.778743 0.154901 0.607919
    outer loop
      vertex 18.1358 2.38763 12.2225
      vertex 17.669 4.7344 12.2225
      vertex 16.399 2.15897 14.5056
    endloop
  endfacet
  facet normal 0.778741 0.154903 0.60792
    outer loop
      vertex 17.669 4.7344 12.2225
      vertex 15.9769 4.28099 14.5056
      vertex 16.399 2.15897 14.5056
    endloop
  endfacet
  facet normal 0.751863 0.255215 0.607921
    outer loop
      vertex 17.669 4.7344 12.2225
      vertex 16.8999 7.00017 12.2225
      vertex 15.9769 4.28099 14.5056
    endloop
  endfacet
  facet normal 0.751848 0.25523 0.607933
    outer loop
      vertex 16.8999 7.00017 12.2225
      vertex 15.2814 6.32977 14.5056
      vertex 15.9769 4.28099 14.5056
    endloop
  endfacet
  facet normal 0.712106 0.351175 0.607932
    outer loop
      vertex 16.8999 7.00017 12.2225
      vertex 15.8416 9.14617 12.2225
      vertex 15.2814 6.32977 14.5056
    endloop
  endfacet
  facet normal 0.712118 0.351165 0.607924
    outer loop
      vertex 15.8416 9.14617 12.2225
      vertex 14.3245 8.27024 14.5056
      vertex 15.2814 6.32977 14.5056
    endloop
  endfacet
  facet normal 0.660192 0.441105 0.607925
    outer loop
      vertex 15.8416 9.14617 12.2225
      vertex 14.5123 11.1357 12.2225
      vertex 14.3245 8.27024 14.5056
    endloop
  endfacet
  facet normal 0.660154 0.441128 0.60795
    outer loop
      vertex 14.5123 11.1357 12.2225
      vertex 13.1224 10.0692 14.5056
      vertex 14.3245 8.27024 14.5056
    endloop
  endfacet
  facet normal 0.596926 0.523525 0.607948
    outer loop
      vertex 14.5123 11.1357 12.2225
      vertex 12.9346 12.9346 12.2225
      vertex 13.1224 10.0692 14.5056
    endloop
  endfacet
  facet normal 0.596975 0.523504 0.607918
    outer loop
      vertex 12.9346 12.9346 12.2225
      vertex 11.6959 11.6959 14.5056
      vertex 13.1224 10.0692 14.5056
    endloop
  endfacet
  facet normal 0.52354 0.596942 0.60792
    outer loop
      vertex 12.9346 12.9346 12.2225
      vertex 11.1357 14.5123 12.2225
      vertex 11.6959 11.6959 14.5056
    endloop
  endfacet
  facet normal 0.523488 0.596956 0.60795
    outer loop
      vertex 11.1357 14.5123 12.2225
      vertex 10.0692 13.1224 14.5056
      vertex 11.6959 11.6959 14.5056
    endloop
  endfacet
  facet normal 0.441095 0.660177 0.607949
    outer loop
      vertex 11.1357 14.5123 12.2225
      vertex 9.14617 15.8416 12.2225
      vertex 10.0692 13.1224 14.5056
    endloop
  endfacet
  facet normal 0.441139 0.66017 0.607924
    outer loop
      vertex 9.14617 15.8416 12.2225
      vertex 8.27024 14.3245 14.5056
      vertex 10.0692 13.1224 14.5056
    endloop
  endfacet
  facet normal 0.351178 0.712111 0.607924
    outer loop
      vertex 9.14617 15.8416 12.2225
      vertex 7.00017 16.8999 12.2225
      vertex 8.27024 14.3245 14.5056
    endloop
  endfacet
  facet normal 0.351162 0.712112 0.607933
    outer loop
      vertex 7.00017 16.8999 12.2225
      vertex 6.32977 15.2814 14.5056
      vertex 8.27024 14.3245 14.5056
    endloop
  endfacet
  facet normal 0.255212 0.751854 0.607932
    outer loop
      vertex 7.00017 16.8999 12.2225
      vertex 4.7344 17.669 12.2225
      vertex 6.32977 15.2814 14.5056
    endloop
  endfacet
  facet normal 0.255233 0.751857 0.60792
    outer loop
      vertex 4.7344 17.669 12.2225
      vertex 4.28099 15.9769 14.5056
      vertex 6.32977 15.2814 14.5056
    endloop
  endfacet
  facet normal 0.154901 0.778742 0.60792
    outer loop
      vertex 4.7344 17.669 12.2225
      vertex 2.38763 18.1358 12.2225
      vertex 4.28099 15.9769 14.5056
    endloop
  endfacet
  facet normal 0.154903 0.778742 0.607919
    outer loop
      vertex 2.38763 18.1358 12.2225
      vertex 2.15897 16.399 14.5056
      vertex 4.28099 15.9769 14.5056
    endloop
  endfacet
  facet normal 0.0519322 0.792299 0.607919
    outer loop
      vertex 2.38763 18.1358 12.2225
      vertex 0 18.2923 12.2225
      vertex 2.15897 16.399 14.5056
    endloop
  endfacet
  facet normal 0.0519276 0.792297 0.607922
    outer loop
      vertex 0 18.2923 12.2225
      vertex 0 16.5405 14.5056
      vertex 2.15897 16.399 14.5056
    endloop
  endfacet
  facet normal -0.051932 0.792297 0.607922
    outer loop
      vertex 0 18.2923 12.2225
      vertex -2.38763 18.1358 12.2225
      vertex 0 16.5405 14.5056
    endloop
  endfacet
  facet normal -0.0519277 0.792299 0.607919
    outer loop
      vertex -2.38763 18.1358 12.2225
      vertex -2.15897 16.399 14.5056
      vertex 0 16.5405 14.5056
    endloop
  endfacet
  facet normal -0.154901 0.778743 0.607919
    outer loop
      vertex -2.38763 18.1358 12.2225
      vertex -4.7344 17.669 12.2225
      vertex -2.15897 16.399 14.5056
    endloop
  endfacet
  facet normal -0.154903 0.778741 0.60792
    outer loop
      vertex -4.7344 17.669 12.2225
      vertex -4.28099 15.9769 14.5056
      vertex -2.15897 16.399 14.5056
    endloop
  endfacet
  facet normal -0.255215 0.751863 0.607921
    outer loop
      vertex -4.7344 17.669 12.2225
      vertex -7.00017 16.8999 12.2225
      vertex -4.28099 15.9769 14.5056
    endloop
  endfacet
  facet normal -0.25523 0.751848 0.607933
    outer loop
      vertex -7.00017 16.8999 12.2225
      vertex -6.32977 15.2814 14.5056
      vertex -4.28099 15.9769 14.5056
    endloop
  endfacet
  facet normal -0.351175 0.712106 0.607932
    outer loop
      vertex -7.00017 16.8999 12.2225
      vertex -9.14617 15.8416 12.2225
      vertex -6.32977 15.2814 14.5056
    endloop
  endfacet
  facet normal -0.351165 0.712118 0.607924
    outer loop
      vertex -9.14617 15.8416 12.2225
      vertex -8.27024 14.3245 14.5056
      vertex -6.32977 15.2814 14.5056
    endloop
  endfacet
  facet normal -0.441105 0.660192 0.607925
    outer loop
      vertex -9.14617 15.8416 12.2225
      vertex -11.1357 14.5123 12.2225
      vertex -8.27024 14.3245 14.5056
    endloop
  endfacet
  facet normal -0.441128 0.660154 0.60795
    outer loop
      vertex -11.1357 14.5123 12.2225
      vertex -10.0692 13.1224 14.5056
      vertex -8.27024 14.3245 14.5056
    endloop
  endfacet
  facet normal -0.523525 0.596926 0.607948
    outer loop
      vertex -11.1357 14.5123 12.2225
      vertex -12.9346 12.9346 12.2225
      vertex -10.0692 13.1224 14.5056
    endloop
  endfacet
  facet normal -0.523504 0.596975 0.607918
    outer loop
      vertex -12.9346 12.9346 12.2225
      vertex -11.6959 11.6959 14.5056
      vertex -10.0692 13.1224 14.5056
    endloop
  endfacet
  facet normal -0.596942 0.52354 0.60792
    outer loop
      vertex -12.9346 12.9346 12.2225
      vertex -14.5123 11.1357 12.2225
      vertex -11.6959 11.6959 14.5056
    endloop
  endfacet
  facet normal -0.596956 0.523488 0.60795
    outer loop
      vertex -14.5123 11.1357 12.2225
      vertex -13.1224 10.0692 14.5056
      vertex -11.6959 11.6959 14.5056
    endloop
  endfacet
  facet normal -0.660177 0.441095 0.607949
    outer loop
      vertex -14.5123 11.1357 12.2225
      vertex -15.8416 9.14617 12.2225
      vertex -13.1224 10.0692 14.5056
    endloop
  endfacet
  facet normal -0.66017 0.441139 0.607924
    outer loop
      vertex -15.8416 9.14617 12.2225
      vertex -14.3245 8.27024 14.5056
      vertex -13.1224 10.0692 14.5056
    endloop
  endfacet
  facet normal -0.712111 0.351178 0.607924
    outer loop
      vertex -15.8416 9.14617 12.2225
      vertex -16.8999 7.00017 12.2225
      vertex -14.3245 8.27024 14.5056
    endloop
  endfacet
  facet normal -0.712112 0.351162 0.607933
    outer loop
      vertex -16.8999 7.00017 12.2225
      vertex -15.2814 6.32977 14.5056
      vertex -14.3245 8.27024 14.5056
    endloop
  endfacet
  facet normal -0.751854 0.255212 0.607932
    outer loop
      vertex -16.8999 7.00017 12.2225
      vertex -17.669 4.7344 12.2225
      vertex -15.2814 6.32977 14.5056
    endloop
  endfacet
  facet normal -0.751857 0.255233 0.60792
    outer loop
      vertex -17.669 4.7344 12.2225
      vertex -15.9769 4.28099 14.5056
      vertex -15.2814 6.32977 14.5056
    endloop
  endfacet
  facet normal -0.778742 0.154901 0.60792
    outer loop
      vertex -17.669 4.7344 12.2225
      vertex -18.1358 2.38763 12.2225
      vertex -15.9769 4.28099 14.5056
    endloop
  endfacet
  facet normal -0.778742 0.154903 0.607919
    outer loop
      vertex -18.1358 2.38763 12.2225
      vertex -16.399 2.15897 14.5056
      vertex -15.9769 4.28099 14.5056
    endloop
  endfacet
  facet normal -0.792299 0.0519322 0.607919
    outer loop
      vertex -18.1358 2.38763 12.2225
      vertex -18.2923 -0 12.2225
      vertex -16.399 2.15897 14.5056
    endloop
  endfacet
  facet normal -0.792297 0.0519276 0.607922
    outer loop
      vertex -18.2923 -0 12.2225
      vertex -16.5405 -0 14.5056
      vertex -16.399 2.15897 14.5056
    endloop
  endfacet
  facet normal -0.792297 -0.051932 0.607922
    outer loop
      vertex -18.2923 -0 12.2225
      vertex -18.1358 -2.38763 12.2225
      vertex -16.5405 -0 14.5056
    endloop
  endfacet
  facet normal -0.792299 -0.0519277 0.607919
    outer loop
      vertex -18.1358 -2.38763 12.2225
      vertex -16.399 -2.15897 14.5056
      vertex -16.5405 -0 14.5056
    endloop
  endfacet
  facet normal -0.778743 -0.154901 0.607919
    outer loop
      vertex -18.1358 -2.38763 12.2225
      vertex -17.669 -4.7344 12.2225
      vertex -16.399 -2.15897 14.5056
    endloop
  endfacet
  facet normal -0.778741 -0.154903 0.60792
    outer loop
      vertex -17.669 -4.7344 12.2225
      vertex -15.9769 -4.28099 14.5056
      vertex -16.399 -2.15897 14.5056
    endloop
  endfacet
  facet normal -0.751863 -0.255215 0.607921
    outer loop
      vertex -17.669 -4.7344 12.2225
      vertex -16.8999 -7.00017 12.2225
      vertex -15.9769 -4.28099 14.5056
    endloop
  endfacet
  facet normal -0.751848 -0.25523 0.607933
    outer loop
      vertex -16.8999 -7.00017 12.2225
      vertex -15.2814 -6.32977 14.5056
      vertex -15.9769 -4.28099 14.5056
    endloop
  endfacet
  facet normal -0.712106 -0.351175 0.607932
    outer loop
      vertex -16.8999 -7.00017 12.2225
      vertex -15.8416 -9.14617 12.2225
      vertex -15.2814 -6.32977 14.5056
    endloop
  endfacet
  facet normal -0.712118 -0.351165 0.607924
    outer loop
      vertex -15.8416 -9.14617 12.2225
      vertex -14.3245 -8.27024 14.5056
      vertex -15.2814 -6.32977 14.5056
    endloop
  endfacet
  facet normal -0.660192 -0.441105 0.607925
    outer loop
      vertex -15.8416 -9.14617 12.2225
      vertex -14.5123 -11.1357 12.2225
      vertex -14.3245 -8.27024 14.5056
    endloop
  endfacet
  facet normal -0.660154 -0.441128 0.60795
    outer loop
      vertex -14.5123 -11.1357 12.2225
      vertex -13.1224 -10.0692 14.5056
      vertex -14.3245 -8.27024 14.5056
    endloop
  endfacet
  facet normal -0.596926 -0.523525 0.607948
    outer loop
      vertex -14.5123 -11.1357 12.2225
      vertex -12.9346 -12.9346 12.2225
      vertex -13.1224 -10.0692 14.5056
    endloop
  endfacet
  facet normal -0.596975 -0.523504 0.607918
    outer loop
      vertex -12.9346 -12.9346 12.2225
      vertex -11.6959 -11.6959 14.5056
      vertex -13.1224 -10.0692 14.5056
    endloop
  endfacet
  facet normal -0.52354 -0.596942 0.60792
    outer loop
      vertex -12.9346 -12.9346 12.2225
      vertex -11.1357 -14.5123 12.2225
      vertex -11.6959 -11.6959 14.5056
    endloop
  endfacet
  facet normal -0.523488 -0.596956 0.60795
    outer loop
      vertex -11.1357 -14.5123 12.2225
      vertex -10.0692 -13.1224 14.5056
      vertex -11.6959 -11.6959 14.5056
    endloop
  endfacet
  facet normal -0.441095 -0.660177 0.607949
    outer loop
      vertex -11.1357 -14.5123 12.2225
      vertex -9.14617 -15.8416 12.2225
      vertex -10.0692 -13.1224 14.5056
    endloop
  endfacet
  facet normal -0.441139 -0.66017 0.607924
    outer loop
      vertex -9.14617 -15.8416 12.2225
      vertex -8.27024 -14.3245 14.5056
      vertex -10.0692 -13.1224 14.5056
    endloop
  endfacet
  facet normal -0.351178 -0.712111 0.607924
    outer loop
      vertex -9.14617 -15.8416 12.2225
      vertex -7.00017 -16.8999 12.2225
      vertex -8.27024 -14.3245 14.5056
    endloop
  endfacet
  facet normal -0.351162 -0.712112 0.607933
    outer loop
      vertex -7.00017 -16.8999 12.2225
      vertex -6.32977 -15.2814 14.5056
      vertex -8.27024 -14.3245 14.5056
    endloop
  endfacet
  facet normal -0.255212 -0.751854 0.607932
    outer loop
      vertex -7.00017 -16.8999 12.2225
      vertex -4.7344 -17.669 12.2225
      vertex -6.32977 -15.2814 14.5056
    endloop
  endfacet
  facet normal -0.255233 -0.751857 0.60792
    outer loop
      vertex -4.7344 -17.669 12.2225
      vertex -4.28099 -15.9769 14.5056
      vertex -6.32977 -15.2814 14.5056
    endloop
  endfacet
  facet normal -0.154901 -0.778742 0.60792
    outer loop
      vertex -4.7344 -17.669 12.2225
      vertex -2.38763 -18.1358 12.2225
      vertex -4.28099 -15.9769 14.5056
    endloop
  endfacet
  facet normal -0.154903 -0.778742 0.607919
    outer loop
      vertex -2.38763 -18.1358 12.2225
      vertex -2.15897 -16.399 14.5056
      vertex -4.28099 -15.9769 14.5056
    endloop
  endfacet
  facet normal -0.0519322 -0.792299 0.607919
    outer loop
      vertex -2.38763 -18.1358 12.2225
      vertex -0 -18.2923 12.2225
      vertex -2.15897 -16.399 14.5056
    endloop
  endfacet
  facet normal -0.0519276 -0.792297 0.607922
    outer loop
      vertex -0 -18.2923 12.2225
      vertex -0 -16.5405 14.5056
      vertex -2.15897 -16.399 14.5056
    endloop
  endfacet
  facet normal 0.051932 -0.792297 0.607922
    outer loop
      vertex -0 -18.2923 12.2225
      vertex 2.38763 -18.1358 12.2225
      vertex -0 -16.5405 14.5056
    endloop
  endfacet
  facet normal 0.0519277 -0.792299 0.607919
    outer loop
      vertex 2.38763 -18.1358 12.2225
      vertex 2.15897 -16.399 14.5056
      vertex -0 -16.5405 14.5056
    endloop
  endfacet
  facet normal 0.154901 -0.778743 0.607919
    outer loop
      vertex 2.38763 -18.1358 12.2225
      vertex 4.7344 -17.669 12.2225
      vertex 2.15897 -16.399 14.5056
    endloop
  endfacet
  facet normal 0.154903 -0.778741 0.60792
    outer loop
      vertex 4.7344 -17.669 12.2225
      vertex 4.28099 -15.9769 14.5056
      vertex 2.15897 -16.399 14.5056
    endloop
  endfacet
  facet normal 0.255215 -0.751863 0.607921
    outer loop
      vertex 4.7344 -17.669 12.2225
      vertex 7.00017 -16.8999 12.2225
      vertex 4.28099 -15.9769 14.5056
    endloop
  endfacet
  facet normal 0.25523 -0.751848 0.607933
    outer loop
      vertex 7.00017 -16.8999 12.2225
      vertex 6.32977 -15.2814 14.5056
      vertex 4.28099 -15.9769 14.5056
    endloop
  endfacet
  facet normal 0.351175 -0.712106 0.607932
    outer loop
      vertex 7.00017 -16.8999 12.2225
      vertex 9.14617 -15.8416 12.2225
      vertex 6.32977 -15.2814 14.5056
    endloop
  endfacet
  facet normal 0.351165 -0.712118 0.607924
    outer loop
      vertex 9.14617 -15.8416 12.2225
      vertex 8.27024 -14.3245 14.5056
      vertex 6.32977 -15.2814 14.5056
    endloop
  endfacet
  facet normal 0.441105 -0.660192 0.607925
    outer loop
      vertex 9.14617 -15.8416 12.2225
      vertex 11.1357 -14.5123 12.2225
      vertex 8.27024 -14.3245 14.5056
    endloop
  endfacet
  facet normal 0.441128 -0.660154 0.60795
    outer loop
      vertex 11.1357 -14.5123 12.2225
      vertex 10.0692 -13.1224 14.5056
      vertex 8.27024 -14.3245 14.5056
    endloop
  endfacet
  facet normal 0.523525 -0.596926 0.607948
    outer loop
      vertex 11.1357 -14.5123 12.2225
      vertex 12.9346 -12.9346 12.2225
      vertex 10.0692 -13.1224 14.5056
    endloop
  endfacet
  facet normal 0.523504 -0.596975 0.607918
    outer loop
      vertex 12.9346 -12.9346 12.2225
      vertex 11.6959 -11.6959 14.5056
      vertex 10.0692 -13.1224 14.5056
    endloop
  endfacet
  facet normal 0.596942 -0.52354 0.60792
    outer loop
      vertex 12.9346 -12.9346 12.2225
      vertex 14.5123 -11.1357 12.2225
      vertex 11.6959 -11.6959 14.5056
    endloop
  endfacet
  facet normal 0.596956 -0.523488 0.60795
    outer loop
      vertex 14.5123 -11.1357 12.2225
      vertex 13.1224 -10.0692 14.5056
      vertex 11.6959 -11.6959 14.5056
    endloop
  endfacet
  facet normal 0.660177 -0.441095 0.607949
    outer loop
      vertex 14.5123 -11.1357 12.2225
      vertex 15.8416 -9.14617 12.2225
      vertex 13.1224 -10.0692 14.5056
    endloop
  endfacet
  facet normal 0.66017 -0.441139 0.607924
    outer loop
      vertex 15.8416 -9.14617 12.2225
      vertex 14.3245 -8.27024 14.5056
      vertex 13.1224 -10.0692 14.5056
    endloop
  endfacet
  facet normal 0.712111 -0.351178 0.607924
    outer loop
      vertex 15.8416 -9.14617 12.2225
      vertex 16.8999 -7.00017 12.2225
      vertex 14.3245 -8.27024 14.5056
    endloop
  endfacet
  facet normal 0.712112 -0.351162 0.607933
    outer loop
      vertex 16.8999 -7.00017 12.2225
      vertex 15.2814 -6.32977 14.5056
      vertex 14.3245 -8.27024 14.5056
    endloop
  endfacet
  facet normal 0.751854 -0.255212 0.607932
    outer loop
      vertex 16.8999 -7.00017 12.2225
      vertex 17.669 -4.7344 12.2225
      vertex 15.2814 -6.32977 14.5056
    endloop
  endfacet
  facet normal 0.751857 -0.255233 0.60792
    outer loop
      vertex 17.669 -4.7344 12.2225
      vertex 15.9769 -4.28099 14.5056
      vertex 15.2814 -6.32977 14.5056
    endloop
  endfacet
  facet normal 0.778742 -0.154901 0.60792
    outer loop
      vertex 17.669 -4.7344 12.2225
      vertex 18.1358 -2.38763 12.2225
      vertex 15.9769 -4.28099 14.5056
    endloop
  endfacet
  facet normal 0.778742 -0.154903 0.607919
    outer loop
      vertex 18.1358 -2.38763 12.2225
      vertex 16.399 -2.15897 14.5056
      vertex 15.9769 -4.28099 14.5056
    endloop
  endfacet
  facet normal 0.792299 -0.0519322 0.607919
    outer loop
      vertex 18.1358 -2.38763 12.2225
      vertex 18.2923 0 12.2225
      vertex 16.399 -2.15897 14.5056
    endloop
  endfacet
  facet normal 0.792297 -0.0519276 0.607922
    outer loop
      vertex 18.2923 0 12.2225
      vertex 16.5405 0 14.5056
      vertex 16.399 -2.15897 14.5056
    endloop
  endfacet
  facet normal 0.864625 0.0566694 0.499211
    outer loop
      vertex 19.7312 0 9.73035
      vertex 19.5624 2.57544 9.73035
      vertex 18.2923 0 12.2225
    endloop
  endfacet
  facet normal 0.864624 0.0566728 0.499214
    outer loop
      vertex 19.5624 2.57544 9.73035
      vertex 18.1358 2.38763 12.2225
      vertex 18.2923 0 12.2225
    endloop
  endfacet
  facet normal 0.849831 0.169035 0.499214
    outer loop
      vertex 19.5624 2.57544 9.73035
      vertex 19.0589 5.10681 9.73035
      vertex 18.1358 2.38763 12.2225
    endloop
  endfacet
  facet normal 0.849827 0.169041 0.499218
    outer loop
      vertex 19.0589 5.10681 9.73035
      vertex 17.669 4.7344 12.2225
      vertex 18.1358 2.38763 12.2225
    endloop
  endfacet
  facet normal 0.820495 0.278513 0.499218
    outer loop
      vertex 19.0589 5.10681 9.73035
      vertex 18.2293 7.5508 9.73035
      vertex 17.669 4.7344 12.2225
    endloop
  endfacet
  facet normal 0.820496 0.278512 0.499217
    outer loop
      vertex 18.2293 7.5508 9.73035
      vertex 16.8999 7.00017 12.2225
      vertex 17.669 4.7344 12.2225
    endloop
  endfacet
  facet normal 0.777111 0.383251 0.499216
    outer loop
      vertex 18.2293 7.5508 9.73035
      vertex 17.0877 9.8656 9.73035
      vertex 16.8999 7.00017 12.2225
    endloop
  endfacet
  facet normal 0.777125 0.383239 0.499203
    outer loop
      vertex 17.0877 9.8656 9.73035
      vertex 15.8416 9.14617 12.2225
      vertex 16.8999 7.00017 12.2225
    endloop
  endfacet
  facet normal 0.720458 0.481391 0.499203
    outer loop
      vertex 17.0877 9.8656 9.73035
      vertex 15.6538 12.0116 9.73035
      vertex 15.8416 9.14617 12.2225
    endloop
  endfacet
  facet normal 0.720472 0.481382 0.499192
    outer loop
      vertex 15.6538 12.0116 9.73035
      vertex 14.5123 11.1357 12.2225
      vertex 15.8416 9.14617 12.2225
    endloop
  endfacet
  facet normal 0.651475 0.571303 0.499193
    outer loop
      vertex 15.6538 12.0116 9.73035
      vertex 13.9521 13.9521 9.73035
      vertex 14.5123 11.1357 12.2225
    endloop
  endfacet
  facet normal 0.651428 0.571326 0.499228
    outer loop
      vertex 13.9521 13.9521 9.73035
      vertex 12.9346 12.9346 12.2225
      vertex 14.5123 11.1357 12.2225
    endloop
  endfacet
  facet normal 0.57129 0.65146 0.499227
    outer loop
      vertex 13.9521 13.9521 9.73035
      vertex 12.0116 15.6538 9.73035
      vertex 12.9346 12.9346 12.2225
    endloop
  endfacet
  facet normal 0.57134 0.651444 0.499191
    outer loop
      vertex 12.0116 15.6538 9.73035
      vertex 11.1357 14.5123 12.2225
      vertex 12.9346 12.9346 12.2225
    endloop
  endfacet
  facet normal 0.481394 0.720463 0.499192
    outer loop
      vertex 12.0116 15.6538 9.73035
      vertex 9.8656 17.0877 9.73035
      vertex 11.1357 14.5123 12.2225
    endloop
  endfacet
  facet normal 0.481378 0.720466 0.499204
    outer loop
      vertex 9.8656 17.0877 9.73035
      vertex 9.14617 15.8416 12.2225
      vertex 11.1357 14.5123 12.2225
    endloop
  endfacet
  facet normal 0.383254 0.777117 0.499204
    outer loop
      vertex 9.8656 17.0877 9.73035
      vertex 7.5508 18.2293 9.73035
      vertex 9.14617 15.8416 12.2225
    endloop
  endfacet
  facet normal 0.383236 0.777118 0.499217
    outer loop
      vertex 7.5508 18.2293 9.73035
      vertex 7.00017 16.8999 12.2225
      vertex 9.14617 15.8416 12.2225
    endloop
  endfacet
  facet normal 0.278513 0.820495 0.499217
    outer loop
      vertex 7.5508 18.2293 9.73035
      vertex 5.10681 19.0589 9.73035
      vertex 7.00017 16.8999 12.2225
    endloop
  endfacet
  facet normal 0.278511 0.820495 0.499218
    outer loop
      vertex 5.10681 19.0589 9.73035
      vertex 4.7344 17.669 12.2225
      vertex 7.00017 16.8999 12.2225
    endloop
  endfacet
  facet normal 0.169034 0.849829 0.499218
    outer loop
      vertex 5.10681 19.0589 9.73035
      vertex 2.57544 19.5624 9.73035
      vertex 4.7344 17.669 12.2225
    endloop
  endfacet
  facet normal 0.169041 0.84983 0.499214
    outer loop
      vertex 2.57544 19.5624 9.73035
      vertex 2.38763 18.1358 12.2225
      vertex 4.7344 17.669 12.2225
    endloop
  endfacet
  facet normal 0.0566693 0.864624 0.499214
    outer loop
      vertex 2.57544 19.5624 9.73035
      vertex 0 19.7312 9.73035
      vertex 2.38763 18.1358 12.2225
    endloop
  endfacet
  facet normal 0.0566729 0.864625 0.499211
    outer loop
      vertex 0 19.7312 9.73035
      vertex 0 18.2923 12.2225
      vertex 2.38763 18.1358 12.2225
    endloop
  endfacet
  facet normal -0.0566694 0.864625 0.499211
    outer loop
      vertex 0 19.7312 9.73035
      vertex -2.57544 19.5624 9.73035
      vertex 0 18.2923 12.2225
    endloop
  endfacet
  facet normal -0.0566728 0.864624 0.499214
    outer loop
      vertex -2.57544 19.5624 9.73035
      vertex -2.38763 18.1358 12.2225
      vertex 0 18.2923 12.2225
    endloop
  endfacet
  facet normal -0.169035 0.849831 0.499214
    outer loop
      vertex -2.57544 19.5624 9.73035
      vertex -5.10681 19.0589 9.73035
      vertex -2.38763 18.1358 12.2225
    endloop
  endfacet
  facet normal -0.169041 0.849827 0.499218
    outer loop
      vertex -5.10681 19.0589 9.73035
      vertex -4.7344 17.669 12.2225
      vertex -2.38763 18.1358 12.2225
    endloop
  endfacet
  facet normal -0.278513 0.820495 0.499218
    outer loop
      vertex -5.10681 19.0589 9.73035
      vertex -7.5508 18.2293 9.73035
      vertex -4.7344 17.669 12.2225
    endloop
  endfacet
  facet normal -0.278512 0.820496 0.499217
    outer loop
      vertex -7.5508 18.2293 9.73035
      vertex -7.00017 16.8999 12.2225
      vertex -4.7344 17.669 12.2225
    endloop
  endfacet
  facet normal -0.383251 0.777111 0.499216
    outer loop
      vertex -7.5508 18.2293 9.73035
      vertex -9.8656 17.0877 9.73035
      vertex -7.00017 16.8999 12.2225
    endloop
  endfacet
  facet normal -0.383239 0.777125 0.499203
    outer loop
      vertex -9.8656 17.0877 9.73035
      vertex -9.14617 15.8416 12.2225
      vertex -7.00017 16.8999 12.2225
    endloop
  endfacet
  facet normal -0.481391 0.720458 0.499203
    outer loop
      vertex -9.8656 17.0877 9.73035
      vertex -12.0116 15.6538 9.73035
      vertex -9.14617 15.8416 12.2225
    endloop
  endfacet
  facet normal -0.481382 0.720472 0.499192
    outer loop
      vertex -12.0116 15.6538 9.73035
      vertex -11.1357 14.5123 12.2225
      vertex -9.14617 15.8416 12.2225
    endloop
  endfacet
  facet normal -0.571303 0.651475 0.499193
    outer loop
      vertex -12.0116 15.6538 9.73035
      vertex -13.9521 13.9521 9.73035
      vertex -11.1357 14.5123 12.2225
    endloop
  endfacet
  facet normal -0.571326 0.651428 0.499228
    outer loop
      vertex -13.9521 13.9521 9.73035
      vertex -12.9346 12.9346 12.2225
      vertex -11.1357 14.5123 12.2225
    endloop
  endfacet
  facet normal -0.65146 0.57129 0.499227
    outer loop
      vertex -13.9521 13.9521 9.73035
      vertex -15.6538 12.0116 9.73035
      vertex -12.9346 12.9346 12.2225
    endloop
  endfacet
  facet normal -0.651444 0.57134 0.499191
    outer loop
      vertex -15.6538 12.0116 9.73035
      vertex -14.5123 11.1357 12.2225
      vertex -12.9346 12.9346 12.2225
    endloop
  endfacet
  facet normal -0.720463 0.481394 0.499192
    outer loop
      vertex -15.6538 12.0116 9.73035
      vertex -17.0877 9.8656 9.73035
      vertex -14.5123 11.1357 12.2225
    endloop
  endfacet
  facet normal -0.720466 0.481378 0.499204
    outer loop
      vertex -17.0877 9.8656 9.73035
      vertex -15.8416 9.14617 12.2225
      vertex -14.5123 11.1357 12.2225
    endloop
  endfacet
  facet normal -0.777117 0.383254 0.499204
    outer loop
      vertex -17.0877 9.8656 9.73035
      vertex -18.2293 7.5508 9.73035
      vertex -15.8416 9.14617 12.2225
    endloop
  endfacet
  facet normal -0.777118 0.383236 0.499217
    outer loop
      vertex -18.2293 7.5508 9.73035
      vertex -16.8999 7.00017 12.2225
      vertex -15.8416 9.14617 12.2225
    endloop
  endfacet
  facet normal -0.820495 0.278513 0.499217
    outer loop
      vertex -18.2293 7.5508 9.73035
      vertex -19.0589 5.10681 9.73035
      vertex -16.8999 7.00017 12.2225
    endloop
  endfacet
  facet normal -0.820495 0.278511 0.499218
    outer loop
      vertex -19.0589 5.10681 9.73035
      vertex -17.669 4.7344 12.2225
      vertex -16.8999 7.00017 12.2225
    endloop
  endfacet
  facet normal -0.849829 0.169034 0.499218
    outer loop
      vertex -19.0589 5.10681 9.73035
      vertex -19.5624 2.57544 9.73035
      vertex -17.669 4.7344 12.2225
    endloop
  endfacet
  facet normal -0.84983 0.169041 0.499214
    outer loop
      vertex -19.5624 2.57544 9.73035
      vertex -18.1358 2.38763 12.2225
      vertex -17.669 4.7344 12.2225
    endloop
  endfacet
  facet normal -0.864624 0.0566693 0.499214
    outer loop
      vertex -19.5624 2.57544 9.73035
      vertex -19.7312 -0 9.73035
      vertex -18.1358 2.38763 12.2225
    endloop
  endfacet
  facet normal -0.864625 0.0566729 0.499211
    outer loop
      vertex -19.7312 -0 9.73035
      vertex -18.2923 -0 12.2225
      vertex -18.1358 2.38763 12.2225
    endloop
  endfacet
  facet normal -0.864625 -0.0566694 0.499211
    outer loop
      vertex -19.7312 -0 9.73035
      vertex -19.5624 -2.57544 9.73035
      vertex -18.2923 -0 12.2225
    endloop
  endfacet
  facet normal -0.864624 -0.0566728 0.499214
    outer loop
      vertex -19.5624 -2.57544 9.73035
      vertex -18.1358 -2.38763 12.2225
      vertex -18.2923 -0 12.2225
    endloop
  endfacet
  facet normal -0.849831 -0.169035 0.499214
    outer loop
      vertex -19.5624 -2.57544 9.73035
      vertex -19.0589 -5.10681 9.73035
      vertex -18.1358 -2.38763 12.2225
    endloop
  endfacet
  facet normal -0.849827 -0.169041 0.499218
    outer loop
      vertex -19.0589 -5.10681 9.73035
      vertex -17.669 -4.7344 12.2225
      vertex -18.1358 -2.38763 12.2225
    endloop
  endfacet
  facet normal -0.820495 -0.278513 0.499218
    outer loop
      vertex -19.0589 -5.10681 9.73035
      vertex -18.2293 -7.5508 9.73035
      vertex -17.669 -4.7344 12.2225
    endloop
  endfacet
  facet normal -0.820496 -0.278512 0.499217
    outer loop
      vertex -18.2293 -7.5508 9.73035
      vertex -16.8999 -7.00017 12.2225
      vertex -17.669 -4.7344 12.2225
    endloop
  endfacet
  facet normal -0.777111 -0.383251 0.499216
    outer loop
      vertex -18.2293 -7.5508 9.73035
      vertex -17.0877 -9.8656 9.73035
      vertex -16.8999 -7.00017 12.2225
    endloop
  endfacet
  facet normal -0.777125 -0.383239 0.499203
    outer loop
      vertex -17.0877 -9.8656 9.73035
      vertex -15.8416 -9.14617 12.2225
      vertex -16.8999 -7.00017 12.2225
    endloop
  endfacet
  facet normal -0.720458 -0.481391 0.499203
    outer loop
      vertex -17.0877 -9.8656 9.73035
      vertex -15.6538 -12.0116 9.73035
      vertex -15.8416 -9.14617 12.2225
    endloop
  endfacet
  facet normal -0.720472 -0.481382 0.499192
    outer loop
      vertex -15.6538 -12.0116 9.73035
      vertex -14.5123 -11.1357 12.2225
      vertex -15.8416 -9.14617 12.2225
    endloop
  endfacet
  facet normal -0.651475 -0.571303 0.499193
    outer loop
      vertex -15.6538 -12.0116 9.73035
      vertex -13.9521 -13.9521 9.73035
      vertex -14.5123 -11.1357 12.2225
    endloop
  endfacet
  facet normal -0.651428 -0.571326 0.499228
    outer loop
      vertex -13.9521 -13.9521 9.73035
      vertex -12.9346 -12.9346 12.2225
      vertex -14.5123 -11.1357 12.2225
    endloop
  endfacet
  facet normal -0.57129 -0.65146 0.499227
    outer loop
      vertex -13.9521 -13.9521 9.73035
      vertex -12.0116 -15.6538 9.73035
      vertex -12.9346 -12.9346 12.2225
    endloop
  endfacet
  facet normal -0.57134 -0.651444 0.499191
    outer loop
      vertex -12.0116 -15.6538 9.73035
      vertex -11.1357 -14.5123 12.2225
      vertex -12.9346 -12.9346 12.2225
    endloop
  endfacet
  facet normal -0.481394 -0.720463 0.499192
    outer loop
      vertex -12.0116 -15.6538 9.73035
      vertex -9.8656 -17.0877 9.73035
      vertex -11.1357 -14.5123 12.2225
    endloop
  endfacet
  facet normal -0.481378 -0.720466 0.499204
    outer loop
      vertex -9.8656 -17.0877 9.73035
      vertex -9.14617 -15.8416 12.2225
      vertex -11.1357 -14.5123 12.2225
    endloop
  endfacet
  facet normal -0.383254 -0.777117 0.499204
    outer loop
      vertex -9.8656 -17.0877 9.73035
      vertex -7.5508 -18.2293 9.73035
      vertex -9.14617 -15.8416 12.2225
    endloop
  endfacet
  facet normal -0.383236 -0.777118 0.499217
    outer loop
      vertex -7.5508 -18.2293 9.73035
      vertex -7.00017 -16.8999 12.2225
      vertex -9.14617 -15.8416 12.2225
    endloop
  endfacet
  facet normal -0.278513 -0.820495 0.499217
    outer loop
      vertex -7.5508 -18.2293 9.73035
      vertex -5.10681 -19.0589 9.73035
      vertex -7.00017 -16.8999 12.2225
    endloop
  endfacet
  facet normal -0.278511 -0.820495 0.499218
    outer loop
      vertex -5.10681 -19.0589 9.73035
      vertex -4.7344 -17.669 12.2225
      vertex -7.00017 -16.8999 12.2225
    endloop
  endfacet
  facet normal -0.169034 -0.849829 0.499218
    outer loop
      vertex -5.10681 -19.0589 9.73035
      vertex -2.57544 -19.5624 9.73035
      vertex -4.7344 -17.669 12.2225
    endloop
  endfacet
  facet normal -0.169041 -0.84983 0.499214
    outer loop
      vertex -2.57544 -19.5624 9.73035
      vertex -2.38763 -18.1358 12.2225
      vertex -4.7344 -17.669 12.2225
    endloop
  endfacet
  facet normal -0.0566693 -0.864624 0.499214
    outer loop
      vertex -2.57544 -19.5624 9.73035
      vertex -0 -19.7312 9.73035
      vertex -2.38763 -18.1358 12.2225
    endloop
  endfacet
  facet normal -0.0566729 -0.864625 0.499211
    outer loop
      vertex -0 -19.7312 9.73035
      vertex -0 -18.2923 12.2225
      vertex -2.38763 -18.1358 12.2225
    endloop
  endfacet
  facet normal 0.0566694 -0.864625 0.499211
    outer loop
      vertex -0 -19.7312 9.73035
      vertex 2.57544 -19.5624 9.73035
      vertex -0 -18.2923 12.2225
    endloop
  endfacet
  facet normal 0.0566728 -0.864624 0.499214
    outer loop
      vertex 2.57544 -19.5624 9.73035
      vertex 2.38763 -18.1358 12.2225
      vertex -0 -18.2923 12.2225
    endloop
  endfacet
  facet normal 0.169035 -0.849831 0.499214
    outer loop
      vertex 2.57544 -19.5624 9.73035
      vertex 5.10681 -19.0589 9.73035
      vertex 2.38763 -18.1358 12.2225
    endloop
  endfacet
  facet normal 0.169041 -0.849827 0.499218
    outer loop
      vertex 5.10681 -19.0589 9.73035
      vertex 4.7344 -17.669 12.2225
      vertex 2.38763 -18.1358 12.2225
    endloop
  endfacet
  facet normal 0.278513 -0.820495 0.499218
    outer loop
      vertex 5.10681 -19.0589 9.73035
      vertex 7.5508 -18.2293 9.73035
      vertex 4.7344 -17.669 12.2225
    endloop
  endfacet
  facet normal 0.278512 -0.820496 0.499217
    outer loop
      vertex 7.5508 -18.2293 9.73035
      vertex 7.00017 -16.8999 12.2225
      vertex 4.7344 -17.669 12.2225
    endloop
  endfacet
  facet normal 0.383251 -0.777111 0.499216
    outer loop
      vertex 7.5508 -18.2293 9.73035
      vertex 9.8656 -17.0877 9.73035
      vertex 7.00017 -16.8999 12.2225
    endloop
  endfacet
  facet normal 0.383239 -0.777125 0.499203
    outer loop
      vertex 9.8656 -17.0877 9.73035
      vertex 9.14617 -15.8416 12.2225
      vertex 7.00017 -16.8999 12.2225
    endloop
  endfacet
  facet normal 0.481391 -0.720458 0.499203
    outer loop
      vertex 9.8656 -17.0877 9.73035
      vertex 12.0116 -15.6538 9.73035
      vertex 9.14617 -15.8416 12.2225
    endloop
  endfacet
  facet normal 0.481382 -0.720472 0.499192
    outer loop
      vertex 12.0116 -15.6538 9.73035
      vertex 11.1357 -14.5123 12.2225
      vertex 9.14617 -15.8416 12.2225
    endloop
  endfacet
  facet normal 0.571303 -0.651475 0.499193
    outer loop
      vertex 12.0116 -15.6538 9.73035
      vertex 13.9521 -13.9521 9.73035
      vertex 11.1357 -14.5123 12.2225
    endloop
  endfacet
  facet normal 0.571326 -0.651428 0.499228
    outer loop
      vertex 13.9521 -13.9521 9.73035
      vertex 12.9346 -12.9346 12.2225
      vertex 11.1357 -14.5123 12.2225
    endloop
  endfacet
  facet normal 0.65146 -0.57129 0.499227
    outer loop
      vertex 13.9521 -13.9521 9.73035
      vertex 15.6538 -12.0116 9.73035
      vertex 12.9346 -12.9346 12.2225
    endloop
  endfacet
  facet normal 0.651444 -0.57134 0.499191
    outer loop
      vertex 15.6538 -12.0116 9.73035
      vertex 14.5123 -11.1357 12.2225
      vertex 12.9346 -12.9346 12.2225
    endloop
  endfacet
  facet normal 0.720463 -0.481394 0.499192
    outer loop
      vertex 15.6538 -12.0116 9.73035
      vertex 17.0877 -9.8656 9.73035
      vertex 14.5123 -11.1357 12.2225
    endloop
  endfacet
  facet normal 0.720466 -0.481378 0.499204
    outer loop
      vertex 17.0877 -9.8656 9.73035
      vertex 15.8416 -9.14617 12.2225
      vertex 14.5123 -11.1357 12.2225
    endloop
  endfacet
  facet normal 0.777117 -0.383254 0.499204
    outer loop
      vertex 17.0877 -9.8656 9.73035
      vertex 18.2293 -7.5508 9.73035
      vertex 15.8416 -9.14617 12.2225
    endloop
  endfacet
  facet normal 0.777118 -0.383236 0.499217
    outer loop
      vertex 18.2293 -7.5508 9.73035
      vertex 16.8999 -7.00017 12.2225
      vertex 15.8416 -9.14617 12.2225
    endloop
  endfacet
  facet normal 0.820495 -0.278513 0.499217
    outer loop
      vertex 18.2293 -7.5508 9.73035
      vertex 19.0589 -5.10681 9.73035
      vertex 16.8999 -7.00017 12.2225
    endloop
  endfacet
  facet normal 0.820495 -0.278511 0.499218
    outer loop
      vertex 19.0589 -5.10681 9.73035
      vertex 17.669 -4.7344 12.2225
      vertex 16.8999 -7.00017 12.2225
    endloop
  endfacet
  facet normal 0.849829 -0.169034 0.499218
    outer loop
      vertex 19.0589 -5.10681 9.73035
      vertex 19.5624 -2.57544 9.73035
      vertex 17.669 -4.7344 12.2225
    endloop
  endfacet
  facet normal 0.84983 -0.169041 0.499214
    outer loop
      vertex 19.5624 -2.57544 9.73035
      vertex 18.1358 -2.38763 12.2225
      vertex 17.669 -4.7344 12.2225
    endloop
  endfacet
  facet normal 0.864624 -0.0566693 0.499214
    outer loop
      vertex 19.5624 -2.57544 9.73035
      vertex 19.7312 0 9.73035
      vertex 18.1358 -2.38763 12.2225
    endloop
  endfacet
  facet normal 0.864625 -0.0566729 0.499211
    outer loop
      vertex 19.7312 0 9.73035
      vertex 18.2923 0 12.2225
      vertex 18.1358 -2.38763 12.2225
    endloop
  endfacet
  facet normal 0.922184 0.0604688 0.381995
    outer loop
      vertex 20.8325 0 7.07167
      vertex 20.6542 2.71918 7.07167
      vertex 19.7312 0 9.73035
    endloop
  endfacet
  facet normal 0.922195 0.0604427 0.381972
    outer loop
      vertex 20.6542 2.71918 7.07167
      vertex 19.5624 2.57544 9.73035
      vertex 19.7312 0 9.73035
    endloop
  endfacet
  facet normal 0.906418 0.180289 0.381972
    outer loop
      vertex 20.6542 2.71918 7.07167
      vertex 20.1226 5.39184 7.07167
      vertex 19.5624 2.57544 9.73035
    endloop
  endfacet
  facet normal 0.906417 0.18029 0.381973
    outer loop
      vertex 20.1226 5.39184 7.07167
      vertex 19.0589 5.10681 9.73035
      vertex 19.5624 2.57544 9.73035
    endloop
  endfacet
  facet normal 0.87513 0.297057 0.381974
    outer loop
      vertex 20.1226 5.39184 7.07167
      vertex 19.2467 7.97224 7.07167
      vertex 19.0589 5.10681 9.73035
    endloop
  endfacet
  facet normal 0.875129 0.297058 0.381975
    outer loop
      vertex 19.2467 7.97224 7.07167
      vertex 18.2293 7.5508 9.73035
      vertex 19.0589 5.10681 9.73035
    endloop
  endfacet
  facet normal 0.828855 0.408771 0.381975
    outer loop
      vertex 19.2467 7.97224 7.07167
      vertex 18.0414 10.4162 7.07167
      vertex 18.2293 7.5508 9.73035
    endloop
  endfacet
  facet normal 0.828856 0.40877 0.381975
    outer loop
      vertex 18.0414 10.4162 7.07167
      vertex 17.0877 9.8656 9.73035
      vertex 18.2293 7.5508 9.73035
    endloop
  endfacet
  facet normal 0.768431 0.513429 0.381974
    outer loop
      vertex 18.0414 10.4162 7.07167
      vertex 16.5275 12.682 7.07167
      vertex 17.0877 9.8656 9.73035
    endloop
  endfacet
  facet normal 0.76842 0.513438 0.381985
    outer loop
      vertex 16.5275 12.682 7.07167
      vertex 15.6538 12.0116 9.73035
      vertex 17.0877 9.8656 9.73035
    endloop
  endfacet
  facet normal 0.694835 0.609337 0.381985
    outer loop
      vertex 16.5275 12.682 7.07167
      vertex 14.7308 14.7308 7.07167
      vertex 15.6538 12.0116 9.73035
    endloop
  endfacet
  facet normal 0.694841 0.609333 0.381979
    outer loop
      vertex 14.7308 14.7308 7.07167
      vertex 13.9521 13.9521 9.73035
      vertex 15.6538 12.0116 9.73035
    endloop
  endfacet
  facet normal 0.609339 0.694837 0.38198
    outer loop
      vertex 14.7308 14.7308 7.07167
      vertex 12.682 16.5275 7.07167
      vertex 13.9521 13.9521 9.73035
    endloop
  endfacet
  facet normal 0.609332 0.694839 0.381986
    outer loop
      vertex 12.682 16.5275 7.07167
      vertex 12.0116 15.6538 9.73035
      vertex 13.9521 13.9521 9.73035
    endloop
  endfacet
  facet normal 0.513427 0.768427 0.381985
    outer loop
      vertex 12.682 16.5275 7.07167
      vertex 10.4162 18.0414 7.07167
      vertex 12.0116 15.6538 9.73035
    endloop
  endfacet
  facet normal 0.51344 0.768424 0.381974
    outer loop
      vertex 10.4162 18.0414 7.07167
      vertex 9.8656 17.0877 9.73035
      vertex 12.0116 15.6538 9.73035
    endloop
  endfacet
  facet normal 0.408771 0.828856 0.381975
    outer loop
      vertex 10.4162 18.0414 7.07167
      vertex 7.97224 19.2467 7.07167
      vertex 9.8656 17.0877 9.73035
    endloop
  endfacet
  facet normal 0.40877 0.828856 0.381975
    outer loop
      vertex 7.97224 19.2467 7.07167
      vertex 7.5508 18.2293 9.73035
      vertex 9.8656 17.0877 9.73035
    endloop
  endfacet
  facet normal 0.297057 0.87513 0.381975
    outer loop
      vertex 7.97224 19.2467 7.07167
      vertex 5.39184 20.1226 7.07167
      vertex 7.5508 18.2293 9.73035
    endloop
  endfacet
  facet normal 0.297058 0.87513 0.381974
    outer loop
      vertex 5.39184 20.1226 7.07167
      vertex 5.10681 19.0589 9.73035
      vertex 7.5508 18.2293 9.73035
    endloop
  endfacet
  facet normal 0.180289 0.906417 0.381973
    outer loop
      vertex 5.39184 20.1226 7.07167
      vertex 2.71918 20.6542 7.07167
      vertex 5.10681 19.0589 9.73035
    endloop
  endfacet
  facet normal 0.18029 0.906418 0.381972
    outer loop
      vertex 2.71918 20.6542 7.07167
      vertex 2.57544 19.5624 9.73035
      vertex 5.10681 19.0589 9.73035
    endloop
  endfacet
  facet normal 0.0604694 0.922193 0.381972
    outer loop
      vertex 2.71918 20.6542 7.07167
      vertex 0 20.8325 7.07167
      vertex 2.57544 19.5624 9.73035
    endloop
  endfacet
  facet normal 0.0604421 0.922186 0.381995
    outer loop
      vertex 0 20.8325 7.07167
      vertex 0 19.7312 9.73035
      vertex 2.57544 19.5624 9.73035
    endloop
  endfacet
  facet normal -0.0604688 0.922184 0.381995
    outer loop
      vertex 0 20.8325 7.07167
      vertex -2.71918 20.6542 7.07167
      vertex 0 19.7312 9.73035
    endloop
  endfacet
  facet normal -0.0604427 0.922195 0.381972
    outer loop
      vertex -2.71918 20.6542 7.07167
      vertex -2.57544 19.5624 9.73035
      vertex 0 19.7312 9.73035
    endloop
  endfacet
  facet normal -0.180289 0.906418 0.381972
    outer loop
      vertex -2.71918 20.6542 7.07167
      vertex -5.39184 20.1226 7.07167
      vertex -2.57544 19.5624 9.73035
    endloop
  endfacet
  facet normal -0.18029 0.906417 0.381973
    outer loop
      vertex -5.39184 20.1226 7.07167
      vertex -5.10681 19.0589 9.73035
      vertex -2.57544 19.5624 9.73035
    endloop
  endfacet
  facet normal -0.297057 0.87513 0.381974
    outer loop
      vertex -5.39184 20.1226 7.07167
      vertex -7.97224 19.2467 7.07167
      vertex -5.10681 19.0589 9.73035
    endloop
  endfacet
  facet normal -0.297058 0.875129 0.381975
    outer loop
      vertex -7.97224 19.2467 7.07167
      vertex -7.5508 18.2293 9.73035
      vertex -5.10681 19.0589 9.73035
    endloop
  endfacet
  facet normal -0.408771 0.828855 0.381975
    outer loop
      vertex -7.97224 19.2467 7.07167
      vertex -10.4162 18.0414 7.07167
      vertex -7.5508 18.2293 9.73035
    endloop
  endfacet
  facet normal -0.40877 0.828856 0.381975
    outer loop
      vertex -10.4162 18.0414 7.07167
      vertex -9.8656 17.0877 9.73035
      vertex -7.5508 18.2293 9.73035
    endloop
  endfacet
  facet normal -0.513429 0.768431 0.381974
    outer loop
      vertex -10.4162 18.0414 7.07167
      vertex -12.682 16.5275 7.07167
      vertex -9.8656 17.0877 9.73035
    endloop
  endfacet
  facet normal -0.513438 0.76842 0.381985
    outer loop
      vertex -12.682 16.5275 7.07167
      vertex -12.0116 15.6538 9.73035
      vertex -9.8656 17.0877 9.73035
    endloop
  endfacet
  facet normal -0.609337 0.694835 0.381985
    outer loop
      vertex -12.682 16.5275 7.07167
      vertex -14.7308 14.7308 7.07167
      vertex -12.0116 15.6538 9.73035
    endloop
  endfacet
  facet normal -0.609333 0.694841 0.381979
    outer loop
      vertex -14.7308 14.7308 7.07167
      vertex -13.9521 13.9521 9.73035
      vertex -12.0116 15.6538 9.73035
    endloop
  endfacet
  facet normal -0.694837 0.609339 0.38198
    outer loop
      vertex -14.7308 14.7308 7.07167
      vertex -16.5275 12.682 7.07167
      vertex -13.9521 13.9521 9.73035
    endloop
  endfacet
  facet normal -0.694839 0.609332 0.381986
    outer loop
      vertex -16.5275 12.682 7.07167
      vertex -15.6538 12.0116 9.73035
      vertex -13.9521 13.9521 9.73035
    endloop
  endfacet
  facet normal -0.768427 0.513427 0.381985
    outer loop
      vertex -16.5275 12.682 7.07167
      vertex -18.0414 10.4162 7.07167
      vertex -15.6538 12.0116 9.73035
    endloop
  endfacet
  facet normal -0.768424 0.51344 0.381974
    outer loop
      vertex -18.0414 10.4162 7.07167
      vertex -17.0877 9.8656 9.73035
      vertex -15.6538 12.0116 9.73035
    endloop
  endfacet
  facet normal -0.828856 0.408771 0.381975
    outer loop
      vertex -18.0414 10.4162 7.07167
      vertex -19.2467 7.97224 7.07167
      vertex -17.0877 9.8656 9.73035
    endloop
  endfacet
  facet normal -0.828856 0.40877 0.381975
    outer loop
      vertex -19.2467 7.97224 7.07167
      vertex -18.2293 7.5508 9.73035
      vertex -17.0877 9.8656 9.73035
    endloop
  endfacet
  facet normal -0.87513 0.297057 0.381975
    outer loop
      vertex -19.2467 7.97224 7.07167
      vertex -20.1226 5.39184 7.07167
      vertex -18.2293 7.5508 9.73035
    endloop
  endfacet
  facet normal -0.87513 0.297058 0.381974
    outer loop
      vertex -20.1226 5.39184 7.07167
      vertex -19.0589 5.10681 9.73035
      vertex -18.2293 7.5508 9.73035
    endloop
  endfacet
  facet normal -0.906417 0.180289 0.381973
    outer loop
      vertex -20.1226 5.39184 7.07167
      vertex -20.6542 2.71918 7.07167
      vertex -19.0589 5.10681 9.73035
    endloop
  endfacet
  facet normal -0.906418 0.18029 0.381972
    outer loop
      vertex -20.6542 2.71918 7.07167
      vertex -19.5624 2.57544 9.73035
      vertex -19.0589 5.10681 9.73035
    endloop
  endfacet
  facet normal -0.922193 0.0604694 0.381972
    outer loop
      vertex -20.6542 2.71918 7.07167
      vertex -20.8325 -0 7.07167
      vertex -19.5624 2.57544 9.73035
    endloop
  endfacet
  facet normal -0.922186 0.0604421 0.381995
    outer loop
      vertex -20.8325 -0 7.07167
      vertex -19.7312 -0 9.73035
      vertex -19.5624 2.57544 9.73035
    endloop
  endfacet
  facet normal -0.922184 -0.0604688 0.381995
    outer loop
      vertex -20.8325 -0 7.07167
      vertex -20.6542 -2.71918 7.07167
      vertex -19.7312 -0 9.73035
    endloop
  endfacet
  facet normal -0.922195 -0.0604427 0.381972
    outer loop
      vertex -20.6542 -2.71918 7.07167
      vertex -19.5624 -2.57544 9.73035
      vertex -19.7312 -0 9.73035
    endloop
  endfacet
  facet normal -0.906418 -0.180289 0.381972
    outer loop
      vertex -20.6542 -2.71918 7.07167
      vertex -20.1226 -5.39184 7.07167
      vertex -19.5624 -2.57544 9.73035
    endloop
  endfacet
  facet normal -0.906417 -0.18029 0.381973
    outer loop
      vertex -20.1226 -5.39184 7.07167
      vertex -19.0589 -5.10681 9.73035
      vertex -19.5624 -2.57544 9.73035
    endloop
  endfacet
  facet normal -0.87513 -0.297057 0.381974
    outer loop
      vertex -20.1226 -5.39184 7.07167
      vertex -19.2467 -7.97224 7.07167
      vertex -19.0589 -5.10681 9.73035
    endloop
  endfacet
  facet normal -0.875129 -0.297058 0.381975
    outer loop
      vertex -19.2467 -7.97224 7.07167
      vertex -18.2293 -7.5508 9.73035
      vertex -19.0589 -5.10681 9.73035
    endloop
  endfacet
  facet normal -0.828855 -0.408771 0.381975
    outer loop
      vertex -19.2467 -7.97224 7.07167
      vertex -18.0414 -10.4162 7.07167
      vertex -18.2293 -7.5508 9.73035
    endloop
  endfacet
  facet normal -0.828856 -0.40877 0.381975
    outer loop
      vertex -18.0414 -10.4162 7.07167
      vertex -17.0877 -9.8656 9.73035
      vertex -18.2293 -7.5508 9.73035
    endloop
  endfacet
  facet normal -0.768431 -0.513429 0.381974
    outer loop
      vertex -18.0414 -10.4162 7.07167
      vertex -16.5275 -12.682 7.07167
      vertex -17.0877 -9.8656 9.73035
    endloop
  endfacet
  facet normal -0.76842 -0.513438 0.381985
    outer loop
      vertex -16.5275 -12.682 7.07167
      vertex -15.6538 -12.0116 9.73035
      vertex -17.0877 -9.8656 9.73035
    endloop
  endfacet
  facet normal -0.694835 -0.609337 0.381985
    outer loop
      vertex -16.5275 -12.682 7.07167
      vertex -14.7308 -14.7308 7.07167
      vertex -15.6538 -12.0116 9.73035
    endloop
  endfacet
  facet normal -0.694841 -0.609333 0.381979
    outer loop
      vertex -14.7308 -14.7308 7.07167
      vertex -13.9521 -13.9521 9.73035
      vertex -15.6538 -12.0116 9.73035
    endloop
  endfacet
  facet normal -0.609339 -0.694837 0.38198
    outer loop
      vertex -14.7308 -14.7308 7.07167
      vertex -12.682 -16.5275 7.07167
      vertex -13.9521 -13.9521 9.73035
    endloop
  endfacet
  facet normal -0.609332 -0.694839 0.381986
    outer loop
      vertex -12.682 -16.5275 7.07167
      vertex -12.0116 -15.6538 9.73035
      vertex -13.9521 -13.9521 9.73035
    endloop
  endfacet
  facet normal -0.513427 -0.768427 0.381985
    outer loop
      vertex -12.682 -16.5275 7.07167
      vertex -10.4162 -18.0414 7.07167
      vertex -12.0116 -15.6538 9.73035
    endloop
  endfacet
  facet normal -0.51344 -0.768424 0.381974
    outer loop
      vertex -10.4162 -18.0414 7.07167
      vertex -9.8656 -17.0877 9.73035
      vertex -12.0116 -15.6538 9.73035
    endloop
  endfacet
  facet normal -0.408771 -0.828856 0.381975
    outer loop
      vertex -10.4162 -18.0414 7.07167
      vertex -7.97224 -19.2467 7.07167
      vertex -9.8656 -17.0877 9.73035
    endloop
  endfacet
  facet normal -0.40877 -0.828856 0.381975
    outer loop
      vertex -7.97224 -19.2467 7.07167
      vertex -7.5508 -18.2293 9.73035
      vertex -9.8656 -17.0877 9.73035
    endloop
  endfacet
  facet normal -0.297057 -0.87513 0.381975
    outer loop
      vertex -7.97224 -19.2467 7.07167
      vertex -5.39184 -20.1226 7.07167
      vertex -7.5508 -18.2293 9.73035
    endloop
  endfacet
  facet normal -0.297058 -0.87513 0.381974
    outer loop
      vertex -5.39184 -20.1226 7.07167
      vertex -5.10681 -19.0589 9.73035
      vertex -7.5508 -18.2293 9.73035
    endloop
  endfacet
  facet normal -0.180289 -0.906417 0.381973
    outer loop
      vertex -5.39184 -20.1226 7.07167
      vertex -2.71918 -20.6542 7.07167
      vertex -5.10681 -19.0589 9.73035
    endloop
  endfacet
  facet normal -0.18029 -0.906418 0.381972
    outer loop
      vertex -2.71918 -20.6542 7.07167
      vertex -2.57544 -19.5624 9.73035
      vertex -5.10681 -19.0589 9.73035
    endloop
  endfacet
  facet normal -0.0604694 -0.922193 0.381972
    outer loop
      vertex -2.71918 -20.6542 7.07167
      vertex -0 -20.8325 7.07167
      vertex -2.57544 -19.5624 9.73035
    endloop
  endfacet
  facet normal -0.0604421 -0.922186 0.381995
    outer loop
      vertex -0 -20.8325 7.07167
      vertex -0 -19.7312 9.73035
      vertex -2.57544 -19.5624 9.73035
    endloop
  endfacet
  facet normal 0.0604688 -0.922184 0.381995
    outer loop
      vertex -0 -20.8325 7.07167
      vertex 2.71918 -20.6542 7.07167
      vertex -0 -19.7312 9.73035
    endloop
  endfacet
  facet normal 0.0604427 -0.922195 0.381972
    outer loop
      vertex 2.71918 -20.6542 7.07167
      vertex 2.57544 -19.5624 9.73035
      vertex -0 -19.7312 9.73035
    endloop
  endfacet
  facet normal 0.180289 -0.906418 0.381972
    outer loop
      vertex 2.71918 -20.6542 7.07167
      vertex 5.39184 -20.1226 7.07167
      vertex 2.57544 -19.5624 9.73035
    endloop
  endfacet
  facet normal 0.18029 -0.906417 0.381973
    outer loop
      vertex 5.39184 -20.1226 7.07167
      vertex 5.10681 -19.0589 9.73035
      vertex 2.57544 -19.5624 9.73035
    endloop
  endfacet
  facet normal 0.297057 -0.87513 0.381974
    outer loop
      vertex 5.39184 -20.1226 7.07167
      vertex 7.97224 -19.2467 7.07167
      vertex 5.10681 -19.0589 9.73035
    endloop
  endfacet
  facet normal 0.297058 -0.875129 0.381975
    outer loop
      vertex 7.97224 -19.2467 7.07167
      vertex 7.5508 -18.2293 9.73035
      vertex 5.10681 -19.0589 9.73035
    endloop
  endfacet
  facet normal 0.408771 -0.828855 0.381975
    outer loop
      vertex 7.97224 -19.2467 7.07167
      vertex 10.4162 -18.0414 7.07167
      vertex 7.5508 -18.2293 9.73035
    endloop
  endfacet
  facet normal 0.40877 -0.828856 0.381975
    outer loop
      vertex 10.4162 -18.0414 7.07167
      vertex 9.8656 -17.0877 9.73035
      vertex 7.5508 -18.2293 9.73035
    endloop
  endfacet
  facet normal 0.513429 -0.768431 0.381974
    outer loop
      vertex 10.4162 -18.0414 7.07167
      vertex 12.682 -16.5275 7.07167
      vertex 9.8656 -17.0877 9.73035
    endloop
  endfacet
  facet normal 0.513438 -0.76842 0.381985
    outer loop
      vertex 12.682 -16.5275 7.07167
      vertex 12.0116 -15.6538 9.73035
      vertex 9.8656 -17.0877 9.73035
    endloop
  endfacet
  facet normal 0.609337 -0.694835 0.381985
    outer loop
      vertex 12.682 -16.5275 7.07167
      vertex 14.7308 -14.7308 7.07167
      vertex 12.0116 -15.6538 9.73035
    endloop
  endfacet
  facet normal 0.609333 -0.694841 0.381979
    outer loop
      vertex 14.7308 -14.7308 7.07167
      vertex 13.9521 -13.9521 9.73035
      vertex 12.0116 -15.6538 9.73035
    endloop
  endfacet
  facet normal 0.694837 -0.609339 0.38198
    outer loop
      vertex 14.7308 -14.7308 7.07167
      vertex 16.5275 -12.682 7.07167
      vertex 13.9521 -13.9521 9.73035
    endloop
  endfacet
  facet normal 0.694839 -0.609332 0.381986
    outer loop
      vertex 16.5275 -12.682 7.07167
      vertex 15.6538 -12.0116 9.73035
      vertex 13.9521 -13.9521 9.73035
    endloop
  endfacet
  facet normal 0.768427 -0.513427 0.381985
    outer loop
      vertex 16.5275 -12.682 7.07167
      vertex 18.0414 -10.4162 7.07167
      vertex 15.6538 -12.0116 9.73035
    endloop
  endfacet
  facet normal 0.768424 -0.51344 0.381974
    outer loop
      vertex 18.0414 -10.4162 7.07167
      vertex 17.0877 -9.8656 9.73035
      vertex 15.6538 -12.0116 9.73035
    endloop
  endfacet
  facet normal 0.828856 -0.408771 0.381975
    outer loop
      vertex 18.0414 -10.4162 7.07167
      vertex 19.2467 -7.97224 7.07167
      vertex 17.0877 -9.8656 9.73035
    endloop
  endfacet
  facet normal 0.828856 -0.40877 0.381975
    outer loop
      vertex 19.2467 -7.97224 7.07167
      vertex 18.2293 -7.5508 9.73035
      vertex 17.0877 -9.8656 9.73035
    endloop
  endfacet
  facet normal 0.87513 -0.297057 0.381975
    outer loop
      vertex 19.2467 -7.97224 7.07167
      vertex 20.1226 -5.39184 7.07167
      vertex 18.2293 -7.5508 9.73035
    endloop
  endfacet
  facet normal 0.87513 -0.297058 0.381974
    outer loop
      vertex 20.1226 -5.39184 7.07167
      vertex 19.0589 -5.10681 9.73035
      vertex 18.2293 -7.5508 9.73035
    endloop
  endfacet
  facet normal 0.906417 -0.180289 0.381973
    outer loop
      vertex 20.1226 -5.39184 7.07167
      vertex 20.6542 -2.71918 7.07167
      vertex 19.0589 -5.10681 9.73035
    endloop
  endfacet
  facet normal 0.906418 -0.18029 0.381972
    outer loop
      vertex 20.6542 -2.71918 7.07167
      vertex 19.5624 -2.57544 9.73035
      vertex 19.0589 -5.10681 9.73035
    endloop
  endfacet
  facet normal 0.922193 -0.0604694 0.381972
    outer loop
      vertex 20.6542 -2.71918 7.07167
      vertex 20.8325 0 7.07167
      vertex 19.5624 -2.57544 9.73035
    endloop
  endfacet
  facet normal 0.922186 -0.0604421 0.381995
    outer loop
      vertex 20.8325 0 7.07167
      vertex 19.7312 0 9.73035
      vertex 19.5624 -2.57544 9.73035
    endloop
  endfacet
  facet normal 0.963997 0.0631849 0.258298
    outer loop
      vertex 21.5773 0 4.29199
      vertex 21.3927 2.8164 4.29199
      vertex 20.8325 0 7.07167
    endloop
  endfacet
  facet normal 0.963989 0.0632099 0.258321
    outer loop
      vertex 21.3927 2.8164 4.29199
      vertex 20.6542 2.71918 7.07167
      vertex 20.8325 0 7.07167
    endloop
  endfacet
  facet normal 0.947492 0.188491 0.25832
    outer loop
      vertex 21.3927 2.8164 4.29199
      vertex 20.842 5.58461 4.29199
      vertex 20.6542 2.71918 7.07167
    endloop
  endfacet
  facet normal 0.947506 0.188462 0.258291
    outer loop
      vertex 20.842 5.58461 4.29199
      vertex 20.1226 5.39184 7.07167
      vertex 20.6542 2.71918 7.07167
    endloop
  endfacet
  facet normal 0.914803 0.310518 0.258291
    outer loop
      vertex 20.842 5.58461 4.29199
      vertex 19.9348 8.25727 4.29199
      vertex 20.1226 5.39184 7.07167
    endloop
  endfacet
  facet normal 0.9148 0.310523 0.258297
    outer loop
      vertex 19.9348 8.25727 4.29199
      vertex 19.2467 7.97224 7.07167
      vertex 20.1226 5.39184 7.07167
    endloop
  endfacet
  facet normal 0.86644 0.427276 0.258297
    outer loop
      vertex 19.9348 8.25727 4.29199
      vertex 18.6865 10.7886 4.29199
      vertex 19.2467 7.97224 7.07167
    endloop
  endfacet
  facet normal 0.866422 0.427297 0.258323
    outer loop
      vertex 18.6865 10.7886 4.29199
      vertex 18.0414 10.4162 7.07167
      vertex 19.2467 7.97224 7.07167
    endloop
  endfacet
  facet normal 0.803246 0.536718 0.25832
    outer loop
      vertex 18.6865 10.7886 4.29199
      vertex 17.1184 13.1354 4.29199
      vertex 18.0414 10.4162 7.07167
    endloop
  endfacet
  facet normal 0.803263 0.536702 0.258299
    outer loop
      vertex 17.1184 13.1354 4.29199
      vertex 16.5275 12.682 7.07167
      vertex 18.0414 10.4162 7.07167
    endloop
  endfacet
  facet normal 0.726317 0.636982 0.258299
    outer loop
      vertex 17.1184 13.1354 4.29199
      vertex 15.2574 15.2574 4.29199
      vertex 16.5275 12.682 7.07167
    endloop
  endfacet
  facet normal 0.72634 0.636966 0.258273
    outer loop
      vertex 15.2574 15.2574 4.29199
      vertex 14.7308 14.7308 7.07167
      vertex 16.5275 12.682 7.07167
    endloop
  endfacet
  facet normal 0.636986 0.726322 0.258274
    outer loop
      vertex 15.2574 15.2574 4.29199
      vertex 13.1354 17.1184 4.29199
      vertex 14.7308 14.7308 7.07167
    endloop
  endfacet
  facet normal 0.636961 0.726335 0.258299
    outer loop
      vertex 13.1354 17.1184 4.29199
      vertex 12.682 16.5275 7.07167
      vertex 14.7308 14.7308 7.07167
    endloop
  endfacet
  facet normal 0.536721 0.803251 0.2583
    outer loop
      vertex 13.1354 17.1184 4.29199
      vertex 10.7886 18.6865 4.29199
      vertex 12.682 16.5275 7.07167
    endloop
  endfacet
  facet normal 0.536699 0.803259 0.258321
    outer loop
      vertex 10.7886 18.6865 4.29199
      vertex 10.4162 18.0414 7.07167
      vertex 12.682 16.5275 7.07167
    endloop
  endfacet
  facet normal 0.427273 0.866434 0.258322
    outer loop
      vertex 10.7886 18.6865 4.29199
      vertex 8.25727 19.9348 4.29199
      vertex 10.4162 18.0414 7.07167
    endloop
  endfacet
  facet normal 0.427301 0.866428 0.258297
    outer loop
      vertex 8.25727 19.9348 4.29199
      vertex 7.97224 19.2467 7.07167
      vertex 10.4162 18.0414 7.07167
    endloop
  endfacet
  facet normal 0.310518 0.914801 0.258297
    outer loop
      vertex 8.25727 19.9348 4.29199
      vertex 5.58461 20.842 4.29199
      vertex 7.97224 19.2467 7.07167
    endloop
  endfacet
  facet normal 0.310523 0.914801 0.258291
    outer loop
      vertex 5.58461 20.842 4.29199
      vertex 5.39184 20.1226 7.07167
      vertex 7.97224 19.2467 7.07167
    endloop
  endfacet
  facet normal 0.188493 0.9475 0.258291
    outer loop
      vertex 5.58461 20.842 4.29199
      vertex 2.8164 21.3927 4.29199
      vertex 5.39184 20.1226 7.07167
    endloop
  endfacet
  facet normal 0.18846 0.947498 0.258321
    outer loop
      vertex 2.8164 21.3927 4.29199
      vertex 2.71918 20.6542 7.07167
      vertex 5.39184 20.1226 7.07167
    endloop
  endfacet
  facet normal 0.0631844 0.963991 0.258321
    outer loop
      vertex 2.8164 21.3927 4.29199
      vertex 0 21.5773 4.29199
      vertex 2.71918 20.6542 7.07167
    endloop
  endfacet
  facet normal 0.0632104 0.963995 0.258297
    outer loop
      vertex 0 21.5773 4.29199
      vertex 0 20.8325 7.07167
      vertex 2.71918 20.6542 7.07167
    endloop
  endfacet
  facet normal -0.0631849 0.963997 0.258298
    outer loop
      vertex 0 21.5773 4.29199
      vertex -2.8164 21.3927 4.29199
      vertex 0 20.8325 7.07167
    endloop
  endfacet
  facet normal -0.0632099 0.963989 0.258321
    outer loop
      vertex -2.8164 21.3927 4.29199
      vertex -2.71918 20.6542 7.07167
      vertex 0 20.8325 7.07167
    endloop
  endfacet
  facet normal -0.188491 0.947492 0.25832
    outer loop
      vertex -2.8164 21.3927 4.29199
      vertex -5.58461 20.842 4.29199
      vertex -2.71918 20.6542 7.07167
    endloop
  endfacet
  facet normal -0.188462 0.947506 0.258291
    outer loop
      vertex -5.58461 20.842 4.29199
      vertex -5.39184 20.1226 7.07167
      vertex -2.71918 20.6542 7.07167
    endloop
  endfacet
  facet normal -0.310518 0.914803 0.258291
    outer loop
      vertex -5.58461 20.842 4.29199
      vertex -8.25727 19.9348 4.29199
      vertex -5.39184 20.1226 7.07167
    endloop
  endfacet
  facet normal -0.310523 0.9148 0.258297
    outer loop
      vertex -8.25727 19.9348 4.29199
      vertex -7.97224 19.2467 7.07167
      vertex -5.39184 20.1226 7.07167
    endloop
  endfacet
  facet normal -0.427276 0.86644 0.258297
    outer loop
      vertex -8.25727 19.9348 4.29199
      vertex -10.7886 18.6865 4.29199
      vertex -7.97224 19.2467 7.07167
    endloop
  endfacet
  facet normal -0.427297 0.866422 0.258323
    outer loop
      vertex -10.7886 18.6865 4.29199
      vertex -10.4162 18.0414 7.07167
      vertex -7.97224 19.2467 7.07167
    endloop
  endfacet
  facet normal -0.536718 0.803246 0.25832
    outer loop
      vertex -10.7886 18.6865 4.29199
      vertex -13.1354 17.1184 4.29199
      vertex -10.4162 18.0414 7.07167
    endloop
  endfacet
  facet normal -0.536702 0.803263 0.258299
    outer loop
      vertex -13.1354 17.1184 4.29199
      vertex -12.682 16.5275 7.07167
      vertex -10.4162 18.0414 7.07167
    endloop
  endfacet
  facet normal -0.636982 0.726317 0.258299
    outer loop
      vertex -13.1354 17.1184 4.29199
      vertex -15.2574 15.2574 4.29199
      vertex -12.682 16.5275 7.07167
    endloop
  endfacet
  facet normal -0.636966 0.72634 0.258273
    outer loop
      vertex -15.2574 15.2574 4.29199
      vertex -14.7308 14.7308 7.07167
      vertex -12.682 16.5275 7.07167
    endloop
  endfacet
  facet normal -0.726322 0.636986 0.258274
    outer loop
      vertex -15.2574 15.2574 4.29199
      vertex -17.1184 13.1354 4.29199
      vertex -14.7308 14.7308 7.07167
    endloop
  endfacet
  facet normal -0.726335 0.636961 0.258299
    outer loop
      vertex -17.1184 13.1354 4.29199
      vertex -16.5275 12.682 7.07167
      vertex -14.7308 14.7308 7.07167
    endloop
  endfacet
  facet normal -0.803251 0.536721 0.2583
    outer loop
      vertex -17.1184 13.1354 4.29199
      vertex -18.6865 10.7886 4.29199
      vertex -16.5275 12.682 7.07167
    endloop
  endfacet
  facet normal -0.803259 0.536699 0.258321
    outer loop
      vertex -18.6865 10.7886 4.29199
      vertex -18.0414 10.4162 7.07167
      vertex -16.5275 12.682 7.07167
    endloop
  endfacet
  facet normal -0.866434 0.427273 0.258322
    outer loop
      vertex -18.6865 10.7886 4.29199
      vertex -19.9348 8.25727 4.29199
      vertex -18.0414 10.4162 7.07167
    endloop
  endfacet
  facet normal -0.866428 0.427301 0.258297
    outer loop
      vertex -19.9348 8.25727 4.29199
      vertex -19.2467 7.97224 7.07167
      vertex -18.0414 10.4162 7.07167
    endloop
  endfacet
  facet normal -0.914801 0.310518 0.258297
    outer loop
      vertex -19.9348 8.25727 4.29199
      vertex -20.842 5.58461 4.29199
      vertex -19.2467 7.97224 7.07167
    endloop
  endfacet
  facet normal -0.914801 0.310523 0.258291
    outer loop
      vertex -20.842 5.58461 4.29199
      vertex -20.1226 5.39184 7.07167
      vertex -19.2467 7.97224 7.07167
    endloop
  endfacet
  facet normal -0.9475 0.188493 0.258291
    outer loop
      vertex -20.842 5.58461 4.29199
      vertex -21.3927 2.8164 4.29199
      vertex -20.1226 5.39184 7.07167
    endloop
  endfacet
  facet normal -0.947498 0.18846 0.258321
    outer loop
      vertex -21.3927 2.8164 4.29199
      vertex -20.6542 2.71918 7.07167
      vertex -20.1226 5.39184 7.07167
    endloop
  endfacet
  facet normal -0.963991 0.0631844 0.258321
    outer loop
      vertex -21.3927 2.8164 4.29199
      vertex -21.5773 -0 4.29199
      vertex -20.6542 2.71918 7.07167
    endloop
  endfacet
  facet normal -0.963995 0.0632104 0.258297
    outer loop
      vertex -21.5773 -0 4.29199
      vertex -20.8325 -0 7.07167
      vertex -20.6542 2.71918 7.07167
    endloop
  endfacet
  facet normal -0.963997 -0.0631849 0.258298
    outer loop
      vertex -21.5773 -0 4.29199
      vertex -21.3927 -2.8164 4.29199
      vertex -20.8325 -0 7.07167
    endloop
  endfacet
  facet normal -0.963989 -0.0632099 0.258321
    outer loop
      vertex -21.3927 -2.8164 4.29199
      vertex -20.6542 -2.71918 7.07167
      vertex -20.8325 -0 7.07167
    endloop
  endfacet
  facet normal -0.947492 -0.188491 0.25832
    outer loop
      vertex -21.3927 -2.8164 4.29199
      vertex -20.842 -5.58461 4.29199
      vertex -20.6542 -2.71918 7.07167
    endloop
  endfacet
  facet normal -0.947506 -0.188462 0.258291
    outer loop
      vertex -20.842 -5.58461 4.29199
      vertex -20.1226 -5.39184 7.07167
      vertex -20.6542 -2.71918 7.07167
    endloop
  endfacet
  facet normal -0.914803 -0.310518 0.258291
    outer loop
      vertex -20.842 -5.58461 4.29199
      vertex -19.9348 -8.25727 4.29199
      vertex -20.1226 -5.39184 7.07167
    endloop
  endfacet
  facet normal -0.9148 -0.310523 0.258297
    outer loop
      vertex -19.9348 -8.25727 4.29199
      vertex -19.2467 -7.97224 7.07167
      vertex -20.1226 -5.39184 7.07167
    endloop
  endfacet
  facet normal -0.86644 -0.427276 0.258297
    outer loop
      vertex -19.9348 -8.25727 4.29199
      vertex -18.6865 -10.7886 4.29199
      vertex -19.2467 -7.97224 7.07167
    endloop
  endfacet
  facet normal -0.866422 -0.427297 0.258323
    outer loop
      vertex -18.6865 -10.7886 4.29199
      vertex -18.0414 -10.4162 7.07167
      vertex -19.2467 -7.97224 7.07167
    endloop
  endfacet
  facet normal -0.803246 -0.536718 0.25832
    outer loop
      vertex -18.6865 -10.7886 4.29199
      vertex -17.1184 -13.1354 4.29199
      vertex -18.0414 -10.4162 7.07167
    endloop
  endfacet
  facet normal -0.803263 -0.536702 0.258299
    outer loop
      vertex -17.1184 -13.1354 4.29199
      vertex -16.5275 -12.682 7.07167
      vertex -18.0414 -10.4162 7.07167
    endloop
  endfacet
  facet normal -0.726317 -0.636982 0.258299
    outer loop
      vertex -17.1184 -13.1354 4.29199
      vertex -15.2574 -15.2574 4.29199
      vertex -16.5275 -12.682 7.07167
    endloop
  endfacet
  facet normal -0.72634 -0.636966 0.258273
    outer loop
      vertex -15.2574 -15.2574 4.29199
      vertex -14.7308 -14.7308 7.07167
      vertex -16.5275 -12.682 7.07167
    endloop
  endfacet
  facet normal -0.636986 -0.726322 0.258274
    outer loop
      vertex -15.2574 -15.2574 4.29199
      vertex -13.1354 -17.1184 4.29199
      vertex -14.7308 -14.7308 7.07167
    endloop
  endfacet
  facet normal -0.636961 -0.726335 0.258299
    outer loop
      vertex -13.1354 -17.1184 4.29199
      vertex -12.682 -16.5275 7.07167
      vertex -14.7308 -14.7308 7.07167
    endloop
  endfacet
  facet normal -0.536721 -0.803251 0.2583
    outer loop
      vertex -13.1354 -17.1184 4.29199
      vertex -10.7886 -18.6865 4.29199
      vertex -12.682 -16.5275 7.07167
    endloop
  endfacet
  facet normal -0.536699 -0.803259 0.258321
    outer loop
      vertex -10.7886 -18.6865 4.29199
      vertex -10.4162 -18.0414 7.07167
      vertex -12.682 -16.5275 7.07167
    endloop
  endfacet
  facet normal -0.427273 -0.866434 0.258322
    outer loop
      vertex -10.7886 -18.6865 4.29199
      vertex -8.25727 -19.9348 4.29199
      vertex -10.4162 -18.0414 7.07167
    endloop
  endfacet
  facet normal -0.427301 -0.866428 0.258297
    outer loop
      vertex -8.25727 -19.9348 4.29199
      vertex -7.97224 -19.2467 7.07167
      vertex -10.4162 -18.0414 7.07167
    endloop
  endfacet
  facet normal -0.310518 -0.914801 0.258297
    outer loop
      vertex -8.25727 -19.9348 4.29199
      vertex -5.58461 -20.842 4.29199
      vertex -7.97224 -19.2467 7.07167
    endloop
  endfacet
  facet normal -0.310523 -0.914801 0.258291
    outer loop
      vertex -5.58461 -20.842 4.29199
      vertex -5.39184 -20.1226 7.07167
      vertex -7.97224 -19.2467 7.07167
    endloop
  endfacet
  facet normal -0.188493 -0.9475 0.258291
    outer loop
      vertex -5.58461 -20.842 4.29199
      vertex -2.8164 -21.3927 4.29199
      vertex -5.39184 -20.1226 7.07167
    endloop
  endfacet
  facet normal -0.18846 -0.947498 0.258321
    outer loop
      vertex -2.8164 -21.3927 4.29199
      vertex -2.71918 -20.6542 7.07167
      vertex -5.39184 -20.1226 7.07167
    endloop
  endfacet
  facet normal -0.0631844 -0.963991 0.258321
    outer loop
      vertex -2.8164 -21.3927 4.29199
      vertex -0 -21.5773 4.29199
      vertex -2.71918 -20.6542 7.07167
    endloop
  endfacet
  facet normal -0.0632104 -0.963995 0.258297
    outer loop
      vertex -0 -21.5773 4.29199
      vertex -0 -20.8325 7.07167
      vertex -2.71918 -20.6542 7.07167
    endloop
  endfacet
  facet normal 0.0631849 -0.963997 0.258298
    outer loop
      vertex -0 -21.5773 4.29199
      vertex 2.8164 -21.3927 4.29199
      vertex -0 -20.8325 7.07167
    endloop
  endfacet
  facet normal 0.0632099 -0.963989 0.258321
    outer loop
      vertex 2.8164 -21.3927 4.29199
      vertex 2.71918 -20.6542 7.07167
      vertex -0 -20.8325 7.07167
    endloop
  endfacet
  facet normal 0.188491 -0.947492 0.25832
    outer loop
      vertex 2.8164 -21.3927 4.29199
      vertex 5.58461 -20.842 4.29199
      vertex 2.71918 -20.6542 7.07167
    endloop
  endfacet
  facet normal 0.188462 -0.947506 0.258291
    outer loop
      vertex 5.58461 -20.842 4.29199
      vertex 5.39184 -20.1226 7.07167
      vertex 2.71918 -20.6542 7.07167
    endloop
  endfacet
  facet normal 0.310518 -0.914803 0.258291
    outer loop
      vertex 5.58461 -20.842 4.29199
      vertex 8.25727 -19.9348 4.29199
      vertex 5.39184 -20.1226 7.07167
    endloop
  endfacet
  facet normal 0.310523 -0.9148 0.258297
    outer loop
      vertex 8.25727 -19.9348 4.29199
      vertex 7.97224 -19.2467 7.07167
      vertex 5.39184 -20.1226 7.07167
    endloop
  endfacet
  facet normal 0.427276 -0.86644 0.258297
    outer loop
      vertex 8.25727 -19.9348 4.29199
      vertex 10.7886 -18.6865 4.29199
      vertex 7.97224 -19.2467 7.07167
    endloop
  endfacet
  facet normal 0.427297 -0.866422 0.258323
    outer loop
      vertex 10.7886 -18.6865 4.29199
      vertex 10.4162 -18.0414 7.07167
      vertex 7.97224 -19.2467 7.07167
    endloop
  endfacet
  facet normal 0.536718 -0.803246 0.25832
    outer loop
      vertex 10.7886 -18.6865 4.29199
      vertex 13.1354 -17.1184 4.29199
      vertex 10.4162 -18.0414 7.07167
    endloop
  endfacet
  facet normal 0.536702 -0.803263 0.258299
    outer loop
      vertex 13.1354 -17.1184 4.29199
      vertex 12.682 -16.5275 7.07167
      vertex 10.4162 -18.0414 7.07167
    endloop
  endfacet
  facet normal 0.636982 -0.726317 0.258299
    outer loop
      vertex 13.1354 -17.1184 4.29199
      vertex 15.2574 -15.2574 4.29199
      vertex 12.682 -16.5275 7.07167
    endloop
  endfacet
  facet normal 0.636966 -0.72634 0.258273
    outer loop
      vertex 15.2574 -15.2574 4.29199
      vertex 14.7308 -14.7308 7.07167
      vertex 12.682 -16.5275 7.07167
    endloop
  endfacet
  facet normal 0.726322 -0.636986 0.258274
    outer loop
      vertex 15.2574 -15.2574 4.29199
      vertex 17.1184 -13.1354 4.29199
      vertex 14.7308 -14.7308 7.07167
    endloop
  endfacet
  facet normal 0.726335 -0.636961 0.258299
    outer loop
      vertex 17.1184 -13.1354 4.29199
      vertex 16.5275 -12.682 7.07167
      vertex 14.7308 -14.7308 7.07167
    endloop
  endfacet
  facet normal 0.803251 -0.536721 0.2583
    outer loop
      vertex 17.1184 -13.1354 4.29199
      vertex 18.6865 -10.7886 4.29199
      vertex 16.5275 -12.682 7.07167
    endloop
  endfacet
  facet normal 0.803259 -0.536699 0.258321
    outer loop
      vertex 18.6865 -10.7886 4.29199
      vertex 18.0414 -10.4162 7.07167
      vertex 16.5275 -12.682 7.07167
    endloop
  endfacet
  facet normal 0.866434 -0.427273 0.258322
    outer loop
      vertex 18.6865 -10.7886 4.29199
      vertex 19.9348 -8.25727 4.29199
      vertex 18.0414 -10.4162 7.07167
    endloop
  endfacet
  facet normal 0.866428 -0.427301 0.258297
    outer loop
      vertex 19.9348 -8.25727 4.29199
      vertex 19.2467 -7.97224 7.07167
      vertex 18.0414 -10.4162 7.07167
    endloop
  endfacet
  facet normal 0.914801 -0.310518 0.258297
    outer loop
      vertex 19.9348 -8.25727 4.29199
      vertex 20.842 -5.58461 4.29199
      vertex 19.2467 -7.97224 7.07167
    endloop
  endfacet
  facet normal 0.914801 -0.310523 0.258291
    outer loop
      vertex 20.842 -5.58461 4.29199
      vertex 20.1226 -5.39184 7.07167
      vertex 19.2467 -7.97224 7.07167
    endloop
  endfacet
  facet normal 0.9475 -0.188493 0.258291
    outer loop
      vertex 20.842 -5.58461 4.29199
      vertex 21.3927 -2.8164 4.29199
      vertex 20.1226 -5.39184 7.07167
    endloop
  endfacet
  facet normal 0.947498 -0.18846 0.258321
    outer loop
      vertex 21.3927 -2.8164 4.29199
      vertex 20.6542 -2.71918 7.07167
      vertex 20.1226 -5.39184 7.07167
    endloop
  endfacet
  facet normal 0.963991 -0.0631844 0.258321
    outer loop
      vertex 21.3927 -2.8164 4.29199
      vertex 21.5773 0 4.29199
      vertex 20.6542 -2.71918 7.07167
    endloop
  endfacet
  facet normal 0.963995 -0.0632104 0.258297
    outer loop
      vertex 21.5773 0 4.29199
      vertex 20.8325 0 7.07167
      vertex 20.6542 -2.71918 7.07167
    endloop
  endfacet
  facet normal 0.989359 0.0648425 0.130245
    outer loop
      vertex 21.9529 0 1.43887
      vertex 21.7651 2.86543 1.43887
      vertex 21.5773 0 4.29199
    endloop
  endfacet
  facet normal 0.989358 0.0648472 0.130249
    outer loop
      vertex 21.7651 2.86543 1.43887
      vertex 21.3927 2.8164 4.29199
      vertex 21.5773 0 4.29199
    endloop
  endfacet
  facet normal 0.972431 0.193423 0.130249
    outer loop
      vertex 21.7651 2.86543 1.43887
      vertex 21.2049 5.68183 1.43887
      vertex 21.3927 2.8164 4.29199
    endloop
  endfacet
  facet normal 0.972422 0.193451 0.130278
    outer loop
      vertex 21.2049 5.68183 1.43887
      vertex 20.842 5.58461 4.29199
      vertex 21.3927 2.8164 4.29199
    endloop
  endfacet
  facet normal 0.938853 0.318719 0.130277
    outer loop
      vertex 21.2049 5.68183 1.43887
      vertex 20.2818 8.40101 1.43887
      vertex 20.842 5.58461 4.29199
    endloop
  endfacet
  facet normal 0.938869 0.318687 0.130242
    outer loop
      vertex 20.2818 8.40101 1.43887
      vertex 19.9348 8.25727 4.29199
      vertex 20.842 5.58461 4.29199
    endloop
  endfacet
  facet normal 0.889239 0.43851 0.130242
    outer loop
      vertex 20.2818 8.40101 1.43887
      vertex 19.0118 10.9764 1.43887
      vertex 19.9348 8.25727 4.29199
    endloop
  endfacet
  facet normal 0.889234 0.438517 0.130251
    outer loop
      vertex 19.0118 10.9764 1.43887
      vertex 18.6865 10.7886 4.29199
      vertex 19.9348 8.25727 4.29199
    endloop
  endfacet
  facet normal 0.824388 0.550835 0.13025
    outer loop
      vertex 19.0118 10.9764 1.43887
      vertex 17.4164 13.3641 1.43887
      vertex 18.6865 10.7886 4.29199
    endloop
  endfacet
  facet normal 0.824383 0.550841 0.130259
    outer loop
      vertex 17.4164 13.3641 1.43887
      vertex 17.1184 13.1354 4.29199
      vertex 18.6865 10.7886 4.29199
    endloop
  endfacet
  facet normal 0.745418 0.653747 0.13026
    outer loop
      vertex 17.4164 13.3641 1.43887
      vertex 15.523 15.523 1.43887
      vertex 17.1184 13.1354 4.29199
    endloop
  endfacet
  facet normal 0.745425 0.65374 0.13025
    outer loop
      vertex 15.523 15.523 1.43887
      vertex 15.2574 15.2574 4.29199
      vertex 17.1184 13.1354 4.29199
    endloop
  endfacet
  facet normal 0.653748 0.745419 0.13025
    outer loop
      vertex 15.523 15.523 1.43887
      vertex 13.3641 17.4164 1.43887
      vertex 15.2574 15.2574 4.29199
    endloop
  endfacet
  facet normal 0.653739 0.745424 0.13026
    outer loop
      vertex 13.3641 17.4164 1.43887
      vertex 13.1354 17.1184 4.29199
      vertex 15.2574 15.2574 4.29199
    endloop
  endfacet
  facet normal 0.550834 0.824387 0.130259
    outer loop
      vertex 13.3641 17.4164 1.43887
      vertex 10.9764 19.0118 1.43887
      vertex 13.1354 17.1184 4.29199
    endloop
  endfacet
  facet normal 0.550842 0.824383 0.13025
    outer loop
      vertex 10.9764 19.0118 1.43887
      vertex 10.7886 18.6865 4.29199
      vertex 13.1354 17.1184 4.29199
    endloop
  endfacet
  facet normal 0.438509 0.889238 0.130251
    outer loop
      vertex 10.9764 19.0118 1.43887
      vertex 8.40101 20.2818 1.43887
      vertex 10.7886 18.6865 4.29199
    endloop
  endfacet
  facet normal 0.438517 0.889235 0.130242
    outer loop
      vertex 8.40101 20.2818 1.43887
      vertex 8.25727 19.9348 4.29199
      vertex 10.7886 18.6865 4.29199
    endloop
  endfacet
  facet normal 0.318721 0.938858 0.130242
    outer loop
      vertex 8.40101 20.2818 1.43887
      vertex 5.68183 21.2049 1.43887
      vertex 8.25727 19.9348 4.29199
    endloop
  endfacet
  facet normal 0.318686 0.938865 0.130277
    outer loop
      vertex 5.68183 21.2049 1.43887
      vertex 5.58461 20.842 4.29199
      vertex 8.25727 19.9348 4.29199
    endloop
  endfacet
  facet normal 0.193422 0.972428 0.130278
    outer loop
      vertex 5.68183 21.2049 1.43887
      vertex 2.86543 21.7651 1.43887
      vertex 5.58461 20.842 4.29199
    endloop
  endfacet
  facet normal 0.193452 0.972426 0.130249
    outer loop
      vertex 2.86543 21.7651 1.43887
      vertex 2.8164 21.3927 4.29199
      vertex 5.58461 20.842 4.29199
    endloop
  endfacet
  facet normal 0.0648425 0.989359 0.130249
    outer loop
      vertex 2.86543 21.7651 1.43887
      vertex 0 21.9529 1.43887
      vertex 2.8164 21.3927 4.29199
    endloop
  endfacet
  facet normal 0.0648472 0.989359 0.130245
    outer loop
      vertex 0 21.9529 1.43887
      vertex 0 21.5773 4.29199
      vertex 2.8164 21.3927 4.29199
    endloop
  endfacet
  facet normal -0.0648425 0.989359 0.130245
    outer loop
      vertex 0 21.9529 1.43887
      vertex -2.86543 21.7651 1.43887
      vertex 0 21.5773 4.29199
    endloop
  endfacet
  facet normal -0.0648472 0.989358 0.130249
    outer loop
      vertex -2.86543 21.7651 1.43887
      vertex -2.8164 21.3927 4.29199
      vertex 0 21.5773 4.29199
    endloop
  endfacet
  facet normal -0.193423 0.972431 0.130249
    outer loop
      vertex -2.86543 21.7651 1.43887
      vertex -5.68183 21.2049 1.43887
      vertex -2.8164 21.3927 4.29199
    endloop
  endfacet
  facet normal -0.193451 0.972422 0.130278
    outer loop
      vertex -5.68183 21.2049 1.43887
      vertex -5.58461 20.842 4.29199
      vertex -2.8164 21.3927 4.29199
    endloop
  endfacet
  facet normal -0.318719 0.938853 0.130277
    outer loop
      vertex -5.68183 21.2049 1.43887
      vertex -8.40101 20.2818 1.43887
      vertex -5.58461 20.842 4.29199
    endloop
  endfacet
  facet normal -0.318687 0.938869 0.130242
    outer loop
      vertex -8.40101 20.2818 1.43887
      vertex -8.25727 19.9348 4.29199
      vertex -5.58461 20.842 4.29199
    endloop
  endfacet
  facet normal -0.43851 0.889239 0.130242
    outer loop
      vertex -8.40101 20.2818 1.43887
      vertex -10.9764 19.0118 1.43887
      vertex -8.25727 19.9348 4.29199
    endloop
  endfacet
  facet normal -0.438517 0.889234 0.130251
    outer loop
      vertex -10.9764 19.0118 1.43887
      vertex -10.7886 18.6865 4.29199
      vertex -8.25727 19.9348 4.29199
    endloop
  endfacet
  facet normal -0.550835 0.824388 0.13025
    outer loop
      vertex -10.9764 19.0118 1.43887
      vertex -13.3641 17.4164 1.43887
      vertex -10.7886 18.6865 4.29199
    endloop
  endfacet
  facet normal -0.550841 0.824383 0.130259
    outer loop
      vertex -13.3641 17.4164 1.43887
      vertex -13.1354 17.1184 4.29199
      vertex -10.7886 18.6865 4.29199
    endloop
  endfacet
  facet normal -0.653747 0.745418 0.13026
    outer loop
      vertex -13.3641 17.4164 1.43887
      vertex -15.523 15.523 1.43887
      vertex -13.1354 17.1184 4.29199
    endloop
  endfacet
  facet normal -0.65374 0.745425 0.13025
    outer loop
      vertex -15.523 15.523 1.43887
      vertex -15.2574 15.2574 4.29199
      vertex -13.1354 17.1184 4.29199
    endloop
  endfacet
  facet normal -0.745419 0.653748 0.13025
    outer loop
      vertex -15.523 15.523 1.43887
      vertex -17.4164 13.3641 1.43887
      vertex -15.2574 15.2574 4.29199
    endloop
  endfacet
  facet normal -0.745424 0.653739 0.13026
    outer loop
      vertex -17.4164 13.3641 1.43887
      vertex -17.1184 13.1354 4.29199
      vertex -15.2574 15.2574 4.29199
    endloop
  endfacet
  facet normal -0.824387 0.550834 0.130259
    outer loop
      vertex -17.4164 13.3641 1.43887
      vertex -19.0118 10.9764 1.43887
      vertex -17.1184 13.1354 4.29199
    endloop
  endfacet
  facet normal -0.824383 0.550842 0.13025
    outer loop
      vertex -19.0118 10.9764 1.43887
      vertex -18.6865 10.7886 4.29199
      vertex -17.1184 13.1354 4.29199
    endloop
  endfacet
  facet normal -0.889238 0.438509 0.130251
    outer loop
      vertex -19.0118 10.9764 1.43887
      vertex -20.2818 8.40101 1.43887
      vertex -18.6865 10.7886 4.29199
    endloop
  endfacet
  facet normal -0.889235 0.438517 0.130242
    outer loop
      vertex -20.2818 8.40101 1.43887
      vertex -19.9348 8.25727 4.29199
      vertex -18.6865 10.7886 4.29199
    endloop
  endfacet
  facet normal -0.938858 0.318721 0.130242
    outer loop
      vertex -20.2818 8.40101 1.43887
      vertex -21.2049 5.68183 1.43887
      vertex -19.9348 8.25727 4.29199
    endloop
  endfacet
  facet normal -0.938865 0.318686 0.130277
    outer loop
      vertex -21.2049 5.68183 1.43887
      vertex -20.842 5.58461 4.29199
      vertex -19.9348 8.25727 4.29199
    endloop
  endfacet
  facet normal -0.972428 0.193422 0.130278
    outer loop
      vertex -21.2049 5.68183 1.43887
      vertex -21.7651 2.86543 1.43887
      vertex -20.842 5.58461 4.29199
    endloop
  endfacet
  facet normal -0.972426 0.193452 0.130249
    outer loop
      vertex -21.7651 2.86543 1.43887
      vertex -21.3927 2.8164 4.29199
      vertex -20.842 5.58461 4.29199
    endloop
  endfacet
  facet normal -0.989359 0.0648425 0.130249
    outer loop
      vertex -21.7651 2.86543 1.43887
      vertex -21.9529 -0 1.43887
      vertex -21.3927 2.8164 4.29199
    endloop
  endfacet
  facet normal -0.989359 0.0648472 0.130245
    outer loop
      vertex -21.9529 -0 1.43887
      vertex -21.5773 -0 4.29199
      vertex -21.3927 2.8164 4.29199
    endloop
  endfacet
  facet normal -0.989359 -0.0648425 0.130245
    outer loop
      vertex -21.9529 -0 1.43887
      vertex -21.7651 -2.86543 1.43887
      vertex -21.5773 -0 4.29199
    endloop
  endfacet
  facet normal -0.989358 -0.0648472 0.130249
    outer loop
      vertex -21.7651 -2.86543 1.43887
      vertex -21.3927 -2.8164 4.29199
      vertex -21.5773 -0 4.29199
    endloop
  endfacet
  facet normal -0.972431 -0.193423 0.130249
    outer loop
      vertex -21.7651 -2.86543 1.43887
      vertex -21.2049 -5.68183 1.43887
      vertex -21.3927 -2.8164 4.29199
    endloop
  endfacet
  facet normal -0.972422 -0.193451 0.130278
    outer loop
      vertex -21.2049 -5.68183 1.43887
      vertex -20.842 -5.58461 4.29199
      vertex -21.3927 -2.8164 4.29199
    endloop
  endfacet
  facet normal -0.938853 -0.318719 0.130277
    outer loop
      vertex -21.2049 -5.68183 1.43887
      vertex -20.2818 -8.40101 1.43887
      vertex -20.842 -5.58461 4.29199
    endloop
  endfacet
  facet normal -0.938869 -0.318687 0.130242
    outer loop
      vertex -20.2818 -8.40101 1.43887
      vertex -19.9348 -8.25727 4.29199
      vertex -20.842 -5.58461 4.29199
    endloop
  endfacet
  facet normal -0.889239 -0.43851 0.130242
    outer loop
      vertex -20.2818 -8.40101 1.43887
      vertex -19.0118 -10.9764 1.43887
      vertex -19.9348 -8.25727 4.29199
    endloop
  endfacet
  facet normal -0.889234 -0.438517 0.130251
    outer loop
      vertex -19.0118 -10.9764 1.43887
      vertex -18.6865 -10.7886 4.29199
      vertex -19.9348 -8.25727 4.29199
    endloop
  endfacet
  facet normal -0.824388 -0.550835 0.13025
    outer loop
      vertex -19.0118 -10.9764 1.43887
      vertex -17.4164 -13.3641 1.43887
      vertex -18.6865 -10.7886 4.29199
    endloop
  endfacet
  facet normal -0.824383 -0.550841 0.130259
    outer loop
      vertex -17.4164 -13.3641 1.43887
      vertex -17.1184 -13.1354 4.29199
      vertex -18.6865 -10.7886 4.29199
    endloop
  endfacet
  facet normal -0.745418 -0.653747 0.13026
    outer loop
      vertex -17.4164 -13.3641 1.43887
      vertex -15.523 -15.523 1.43887
      vertex -17.1184 -13.1354 4.29199
    endloop
  endfacet
  facet normal -0.745425 -0.65374 0.13025
    outer loop
      vertex -15.523 -15.523 1.43887
      vertex -15.2574 -15.2574 4.29199
      vertex -17.1184 -13.1354 4.29199
    endloop
  endfacet
  facet normal -0.653748 -0.745419 0.13025
    outer loop
      vertex -15.523 -15.523 1.43887
      vertex -13.3641 -17.4164 1.43887
      vertex -15.2574 -15.2574 4.29199
    endloop
  endfacet
  facet normal -0.653739 -0.745424 0.13026
    outer loop
      vertex -13.3641 -17.4164 1.43887
      vertex -13.1354 -17.1184 4.29199
      vertex -15.2574 -15.2574 4.29199
    endloop
  endfacet
  facet normal -0.550834 -0.824387 0.130259
    outer loop
      vertex -13.3641 -17.4164 1.43887
      vertex -10.9764 -19.0118 1.43887
      vertex -13.1354 -17.1184 4.29199
    endloop
  endfacet
  facet normal -0.550842 -0.824383 0.13025
    outer loop
      vertex -10.9764 -19.0118 1.43887
      vertex -10.7886 -18.6865 4.29199
      vertex -13.1354 -17.1184 4.29199
    endloop
  endfacet
  facet normal -0.438509 -0.889238 0.130251
    outer loop
      vertex -10.9764 -19.0118 1.43887
      vertex -8.40101 -20.2818 1.43887
      vertex -10.7886 -18.6865 4.29199
    endloop
  endfacet
  facet normal -0.438517 -0.889235 0.130242
    outer loop
      vertex -8.40101 -20.2818 1.43887
      vertex -8.25727 -19.9348 4.29199
      vertex -10.7886 -18.6865 4.29199
    endloop
  endfacet
  facet normal -0.318721 -0.938858 0.130242
    outer loop
      vertex -8.40101 -20.2818 1.43887
      vertex -5.68183 -21.2049 1.43887
      vertex -8.25727 -19.9348 4.29199
    endloop
  endfacet
  facet normal -0.318686 -0.938865 0.130277
    outer loop
      vertex -5.68183 -21.2049 1.43887
      vertex -5.58461 -20.842 4.29199
      vertex -8.25727 -19.9348 4.29199
    endloop
  endfacet
  facet normal -0.193422 -0.972428 0.130278
    outer loop
      vertex -5.68183 -21.2049 1.43887
      vertex -2.86543 -21.7651 1.43887
      vertex -5.58461 -20.842 4.29199
    endloop
  endfacet
  facet normal -0.193452 -0.972426 0.130249
    outer loop
      vertex -2.86543 -21.7651 1.43887
      vertex -2.8164 -21.3927 4.29199
      vertex -5.58461 -20.842 4.29199
    endloop
  endfacet
  facet normal -0.0648425 -0.989359 0.130249
    outer loop
      vertex -2.86543 -21.7651 1.43887
      vertex -0 -21.9529 1.43887
      vertex -2.8164 -21.3927 4.29199
    endloop
  endfacet
  facet normal -0.0648472 -0.989359 0.130245
    outer loop
      vertex -0 -21.9529 1.43887
      vertex -0 -21.5773 4.29199
      vertex -2.8164 -21.3927 4.29199
    endloop
  endfacet
  facet normal 0.0648425 -0.989359 0.130245
    outer loop
      vertex -0 -21.9529 1.43887
      vertex 2.86543 -21.7651 1.43887
      vertex -0 -21.5773 4.29199
    endloop
  endfacet
  facet normal 0.0648472 -0.989358 0.130249
    outer loop
      vertex 2.86543 -21.7651 1.43887
      vertex 2.8164 -21.3927 4.29199
      vertex -0 -21.5773 4.29199
    endloop
  endfacet
  facet normal 0.193423 -0.972431 0.130249
    outer loop
      vertex 2.86543 -21.7651 1.43887
      vertex 5.68183 -21.2049 1.43887
      vertex 2.8164 -21.3927 4.29199
    endloop
  endfacet
  facet normal 0.193451 -0.972422 0.130278
    outer loop
      vertex 5.68183 -21.2049 1.43887
      vertex 5.58461 -20.842 4.29199
      vertex 2.8164 -21.3927 4.29199
    endloop
  endfacet
  facet normal 0.318719 -0.938853 0.130277
    outer loop
      vertex 5.68183 -21.2049 1.43887
      vertex 8.40101 -20.2818 1.43887
      vertex 5.58461 -20.842 4.29199
    endloop
  endfacet
  facet normal 0.318687 -0.938869 0.130242
    outer loop
      vertex 8.40101 -20.2818 1.43887
      vertex 8.25727 -19.9348 4.29199
      vertex 5.58461 -20.842 4.29199
    endloop
  endfacet
  facet normal 0.43851 -0.889239 0.130242
    outer loop
      vertex 8.40101 -20.2818 1.43887
      vertex 10.9764 -19.0118 1.43887
      vertex 8.25727 -19.9348 4.29199
    endloop
  endfacet
  facet normal 0.438517 -0.889234 0.130251
    outer loop
      vertex 10.9764 -19.0118 1.43887
      vertex 10.7886 -18.6865 4.29199
      vertex 8.25727 -19.9348 4.29199
    endloop
  endfacet
  facet normal 0.550835 -0.824388 0.13025
    outer loop
      vertex 10.9764 -19.0118 1.43887
      vertex 13.3641 -17.4164 1.43887
      vertex 10.7886 -18.6865 4.29199
    endloop
  endfacet
  facet normal 0.550841 -0.824383 0.130259
    outer loop
      vertex 13.3641 -17.4164 1.43887
      vertex 13.1354 -17.1184 4.29199
      vertex 10.7886 -18.6865 4.29199
    endloop
  endfacet
  facet normal 0.653747 -0.745418 0.13026
    outer loop
      vertex 13.3641 -17.4164 1.43887
      vertex 15.523 -15.523 1.43887
      vertex 13.1354 -17.1184 4.29199
    endloop
  endfacet
  facet normal 0.65374 -0.745425 0.13025
    outer loop
      vertex 15.523 -15.523 1.43887
      vertex 15.2574 -15.2574 4.29199
      vertex 13.1354 -17.1184 4.29199
    endloop
  endfacet
  facet normal 0.745419 -0.653748 0.13025
    outer loop
      vertex 15.523 -15.523 1.43887
      vertex 17.4164 -13.3641 1.43887
      vertex 15.2574 -15.2574 4.29199
    endloop
  endfacet
  facet normal 0.745424 -0.653739 0.13026
    outer loop
      vertex 17.4164 -13.3641 1.43887
      vertex 17.1184 -13.1354 4.29199
      vertex 15.2574 -15.2574 4.29199
    endloop
  endfacet
  facet normal 0.824387 -0.550834 0.130259
    outer loop
      vertex 17.4164 -13.3641 1.43887
      vertex 19.0118 -10.9764 1.43887
      vertex 17.1184 -13.1354 4.29199
    endloop
  endfacet
  facet normal 0.824383 -0.550842 0.13025
    outer loop
      vertex 19.0118 -10.9764 1.43887
      vertex 18.6865 -10.7886 4.29199
      vertex 17.1184 -13.1354 4.29199
    endloop
  endfacet
  facet normal 0.889238 -0.438509 0.130251
    outer loop
      vertex 19.0118 -10.9764 1.43887
      vertex 20.2818 -8.40101 1.43887
      vertex 18.6865 -10.7886 4.29199
    endloop
  endfacet
  facet normal 0.889235 -0.438517 0.130242
    outer loop
      vertex 20.2818 -8.40101 1.43887
      vertex 19.9348 -8.25727 4.29199
      vertex 18.6865 -10.7886 4.29199
    endloop
  endfacet
  facet normal 0.938858 -0.318721 0.130242
    outer loop
      vertex 20.2818 -8.40101 1.43887
      vertex 21.2049 -5.68183 1.43887
      vertex 19.9348 -8.25727 4.29199
    endloop
  endfacet
  facet normal 0.938865 -0.318686 0.130277
    outer loop
      vertex 21.2049 -5.68183 1.43887
      vertex 20.842 -5.58461 4.29199
      vertex 19.9348 -8.25727 4.29199
    endloop
  endfacet
  facet normal 0.972428 -0.193422 0.130278
    outer loop
      vertex 21.2049 -5.68183 1.43887
      vertex 21.7651 -2.86543 1.43887
      vertex 20.842 -5.58461 4.29199
    endloop
  endfacet
  facet normal 0.972426 -0.193452 0.130249
    outer loop
      vertex 21.7651 -2.86543 1.43887
      vertex 21.3927 -2.8164 4.29199
      vertex 20.842 -5.58461 4.29199
    endloop
  endfacet
  facet normal 0.989359 -0.0648425 0.130249
    outer loop
      vertex 21.7651 -2.86543 1.43887
      vertex 21.9529 0 1.43887
      vertex 21.3927 -2.8164 4.29199
    endloop
  endfacet
  facet normal 0.989359 -0.0648472 0.130245
    outer loop
      vertex 21.9529 0 1.43887
      vertex 21.5773 0 4.29199
      vertex 21.3927 -2.8164 4.29199
    endloop
  endfacet
  facet normal 0.997859 0.0653996 -0
    outer loop
      vertex 21.9529 0 -1.43887
      vertex 21.7651 2.86543 -1.43887
      vertex 21.9529 0 1.43887
    endloop
  endfacet
  facet normal 0.997859 0.0653996 -0
    outer loop
      vertex 21.7651 2.86543 -1.43887
      vertex 21.7651 2.86543 1.43887
      vertex 21.9529 0 1.43887
    endloop
  endfacet
  facet normal 0.980786 0.195085 -0
    outer loop
      vertex 21.7651 2.86543 -1.43887
      vertex 21.2049 5.68183 -1.43887
      vertex 21.7651 2.86543 1.43887
    endloop
  endfacet
  facet normal 0.980786 0.195085 -0
    outer loop
      vertex 21.2049 5.68183 -1.43887
      vertex 21.2049 5.68183 1.43887
      vertex 21.7651 2.86543 1.43887
    endloop
  endfacet
  facet normal 0.946923 0.321459 -0
    outer loop
      vertex 21.2049 5.68183 -1.43887
      vertex 20.2818 8.40101 -1.43887
      vertex 21.2049 5.68183 1.43887
    endloop
  endfacet
  facet normal 0.946923 0.321459 -0
    outer loop
      vertex 20.2818 8.40101 -1.43887
      vertex 20.2818 8.40101 1.43887
      vertex 21.2049 5.68183 1.43887
    endloop
  endfacet
  facet normal 0.896879 0.442277 -0
    outer loop
      vertex 20.2818 8.40101 -1.43887
      vertex 19.0118 10.9764 -1.43887
      vertex 20.2818 8.40101 1.43887
    endloop
  endfacet
  facet normal 0.896879 0.442277 -0
    outer loop
      vertex 19.0118 10.9764 -1.43887
      vertex 19.0118 10.9764 1.43887
      vertex 20.2818 8.40101 1.43887
    endloop
  endfacet
  facet normal 0.831471 0.555568 -0
    outer loop
      vertex 19.0118 10.9764 -1.43887
      vertex 17.4164 13.3641 -1.43887
      vertex 19.0118 10.9764 1.43887
    endloop
  endfacet
  facet normal 0.831471 0.555568 -0
    outer loop
      vertex 17.4164 13.3641 -1.43887
      vertex 17.4164 13.3641 1.43887
      vertex 19.0118 10.9764 1.43887
    endloop
  endfacet
  facet normal 0.751823 0.659365 -0
    outer loop
      vertex 17.4164 13.3641 -1.43887
      vertex 15.523 15.523 -1.43887
      vertex 17.4164 13.3641 1.43887
    endloop
  endfacet
  facet normal 0.751823 0.659365 -0
    outer loop
      vertex 15.523 15.523 -1.43887
      vertex 15.523 15.523 1.43887
      vertex 17.4164 13.3641 1.43887
    endloop
  endfacet
  facet normal 0.659365 0.751823 -0
    outer loop
      vertex 15.523 15.523 -1.43887
      vertex 13.3641 17.4164 -1.43887
      vertex 15.523 15.523 1.43887
    endloop
  endfacet
  facet normal 0.659365 0.751823 -0
    outer loop
      vertex 13.3641 17.4164 -1.43887
      vertex 13.3641 17.4164 1.43887
      vertex 15.523 15.523 1.43887
    endloop
  endfacet
  facet normal 0.555568 0.831471 -0
    outer loop
      vertex 13.3641 17.4164 -1.43887
      vertex 10.9764 19.0118 -1.43887
      vertex 13.3641 17.4164 1.43887
    endloop
  endfacet
  facet normal 0.555568 0.831471 -0
    outer loop
      vertex 10.9764 19.0118 -1.43887
      vertex 10.9764 19.0118 1.43887
      vertex 13.3641 17.4164 1.43887
    endloop
  endfacet
  facet normal 0.442277 0.896879 -0
    outer loop
      vertex 10.9764 19.0118 -1.43887
      vertex 8.40101 20.2818 -1.43887
      vertex 10.9764 19.0118 1.43887
    endloop
  endfacet
  facet normal 0.442277 0.896879 -0
    outer loop
      vertex 8.40101 20.2818 -1.43887
      vertex 8.40101 20.2818 1.43887
      vertex 10.9764 19.0118 1.43887
    endloop
  endfacet
  facet normal 0.321459 0.946923 -0
    outer loop
      vertex 8.40101 20.2818 -1.43887
      vertex 5.68183 21.2049 -1.43887
      vertex 8.40101 20.2818 1.43887
    endloop
  endfacet
  facet normal 0.321459 0.946923 -0
    outer loop
      vertex 5.68183 21.2049 -1.43887
      vertex 5.68183 21.2049 1.43887
      vertex 8.40101 20.2818 1.43887
    endloop
  endfacet
  facet normal 0.195085 0.980786 -0
    outer loop
      vertex 5.68183 21.2049 -1.43887
      vertex 2.86543 21.7651 -1.43887
      vertex 5.68183 21.2049 1.43887
    endloop
  endfacet
  facet normal 0.195085 0.980786 -0
    outer loop
      vertex 2.86543 21.7651 -1.43887
      vertex 2.86543 21.7651 1.43887
      vertex 5.68183 21.2049 1.43887
    endloop
  endfacet
  facet normal 0.0653996 0.997859 -0
    outer loop
      vertex 2.86543 21.7651 -1.43887
      vertex 0 21.9529 -1.43887
      vertex 2.86543 21.7651 1.43887
    endloop
  endfacet
  facet normal 0.0653996 0.997859 -0
    outer loop
      vertex 0 21.9529 -1.43887
      vertex 0 21.9529 1.43887
      vertex 2.86543 21.7651 1.43887
    endloop
  endfacet
  facet normal -0.0653996 0.997859 0
    outer loop
      vertex 0 21.9529 -1.43887
      vertex -2.86543 21.7651 -1.43887
      vertex 0 21.9529 1.43887
    endloop
  endfacet
  facet normal -0.0653996 0.997859 0
    outer loop
      vertex -2.86543 21.7651 -1.43887
      vertex -2.86543 21.7651 1.43887
      vertex 0 21.9529 1.43887
    endloop
  endfacet
  facet normal -0.195085 0.980786 0
    outer loop
      vertex -2.86543 21.7651 -1.43887
      vertex -5.68183 21.2049 -1.43887
      vertex -2.86543 21.7651 1.43887
    endloop
  endfacet
  facet normal -0.195085 0.980786 0
    outer loop
      vertex -5.68183 21.2049 -1.43887
      vertex -5.68183 21.2049 1.43887
      vertex -2.86543 21.7651 1.43887
    endloop
  endfacet
  facet normal -0.321459 0.946923 0
    outer loop
      vertex -5.68183 21.2049 -1.43887
      vertex -8.40101 20.2818 -1.43887
      vertex -5.68183 21.2049 1.43887
    endloop
  endfacet
  facet normal -0.321459 0.946923 0
    outer loop
      vertex -8.40101 20.2818 -1.43887
      vertex -8.40101 20.2818 1.43887
      vertex -5.68183 21.2049 1.43887
    endloop
  endfacet
  facet normal -0.442277 0.896879 0
    outer loop
      vertex -8.40101 20.2818 -1.43887
      vertex -10.9764 19.0118 -1.43887
      vertex -8.40101 20.2818 1.43887
    endloop
  endfacet
  facet normal -0.442277 0.896879 0
    outer loop
      vertex -10.9764 19.0118 -1.43887
      vertex -10.9764 19.0118 1.43887
      vertex -8.40101 20.2818 1.43887
    endloop
  endfacet
  facet normal -0.555568 0.831471 0
    outer loop
      vertex -10.9764 19.0118 -1.43887
      vertex -13.3641 17.4164 -1.43887
      vertex -10.9764 19.0118 1.43887
    endloop
  endfacet
  facet normal -0.555568 0.831471 0
    outer loop
      vertex -13.3641 17.4164 -1.43887
      vertex -13.3641 17.4164 1.43887
      vertex -10.9764 19.0118 1.43887
    endloop
  endfacet
  facet normal -0.659365 0.751823 0
    outer loop
      vertex -13.3641 17.4164 -1.43887
      vertex -15.523 15.523 -1.43887
      vertex -13.3641 17.4164 1.43887
    endloop
  endfacet
  facet normal -0.659365 0.751823 0
    outer loop
      vertex -15.523 15.523 -1.43887
      vertex -15.523 15.523 1.43887
      vertex -13.3641 17.4164 1.43887
    endloop
  endfacet
  facet normal -0.751823 0.659365 0
    outer loop
      vertex -15.523 15.523 -1.43887
      vertex -17.4164 13.3641 -1.43887
      vertex -15.523 15.523 1.43887
    endloop
  endfacet
  facet normal -0.751823 0.659365 0
    outer loop
      vertex -17.4164 13.3641 -1.43887
      vertex -17.4164 13.3641 1.43887
      vertex -15.523 15.523 1.43887
    endloop
  endfacet
  facet normal -0.831471 0.555568 0
    outer loop
      vertex -17.4164 13.3641 -1.43887
      vertex -19.0118 10.9764 -1.43887
      vertex -17.4164 13.3641 1.43887
    endloop
  endfacet
  facet normal -0.831471 0.555568 0
    outer loop
      vertex -19.0118 10.9764 -1.43887
      vertex -19.0118 10.9764 1.43887
      vertex -17.4164 13.3641 1.43887
    endloop
  endfacet
  facet normal -0.896879 0.442277 0
    outer loop
      vertex -19.0118 10.9764 -1.43887
      vertex -20.2818 8.40101 -1.43887
      vertex -19.0118 10.9764 1.43887
    endloop
  endfacet
  facet normal -0.896879 0.442277 0
    outer loop
      vertex -20.2818 8.40101 -1.43887
      vertex -20.2818 8.40101 1.43887
      vertex -19.0118 10.9764 1.43887
    endloop
  endfacet
  facet normal -0.946923 0.321459 0
    outer loop
      vertex -20.2818 8.40101 -1.43887
      vertex -21.2049 5.68183 -1.43887
      vertex -20.2818 8.40101 1.43887
    endloop
  endfacet
  facet normal -0.946923 0.321459 0
    outer loop
      vertex -21.2049 5.68183 -1.43887
      vertex -21.2049 5.68183 1.43887
      vertex -20.2818 8.40101 1.43887
    endloop
  endfacet
  facet normal -0.980786 0.195085 0
    outer loop
      vertex -21.2049 5.68183 -1.43887
      vertex -21.7651 2.86543 -1.43887
      vertex -21.2049 5.68183 1.43887
    endloop
  endfacet
  facet normal -0.980786 0.195085 0
    outer loop
      vertex -21.7651 2.86543 -1.43887
      vertex -21.7651 2.86543 1.43887
      vertex -21.2049 5.68183 1.43887
    endloop
  endfacet
  facet normal -0.997859 0.0653996 0
    outer loop
      vertex -21.7651 2.86543 -1.43887
      vertex -21.9529 -0 -1.43887
      vertex -21.7651 2.86543 1.43887
    endloop
  endfacet
  facet normal -0.997859 0.0653996 0
    outer loop
      vertex -21.9529 -0 -1.43887
      vertex -21.9529 -0 1.43887
      vertex -21.7651 2.86543 1.43887
    endloop
  endfacet
  facet normal -0.997859 -0.0653996 0
    outer loop
      vertex -21.9529 -0 -1.43887
      vertex -21.7651 -2.86543 -1.43887
      vertex -21.9529 -0 1.43887
    endloop
  endfacet
  facet normal -0.997859 -0.0653996 0
    outer loop
      vertex -21.7651 -2.86543 -1.43887
      vertex -21.7651 -2.86543 1.43887
      vertex -21.9529 -0 1.43887
    endloop
  endfacet
  facet normal -0.980786 -0.195085 0
    outer loop
      vertex -21.7651 -2.86543 -1.43887
      vertex -21.2049 -5.68183 -1.43887
      vertex -21.7651 -2.86543 1.43887
    endloop
  endfacet
  facet normal -0.980786 -0.195085 0
    outer loop
      vertex -21.2049 -5.68183 -1.43887
      vertex -21.2049 -5.68183 1.43887
      vertex -21.7651 -2.86543 1.43887
    endloop
  endfacet
  facet normal -0.946923 -0.321459 0
    outer loop
      vertex -21.2049 -5.68183 -1.43887
      vertex -20.2818 -8.40101 -1.43887
      vertex -21.2049 -5.68183 1.43887
    endloop
  endfacet
  facet normal -0.946923 -0.321459 0
    outer loop
      vertex -20.2818 -8.40101 -1.43887
      vertex -20.2818 -8.40101 1.43887
      vertex -21.2049 -5.68183 1.43887
    endloop
  endfacet
  facet normal -0.896879 -0.442277 0
    outer loop
      vertex -20.2818 -8.40101 -1.43887
      vertex -19.0118 -10.9764 -1.43887
      vertex -20.2818 -8.40101 1.43887
    endloop
  endfacet
  facet normal -0.896879 -0.442277 0
    outer loop
      vertex -19.0118 -10.9764 -1.43887
      vertex -19.0118 -10.9764 1.43887
      vertex -20.2818 -8.40101 1.43887
    endloop
  endfacet
  facet normal -0.831471 -0.555568 0
    outer loop
      vertex -19.0118 -10.9764 -1.43887
      vertex -17.4164 -13.3641 -1.43887
      vertex -19.0118 -10.9764 1.43887
    endloop
  endfacet
  facet normal -0.831471 -0.555568 0
    outer loop
      vertex -17.4164 -13.3641 -1.43887
      vertex -17.4164 -13.3641 1.43887
      vertex -19.0118 -10.9764 1.43887
    endloop
  endfacet
  facet normal -0.751823 -0.659365 0
    outer loop
      vertex -17.4164 -13.3641 -1.43887
      vertex -15.523 -15.523 -1.43887
      vertex -17.4164 -13.3641 1.43887
    endloop
  endfacet
  facet normal -0.751823 -0.659365 0
    outer loop
      vertex -15.523 -15.523 -1.43887
      vertex -15.523 -15.523 1.43887
      vertex -17.4164 -13.3641 1.43887
    endloop
  endfacet
  facet normal -0.659365 -0.751823 0
    outer loop
      vertex -15.523 -15.523 -1.43887
      vertex -13.3641 -17.4164 -1.43887
      vertex -15.523 -15.523 1.43887
    endloop
  endfacet
  facet normal -0.659365 -0.751823 0
    outer loop
      vertex -13.3641 -17.4164 -1.43887
      vertex -13.3641 -17.4164 1.43887
      vertex -15.523 -15.523 1.43887
    endloop
  endfacet
  facet normal -0.555568 -0.831471 0
    outer loop
      vertex -13.3641 -17.4164 -1.43887
      vertex -10.9764 -19.0118 -1.43887
      vertex -13.3641 -17.4164 1.43887
    endloop
  endfacet
  facet normal -0.555568 -0.831471 0
    outer loop
      vertex -10.9764 -19.0118 -1.43887
      vertex -10.9764 -19.0118 1.43887
      vertex -13.3641 -17.4164 1.43887
    endloop
  endfacet
  facet normal -0.442277 -0.896879 0
    outer loop
      vertex -10.9764 -19.0118 -1.43887
      vertex -8.40101 -20.2818 -1.43887
      vertex -10.9764 -19.0118 1.43887
    endloop
  endfacet
  facet normal -0.442277 -0.896879 0
    outer loop
      vertex -8.40101 -20.2818 -1.43887
      vertex -8.40101 -20.2818 1.43887
      vertex -10.9764 -19.0118 1.43887
    endloop
  endfacet
  facet normal -0.321459 -0.946923 0
    outer loop
      vertex -8.40101 -20.2818 -1.43887
      vertex -5.68183 -21.2049 -1.43887
      vertex -8.40101 -20.2818 1.43887
    endloop
  endfacet
  facet normal -0.321459 -0.946923 0
    outer loop
      vertex -5.68183 -21.2049 -1.43887
      vertex -5.68183 -21.2049 1.43887
      vertex -8.40101 -20.2818 1.43887
    endloop
  endfacet
  facet normal -0.195085 -0.980786 0
    outer loop
      vertex -5.68183 -21.2049 -1.43887
      vertex -2.86543 -21.7651 -1.43887
      vertex -5.68183 -21.2049 1.43887
    endloop
  endfacet
  facet normal -0.195085 -0.980786 0
    outer loop
      vertex -2.86543 -21.7651 -1.43887
      vertex -2.86543 -21.7651 1.43887
      vertex -5.68183 -21.2049 1.43887
    endloop
  endfacet
  facet normal -0.0653996 -0.997859 0
    outer loop
      vertex -2.86543 -21.7651 -1.43887
      vertex -0 -21.9529 -1.43887
      vertex -2.86543 -21.7651 1.43887
    endloop
  endfacet
  facet normal -0.0653996 -0.997859 0
    outer loop
      vertex -0 -21.9529 -1.43887
      vertex -0 -21.9529 1.43887
      vertex -2.86543 -21.7651 1.43887
    endloop
  endfacet
  facet normal 0.0653996 -0.997859 0
    outer loop
      vertex -0 -21.9529 -1.43887
      vertex 2.86543 -21.7651 -1.43887
      vertex -0 -21.9529 1.43887
    endloop
  endfacet
  facet normal 0.0653996 -0.997859 0
    outer loop
      vertex 2.86543 -21.7651 -1.43887
      vertex 2.86543 -21.7651 1.43887
      vertex -0 -21.9529 1.43887
    endloop
  endfacet
  facet normal 0.195085 -0.980786 0
    outer loop
      vertex 2.86543 -21.7651 -1.43887
      vertex 5.68183 -21.2049 -1.43887
      vertex 2.86543 -21.7651 1.43887
    endloop
  endfacet
  facet normal 0.195085 -0.980786 0
    outer loop
      vertex 5.68183 -21.2049 -1.43887
      vertex 5.68183 -21.2049 1.43887
      vertex 2.86543 -21.7651 1.43887
    endloop
  endfacet
  facet normal 0.321459 -0.946923 0
    outer loop
      vertex 5.68183 -21.2049 -1.43887
      vertex 8.40101 -20.2818 -1.43887
      vertex 5.68183 -21.2049 1.43887
    endloop
  endfacet
  facet normal 0.321459 -0.946923 0
    outer loop
      vertex 8.40101 -20.2818 -1.43887
      vertex 8.40101 -20.2818 1.43887
      vertex 5.68183 -21.2049 1.43887
    endloop
  endfacet
  facet normal 0.442277 -0.896879 0
    outer loop
      vertex 8.40101 -20.2818 -1.43887
      vertex 10.9764 -19.0118 -1.43887
      vertex 8.40101 -20.2818 1.43887
    endloop
  endfacet
  facet normal 0.442277 -0.896879 0
    outer loop
      vertex 10.9764 -19.0118 -1.43887
      vertex 10.9764 -19.0118 1.43887
      vertex 8.40101 -20.2818 1.43887
    endloop
  endfacet
  facet normal 0.555568 -0.831471 0
    outer loop
      vertex 10.9764 -19.0118 -1.43887
      vertex 13.3641 -17.4164 -1.43887
      vertex 10.9764 -19.0118 1.43887
    endloop
  endfacet
  facet normal 0.555568 -0.831471 0
    outer loop
      vertex 13.3641 -17.4164 -1.43887
      vertex 13.3641 -17.4164 1.43887
      vertex 10.9764 -19.0118 1.43887
    endloop
  endfacet
  facet normal 0.659365 -0.751823 0
    outer loop
      vertex 13.3641 -17.4164 -1.43887
      vertex 15.523 -15.523 -1.43887
      vertex 13.3641 -17.4164 1.43887
    endloop
  endfacet
  facet normal 0.659365 -0.751823 0
    outer loop
      vertex 15.523 -15.523 -1.43887
      vertex 15.523 -15.523 1.43887
      vertex 13.3641 -17.4164 1.43887
    endloop
  endfacet
  facet normal 0.751823 -0.659365 0
    outer loop
      vertex 15.523 -15.523 -1.43887
      vertex 17.4164 -13.3641 -1.43887
      vertex 15.523 -15.523 1.43887
    endloop
  endfacet
  facet normal 0.751823 -0.659365 0
    outer loop
      vertex 17.4164 -13.3641 -1.43887
      vertex 17.4164 -13.3641 1.43887
      vertex 15.523 -15.523 1.43887
    endloop
  endfacet
  facet normal 0.831471 -0.555568 0
    outer loop
      vertex 17.4164 -13.3641 -1.43887
      vertex 19.0118 -10.9764 -1.43887
      vertex 17.4164 -13.3641 1.43887
    endloop
  endfacet
  facet normal 0.831471 -0.555568 0
    outer loop
      vertex 19.0118 -10.9764 -1.43887
      vertex 19.0118 -10.9764 1.43887
      vertex 17.4164 -13.3641 1.43887
    endloop
  endfacet
  facet normal 0.896879 -0.442277 0
    outer loop
      vertex 19.0118 -10.9764 -1.43887
      vertex 20.2818 -8.40101 -1.43887
      vertex 19.0118 -10.9764 1.43887
    endloop
  endfacet
  facet normal 0.896879 -0.442277 0
    outer loop
      vertex 20.2818 -8.40101 -1.43887
      vertex 20.2818 -8.40101 1.43887
      vertex 19.0118 -10.9764 1.43887
    endloop
  endfacet
  facet normal 0.946923 -0.321459 0
    outer loop
      vertex 20.2818 -8.40101 -1.43887
      vertex 21.2049 -5.68183 -1.43887
      vertex 20.2818 -8.40101 1.43887
    endloop
  endfacet
  facet normal 0.946923 -0.321459 0
    outer loop
      vertex 21.2049 -5.68183 -1.43887
      vertex 21.2049 -5.68183 1.43887
      vertex 20.2818 -8.40101 1.43887
    endloop
  endfacet
  facet normal 0.980786 -0.195085 0
    outer loop
      vertex 21.2049 -5.68183 -1.43887
      vertex 21.7651 -2.86543 -1.43887
      vertex 21.2049 -5.68183 1.43887
    endloop
  endfacet
  facet normal 0.980786 -0.195085 0
    outer loop
      vertex 21.7651 -2.86543 -1.43887
      vertex 21.7651 -2.86543 1.43887
      vertex 21.2049 -5.68183 1.43887
    endloop
  endfacet
  facet normal 0.997859 -0.0653996 0
    outer loop
      vertex 21.7651 -2.86543 -1.43887
      vertex 21.9529 0 -1.43887
      vertex 21.7651 -2.86543 1.43887
    endloop
  endfacet
  facet normal 0.997859 -0.0653996 0
    outer loop
      vertex 21.9529 0 -1.43887
      vertex 21.9529 0 1.43887
      vertex 21.7651 -2.86543 1.43887
    endloop
  endfacet
  facet normal 0.989359 0.0648472 -0.130245
    outer loop
      vertex 21.5773 0 -4.29199
      vertex 21.3927 2.8164 -4.29199
      vertex 21.9529 0 -1.43887
    endloop
  endfacet
  facet normal 0.989359 0.0648425 -0.130249
    outer loop
      vertex 21.3927 2.8164 -4.29199
      vertex 21.7651 2.86543 -1.43887
      vertex 21.9529 0 -1.43887
    endloop
  endfacet
  facet normal 0.972426 0.193452 -0.130249
    outer loop
      vertex 21.3927 2.8164 -4.29199
      vertex 20.842 5.58461 -4.29199
      vertex 21.7651 2.86543 -1.43887
    endloop
  endfacet
  facet normal 0.972428 0.193422 -0.130278
    outer loop
      vertex 20.842 5.58461 -4.29199
      vertex 21.2049 5.68183 -1.43887
      vertex 21.7651 2.86543 -1.43887
    endloop
  endfacet
  facet normal 0.938865 0.318686 -0.130277
    outer loop
      vertex 20.842 5.58461 -4.29199
      vertex 19.9348 8.25727 -4.29199
      vertex 21.2049 5.68183 -1.43887
    endloop
  endfacet
  facet normal 0.938858 0.318721 -0.130242
    outer loop
      vertex 19.9348 8.25727 -4.29199
      vertex 20.2818 8.40101 -1.43887
      vertex 21.2049 5.68183 -1.43887
    endloop
  endfacet
  facet normal 0.889235 0.438517 -0.130242
    outer loop
      vertex 19.9348 8.25727 -4.29199
      vertex 18.6865 10.7886 -4.29199
      vertex 20.2818 8.40101 -1.43887
    endloop
  endfacet
  facet normal 0.889238 0.438509 -0.130251
    outer loop
      vertex 18.6865 10.7886 -4.29199
      vertex 19.0118 10.9764 -1.43887
      vertex 20.2818 8.40101 -1.43887
    endloop
  endfacet
  facet normal 0.824383 0.550842 -0.13025
    outer loop
      vertex 18.6865 10.7886 -4.29199
      vertex 17.1184 13.1354 -4.29199
      vertex 19.0118 10.9764 -1.43887
    endloop
  endfacet
  facet normal 0.824387 0.550834 -0.130259
    outer loop
      vertex 17.1184 13.1354 -4.29199
      vertex 17.4164 13.3641 -1.43887
      vertex 19.0118 10.9764 -1.43887
    endloop
  endfacet
  facet normal 0.745424 0.653739 -0.13026
    outer loop
      vertex 17.1184 13.1354 -4.29199
      vertex 15.2574 15.2574 -4.29199
      vertex 17.4164 13.3641 -1.43887
    endloop
  endfacet
  facet normal 0.745419 0.653748 -0.13025
    outer loop
      vertex 15.2574 15.2574 -4.29199
      vertex 15.523 15.523 -1.43887
      vertex 17.4164 13.3641 -1.43887
    endloop
  endfacet
  facet normal 0.65374 0.745425 -0.13025
    outer loop
      vertex 15.2574 15.2574 -4.29199
      vertex 13.1354 17.1184 -4.29199
      vertex 15.523 15.523 -1.43887
    endloop
  endfacet
  facet normal 0.653747 0.745418 -0.13026
    outer loop
      vertex 13.1354 17.1184 -4.29199
      vertex 13.3641 17.4164 -1.43887
      vertex 15.523 15.523 -1.43887
    endloop
  endfacet
  facet normal 0.550841 0.824383 -0.130259
    outer loop
      vertex 13.1354 17.1184 -4.29199
      vertex 10.7886 18.6865 -4.29199
      vertex 13.3641 17.4164 -1.43887
    endloop
  endfacet
  facet normal 0.550835 0.824388 -0.13025
    outer loop
      vertex 10.7886 18.6865 -4.29199
      vertex 10.9764 19.0118 -1.43887
      vertex 13.3641 17.4164 -1.43887
    endloop
  endfacet
  facet normal 0.438517 0.889234 -0.130251
    outer loop
      vertex 10.7886 18.6865 -4.29199
      vertex 8.25727 19.9348 -4.29199
      vertex 10.9764 19.0118 -1.43887
    endloop
  endfacet
  facet normal 0.43851 0.889239 -0.130242
    outer loop
      vertex 8.25727 19.9348 -4.29199
      vertex 8.40101 20.2818 -1.43887
      vertex 10.9764 19.0118 -1.43887
    endloop
  endfacet
  facet normal 0.318687 0.938869 -0.130242
    outer loop
      vertex 8.25727 19.9348 -4.29199
      vertex 5.58461 20.842 -4.29199
      vertex 8.40101 20.2818 -1.43887
    endloop
  endfacet
  facet normal 0.318719 0.938853 -0.130277
    outer loop
      vertex 5.58461 20.842 -4.29199
      vertex 5.68183 21.2049 -1.43887
      vertex 8.40101 20.2818 -1.43887
    endloop
  endfacet
  facet normal 0.193451 0.972422 -0.130278
    outer loop
      vertex 5.58461 20.842 -4.29199
      vertex 2.8164 21.3927 -4.29199
      vertex 5.68183 21.2049 -1.43887
    endloop
  endfacet
  facet normal 0.193423 0.972431 -0.130249
    outer loop
      vertex 2.8164 21.3927 -4.29199
      vertex 2.86543 21.7651 -1.43887
      vertex 5.68183 21.2049 -1.43887
    endloop
  endfacet
  facet normal 0.0648472 0.989358 -0.130249
    outer loop
      vertex 2.8164 21.3927 -4.29199
      vertex 0 21.5773 -4.29199
      vertex 2.86543 21.7651 -1.43887
    endloop
  endfacet
  facet normal 0.0648425 0.989359 -0.130245
    outer loop
      vertex 0 21.5773 -4.29199
      vertex 0 21.9529 -1.43887
      vertex 2.86543 21.7651 -1.43887
    endloop
  endfacet
  facet normal -0.0648472 0.989359 -0.130245
    outer loop
      vertex 0 21.5773 -4.29199
      vertex -2.8164 21.3927 -4.29199
      vertex 0 21.9529 -1.43887
    endloop
  endfacet
  facet normal -0.0648425 0.989359 -0.130249
    outer loop
      vertex -2.8164 21.3927 -4.29199
      vertex -2.86543 21.7651 -1.43887
      vertex 0 21.9529 -1.43887
    endloop
  endfacet
  facet normal -0.193452 0.972426 -0.130249
    outer loop
      vertex -2.8164 21.3927 -4.29199
      vertex -5.58461 20.842 -4.29199
      vertex -2.86543 21.7651 -1.43887
    endloop
  endfacet
  facet normal -0.193422 0.972428 -0.130278
    outer loop
      vertex -5.58461 20.842 -4.29199
      vertex -5.68183 21.2049 -1.43887
      vertex -2.86543 21.7651 -1.43887
    endloop
  endfacet
  facet normal -0.318686 0.938865 -0.130277
    outer loop
      vertex -5.58461 20.842 -4.29199
      vertex -8.25727 19.9348 -4.29199
      vertex -5.68183 21.2049 -1.43887
    endloop
  endfacet
  facet normal -0.318721 0.938858 -0.130242
    outer loop
      vertex -8.25727 19.9348 -4.29199
      vertex -8.40101 20.2818 -1.43887
      vertex -5.68183 21.2049 -1.43887
    endloop
  endfacet
  facet normal -0.438517 0.889235 -0.130242
    outer loop
      vertex -8.25727 19.9348 -4.29199
      vertex -10.7886 18.6865 -4.29199
      vertex -8.40101 20.2818 -1.43887
    endloop
  endfacet
  facet normal -0.438509 0.889238 -0.130251
    outer loop
      vertex -10.7886 18.6865 -4.29199
      vertex -10.9764 19.0118 -1.43887
      vertex -8.40101 20.2818 -1.43887
    endloop
  endfacet
  facet normal -0.550842 0.824383 -0.13025
    outer loop
      vertex -10.7886 18.6865 -4.29199
      vertex -13.1354 17.1184 -4.29199
      vertex -10.9764 19.0118 -1.43887
    endloop
  endfacet
  facet normal -0.550834 0.824387 -0.130259
    outer loop
      vertex -13.1354 17.1184 -4.29199
      vertex -13.3641 17.4164 -1.43887
      vertex -10.9764 19.0118 -1.43887
    endloop
  endfacet
  facet normal -0.653739 0.745424 -0.13026
    outer loop
      vertex -13.1354 17.1184 -4.29199
      vertex -15.2574 15.2574 -4.29199
      vertex -13.3641 17.4164 -1.43887
    endloop
  endfacet
  facet normal -0.653748 0.745419 -0.13025
    outer loop
      vertex -15.2574 15.2574 -4.29199
      vertex -15.523 15.523 -1.43887
      vertex -13.3641 17.4164 -1.43887
    endloop
  endfacet
  facet normal -0.745425 0.65374 -0.13025
    outer loop
      vertex -15.2574 15.2574 -4.29199
      vertex -17.1184 13.1354 -4.29199
      vertex -15.523 15.523 -1.43887
    endloop
  endfacet
  facet normal -0.745418 0.653747 -0.13026
    outer loop
      vertex -17.1184 13.1354 -4.29199
      vertex -17.4164 13.3641 -1.43887
      vertex -15.523 15.523 -1.43887
    endloop
  endfacet
  facet normal -0.824383 0.550841 -0.130259
    outer loop
      vertex -17.1184 13.1354 -4.29199
      vertex -18.6865 10.7886 -4.29199
      vertex -17.4164 13.3641 -1.43887
    endloop
  endfacet
  facet normal -0.824388 0.550835 -0.13025
    outer loop
      vertex -18.6865 10.7886 -4.29199
      vertex -19.0118 10.9764 -1.43887
      vertex -17.4164 13.3641 -1.43887
    endloop
  endfacet
  facet normal -0.889234 0.438517 -0.130251
    outer loop
      vertex -18.6865 10.7886 -4.29199
      vertex -19.9348 8.25727 -4.29199
      vertex -19.0118 10.9764 -1.43887
    endloop
  endfacet
  facet normal -0.889239 0.43851 -0.130242
    outer loop
      vertex -19.9348 8.25727 -4.29199
      vertex -20.2818 8.40101 -1.43887
      vertex -19.0118 10.9764 -1.43887
    endloop
  endfacet
  facet normal -0.938869 0.318687 -0.130242
    outer loop
      vertex -19.9348 8.25727 -4.29199
      vertex -20.842 5.58461 -4.29199
      vertex -20.2818 8.40101 -1.43887
    endloop
  endfacet
  facet normal -0.938853 0.318719 -0.130277
    outer loop
      vertex -20.842 5.58461 -4.29199
      vertex -21.2049 5.68183 -1.43887
      vertex -20.2818 8.40101 -1.43887
    endloop
  endfacet
  facet normal -0.972422 0.193451 -0.130278
    outer loop
      vertex -20.842 5.58461 -4.29199
      vertex -21.3927 2.8164 -4.29199
      vertex -21.2049 5.68183 -1.43887
    endloop
  endfacet
  facet normal -0.972431 0.193423 -0.130249
    outer loop
      vertex -21.3927 2.8164 -4.29199
      vertex -21.7651 2.86543 -1.43887
      vertex -21.2049 5.68183 -1.43887
    endloop
  endfacet
  facet normal -0.989358 0.0648472 -0.130249
    outer loop
      vertex -21.3927 2.8164 -4.29199
      vertex -21.5773 -0 -4.29199
      vertex -21.7651 2.86543 -1.43887
    endloop
  endfacet
  facet normal -0.989359 0.0648425 -0.130245
    outer loop
      vertex -21.5773 -0 -4.29199
      vertex -21.9529 -0 -1.43887
      vertex -21.7651 2.86543 -1.43887
    endloop
  endfacet
  facet normal -0.989359 -0.0648472 -0.130245
    outer loop
      vertex -21.5773 -0 -4.29199
      vertex -21.3927 -2.8164 -4.29199
      vertex -21.9529 -0 -1.43887
    endloop
  endfacet
  facet normal -0.989359 -0.0648425 -0.130249
    outer loop
      vertex -21.3927 -2.8164 -4.29199
      vertex -21.7651 -2.86543 -1.43887
      vertex -21.9529 -0 -1.43887
    endloop
  endfacet
  facet normal -0.972426 -0.193452 -0.130249
    outer loop
      vertex -21.3927 -2.8164 -4.29199
      vertex -20.842 -5.58461 -4.29199
      vertex -21.7651 -2.86543 -1.43887
    endloop
  endfacet
  facet normal -0.972428 -0.193422 -0.130278
    outer loop
      vertex -20.842 -5.58461 -4.29199
      vertex -21.2049 -5.68183 -1.43887
      vertex -21.7651 -2.86543 -1.43887
    endloop
  endfacet
  facet normal -0.938865 -0.318686 -0.130277
    outer loop
      vertex -20.842 -5.58461 -4.29199
      vertex -19.9348 -8.25727 -4.29199
      vertex -21.2049 -5.68183 -1.43887
    endloop
  endfacet
  facet normal -0.938858 -0.318721 -0.130242
    outer loop
      vertex -19.9348 -8.25727 -4.29199
      vertex -20.2818 -8.40101 -1.43887
      vertex -21.2049 -5.68183 -1.43887
    endloop
  endfacet
  facet normal -0.889235 -0.438517 -0.130242
    outer loop
      vertex -19.9348 -8.25727 -4.29199
      vertex -18.6865 -10.7886 -4.29199
      vertex -20.2818 -8.40101 -1.43887
    endloop
  endfacet
  facet normal -0.889238 -0.438509 -0.130251
    outer loop
      vertex -18.6865 -10.7886 -4.29199
      vertex -19.0118 -10.9764 -1.43887
      vertex -20.2818 -8.40101 -1.43887
    endloop
  endfacet
  facet normal -0.824383 -0.550842 -0.13025
    outer loop
      vertex -18.6865 -10.7886 -4.29199
      vertex -17.1184 -13.1354 -4.29199
      vertex -19.0118 -10.9764 -1.43887
    endloop
  endfacet
  facet normal -0.824387 -0.550834 -0.130259
    outer loop
      vertex -17.1184 -13.1354 -4.29199
      vertex -17.4164 -13.3641 -1.43887
      vertex -19.0118 -10.9764 -1.43887
    endloop
  endfacet
  facet normal -0.745424 -0.653739 -0.13026
    outer loop
      vertex -17.1184 -13.1354 -4.29199
      vertex -15.2574 -15.2574 -4.29199
      vertex -17.4164 -13.3641 -1.43887
    endloop
  endfacet
  facet normal -0.745419 -0.653748 -0.13025
    outer loop
      vertex -15.2574 -15.2574 -4.29199
      vertex -15.523 -15.523 -1.43887
      vertex -17.4164 -13.3641 -1.43887
    endloop
  endfacet
  facet normal -0.65374 -0.745425 -0.13025
    outer loop
      vertex -15.2574 -15.2574 -4.29199
      vertex -13.1354 -17.1184 -4.29199
      vertex -15.523 -15.523 -1.43887
    endloop
  endfacet
  facet normal -0.653747 -0.745418 -0.13026
    outer loop
      vertex -13.1354 -17.1184 -4.29199
      vertex -13.3641 -17.4164 -1.43887
      vertex -15.523 -15.523 -1.43887
    endloop
  endfacet
  facet normal -0.550841 -0.824383 -0.130259
    outer loop
      vertex -13.1354 -17.1184 -4.29199
      vertex -10.7886 -18.6865 -4.29199
      vertex -13.3641 -17.4164 -1.43887
    endloop
  endfacet
  facet normal -0.550835 -0.824388 -0.13025
    outer loop
      vertex -10.7886 -18.6865 -4.29199
      vertex -10.9764 -19.0118 -1.43887
      vertex -13.3641 -17.4164 -1.43887
    endloop
  endfacet
  facet normal -0.438517 -0.889234 -0.130251
    outer loop
      vertex -10.7886 -18.6865 -4.29199
      vertex -8.25727 -19.9348 -4.29199
      vertex -10.9764 -19.0118 -1.43887
    endloop
  endfacet
  facet normal -0.43851 -0.889239 -0.130242
    outer loop
      vertex -8.25727 -19.9348 -4.29199
      vertex -8.40101 -20.2818 -1.43887
      vertex -10.9764 -19.0118 -1.43887
    endloop
  endfacet
  facet normal -0.318687 -0.938869 -0.130242
    outer loop
      vertex -8.25727 -19.9348 -4.29199
      vertex -5.58461 -20.842 -4.29199
      vertex -8.40101 -20.2818 -1.43887
    endloop
  endfacet
  facet normal -0.318719 -0.938853 -0.130277
    outer loop
      vertex -5.58461 -20.842 -4.29199
      vertex -5.68183 -21.2049 -1.43887
      vertex -8.40101 -20.2818 -1.43887
    endloop
  endfacet
  facet normal -0.193451 -0.972422 -0.130278
    outer loop
      vertex -5.58461 -20.842 -4.29199
      vertex -2.8164 -21.3927 -4.29199
      vertex -5.68183 -21.2049 -1.43887
    endloop
  endfacet
  facet normal -0.193423 -0.972431 -0.130249
    outer loop
      vertex -2.8164 -21.3927 -4.29199
      vertex -2.86543 -21.7651 -1.43887
      vertex -5.68183 -21.2049 -1.43887
    endloop
  endfacet
  facet normal -0.0648472 -0.989358 -0.130249
    outer loop
      vertex -2.8164 -21.3927 -4.29199
      vertex -0 -21.5773 -4.29199
      vertex -2.86543 -21.7651 -1.43887
    endloop
  endfacet
  facet normal -0.0648425 -0.989359 -0.130245
    outer loop
      vertex -0 -21.5773 -4.29199
      vertex -0 -21.9529 -1.43887
      vertex -2.86543 -21.7651 -1.43887
    endloop
  endfacet
  facet normal 0.0648472 -0.989359 -0.130245
    outer loop
      vertex -0 -21.5773 -4.29199
      vertex 2.8164 -21.3927 -4.29199
      vertex -0 -21.9529 -1.43887
    endloop
  endfacet
  facet normal 0.0648425 -0.989359 -0.130249
    outer loop
      vertex 2.8164 -21.3927 -4.29199
      vertex 2.86543 -21.7651 -1.43887
      vertex -0 -21.9529 -1.43887
    endloop
  endfacet
  facet normal 0.193452 -0.972426 -0.130249
    outer loop
      vertex 2.8164 -21.3927 -4.29199
      vertex 5.58461 -20.842 -4.29199
      vertex 2.86543 -21.7651 -1.43887
    endloop
  endfacet
  facet normal 0.193422 -0.972428 -0.130278
    outer loop
      vertex 5.58461 -20.842 -4.29199
      vertex 5.68183 -21.2049 -1.43887
      vertex 2.86543 -21.7651 -1.43887
    endloop
  endfacet
  facet normal 0.318686 -0.938865 -0.130277
    outer loop
      vertex 5.58461 -20.842 -4.29199
      vertex 8.25727 -19.9348 -4.29199
      vertex 5.68183 -21.2049 -1.43887
    endloop
  endfacet
  facet normal 0.318721 -0.938858 -0.130242
    outer loop
      vertex 8.25727 -19.9348 -4.29199
      vertex 8.40101 -20.2818 -1.43887
      vertex 5.68183 -21.2049 -1.43887
    endloop
  endfacet
  facet normal 0.438517 -0.889235 -0.130242
    outer loop
      vertex 8.25727 -19.9348 -4.29199
      vertex 10.7886 -18.6865 -4.29199
      vertex 8.40101 -20.2818 -1.43887
    endloop
  endfacet
  facet normal 0.438509 -0.889238 -0.130251
    outer loop
      vertex 10.7886 -18.6865 -4.29199
      vertex 10.9764 -19.0118 -1.43887
      vertex 8.40101 -20.2818 -1.43887
    endloop
  endfacet
  facet normal 0.550842 -0.824383 -0.13025
    outer loop
      vertex 10.7886 -18.6865 -4.29199
      vertex 13.1354 -17.1184 -4.29199
      vertex 10.9764 -19.0118 -1.43887
    endloop
  endfacet
  facet normal 0.550834 -0.824387 -0.130259
    outer loop
      vertex 13.1354 -17.1184 -4.29199
      vertex 13.3641 -17.4164 -1.43887
      vertex 10.9764 -19.0118 -1.43887
    endloop
  endfacet
  facet normal 0.653739 -0.745424 -0.13026
    outer loop
      vertex 13.1354 -17.1184 -4.29199
      vertex 15.2574 -15.2574 -4.29199
      vertex 13.3641 -17.4164 -1.43887
    endloop
  endfacet
  facet normal 0.653748 -0.745419 -0.13025
    outer loop
      vertex 15.2574 -15.2574 -4.29199
      vertex 15.523 -15.523 -1.43887
      vertex 13.3641 -17.4164 -1.43887
    endloop
  endfacet
  facet normal 0.745425 -0.65374 -0.13025
    outer loop
      vertex 15.2574 -15.2574 -4.29199
      vertex 17.1184 -13.1354 -4.29199
      vertex 15.523 -15.523 -1.43887
    endloop
  endfacet
  facet normal 0.745418 -0.653747 -0.13026
    outer loop
      vertex 17.1184 -13.1354 -4.29199
      vertex 17.4164 -13.3641 -1.43887
      vertex 15.523 -15.523 -1.43887
    endloop
  endfacet
  facet normal 0.824383 -0.550841 -0.130259
    outer loop
      vertex 17.1184 -13.1354 -4.29199
      vertex 18.6865 -10.7886 -4.29199
      vertex 17.4164 -13.3641 -1.43887
    endloop
  endfacet
  facet normal 0.824388 -0.550835 -0.13025
    outer loop
      vertex 18.6865 -10.7886 -4.29199
      vertex 19.0118 -10.9764 -1.43887
      vertex 17.4164 -13.3641 -1.43887
    endloop
  endfacet
  facet normal 0.889234 -0.438517 -0.130251
    outer loop
      vertex 18.6865 -10.7886 -4.29199
      vertex 19.9348 -8.25727 -4.29199
      vertex 19.0118 -10.9764 -1.43887
    endloop
  endfacet
  facet normal 0.889239 -0.43851 -0.130242
    outer loop
      vertex 19.9348 -8.25727 -4.29199
      vertex 20.2818 -8.40101 -1.43887
      vertex 19.0118 -10.9764 -1.43887
    endloop
  endfacet
  facet normal 0.938869 -0.318687 -0.130242
    outer loop
      vertex 19.9348 -8.25727 -4.29199
      vertex 20.842 -5.58461 -4.29199
      vertex 20.2818 -8.40101 -1.43887
    endloop
  endfacet
  facet normal 0.938853 -0.318719 -0.130277
    outer loop
      vertex 20.842 -5.58461 -4.29199
      vertex 21.2049 -5.68183 -1.43887
      vertex 20.2818 -8.40101 -1.43887
    endloop
  endfacet
  facet normal 0.972422 -0.193451 -0.130278
    outer loop
      vertex 20.842 -5.58461 -4.29199
      vertex 21.3927 -2.8164 -4.29199
      vertex 21.2049 -5.68183 -1.43887
    endloop
  endfacet
  facet normal 0.972431 -0.193423 -0.130249
    outer loop
      vertex 21.3927 -2.8164 -4.29199
      vertex 21.7651 -2.86543 -1.43887
      vertex 21.2049 -5.68183 -1.43887
    endloop
  endfacet
  facet normal 0.989358 -0.0648472 -0.130249
    outer loop
      vertex 21.3927 -2.8164 -4.29199
      vertex 21.5773 0 -4.29199
      vertex 21.7651 -2.86543 -1.43887
    endloop
  endfacet
  facet normal 0.989359 -0.0648425 -0.130245
    outer loop
      vertex 21.5773 0 -4.29199
      vertex 21.9529 0 -1.43887
      vertex 21.7651 -2.86543 -1.43887
    endloop
  endfacet
  facet normal 0.963995 0.0632104 -0.258297
    outer loop
      vertex 20.8325 0 -7.07167
      vertex 20.6542 2.71918 -7.07167
      vertex 21.5773 0 -4.29199
    endloop
  endfacet
  facet normal 0.963991 0.0631844 -0.258321
    outer loop
      vertex 20.6542 2.71918 -7.07167
      vertex 21.3927 2.8164 -4.29199
      vertex 21.5773 0 -4.29199
    endloop
  endfacet
  facet normal 0.947498 0.18846 -0.258321
    outer loop
      vertex 20.6542 2.71918 -7.07167
      vertex 20.1226 5.39184 -7.07167
      vertex 21.3927 2.8164 -4.29199
    endloop
  endfacet
  facet normal 0.9475 0.188493 -0.258291
    outer loop
      vertex 20.1226 5.39184 -7.07167
      vertex 20.842 5.58461 -4.29199
      vertex 21.3927 2.8164 -4.29199
    endloop
  endfacet
  facet normal 0.914801 0.310523 -0.258291
    outer loop
      vertex 20.1226 5.39184 -7.07167
      vertex 19.2467 7.97224 -7.07167
      vertex 20.842 5.58461 -4.29199
    endloop
  endfacet
  facet normal 0.914801 0.310518 -0.258297
    outer loop
      vertex 19.2467 7.97224 -7.07167
      vertex 19.9348 8.25727 -4.29199
      vertex 20.842 5.58461 -4.29199
    endloop
  endfacet
  facet normal 0.866428 0.427301 -0.258297
    outer loop
      vertex 19.2467 7.97224 -7.07167
      vertex 18.0414 10.4162 -7.07167
      vertex 19.9348 8.25727 -4.29199
    endloop
  endfacet
  facet normal 0.866434 0.427273 -0.258322
    outer loop
      vertex 18.0414 10.4162 -7.07167
      vertex 18.6865 10.7886 -4.29199
      vertex 19.9348 8.25727 -4.29199
    endloop
  endfacet
  facet normal 0.803259 0.536699 -0.258321
    outer loop
      vertex 18.0414 10.4162 -7.07167
      vertex 16.5275 12.682 -7.07167
      vertex 18.6865 10.7886 -4.29199
    endloop
  endfacet
  facet normal 0.803251 0.536721 -0.2583
    outer loop
      vertex 16.5275 12.682 -7.07167
      vertex 17.1184 13.1354 -4.29199
      vertex 18.6865 10.7886 -4.29199
    endloop
  endfacet
  facet normal 0.726335 0.636961 -0.258299
    outer loop
      vertex 16.5275 12.682 -7.07167
      vertex 14.7308 14.7308 -7.07167
      vertex 17.1184 13.1354 -4.29199
    endloop
  endfacet
  facet normal 0.726322 0.636986 -0.258274
    outer loop
      vertex 14.7308 14.7308 -7.07167
      vertex 15.2574 15.2574 -4.29199
      vertex 17.1184 13.1354 -4.29199
    endloop
  endfacet
  facet normal 0.636966 0.72634 -0.258273
    outer loop
      vertex 14.7308 14.7308 -7.07167
      vertex 12.682 16.5275 -7.07167
      vertex 15.2574 15.2574 -4.29199
    endloop
  endfacet
  facet normal 0.636982 0.726317 -0.258299
    outer loop
      vertex 12.682 16.5275 -7.07167
      vertex 13.1354 17.1184 -4.29199
      vertex 15.2574 15.2574 -4.29199
    endloop
  endfacet
  facet normal 0.536702 0.803263 -0.258299
    outer loop
      vertex 12.682 16.5275 -7.07167
      vertex 10.4162 18.0414 -7.07167
      vertex 13.1354 17.1184 -4.29199
    endloop
  endfacet
  facet normal 0.536718 0.803246 -0.25832
    outer loop
      vertex 10.4162 18.0414 -7.07167
      vertex 10.7886 18.6865 -4.29199
      vertex 13.1354 17.1184 -4.29199
    endloop
  endfacet
  facet normal 0.427297 0.866422 -0.258323
    outer loop
      vertex 10.4162 18.0414 -7.07167
      vertex 7.97224 19.2467 -7.07167
      vertex 10.7886 18.6865 -4.29199
    endloop
  endfacet
  facet normal 0.427276 0.86644 -0.258297
    outer loop
      vertex 7.97224 19.2467 -7.07167
      vertex 8.25727 19.9348 -4.29199
      vertex 10.7886 18.6865 -4.29199
    endloop
  endfacet
  facet normal 0.310523 0.9148 -0.258297
    outer loop
      vertex 7.97224 19.2467 -7.07167
      vertex 5.39184 20.1226 -7.07167
      vertex 8.25727 19.9348 -4.29199
    endloop
  endfacet
  facet normal 0.310518 0.914803 -0.258291
    outer loop
      vertex 5.39184 20.1226 -7.07167
      vertex 5.58461 20.842 -4.29199
      vertex 8.25727 19.9348 -4.29199
    endloop
  endfacet
  facet normal 0.188462 0.947506 -0.258291
    outer loop
      vertex 5.39184 20.1226 -7.07167
      vertex 2.71918 20.6542 -7.07167
      vertex 5.58461 20.842 -4.29199
    endloop
  endfacet
  facet normal 0.188491 0.947492 -0.25832
    outer loop
      vertex 2.71918 20.6542 -7.07167
      vertex 2.8164 21.3927 -4.29199
      vertex 5.58461 20.842 -4.29199
    endloop
  endfacet
  facet normal 0.0632099 0.963989 -0.258321
    outer loop
      vertex 2.71918 20.6542 -7.07167
      vertex 0 20.8325 -7.07167
      vertex 2.8164 21.3927 -4.29199
    endloop
  endfacet
  facet normal 0.0631849 0.963997 -0.258298
    outer loop
      vertex 0 20.8325 -7.07167
      vertex 0 21.5773 -4.29199
      vertex 2.8164 21.3927 -4.29199
    endloop
  endfacet
  facet normal -0.0632104 0.963995 -0.258297
    outer loop
      vertex 0 20.8325 -7.07167
      vertex -2.71918 20.6542 -7.07167
      vertex 0 21.5773 -4.29199
    endloop
  endfacet
  facet normal -0.0631844 0.963991 -0.258321
    outer loop
      vertex -2.71918 20.6542 -7.07167
      vertex -2.8164 21.3927 -4.29199
      vertex 0 21.5773 -4.29199
    endloop
  endfacet
  facet normal -0.18846 0.947498 -0.258321
    outer loop
      vertex -2.71918 20.6542 -7.07167
      vertex -5.39184 20.1226 -7.07167
      vertex -2.8164 21.3927 -4.29199
    endloop
  endfacet
  facet normal -0.188493 0.9475 -0.258291
    outer loop
      vertex -5.39184 20.1226 -7.07167
      vertex -5.58461 20.842 -4.29199
      vertex -2.8164 21.3927 -4.29199
    endloop
  endfacet
  facet normal -0.310523 0.914801 -0.258291
    outer loop
      vertex -5.39184 20.1226 -7.07167
      vertex -7.97224 19.2467 -7.07167
      vertex -5.58461 20.842 -4.29199
    endloop
  endfacet
  facet normal -0.310518 0.914801 -0.258297
    outer loop
      vertex -7.97224 19.2467 -7.07167
      vertex -8.25727 19.9348 -4.29199
      vertex -5.58461 20.842 -4.29199
    endloop
  endfacet
  facet normal -0.427301 0.866428 -0.258297
    outer loop
      vertex -7.97224 19.2467 -7.07167
      vertex -10.4162 18.0414 -7.07167
      vertex -8.25727 19.9348 -4.29199
    endloop
  endfacet
  facet normal -0.427273 0.866434 -0.258322
    outer loop
      vertex -10.4162 18.0414 -7.07167
      vertex -10.7886 18.6865 -4.29199
      vertex -8.25727 19.9348 -4.29199
    endloop
  endfacet
  facet normal -0.536699 0.803259 -0.258321
    outer loop
      vertex -10.4162 18.0414 -7.07167
      vertex -12.682 16.5275 -7.07167
      vertex -10.7886 18.6865 -4.29199
    endloop
  endfacet
  facet normal -0.536721 0.803251 -0.2583
    outer loop
      vertex -12.682 16.5275 -7.07167
      vertex -13.1354 17.1184 -4.29199
      vertex -10.7886 18.6865 -4.29199
    endloop
  endfacet
  facet normal -0.636961 0.726335 -0.258299
    outer loop
      vertex -12.682 16.5275 -7.07167
      vertex -14.7308 14.7308 -7.07167
      vertex -13.1354 17.1184 -4.29199
    endloop
  endfacet
  facet normal -0.636986 0.726322 -0.258274
    outer loop
      vertex -14.7308 14.7308 -7.07167
      vertex -15.2574 15.2574 -4.29199
      vertex -13.1354 17.1184 -4.29199
    endloop
  endfacet
  facet normal -0.72634 0.636966 -0.258273
    outer loop
      vertex -14.7308 14.7308 -7.07167
      vertex -16.5275 12.682 -7.07167
      vertex -15.2574 15.2574 -4.29199
    endloop
  endfacet
  facet normal -0.726317 0.636982 -0.258299
    outer loop
      vertex -16.5275 12.682 -7.07167
      vertex -17.1184 13.1354 -4.29199
      vertex -15.2574 15.2574 -4.29199
    endloop
  endfacet
  facet normal -0.803263 0.536702 -0.258299
    outer loop
      vertex -16.5275 12.682 -7.07167
      vertex -18.0414 10.4162 -7.07167
      vertex -17.1184 13.1354 -4.29199
    endloop
  endfacet
  facet normal -0.803246 0.536718 -0.25832
    outer loop
      vertex -18.0414 10.4162 -7.07167
      vertex -18.6865 10.7886 -4.29199
      vertex -17.1184 13.1354 -4.29199
    endloop
  endfacet
  facet normal -0.866422 0.427297 -0.258323
    outer loop
      vertex -18.0414 10.4162 -7.07167
      vertex -19.2467 7.97224 -7.07167
      vertex -18.6865 10.7886 -4.29199
    endloop
  endfacet
  facet normal -0.86644 0.427276 -0.258297
    outer loop
      vertex -19.2467 7.97224 -7.07167
      vertex -19.9348 8.25727 -4.29199
      vertex -18.6865 10.7886 -4.29199
    endloop
  endfacet
  facet normal -0.9148 0.310523 -0.258297
    outer loop
      vertex -19.2467 7.97224 -7.07167
      vertex -20.1226 5.39184 -7.07167
      vertex -19.9348 8.25727 -4.29199
    endloop
  endfacet
  facet normal -0.914803 0.310518 -0.258291
    outer loop
      vertex -20.1226 5.39184 -7.07167
      vertex -20.842 5.58461 -4.29199
      vertex -19.9348 8.25727 -4.29199
    endloop
  endfacet
  facet normal -0.947506 0.188462 -0.258291
    outer loop
      vertex -20.1226 5.39184 -7.07167
      vertex -20.6542 2.71918 -7.07167
      vertex -20.842 5.58461 -4.29199
    endloop
  endfacet
  facet normal -0.947492 0.188491 -0.25832
    outer loop
      vertex -20.6542 2.71918 -7.07167
      vertex -21.3927 2.8164 -4.29199
      vertex -20.842 5.58461 -4.29199
    endloop
  endfacet
  facet normal -0.963989 0.0632099 -0.258321
    outer loop
      vertex -20.6542 2.71918 -7.07167
      vertex -20.8325 -0 -7.07167
      vertex -21.3927 2.8164 -4.29199
    endloop
  endfacet
  facet normal -0.963997 0.0631849 -0.258298
    outer loop
      vertex -20.8325 -0 -7.07167
      vertex -21.5773 -0 -4.29199
      vertex -21.3927 2.8164 -4.29199
    endloop
  endfacet
  facet normal -0.963995 -0.0632104 -0.258297
    outer loop
      vertex -20.8325 -0 -7.07167
      vertex -20.6542 -2.71918 -7.07167
      vertex -21.5773 -0 -4.29199
    endloop
  endfacet
  facet normal -0.963991 -0.0631844 -0.258321
    outer loop
      vertex -20.6542 -2.71918 -7.07167
      vertex -21.3927 -2.8164 -4.29199
      vertex -21.5773 -0 -4.29199
    endloop
  endfacet
  facet normal -0.947498 -0.18846 -0.258321
    outer loop
      vertex -20.6542 -2.71918 -7.07167
      vertex -20.1226 -5.39184 -7.07167
      vertex -21.3927 -2.8164 -4.29199
    endloop
  endfacet
  facet normal -0.9475 -0.188493 -0.258291
    outer loop
      vertex -20.1226 -5.39184 -7.07167
      vertex -20.842 -5.58461 -4.29199
      vertex -21.3927 -2.8164 -4.29199
    endloop
  endfacet
  facet normal -0.914801 -0.310523 -0.258291
    outer loop
      vertex -20.1226 -5.39184 -7.07167
      vertex -19.2467 -7.97224 -7.07167
      vertex -20.842 -5.58461 -4.29199
    endloop
  endfacet
  facet normal -0.914801 -0.310518 -0.258297
    outer loop
      vertex -19.2467 -7.97224 -7.07167
      vertex -19.9348 -8.25727 -4.29199
      vertex -20.842 -5.58461 -4.29199
    endloop
  endfacet
  facet normal -0.866428 -0.427301 -0.258297
    outer loop
      vertex -19.2467 -7.97224 -7.07167
      vertex -18.0414 -10.4162 -7.07167
      vertex -19.9348 -8.25727 -4.29199
    endloop
  endfacet
  facet normal -0.866434 -0.427273 -0.258322
    outer loop
      vertex -18.0414 -10.4162 -7.07167
      vertex -18.6865 -10.7886 -4.29199
      vertex -19.9348 -8.25727 -4.29199
    endloop
  endfacet
  facet normal -0.803259 -0.536699 -0.258321
    outer loop
      vertex -18.0414 -10.4162 -7.07167
      vertex -16.5275 -12.682 -7.07167
      vertex -18.6865 -10.7886 -4.29199
    endloop
  endfacet
  facet normal -0.803251 -0.536721 -0.2583
    outer loop
      vertex -16.5275 -12.682 -7.07167
      vertex -17.1184 -13.1354 -4.29199
      vertex -18.6865 -10.7886 -4.29199
    endloop
  endfacet
  facet normal -0.726335 -0.636961 -0.258299
    outer loop
      vertex -16.5275 -12.682 -7.07167
      vertex -14.7308 -14.7308 -7.07167
      vertex -17.1184 -13.1354 -4.29199
    endloop
  endfacet
  facet normal -0.726322 -0.636986 -0.258274
    outer loop
      vertex -14.7308 -14.7308 -7.07167
      vertex -15.2574 -15.2574 -4.29199
      vertex -17.1184 -13.1354 -4.29199
    endloop
  endfacet
  facet normal -0.636966 -0.72634 -0.258273
    outer loop
      vertex -14.7308 -14.7308 -7.07167
      vertex -12.682 -16.5275 -7.07167
      vertex -15.2574 -15.2574 -4.29199
    endloop
  endfacet
  facet normal -0.636982 -0.726317 -0.258299
    outer loop
      vertex -12.682 -16.5275 -7.07167
      vertex -13.1354 -17.1184 -4.29199
      vertex -15.2574 -15.2574 -4.29199
    endloop
  endfacet
  facet normal -0.536702 -0.803263 -0.258299
    outer loop
      vertex -12.682 -16.5275 -7.07167
      vertex -10.4162 -18.0414 -7.07167
      vertex -13.1354 -17.1184 -4.29199
    endloop
  endfacet
  facet normal -0.536718 -0.803246 -0.25832
    outer loop
      vertex -10.4162 -18.0414 -7.07167
      vertex -10.7886 -18.6865 -4.29199
      vertex -13.1354 -17.1184 -4.29199
    endloop
  endfacet
  facet normal -0.427297 -0.866422 -0.258323
    outer loop
      vertex -10.4162 -18.0414 -7.07167
      vertex -7.97224 -19.2467 -7.07167
      vertex -10.7886 -18.6865 -4.29199
    endloop
  endfacet
  facet normal -0.427276 -0.86644 -0.258297
    outer loop
      vertex -7.97224 -19.2467 -7.07167
      vertex -8.25727 -19.9348 -4.29199
      vertex -10.7886 -18.6865 -4.29199
    endloop
  endfacet
  facet normal -0.310523 -0.9148 -0.258297
    outer loop
      vertex -7.97224 -19.2467 -7.07167
      vertex -5.39184 -20.1226 -7.07167
      vertex -8.25727 -19.9348 -4.29199
    endloop
  endfacet
  facet normal -0.310518 -0.914803 -0.258291
    outer loop
      vertex -5.39184 -20.1226 -7.07167
      vertex -5.58461 -20.842 -4.29199
      vertex -8.25727 -19.9348 -4.29199
    endloop
  endfacet
  facet normal -0.188462 -0.947506 -0.258291
    outer loop
      vertex -5.39184 -20.1226 -7.07167
      vertex -2.71918 -20.6542 -7.07167
      vertex -5.58461 -20.842 -4.29199
    endloop
  endfacet
  facet normal -0.188491 -0.947492 -0.25832
    outer loop
      vertex -2.71918 -20.6542 -7.07167
      vertex -2.8164 -21.3927 -4.29199
      vertex -5.58461 -20.842 -4.29199
    endloop
  endfacet
  facet normal -0.0632099 -0.963989 -0.258321
    outer loop
      vertex -2.71918 -20.6542 -7.07167
      vertex -0 -20.8325 -7.07167
      vertex -2.8164 -21.3927 -4.29199
    endloop
  endfacet
  facet normal -0.0631849 -0.963997 -0.258298
    outer loop
      vertex -0 -20.8325 -7.07167
      vertex -0 -21.5773 -4.29199
      vertex -2.8164 -21.3927 -4.29199
    endloop
  endfacet
  facet normal 0.0632104 -0.963995 -0.258297
    outer loop
      vertex -0 -20.8325 -7.07167
      vertex 2.71918 -20.6542 -7.07167
      vertex -0 -21.5773 -4.29199
    endloop
  endfacet
  facet normal 0.0631844 -0.963991 -0.258321
    outer loop
      vertex 2.71918 -20.6542 -7.07167
      vertex 2.8164 -21.3927 -4.29199
      vertex -0 -21.5773 -4.29199
    endloop
  endfacet
  facet normal 0.18846 -0.947498 -0.258321
    outer loop
      vertex 2.71918 -20.6542 -7.07167
      vertex 5.39184 -20.1226 -7.07167
      vertex 2.8164 -21.3927 -4.29199
    endloop
  endfacet
  facet normal 0.188493 -0.9475 -0.258291
    outer loop
      vertex 5.39184 -20.1226 -7.07167
      vertex 5.58461 -20.842 -4.29199
      vertex 2.8164 -21.3927 -4.29199
    endloop
  endfacet
  facet normal 0.310523 -0.914801 -0.258291
    outer loop
      vertex 5.39184 -20.1226 -7.07167
      vertex 7.97224 -19.2467 -7.07167
      vertex 5.58461 -20.842 -4.29199
    endloop
  endfacet
  facet normal 0.310518 -0.914801 -0.258297
    outer loop
      vertex 7.97224 -19.2467 -7.07167
      vertex 8.25727 -19.9348 -4.29199
      vertex 5.58461 -20.842 -4.29199
    endloop
  endfacet
  facet normal 0.427301 -0.866428 -0.258297
    outer loop
      vertex 7.97224 -19.2467 -7.07167
      vertex 10.4162 -18.0414 -7.07167
      vertex 8.25727 -19.9348 -4.29199
    endloop
  endfacet
  facet normal 0.427273 -0.866434 -0.258322
    outer loop
      vertex 10.4162 -18.0414 -7.07167
      vertex 10.7886 -18.6865 -4.29199
      vertex 8.25727 -19.9348 -4.29199
    endloop
  endfacet
  facet normal 0.536699 -0.803259 -0.258321
    outer loop
      vertex 10.4162 -18.0414 -7.07167
      vertex 12.682 -16.5275 -7.07167
      vertex 10.7886 -18.6865 -4.29199
    endloop
  endfacet
  facet normal 0.536721 -0.803251 -0.2583
    outer loop
      vertex 12.682 -16.5275 -7.07167
      vertex 13.1354 -17.1184 -4.29199
      vertex 10.7886 -18.6865 -4.29199
    endloop
  endfacet
  facet normal 0.636961 -0.726335 -0.258299
    outer loop
      vertex 12.682 -16.5275 -7.07167
      vertex 14.7308 -14.7308 -7.07167
      vertex 13.1354 -17.1184 -4.29199
    endloop
  endfacet
  facet normal 0.636986 -0.726322 -0.258274
    outer loop
      vertex 14.7308 -14.7308 -7.07167
      vertex 15.2574 -15.2574 -4.29199
      vertex 13.1354 -17.1184 -4.29199
    endloop
  endfacet
  facet normal 0.72634 -0.636966 -0.258273
    outer loop
      vertex 14.7308 -14.7308 -7.07167
      vertex 16.5275 -12.682 -7.07167
      vertex 15.2574 -15.2574 -4.29199
    endloop
  endfacet
  facet normal 0.726317 -0.636982 -0.258299
    outer loop
      vertex 16.5275 -12.682 -7.07167
      vertex 17.1184 -13.1354 -4.29199
      vertex 15.2574 -15.2574 -4.29199
    endloop
  endfacet
  facet normal 0.803263 -0.536702 -0.258299
    outer loop
      vertex 16.5275 -12.682 -7.07167
      vertex 18.0414 -10.4162 -7.07167
      vertex 17.1184 -13.1354 -4.29199
    endloop
  endfacet
  facet normal 0.803246 -0.536718 -0.25832
    outer loop
      vertex 18.0414 -10.4162 -7.07167
      vertex 18.6865 -10.7886 -4.29199
      vertex 17.1184 -13.1354 -4.29199
    endloop
  endfacet
  facet normal 0.866422 -0.427297 -0.258323
    outer loop
      vertex 18.0414 -10.4162 -7.07167
      vertex 19.2467 -7.97224 -7.07167
      vertex 18.6865 -10.7886 -4.29199
    endloop
  endfacet
  facet normal 0.86644 -0.427276 -0.258297
    outer loop
      vertex 19.2467 -7.97224 -7.07167
      vertex 19.9348 -8.25727 -4.29199
      vertex 18.6865 -10.7886 -4.29199
    endloop
  endfacet
  facet normal 0.9148 -0.310523 -0.258297
    outer loop
      vertex 19.2467 -7.97224 -7.07167
      vertex 20.1226 -5.39184 -7.07167
      vertex 19.9348 -8.25727 -4.29199
    endloop
  endfacet
  facet normal 0.914803 -0.310518 -0.258291
    outer loop
      vertex 20.1226 -5.39184 -7.07167
      vertex 20.842 -5.58461 -4.29199
      vertex 19.9348 -8.25727 -4.29199
    endloop
  endfacet
  facet normal 0.947506 -0.188462 -0.258291
    outer loop
      vertex 20.1226 -5.39184 -7.07167
      vertex 20.6542 -2.71918 -7.07167
      vertex 20.842 -5.58461 -4.29199
    endloop
  endfacet
  facet normal 0.947492 -0.188491 -0.25832
    outer loop
      vertex 20.6542 -2.71918 -7.07167
      vertex 21.3927 -2.8164 -4.29199
      vertex 20.842 -5.58461 -4.29199
    endloop
  endfacet
  facet normal 0.963989 -0.0632099 -0.258321
    outer loop
      vertex 20.6542 -2.71918 -7.07167
      vertex 20.8325 0 -7.07167
      vertex 21.3927 -2.8164 -4.29199
    endloop
  endfacet
  facet normal 0.963997 -0.0631849 -0.258298
    outer loop
      vertex 20.8325 0 -7.07167
      vertex 21.5773 0 -4.29199
      vertex 21.3927 -2.8164 -4.29199
    endloop
  endfacet
  facet normal 0.922186 0.0604421 -0.381995
    outer loop
      vertex 19.7312 0 -9.73035
      vertex 19.5624 2.57544 -9.73035
      vertex 20.8325 0 -7.07167
    endloop
  endfacet
  facet normal 0.922193 0.0604694 -0.381972
    outer loop
      vertex 19.5624 2.57544 -9.73035
      vertex 20.6542 2.71918 -7.07167
      vertex 20.8325 0 -7.07167
    endloop
  endfacet
  facet normal 0.906418 0.18029 -0.381972
    outer loop
      vertex 19.5624 2.57544 -9.73035
      vertex 19.0589 5.10681 -9.73035
      vertex 20.6542 2.71918 -7.07167
    endloop
  endfacet
  facet normal 0.906417 0.180289 -0.381973
    outer loop
      vertex 19.0589 5.10681 -9.73035
      vertex 20.1226 5.39184 -7.07167
      vertex 20.6542 2.71918 -7.07167
    endloop
  endfacet
  facet normal 0.87513 0.297058 -0.381974
    outer loop
      vertex 19.0589 5.10681 -9.73035
      vertex 18.2293 7.5508 -9.73035
      vertex 20.1226 5.39184 -7.07167
    endloop
  endfacet
  facet normal 0.87513 0.297057 -0.381975
    outer loop
      vertex 18.2293 7.5508 -9.73035
      vertex 19.2467 7.97224 -7.07167
      vertex 20.1226 5.39184 -7.07167
    endloop
  endfacet
  facet normal 0.828856 0.40877 -0.381975
    outer loop
      vertex 18.2293 7.5508 -9.73035
      vertex 17.0877 9.8656 -9.73035
      vertex 19.2467 7.97224 -7.07167
    endloop
  endfacet
  facet normal 0.828856 0.408771 -0.381975
    outer loop
      vertex 17.0877 9.8656 -9.73035
      vertex 18.0414 10.4162 -7.07167
      vertex 19.2467 7.97224 -7.07167
    endloop
  endfacet
  facet normal 0.768424 0.51344 -0.381974
    outer loop
      vertex 17.0877 9.8656 -9.73035
      vertex 15.6538 12.0116 -9.73035
      vertex 18.0414 10.4162 -7.07167
    endloop
  endfacet
  facet normal 0.768427 0.513427 -0.381985
    outer loop
      vertex 15.6538 12.0116 -9.73035
      vertex 16.5275 12.682 -7.07167
      vertex 18.0414 10.4162 -7.07167
    endloop
  endfacet
  facet normal 0.694839 0.609332 -0.381986
    outer loop
      vertex 15.6538 12.0116 -9.73035
      vertex 13.9521 13.9521 -9.73035
      vertex 16.5275 12.682 -7.07167
    endloop
  endfacet
  facet normal 0.694837 0.609339 -0.38198
    outer loop
      vertex 13.9521 13.9521 -9.73035
      vertex 14.7308 14.7308 -7.07167
      vertex 16.5275 12.682 -7.07167
    endloop
  endfacet
  facet normal 0.609333 0.694841 -0.381979
    outer loop
      vertex 13.9521 13.9521 -9.73035
      vertex 12.0116 15.6538 -9.73035
      vertex 14.7308 14.7308 -7.07167
    endloop
  endfacet
  facet normal 0.609337 0.694835 -0.381985
    outer loop
      vertex 12.0116 15.6538 -9.73035
      vertex 12.682 16.5275 -7.07167
      vertex 14.7308 14.7308 -7.07167
    endloop
  endfacet
  facet normal 0.513438 0.76842 -0.381985
    outer loop
      vertex 12.0116 15.6538 -9.73035
      vertex 9.8656 17.0877 -9.73035
      vertex 12.682 16.5275 -7.07167
    endloop
  endfacet
  facet normal 0.513429 0.768431 -0.381974
    outer loop
      vertex 9.8656 17.0877 -9.73035
      vertex 10.4162 18.0414 -7.07167
      vertex 12.682 16.5275 -7.07167
    endloop
  endfacet
  facet normal 0.40877 0.828856 -0.381975
    outer loop
      vertex 9.8656 17.0877 -9.73035
      vertex 7.5508 18.2293 -9.73035
      vertex 10.4162 18.0414 -7.07167
    endloop
  endfacet
  facet normal 0.408771 0.828855 -0.381975
    outer loop
      vertex 7.5508 18.2293 -9.73035
      vertex 7.97224 19.2467 -7.07167
      vertex 10.4162 18.0414 -7.07167
    endloop
  endfacet
  facet normal 0.297058 0.875129 -0.381975
    outer loop
      vertex 7.5508 18.2293 -9.73035
      vertex 5.10681 19.0589 -9.73035
      vertex 7.97224 19.2467 -7.07167
    endloop
  endfacet
  facet normal 0.297057 0.87513 -0.381974
    outer loop
      vertex 5.10681 19.0589 -9.73035
      vertex 5.39184 20.1226 -7.07167
      vertex 7.97224 19.2467 -7.07167
    endloop
  endfacet
  facet normal 0.18029 0.906417 -0.381973
    outer loop
      vertex 5.10681 19.0589 -9.73035
      vertex 2.57544 19.5624 -9.73035
      vertex 5.39184 20.1226 -7.07167
    endloop
  endfacet
  facet normal 0.180289 0.906418 -0.381972
    outer loop
      vertex 2.57544 19.5624 -9.73035
      vertex 2.71918 20.6542 -7.07167
      vertex 5.39184 20.1226 -7.07167
    endloop
  endfacet
  facet normal 0.0604427 0.922195 -0.381972
    outer loop
      vertex 2.57544 19.5624 -9.73035
      vertex 0 19.7312 -9.73035
      vertex 2.71918 20.6542 -7.07167
    endloop
  endfacet
  facet normal 0.0604688 0.922184 -0.381995
    outer loop
      vertex 0 19.7312 -9.73035
      vertex 0 20.8325 -7.07167
      vertex 2.71918 20.6542 -7.07167
    endloop
  endfacet
  facet normal -0.0604421 0.922186 -0.381995
    outer loop
      vertex 0 19.7312 -9.73035
      vertex -2.57544 19.5624 -9.73035
      vertex 0 20.8325 -7.07167
    endloop
  endfacet
  facet normal -0.0604694 0.922193 -0.381972
    outer loop
      vertex -2.57544 19.5624 -9.73035
      vertex -2.71918 20.6542 -7.07167
      vertex 0 20.8325 -7.07167
    endloop
  endfacet
  facet normal -0.18029 0.906418 -0.381972
    outer loop
      vertex -2.57544 19.5624 -9.73035
      vertex -5.10681 19.0589 -9.73035
      vertex -2.71918 20.6542 -7.07167
    endloop
  endfacet
  facet normal -0.180289 0.906417 -0.381973
    outer loop
      vertex -5.10681 19.0589 -9.73035
      vertex -5.39184 20.1226 -7.07167
      vertex -2.71918 20.6542 -7.07167
    endloop
  endfacet
  facet normal -0.297058 0.87513 -0.381974
    outer loop
      vertex -5.10681 19.0589 -9.73035
      vertex -7.5508 18.2293 -9.73035
      vertex -5.39184 20.1226 -7.07167
    endloop
  endfacet
  facet normal -0.297057 0.87513 -0.381975
    outer loop
      vertex -7.5508 18.2293 -9.73035
      vertex -7.97224 19.2467 -7.07167
      vertex -5.39184 20.1226 -7.07167
    endloop
  endfacet
  facet normal -0.40877 0.828856 -0.381975
    outer loop
      vertex -7.5508 18.2293 -9.73035
      vertex -9.8656 17.0877 -9.73035
      vertex -7.97224 19.2467 -7.07167
    endloop
  endfacet
  facet normal -0.408771 0.828856 -0.381975
    outer loop
      vertex -9.8656 17.0877 -9.73035
      vertex -10.4162 18.0414 -7.07167
      vertex -7.97224 19.2467 -7.07167
    endloop
  endfacet
  facet normal -0.51344 0.768424 -0.381974
    outer loop
      vertex -9.8656 17.0877 -9.73035
      vertex -12.0116 15.6538 -9.73035
      vertex -10.4162 18.0414 -7.07167
    endloop
  endfacet
  facet normal -0.513427 0.768427 -0.381985
    outer loop
      vertex -12.0116 15.6538 -9.73035
      vertex -12.682 16.5275 -7.07167
      vertex -10.4162 18.0414 -7.07167
    endloop
  endfacet
  facet normal -0.609332 0.694839 -0.381986
    outer loop
      vertex -12.0116 15.6538 -9.73035
      vertex -13.9521 13.9521 -9.73035
      vertex -12.682 16.5275 -7.07167
    endloop
  endfacet
  facet normal -0.609339 0.694837 -0.38198
    outer loop
      vertex -13.9521 13.9521 -9.73035
      vertex -14.7308 14.7308 -7.07167
      vertex -12.682 16.5275 -7.07167
    endloop
  endfacet
  facet normal -0.694841 0.609333 -0.381979
    outer loop
      vertex -13.9521 13.9521 -9.73035
      vertex -15.6538 12.0116 -9.73035
      vertex -14.7308 14.7308 -7.07167
    endloop
  endfacet
  facet normal -0.694835 0.609337 -0.381985
    outer loop
      vertex -15.6538 12.0116 -9.73035
      vertex -16.5275 12.682 -7.07167
      vertex -14.7308 14.7308 -7.07167
    endloop
  endfacet
  facet normal -0.76842 0.513438 -0.381985
    outer loop
      vertex -15.6538 12.0116 -9.73035
      vertex -17.0877 9.8656 -9.73035
      vertex -16.5275 12.682 -7.07167
    endloop
  endfacet
  facet normal -0.768431 0.513429 -0.381974
    outer loop
      vertex -17.0877 9.8656 -9.73035
      vertex -18.0414 10.4162 -7.07167
      vertex -16.5275 12.682 -7.07167
    endloop
  endfacet
  facet normal -0.828856 0.40877 -0.381975
    outer loop
      vertex -17.0877 9.8656 -9.73035
      vertex -18.2293 7.5508 -9.73035
      vertex -18.0414 10.4162 -7.07167
    endloop
  endfacet
  facet normal -0.828855 0.408771 -0.381975
    outer loop
      vertex -18.2293 7.5508 -9.73035
      vertex -19.2467 7.97224 -7.07167
      vertex -18.0414 10.4162 -7.07167
    endloop
  endfacet
  facet normal -0.875129 0.297058 -0.381975
    outer loop
      vertex -18.2293 7.5508 -9.73035
      vertex -19.0589 5.10681 -9.73035
      vertex -19.2467 7.97224 -7.07167
    endloop
  endfacet
  facet normal -0.87513 0.297057 -0.381974
    outer loop
      vertex -19.0589 5.10681 -9.73035
      vertex -20.1226 5.39184 -7.07167
      vertex -19.2467 7.97224 -7.07167
    endloop
  endfacet
  facet normal -0.906417 0.18029 -0.381973
    outer loop
      vertex -19.0589 5.10681 -9.73035
      vertex -19.5624 2.57544 -9.73035
      vertex -20.1226 5.39184 -7.07167
    endloop
  endfacet
  facet normal -0.906418 0.180289 -0.381972
    outer loop
      vertex -19.5624 2.57544 -9.73035
      vertex -20.6542 2.71918 -7.07167
      vertex -20.1226 5.39184 -7.07167
    endloop
  endfacet
  facet normal -0.922195 0.0604427 -0.381972
    outer loop
      vertex -19.5624 2.57544 -9.73035
      vertex -19.7312 -0 -9.73035
      vertex -20.6542 2.71918 -7.07167
    endloop
  endfacet
  facet normal -0.922184 0.0604688 -0.381995
    outer loop
      vertex -19.7312 -0 -9.73035
      vertex -20.8325 -0 -7.07167
      vertex -20.6542 2.71918 -7.07167
    endloop
  endfacet
  facet normal -0.922186 -0.0604421 -0.381995
    outer loop
      vertex -19.7312 -0 -9.73035
      vertex -19.5624 -2.57544 -9.73035
      vertex -20.8325 -0 -7.07167
    endloop
  endfacet
  facet normal -0.922193 -0.0604694 -0.381972
    outer loop
      vertex -19.5624 -2.57544 -9.73035
      vertex -20.6542 -2.71918 -7.07167
      vertex -20.8325 -0 -7.07167
    endloop
  endfacet
  facet normal -0.906418 -0.18029 -0.381972
    outer loop
      vertex -19.5624 -2.57544 -9.73035
      vertex -19.0589 -5.10681 -9.73035
      vertex -20.6542 -2.71918 -7.07167
    endloop
  endfacet
  facet normal -0.906417 -0.180289 -0.381973
    outer loop
      vertex -19.0589 -5.10681 -9.73035
      vertex -20.1226 -5.39184 -7.07167
      vertex -20.6542 -2.71918 -7.07167
    endloop
  endfacet
  facet normal -0.87513 -0.297058 -0.381974
    outer loop
      vertex -19.0589 -5.10681 -9.73035
      vertex -18.2293 -7.5508 -9.73035
      vertex -20.1226 -5.39184 -7.07167
    endloop
  endfacet
  facet normal -0.87513 -0.297057 -0.381975
    outer loop
      vertex -18.2293 -7.5508 -9.73035
      vertex -19.2467 -7.97224 -7.07167
      vertex -20.1226 -5.39184 -7.07167
    endloop
  endfacet
  facet normal -0.828856 -0.40877 -0.381975
    outer loop
      vertex -18.2293 -7.5508 -9.73035
      vertex -17.0877 -9.8656 -9.73035
      vertex -19.2467 -7.97224 -7.07167
    endloop
  endfacet
  facet normal -0.828856 -0.408771 -0.381975
    outer loop
      vertex -17.0877 -9.8656 -9.73035
      vertex -18.0414 -10.4162 -7.07167
      vertex -19.2467 -7.97224 -7.07167
    endloop
  endfacet
  facet normal -0.768424 -0.51344 -0.381974
    outer loop
      vertex -17.0877 -9.8656 -9.73035
      vertex -15.6538 -12.0116 -9.73035
      vertex -18.0414 -10.4162 -7.07167
    endloop
  endfacet
  facet normal -0.768427 -0.513427 -0.381985
    outer loop
      vertex -15.6538 -12.0116 -9.73035
      vertex -16.5275 -12.682 -7.07167
      vertex -18.0414 -10.4162 -7.07167
    endloop
  endfacet
  facet normal -0.694839 -0.609332 -0.381986
    outer loop
      vertex -15.6538 -12.0116 -9.73035
      vertex -13.9521 -13.9521 -9.73035
      vertex -16.5275 -12.682 -7.07167
    endloop
  endfacet
  facet normal -0.694837 -0.609339 -0.38198
    outer loop
      vertex -13.9521 -13.9521 -9.73035
      vertex -14.7308 -14.7308 -7.07167
      vertex -16.5275 -12.682 -7.07167
    endloop
  endfacet
  facet normal -0.609333 -0.694841 -0.381979
    outer loop
      vertex -13.9521 -13.9521 -9.73035
      vertex -12.0116 -15.6538 -9.73035
      vertex -14.7308 -14.7308 -7.07167
    endloop
  endfacet
  facet normal -0.609337 -0.694835 -0.381985
    outer loop
      vertex -12.0116 -15.6538 -9.73035
      vertex -12.682 -16.5275 -7.07167
      vertex -14.7308 -14.7308 -7.07167
    endloop
  endfacet
  facet normal -0.513438 -0.76842 -0.381985
    outer loop
      vertex -12.0116 -15.6538 -9.73035
      vertex -9.8656 -17.0877 -9.73035
      vertex -12.682 -16.5275 -7.07167
    endloop
  endfacet
  facet normal -0.513429 -0.768431 -0.381974
    outer loop
      vertex -9.8656 -17.0877 -9.73035
      vertex -10.4162 -18.0414 -7.07167
      vertex -12.682 -16.5275 -7.07167
    endloop
  endfacet
  facet normal -0.40877 -0.828856 -0.381975
    outer loop
      vertex -9.8656 -17.0877 -9.73035
      vertex -7.5508 -18.2293 -9.73035
      vertex -10.4162 -18.0414 -7.07167
    endloop
  endfacet
  facet normal -0.408771 -0.828855 -0.381975
    outer loop
      vertex -7.5508 -18.2293 -9.73035
      vertex -7.97224 -19.2467 -7.07167
      vertex -10.4162 -18.0414 -7.07167
    endloop
  endfacet
  facet normal -0.297058 -0.875129 -0.381975
    outer loop
      vertex -7.5508 -18.2293 -9.73035
      vertex -5.10681 -19.0589 -9.73035
      vertex -7.97224 -19.2467 -7.07167
    endloop
  endfacet
  facet normal -0.297057 -0.87513 -0.381974
    outer loop
      vertex -5.10681 -19.0589 -9.73035
      vertex -5.39184 -20.1226 -7.07167
      vertex -7.97224 -19.2467 -7.07167
    endloop
  endfacet
  facet normal -0.18029 -0.906417 -0.381973
    outer loop
      vertex -5.10681 -19.0589 -9.73035
      vertex -2.57544 -19.5624 -9.73035
      vertex -5.39184 -20.1226 -7.07167
    endloop
  endfacet
  facet normal -0.180289 -0.906418 -0.381972
    outer loop
      vertex -2.57544 -19.5624 -9.73035
      vertex -2.71918 -20.6542 -7.07167
      vertex -5.39184 -20.1226 -7.07167
    endloop
  endfacet
  facet normal -0.0604427 -0.922195 -0.381972
    outer loop
      vertex -2.57544 -19.5624 -9.73035
      vertex -0 -19.7312 -9.73035
      vertex -2.71918 -20.6542 -7.07167
    endloop
  endfacet
  facet normal -0.0604688 -0.922184 -0.381995
    outer loop
      vertex -0 -19.7312 -9.73035
      vertex -0 -20.8325 -7.07167
      vertex -2.71918 -20.6542 -7.07167
    endloop
  endfacet
  facet normal 0.0604421 -0.922186 -0.381995
    outer loop
      vertex -0 -19.7312 -9.73035
      vertex 2.57544 -19.5624 -9.73035
      vertex -0 -20.8325 -7.07167
    endloop
  endfacet
  facet normal 0.0604694 -0.922193 -0.381972
    outer loop
      vertex 2.57544 -19.5624 -9.73035
      vertex 2.71918 -20.6542 -7.07167
      vertex -0 -20.8325 -7.07167
    endloop
  endfacet
  facet normal 0.18029 -0.906418 -0.381972
    outer loop
      vertex 2.57544 -19.5624 -9.73035
      vertex 5.10681 -19.0589 -9.73035
      vertex 2.71918 -20.6542 -7.07167
    endloop
  endfacet
  facet normal 0.180289 -0.906417 -0.381973
    outer loop
      vertex 5.10681 -19.0589 -9.73035
      vertex 5.39184 -20.1226 -7.07167
      vertex 2.71918 -20.6542 -7.07167
    endloop
  endfacet
  facet normal 0.297058 -0.87513 -0.381974
    outer loop
      vertex 5.10681 -19.0589 -9.73035
      vertex 7.5508 -18.2293 -9.73035
      vertex 5.39184 -20.1226 -7.07167
    endloop
  endfacet
  facet normal 0.297057 -0.87513 -0.381975
    outer loop
      vertex 7.5508 -18.2293 -9.73035
      vertex 7.97224 -19.2467 -7.07167
      vertex 5.39184 -20.1226 -7.07167
    endloop
  endfacet
  facet normal 0.40877 -0.828856 -0.381975
    outer loop
      vertex 7.5508 -18.2293 -9.73035
      vertex 9.8656 -17.0877 -9.73035
      vertex 7.97224 -19.2467 -7.07167
    endloop
  endfacet
  facet normal 0.408771 -0.828856 -0.381975
    outer loop
      vertex 9.8656 -17.0877 -9.73035
      vertex 10.4162 -18.0414 -7.07167
      vertex 7.97224 -19.2467 -7.07167
    endloop
  endfacet
  facet normal 0.51344 -0.768424 -0.381974
    outer loop
      vertex 9.8656 -17.0877 -9.73035
      vertex 12.0116 -15.6538 -9.73035
      vertex 10.4162 -18.0414 -7.07167
    endloop
  endfacet
  facet normal 0.513427 -0.768427 -0.381985
    outer loop
      vertex 12.0116 -15.6538 -9.73035
      vertex 12.682 -16.5275 -7.07167
      vertex 10.4162 -18.0414 -7.07167
    endloop
  endfacet
  facet normal 0.609332 -0.694839 -0.381986
    outer loop
      vertex 12.0116 -15.6538 -9.73035
      vertex 13.9521 -13.9521 -9.73035
      vertex 12.682 -16.5275 -7.07167
    endloop
  endfacet
  facet normal 0.609339 -0.694837 -0.38198
    outer loop
      vertex 13.9521 -13.9521 -9.73035
      vertex 14.7308 -14.7308 -7.07167
      vertex 12.682 -16.5275 -7.07167
    endloop
  endfacet
  facet normal 0.694841 -0.609333 -0.381979
    outer loop
      vertex 13.9521 -13.9521 -9.73035
      vertex 15.6538 -12.0116 -9.73035
      vertex 14.7308 -14.7308 -7.07167
    endloop
  endfacet
  facet normal 0.694835 -0.609337 -0.381985
    outer loop
      vertex 15.6538 -12.0116 -9.73035
      vertex 16.5275 -12.682 -7.07167
      vertex 14.7308 -14.7308 -7.07167
    endloop
  endfacet
  facet normal 0.76842 -0.513438 -0.381985
    outer loop
      vertex 15.6538 -12.0116 -9.73035
      vertex 17.0877 -9.8656 -9.73035
      vertex 16.5275 -12.682 -7.07167
    endloop
  endfacet
  facet normal 0.768431 -0.513429 -0.381974
    outer loop
      vertex 17.0877 -9.8656 -9.73035
      vertex 18.0414 -10.4162 -7.07167
      vertex 16.5275 -12.682 -7.07167
    endloop
  endfacet
  facet normal 0.828856 -0.40877 -0.381975
    outer loop
      vertex 17.0877 -9.8656 -9.73035
      vertex 18.2293 -7.5508 -9.73035
      vertex 18.0414 -10.4162 -7.07167
    endloop
  endfacet
  facet normal 0.828855 -0.408771 -0.381975
    outer loop
      vertex 18.2293 -7.5508 -9.73035
      vertex 19.2467 -7.97224 -7.07167
      vertex 18.0414 -10.4162 -7.07167
    endloop
  endfacet
  facet normal 0.875129 -0.297058 -0.381975
    outer loop
      vertex 18.2293 -7.5508 -9.73035
      vertex 19.0589 -5.10681 -9.73035
      vertex 19.2467 -7.97224 -7.07167
    endloop
  endfacet
  facet normal 0.87513 -0.297057 -0.381974
    outer loop
      vertex 19.0589 -5.10681 -9.73035
      vertex 20.1226 -5.39184 -7.07167
      vertex 19.2467 -7.97224 -7.07167
    endloop
  endfacet
  facet normal 0.906417 -0.18029 -0.381973
    outer loop
      vertex 19.0589 -5.10681 -9.73035
      vertex 19.5624 -2.57544 -9.73035
      vertex 20.1226 -5.39184 -7.07167
    endloop
  endfacet
  facet normal 0.906418 -0.180289 -0.381972
    outer loop
      vertex 19.5624 -2.57544 -9.73035
      vertex 20.6542 -2.71918 -7.07167
      vertex 20.1226 -5.39184 -7.07167
    endloop
  endfacet
  facet normal 0.922195 -0.0604427 -0.381972
    outer loop
      vertex 19.5624 -2.57544 -9.73035
      vertex 19.7312 0 -9.73035
      vertex 20.6542 -2.71918 -7.07167
    endloop
  endfacet
  facet normal 0.922184 -0.0604688 -0.381995
    outer loop
      vertex 19.7312 0 -9.73035
      vertex 20.8325 0 -7.07167
      vertex 20.6542 -2.71918 -7.07167
    endloop
  endfacet
  facet normal 0.864625 0.0566729 -0.499211
    outer loop
      vertex 18.2923 0 -12.2225
      vertex 18.1358 2.38763 -12.2225
      vertex 19.7312 0 -9.73035
    endloop
  endfacet
  facet normal 0.864624 0.0566693 -0.499214
    outer loop
      vertex 18.1358 2.38763 -12.2225
      vertex 19.5624 2.57544 -9.73035
      vertex 19.7312 0 -9.73035
    endloop
  endfacet
  facet normal 0.84983 0.169041 -0.499214
    outer loop
      vertex 18.1358 2.38763 -12.2225
      vertex 17.669 4.7344 -12.2225
      vertex 19.5624 2.57544 -9.73035
    endloop
  endfacet
  facet normal 0.849829 0.169034 -0.499218
    outer loop
      vertex 17.669 4.7344 -12.2225
      vertex 19.0589 5.10681 -9.73035
      vertex 19.5624 2.57544 -9.73035
    endloop
  endfacet
  facet normal 0.820495 0.278511 -0.499218
    outer loop
      vertex 17.669 4.7344 -12.2225
      vertex 16.8999 7.00017 -12.2225
      vertex 19.0589 5.10681 -9.73035
    endloop
  endfacet
  facet normal 0.820495 0.278513 -0.499217
    outer loop
      vertex 16.8999 7.00017 -12.2225
      vertex 18.2293 7.5508 -9.73035
      vertex 19.0589 5.10681 -9.73035
    endloop
  endfacet
  facet normal 0.777118 0.383236 -0.499217
    outer loop
      vertex 16.8999 7.00017 -12.2225
      vertex 15.8416 9.14617 -12.2225
      vertex 18.2293 7.5508 -9.73035
    endloop
  endfacet
  facet normal 0.777117 0.383254 -0.499204
    outer loop
      vertex 15.8416 9.14617 -12.2225
      vertex 17.0877 9.8656 -9.73035
      vertex 18.2293 7.5508 -9.73035
    endloop
  endfacet
  facet normal 0.720466 0.481378 -0.499204
    outer loop
      vertex 15.8416 9.14617 -12.2225
      vertex 14.5123 11.1357 -12.2225
      vertex 17.0877 9.8656 -9.73035
    endloop
  endfacet
  facet normal 0.720463 0.481394 -0.499192
    outer loop
      vertex 14.5123 11.1357 -12.2225
      vertex 15.6538 12.0116 -9.73035
      vertex 17.0877 9.8656 -9.73035
    endloop
  endfacet
  facet normal 0.651444 0.57134 -0.499191
    outer loop
      vertex 14.5123 11.1357 -12.2225
      vertex 12.9346 12.9346 -12.2225
      vertex 15.6538 12.0116 -9.73035
    endloop
  endfacet
  facet normal 0.65146 0.57129 -0.499227
    outer loop
      vertex 12.9346 12.9346 -12.2225
      vertex 13.9521 13.9521 -9.73035
      vertex 15.6538 12.0116 -9.73035
    endloop
  endfacet
  facet normal 0.571326 0.651428 -0.499228
    outer loop
      vertex 12.9346 12.9346 -12.2225
      vertex 11.1357 14.5123 -12.2225
      vertex 13.9521 13.9521 -9.73035
    endloop
  endfacet
  facet normal 0.571303 0.651475 -0.499193
    outer loop
      vertex 11.1357 14.5123 -12.2225
      vertex 12.0116 15.6538 -9.73035
      vertex 13.9521 13.9521 -9.73035
    endloop
  endfacet
  facet normal 0.481382 0.720472 -0.499192
    outer loop
      vertex 11.1357 14.5123 -12.2225
      vertex 9.14617 15.8416 -12.2225
      vertex 12.0116 15.6538 -9.73035
    endloop
  endfacet
  facet normal 0.481391 0.720458 -0.499203
    outer loop
      vertex 9.14617 15.8416 -12.2225
      vertex 9.8656 17.0877 -9.73035
      vertex 12.0116 15.6538 -9.73035
    endloop
  endfacet
  facet normal 0.383239 0.777125 -0.499203
    outer loop
      vertex 9.14617 15.8416 -12.2225
      vertex 7.00017 16.8999 -12.2225
      vertex 9.8656 17.0877 -9.73035
    endloop
  endfacet
  facet normal 0.383251 0.777111 -0.499216
    outer loop
      vertex 7.00017 16.8999 -12.2225
      vertex 7.5508 18.2293 -9.73035
      vertex 9.8656 17.0877 -9.73035
    endloop
  endfacet
  facet normal 0.278512 0.820496 -0.499217
    outer loop
      vertex 7.00017 16.8999 -12.2225
      vertex 4.7344 17.669 -12.2225
      vertex 7.5508 18.2293 -9.73035
    endloop
  endfacet
  facet normal 0.278513 0.820495 -0.499218
    outer loop
      vertex 4.7344 17.669 -12.2225
      vertex 5.10681 19.0589 -9.73035
      vertex 7.5508 18.2293 -9.73035
    endloop
  endfacet
  facet normal 0.169041 0.849827 -0.499218
    outer loop
      vertex 4.7344 17.669 -12.2225
      vertex 2.38763 18.1358 -12.2225
      vertex 5.10681 19.0589 -9.73035
    endloop
  endfacet
  facet normal 0.169035 0.849831 -0.499214
    outer loop
      vertex 2.38763 18.1358 -12.2225
      vertex 2.57544 19.5624 -9.73035
      vertex 5.10681 19.0589 -9.73035
    endloop
  endfacet
  facet normal 0.0566728 0.864624 -0.499214
    outer loop
      vertex 2.38763 18.1358 -12.2225
      vertex 0 18.2923 -12.2225
      vertex 2.57544 19.5624 -9.73035
    endloop
  endfacet
  facet normal 0.0566694 0.864625 -0.499211
    outer loop
      vertex 0 18.2923 -12.2225
      vertex 0 19.7312 -9.73035
      vertex 2.57544 19.5624 -9.73035
    endloop
  endfacet
  facet normal -0.0566729 0.864625 -0.499211
    outer loop
      vertex 0 18.2923 -12.2225
      vertex -2.38763 18.1358 -12.2225
      vertex 0 19.7312 -9.73035
    endloop
  endfacet
  facet normal -0.0566693 0.864624 -0.499214
    outer loop
      vertex -2.38763 18.1358 -12.2225
      vertex -2.57544 19.5624 -9.73035
      vertex 0 19.7312 -9.73035
    endloop
  endfacet
  facet normal -0.169041 0.84983 -0.499214
    outer loop
      vertex -2.38763 18.1358 -12.2225
      vertex -4.7344 17.669 -12.2225
      vertex -2.57544 19.5624 -9.73035
    endloop
  endfacet
  facet normal -0.169034 0.849829 -0.499218
    outer loop
      vertex -4.7344 17.669 -12.2225
      vertex -5.10681 19.0589 -9.73035
      vertex -2.57544 19.5624 -9.73035
    endloop
  endfacet
  facet normal -0.278511 0.820495 -0.499218
    outer loop
      vertex -4.7344 17.669 -12.2225
      vertex -7.00017 16.8999 -12.2225
      vertex -5.10681 19.0589 -9.73035
    endloop
  endfacet
  facet normal -0.278513 0.820495 -0.499217
    outer loop
      vertex -7.00017 16.8999 -12.2225
      vertex -7.5508 18.2293 -9.73035
      vertex -5.10681 19.0589 -9.73035
    endloop
  endfacet
  facet normal -0.383236 0.777118 -0.499217
    outer loop
      vertex -7.00017 16.8999 -12.2225
      vertex -9.14617 15.8416 -12.2225
      vertex -7.5508 18.2293 -9.73035
    endloop
  endfacet
  facet normal -0.383254 0.777117 -0.499204
    outer loop
      vertex -9.14617 15.8416 -12.2225
      vertex -9.8656 17.0877 -9.73035
      vertex -7.5508 18.2293 -9.73035
    endloop
  endfacet
  facet normal -0.481378 0.720466 -0.499204
    outer loop
      vertex -9.14617 15.8416 -12.2225
      vertex -11.1357 14.5123 -12.2225
      vertex -9.8656 17.0877 -9.73035
    endloop
  endfacet
  facet normal -0.481394 0.720463 -0.499192
    outer loop
      vertex -11.1357 14.5123 -12.2225
      vertex -12.0116 15.6538 -9.73035
      vertex -9.8656 17.0877 -9.73035
    endloop
  endfacet
  facet normal -0.57134 0.651444 -0.499191
    outer loop
      vertex -11.1357 14.5123 -12.2225
      vertex -12.9346 12.9346 -12.2225
      vertex -12.0116 15.6538 -9.73035
    endloop
  endfacet
  facet normal -0.57129 0.65146 -0.499227
    outer loop
      vertex -12.9346 12.9346 -12.2225
      vertex -13.9521 13.9521 -9.73035
      vertex -12.0116 15.6538 -9.73035
    endloop
  endfacet
  facet normal -0.651428 0.571326 -0.499228
    outer loop
      vertex -12.9346 12.9346 -12.2225
      vertex -14.5123 11.1357 -12.2225
      vertex -13.9521 13.9521 -9.73035
    endloop
  endfacet
  facet normal -0.651475 0.571303 -0.499193
    outer loop
      vertex -14.5123 11.1357 -12.2225
      vertex -15.6538 12.0116 -9.73035
      vertex -13.9521 13.9521 -9.73035
    endloop
  endfacet
  facet normal -0.720472 0.481382 -0.499192
    outer loop
      vertex -14.5123 11.1357 -12.2225
      vertex -15.8416 9.14617 -12.2225
      vertex -15.6538 12.0116 -9.73035
    endloop
  endfacet
  facet normal -0.720458 0.481391 -0.499203
    outer loop
      vertex -15.8416 9.14617 -12.2225
      vertex -17.0877 9.8656 -9.73035
      vertex -15.6538 12.0116 -9.73035
    endloop
  endfacet
  facet normal -0.777125 0.383239 -0.499203
    outer loop
      vertex -15.8416 9.14617 -12.2225
      vertex -16.8999 7.00017 -12.2225
      vertex -17.0877 9.8656 -9.73035
    endloop
  endfacet
  facet normal -0.777111 0.383251 -0.499216
    outer loop
      vertex -16.8999 7.00017 -12.2225
      vertex -18.2293 7.5508 -9.73035
      vertex -17.0877 9.8656 -9.73035
    endloop
  endfacet
  facet normal -0.820496 0.278512 -0.499217
    outer loop
      vertex -16.8999 7.00017 -12.2225
      vertex -17.669 4.7344 -12.2225
      vertex -18.2293 7.5508 -9.73035
    endloop
  endfacet
  facet normal -0.820495 0.278513 -0.499218
    outer loop
      vertex -17.669 4.7344 -12.2225
      vertex -19.0589 5.10681 -9.73035
      vertex -18.2293 7.5508 -9.73035
    endloop
  endfacet
  facet normal -0.849827 0.169041 -0.499218
    outer loop
      vertex -17.669 4.7344 -12.2225
      vertex -18.1358 2.38763 -12.2225
      vertex -19.0589 5.10681 -9.73035
    endloop
  endfacet
  facet normal -0.849831 0.169035 -0.499214
    outer loop
      vertex -18.1358 2.38763 -12.2225
      vertex -19.5624 2.57544 -9.73035
      vertex -19.0589 5.10681 -9.73035
    endloop
  endfacet
  facet normal -0.864624 0.0566728 -0.499214
    outer loop
      vertex -18.1358 2.38763 -12.2225
      vertex -18.2923 -0 -12.2225
      vertex -19.5624 2.57544 -9.73035
    endloop
  endfacet
  facet normal -0.864625 0.0566694 -0.499211
    outer loop
      vertex -18.2923 -0 -12.2225
      vertex -19.7312 -0 -9.73035
      vertex -19.5624 2.57544 -9.73035
    endloop
  endfacet
  facet normal -0.864625 -0.0566729 -0.499211
    outer loop
      vertex -18.2923 -0 -12.2225
      vertex -18.1358 -2.38763 -12.2225
      vertex -19.7312 -0 -9.73035
    endloop
  endfacet
  facet normal -0.864624 -0.0566693 -0.499214
    outer loop
      vertex -18.1358 -2.38763 -12.2225
      vertex -19.5624 -2.57544 -9.73035
      vertex -19.7312 -0 -9.73035
    endloop
  endfacet
  facet normal -0.84983 -0.169041 -0.499214
    outer loop
      vertex -18.1358 -2.38763 -12.2225
      vertex -17.669 -4.7344 -12.2225
      vertex -19.5624 -2.57544 -9.73035
    endloop
  endfacet
  facet normal -0.849829 -0.169034 -0.499218
    outer loop
      vertex -17.669 -4.7344 -12.2225
      vertex -19.0589 -5.10681 -9.73035
      vertex -19.5624 -2.57544 -9.73035
    endloop
  endfacet
  facet normal -0.820495 -0.278511 -0.499218
    outer loop
      vertex -17.669 -4.7344 -12.2225
      vertex -16.8999 -7.00017 -12.2225
      vertex -19.0589 -5.10681 -9.73035
    endloop
  endfacet
  facet normal -0.820495 -0.278513 -0.499217
    outer loop
      vertex -16.8999 -7.00017 -12.2225
      vertex -18.2293 -7.5508 -9.73035
      vertex -19.0589 -5.10681 -9.73035
    endloop
  endfacet
  facet normal -0.777118 -0.383236 -0.499217
    outer loop
      vertex -16.8999 -7.00017 -12.2225
      vertex -15.8416 -9.14617 -12.2225
      vertex -18.2293 -7.5508 -9.73035
    endloop
  endfacet
  facet normal -0.777117 -0.383254 -0.499204
    outer loop
      vertex -15.8416 -9.14617 -12.2225
      vertex -17.0877 -9.8656 -9.73035
      vertex -18.2293 -7.5508 -9.73035
    endloop
  endfacet
  facet normal -0.720466 -0.481378 -0.499204
    outer loop
      vertex -15.8416 -9.14617 -12.2225
      vertex -14.5123 -11.1357 -12.2225
      vertex -17.0877 -9.8656 -9.73035
    endloop
  endfacet
  facet normal -0.720463 -0.481394 -0.499192
    outer loop
      vertex -14.5123 -11.1357 -12.2225
      vertex -15.6538 -12.0116 -9.73035
      vertex -17.0877 -9.8656 -9.73035
    endloop
  endfacet
  facet normal -0.651444 -0.57134 -0.499191
    outer loop
      vertex -14.5123 -11.1357 -12.2225
      vertex -12.9346 -12.9346 -12.2225
      vertex -15.6538 -12.0116 -9.73035
    endloop
  endfacet
  facet normal -0.65146 -0.57129 -0.499227
    outer loop
      vertex -12.9346 -12.9346 -12.2225
      vertex -13.9521 -13.9521 -9.73035
      vertex -15.6538 -12.0116 -9.73035
    endloop
  endfacet
  facet normal -0.571326 -0.651428 -0.499228
    outer loop
      vertex -12.9346 -12.9346 -12.2225
      vertex -11.1357 -14.5123 -12.2225
      vertex -13.9521 -13.9521 -9.73035
    endloop
  endfacet
  facet normal -0.571303 -0.651475 -0.499193
    outer loop
      vertex -11.1357 -14.5123 -12.2225
      vertex -12.0116 -15.6538 -9.73035
      vertex -13.9521 -13.9521 -9.73035
    endloop
  endfacet
  facet normal -0.481382 -0.720472 -0.499192
    outer loop
      vertex -11.1357 -14.5123 -12.2225
      vertex -9.14617 -15.8416 -12.2225
      vertex -12.0116 -15.6538 -9.73035
    endloop
  endfacet
  facet normal -0.481391 -0.720458 -0.499203
    outer loop
      vertex -9.14617 -15.8416 -12.2225
      vertex -9.8656 -17.0877 -9.73035
      vertex -12.0116 -15.6538 -9.73035
    endloop
  endfacet
  facet normal -0.383239 -0.777125 -0.499203
    outer loop
      vertex -9.14617 -15.8416 -12.2225
      vertex -7.00017 -16.8999 -12.2225
      vertex -9.8656 -17.0877 -9.73035
    endloop
  endfacet
  facet normal -0.383251 -0.777111 -0.499216
    outer loop
      vertex -7.00017 -16.8999 -12.2225
      vertex -7.5508 -18.2293 -9.73035
      vertex -9.8656 -17.0877 -9.73035
    endloop
  endfacet
  facet normal -0.278512 -0.820496 -0.499217
    outer loop
      vertex -7.00017 -16.8999 -12.2225
      vertex -4.7344 -17.669 -12.2225
      vertex -7.5508 -18.2293 -9.73035
    endloop
  endfacet
  facet normal -0.278513 -0.820495 -0.499218
    outer loop
      vertex -4.7344 -17.669 -12.2225
      vertex -5.10681 -19.0589 -9.73035
      vertex -7.5508 -18.2293 -9.73035
    endloop
  endfacet
  facet normal -0.169041 -0.849827 -0.499218
    outer loop
      vertex -4.7344 -17.669 -12.2225
      vertex -2.38763 -18.1358 -12.2225
      vertex -5.10681 -19.0589 -9.73035
    endloop
  endfacet
  facet normal -0.169035 -0.849831 -0.499214
    outer loop
      vertex -2.38763 -18.1358 -12.2225
      vertex -2.57544 -19.5624 -9.73035
      vertex -5.10681 -19.0589 -9.73035
    endloop
  endfacet
  facet normal -0.0566728 -0.864624 -0.499214
    outer loop
      vertex -2.38763 -18.1358 -12.2225
      vertex -0 -18.2923 -12.2225
      vertex -2.57544 -19.5624 -9.73035
    endloop
  endfacet
  facet normal -0.0566694 -0.864625 -0.499211
    outer loop
      vertex -0 -18.2923 -12.2225
      vertex -0 -19.7312 -9.73035
      vertex -2.57544 -19.5624 -9.73035
    endloop
  endfacet
  facet normal 0.0566729 -0.864625 -0.499211
    outer loop
      vertex -0 -18.2923 -12.2225
      vertex 2.38763 -18.1358 -12.2225
      vertex -0 -19.7312 -9.73035
    endloop
  endfacet
  facet normal 0.0566693 -0.864624 -0.499214
    outer loop
      vertex 2.38763 -18.1358 -12.2225
      vertex 2.57544 -19.5624 -9.73035
      vertex -0 -19.7312 -9.73035
    endloop
  endfacet
  facet normal 0.169041 -0.84983 -0.499214
    outer loop
      vertex 2.38763 -18.1358 -12.2225
      vertex 4.7344 -17.669 -12.2225
      vertex 2.57544 -19.5624 -9.73035
    endloop
  endfacet
  facet normal 0.169034 -0.849829 -0.499218
    outer loop
      vertex 4.7344 -17.669 -12.2225
      vertex 5.10681 -19.0589 -9.73035
      vertex 2.57544 -19.5624 -9.73035
    endloop
  endfacet
  facet normal 0.278511 -0.820495 -0.499218
    outer loop
      vertex 4.7344 -17.669 -12.2225
      vertex 7.00017 -16.8999 -12.2225
      vertex 5.10681 -19.0589 -9.73035
    endloop
  endfacet
  facet normal 0.278513 -0.820495 -0.499217
    outer loop
      vertex 7.00017 -16.8999 -12.2225
      vertex 7.5508 -18.2293 -9.73035
      vertex 5.10681 -19.0589 -9.73035
    endloop
  endfacet
  facet normal 0.383236 -0.777118 -0.499217
    outer loop
      vertex 7.00017 -16.8999 -12.2225
      vertex 9.14617 -15.8416 -12.2225
      vertex 7.5508 -18.2293 -9.73035
    endloop
  endfacet
  facet normal 0.383254 -0.777117 -0.499204
    outer loop
      vertex 9.14617 -15.8416 -12.2225
      vertex 9.8656 -17.0877 -9.73035
      vertex 7.5508 -18.2293 -9.73035
    endloop
  endfacet
  facet normal 0.481378 -0.720466 -0.499204
    outer loop
      vertex 9.14617 -15.8416 -12.2225
      vertex 11.1357 -14.5123 -12.2225
      vertex 9.8656 -17.0877 -9.73035
    endloop
  endfacet
  facet normal 0.481394 -0.720463 -0.499192
    outer loop
      vertex 11.1357 -14.5123 -12.2225
      vertex 12.0116 -15.6538 -9.73035
      vertex 9.8656 -17.0877 -9.73035
    endloop
  endfacet
  facet normal 0.57134 -0.651444 -0.499191
    outer loop
      vertex 11.1357 -14.5123 -12.2225
      vertex 12.9346 -12.9346 -12.2225
      vertex 12.0116 -15.6538 -9.73035
    endloop
  endfacet
  facet normal 0.57129 -0.65146 -0.499227
    outer loop
      vertex 12.9346 -12.9346 -12.2225
      vertex 13.9521 -13.9521 -9.73035
      vertex 12.0116 -15.6538 -9.73035
    endloop
  endfacet
  facet normal 0.651428 -0.571326 -0.499228
    outer loop
      vertex 12.9346 -12.9346 -12.2225
      vertex 14.5123 -11.1357 -12.2225
      vertex 13.9521 -13.9521 -9.73035
    endloop
  endfacet
  facet normal 0.651475 -0.571303 -0.499193
    outer loop
      vertex 14.5123 -11.1357 -12.2225
      vertex 15.6538 -12.0116 -9.73035
      vertex 13.9521 -13.9521 -9.73035
    endloop
  endfacet
  facet normal 0.720472 -0.481382 -0.499192
    outer loop
      vertex 14.5123 -11.1357 -12.2225
      vertex 15.8416 -9.14617 -12.2225
      vertex 15.6538 -12.0116 -9.73035
    endloop
  endfacet
  facet normal 0.720458 -0.481391 -0.499203
    outer loop
      vertex 15.8416 -9.14617 -12.2225
      vertex 17.0877 -9.8656 -9.73035
      vertex 15.6538 -12.0116 -9.73035
    endloop
  endfacet
  facet normal 0.777125 -0.383239 -0.499203
    outer loop
      vertex 15.8416 -9.14617 -12.2225
      vertex 16.8999 -7.00017 -12.2225
      vertex 17.0877 -9.8656 -9.73035
    endloop
  endfacet
  facet normal 0.777111 -0.383251 -0.499216
    outer loop
      vertex 16.8999 -7.00017 -12.2225
      vertex 18.2293 -7.5508 -9.73035
      vertex 17.0877 -9.8656 -9.73035
    endloop
  endfacet
  facet normal 0.820496 -0.278512 -0.499217
    outer loop
      vertex 16.8999 -7.00017 -12.2225
      vertex 17.669 -4.7344 -12.2225
      vertex 18.2293 -7.5508 -9.73035
    endloop
  endfacet
  facet normal 0.820495 -0.278513 -0.499218
    outer loop
      vertex 17.669 -4.7344 -12.2225
      vertex 19.0589 -5.10681 -9.73035
      vertex 18.2293 -7.5508 -9.73035
    endloop
  endfacet
  facet normal 0.849827 -0.169041 -0.499218
    outer loop
      vertex 17.669 -4.7344 -12.2225
      vertex 18.1358 -2.38763 -12.2225
      vertex 19.0589 -5.10681 -9.73035
    endloop
  endfacet
  facet normal 0.849831 -0.169035 -0.499214
    outer loop
      vertex 18.1358 -2.38763 -12.2225
      vertex 19.5624 -2.57544 -9.73035
      vertex 19.0589 -5.10681 -9.73035
    endloop
  endfacet
  facet normal 0.864624 -0.0566728 -0.499214
    outer loop
      vertex 18.1358 -2.38763 -12.2225
      vertex 18.2923 0 -12.2225
      vertex 19.5624 -2.57544 -9.73035
    endloop
  endfacet
  facet normal 0.864625 -0.0566694 -0.499211
    outer loop
      vertex 18.2923 0 -12.2225
      vertex 19.7312 0 -9.73035
      vertex 19.5624 -2.57544 -9.73035
    endloop
  endfacet
  facet normal 0.792297 0.0519276 -0.607922
    outer loop
      vertex 16.5405 0 -14.5056
      vertex 16.399 2.15897 -14.5056
      vertex 18.2923 0 -12.2225
    endloop
  endfacet
  facet normal 0.792299 0.0519322 -0.607919
    outer loop
      vertex 16.399 2.15897 -14.5056
      vertex 18.1358 2.38763 -12.2225
      vertex 18.2923 0 -12.2225
    endloop
  endfacet
  facet normal 0.778742 0.154903 -0.607919
    outer loop
      vertex 16.399 2.15897 -14.5056
      vertex 15.9769 4.28099 -14.5056
      vertex 18.1358 2.38763 -12.2225
    endloop
  endfacet
  facet normal 0.778742 0.154901 -0.60792
    outer loop
      vertex 15.9769 4.28099 -14.5056
      vertex 17.669 4.7344 -12.2225
      vertex 18.1358 2.38763 -12.2225
    endloop
  endfacet
  facet normal 0.751857 0.255233 -0.60792
    outer loop
      vertex 15.9769 4.28099 -14.5056
      vertex 15.2814 6.32977 -14.5056
      vertex 17.669 4.7344 -12.2225
    endloop
  endfacet
  facet normal 0.751854 0.255212 -0.607932
    outer loop
      vertex 15.2814 6.32977 -14.5056
      vertex 16.8999 7.00017 -12.2225
      vertex 17.669 4.7344 -12.2225
    endloop
  endfacet
  facet normal 0.712112 0.351162 -0.607933
    outer loop
      vertex 15.2814 6.32977 -14.5056
      vertex 14.3245 8.27024 -14.5056
      vertex 16.8999 7.00017 -12.2225
    endloop
  endfacet
  facet normal 0.712111 0.351178 -0.607924
    outer loop
      vertex 14.3245 8.27024 -14.5056
      vertex 15.8416 9.14617 -12.2225
      vertex 16.8999 7.00017 -12.2225
    endloop
  endfacet
  facet normal 0.66017 0.441139 -0.607924
    outer loop
      vertex 14.3245 8.27024 -14.5056
      vertex 13.1224 10.0692 -14.5056
      vertex 15.8416 9.14617 -12.2225
    endloop
  endfacet
  facet normal 0.660177 0.441095 -0.607949
    outer loop
      vertex 13.1224 10.0692 -14.5056
      vertex 14.5123 11.1357 -12.2225
      vertex 15.8416 9.14617 -12.2225
    endloop
  endfacet
  facet normal 0.596956 0.523488 -0.60795
    outer loop
      vertex 13.1224 10.0692 -14.5056
      vertex 11.6959 11.6959 -14.5056
      vertex 14.5123 11.1357 -12.2225
    endloop
  endfacet
  facet normal 0.596942 0.52354 -0.60792
    outer loop
      vertex 11.6959 11.6959 -14.5056
      vertex 12.9346 12.9346 -12.2225
      vertex 14.5123 11.1357 -12.2225
    endloop
  endfacet
  facet normal 0.523504 0.596975 -0.607918
    outer loop
      vertex 11.6959 11.6959 -14.5056
      vertex 10.0692 13.1224 -14.5056
      vertex 12.9346 12.9346 -12.2225
    endloop
  endfacet
  facet normal 0.523525 0.596926 -0.607948
    outer loop
      vertex 10.0692 13.1224 -14.5056
      vertex 11.1357 14.5123 -12.2225
      vertex 12.9346 12.9346 -12.2225
    endloop
  endfacet
  facet normal 0.441128 0.660154 -0.60795
    outer loop
      vertex 10.0692 13.1224 -14.5056
      vertex 8.27024 14.3245 -14.5056
      vertex 11.1357 14.5123 -12.2225
    endloop
  endfacet
  facet normal 0.441105 0.660192 -0.607925
    outer loop
      vertex 8.27024 14.3245 -14.5056
      vertex 9.14617 15.8416 -12.2225
      vertex 11.1357 14.5123 -12.2225
    endloop
  endfacet
  facet normal 0.351165 0.712118 -0.607924
    outer loop
      vertex 8.27024 14.3245 -14.5056
      vertex 6.32977 15.2814 -14.5056
      vertex 9.14617 15.8416 -12.2225
    endloop
  endfacet
  facet normal 0.351175 0.712106 -0.607932
    outer loop
      vertex 6.32977 15.2814 -14.5056
      vertex 7.00017 16.8999 -12.2225
      vertex 9.14617 15.8416 -12.2225
    endloop
  endfacet
  facet normal 0.25523 0.751848 -0.607933
    outer loop
      vertex 6.32977 15.2814 -14.5056
      vertex 4.28099 15.9769 -14.5056
      vertex 7.00017 16.8999 -12.2225
    endloop
  endfacet
  facet normal 0.255215 0.751863 -0.607921
    outer loop
      vertex 4.28099 15.9769 -14.5056
      vertex 4.7344 17.669 -12.2225
      vertex 7.00017 16.8999 -12.2225
    endloop
  endfacet
  facet normal 0.154903 0.778741 -0.60792
    outer loop
      vertex 4.28099 15.9769 -14.5056
      vertex 2.15897 16.399 -14.5056
      vertex 4.7344 17.669 -12.2225
    endloop
  endfacet
  facet normal 0.154901 0.778743 -0.607919
    outer loop
      vertex 2.15897 16.399 -14.5056
      vertex 2.38763 18.1358 -12.2225
      vertex 4.7344 17.669 -12.2225
    endloop
  endfacet
  facet normal 0.0519277 0.792299 -0.607919
    outer loop
      vertex 2.15897 16.399 -14.5056
      vertex 0 16.5405 -14.5056
      vertex 2.38763 18.1358 -12.2225
    endloop
  endfacet
  facet normal 0.051932 0.792297 -0.607922
    outer loop
      vertex 0 16.5405 -14.5056
      vertex 0 18.2923 -12.2225
      vertex 2.38763 18.1358 -12.2225
    endloop
  endfacet
  facet normal -0.0519276 0.792297 -0.607922
    outer loop
      vertex 0 16.5405 -14.5056
      vertex -2.15897 16.399 -14.5056
      vertex 0 18.2923 -12.2225
    endloop
  endfacet
  facet normal -0.0519322 0.792299 -0.607919
    outer loop
      vertex -2.15897 16.399 -14.5056
      vertex -2.38763 18.1358 -12.2225
      vertex 0 18.2923 -12.2225
    endloop
  endfacet
  facet normal -0.154903 0.778742 -0.607919
    outer loop
      vertex -2.15897 16.399 -14.5056
      vertex -4.28099 15.9769 -14.5056
      vertex -2.38763 18.1358 -12.2225
    endloop
  endfacet
  facet normal -0.154901 0.778742 -0.60792
    outer loop
      vertex -4.28099 15.9769 -14.5056
      vertex -4.7344 17.669 -12.2225
      vertex -2.38763 18.1358 -12.2225
    endloop
  endfacet
  facet normal -0.255233 0.751857 -0.60792
    outer loop
      vertex -4.28099 15.9769 -14.5056
      vertex -6.32977 15.2814 -14.5056
      vertex -4.7344 17.669 -12.2225
    endloop
  endfacet
  facet normal -0.255212 0.751854 -0.607932
    outer loop
      vertex -6.32977 15.2814 -14.5056
      vertex -7.00017 16.8999 -12.2225
      vertex -4.7344 17.669 -12.2225
    endloop
  endfacet
  facet normal -0.351162 0.712112 -0.607933
    outer loop
      vertex -6.32977 15.2814 -14.5056
      vertex -8.27024 14.3245 -14.5056
      vertex -7.00017 16.8999 -12.2225
    endloop
  endfacet
  facet normal -0.351178 0.712111 -0.607924
    outer loop
      vertex -8.27024 14.3245 -14.5056
      vertex -9.14617 15.8416 -12.2225
      vertex -7.00017 16.8999 -12.2225
    endloop
  endfacet
  facet normal -0.441139 0.66017 -0.607924
    outer loop
      vertex -8.27024 14.3245 -14.5056
      vertex -10.0692 13.1224 -14.5056
      vertex -9.14617 15.8416 -12.2225
    endloop
  endfacet
  facet normal -0.441095 0.660177 -0.607949
    outer loop
      vertex -10.0692 13.1224 -14.5056
      vertex -11.1357 14.5123 -12.2225
      vertex -9.14617 15.8416 -12.2225
    endloop
  endfacet
  facet normal -0.523488 0.596956 -0.60795
    outer loop
      vertex -10.0692 13.1224 -14.5056
      vertex -11.6959 11.6959 -14.5056
      vertex -11.1357 14.5123 -12.2225
    endloop
  endfacet
  facet normal -0.52354 0.596942 -0.60792
    outer loop
      vertex -11.6959 11.6959 -14.5056
      vertex -12.9346 12.9346 -12.2225
      vertex -11.1357 14.5123 -12.2225
    endloop
  endfacet
  facet normal -0.596975 0.523504 -0.607918
    outer loop
      vertex -11.6959 11.6959 -14.5056
      vertex -13.1224 10.0692 -14.5056
      vertex -12.9346 12.9346 -12.2225
    endloop
  endfacet
  facet normal -0.596926 0.523525 -0.607948
    outer loop
      vertex -13.1224 10.0692 -14.5056
      vertex -14.5123 11.1357 -12.2225
      vertex -12.9346 12.9346 -12.2225
    endloop
  endfacet
  facet normal -0.660154 0.441128 -0.60795
    outer loop
      vertex -13.1224 10.0692 -14.5056
      vertex -14.3245 8.27024 -14.5056
      vertex -14.5123 11.1357 -12.2225
    endloop
  endfacet
  facet normal -0.660192 0.441105 -0.607925
    outer loop
      vertex -14.3245 8.27024 -14.5056
      vertex -15.8416 9.14617 -12.2225
      vertex -14.5123 11.1357 -12.2225
    endloop
  endfacet
  facet normal -0.712118 0.351165 -0.607924
    outer loop
      vertex -14.3245 8.27024 -14.5056
      vertex -15.2814 6.32977 -14.5056
      vertex -15.8416 9.14617 -12.2225
    endloop
  endfacet
  facet normal -0.712106 0.351175 -0.607932
    outer loop
      vertex -15.2814 6.32977 -14.5056
      vertex -16.8999 7.00017 -12.2225
      vertex -15.8416 9.14617 -12.2225
    endloop
  endfacet
  facet normal -0.751848 0.25523 -0.607933
    outer loop
      vertex -15.2814 6.32977 -14.5056
      vertex -15.9769 4.28099 -14.5056
      vertex -16.8999 7.00017 -12.2225
    endloop
  endfacet
  facet normal -0.751863 0.255215 -0.607921
    outer loop
      vertex -15.9769 4.28099 -14.5056
      vertex -17.669 4.7344 -12.2225
      vertex -16.8999 7.00017 -12.2225
    endloop
  endfacet
  facet normal -0.778741 0.154903 -0.60792
    outer loop
      vertex -15.9769 4.28099 -14.5056
      vertex -16.399 2.15897 -14.5056
      vertex -17.669 4.7344 -12.2225
    endloop
  endfacet
  facet normal -0.778743 0.154901 -0.607919
    outer loop
      vertex -16.399 2.15897 -14.5056
      vertex -18.1358 2.38763 -12.2225
      vertex -17.669 4.7344 -12.2225
    endloop
  endfacet
  facet normal -0.792299 0.0519277 -0.607919
    outer loop
      vertex -16.399 2.15897 -14.5056
      vertex -16.5405 -0 -14.5056
      vertex -18.1358 2.38763 -12.2225
    endloop
  endfacet
  facet normal -0.792297 0.051932 -0.607922
    outer loop
      vertex -16.5405 -0 -14.5056
      vertex -18.2923 -0 -12.2225
      vertex -18.1358 2.38763 -12.2225
    endloop
  endfacet
  facet normal -0.792297 -0.0519276 -0.607922
    outer loop
      vertex -16.5405 -0 -14.5056
      vertex -16.399 -2.15897 -14.5056
      vertex -18.2923 -0 -12.2225
    endloop
  endfacet
  facet normal -0.792299 -0.0519322 -0.607919
    outer loop
      vertex -16.399 -2.15897 -14.5056
      vertex -18.1358 -2.38763 -12.2225
      vertex -18.2923 -0 -12.2225
    endloop
  endfacet
  facet normal -0.778742 -0.154903 -0.607919
    outer loop
      vertex -16.399 -2.15897 -14.5056
      vertex -15.9769 -4.28099 -14.5056
      vertex -18.1358 -2.38763 -12.2225
    endloop
  endfacet
  facet normal -0.778742 -0.154901 -0.60792
    outer loop
      vertex -15.9769 -4.28099 -14.5056
      vertex -17.669 -4.7344 -12.2225
      vertex -18.1358 -2.38763 -12.2225
    endloop
  endfacet
  facet normal -0.751857 -0.255233 -0.60792
    outer loop
      vertex -15.9769 -4.28099 -14.5056
      vertex -15.2814 -6.32977 -14.5056
      vertex -17.669 -4.7344 -12.2225
    endloop
  endfacet
  facet normal -0.751854 -0.255212 -0.607932
    outer loop
      vertex -15.2814 -6.32977 -14.5056
      vertex -16.8999 -7.00017 -12.2225
      vertex -17.669 -4.7344 -12.2225
    endloop
  endfacet
  facet normal -0.712112 -0.351162 -0.607933
    outer loop
      vertex -15.2814 -6.32977 -14.5056
      vertex -14.3245 -8.27024 -14.5056
      vertex -16.8999 -7.00017 -12.2225
    endloop
  endfacet
  facet normal -0.712111 -0.351178 -0.607924
    outer loop
      vertex -14.3245 -8.27024 -14.5056
      vertex -15.8416 -9.14617 -12.2225
      vertex -16.8999 -7.00017 -12.2225
    endloop
  endfacet
  facet normal -0.66017 -0.441139 -0.607924
    outer loop
      vertex -14.3245 -8.27024 -14.5056
      vertex -13.1224 -10.0692 -14.5056
      vertex -15.8416 -9.14617 -12.2225
    endloop
  endfacet
  facet normal -0.660177 -0.441095 -0.607949
    outer loop
      vertex -13.1224 -10.0692 -14.5056
      vertex -14.5123 -11.1357 -12.2225
      vertex -15.8416 -9.14617 -12.2225
    endloop
  endfacet
  facet normal -0.596956 -0.523488 -0.60795
    outer loop
      vertex -13.1224 -10.0692 -14.5056
      vertex -11.6959 -11.6959 -14.5056
      vertex -14.5123 -11.1357 -12.2225
    endloop
  endfacet
  facet normal -0.596942 -0.52354 -0.60792
    outer loop
      vertex -11.6959 -11.6959 -14.5056
      vertex -12.9346 -12.9346 -12.2225
      vertex -14.5123 -11.1357 -12.2225
    endloop
  endfacet
  facet normal -0.523504 -0.596975 -0.607918
    outer loop
      vertex -11.6959 -11.6959 -14.5056
      vertex -10.0692 -13.1224 -14.5056
      vertex -12.9346 -12.9346 -12.2225
    endloop
  endfacet
  facet normal -0.523525 -0.596926 -0.607948
    outer loop
      vertex -10.0692 -13.1224 -14.5056
      vertex -11.1357 -14.5123 -12.2225
      vertex -12.9346 -12.9346 -12.2225
    endloop
  endfacet
  facet normal -0.441128 -0.660154 -0.60795
    outer loop
      vertex -10.0692 -13.1224 -14.5056
      vertex -8.27024 -14.3245 -14.5056
      vertex -11.1357 -14.5123 -12.2225
    endloop
  endfacet
  facet normal -0.441105 -0.660192 -0.607925
    outer loop
      vertex -8.27024 -14.3245 -14.5056
      vertex -9.14617 -15.8416 -12.2225
      vertex -11.1357 -14.5123 -12.2225
    endloop
  endfacet
  facet normal -0.351165 -0.712118 -0.607924
    outer loop
      vertex -8.27024 -14.3245 -14.5056
      vertex -6.32977 -15.2814 -14.5056
      vertex -9.14617 -15.8416 -12.2225
    endloop
  endfacet
  facet normal -0.351175 -0.712106 -0.607932
    outer loop
      vertex -6.32977 -15.2814 -14.5056
      vertex -7.00017 -16.8999 -12.2225
      vertex -9.14617 -15.8416 -12.2225
    endloop
  endfacet
  facet normal -0.25523 -0.751848 -0.607933
    outer loop
      vertex -6.32977 -15.2814 -14.5056
      vertex -4.28099 -15.9769 -14.5056
      vertex -7.00017 -16.8999 -12.2225
    endloop
  endfacet
  facet normal -0.255215 -0.751863 -0.607921
    outer loop
      vertex -4.28099 -15.9769 -14.5056
      vertex -4.7344 -17.669 -12.2225
      vertex -7.00017 -16.8999 -12.2225
    endloop
  endfacet
  facet normal -0.154903 -0.778741 -0.60792
    outer loop
      vertex -4.28099 -15.9769 -14.5056
      vertex -2.15897 -16.399 -14.5056
      vertex -4.7344 -17.669 -12.2225
    endloop
  endfacet
  facet normal -0.154901 -0.778743 -0.607919
    outer loop
      vertex -2.15897 -16.399 -14.5056
      vertex -2.38763 -18.1358 -12.2225
      vertex -4.7344 -17.669 -12.2225
    endloop
  endfacet
  facet normal -0.0519277 -0.792299 -0.607919
    outer loop
      vertex -2.15897 -16.399 -14.5056
      vertex -0 -16.5405 -14.5056
      vertex -2.38763 -18.1358 -12.2225
    endloop
  endfacet
  facet normal -0.051932 -0.792297 -0.607922
    outer loop
      vertex -0 -16.5405 -14.5056
      vertex -0 -18.2923 -12.2225
      vertex -2.38763 -18.1358 -12.2225
    endloop
  endfacet
  facet normal 0.0519276 -0.792297 -0.607922
    outer loop
      vertex -0 -16.5405 -14.5056
      vertex 2.15897 -16.399 -14.5056
      vertex -0 -18.2923 -12.2225
    endloop
  endfacet
  facet normal 0.0519322 -0.792299 -0.607919
    outer loop
      vertex 2.15897 -16.399 -14.5056
      vertex 2.38763 -18.1358 -12.2225
      vertex -0 -18.2923 -12.2225
    endloop
  endfacet
  facet normal 0.154903 -0.778742 -0.607919
    outer loop
      vertex 2.15897 -16.399 -14.5056
      vertex 4.28099 -15.9769 -14.5056
      vertex 2.38763 -18.1358 -12.2225
    endloop
  endfacet
  facet normal 0.154901 -0.778742 -0.60792
    outer loop
      vertex 4.28099 -15.9769 -14.5056
      vertex 4.7344 -17.669 -12.2225
      vertex 2.38763 -18.1358 -12.2225
    endloop
  endfacet
  facet normal 0.255233 -0.751857 -0.60792
    outer loop
      vertex 4.28099 -15.9769 -14.5056
      vertex 6.32977 -15.2814 -14.5056
      vertex 4.7344 -17.669 -12.2225
    endloop
  endfacet
  facet normal 0.255212 -0.751854 -0.607932
    outer loop
      vertex 6.32977 -15.2814 -14.5056
      vertex 7.00017 -16.8999 -12.2225
      vertex 4.7344 -17.669 -12.2225
    endloop
  endfacet
  facet normal 0.351162 -0.712112 -0.607933
    outer loop
      vertex 6.32977 -15.2814 -14.5056
      vertex 8.27024 -14.3245 -14.5056
      vertex 7.00017 -16.8999 -12.2225
    endloop
  endfacet
  facet normal 0.351178 -0.712111 -0.607924
    outer loop
      vertex 8.27024 -14.3245 -14.5056
      vertex 9.14617 -15.8416 -12.2225
      vertex 7.00017 -16.8999 -12.2225
    endloop
  endfacet
  facet normal 0.441139 -0.66017 -0.607924
    outer loop
      vertex 8.27024 -14.3245 -14.5056
      vertex 10.0692 -13.1224 -14.5056
      vertex 9.14617 -15.8416 -12.2225
    endloop
  endfacet
  facet normal 0.441095 -0.660177 -0.607949
    outer loop
      vertex 10.0692 -13.1224 -14.5056
      vertex 11.1357 -14.5123 -12.2225
      vertex 9.14617 -15.8416 -12.2225
    endloop
  endfacet
  facet normal 0.523488 -0.596956 -0.60795
    outer loop
      vertex 10.0692 -13.1224 -14.5056
      vertex 11.6959 -11.6959 -14.5056
      vertex 11.1357 -14.5123 -12.2225
    endloop
  endfacet
  facet normal 0.52354 -0.596942 -0.60792
    outer loop
      vertex 11.6959 -11.6959 -14.5056
      vertex 12.9346 -12.9346 -12.2225
      vertex 11.1357 -14.5123 -12.2225
    endloop
  endfacet
  facet normal 0.596975 -0.523504 -0.607918
    outer loop
      vertex 11.6959 -11.6959 -14.5056
      vertex 13.1224 -10.0692 -14.5056
      vertex 12.9346 -12.9346 -12.2225
    endloop
  endfacet
  facet normal 0.596926 -0.523525 -0.607948
    outer loop
      vertex 13.1224 -10.0692 -14.5056
      vertex 14.5123 -11.1357 -12.2225
      vertex 12.9346 -12.9346 -12.2225
    endloop
  endfacet
  facet normal 0.660154 -0.441128 -0.60795
    outer loop
      vertex 13.1224 -10.0692 -14.5056
      vertex 14.3245 -8.27024 -14.5056
      vertex 14.5123 -11.1357 -12.2225
    endloop
  endfacet
  facet normal 0.660192 -0.441105 -0.607925
    outer loop
      vertex 14.3245 -8.27024 -14.5056
      vertex 15.8416 -9.14617 -12.2225
      vertex 14.5123 -11.1357 -12.2225
    endloop
  endfacet
  facet normal 0.712118 -0.351165 -0.607924
    outer loop
      vertex 14.3245 -8.27024 -14.5056
      vertex 15.2814 -6.32977 -14.5056
      vertex 15.8416 -9.14617 -12.2225
    endloop
  endfacet
  facet normal 0.712106 -0.351175 -0.607932
    outer loop
      vertex 15.2814 -6.32977 -14.5056
      vertex 16.8999 -7.00017 -12.2225
      vertex 15.8416 -9.14617 -12.2225
    endloop
  endfacet
  facet normal 0.751848 -0.25523 -0.607933
    outer loop
      vertex 15.2814 -6.32977 -14.5056
      vertex 15.9769 -4.28099 -14.5056
      vertex 16.8999 -7.00017 -12.2225
    endloop
  endfacet
  facet normal 0.751863 -0.255215 -0.607921
    outer loop
      vertex 15.9769 -4.28099 -14.5056
      vertex 17.669 -4.7344 -12.2225
      vertex 16.8999 -7.00017 -12.2225
    endloop
  endfacet
  facet normal 0.778741 -0.154903 -0.60792
    outer loop
      vertex 15.9769 -4.28099 -14.5056
      vertex 16.399 -2.15897 -14.5056
      vertex 17.669 -4.7344 -12.2225
    endloop
  endfacet
  facet normal 0.778743 -0.154901 -0.607919
    outer loop
      vertex 16.399 -2.15897 -14.5056
      vertex 18.1358 -2.38763 -12.2225
      vertex 17.669 -4.7344 -12.2225
    endloop
  endfacet
  facet normal 0.792299 -0.0519277 -0.607919
    outer loop
      vertex 16.399 -2.15897 -14.5056
      vertex 16.5405 0 -14.5056
      vertex 18.1358 -2.38763 -12.2225
    endloop
  endfacet
  facet normal 0.792297 -0.051932 -0.607922
    outer loop
      vertex 16.5405 0 -14.5056
      vertex 18.2923 0 -12.2225
      vertex 18.1358 -2.38763 -12.2225
    endloop
  endfacet
  facet normal 0.706349 0.0462975 -0.706349
    outer loop
      vertex 14.5056 0 -16.5405
      vertex 14.3815 1.89336 -16.5405
      vertex 16.5405 0 -14.5056
    endloop
  endfacet
  facet normal 0.706347 0.0462944 -0.70635
    outer loop
      vertex 14.3815 1.89336 -16.5405
      vertex 16.399 2.15897 -14.5056
      vertex 16.5405 0 -14.5056
    endloop
  endfacet
  facet normal 0.694259 0.138108 -0.70635
    outer loop
      vertex 14.3815 1.89336 -16.5405
      vertex 14.0113 3.75433 -16.5405
      vertex 16.399 2.15897 -14.5056
    endloop
  endfacet
  facet normal 0.694257 0.138098 -0.706355
    outer loop
      vertex 14.0113 3.75433 -16.5405
      vertex 15.9769 4.28099 -14.5056
      vertex 16.399 2.15897 -14.5056
    endloop
  endfacet
  facet normal 0.670293 0.227531 -0.706354
    outer loop
      vertex 14.0113 3.75433 -16.5405
      vertex 13.4014 5.55106 -16.5405
      vertex 15.9769 4.28099 -14.5056
    endloop
  endfacet
  facet normal 0.670295 0.227545 -0.706348
    outer loop
      vertex 13.4014 5.55106 -16.5405
      vertex 15.2814 6.32977 -14.5056
      vertex 15.9769 4.28099 -14.5056
    endloop
  endfacet
  facet normal 0.634866 0.313079 -0.706347
    outer loop
      vertex 13.4014 5.55106 -16.5405
      vertex 12.5622 7.2528 -16.5405
      vertex 15.2814 6.32977 -14.5056
    endloop
  endfacet
  facet normal 0.634866 0.31307 -0.706351
    outer loop
      vertex 12.5622 7.2528 -16.5405
      vertex 14.3245 8.27024 -14.5056
      vertex 15.2814 6.32977 -14.5056
    endloop
  endfacet
  facet normal 0.588574 0.393253 -0.706352
    outer loop
      vertex 12.5622 7.2528 -16.5405
      vertex 11.5081 8.83045 -16.5405
      vertex 14.3245 8.27024 -14.5056
    endloop
  endfacet
  facet normal 0.588569 0.393293 -0.706334
    outer loop
      vertex 11.5081 8.83045 -16.5405
      vertex 13.1224 10.0692 -14.5056
      vertex 14.3245 8.27024 -14.5056
    endloop
  endfacet
  facet normal 0.532203 0.466748 -0.706334
    outer loop
      vertex 11.5081 8.83045 -16.5405
      vertex 10.257 10.257 -16.5405
      vertex 13.1224 10.0692 -14.5056
    endloop
  endfacet
  facet normal 0.532212 0.466712 -0.70635
    outer loop
      vertex 10.257 10.257 -16.5405
      vertex 11.6959 11.6959 -14.5056
      vertex 13.1224 10.0692 -14.5056
    endloop
  endfacet
  facet normal 0.466736 0.532189 -0.706351
    outer loop
      vertex 10.257 10.257 -16.5405
      vertex 8.83045 11.5081 -16.5405
      vertex 11.6959 11.6959 -14.5056
    endloop
  endfacet
  facet normal 0.466722 0.532223 -0.706335
    outer loop
      vertex 8.83045 11.5081 -16.5405
      vertex 10.0692 13.1224 -14.5056
      vertex 11.6959 11.6959 -14.5056
    endloop
  endfacet
  facet normal 0.393264 0.58859 -0.706333
    outer loop
      vertex 8.83045 11.5081 -16.5405
      vertex 7.2528 12.5622 -16.5405
      vertex 10.0692 13.1224 -14.5056
    endloop
  endfacet
  facet normal 0.393284 0.588555 -0.706351
    outer loop
      vertex 7.2528 12.5622 -16.5405
      vertex 8.27024 14.3245 -14.5056
      vertex 10.0692 13.1224 -14.5056
    endloop
  endfacet
  facet normal 0.313077 0.634862 -0.706352
    outer loop
      vertex 7.2528 12.5622 -16.5405
      vertex 5.55106 13.4014 -16.5405
      vertex 8.27024 14.3245 -14.5056
    endloop
  endfacet
  facet normal 0.313072 0.634869 -0.706348
    outer loop
      vertex 5.55106 13.4014 -16.5405
      vertex 6.32977 15.2814 -14.5056
      vertex 8.27024 14.3245 -14.5056
    endloop
  endfacet
  facet normal 0.227533 0.6703 -0.706347
    outer loop
      vertex 5.55106 13.4014 -16.5405
      vertex 3.75433 14.0113 -16.5405
      vertex 6.32977 15.2814 -14.5056
    endloop
  endfacet
  facet normal 0.227543 0.67029 -0.706354
    outer loop
      vertex 3.75433 14.0113 -16.5405
      vertex 4.28099 15.9769 -14.5056
      vertex 6.32977 15.2814 -14.5056
    endloop
  endfacet
  facet normal 0.138107 0.694254 -0.706355
    outer loop
      vertex 3.75433 14.0113 -16.5405
      vertex 1.89336 14.3815 -16.5405
      vertex 4.28099 15.9769 -14.5056
    endloop
  endfacet
  facet normal 0.138098 0.694261 -0.70635
    outer loop
      vertex 1.89336 14.3815 -16.5405
      vertex 2.15897 16.399 -14.5056
      vertex 4.28099 15.9769 -14.5056
    endloop
  endfacet
  facet normal 0.0462974 0.706347 -0.70635
    outer loop
      vertex 1.89336 14.3815 -16.5405
      vertex 0 14.5056 -16.5405
      vertex 2.15897 16.399 -14.5056
    endloop
  endfacet
  facet normal 0.0462945 0.706349 -0.706349
    outer loop
      vertex 0 14.5056 -16.5405
      vertex 0 16.5405 -14.5056
      vertex 2.15897 16.399 -14.5056
    endloop
  endfacet
  facet normal -0.0462975 0.706349 -0.706349
    outer loop
      vertex 0 14.5056 -16.5405
      vertex -1.89336 14.3815 -16.5405
      vertex 0 16.5405 -14.5056
    endloop
  endfacet
  facet normal -0.0462944 0.706347 -0.70635
    outer loop
      vertex -1.89336 14.3815 -16.5405
      vertex -2.15897 16.399 -14.5056
      vertex 0 16.5405 -14.5056
    endloop
  endfacet
  facet normal -0.138108 0.694259 -0.70635
    outer loop
      vertex -1.89336 14.3815 -16.5405
      vertex -3.75433 14.0113 -16.5405
      vertex -2.15897 16.399 -14.5056
    endloop
  endfacet
  facet normal -0.138098 0.694257 -0.706355
    outer loop
      vertex -3.75433 14.0113 -16.5405
      vertex -4.28099 15.9769 -14.5056
      vertex -2.15897 16.399 -14.5056
    endloop
  endfacet
  facet normal -0.227531 0.670293 -0.706354
    outer loop
      vertex -3.75433 14.0113 -16.5405
      vertex -5.55106 13.4014 -16.5405
      vertex -4.28099 15.9769 -14.5056
    endloop
  endfacet
  facet normal -0.227545 0.670295 -0.706348
    outer loop
      vertex -5.55106 13.4014 -16.5405
      vertex -6.32977 15.2814 -14.5056
      vertex -4.28099 15.9769 -14.5056
    endloop
  endfacet
  facet normal -0.313079 0.634866 -0.706347
    outer loop
      vertex -5.55106 13.4014 -16.5405
      vertex -7.2528 12.5622 -16.5405
      vertex -6.32977 15.2814 -14.5056
    endloop
  endfacet
  facet normal -0.31307 0.634866 -0.706351
    outer loop
      vertex -7.2528 12.5622 -16.5405
      vertex -8.27024 14.3245 -14.5056
      vertex -6.32977 15.2814 -14.5056
    endloop
  endfacet
  facet normal -0.393253 0.588574 -0.706352
    outer loop
      vertex -7.2528 12.5622 -16.5405
      vertex -8.83045 11.5081 -16.5405
      vertex -8.27024 14.3245 -14.5056
    endloop
  endfacet
  facet normal -0.393293 0.588569 -0.706334
    outer loop
      vertex -8.83045 11.5081 -16.5405
      vertex -10.0692 13.1224 -14.5056
      vertex -8.27024 14.3245 -14.5056
    endloop
  endfacet
  facet normal -0.466748 0.532203 -0.706334
    outer loop
      vertex -8.83045 11.5081 -16.5405
      vertex -10.257 10.257 -16.5405
      vertex -10.0692 13.1224 -14.5056
    endloop
  endfacet
  facet normal -0.466712 0.532212 -0.70635
    outer loop
      vertex -10.257 10.257 -16.5405
      vertex -11.6959 11.6959 -14.5056
      vertex -10.0692 13.1224 -14.5056
    endloop
  endfacet
  facet normal -0.532189 0.466736 -0.706351
    outer loop
      vertex -10.257 10.257 -16.5405
      vertex -11.5081 8.83045 -16.5405
      vertex -11.6959 11.6959 -14.5056
    endloop
  endfacet
  facet normal -0.532223 0.466722 -0.706335
    outer loop
      vertex -11.5081 8.83045 -16.5405
      vertex -13.1224 10.0692 -14.5056
      vertex -11.6959 11.6959 -14.5056
    endloop
  endfacet
  facet normal -0.58859 0.393264 -0.706333
    outer loop
      vertex -11.5081 8.83045 -16.5405
      vertex -12.5622 7.2528 -16.5405
      vertex -13.1224 10.0692 -14.5056
    endloop
  endfacet
  facet normal -0.588555 0.393284 -0.706351
    outer loop
      vertex -12.5622 7.2528 -16.5405
      vertex -14.3245 8.27024 -14.5056
      vertex -13.1224 10.0692 -14.5056
    endloop
  endfacet
  facet normal -0.634862 0.313077 -0.706352
    outer loop
      vertex -12.5622 7.2528 -16.5405
      vertex -13.4014 5.55106 -16.5405
      vertex -14.3245 8.27024 -14.5056
    endloop
  endfacet
  facet normal -0.634869 0.313072 -0.706348
    outer loop
      vertex -13.4014 5.55106 -16.5405
      vertex -15.2814 6.32977 -14.5056
      vertex -14.3245 8.27024 -14.5056
    endloop
  endfacet
  facet normal -0.6703 0.227533 -0.706347
    outer loop
      vertex -13.4014 5.55106 -16.5405
      vertex -14.0113 3.75433 -16.5405
      vertex -15.2814 6.32977 -14.5056
    endloop
  endfacet
  facet normal -0.67029 0.227543 -0.706354
    outer loop
      vertex -14.0113 3.75433 -16.5405
      vertex -15.9769 4.28099 -14.5056
      vertex -15.2814 6.32977 -14.5056
    endloop
  endfacet
  facet normal -0.694254 0.138107 -0.706355
    outer loop
      vertex -14.0113 3.75433 -16.5405
      vertex -14.3815 1.89336 -16.5405
      vertex -15.9769 4.28099 -14.5056
    endloop
  endfacet
  facet normal -0.694261 0.138098 -0.70635
    outer loop
      vertex -14.3815 1.89336 -16.5405
      vertex -16.399 2.15897 -14.5056
      vertex -15.9769 4.28099 -14.5056
    endloop
  endfacet
  facet normal -0.706347 0.0462974 -0.70635
    outer loop
      vertex -14.3815 1.89336 -16.5405
      vertex -14.5056 -0 -16.5405
      vertex -16.399 2.15897 -14.5056
    endloop
  endfacet
  facet normal -0.706349 0.0462945 -0.706349
    outer loop
      vertex -14.5056 -0 -16.5405
      vertex -16.5405 -0 -14.5056
      vertex -16.399 2.15897 -14.5056
    endloop
  endfacet
  facet normal -0.706349 -0.0462975 -0.706349
    outer loop
      vertex -14.5056 -0 -16.5405
      vertex -14.3815 -1.89336 -16.5405
      vertex -16.5405 -0 -14.5056
    endloop
  endfacet
  facet normal -0.706347 -0.0462944 -0.70635
    outer loop
      vertex -14.3815 -1.89336 -16.5405
      vertex -16.399 -2.15897 -14.5056
      vertex -16.5405 -0 -14.5056
    endloop
  endfacet
  facet normal -0.694259 -0.138108 -0.70635
    outer loop
      vertex -14.3815 -1.89336 -16.5405
      vertex -14.0113 -3.75433 -16.5405
      vertex -16.399 -2.15897 -14.5056
    endloop
  endfacet
  facet normal -0.694257 -0.138098 -0.706355
    outer loop
      vertex -14.0113 -3.75433 -16.5405
      vertex -15.9769 -4.28099 -14.5056
      vertex -16.399 -2.15897 -14.5056
    endloop
  endfacet
  facet normal -0.670293 -0.227531 -0.706354
    outer loop
      vertex -14.0113 -3.75433 -16.5405
      vertex -13.4014 -5.55106 -16.5405
      vertex -15.9769 -4.28099 -14.5056
    endloop
  endfacet
  facet normal -0.670295 -0.227545 -0.706348
    outer loop
      vertex -13.4014 -5.55106 -16.5405
      vertex -15.2814 -6.32977 -14.5056
      vertex -15.9769 -4.28099 -14.5056
    endloop
  endfacet
  facet normal -0.634866 -0.313079 -0.706347
    outer loop
      vertex -13.4014 -5.55106 -16.5405
      vertex -12.5622 -7.2528 -16.5405
      vertex -15.2814 -6.32977 -14.5056
    endloop
  endfacet
  facet normal -0.634866 -0.31307 -0.706351
    outer loop
      vertex -12.5622 -7.2528 -16.5405
      vertex -14.3245 -8.27024 -14.5056
      vertex -15.2814 -6.32977 -14.5056
    endloop
  endfacet
  facet normal -0.588574 -0.393253 -0.706352
    outer loop
      vertex -12.5622 -7.2528 -16.5405
      vertex -11.5081 -8.83045 -16.5405
      vertex -14.3245 -8.27024 -14.5056
    endloop
  endfacet
  facet normal -0.588569 -0.393293 -0.706334
    outer loop
      vertex -11.5081 -8.83045 -16.5405
      vertex -13.1224 -10.0692 -14.5056
      vertex -14.3245 -8.27024 -14.5056
    endloop
  endfacet
  facet normal -0.532203 -0.466748 -0.706334
    outer loop
      vertex -11.5081 -8.83045 -16.5405
      vertex -10.257 -10.257 -16.5405
      vertex -13.1224 -10.0692 -14.5056
    endloop
  endfacet
  facet normal -0.532212 -0.466712 -0.70635
    outer loop
      vertex -10.257 -10.257 -16.5405
      vertex -11.6959 -11.6959 -14.5056
      vertex -13.1224 -10.0692 -14.5056
    endloop
  endfacet
  facet normal -0.466736 -0.532189 -0.706351
    outer loop
      vertex -10.257 -10.257 -16.5405
      vertex -8.83045 -11.5081 -16.5405
      vertex -11.6959 -11.6959 -14.5056
    endloop
  endfacet
  facet normal -0.466722 -0.532223 -0.706335
    outer loop
      vertex -8.83045 -11.5081 -16.5405
      vertex -10.0692 -13.1224 -14.5056
      vertex -11.6959 -11.6959 -14.5056
    endloop
  endfacet
  facet normal -0.393264 -0.58859 -0.706333
    outer loop
      vertex -8.83045 -11.5081 -16.5405
      vertex -7.2528 -12.5622 -16.5405
      vertex -10.0692 -13.1224 -14.5056
    endloop
  endfacet
  facet normal -0.393284 -0.588555 -0.706351
    outer loop
      vertex -7.2528 -12.5622 -16.5405
      vertex -8.27024 -14.3245 -14.5056
      vertex -10.0692 -13.1224 -14.5056
    endloop
  endfacet
  facet normal -0.313077 -0.634862 -0.706352
    outer loop
      vertex -7.2528 -12.5622 -16.5405
      vertex -5.55106 -13.4014 -16.5405
      vertex -8.27024 -14.3245 -14.5056
    endloop
  endfacet
  facet normal -0.313072 -0.634869 -0.706348
    outer loop
      vertex -5.55106 -13.4014 -16.5405
      vertex -6.32977 -15.2814 -14.5056
      vertex -8.27024 -14.3245 -14.5056
    endloop
  endfacet
  facet normal -0.227533 -0.6703 -0.706347
    outer loop
      vertex -5.55106 -13.4014 -16.5405
      vertex -3.75433 -14.0113 -16.5405
      vertex -6.32977 -15.2814 -14.5056
    endloop
  endfacet
  facet normal -0.227543 -0.67029 -0.706354
    outer loop
      vertex -3.75433 -14.0113 -16.5405
      vertex -4.28099 -15.9769 -14.5056
      vertex -6.32977 -15.2814 -14.5056
    endloop
  endfacet
  facet normal -0.138107 -0.694254 -0.706355
    outer loop
      vertex -3.75433 -14.0113 -16.5405
      vertex -1.89336 -14.3815 -16.5405
      vertex -4.28099 -15.9769 -14.5056
    endloop
  endfacet
  facet normal -0.138098 -0.694261 -0.70635
    outer loop
      vertex -1.89336 -14.3815 -16.5405
      vertex -2.15897 -16.399 -14.5056
      vertex -4.28099 -15.9769 -14.5056
    endloop
  endfacet
  facet normal -0.0462974 -0.706347 -0.70635
    outer loop
      vertex -1.89336 -14.3815 -16.5405
      vertex -0 -14.5056 -16.5405
      vertex -2.15897 -16.399 -14.5056
    endloop
  endfacet
  facet normal -0.0462945 -0.706349 -0.706349
    outer loop
      vertex -0 -14.5056 -16.5405
      vertex -0 -16.5405 -14.5056
      vertex -2.15897 -16.399 -14.5056
    endloop
  endfacet
  facet normal 0.0462975 -0.706349 -0.706349
    outer loop
      vertex -0 -14.5056 -16.5405
      vertex 1.89336 -14.3815 -16.5405
      vertex -0 -16.5405 -14.5056
    endloop
  endfacet
  facet normal 0.0462944 -0.706347 -0.70635
    outer loop
      vertex 1.89336 -14.3815 -16.5405
      vertex 2.15897 -16.399 -14.5056
      vertex -0 -16.5405 -14.5056
    endloop
  endfacet
  facet normal 0.138108 -0.694259 -0.70635
    outer loop
      vertex 1.89336 -14.3815 -16.5405
      vertex 3.75433 -14.0113 -16.5405
      vertex 2.15897 -16.399 -14.5056
    endloop
  endfacet
  facet normal 0.138098 -0.694257 -0.706355
    outer loop
      vertex 3.75433 -14.0113 -16.5405
      vertex 4.28099 -15.9769 -14.5056
      vertex 2.15897 -16.399 -14.5056
    endloop
  endfacet
  facet normal 0.227531 -0.670293 -0.706354
    outer loop
      vertex 3.75433 -14.0113 -16.5405
      vertex 5.55106 -13.4014 -16.5405
      vertex 4.28099 -15.9769 -14.5056
    endloop
  endfacet
  facet normal 0.227545 -0.670295 -0.706348
    outer loop
      vertex 5.55106 -13.4014 -16.5405
      vertex 6.32977 -15.2814 -14.5056
      vertex 4.28099 -15.9769 -14.5056
    endloop
  endfacet
  facet normal 0.313079 -0.634866 -0.706347
    outer loop
      vertex 5.55106 -13.4014 -16.5405
      vertex 7.2528 -12.5622 -16.5405
      vertex 6.32977 -15.2814 -14.5056
    endloop
  endfacet
  facet normal 0.31307 -0.634866 -0.706351
    outer loop
      vertex 7.2528 -12.5622 -16.5405
      vertex 8.27024 -14.3245 -14.5056
      vertex 6.32977 -15.2814 -14.5056
    endloop
  endfacet
  facet normal 0.393253 -0.588574 -0.706352
    outer loop
      vertex 7.2528 -12.5622 -16.5405
      vertex 8.83045 -11.5081 -16.5405
      vertex 8.27024 -14.3245 -14.5056
    endloop
  endfacet
  facet normal 0.393293 -0.588569 -0.706334
    outer loop
      vertex 8.83045 -11.5081 -16.5405
      vertex 10.0692 -13.1224 -14.5056
      vertex 8.27024 -14.3245 -14.5056
    endloop
  endfacet
  facet normal 0.466748 -0.532203 -0.706334
    outer loop
      vertex 8.83045 -11.5081 -16.5405
      vertex 10.257 -10.257 -16.5405
      vertex 10.0692 -13.1224 -14.5056
    endloop
  endfacet
  facet normal 0.466712 -0.532212 -0.70635
    outer loop
      vertex 10.257 -10.257 -16.5405
      vertex 11.6959 -11.6959 -14.5056
      vertex 10.0692 -13.1224 -14.5056
    endloop
  endfacet
  facet normal 0.532189 -0.466736 -0.706351
    outer loop
      vertex 10.257 -10.257 -16.5405
      vertex 11.5081 -8.83045 -16.5405
      vertex 11.6959 -11.6959 -14.5056
    endloop
  endfacet
  facet normal 0.532223 -0.466722 -0.706335
    outer loop
      vertex 11.5081 -8.83045 -16.5405
      vertex 13.1224 -10.0692 -14.5056
      vertex 11.6959 -11.6959 -14.5056
    endloop
  endfacet
  facet normal 0.58859 -0.393264 -0.706333
    outer loop
      vertex 11.5081 -8.83045 -16.5405
      vertex 12.5622 -7.2528 -16.5405
      vertex 13.1224 -10.0692 -14.5056
    endloop
  endfacet
  facet normal 0.588555 -0.393284 -0.706351
    outer loop
      vertex 12.5622 -7.2528 -16.5405
      vertex 14.3245 -8.27024 -14.5056
      vertex 13.1224 -10.0692 -14.5056
    endloop
  endfacet
  facet normal 0.634862 -0.313077 -0.706352
    outer loop
      vertex 12.5622 -7.2528 -16.5405
      vertex 13.4014 -5.55106 -16.5405
      vertex 14.3245 -8.27024 -14.5056
    endloop
  endfacet
  facet normal 0.634869 -0.313072 -0.706348
    outer loop
      vertex 13.4014 -5.55106 -16.5405
      vertex 15.2814 -6.32977 -14.5056
      vertex 14.3245 -8.27024 -14.5056
    endloop
  endfacet
  facet normal 0.6703 -0.227533 -0.706347
    outer loop
      vertex 13.4014 -5.55106 -16.5405
      vertex 14.0113 -3.75433 -16.5405
      vertex 15.2814 -6.32977 -14.5056
    endloop
  endfacet
  facet normal 0.67029 -0.227543 -0.706354
    outer loop
      vertex 14.0113 -3.75433 -16.5405
      vertex 15.9769 -4.28099 -14.5056
      vertex 15.2814 -6.32977 -14.5056
    endloop
  endfacet
  facet normal 0.694254 -0.138107 -0.706355
    outer loop
      vertex 14.0113 -3.75433 -16.5405
      vertex 14.3815 -1.89336 -16.5405
      vertex 15.9769 -4.28099 -14.5056
    endloop
  endfacet
  facet normal 0.694261 -0.138098 -0.70635
    outer loop
      vertex 14.3815 -1.89336 -16.5405
      vertex 16.399 -2.15897 -14.5056
      vertex 15.9769 -4.28099 -14.5056
    endloop
  endfacet
  facet normal 0.706347 -0.0462974 -0.70635
    outer loop
      vertex 14.3815 -1.89336 -16.5405
      vertex 14.5056 0 -16.5405
      vertex 16.399 -2.15897 -14.5056
    endloop
  endfacet
  facet normal 0.706349 -0.0462945 -0.706349
    outer loop
      vertex 14.5056 0 -16.5405
      vertex 16.5405 0 -14.5056
      vertex 16.399 -2.15897 -14.5056
    endloop
  endfacet
  facet normal 0.60826 0.0398425 -0.792738
    outer loop
      vertex 12.2225 0 -18.2923
      vertex 12.118 1.59536 -18.2923
      vertex 14.5056 0 -16.5405
    endloop
  endfacet
  facet normal 0.60827 0.039869 -0.792728
    outer loop
      vertex 12.118 1.59536 -18.2923
      vertex 14.3815 1.89336 -16.5405
      vertex 14.5056 0 -16.5405
    endloop
  endfacet
  facet normal 0.597863 0.118919 -0.792728
    outer loop
      vertex 12.118 1.59536 -18.2923
      vertex 11.8061 3.16343 -18.2923
      vertex 14.3815 1.89336 -16.5405
    endloop
  endfacet
  facet normal 0.597867 0.118933 -0.792723
    outer loop
      vertex 11.8061 3.16343 -18.2923
      vertex 14.0113 3.75433 -16.5405
      vertex 14.3815 1.89336 -16.5405
    endloop
  endfacet
  facet normal 0.577232 0.195939 -0.792724
    outer loop
      vertex 11.8061 3.16343 -18.2923
      vertex 11.2922 4.67737 -18.2923
      vertex 14.0113 3.75433 -16.5405
    endloop
  endfacet
  facet normal 0.577233 0.195942 -0.792723
    outer loop
      vertex 11.2922 4.67737 -18.2923
      vertex 13.4014 5.55106 -16.5405
      vertex 14.0113 3.75433 -16.5405
    endloop
  endfacet
  facet normal 0.546706 0.269636 -0.792722
    outer loop
      vertex 11.2922 4.67737 -18.2923
      vertex 10.585 6.11127 -18.2923
      vertex 13.4014 5.55106 -16.5405
    endloop
  endfacet
  facet normal 0.546707 0.269604 -0.792733
    outer loop
      vertex 10.585 6.11127 -18.2923
      vertex 12.5622 7.2528 -16.5405
      vertex 13.4014 5.55106 -16.5405
    endloop
  endfacet
  facet normal 0.506844 0.338649 -0.792733
    outer loop
      vertex 10.585 6.11127 -18.2923
      vertex 9.6968 7.44061 -18.2923
      vertex 12.5622 7.2528 -16.5405
    endloop
  endfacet
  facet normal 0.506845 0.338646 -0.792734
    outer loop
      vertex 9.6968 7.44061 -18.2923
      vertex 11.5081 8.83045 -16.5405
      vertex 12.5622 7.2528 -16.5405
    endloop
  endfacet
  facet normal 0.458296 0.401917 -0.792734
    outer loop
      vertex 9.6968 7.44061 -18.2923
      vertex 8.64264 8.64264 -18.2923
      vertex 11.5081 8.83045 -16.5405
    endloop
  endfacet
  facet normal 0.458293 0.401928 -0.792731
    outer loop
      vertex 8.64264 8.64264 -18.2923
      vertex 10.257 10.257 -16.5405
      vertex 11.5081 8.83045 -16.5405
    endloop
  endfacet
  facet normal 0.401921 0.458299 -0.79273
    outer loop
      vertex 8.64264 8.64264 -18.2923
      vertex 7.44061 9.6968 -18.2923
      vertex 10.257 10.257 -16.5405
    endloop
  endfacet
  facet normal 0.401925 0.45829 -0.792734
    outer loop
      vertex 7.44061 9.6968 -18.2923
      vertex 8.83045 11.5081 -16.5405
      vertex 10.257 10.257 -16.5405
    endloop
  endfacet
  facet normal 0.338648 0.506843 -0.792734
    outer loop
      vertex 7.44061 9.6968 -18.2923
      vertex 6.11127 10.585 -18.2923
      vertex 8.83045 11.5081 -16.5405
    endloop
  endfacet
  facet normal 0.338647 0.506846 -0.792733
    outer loop
      vertex 6.11127 10.585 -18.2923
      vertex 7.2528 12.5622 -16.5405
      vertex 8.83045 11.5081 -16.5405
    endloop
  endfacet
  facet normal 0.269629 0.546693 -0.792734
    outer loop
      vertex 6.11127 10.585 -18.2923
      vertex 4.67737 11.2922 -18.2923
      vertex 7.2528 12.5622 -16.5405
    endloop
  endfacet
  facet normal 0.26961 0.546718 -0.792723
    outer loop
      vertex 4.67737 11.2922 -18.2923
      vertex 5.55106 13.4014 -16.5405
      vertex 7.2528 12.5622 -16.5405
    endloop
  endfacet
  facet normal 0.195939 0.577234 -0.792723
    outer loop
      vertex 4.67737 11.2922 -18.2923
      vertex 3.16343 11.8061 -18.2923
      vertex 5.55106 13.4014 -16.5405
    endloop
  endfacet
  facet normal 0.195941 0.577232 -0.792724
    outer loop
      vertex 3.16343 11.8061 -18.2923
      vertex 3.75433 14.0113 -16.5405
      vertex 5.55106 13.4014 -16.5405
    endloop
  endfacet
  facet normal 0.11892 0.59787 -0.792723
    outer loop
      vertex 3.16343 11.8061 -18.2923
      vertex 1.59536 12.118 -18.2923
      vertex 3.75433 14.0113 -16.5405
    endloop
  endfacet
  facet normal 0.118932 0.597861 -0.792728
    outer loop
      vertex 1.59536 12.118 -18.2923
      vertex 1.89336 14.3815 -16.5405
      vertex 3.75433 14.0113 -16.5405
    endloop
  endfacet
  facet normal 0.0398434 0.608273 -0.792727
    outer loop
      vertex 1.59536 12.118 -18.2923
      vertex 0 12.2225 -18.2923
      vertex 1.89336 14.3815 -16.5405
    endloop
  endfacet
  facet normal 0.0398682 0.608259 -0.792737
    outer loop
      vertex 0 12.2225 -18.2923
      vertex 0 14.5056 -16.5405
      vertex 1.89336 14.3815 -16.5405
    endloop
  endfacet
  facet normal -0.0398425 0.60826 -0.792738
    outer loop
      vertex 0 12.2225 -18.2923
      vertex -1.59536 12.118 -18.2923
      vertex 0 14.5056 -16.5405
    endloop
  endfacet
  facet normal -0.039869 0.60827 -0.792728
    outer loop
      vertex -1.59536 12.118 -18.2923
      vertex -1.89336 14.3815 -16.5405
      vertex 0 14.5056 -16.5405
    endloop
  endfacet
  facet normal -0.118919 0.597863 -0.792728
    outer loop
      vertex -1.59536 12.118 -18.2923
      vertex -3.16343 11.8061 -18.2923
      vertex -1.89336 14.3815 -16.5405
    endloop
  endfacet
  facet normal -0.118933 0.597867 -0.792723
    outer loop
      vertex -3.16343 11.8061 -18.2923
      vertex -3.75433 14.0113 -16.5405
      vertex -1.89336 14.3815 -16.5405
    endloop
  endfacet
  facet normal -0.195939 0.577232 -0.792724
    outer loop
      vertex -3.16343 11.8061 -18.2923
      vertex -4.67737 11.2922 -18.2923
      vertex -3.75433 14.0113 -16.5405
    endloop
  endfacet
  facet normal -0.195942 0.577233 -0.792723
    outer loop
      vertex -4.67737 11.2922 -18.2923
      vertex -5.55106 13.4014 -16.5405
      vertex -3.75433 14.0113 -16.5405
    endloop
  endfacet
  facet normal -0.269636 0.546706 -0.792722
    outer loop
      vertex -4.67737 11.2922 -18.2923
      vertex -6.11127 10.585 -18.2923
      vertex -5.55106 13.4014 -16.5405
    endloop
  endfacet
  facet normal -0.269604 0.546707 -0.792733
    outer loop
      vertex -6.11127 10.585 -18.2923
      vertex -7.2528 12.5622 -16.5405
      vertex -5.55106 13.4014 -16.5405
    endloop
  endfacet
  facet normal -0.338649 0.506844 -0.792733
    outer loop
      vertex -6.11127 10.585 -18.2923
      vertex -7.44061 9.6968 -18.2923
      vertex -7.2528 12.5622 -16.5405
    endloop
  endfacet
  facet normal -0.338646 0.506845 -0.792734
    outer loop
      vertex -7.44061 9.6968 -18.2923
      vertex -8.83045 11.5081 -16.5405
      vertex -7.2528 12.5622 -16.5405
    endloop
  endfacet
  facet normal -0.401917 0.458296 -0.792734
    outer loop
      vertex -7.44061 9.6968 -18.2923
      vertex -8.64264 8.64264 -18.2923
      vertex -8.83045 11.5081 -16.5405
    endloop
  endfacet
  facet normal -0.401928 0.458293 -0.792731
    outer loop
      vertex -8.64264 8.64264 -18.2923
      vertex -10.257 10.257 -16.5405
      vertex -8.83045 11.5081 -16.5405
    endloop
  endfacet
  facet normal -0.458299 0.401921 -0.79273
    outer loop
      vertex -8.64264 8.64264 -18.2923
      vertex -9.6968 7.44061 -18.2923
      vertex -10.257 10.257 -16.5405
    endloop
  endfacet
  facet normal -0.45829 0.401925 -0.792734
    outer loop
      vertex -9.6968 7.44061 -18.2923
      vertex -11.5081 8.83045 -16.5405
      vertex -10.257 10.257 -16.5405
    endloop
  endfacet
  facet normal -0.506843 0.338648 -0.792734
    outer loop
      vertex -9.6968 7.44061 -18.2923
      vertex -10.585 6.11127 -18.2923
      vertex -11.5081 8.83045 -16.5405
    endloop
  endfacet
  facet normal -0.506846 0.338647 -0.792733
    outer loop
      vertex -10.585 6.11127 -18.2923
      vertex -12.5622 7.2528 -16.5405
      vertex -11.5081 8.83045 -16.5405
    endloop
  endfacet
  facet normal -0.546693 0.269629 -0.792734
    outer loop
      vertex -10.585 6.11127 -18.2923
      vertex -11.2922 4.67737 -18.2923
      vertex -12.5622 7.2528 -16.5405
    endloop
  endfacet
  facet normal -0.546718 0.26961 -0.792723
    outer loop
      vertex -11.2922 4.67737 -18.2923
      vertex -13.4014 5.55106 -16.5405
      vertex -12.5622 7.2528 -16.5405
    endloop
  endfacet
  facet normal -0.577234 0.195939 -0.792723
    outer loop
      vertex -11.2922 4.67737 -18.2923
      vertex -11.8061 3.16343 -18.2923
      vertex -13.4014 5.55106 -16.5405
    endloop
  endfacet
  facet normal -0.577232 0.195941 -0.792724
    outer loop
      vertex -11.8061 3.16343 -18.2923
      vertex -14.0113 3.75433 -16.5405
      vertex -13.4014 5.55106 -16.5405
    endloop
  endfacet
  facet normal -0.59787 0.11892 -0.792723
    outer loop
      vertex -11.8061 3.16343 -18.2923
      vertex -12.118 1.59536 -18.2923
      vertex -14.0113 3.75433 -16.5405
    endloop
  endfacet
  facet normal -0.597861 0.118932 -0.792728
    outer loop
      vertex -12.118 1.59536 -18.2923
      vertex -14.3815 1.89336 -16.5405
      vertex -14.0113 3.75433 -16.5405
    endloop
  endfacet
  facet normal -0.608273 0.0398434 -0.792727
    outer loop
      vertex -12.118 1.59536 -18.2923
      vertex -12.2225 -0 -18.2923
      vertex -14.3815 1.89336 -16.5405
    endloop
  endfacet
  facet normal -0.608259 0.0398682 -0.792737
    outer loop
      vertex -12.2225 -0 -18.2923
      vertex -14.5056 -0 -16.5405
      vertex -14.3815 1.89336 -16.5405
    endloop
  endfacet
  facet normal -0.60826 -0.0398425 -0.792738
    outer loop
      vertex -12.2225 -0 -18.2923
      vertex -12.118 -1.59536 -18.2923
      vertex -14.5056 -0 -16.5405
    endloop
  endfacet
  facet normal -0.60827 -0.039869 -0.792728
    outer loop
      vertex -12.118 -1.59536 -18.2923
      vertex -14.3815 -1.89336 -16.5405
      vertex -14.5056 -0 -16.5405
    endloop
  endfacet
  facet normal -0.597863 -0.118919 -0.792728
    outer loop
      vertex -12.118 -1.59536 -18.2923
      vertex -11.8061 -3.16343 -18.2923
      vertex -14.3815 -1.89336 -16.5405
    endloop
  endfacet
  facet normal -0.597867 -0.118933 -0.792723
    outer loop
      vertex -11.8061 -3.16343 -18.2923
      vertex -14.0113 -3.75433 -16.5405
      vertex -14.3815 -1.89336 -16.5405
    endloop
  endfacet
  facet normal -0.577232 -0.195939 -0.792724
    outer loop
      vertex -11.8061 -3.16343 -18.2923
      vertex -11.2922 -4.67737 -18.2923
      vertex -14.0113 -3.75433 -16.5405
    endloop
  endfacet
  facet normal -0.577233 -0.195942 -0.792723
    outer loop
      vertex -11.2922 -4.67737 -18.2923
      vertex -13.4014 -5.55106 -16.5405
      vertex -14.0113 -3.75433 -16.5405
    endloop
  endfacet
  facet normal -0.546706 -0.269636 -0.792722
    outer loop
      vertex -11.2922 -4.67737 -18.2923
      vertex -10.585 -6.11127 -18.2923
      vertex -13.4014 -5.55106 -16.5405
    endloop
  endfacet
  facet normal -0.546707 -0.269604 -0.792733
    outer loop
      vertex -10.585 -6.11127 -18.2923
      vertex -12.5622 -7.2528 -16.5405
      vertex -13.4014 -5.55106 -16.5405
    endloop
  endfacet
  facet normal -0.506844 -0.338649 -0.792733
    outer loop
      vertex -10.585 -6.11127 -18.2923
      vertex -9.6968 -7.44061 -18.2923
      vertex -12.5622 -7.2528 -16.5405
    endloop
  endfacet
  facet normal -0.506845 -0.338646 -0.792734
    outer loop
      vertex -9.6968 -7.44061 -18.2923
      vertex -11.5081 -8.83045 -16.5405
      vertex -12.5622 -7.2528 -16.5405
    endloop
  endfacet
  facet normal -0.458296 -0.401917 -0.792734
    outer loop
      vertex -9.6968 -7.44061 -18.2923
      vertex -8.64264 -8.64264 -18.2923
      vertex -11.5081 -8.83045 -16.5405
    endloop
  endfacet
  facet normal -0.458293 -0.401928 -0.792731
    outer loop
      vertex -8.64264 -8.64264 -18.2923
      vertex -10.257 -10.257 -16.5405
      vertex -11.5081 -8.83045 -16.5405
    endloop
  endfacet
  facet normal -0.401921 -0.458299 -0.79273
    outer loop
      vertex -8.64264 -8.64264 -18.2923
      vertex -7.44061 -9.6968 -18.2923
      vertex -10.257 -10.257 -16.5405
    endloop
  endfacet
  facet normal -0.401925 -0.45829 -0.792734
    outer loop
      vertex -7.44061 -9.6968 -18.2923
      vertex -8.83045 -11.5081 -16.5405
      vertex -10.257 -10.257 -16.5405
    endloop
  endfacet
  facet normal -0.338648 -0.506843 -0.792734
    outer loop
      vertex -7.44061 -9.6968 -18.2923
      vertex -6.11127 -10.585 -18.2923
      vertex -8.83045 -11.5081 -16.5405
    endloop
  endfacet
  facet normal -0.338647 -0.506846 -0.792733
    outer loop
      vertex -6.11127 -10.585 -18.2923
      vertex -7.2528 -12.5622 -16.5405
      vertex -8.83045 -11.5081 -16.5405
    endloop
  endfacet
  facet normal -0.269629 -0.546693 -0.792734
    outer loop
      vertex -6.11127 -10.585 -18.2923
      vertex -4.67737 -11.2922 -18.2923
      vertex -7.2528 -12.5622 -16.5405
    endloop
  endfacet
  facet normal -0.26961 -0.546718 -0.792723
    outer loop
      vertex -4.67737 -11.2922 -18.2923
      vertex -5.55106 -13.4014 -16.5405
      vertex -7.2528 -12.5622 -16.5405
    endloop
  endfacet
  facet normal -0.195939 -0.577234 -0.792723
    outer loop
      vertex -4.67737 -11.2922 -18.2923
      vertex -3.16343 -11.8061 -18.2923
      vertex -5.55106 -13.4014 -16.5405
    endloop
  endfacet
  facet normal -0.195941 -0.577232 -0.792724
    outer loop
      vertex -3.16343 -11.8061 -18.2923
      vertex -3.75433 -14.0113 -16.5405
      vertex -5.55106 -13.4014 -16.5405
    endloop
  endfacet
  facet normal -0.11892 -0.59787 -0.792723
    outer loop
      vertex -3.16343 -11.8061 -18.2923
      vertex -1.59536 -12.118 -18.2923
      vertex -3.75433 -14.0113 -16.5405
    endloop
  endfacet
  facet normal -0.118932 -0.597861 -0.792728
    outer loop
      vertex -1.59536 -12.118 -18.2923
      vertex -1.89336 -14.3815 -16.5405
      vertex -3.75433 -14.0113 -16.5405
    endloop
  endfacet
  facet normal -0.0398434 -0.608273 -0.792727
    outer loop
      vertex -1.59536 -12.118 -18.2923
      vertex -0 -12.2225 -18.2923
      vertex -1.89336 -14.3815 -16.5405
    endloop
  endfacet
  facet normal -0.0398682 -0.608259 -0.792737
    outer loop
      vertex -0 -12.2225 -18.2923
      vertex -0 -14.5056 -16.5405
      vertex -1.89336 -14.3815 -16.5405
    endloop
  endfacet
  facet normal 0.0398425 -0.60826 -0.792738
    outer loop
      vertex -0 -12.2225 -18.2923
      vertex 1.59536 -12.118 -18.2923
      vertex -0 -14.5056 -16.5405
    endloop
  endfacet
  facet normal 0.039869 -0.60827 -0.792728
    outer loop
      vertex 1.59536 -12.118 -18.2923
      vertex 1.89336 -14.3815 -16.5405
      vertex -0 -14.5056 -16.5405
    endloop
  endfacet
  facet normal 0.118919 -0.597863 -0.792728
    outer loop
      vertex 1.59536 -12.118 -18.2923
      vertex 3.16343 -11.8061 -18.2923
      vertex 1.89336 -14.3815 -16.5405
    endloop
  endfacet
  facet normal 0.118933 -0.597867 -0.792723
    outer loop
      vertex 3.16343 -11.8061 -18.2923
      vertex 3.75433 -14.0113 -16.5405
      vertex 1.89336 -14.3815 -16.5405
    endloop
  endfacet
  facet normal 0.195939 -0.577232 -0.792724
    outer loop
      vertex 3.16343 -11.8061 -18.2923
      vertex 4.67737 -11.2922 -18.2923
      vertex 3.75433 -14.0113 -16.5405
    endloop
  endfacet
  facet normal 0.195942 -0.577233 -0.792723
    outer loop
      vertex 4.67737 -11.2922 -18.2923
      vertex 5.55106 -13.4014 -16.5405
      vertex 3.75433 -14.0113 -16.5405
    endloop
  endfacet
  facet normal 0.269636 -0.546706 -0.792722
    outer loop
      vertex 4.67737 -11.2922 -18.2923
      vertex 6.11127 -10.585 -18.2923
      vertex 5.55106 -13.4014 -16.5405
    endloop
  endfacet
  facet normal 0.269604 -0.546707 -0.792733
    outer loop
      vertex 6.11127 -10.585 -18.2923
      vertex 7.2528 -12.5622 -16.5405
      vertex 5.55106 -13.4014 -16.5405
    endloop
  endfacet
  facet normal 0.338649 -0.506844 -0.792733
    outer loop
      vertex 6.11127 -10.585 -18.2923
      vertex 7.44061 -9.6968 -18.2923
      vertex 7.2528 -12.5622 -16.5405
    endloop
  endfacet
  facet normal 0.338646 -0.506845 -0.792734
    outer loop
      vertex 7.44061 -9.6968 -18.2923
      vertex 8.83045 -11.5081 -16.5405
      vertex 7.2528 -12.5622 -16.5405
    endloop
  endfacet
  facet normal 0.401917 -0.458296 -0.792734
    outer loop
      vertex 7.44061 -9.6968 -18.2923
      vertex 8.64264 -8.64264 -18.2923
      vertex 8.83045 -11.5081 -16.5405
    endloop
  endfacet
  facet normal 0.401928 -0.458293 -0.792731
    outer loop
      vertex 8.64264 -8.64264 -18.2923
      vertex 10.257 -10.257 -16.5405
      vertex 8.83045 -11.5081 -16.5405
    endloop
  endfacet
  facet normal 0.458299 -0.401921 -0.79273
    outer loop
      vertex 8.64264 -8.64264 -18.2923
      vertex 9.6968 -7.44061 -18.2923
      vertex 10.257 -10.257 -16.5405
    endloop
  endfacet
  facet normal 0.45829 -0.401925 -0.792734
    outer loop
      vertex 9.6968 -7.44061 -18.2923
      vertex 11.5081 -8.83045 -16.5405
      vertex 10.257 -10.257 -16.5405
    endloop
  endfacet
  facet normal 0.506843 -0.338648 -0.792734
    outer loop
      vertex 9.6968 -7.44061 -18.2923
      vertex 10.585 -6.11127 -18.2923
      vertex 11.5081 -8.83045 -16.5405
    endloop
  endfacet
  facet normal 0.506846 -0.338647 -0.792733
    outer loop
      vertex 10.585 -6.11127 -18.2923
      vertex 12.5622 -7.2528 -16.5405
      vertex 11.5081 -8.83045 -16.5405
    endloop
  endfacet
  facet normal 0.546693 -0.269629 -0.792734
    outer loop
      vertex 10.585 -6.11127 -18.2923
      vertex 11.2922 -4.67737 -18.2923
      vertex 12.5622 -7.2528 -16.5405
    endloop
  endfacet
  facet normal 0.546718 -0.26961 -0.792723
    outer loop
      vertex 11.2922 -4.67737 -18.2923
      vertex 13.4014 -5.55106 -16.5405
      vertex 12.5622 -7.2528 -16.5405
    endloop
  endfacet
  facet normal 0.577234 -0.195939 -0.792723
    outer loop
      vertex 11.2922 -4.67737 -18.2923
      vertex 11.8061 -3.16343 -18.2923
      vertex 13.4014 -5.55106 -16.5405
    endloop
  endfacet
  facet normal 0.577232 -0.195941 -0.792724
    outer loop
      vertex 11.8061 -3.16343 -18.2923
      vertex 14.0113 -3.75433 -16.5405
      vertex 13.4014 -5.55106 -16.5405
    endloop
  endfacet
  facet normal 0.59787 -0.11892 -0.792723
    outer loop
      vertex 11.8061 -3.16343 -18.2923
      vertex 12.118 -1.59536 -18.2923
      vertex 14.0113 -3.75433 -16.5405
    endloop
  endfacet
  facet normal 0.597861 -0.118932 -0.792728
    outer loop
      vertex 12.118 -1.59536 -18.2923
      vertex 14.3815 -1.89336 -16.5405
      vertex 14.0113 -3.75433 -16.5405
    endloop
  endfacet
  facet normal 0.608273 -0.0398434 -0.792727
    outer loop
      vertex 12.118 -1.59536 -18.2923
      vertex 12.2225 0 -18.2923
      vertex 14.3815 -1.89336 -16.5405
    endloop
  endfacet
  facet normal 0.608259 -0.0398682 -0.792737
    outer loop
      vertex 12.2225 0 -18.2923
      vertex 14.5056 0 -16.5405
      vertex 14.3815 -1.89336 -16.5405
    endloop
  endfacet
  facet normal 0.499746 0.0327532 -0.865552
    outer loop
      vertex 9.73035 0 -19.7312
      vertex 9.64711 1.27007 -19.7312
      vertex 12.2225 0 -18.2923
    endloop
  endfacet
  facet normal 0.49974 0.0327342 -0.865557
    outer loop
      vertex 9.64711 1.27007 -19.7312
      vertex 12.118 1.59536 -18.2923
      vertex 12.2225 0 -18.2923
    endloop
  endfacet
  facet normal 0.491187 0.0977038 -0.865557
    outer loop
      vertex 9.64711 1.27007 -19.7312
      vertex 9.3988 2.5184 -19.7312
      vertex 12.118 1.59536 -18.2923
    endloop
  endfacet
  facet normal 0.491186 0.0977003 -0.865558
    outer loop
      vertex 9.3988 2.5184 -19.7312
      vertex 11.8061 3.16343 -18.2923
      vertex 12.118 1.59536 -18.2923
    endloop
  endfacet
  facet normal 0.47423 0.160982 -0.865558
    outer loop
      vertex 9.3988 2.5184 -19.7312
      vertex 8.98967 3.72364 -19.7312
      vertex 11.8061 3.16343 -18.2923
    endloop
  endfacet
  facet normal 0.474229 0.160975 -0.86556
    outer loop
      vertex 8.98967 3.72364 -19.7312
      vertex 11.2922 4.67737 -18.2923
      vertex 11.8061 3.16343 -18.2923
    endloop
  endfacet
  facet normal 0.44916 0.221499 -0.86556
    outer loop
      vertex 8.98967 3.72364 -19.7312
      vertex 8.42673 4.86518 -19.7312
      vertex 11.2922 4.67737 -18.2923
    endloop
  endfacet
  facet normal 0.449158 0.221525 -0.865554
    outer loop
      vertex 8.42673 4.86518 -19.7312
      vertex 10.585 6.11127 -18.2923
      vertex 11.2922 4.67737 -18.2923
    endloop
  endfacet
  facet normal 0.416414 0.278239 -0.865553
    outer loop
      vertex 8.42673 4.86518 -19.7312
      vertex 7.71961 5.92346 -19.7312
      vertex 10.585 6.11127 -18.2923
    endloop
  endfacet
  facet normal 0.416416 0.278229 -0.865556
    outer loop
      vertex 7.71961 5.92346 -19.7312
      vertex 9.6968 7.44061 -18.2923
      vertex 10.585 6.11127 -18.2923
    endloop
  endfacet
  facet normal 0.376531 0.330208 -0.865556
    outer loop
      vertex 7.71961 5.92346 -19.7312
      vertex 6.8804 6.8804 -19.7312
      vertex 9.6968 7.44061 -18.2923
    endloop
  endfacet
  facet normal 0.37653 0.330211 -0.865555
    outer loop
      vertex 6.8804 6.8804 -19.7312
      vertex 8.64264 8.64264 -18.2923
      vertex 9.6968 7.44061 -18.2923
    endloop
  endfacet
  facet normal 0.330209 0.376532 -0.865555
    outer loop
      vertex 6.8804 6.8804 -19.7312
      vertex 5.92346 7.71961 -19.7312
      vertex 8.64264 8.64264 -18.2923
    endloop
  endfacet
  facet normal 0.33021 0.376529 -0.865556
    outer loop
      vertex 5.92346 7.71961 -19.7312
      vertex 7.44061 9.6968 -18.2923
      vertex 8.64264 8.64264 -18.2923
    endloop
  endfacet
  facet normal 0.278236 0.41641 -0.865556
    outer loop
      vertex 5.92346 7.71961 -19.7312
      vertex 4.86518 8.42673 -19.7312
      vertex 7.44061 9.6968 -18.2923
    endloop
  endfacet
  facet normal 0.278231 0.416419 -0.865554
    outer loop
      vertex 4.86518 8.42673 -19.7312
      vertex 6.11127 10.585 -18.2923
      vertex 7.44061 9.6968 -18.2923
    endloop
  endfacet
  facet normal 0.221504 0.44917 -0.865553
    outer loop
      vertex 4.86518 8.42673 -19.7312
      vertex 3.72364 8.98967 -19.7312
      vertex 6.11127 10.585 -18.2923
    endloop
  endfacet
  facet normal 0.221521 0.44915 -0.865559
    outer loop
      vertex 3.72364 8.98967 -19.7312
      vertex 4.67737 11.2922 -18.2923
      vertex 6.11127 10.585 -18.2923
    endloop
  endfacet
  facet normal 0.160981 0.474227 -0.86556
    outer loop
      vertex 3.72364 8.98967 -19.7312
      vertex 2.5184 9.3988 -19.7312
      vertex 4.67737 11.2922 -18.2923
    endloop
  endfacet
  facet normal 0.160976 0.474232 -0.865558
    outer loop
      vertex 2.5184 9.3988 -19.7312
      vertex 3.16343 11.8061 -18.2923
      vertex 4.67737 11.2922 -18.2923
    endloop
  endfacet
  facet normal 0.0977035 0.491185 -0.865558
    outer loop
      vertex 2.5184 9.3988 -19.7312
      vertex 1.27007 9.64711 -19.7312
      vertex 3.16343 11.8061 -18.2923
    endloop
  endfacet
  facet normal 0.0977005 0.491187 -0.865557
    outer loop
      vertex 1.27007 9.64711 -19.7312
      vertex 1.59536 12.118 -18.2923
      vertex 3.16343 11.8061 -18.2923
    endloop
  endfacet
  facet normal 0.0327526 0.499738 -0.865557
    outer loop
      vertex 1.27007 9.64711 -19.7312
      vertex 0 9.73035 -19.7312
      vertex 1.59536 12.118 -18.2923
    endloop
  endfacet
  facet normal 0.0327346 0.499747 -0.865553
    outer loop
      vertex 0 9.73035 -19.7312
      vertex 0 12.2225 -18.2923
      vertex 1.59536 12.118 -18.2923
    endloop
  endfacet
  facet normal -0.0327532 0.499746 -0.865552
    outer loop
      vertex 0 9.73035 -19.7312
      vertex -1.27007 9.64711 -19.7312
      vertex 0 12.2225 -18.2923
    endloop
  endfacet
  facet normal -0.0327342 0.49974 -0.865557
    outer loop
      vertex -1.27007 9.64711 -19.7312
      vertex -1.59536 12.118 -18.2923
      vertex 0 12.2225 -18.2923
    endloop
  endfacet
  facet normal -0.0977038 0.491187 -0.865557
    outer loop
      vertex -1.27007 9.64711 -19.7312
      vertex -2.5184 9.3988 -19.7312
      vertex -1.59536 12.118 -18.2923
    endloop
  endfacet
  facet normal -0.0977003 0.491186 -0.865558
    outer loop
      vertex -2.5184 9.3988 -19.7312
      vertex -3.16343 11.8061 -18.2923
      vertex -1.59536 12.118 -18.2923
    endloop
  endfacet
  facet normal -0.160982 0.47423 -0.865558
    outer loop
      vertex -2.5184 9.3988 -19.7312
      vertex -3.72364 8.98967 -19.7312
      vertex -3.16343 11.8061 -18.2923
    endloop
  endfacet
  facet normal -0.160975 0.474229 -0.86556
    outer loop
      vertex -3.72364 8.98967 -19.7312
      vertex -4.67737 11.2922 -18.2923
      vertex -3.16343 11.8061 -18.2923
    endloop
  endfacet
  facet normal -0.221499 0.44916 -0.86556
    outer loop
      vertex -3.72364 8.98967 -19.7312
      vertex -4.86518 8.42673 -19.7312
      vertex -4.67737 11.2922 -18.2923
    endloop
  endfacet
  facet normal -0.221525 0.449158 -0.865554
    outer loop
      vertex -4.86518 8.42673 -19.7312
      vertex -6.11127 10.585 -18.2923
      vertex -4.67737 11.2922 -18.2923
    endloop
  endfacet
  facet normal -0.278239 0.416414 -0.865553
    outer loop
      vertex -4.86518 8.42673 -19.7312
      vertex -5.92346 7.71961 -19.7312
      vertex -6.11127 10.585 -18.2923
    endloop
  endfacet
  facet normal -0.278229 0.416416 -0.865556
    outer loop
      vertex -5.92346 7.71961 -19.7312
      vertex -7.44061 9.6968 -18.2923
      vertex -6.11127 10.585 -18.2923
    endloop
  endfacet
  facet normal -0.330208 0.376531 -0.865556
    outer loop
      vertex -5.92346 7.71961 -19.7312
      vertex -6.8804 6.8804 -19.7312
      vertex -7.44061 9.6968 -18.2923
    endloop
  endfacet
  facet normal -0.330211 0.37653 -0.865555
    outer loop
      vertex -6.8804 6.8804 -19.7312
      vertex -8.64264 8.64264 -18.2923
      vertex -7.44061 9.6968 -18.2923
    endloop
  endfacet
  facet normal -0.376532 0.330209 -0.865555
    outer loop
      vertex -6.8804 6.8804 -19.7312
      vertex -7.71961 5.92346 -19.7312
      vertex -8.64264 8.64264 -18.2923
    endloop
  endfacet
  facet normal -0.376529 0.33021 -0.865556
    outer loop
      vertex -7.71961 5.92346 -19.7312
      vertex -9.6968 7.44061 -18.2923
      vertex -8.64264 8.64264 -18.2923
    endloop
  endfacet
  facet normal -0.41641 0.278236 -0.865556
    outer loop
      vertex -7.71961 5.92346 -19.7312
      vertex -8.42673 4.86518 -19.7312
      vertex -9.6968 7.44061 -18.2923
    endloop
  endfacet
  facet normal -0.416419 0.278231 -0.865554
    outer loop
      vertex -8.42673 4.86518 -19.7312
      vertex -10.585 6.11127 -18.2923
      vertex -9.6968 7.44061 -18.2923
    endloop
  endfacet
  facet normal -0.44917 0.221504 -0.865553
    outer loop
      vertex -8.42673 4.86518 -19.7312
      vertex -8.98967 3.72364 -19.7312
      vertex -10.585 6.11127 -18.2923
    endloop
  endfacet
  facet normal -0.44915 0.221521 -0.865559
    outer loop
      vertex -8.98967 3.72364 -19.7312
      vertex -11.2922 4.67737 -18.2923
      vertex -10.585 6.11127 -18.2923
    endloop
  endfacet
  facet normal -0.474227 0.160981 -0.86556
    outer loop
      vertex -8.98967 3.72364 -19.7312
      vertex -9.3988 2.5184 -19.7312
      vertex -11.2922 4.67737 -18.2923
    endloop
  endfacet
  facet normal -0.474232 0.160976 -0.865558
    outer loop
      vertex -9.3988 2.5184 -19.7312
      vertex -11.8061 3.16343 -18.2923
      vertex -11.2922 4.67737 -18.2923
    endloop
  endfacet
  facet normal -0.491185 0.0977035 -0.865558
    outer loop
      vertex -9.3988 2.5184 -19.7312
      vertex -9.64711 1.27007 -19.7312
      vertex -11.8061 3.16343 -18.2923
    endloop
  endfacet
  facet normal -0.491187 0.0977005 -0.865557
    outer loop
      vertex -9.64711 1.27007 -19.7312
      vertex -12.118 1.59536 -18.2923
      vertex -11.8061 3.16343 -18.2923
    endloop
  endfacet
  facet normal -0.499738 0.0327526 -0.865557
    outer loop
      vertex -9.64711 1.27007 -19.7312
      vertex -9.73035 -0 -19.7312
      vertex -12.118 1.59536 -18.2923
    endloop
  endfacet
  facet normal -0.499747 0.0327346 -0.865553
    outer loop
      vertex -9.73035 -0 -19.7312
      vertex -12.2225 -0 -18.2923
      vertex -12.118 1.59536 -18.2923
    endloop
  endfacet
  facet normal -0.499746 -0.0327532 -0.865552
    outer loop
      vertex -9.73035 -0 -19.7312
      vertex -9.64711 -1.27007 -19.7312
      vertex -12.2225 -0 -18.2923
    endloop
  endfacet
  facet normal -0.49974 -0.0327342 -0.865557
    outer loop
      vertex -9.64711 -1.27007 -19.7312
      vertex -12.118 -1.59536 -18.2923
      vertex -12.2225 -0 -18.2923
    endloop
  endfacet
  facet normal -0.491187 -0.0977038 -0.865557
    outer loop
      vertex -9.64711 -1.27007 -19.7312
      vertex -9.3988 -2.5184 -19.7312
      vertex -12.118 -1.59536 -18.2923
    endloop
  endfacet
  facet normal -0.491186 -0.0977003 -0.865558
    outer loop
      vertex -9.3988 -2.5184 -19.7312
      vertex -11.8061 -3.16343 -18.2923
      vertex -12.118 -1.59536 -18.2923
    endloop
  endfacet
  facet normal -0.47423 -0.160982 -0.865558
    outer loop
      vertex -9.3988 -2.5184 -19.7312
      vertex -8.98967 -3.72364 -19.7312
      vertex -11.8061 -3.16343 -18.2923
    endloop
  endfacet
  facet normal -0.474229 -0.160975 -0.86556
    outer loop
      vertex -8.98967 -3.72364 -19.7312
      vertex -11.2922 -4.67737 -18.2923
      vertex -11.8061 -3.16343 -18.2923
    endloop
  endfacet
  facet normal -0.44916 -0.221499 -0.86556
    outer loop
      vertex -8.98967 -3.72364 -19.7312
      vertex -8.42673 -4.86518 -19.7312
      vertex -11.2922 -4.67737 -18.2923
    endloop
  endfacet
  facet normal -0.449158 -0.221525 -0.865554
    outer loop
      vertex -8.42673 -4.86518 -19.7312
      vertex -10.585 -6.11127 -18.2923
      vertex -11.2922 -4.67737 -18.2923
    endloop
  endfacet
  facet normal -0.416414 -0.278239 -0.865553
    outer loop
      vertex -8.42673 -4.86518 -19.7312
      vertex -7.71961 -5.92346 -19.7312
      vertex -10.585 -6.11127 -18.2923
    endloop
  endfacet
  facet normal -0.416416 -0.278229 -0.865556
    outer loop
      vertex -7.71961 -5.92346 -19.7312
      vertex -9.6968 -7.44061 -18.2923
      vertex -10.585 -6.11127 -18.2923
    endloop
  endfacet
  facet normal -0.376531 -0.330208 -0.865556
    outer loop
      vertex -7.71961 -5.92346 -19.7312
      vertex -6.8804 -6.8804 -19.7312
      vertex -9.6968 -7.44061 -18.2923
    endloop
  endfacet
  facet normal -0.37653 -0.330211 -0.865555
    outer loop
      vertex -6.8804 -6.8804 -19.7312
      vertex -8.64264 -8.64264 -18.2923
      vertex -9.6968 -7.44061 -18.2923
    endloop
  endfacet
  facet normal -0.330209 -0.376532 -0.865555
    outer loop
      vertex -6.8804 -6.8804 -19.7312
      vertex -5.92346 -7.71961 -19.7312
      vertex -8.64264 -8.64264 -18.2923
    endloop
  endfacet
  facet normal -0.33021 -0.376529 -0.865556
    outer loop
      vertex -5.92346 -7.71961 -19.7312
      vertex -7.44061 -9.6968 -18.2923
      vertex -8.64264 -8.64264 -18.2923
    endloop
  endfacet
  facet normal -0.278236 -0.41641 -0.865556
    outer loop
      vertex -5.92346 -7.71961 -19.7312
      vertex -4.86518 -8.42673 -19.7312
      vertex -7.44061 -9.6968 -18.2923
    endloop
  endfacet
  facet normal -0.278231 -0.416419 -0.865554
    outer loop
      vertex -4.86518 -8.42673 -19.7312
      vertex -6.11127 -10.585 -18.2923
      vertex -7.44061 -9.6968 -18.2923
    endloop
  endfacet
  facet normal -0.221504 -0.44917 -0.865553
    outer loop
      vertex -4.86518 -8.42673 -19.7312
      vertex -3.72364 -8.98967 -19.7312
      vertex -6.11127 -10.585 -18.2923
    endloop
  endfacet
  facet normal -0.221521 -0.44915 -0.865559
    outer loop
      vertex -3.72364 -8.98967 -19.7312
      vertex -4.67737 -11.2922 -18.2923
      vertex -6.11127 -10.585 -18.2923
    endloop
  endfacet
  facet normal -0.160981 -0.474227 -0.86556
    outer loop
      vertex -3.72364 -8.98967 -19.7312
      vertex -2.5184 -9.3988 -19.7312
      vertex -4.67737 -11.2922 -18.2923
    endloop
  endfacet
  facet normal -0.160976 -0.474232 -0.865558
    outer loop
      vertex -2.5184 -9.3988 -19.7312
      vertex -3.16343 -11.8061 -18.2923
      vertex -4.67737 -11.2922 -18.2923
    endloop
  endfacet
  facet normal -0.0977035 -0.491185 -0.865558
    outer loop
      vertex -2.5184 -9.3988 -19.7312
      vertex -1.27007 -9.64711 -19.7312
      vertex -3.16343 -11.8061 -18.2923
    endloop
  endfacet
  facet normal -0.0977005 -0.491187 -0.865557
    outer loop
      vertex -1.27007 -9.64711 -19.7312
      vertex -1.59536 -12.118 -18.2923
      vertex -3.16343 -11.8061 -18.2923
    endloop
  endfacet
  facet normal -0.0327526 -0.499738 -0.865557
    outer loop
      vertex -1.27007 -9.64711 -19.7312
      vertex -0 -9.73035 -19.7312
      vertex -1.59536 -12.118 -18.2923
    endloop
  endfacet
  facet normal -0.0327346 -0.499747 -0.865553
    outer loop
      vertex -0 -9.73035 -19.7312
      vertex -0 -12.2225 -18.2923
      vertex -1.59536 -12.118 -18.2923
    endloop
  endfacet
  facet normal 0.0327532 -0.499746 -0.865552
    outer loop
      vertex -0 -9.73035 -19.7312
      vertex 1.27007 -9.64711 -19.7312
      vertex -0 -12.2225 -18.2923
    endloop
  endfacet
  facet normal 0.0327342 -0.49974 -0.865557
    outer loop
      vertex 1.27007 -9.64711 -19.7312
      vertex 1.59536 -12.118 -18.2923
      vertex -0 -12.2225 -18.2923
    endloop
  endfacet
  facet normal 0.0977038 -0.491187 -0.865557
    outer loop
      vertex 1.27007 -9.64711 -19.7312
      vertex 2.5184 -9.3988 -19.7312
      vertex 1.59536 -12.118 -18.2923
    endloop
  endfacet
  facet normal 0.0977003 -0.491186 -0.865558
    outer loop
      vertex 2.5184 -9.3988 -19.7312
      vertex 3.16343 -11.8061 -18.2923
      vertex 1.59536 -12.118 -18.2923
    endloop
  endfacet
  facet normal 0.160982 -0.47423 -0.865558
    outer loop
      vertex 2.5184 -9.3988 -19.7312
      vertex 3.72364 -8.98967 -19.7312
      vertex 3.16343 -11.8061 -18.2923
    endloop
  endfacet
  facet normal 0.160975 -0.474229 -0.86556
    outer loop
      vertex 3.72364 -8.98967 -19.7312
      vertex 4.67737 -11.2922 -18.2923
      vertex 3.16343 -11.8061 -18.2923
    endloop
  endfacet
  facet normal 0.221499 -0.44916 -0.86556
    outer loop
      vertex 3.72364 -8.98967 -19.7312
      vertex 4.86518 -8.42673 -19.7312
      vertex 4.67737 -11.2922 -18.2923
    endloop
  endfacet
  facet normal 0.221525 -0.449158 -0.865554
    outer loop
      vertex 4.86518 -8.42673 -19.7312
      vertex 6.11127 -10.585 -18.2923
      vertex 4.67737 -11.2922 -18.2923
    endloop
  endfacet
  facet normal 0.278239 -0.416414 -0.865553
    outer loop
      vertex 4.86518 -8.42673 -19.7312
      vertex 5.92346 -7.71961 -19.7312
      vertex 6.11127 -10.585 -18.2923
    endloop
  endfacet
  facet normal 0.278229 -0.416416 -0.865556
    outer loop
      vertex 5.92346 -7.71961 -19.7312
      vertex 7.44061 -9.6968 -18.2923
      vertex 6.11127 -10.585 -18.2923
    endloop
  endfacet
  facet normal 0.330208 -0.376531 -0.865556
    outer loop
      vertex 5.92346 -7.71961 -19.7312
      vertex 6.8804 -6.8804 -19.7312
      vertex 7.44061 -9.6968 -18.2923
    endloop
  endfacet
  facet normal 0.330211 -0.37653 -0.865555
    outer loop
      vertex 6.8804 -6.8804 -19.7312
      vertex 8.64264 -8.64264 -18.2923
      vertex 7.44061 -9.6968 -18.2923
    endloop
  endfacet
  facet normal 0.376532 -0.330209 -0.865555
    outer loop
      vertex 6.8804 -6.8804 -19.7312
      vertex 7.71961 -5.92346 -19.7312
      vertex 8.64264 -8.64264 -18.2923
    endloop
  endfacet
  facet normal 0.376529 -0.33021 -0.865556
    outer loop
      vertex 7.71961 -5.92346 -19.7312
      vertex 9.6968 -7.44061 -18.2923
      vertex 8.64264 -8.64264 -18.2923
    endloop
  endfacet
  facet normal 0.41641 -0.278236 -0.865556
    outer loop
      vertex 7.71961 -5.92346 -19.7312
      vertex 8.42673 -4.86518 -19.7312
      vertex 9.6968 -7.44061 -18.2923
    endloop
  endfacet
  facet normal 0.416419 -0.278231 -0.865554
    outer loop
      vertex 8.42673 -4.86518 -19.7312
      vertex 10.585 -6.11127 -18.2923
      vertex 9.6968 -7.44061 -18.2923
    endloop
  endfacet
  facet normal 0.44917 -0.221504 -0.865553
    outer loop
      vertex 8.42673 -4.86518 -19.7312
      vertex 8.98967 -3.72364 -19.7312
      vertex 10.585 -6.11127 -18.2923
    endloop
  endfacet
  facet normal 0.44915 -0.221521 -0.865559
    outer loop
      vertex 8.98967 -3.72364 -19.7312
      vertex 11.2922 -4.67737 -18.2923
      vertex 10.585 -6.11127 -18.2923
    endloop
  endfacet
  facet normal 0.474227 -0.160981 -0.86556
    outer loop
      vertex 8.98967 -3.72364 -19.7312
      vertex 9.3988 -2.5184 -19.7312
      vertex 11.2922 -4.67737 -18.2923
    endloop
  endfacet
  facet normal 0.474232 -0.160976 -0.865558
    outer loop
      vertex 9.3988 -2.5184 -19.7312
      vertex 11.8061 -3.16343 -18.2923
      vertex 11.2922 -4.67737 -18.2923
    endloop
  endfacet
  facet normal 0.491185 -0.0977035 -0.865558
    outer loop
      vertex 9.3988 -2.5184 -19.7312
      vertex 9.64711 -1.27007 -19.7312
      vertex 11.8061 -3.16343 -18.2923
    endloop
  endfacet
  facet normal 0.491187 -0.0977005 -0.865557
    outer loop
      vertex 9.64711 -1.27007 -19.7312
      vertex 12.118 -1.59536 -18.2923
      vertex 11.8061 -3.16343 -18.2923
    endloop
  endfacet
  facet normal 0.499738 -0.0327526 -0.865557
    outer loop
      vertex 9.64711 -1.27007 -19.7312
      vertex 9.73035 0 -19.7312
      vertex 12.118 -1.59536 -18.2923
    endloop
  endfacet
  facet normal 0.499747 -0.0327346 -0.865553
    outer loop
      vertex 9.73035 0 -19.7312
      vertex 12.2225 0 -18.2923
      vertex 12.118 -1.59536 -18.2923
    endloop
  endfacet
  facet normal 0.382575 0.0250756 -0.923584
    outer loop
      vertex 7.07167 0 -20.8325
      vertex 7.01117 0.923038 -20.8325
      vertex 9.73035 0 -19.7312
    endloop
  endfacet
  facet normal 0.382574 0.0250738 -0.923585
    outer loop
      vertex 7.01117 0.923038 -20.8325
      vertex 9.64711 1.27007 -19.7312
      vertex 9.73035 0 -19.7312
    endloop
  endfacet
  facet normal 0.376028 0.0747959 -0.923585
    outer loop
      vertex 7.01117 0.923038 -20.8325
      vertex 6.83071 1.83028 -20.8325
      vertex 9.64711 1.27007 -19.7312
    endloop
  endfacet
  facet normal 0.376028 0.0747972 -0.923584
    outer loop
      vertex 6.83071 1.83028 -20.8325
      vertex 9.3988 2.5184 -19.7312
      vertex 9.64711 1.27007 -19.7312
    endloop
  endfacet
  facet normal 0.363048 0.123239 -0.923584
    outer loop
      vertex 6.83071 1.83028 -20.8325
      vertex 6.53337 2.70621 -20.8325
      vertex 9.3988 2.5184 -19.7312
    endloop
  endfacet
  facet normal 0.363048 0.12324 -0.923584
    outer loop
      vertex 6.53337 2.70621 -20.8325
      vertex 8.98967 3.72364 -19.7312
      vertex 9.3988 2.5184 -19.7312
    endloop
  endfacet
  facet normal 0.343856 0.169574 -0.923584
    outer loop
      vertex 6.53337 2.70621 -20.8325
      vertex 6.12424 3.53583 -20.8325
      vertex 8.98967 3.72364 -19.7312
    endloop
  endfacet
  facet normal 0.343857 0.16957 -0.923585
    outer loop
      vertex 6.12424 3.53583 -20.8325
      vertex 8.42673 4.86518 -19.7312
      vertex 8.98967 3.72364 -19.7312
    endloop
  endfacet
  facet normal 0.318782 0.213001 -0.923585
    outer loop
      vertex 6.12424 3.53583 -20.8325
      vertex 5.61033 4.30496 -20.8325
      vertex 8.42673 4.86518 -19.7312
    endloop
  endfacet
  facet normal 0.318781 0.213003 -0.923585
    outer loop
      vertex 5.61033 4.30496 -20.8325
      vertex 7.71961 5.92346 -19.7312
      vertex 8.42673 4.86518 -19.7312
    endloop
  endfacet
  facet normal 0.28825 0.252792 -0.923584
    outer loop
      vertex 5.61033 4.30496 -20.8325
      vertex 5.00042 5.00042 -20.8325
      vertex 7.71961 5.92346 -19.7312
    endloop
  endfacet
  facet normal 0.288251 0.252788 -0.923585
    outer loop
      vertex 5.00042 5.00042 -20.8325
      vertex 6.8804 6.8804 -19.7312
      vertex 7.71961 5.92346 -19.7312
    endloop
  endfacet
  facet normal 0.252791 0.288249 -0.923585
    outer loop
      vertex 5.00042 5.00042 -20.8325
      vertex 4.30496 5.61033 -20.8325
      vertex 6.8804 6.8804 -19.7312
    endloop
  endfacet
  facet normal 0.252789 0.288252 -0.923585
    outer loop
      vertex 4.30496 5.61033 -20.8325
      vertex 5.92346 7.71961 -19.7312
      vertex 6.8804 6.8804 -19.7312
    endloop
  endfacet
  facet normal 0.213001 0.318782 -0.923584
    outer loop
      vertex 4.30496 5.61033 -20.8325
      vertex 3.53583 6.12424 -20.8325
      vertex 5.92346 7.71961 -19.7312
    endloop
  endfacet
  facet normal 0.213002 0.318781 -0.923585
    outer loop
      vertex 3.53583 6.12424 -20.8325
      vertex 4.86518 8.42673 -19.7312
      vertex 5.92346 7.71961 -19.7312
    endloop
  endfacet
  facet normal 0.169573 0.343855 -0.923585
    outer loop
      vertex 3.53583 6.12424 -20.8325
      vertex 2.70621 6.53337 -20.8325
      vertex 4.86518 8.42673 -19.7312
    endloop
  endfacet
  facet normal 0.16957 0.343858 -0.923584
    outer loop
      vertex 2.70621 6.53337 -20.8325
      vertex 3.72364 8.98967 -19.7312
      vertex 4.86518 8.42673 -19.7312
    endloop
  endfacet
  facet normal 0.123239 0.363049 -0.923584
    outer loop
      vertex 2.70621 6.53337 -20.8325
      vertex 1.83028 6.83071 -20.8325
      vertex 3.72364 8.98967 -19.7312
    endloop
  endfacet
  facet normal 0.12324 0.363048 -0.923584
    outer loop
      vertex 1.83028 6.83071 -20.8325
      vertex 2.5184 9.3988 -19.7312
      vertex 3.72364 8.98967 -19.7312
    endloop
  endfacet
  facet normal 0.074796 0.376028 -0.923584
    outer loop
      vertex 1.83028 6.83071 -20.8325
      vertex 0.923038 7.01117 -20.8325
      vertex 2.5184 9.3988 -19.7312
    endloop
  endfacet
  facet normal 0.0747971 0.376028 -0.923585
    outer loop
      vertex 0.923038 7.01117 -20.8325
      vertex 1.27007 9.64711 -19.7312
      vertex 2.5184 9.3988 -19.7312
    endloop
  endfacet
  facet normal 0.0250756 0.382574 -0.923585
    outer loop
      vertex 0.923038 7.01117 -20.8325
      vertex 0 7.07167 -20.8325
      vertex 1.27007 9.64711 -19.7312
    endloop
  endfacet
  facet normal 0.0250738 0.382575 -0.923584
    outer loop
      vertex 0 7.07167 -20.8325
      vertex 0 9.73035 -19.7312
      vertex 1.27007 9.64711 -19.7312
    endloop
  endfacet
  facet normal -0.0250756 0.382575 -0.923584
    outer loop
      vertex 0 7.07167 -20.8325
      vertex -0.923038 7.01117 -20.8325
      vertex 0 9.73035 -19.7312
    endloop
  endfacet
  facet normal -0.0250738 0.382574 -0.923585
    outer loop
      vertex -0.923038 7.01117 -20.8325
      vertex -1.27007 9.64711 -19.7312
      vertex 0 9.73035 -19.7312
    endloop
  endfacet
  facet normal -0.0747959 0.376028 -0.923585
    outer loop
      vertex -0.923038 7.01117 -20.8325
      vertex -1.83028 6.83071 -20.8325
      vertex -1.27007 9.64711 -19.7312
    endloop
  endfacet
  facet normal -0.0747972 0.376028 -0.923584
    outer loop
      vertex -1.83028 6.83071 -20.8325
      vertex -2.5184 9.3988 -19.7312
      vertex -1.27007 9.64711 -19.7312
    endloop
  endfacet
  facet normal -0.123239 0.363048 -0.923584
    outer loop
      vertex -1.83028 6.83071 -20.8325
      vertex -2.70621 6.53337 -20.8325
      vertex -2.5184 9.3988 -19.7312
    endloop
  endfacet
  facet normal -0.12324 0.363048 -0.923584
    outer loop
      vertex -2.70621 6.53337 -20.8325
      vertex -3.72364 8.98967 -19.7312
      vertex -2.5184 9.3988 -19.7312
    endloop
  endfacet
  facet normal -0.169574 0.343856 -0.923584
    outer loop
      vertex -2.70621 6.53337 -20.8325
      vertex -3.53583 6.12424 -20.8325
      vertex -3.72364 8.98967 -19.7312
    endloop
  endfacet
  facet normal -0.16957 0.343857 -0.923585
    outer loop
      vertex -3.53583 6.12424 -20.8325
      vertex -4.86518 8.42673 -19.7312
      vertex -3.72364 8.98967 -19.7312
    endloop
  endfacet
  facet normal -0.213001 0.318782 -0.923585
    outer loop
      vertex -3.53583 6.12424 -20.8325
      vertex -4.30496 5.61033 -20.8325
      vertex -4.86518 8.42673 -19.7312
    endloop
  endfacet
  facet normal -0.213003 0.318781 -0.923585
    outer loop
      vertex -4.30496 5.61033 -20.8325
      vertex -5.92346 7.71961 -19.7312
      vertex -4.86518 8.42673 -19.7312
    endloop
  endfacet
  facet normal -0.252792 0.28825 -0.923584
    outer loop
      vertex -4.30496 5.61033 -20.8325
      vertex -5.00042 5.00042 -20.8325
      vertex -5.92346 7.71961 -19.7312
    endloop
  endfacet
  facet normal -0.252788 0.288251 -0.923585
    outer loop
      vertex -5.00042 5.00042 -20.8325
      vertex -6.8804 6.8804 -19.7312
      vertex -5.92346 7.71961 -19.7312
    endloop
  endfacet
  facet normal -0.288249 0.252791 -0.923585
    outer loop
      vertex -5.00042 5.00042 -20.8325
      vertex -5.61033 4.30496 -20.8325
      vertex -6.8804 6.8804 -19.7312
    endloop
  endfacet
  facet normal -0.288252 0.252789 -0.923585
    outer loop
      vertex -5.61033 4.30496 -20.8325
      vertex -7.71961 5.92346 -19.7312
      vertex -6.8804 6.8804 -19.7312
    endloop
  endfacet
  facet normal -0.318782 0.213001 -0.923584
    outer loop
      vertex -5.61033 4.30496 -20.8325
      vertex -6.12424 3.53583 -20.8325
      vertex -7.71961 5.92346 -19.7312
    endloop
  endfacet
  facet normal -0.318781 0.213002 -0.923585
    outer loop
      vertex -6.12424 3.53583 -20.8325
      vertex -8.42673 4.86518 -19.7312
      vertex -7.71961 5.92346 -19.7312
    endloop
  endfacet
  facet normal -0.343855 0.169573 -0.923585
    outer loop
      vertex -6.12424 3.53583 -20.8325
      vertex -6.53337 2.70621 -20.8325
      vertex -8.42673 4.86518 -19.7312
    endloop
  endfacet
  facet normal -0.343858 0.16957 -0.923584
    outer loop
      vertex -6.53337 2.70621 -20.8325
      vertex -8.98967 3.72364 -19.7312
      vertex -8.42673 4.86518 -19.7312
    endloop
  endfacet
  facet normal -0.363049 0.123239 -0.923584
    outer loop
      vertex -6.53337 2.70621 -20.8325
      vertex -6.83071 1.83028 -20.8325
      vertex -8.98967 3.72364 -19.7312
    endloop
  endfacet
  facet normal -0.363048 0.12324 -0.923584
    outer loop
      vertex -6.83071 1.83028 -20.8325
      vertex -9.3988 2.5184 -19.7312
      vertex -8.98967 3.72364 -19.7312
    endloop
  endfacet
  facet normal -0.376028 0.074796 -0.923584
    outer loop
      vertex -6.83071 1.83028 -20.8325
      vertex -7.01117 0.923038 -20.8325
      vertex -9.3988 2.5184 -19.7312
    endloop
  endfacet
  facet normal -0.376028 0.0747971 -0.923585
    outer loop
      vertex -7.01117 0.923038 -20.8325
      vertex -9.64711 1.27007 -19.7312
      vertex -9.3988 2.5184 -19.7312
    endloop
  endfacet
  facet normal -0.382574 0.0250756 -0.923585
    outer loop
      vertex -7.01117 0.923038 -20.8325
      vertex -7.07167 -0 -20.8325
      vertex -9.64711 1.27007 -19.7312
    endloop
  endfacet
  facet normal -0.382575 0.0250738 -0.923584
    outer loop
      vertex -7.07167 -0 -20.8325
      vertex -9.73035 -0 -19.7312
      vertex -9.64711 1.27007 -19.7312
    endloop
  endfacet
  facet normal -0.382575 -0.0250756 -0.923584
    outer loop
      vertex -7.07167 -0 -20.8325
      vertex -7.01117 -0.923038 -20.8325
      vertex -9.73035 -0 -19.7312
    endloop
  endfacet
  facet normal -0.382574 -0.0250738 -0.923585
    outer loop
      vertex -7.01117 -0.923038 -20.8325
      vertex -9.64711 -1.27007 -19.7312
      vertex -9.73035 -0 -19.7312
    endloop
  endfacet
  facet normal -0.376028 -0.0747959 -0.923585
    outer loop
      vertex -7.01117 -0.923038 -20.8325
      vertex -6.83071 -1.83028 -20.8325
      vertex -9.64711 -1.27007 -19.7312
    endloop
  endfacet
  facet normal -0.376028 -0.0747972 -0.923584
    outer loop
      vertex -6.83071 -1.83028 -20.8325
      vertex -9.3988 -2.5184 -19.7312
      vertex -9.64711 -1.27007 -19.7312
    endloop
  endfacet
  facet normal -0.363048 -0.123239 -0.923584
    outer loop
      vertex -6.83071 -1.83028 -20.8325
      vertex -6.53337 -2.70621 -20.8325
      vertex -9.3988 -2.5184 -19.7312
    endloop
  endfacet
  facet normal -0.363048 -0.12324 -0.923584
    outer loop
      vertex -6.53337 -2.70621 -20.8325
      vertex -8.98967 -3.72364 -19.7312
      vertex -9.3988 -2.5184 -19.7312
    endloop
  endfacet
  facet normal -0.343856 -0.169574 -0.923584
    outer loop
      vertex -6.53337 -2.70621 -20.8325
      vertex -6.12424 -3.53583 -20.8325
      vertex -8.98967 -3.72364 -19.7312
    endloop
  endfacet
  facet normal -0.343857 -0.16957 -0.923585
    outer loop
      vertex -6.12424 -3.53583 -20.8325
      vertex -8.42673 -4.86518 -19.7312
      vertex -8.98967 -3.72364 -19.7312
    endloop
  endfacet
  facet normal -0.318782 -0.213001 -0.923585
    outer loop
      vertex -6.12424 -3.53583 -20.8325
      vertex -5.61033 -4.30496 -20.8325
      vertex -8.42673 -4.86518 -19.7312
    endloop
  endfacet
  facet normal -0.318781 -0.213003 -0.923585
    outer loop
      vertex -5.61033 -4.30496 -20.8325
      vertex -7.71961 -5.92346 -19.7312
      vertex -8.42673 -4.86518 -19.7312
    endloop
  endfacet
  facet normal -0.28825 -0.252792 -0.923584
    outer loop
      vertex -5.61033 -4.30496 -20.8325
      vertex -5.00042 -5.00042 -20.8325
      vertex -7.71961 -5.92346 -19.7312
    endloop
  endfacet
  facet normal -0.288251 -0.252788 -0.923585
    outer loop
      vertex -5.00042 -5.00042 -20.8325
      vertex -6.8804 -6.8804 -19.7312
      vertex -7.71961 -5.92346 -19.7312
    endloop
  endfacet
  facet normal -0.252791 -0.288249 -0.923585
    outer loop
      vertex -5.00042 -5.00042 -20.8325
      vertex -4.30496 -5.61033 -20.8325
      vertex -6.8804 -6.8804 -19.7312
    endloop
  endfacet
  facet normal -0.252789 -0.288252 -0.923585
    outer loop
      vertex -4.30496 -5.61033 -20.8325
      vertex -5.92346 -7.71961 -19.7312
      vertex -6.8804 -6.8804 -19.7312
    endloop
  endfacet
  facet normal -0.213001 -0.318782 -0.923584
    outer loop
      vertex -4.30496 -5.61033 -20.8325
      vertex -3.53583 -6.12424 -20.8325
      vertex -5.92346 -7.71961 -19.7312
    endloop
  endfacet
  facet normal -0.213002 -0.318781 -0.923585
    outer loop
      vertex -3.53583 -6.12424 -20.8325
      vertex -4.86518 -8.42673 -19.7312
      vertex -5.92346 -7.71961 -19.7312
    endloop
  endfacet
  facet normal -0.169573 -0.343855 -0.923585
    outer loop
      vertex -3.53583 -6.12424 -20.8325
      vertex -2.70621 -6.53337 -20.8325
      vertex -4.86518 -8.42673 -19.7312
    endloop
  endfacet
  facet normal -0.16957 -0.343858 -0.923584
    outer loop
      vertex -2.70621 -6.53337 -20.8325
      vertex -3.72364 -8.98967 -19.7312
      vertex -4.86518 -8.42673 -19.7312
    endloop
  endfacet
  facet normal -0.123239 -0.363049 -0.923584
    outer loop
      vertex -2.70621 -6.53337 -20.8325
      vertex -1.83028 -6.83071 -20.8325
      vertex -3.72364 -8.98967 -19.7312
    endloop
  endfacet
  facet normal -0.12324 -0.363048 -0.923584
    outer loop
      vertex -1.83028 -6.83071 -20.8325
      vertex -2.5184 -9.3988 -19.7312
      vertex -3.72364 -8.98967 -19.7312
    endloop
  endfacet
  facet normal -0.074796 -0.376028 -0.923584
    outer loop
      vertex -1.83028 -6.83071 -20.8325
      vertex -0.923038 -7.01117 -20.8325
      vertex -2.5184 -9.3988 -19.7312
    endloop
  endfacet
  facet normal -0.0747971 -0.376028 -0.923585
    outer loop
      vertex -0.923038 -7.01117 -20.8325
      vertex -1.27007 -9.64711 -19.7312
      vertex -2.5184 -9.3988 -19.7312
    endloop
  endfacet
  facet normal -0.0250756 -0.382574 -0.923585
    outer loop
      vertex -0.923038 -7.01117 -20.8325
      vertex -0 -7.07167 -20.8325
      vertex -1.27007 -9.64711 -19.7312
    endloop
  endfacet
  facet normal -0.0250738 -0.382575 -0.923584
    outer loop
      vertex -0 -7.07167 -20.8325
      vertex -0 -9.73035 -19.7312
      vertex -1.27007 -9.64711 -19.7312
    endloop
  endfacet
  facet normal 0.0250756 -0.382575 -0.923584
    outer loop
      vertex -0 -7.07167 -20.8325
      vertex 0.923038 -7.01117 -20.8325
      vertex -0 -9.73035 -19.7312
    endloop
  endfacet
  facet normal 0.0250738 -0.382574 -0.923585
    outer loop
      vertex 0.923038 -7.01117 -20.8325
      vertex 1.27007 -9.64711 -19.7312
      vertex -0 -9.73035 -19.7312
    endloop
  endfacet
  facet normal 0.0747959 -0.376028 -0.923585
    outer loop
      vertex 0.923038 -7.01117 -20.8325
      vertex 1.83028 -6.83071 -20.8325
      vertex 1.27007 -9.64711 -19.7312
    endloop
  endfacet
  facet normal 0.0747972 -0.376028 -0.923584
    outer loop
      vertex 1.83028 -6.83071 -20.8325
      vertex 2.5184 -9.3988 -19.7312
      vertex 1.27007 -9.64711 -19.7312
    endloop
  endfacet
  facet normal 0.123239 -0.363048 -0.923584
    outer loop
      vertex 1.83028 -6.83071 -20.8325
      vertex 2.70621 -6.53337 -20.8325
      vertex 2.5184 -9.3988 -19.7312
    endloop
  endfacet
  facet normal 0.12324 -0.363048 -0.923584
    outer loop
      vertex 2.70621 -6.53337 -20.8325
      vertex 3.72364 -8.98967 -19.7312
      vertex 2.5184 -9.3988 -19.7312
    endloop
  endfacet
  facet normal 0.169574 -0.343856 -0.923584
    outer loop
      vertex 2.70621 -6.53337 -20.8325
      vertex 3.53583 -6.12424 -20.8325
      vertex 3.72364 -8.98967 -19.7312
    endloop
  endfacet
  facet normal 0.16957 -0.343857 -0.923585
    outer loop
      vertex 3.53583 -6.12424 -20.8325
      vertex 4.86518 -8.42673 -19.7312
      vertex 3.72364 -8.98967 -19.7312
    endloop
  endfacet
  facet normal 0.213001 -0.318782 -0.923585
    outer loop
      vertex 3.53583 -6.12424 -20.8325
      vertex 4.30496 -5.61033 -20.8325
      vertex 4.86518 -8.42673 -19.7312
    endloop
  endfacet
  facet normal 0.213003 -0.318781 -0.923585
    outer loop
      vertex 4.30496 -5.61033 -20.8325
      vertex 5.92346 -7.71961 -19.7312
      vertex 4.86518 -8.42673 -19.7312
    endloop
  endfacet
  facet normal 0.252792 -0.28825 -0.923584
    outer loop
      vertex 4.30496 -5.61033 -20.8325
      vertex 5.00042 -5.00042 -20.8325
      vertex 5.92346 -7.71961 -19.7312
    endloop
  endfacet
  facet normal 0.252788 -0.288251 -0.923585
    outer loop
      vertex 5.00042 -5.00042 -20.8325
      vertex 6.8804 -6.8804 -19.7312
      vertex 5.92346 -7.71961 -19.7312
    endloop
  endfacet
  facet normal 0.288249 -0.252791 -0.923585
    outer loop
      vertex 5.00042 -5.00042 -20.8325
      vertex 5.61033 -4.30496 -20.8325
      vertex 6.8804 -6.8804 -19.7312
    endloop
  endfacet
  facet normal 0.288252 -0.252789 -0.923585
    outer loop
      vertex 5.61033 -4.30496 -20.8325
      vertex 7.71961 -5.92346 -19.7312
      vertex 6.8804 -6.8804 -19.7312
    endloop
  endfacet
  facet normal 0.318782 -0.213001 -0.923584
    outer loop
      vertex 5.61033 -4.30496 -20.8325
      vertex 6.12424 -3.53583 -20.8325
      vertex 7.71961 -5.92346 -19.7312
    endloop
  endfacet
  facet normal 0.318781 -0.213002 -0.923585
    outer loop
      vertex 6.12424 -3.53583 -20.8325
      vertex 8.42673 -4.86518 -19.7312
      vertex 7.71961 -5.92346 -19.7312
    endloop
  endfacet
  facet normal 0.343855 -0.169573 -0.923585
    outer loop
      vertex 6.12424 -3.53583 -20.8325
      vertex 6.53337 -2.70621 -20.8325
      vertex 8.42673 -4.86518 -19.7312
    endloop
  endfacet
  facet normal 0.343858 -0.16957 -0.923584
    outer loop
      vertex 6.53337 -2.70621 -20.8325
      vertex 8.98967 -3.72364 -19.7312
      vertex 8.42673 -4.86518 -19.7312
    endloop
  endfacet
  facet normal 0.363049 -0.123239 -0.923584
    outer loop
      vertex 6.53337 -2.70621 -20.8325
      vertex 6.83071 -1.83028 -20.8325
      vertex 8.98967 -3.72364 -19.7312
    endloop
  endfacet
  facet normal 0.363048 -0.12324 -0.923584
    outer loop
      vertex 6.83071 -1.83028 -20.8325
      vertex 9.3988 -2.5184 -19.7312
      vertex 8.98967 -3.72364 -19.7312
    endloop
  endfacet
  facet normal 0.376028 -0.074796 -0.923584
    outer loop
      vertex 6.83071 -1.83028 -20.8325
      vertex 7.01117 -0.923038 -20.8325
      vertex 9.3988 -2.5184 -19.7312
    endloop
  endfacet
  facet normal 0.376028 -0.0747971 -0.923585
    outer loop
      vertex 7.01117 -0.923038 -20.8325
      vertex 9.64711 -1.27007 -19.7312
      vertex 9.3988 -2.5184 -19.7312
    endloop
  endfacet
  facet normal 0.382574 -0.0250756 -0.923585
    outer loop
      vertex 7.01117 -0.923038 -20.8325
      vertex 7.07167 0 -20.8325
      vertex 9.64711 -1.27007 -19.7312
    endloop
  endfacet
  facet normal 0.382575 -0.0250738 -0.923584
    outer loop
      vertex 7.07167 0 -20.8325
      vertex 9.73035 0 -19.7312
      vertex 9.64711 -1.27007 -19.7312
    endloop
  endfacet
  facet normal 0.258778 0.0169618 -0.965788
    outer loop
      vertex 4.29199 0 -21.5773
      vertex 4.25527 0.560217 -21.5773
      vertex 7.07167 0 -20.8325
    endloop
  endfacet
  facet normal 0.258778 0.0169614 -0.965788
    outer loop
      vertex 4.25527 0.560217 -21.5773
      vertex 7.01117 0.923038 -20.8325
      vertex 7.07167 0 -20.8325
    endloop
  endfacet
  facet normal 0.25435 0.0505943 -0.965788
    outer loop
      vertex 4.25527 0.560217 -21.5773
      vertex 4.14574 1.11085 -21.5773
      vertex 7.01117 0.923038 -20.8325
    endloop
  endfacet
  facet normal 0.25435 0.0505928 -0.965788
    outer loop
      vertex 4.14574 1.11085 -21.5773
      vertex 6.83071 1.83028 -20.8325
      vertex 7.01117 0.923038 -20.8325
    endloop
  endfacet
  facet normal 0.24557 0.0833594 -0.965788
    outer loop
      vertex 4.14574 1.11085 -21.5773
      vertex 3.96528 1.64247 -21.5773
      vertex 6.83071 1.83028 -20.8325
    endloop
  endfacet
  facet normal 0.24557 0.0833602 -0.965788
    outer loop
      vertex 3.96528 1.64247 -21.5773
      vertex 6.53337 2.70621 -20.8325
      vertex 6.83071 1.83028 -20.8325
    endloop
  endfacet
  facet normal 0.232588 0.1147 -0.965788
    outer loop
      vertex 3.96528 1.64247 -21.5773
      vertex 3.71697 2.14599 -21.5773
      vertex 6.53337 2.70621 -20.8325
    endloop
  endfacet
  facet normal 0.232588 0.114702 -0.965788
    outer loop
      vertex 3.71697 2.14599 -21.5773
      vertex 6.12424 3.53583 -20.8325
      vertex 6.53337 2.70621 -20.8325
    endloop
  endfacet
  facet normal 0.215628 0.144077 -0.965788
    outer loop
      vertex 3.71697 2.14599 -21.5773
      vertex 3.40506 2.6128 -21.5773
      vertex 6.12424 3.53583 -20.8325
    endloop
  endfacet
  facet normal 0.215628 0.144076 -0.965788
    outer loop
      vertex 3.40506 2.6128 -21.5773
      vertex 5.61033 4.30496 -20.8325
      vertex 6.12424 3.53583 -20.8325
    endloop
  endfacet
  facet normal 0.194975 0.170992 -0.965788
    outer loop
      vertex 3.40506 2.6128 -21.5773
      vertex 3.03489 3.03489 -21.5773
      vertex 5.61033 4.30496 -20.8325
    endloop
  endfacet
  facet normal 0.194976 0.170991 -0.965788
    outer loop
      vertex 3.03489 3.03489 -21.5773
      vertex 5.00042 5.00042 -20.8325
      vertex 5.61033 4.30496 -20.8325
    endloop
  endfacet
  facet normal 0.170992 0.194975 -0.965788
    outer loop
      vertex 3.03489 3.03489 -21.5773
      vertex 2.6128 3.40506 -21.5773
      vertex 5.00042 5.00042 -20.8325
    endloop
  endfacet
  facet normal 0.170991 0.194976 -0.965788
    outer loop
      vertex 2.6128 3.40506 -21.5773
      vertex 4.30496 5.61033 -20.8325
      vertex 5.00042 5.00042 -20.8325
    endloop
  endfacet
  facet normal 0.144077 0.215628 -0.965788
    outer loop
      vertex 2.6128 3.40506 -21.5773
      vertex 2.14599 3.71697 -21.5773
      vertex 4.30496 5.61033 -20.8325
    endloop
  endfacet
  facet normal 0.144076 0.215628 -0.965788
    outer loop
      vertex 2.14599 3.71697 -21.5773
      vertex 3.53583 6.12424 -20.8325
      vertex 4.30496 5.61033 -20.8325
    endloop
  endfacet
  facet normal 0.114701 0.232589 -0.965788
    outer loop
      vertex 2.14599 3.71697 -21.5773
      vertex 1.64247 3.96528 -21.5773
      vertex 3.53583 6.12424 -20.8325
    endloop
  endfacet
  facet normal 0.114701 0.232588 -0.965788
    outer loop
      vertex 1.64247 3.96528 -21.5773
      vertex 2.70621 6.53337 -20.8325
      vertex 3.53583 6.12424 -20.8325
    endloop
  endfacet
  facet normal 0.0833595 0.24557 -0.965788
    outer loop
      vertex 1.64247 3.96528 -21.5773
      vertex 1.11085 4.14574 -21.5773
      vertex 2.70621 6.53337 -20.8325
    endloop
  endfacet
  facet normal 0.0833602 0.24557 -0.965788
    outer loop
      vertex 1.11085 4.14574 -21.5773
      vertex 1.83028 6.83071 -20.8325
      vertex 2.70621 6.53337 -20.8325
    endloop
  endfacet
  facet normal 0.0505943 0.254349 -0.965788
    outer loop
      vertex 1.11085 4.14574 -21.5773
      vertex 0.560217 4.25527 -21.5773
      vertex 1.83028 6.83071 -20.8325
    endloop
  endfacet
  facet normal 0.0505929 0.25435 -0.965788
    outer loop
      vertex 0.560217 4.25527 -21.5773
      vertex 0.923038 7.01117 -20.8325
      vertex 1.83028 6.83071 -20.8325
    endloop
  endfacet
  facet normal 0.0169618 0.258777 -0.965788
    outer loop
      vertex 0.560217 4.25527 -21.5773
      vertex 0 4.29199 -21.5773
      vertex 0.923038 7.01117 -20.8325
    endloop
  endfacet
  facet normal 0.0169614 0.258778 -0.965788
    outer loop
      vertex 0 4.29199 -21.5773
      vertex 0 7.07167 -20.8325
      vertex 0.923038 7.01117 -20.8325
    endloop
  endfacet
  facet normal -0.0169618 0.258778 -0.965788
    outer loop
      vertex 0 4.29199 -21.5773
      vertex -0.560217 4.25527 -21.5773
      vertex 0 7.07167 -20.8325
    endloop
  endfacet
  facet normal -0.0169614 0.258778 -0.965788
    outer loop
      vertex -0.560217 4.25527 -21.5773
      vertex -0.923038 7.01117 -20.8325
      vertex 0 7.07167 -20.8325
    endloop
  endfacet
  facet normal -0.0505943 0.25435 -0.965788
    outer loop
      vertex -0.560217 4.25527 -21.5773
      vertex -1.11085 4.14574 -21.5773
      vertex -0.923038 7.01117 -20.8325
    endloop
  endfacet
  facet normal -0.0505928 0.25435 -0.965788
    outer loop
      vertex -1.11085 4.14574 -21.5773
      vertex -1.83028 6.83071 -20.8325
      vertex -0.923038 7.01117 -20.8325
    endloop
  endfacet
  facet normal -0.0833594 0.24557 -0.965788
    outer loop
      vertex -1.11085 4.14574 -21.5773
      vertex -1.64247 3.96528 -21.5773
      vertex -1.83028 6.83071 -20.8325
    endloop
  endfacet
  facet normal -0.0833602 0.24557 -0.965788
    outer loop
      vertex -1.64247 3.96528 -21.5773
      vertex -2.70621 6.53337 -20.8325
      vertex -1.83028 6.83071 -20.8325
    endloop
  endfacet
  facet normal -0.1147 0.232588 -0.965788
    outer loop
      vertex -1.64247 3.96528 -21.5773
      vertex -2.14599 3.71697 -21.5773
      vertex -2.70621 6.53337 -20.8325
    endloop
  endfacet
  facet normal -0.114702 0.232588 -0.965788
    outer loop
      vertex -2.14599 3.71697 -21.5773
      vertex -3.53583 6.12424 -20.8325
      vertex -2.70621 6.53337 -20.8325
    endloop
  endfacet
  facet normal -0.144077 0.215628 -0.965788
    outer loop
      vertex -2.14599 3.71697 -21.5773
      vertex -2.6128 3.40506 -21.5773
      vertex -3.53583 6.12424 -20.8325
    endloop
  endfacet
  facet normal -0.144076 0.215628 -0.965788
    outer loop
      vertex -2.6128 3.40506 -21.5773
      vertex -4.30496 5.61033 -20.8325
      vertex -3.53583 6.12424 -20.8325
    endloop
  endfacet
  facet normal -0.170992 0.194975 -0.965788
    outer loop
      vertex -2.6128 3.40506 -21.5773
      vertex -3.03489 3.03489 -21.5773
      vertex -4.30496 5.61033 -20.8325
    endloop
  endfacet
  facet normal -0.170991 0.194976 -0.965788
    outer loop
      vertex -3.03489 3.03489 -21.5773
      vertex -5.00042 5.00042 -20.8325
      vertex -4.30496 5.61033 -20.8325
    endloop
  endfacet
  facet normal -0.194975 0.170992 -0.965788
    outer loop
      vertex -3.03489 3.03489 -21.5773
      vertex -3.40506 2.6128 -21.5773
      vertex -5.00042 5.00042 -20.8325
    endloop
  endfacet
  facet normal -0.194976 0.170991 -0.965788
    outer loop
      vertex -3.40506 2.6128 -21.5773
      vertex -5.61033 4.30496 -20.8325
      vertex -5.00042 5.00042 -20.8325
    endloop
  endfacet
  facet normal -0.215628 0.144077 -0.965788
    outer loop
      vertex -3.40506 2.6128 -21.5773
      vertex -3.71697 2.14599 -21.5773
      vertex -5.61033 4.30496 -20.8325
    endloop
  endfacet
  facet normal -0.215628 0.144076 -0.965788
    outer loop
      vertex -3.71697 2.14599 -21.5773
      vertex -6.12424 3.53583 -20.8325
      vertex -5.61033 4.30496 -20.8325
    endloop
  endfacet
  facet normal -0.232589 0.114701 -0.965788
    outer loop
      vertex -3.71697 2.14599 -21.5773
      vertex -3.96528 1.64247 -21.5773
      vertex -6.12424 3.53583 -20.8325
    endloop
  endfacet
  facet normal -0.232588 0.114701 -0.965788
    outer loop
      vertex -3.96528 1.64247 -21.5773
      vertex -6.53337 2.70621 -20.8325
      vertex -6.12424 3.53583 -20.8325
    endloop
  endfacet
  facet normal -0.24557 0.0833595 -0.965788
    outer loop
      vertex -3.96528 1.64247 -21.5773
      vertex -4.14574 1.11085 -21.5773
      vertex -6.53337 2.70621 -20.8325
    endloop
  endfacet
  facet normal -0.24557 0.0833602 -0.965788
    outer loop
      vertex -4.14574 1.11085 -21.5773
      vertex -6.83071 1.83028 -20.8325
      vertex -6.53337 2.70621 -20.8325
    endloop
  endfacet
  facet normal -0.254349 0.0505943 -0.965788
    outer loop
      vertex -4.14574 1.11085 -21.5773
      vertex -4.25527 0.560217 -21.5773
      vertex -6.83071 1.83028 -20.8325
    endloop
  endfacet
  facet normal -0.25435 0.0505929 -0.965788
    outer loop
      vertex -4.25527 0.560217 -21.5773
      vertex -7.01117 0.923038 -20.8325
      vertex -6.83071 1.83028 -20.8325
    endloop
  endfacet
  facet normal -0.258777 0.0169618 -0.965788
    outer loop
      vertex -4.25527 0.560217 -21.5773
      vertex -4.29199 -0 -21.5773
      vertex -7.01117 0.923038 -20.8325
    endloop
  endfacet
  facet normal -0.258778 0.0169614 -0.965788
    outer loop
      vertex -4.29199 -0 -21.5773
      vertex -7.07167 -0 -20.8325
      vertex -7.01117 0.923038 -20.8325
    endloop
  endfacet
  facet normal -0.258778 -0.0169618 -0.965788
    outer loop
      vertex -4.29199 -0 -21.5773
      vertex -4.25527 -0.560217 -21.5773
      vertex -7.07167 -0 -20.8325
    endloop
  endfacet
  facet normal -0.258778 -0.0169614 -0.965788
    outer loop
      vertex -4.25527 -0.560217 -21.5773
      vertex -7.01117 -0.923038 -20.8325
      vertex -7.07167 -0 -20.8325
    endloop
  endfacet
  facet normal -0.25435 -0.0505943 -0.965788
    outer loop
      vertex -4.25527 -0.560217 -21.5773
      vertex -4.14574 -1.11085 -21.5773
      vertex -7.01117 -0.923038 -20.8325
    endloop
  endfacet
  facet normal -0.25435 -0.0505928 -0.965788
    outer loop
      vertex -4.14574 -1.11085 -21.5773
      vertex -6.83071 -1.83028 -20.8325
      vertex -7.01117 -0.923038 -20.8325
    endloop
  endfacet
  facet normal -0.24557 -0.0833594 -0.965788
    outer loop
      vertex -4.14574 -1.11085 -21.5773
      vertex -3.96528 -1.64247 -21.5773
      vertex -6.83071 -1.83028 -20.8325
    endloop
  endfacet
  facet normal -0.24557 -0.0833602 -0.965788
    outer loop
      vertex -3.96528 -1.64247 -21.5773
      vertex -6.53337 -2.70621 -20.8325
      vertex -6.83071 -1.83028 -20.8325
    endloop
  endfacet
  facet normal -0.232588 -0.1147 -0.965788
    outer loop
      vertex -3.96528 -1.64247 -21.5773
      vertex -3.71697 -2.14599 -21.5773
      vertex -6.53337 -2.70621 -20.8325
    endloop
  endfacet
  facet normal -0.232588 -0.114702 -0.965788
    outer loop
      vertex -3.71697 -2.14599 -21.5773
      vertex -6.12424 -3.53583 -20.8325
      vertex -6.53337 -2.70621 -20.8325
    endloop
  endfacet
  facet normal -0.215628 -0.144077 -0.965788
    outer loop
      vertex -3.71697 -2.14599 -21.5773
      vertex -3.40506 -2.6128 -21.5773
      vertex -6.12424 -3.53583 -20.8325
    endloop
  endfacet
  facet normal -0.215628 -0.144076 -0.965788
    outer loop
      vertex -3.40506 -2.6128 -21.5773
      vertex -5.61033 -4.30496 -20.8325
      vertex -6.12424 -3.53583 -20.8325
    endloop
  endfacet
  facet normal -0.194975 -0.170992 -0.965788
    outer loop
      vertex -3.40506 -2.6128 -21.5773
      vertex -3.03489 -3.03489 -21.5773
      vertex -5.61033 -4.30496 -20.8325
    endloop
  endfacet
  facet normal -0.194976 -0.170991 -0.965788
    outer loop
      vertex -3.03489 -3.03489 -21.5773
      vertex -5.00042 -5.00042 -20.8325
      vertex -5.61033 -4.30496 -20.8325
    endloop
  endfacet
  facet normal -0.170992 -0.194975 -0.965788
    outer loop
      vertex -3.03489 -3.03489 -21.5773
      vertex -2.6128 -3.40506 -21.5773
      vertex -5.00042 -5.00042 -20.8325
    endloop
  endfacet
  facet normal -0.170991 -0.194976 -0.965788
    outer loop
      vertex -2.6128 -3.40506 -21.5773
      vertex -4.30496 -5.61033 -20.8325
      vertex -5.00042 -5.00042 -20.8325
    endloop
  endfacet
  facet normal -0.144077 -0.215628 -0.965788
    outer loop
      vertex -2.6128 -3.40506 -21.5773
      vertex -2.14599 -3.71697 -21.5773
      vertex -4.30496 -5.61033 -20.8325
    endloop
  endfacet
  facet normal -0.144076 -0.215628 -0.965788
    outer loop
      vertex -2.14599 -3.71697 -21.5773
      vertex -3.53583 -6.12424 -20.8325
      vertex -4.30496 -5.61033 -20.8325
    endloop
  endfacet
  facet normal -0.114701 -0.232589 -0.965788
    outer loop
      vertex -2.14599 -3.71697 -21.5773
      vertex -1.64247 -3.96528 -21.5773
      vertex -3.53583 -6.12424 -20.8325
    endloop
  endfacet
  facet normal -0.114701 -0.232588 -0.965788
    outer loop
      vertex -1.64247 -3.96528 -21.5773
      vertex -2.70621 -6.53337 -20.8325
      vertex -3.53583 -6.12424 -20.8325
    endloop
  endfacet
  facet normal -0.0833595 -0.24557 -0.965788
    outer loop
      vertex -1.64247 -3.96528 -21.5773
      vertex -1.11085 -4.14574 -21.5773
      vertex -2.70621 -6.53337 -20.8325
    endloop
  endfacet
  facet normal -0.0833602 -0.24557 -0.965788
    outer loop
      vertex -1.11085 -4.14574 -21.5773
      vertex -1.83028 -6.83071 -20.8325
      vertex -2.70621 -6.53337 -20.8325
    endloop
  endfacet
  facet normal -0.0505943 -0.254349 -0.965788
    outer loop
      vertex -1.11085 -4.14574 -21.5773
      vertex -0.560217 -4.25527 -21.5773
      vertex -1.83028 -6.83071 -20.8325
    endloop
  endfacet
  facet normal -0.0505929 -0.25435 -0.965788
    outer loop
      vertex -0.560217 -4.25527 -21.5773
      vertex -0.923038 -7.01117 -20.8325
      vertex -1.83028 -6.83071 -20.8325
    endloop
  endfacet
  facet normal -0.0169618 -0.258777 -0.965788
    outer loop
      vertex -0.560217 -4.25527 -21.5773
      vertex -0 -4.29199 -21.5773
      vertex -0.923038 -7.01117 -20.8325
    endloop
  endfacet
  facet normal -0.0169614 -0.258778 -0.965788
    outer loop
      vertex -0 -4.29199 -21.5773
      vertex -0 -7.07167 -20.8325
      vertex -0.923038 -7.01117 -20.8325
    endloop
  endfacet
  facet normal 0.0169618 -0.258778 -0.965788
    outer loop
      vertex -0 -4.29199 -21.5773
      vertex 0.560217 -4.25527 -21.5773
      vertex -0 -7.07167 -20.8325
    endloop
  endfacet
  facet normal 0.0169614 -0.258778 -0.965788
    outer loop
      vertex 0.560217 -4.25527 -21.5773
      vertex 0.923038 -7.01117 -20.8325
      vertex -0 -7.07167 -20.8325
    endloop
  endfacet
  facet normal 0.0505943 -0.25435 -0.965788
    outer loop
      vertex 0.560217 -4.25527 -21.5773
      vertex 1.11085 -4.14574 -21.5773
      vertex 0.923038 -7.01117 -20.8325
    endloop
  endfacet
  facet normal 0.0505928 -0.25435 -0.965788
    outer loop
      vertex 1.11085 -4.14574 -21.5773
      vertex 1.83028 -6.83071 -20.8325
      vertex 0.923038 -7.01117 -20.8325
    endloop
  endfacet
  facet normal 0.0833594 -0.24557 -0.965788
    outer loop
      vertex 1.11085 -4.14574 -21.5773
      vertex 1.64247 -3.96528 -21.5773
      vertex 1.83028 -6.83071 -20.8325
    endloop
  endfacet
  facet normal 0.0833602 -0.24557 -0.965788
    outer loop
      vertex 1.64247 -3.96528 -21.5773
      vertex 2.70621 -6.53337 -20.8325
      vertex 1.83028 -6.83071 -20.8325
    endloop
  endfacet
  facet normal 0.1147 -0.232588 -0.965788
    outer loop
      vertex 1.64247 -3.96528 -21.5773
      vertex 2.14599 -3.71697 -21.5773
      vertex 2.70621 -6.53337 -20.8325
    endloop
  endfacet
  facet normal 0.114702 -0.232588 -0.965788
    outer loop
      vertex 2.14599 -3.71697 -21.5773
      vertex 3.53583 -6.12424 -20.8325
      vertex 2.70621 -6.53337 -20.8325
    endloop
  endfacet
  facet normal 0.144077 -0.215628 -0.965788
    outer loop
      vertex 2.14599 -3.71697 -21.5773
      vertex 2.6128 -3.40506 -21.5773
      vertex 3.53583 -6.12424 -20.8325
    endloop
  endfacet
  facet normal 0.144076 -0.215628 -0.965788
    outer loop
      vertex 2.6128 -3.40506 -21.5773
      vertex 4.30496 -5.61033 -20.8325
      vertex 3.53583 -6.12424 -20.8325
    endloop
  endfacet
  facet normal 0.170992 -0.194975 -0.965788
    outer loop
      vertex 2.6128 -3.40506 -21.5773
      vertex 3.03489 -3.03489 -21.5773
      vertex 4.30496 -5.61033 -20.8325
    endloop
  endfacet
  facet normal 0.170991 -0.194976 -0.965788
    outer loop
      vertex 3.03489 -3.03489 -21.5773
      vertex 5.00042 -5.00042 -20.8325
      vertex 4.30496 -5.61033 -20.8325
    endloop
  endfacet
  facet normal 0.194975 -0.170992 -0.965788
    outer loop
      vertex 3.03489 -3.03489 -21.5773
      vertex 3.40506 -2.6128 -21.5773
      vertex 5.00042 -5.00042 -20.8325
    endloop
  endfacet
  facet normal 0.194976 -0.170991 -0.965788
    outer loop
      vertex 3.40506 -2.6128 -21.5773
      vertex 5.61033 -4.30496 -20.8325
      vertex 5.00042 -5.00042 -20.8325
    endloop
  endfacet
  facet normal 0.215628 -0.144077 -0.965788
    outer loop
      vertex 3.40506 -2.6128 -21.5773
      vertex 3.71697 -2.14599 -21.5773
      vertex 5.61033 -4.30496 -20.8325
    endloop
  endfacet
  facet normal 0.215628 -0.144076 -0.965788
    outer loop
      vertex 3.71697 -2.14599 -21.5773
      vertex 6.12424 -3.53583 -20.8325
      vertex 5.61033 -4.30496 -20.8325
    endloop
  endfacet
  facet normal 0.232589 -0.114701 -0.965788
    outer loop
      vertex 3.71697 -2.14599 -21.5773
      vertex 3.96528 -1.64247 -21.5773
      vertex 6.12424 -3.53583 -20.8325
    endloop
  endfacet
  facet normal 0.232588 -0.114701 -0.965788
    outer loop
      vertex 3.96528 -1.64247 -21.5773
      vertex 6.53337 -2.70621 -20.8325
      vertex 6.12424 -3.53583 -20.8325
    endloop
  endfacet
  facet normal 0.24557 -0.0833595 -0.965788
    outer loop
      vertex 3.96528 -1.64247 -21.5773
      vertex 4.14574 -1.11085 -21.5773
      vertex 6.53337 -2.70621 -20.8325
    endloop
  endfacet
  facet normal 0.24557 -0.0833602 -0.965788
    outer loop
      vertex 4.14574 -1.11085 -21.5773
      vertex 6.83071 -1.83028 -20.8325
      vertex 6.53337 -2.70621 -20.8325
    endloop
  endfacet
  facet normal 0.254349 -0.0505943 -0.965788
    outer loop
      vertex 4.14574 -1.11085 -21.5773
      vertex 4.25527 -0.560217 -21.5773
      vertex 6.83071 -1.83028 -20.8325
    endloop
  endfacet
  facet normal 0.25435 -0.0505929 -0.965788
    outer loop
      vertex 4.25527 -0.560217 -21.5773
      vertex 7.01117 -0.923038 -20.8325
      vertex 6.83071 -1.83028 -20.8325
    endloop
  endfacet
  facet normal 0.258777 -0.0169618 -0.965788
    outer loop
      vertex 4.25527 -0.560217 -21.5773
      vertex 4.29199 0 -21.5773
      vertex 7.01117 -0.923038 -20.8325
    endloop
  endfacet
  facet normal 0.258778 -0.0169614 -0.965788
    outer loop
      vertex 4.29199 0 -21.5773
      vertex 7.07167 0 -20.8325
      vertex 7.01117 -0.923038 -20.8325
    endloop
  endfacet
  facet normal 0.130514 0.00855457 -0.991409
    outer loop
      vertex 1.43887 0 -21.9529
      vertex 1.42656 0.18781 -21.9529
      vertex 4.29199 0 -21.5773
    endloop
  endfacet
  facet normal 0.130514 0.00855471 -0.991409
    outer loop
      vertex 1.42656 0.18781 -21.9529
      vertex 4.25527 0.560217 -21.5773
      vertex 4.29199 0 -21.5773
    endloop
  endfacet
  facet normal 0.128281 0.0255177 -0.991409
    outer loop
      vertex 1.42656 0.18781 -21.9529
      vertex 1.38984 0.372407 -21.9529
      vertex 4.25527 0.560217 -21.5773
    endloop
  endfacet
  facet normal 0.128281 0.0255173 -0.991409
    outer loop
      vertex 1.38984 0.372407 -21.9529
      vertex 4.14574 1.11085 -21.5773
      vertex 4.25527 0.560217 -21.5773
    endloop
  endfacet
  facet normal 0.123853 0.0420432 -0.991409
    outer loop
      vertex 1.38984 0.372407 -21.9529
      vertex 1.32934 0.550631 -21.9529
      vertex 4.14574 1.11085 -21.5773
    endloop
  endfacet
  facet normal 0.123853 0.0420424 -0.991409
    outer loop
      vertex 1.32934 0.550631 -21.9529
      vertex 3.96528 1.64247 -21.5773
      vertex 4.14574 1.11085 -21.5773
    endloop
  endfacet
  facet normal 0.117307 0.0578464 -0.99141
    outer loop
      vertex 1.32934 0.550631 -21.9529
      vertex 1.2461 0.719434 -21.9529
      vertex 3.96528 1.64247 -21.5773
    endloop
  endfacet
  facet normal 0.117306 0.0578493 -0.991409
    outer loop
      vertex 1.2461 0.719434 -21.9529
      vertex 3.71697 2.14599 -21.5773
      vertex 3.96528 1.64247 -21.5773
    endloop
  endfacet
  facet normal 0.108751 0.0726677 -0.991409
    outer loop
      vertex 1.2461 0.719434 -21.9529
      vertex 1.14153 0.875928 -21.9529
      vertex 3.71697 2.14599 -21.5773
    endloop
  endfacet
  facet normal 0.108752 0.0726652 -0.991409
    outer loop
      vertex 1.14153 0.875928 -21.9529
      vertex 3.40506 2.6128 -21.5773
      vertex 3.71697 2.14599 -21.5773
    endloop
  endfacet
  facet normal 0.0983346 0.0862413 -0.991409
    outer loop
      vertex 1.14153 0.875928 -21.9529
      vertex 1.01743 1.01743 -21.9529
      vertex 3.40506 2.6128 -21.5773
    endloop
  endfacet
  facet normal 0.0983357 0.0862397 -0.99141
    outer loop
      vertex 1.01743 1.01743 -21.9529
      vertex 3.03489 3.03489 -21.5773
      vertex 3.40506 2.6128 -21.5773
    endloop
  endfacet
  facet normal 0.0862411 0.0983343 -0.99141
    outer loop
      vertex 1.01743 1.01743 -21.9529
      vertex 0.875928 1.14153 -21.9529
      vertex 3.03489 3.03489 -21.5773
    endloop
  endfacet
  facet normal 0.0862398 0.0983358 -0.991409
    outer loop
      vertex 0.875928 1.14153 -21.9529
      vertex 2.6128 3.40506 -21.5773
      vertex 3.03489 3.03489 -21.5773
    endloop
  endfacet
  facet normal 0.0726674 0.10875 -0.99141
    outer loop
      vertex 0.875928 1.14153 -21.9529
      vertex 0.719434 1.2461 -21.9529
      vertex 2.6128 3.40506 -21.5773
    endloop
  endfacet
  facet normal 0.0726653 0.108752 -0.991409
    outer loop
      vertex 0.719434 1.2461 -21.9529
      vertex 2.14599 3.71697 -21.5773
      vertex 2.6128 3.40506 -21.5773
    endloop
  endfacet
  facet normal 0.0578466 0.117308 -0.991409
    outer loop
      vertex 0.719434 1.2461 -21.9529
      vertex 0.550631 1.32934 -21.9529
      vertex 2.14599 3.71697 -21.5773
    endloop
  endfacet
  facet normal 0.0578492 0.117306 -0.991409
    outer loop
      vertex 0.550631 1.32934 -21.9529
      vertex 1.64247 3.96528 -21.5773
      vertex 2.14599 3.71697 -21.5773
    endloop
  endfacet
  facet normal 0.0420432 0.123853 -0.99141
    outer loop
      vertex 0.550631 1.32934 -21.9529
      vertex 0.372407 1.38984 -21.9529
      vertex 1.64247 3.96528 -21.5773
    endloop
  endfacet
  facet normal 0.0420424 0.123853 -0.991409
    outer loop
      vertex 0.372407 1.38984 -21.9529
      vertex 1.11085 4.14574 -21.5773
      vertex 1.64247 3.96528 -21.5773
    endloop
  endfacet
  facet normal 0.0255177 0.128281 -0.991409
    outer loop
      vertex 0.372407 1.38984 -21.9529
      vertex 0.18781 1.42656 -21.9529
      vertex 1.11085 4.14574 -21.5773
    endloop
  endfacet
  facet normal 0.0255173 0.128281 -0.991409
    outer loop
      vertex 0.18781 1.42656 -21.9529
      vertex 0.560217 4.25527 -21.5773
      vertex 1.11085 4.14574 -21.5773
    endloop
  endfacet
  facet normal 0.00855457 0.130514 -0.991409
    outer loop
      vertex 0.18781 1.42656 -21.9529
      vertex 0 1.43887 -21.9529
      vertex 0.560217 4.25527 -21.5773
    endloop
  endfacet
  facet normal 0.0085547 0.130514 -0.991409
    outer loop
      vertex 0 1.43887 -21.9529
      vertex 0 4.29199 -21.5773
      vertex 0.560217 4.25527 -21.5773
    endloop
  endfacet
  facet normal -0.00855457 0.130514 -0.991409
    outer loop
      vertex 0 1.43887 -21.9529
      vertex -0.18781 1.42656 -21.9529
      vertex 0 4.29199 -21.5773
    endloop
  endfacet
  facet normal -0.00855471 0.130514 -0.991409
    outer loop
      vertex -0.18781 1.42656 -21.9529
      vertex -0.560217 4.25527 -21.5773
      vertex 0 4.29199 -21.5773
    endloop
  endfacet
  facet normal -0.0255177 0.128281 -0.991409
    outer loop
      vertex -0.18781 1.42656 -21.9529
      vertex -0.372407 1.38984 -21.9529
      vertex -0.560217 4.25527 -21.5773
    endloop
  endfacet
  facet normal -0.0255173 0.128281 -0.991409
    outer loop
      vertex -0.372407 1.38984 -21.9529
      vertex -1.11085 4.14574 -21.5773
      vertex -0.560217 4.25527 -21.5773
    endloop
  endfacet
  facet normal -0.0420432 0.123853 -0.991409
    outer loop
      vertex -0.372407 1.38984 -21.9529
      vertex -0.550631 1.32934 -21.9529
      vertex -1.11085 4.14574 -21.5773
    endloop
  endfacet
  facet normal -0.0420424 0.123853 -0.991409
    outer loop
      vertex -0.550631 1.32934 -21.9529
      vertex -1.64247 3.96528 -21.5773
      vertex -1.11085 4.14574 -21.5773
    endloop
  endfacet
  facet normal -0.0578464 0.117307 -0.99141
    outer loop
      vertex -0.550631 1.32934 -21.9529
      vertex -0.719434 1.2461 -21.9529
      vertex -1.64247 3.96528 -21.5773
    endloop
  endfacet
  facet normal -0.0578493 0.117306 -0.991409
    outer loop
      vertex -0.719434 1.2461 -21.9529
      vertex -2.14599 3.71697 -21.5773
      vertex -1.64247 3.96528 -21.5773
    endloop
  endfacet
  facet normal -0.0726677 0.108751 -0.991409
    outer loop
      vertex -0.719434 1.2461 -21.9529
      vertex -0.875928 1.14153 -21.9529
      vertex -2.14599 3.71697 -21.5773
    endloop
  endfacet
  facet normal -0.0726652 0.108752 -0.991409
    outer loop
      vertex -0.875928 1.14153 -21.9529
      vertex -2.6128 3.40506 -21.5773
      vertex -2.14599 3.71697 -21.5773
    endloop
  endfacet
  facet normal -0.0862413 0.0983346 -0.991409
    outer loop
      vertex -0.875928 1.14153 -21.9529
      vertex -1.01743 1.01743 -21.9529
      vertex -2.6128 3.40506 -21.5773
    endloop
  endfacet
  facet normal -0.0862397 0.0983357 -0.99141
    outer loop
      vertex -1.01743 1.01743 -21.9529
      vertex -3.03489 3.03489 -21.5773
      vertex -2.6128 3.40506 -21.5773
    endloop
  endfacet
  facet normal -0.0983343 0.0862411 -0.99141
    outer loop
      vertex -1.01743 1.01743 -21.9529
      vertex -1.14153 0.875928 -21.9529
      vertex -3.03489 3.03489 -21.5773
    endloop
  endfacet
  facet normal -0.0983358 0.0862398 -0.991409
    outer loop
      vertex -1.14153 0.875928 -21.9529
      vertex -3.40506 2.6128 -21.5773
      vertex -3.03489 3.03489 -21.5773
    endloop
  endfacet
  facet normal -0.10875 0.0726674 -0.99141
    outer loop
      vertex -1.14153 0.875928 -21.9529
      vertex -1.2461 0.719434 -21.9529
      vertex -3.40506 2.6128 -21.5773
    endloop
  endfacet
  facet normal -0.108752 0.0726653 -0.991409
    outer loop
      vertex -1.2461 0.719434 -21.9529
      vertex -3.71697 2.14599 -21.5773
      vertex -3.40506 2.6128 -21.5773
    endloop
  endfacet
  facet normal -0.117308 0.0578466 -0.991409
    outer loop
      vertex -1.2461 0.719434 -21.9529
      vertex -1.32934 0.550631 -21.9529
      vertex -3.71697 2.14599 -21.5773
    endloop
  endfacet
  facet normal -0.117306 0.0578492 -0.991409
    outer loop
      vertex -1.32934 0.550631 -21.9529
      vertex -3.96528 1.64247 -21.5773
      vertex -3.71697 2.14599 -21.5773
    endloop
  endfacet
  facet normal -0.123853 0.0420432 -0.99141
    outer loop
      vertex -1.32934 0.550631 -21.9529
      vertex -1.38984 0.372407 -21.9529
      vertex -3.96528 1.64247 -21.5773
    endloop
  endfacet
  facet normal -0.123853 0.0420424 -0.991409
    outer loop
      vertex -1.38984 0.372407 -21.9529
      vertex -4.14574 1.11085 -21.5773
      vertex -3.96528 1.64247 -21.5773
    endloop
  endfacet
  facet normal -0.128281 0.0255177 -0.991409
    outer loop
      vertex -1.38984 0.372407 -21.9529
      vertex -1.42656 0.18781 -21.9529
      vertex -4.14574 1.11085 -21.5773
    endloop
  endfacet
  facet normal -0.128281 0.0255173 -0.991409
    outer loop
      vertex -1.42656 0.18781 -21.9529
      vertex -4.25527 0.560217 -21.5773
      vertex -4.14574 1.11085 -21.5773
    endloop
  endfacet
  facet normal -0.130514 0.00855457 -0.991409
    outer loop
      vertex -1.42656 0.18781 -21.9529
      vertex -1.43887 -0 -21.9529
      vertex -4.25527 0.560217 -21.5773
    endloop
  endfacet
  facet normal -0.130514 0.0085547 -0.991409
    outer loop
      vertex -1.43887 -0 -21.9529
      vertex -4.29199 -0 -21.5773
      vertex -4.25527 0.560217 -21.5773
    endloop
  endfacet
  facet normal -0.130514 -0.00855457 -0.991409
    outer loop
      vertex -1.43887 -0 -21.9529
      vertex -1.42656 -0.18781 -21.9529
      vertex -4.29199 -0 -21.5773
    endloop
  endfacet
  facet normal -0.130514 -0.00855471 -0.991409
    outer loop
      vertex -1.42656 -0.18781 -21.9529
      vertex -4.25527 -0.560217 -21.5773
      vertex -4.29199 -0 -21.5773
    endloop
  endfacet
  facet normal -0.128281 -0.0255177 -0.991409
    outer loop
      vertex -1.42656 -0.18781 -21.9529
      vertex -1.38984 -0.372407 -21.9529
      vertex -4.25527 -0.560217 -21.5773
    endloop
  endfacet
  facet normal -0.128281 -0.0255173 -0.991409
    outer loop
      vertex -1.38984 -0.372407 -21.9529
      vertex -4.14574 -1.11085 -21.5773
      vertex -4.25527 -0.560217 -21.5773
    endloop
  endfacet
  facet normal -0.123853 -0.0420432 -0.991409
    outer loop
      vertex -1.38984 -0.372407 -21.9529
      vertex -1.32934 -0.550631 -21.9529
      vertex -4.14574 -1.11085 -21.5773
    endloop
  endfacet
  facet normal -0.123853 -0.0420424 -0.991409
    outer loop
      vertex -1.32934 -0.550631 -21.9529
      vertex -3.96528 -1.64247 -21.5773
      vertex -4.14574 -1.11085 -21.5773
    endloop
  endfacet
  facet normal -0.117307 -0.0578464 -0.99141
    outer loop
      vertex -1.32934 -0.550631 -21.9529
      vertex -1.2461 -0.719434 -21.9529
      vertex -3.96528 -1.64247 -21.5773
    endloop
  endfacet
  facet normal -0.117306 -0.0578493 -0.991409
    outer loop
      vertex -1.2461 -0.719434 -21.9529
      vertex -3.71697 -2.14599 -21.5773
      vertex -3.96528 -1.64247 -21.5773
    endloop
  endfacet
  facet normal -0.108751 -0.0726677 -0.991409
    outer loop
      vertex -1.2461 -0.719434 -21.9529
      vertex -1.14153 -0.875928 -21.9529
      vertex -3.71697 -2.14599 -21.5773
    endloop
  endfacet
  facet normal -0.108752 -0.0726652 -0.991409
    outer loop
      vertex -1.14153 -0.875928 -21.9529
      vertex -3.40506 -2.6128 -21.5773
      vertex -3.71697 -2.14599 -21.5773
    endloop
  endfacet
  facet normal -0.0983346 -0.0862413 -0.991409
    outer loop
      vertex -1.14153 -0.875928 -21.9529
      vertex -1.01743 -1.01743 -21.9529
      vertex -3.40506 -2.6128 -21.5773
    endloop
  endfacet
  facet normal -0.0983357 -0.0862397 -0.99141
    outer loop
      vertex -1.01743 -1.01743 -21.9529
      vertex -3.03489 -3.03489 -21.5773
      vertex -3.40506 -2.6128 -21.5773
    endloop
  endfacet
  facet normal -0.0862411 -0.0983343 -0.99141
    outer loop
      vertex -1.01743 -1.01743 -21.9529
      vertex -0.875928 -1.14153 -21.9529
      vertex -3.03489 -3.03489 -21.5773
    endloop
  endfacet
  facet normal -0.0862398 -0.0983358 -0.991409
    outer loop
      vertex -0.875928 -1.14153 -21.9529
      vertex -2.6128 -3.40506 -21.5773
      vertex -3.03489 -3.03489 -21.5773
    endloop
  endfacet
  facet normal -0.0726674 -0.10875 -0.99141
    outer loop
      vertex -0.875928 -1.14153 -21.9529
      vertex -0.719434 -1.2461 -21.9529
      vertex -2.6128 -3.40506 -21.5773
    endloop
  endfacet
  facet normal -0.0726653 -0.108752 -0.991409
    outer loop
      vertex -0.719434 -1.2461 -21.9529
      vertex -2.14599 -3.71697 -21.5773
      vertex -2.6128 -3.40506 -21.5773
    endloop
  endfacet
  facet normal -0.0578466 -0.117308 -0.991409
    outer loop
      vertex -0.719434 -1.2461 -21.9529
      vertex -0.550631 -1.32934 -21.9529
      vertex -2.14599 -3.71697 -21.5773
    endloop
  endfacet
  facet normal -0.0578492 -0.117306 -0.991409
    outer loop
      vertex -0.550631 -1.32934 -21.9529
      vertex -1.64247 -3.96528 -21.5773
      vertex -2.14599 -3.71697 -21.5773
    endloop
  endfacet
  facet normal -0.0420432 -0.123853 -0.99141
    outer loop
      vertex -0.550631 -1.32934 -21.9529
      vertex -0.372407 -1.38984 -21.9529
      vertex -1.64247 -3.96528 -21.5773
    endloop
  endfacet
  facet normal -0.0420424 -0.123853 -0.991409
    outer loop
      vertex -0.372407 -1.38984 -21.9529
      vertex -1.11085 -4.14574 -21.5773
      vertex -1.64247 -3.96528 -21.5773
    endloop
  endfacet
  facet normal -0.0255177 -0.128281 -0.991409
    outer loop
      vertex -0.372407 -1.38984 -21.9529
      vertex -0.18781 -1.42656 -21.9529
      vertex -1.11085 -4.14574 -21.5773
    endloop
  endfacet
  facet normal -0.0255173 -0.128281 -0.991409
    outer loop
      vertex -0.18781 -1.42656 -21.9529
      vertex -0.560217 -4.25527 -21.5773
      vertex -1.11085 -4.14574 -21.5773
    endloop
  endfacet
  facet normal -0.00855457 -0.130514 -0.991409
    outer loop
      vertex -0.18781 -1.42656 -21.9529
      vertex -0 -1.43887 -21.9529
      vertex -0.560217 -4.25527 -21.5773
    endloop
  endfacet
  facet normal -0.0085547 -0.130514 -0.991409
    outer loop
      vertex -0 -1.43887 -21.9529
      vertex -0 -4.29199 -21.5773
      vertex -0.560217 -4.25527 -21.5773
    endloop
  endfacet
  facet normal 0.00855457 -0.130514 -0.991409
    outer loop
      vertex -0 -1.43887 -21.9529
      vertex 0.18781 -1.42656 -21.9529
      vertex -0 -4.29199 -21.5773
    endloop
  endfacet
  facet normal 0.00855471 -0.130514 -0.991409
    outer loop
      vertex 0.18781 -1.42656 -21.9529
      vertex 0.560217 -4.25527 -21.5773
      vertex -0 -4.29199 -21.5773
    endloop
  endfacet
  facet normal 0.0255177 -0.128281 -0.991409
    outer loop
      vertex 0.18781 -1.42656 -21.9529
      vertex 0.372407 -1.38984 -21.9529
      vertex 0.560217 -4.25527 -21.5773
    endloop
  endfacet
  facet normal 0.0255173 -0.128281 -0.991409
    outer loop
      vertex 0.372407 -1.38984 -21.9529
      vertex 1.11085 -4.14574 -21.5773
      vertex 0.560217 -4.25527 -21.5773
    endloop
  endfacet
  facet normal 0.0420432 -0.123853 -0.991409
    outer loop
      vertex 0.372407 -1.38984 -21.9529
      vertex 0.550631 -1.32934 -21.9529
      vertex 1.11085 -4.14574 -21.5773
    endloop
  endfacet
  facet normal 0.0420424 -0.123853 -0.991409
    outer loop
      vertex 0.550631 -1.32934 -21.9529
      vertex 1.64247 -3.96528 -21.5773
      vertex 1.11085 -4.14574 -21.5773
    endloop
  endfacet
  facet normal 0.0578464 -0.117307 -0.99141
    outer loop
      vertex 0.550631 -1.32934 -21.9529
      vertex 0.719434 -1.2461 -21.9529
      vertex 1.64247 -3.96528 -21.5773
    endloop
  endfacet
  facet normal 0.0578493 -0.117306 -0.991409
    outer loop
      vertex 0.719434 -1.2461 -21.9529
      vertex 2.14599 -3.71697 -21.5773
      vertex 1.64247 -3.96528 -21.5773
    endloop
  endfacet
  facet normal 0.0726677 -0.108751 -0.991409
    outer loop
      vertex 0.719434 -1.2461 -21.9529
      vertex 0.875928 -1.14153 -21.9529
      vertex 2.14599 -3.71697 -21.5773
    endloop
  endfacet
  facet normal 0.0726652 -0.108752 -0.991409
    outer loop
      vertex 0.875928 -1.14153 -21.9529
      vertex 2.6128 -3.40506 -21.5773
      vertex 2.14599 -3.71697 -21.5773
    endloop
  endfacet
  facet normal 0.0862413 -0.0983346 -0.991409
    outer loop
      vertex 0.875928 -1.14153 -21.9529
      vertex 1.01743 -1.01743 -21.9529
      vertex 2.6128 -3.40506 -21.5773
    endloop
  endfacet
  facet normal 0.0862397 -0.0983357 -0.99141
    outer loop
      vertex 1.01743 -1.01743 -21.9529
      vertex 3.03489 -3.03489 -21.5773
      vertex 2.6128 -3.40506 -21.5773
    endloop
  endfacet
  facet normal 0.0983343 -0.0862411 -0.99141
    outer loop
      vertex 1.01743 -1.01743 -21.9529
      vertex 1.14153 -0.875928 -21.9529
      vertex 3.03489 -3.03489 -21.5773
    endloop
  endfacet
  facet normal 0.0983358 -0.0862398 -0.991409
    outer loop
      vertex 1.14153 -0.875928 -21.9529
      vertex 3.40506 -2.6128 -21.5773
      vertex 3.03489 -3.03489 -21.5773
    endloop
  endfacet
  facet normal 0.10875 -0.0726674 -0.99141
    outer loop
      vertex 1.14153 -0.875928 -21.9529
      vertex 1.2461 -0.719434 -21.9529
      vertex 3.40506 -2.6128 -21.5773
    endloop
  endfacet
  facet normal 0.108752 -0.0726653 -0.991409
    outer loop
      vertex 1.2461 -0.719434 -21.9529
      vertex 3.71697 -2.14599 -21.5773
      vertex 3.40506 -2.6128 -21.5773
    endloop
  endfacet
  facet normal 0.117308 -0.0578466 -0.991409
    outer loop
      vertex 1.2461 -0.719434 -21.9529
      vertex 1.32934 -0.550631 -21.9529
      vertex 3.71697 -2.14599 -21.5773
    endloop
  endfacet
  facet normal 0.117306 -0.0578492 -0.991409
    outer loop
      vertex 1.32934 -0.550631 -21.9529
      vertex 3.96528 -1.64247 -21.5773
      vertex 3.71697 -2.14599 -21.5773
    endloop
  endfacet
  facet normal 0.123853 -0.0420432 -0.99141
    outer loop
      vertex 1.32934 -0.550631 -21.9529
      vertex 1.38984 -0.372407 -21.9529
      vertex 3.96528 -1.64247 -21.5773
    endloop
  endfacet
  facet normal 0.123853 -0.0420424 -0.991409
    outer loop
      vertex 1.38984 -0.372407 -21.9529
      vertex 4.14574 -1.11085 -21.5773
      vertex 3.96528 -1.64247 -21.5773
    endloop
  endfacet
  facet normal 0.128281 -0.0255177 -0.991409
    outer loop
      vertex 1.38984 -0.372407 -21.9529
      vertex 1.42656 -0.18781 -21.9529
      vertex 4.14574 -1.11085 -21.5773
    endloop
  endfacet
  facet normal 0.128281 -0.0255173 -0.991409
    outer loop
      vertex 1.42656 -0.18781 -21.9529
      vertex 4.25527 -0.560217 -21.5773
      vertex 4.14574 -1.11085 -21.5773
    endloop
  endfacet
  facet normal 0.130514 -0.00855457 -0.991409
    outer loop
      vertex 1.42656 -0.18781 -21.9529
      vertex 1.43887 0 -21.9529
      vertex 4.25527 -0.560217 -21.5773
    endloop
  endfacet
  facet normal 0.130514 -0.0085547 -0.991409
    outer loop
      vertex 1.43887 0 -21.9529
      vertex 4.29199 0 -21.5773
      vertex 4.25527 -0.560217 -21.5773
    endloop
  endfacet
  facet normal 0 0 -1
    outer loop
      vertex 1.42656 -0.18781 -21.9529
      vertex 1.42656 0.18781 -21.9529
      vertex 1.43887 0 -21.9529
    endloop
  endfacet
  facet normal 0 0 -1
    outer loop
      vertex 1.38984 -0.372407 -21.9529
      vertex 1.42656 0.18781 -21.9529
      vertex 1.42656 -0.18781 -21.9529
    endloop
  endfacet
  facet normal 0 0 -1
    outer loop
      vertex 1.38984 -0.372407 -21.9529
      vertex 1.38984 0.372407 -21.9529
      vertex 1.42656 0.18781 -21.9529
    endloop
  endfacet
  facet normal 0 0 -1
    outer loop
      vertex 1.32934 -0.550631 -21.9529
      vertex 1.38984 0.372407 -21.9529
      vertex 1.38984 -0.372407 -21.9529
    endloop
  endfacet
  facet normal 0 0 -1
    outer loop
      vertex 1.32934 -0.550631 -21.9529
      vertex 1.32934 0.550631 -21.9529
      vertex 1.38984 0.372407 -21.9529
    endloop
  endfacet
  facet normal 0 0 -1
    outer loop
      vertex 1.2461 -0.719434 -21.9529
      vertex 1.32934 0.550631 -21.9529
      vertex 1.32934 -0.550631 -21.9529
    endloop
  endfacet
  facet normal 0 0 -1
    outer loop
      vertex 1.2461 -0.719434 -21.9529
      vertex 1.2461 0.719434 -21.9529
      vertex 1.32934 0.550631 -21.9529
    endloop
  endfacet
  facet normal 0 0 -1
    outer loop
      vertex 1.14153 -0.875928 -21.9529
      vertex 1.2461 0.719434 -21.9529
      vertex 1.2461 -0.719434 -21.9529
    endloop
  endfacet
  facet normal 0 0 -1
    outer loop
      vertex 1.14153 -0.875928 -21.9529
      vertex 1.14153 0.875928 -21.9529
      vertex 1.2461 0.719434 -21.9529
    endloop
  endfacet
  facet normal 0 0 -1
    outer loop
      vertex 1.01743 -1.01743 -21.9529
      vertex 1.14153 0.875928 -21.9529
      vertex 1.14153 -0.875928 -21.9529
    endloop
  endfacet
  facet normal 0 0 -1
    outer loop
      vertex 1.01743 -1.01743 -21.9529
      vertex 1.01743 1.01743 -21.9529
      vertex 1.14153 0.875928 -21.9529
    endloop
  endfacet
  facet normal 0 0 -1
    outer loop
      vertex 0.875928 -1.14153 -21.9529
      vertex 1.01743 1.01743 -21.9529
      vertex 1.01743 -1.01743 -21.9529
    endloop
  endfacet
  facet normal 0 0 -1
    outer loop
      vertex 0.875928 -1.14153 -21.9529
      vertex 0.875928 1.14153 -21.9529
      vertex 1.01743 1.01743 -21.9529
    endloop
  endfacet
  facet normal 0 0 -1
    outer loop
      vertex 0.719434 -1.2461 -21.9529
      vertex 0.875928 1.14153 -21.9529
      vertex 0.875928 -1.14153 -21.9529
    endloop
  endfacet
  facet normal 0 0 -1
    outer loop
      vertex 0.719434 -1.2461 -21.9529
      vertex 0.719434 1.2461 -21.9529
      vertex 0.875928 1.14153 -21.9529
    endloop
  endfacet
  facet normal 0 0 -1
    outer loop
      vertex 0.550631 -1.32934 -21.9529
      vertex 0.719434 1.2461 -21.9529
      vertex 0.719434 -1.2461 -21.9529
    endloop
  endfacet
  facet normal 0 0 -1
    outer loop
      vertex 0.550631 -1.32934 -21.9529
      vertex 0.550631 1.32934 -21.9529
      vertex 0.719434 1.2461 -21.9529
    endloop
  endfacet
  facet normal 0 0 -1
    outer loop
      vertex 0.372407 -1.38984 -21.9529
      vertex 0.550631 1.32934 -21.9529
      vertex 0.550631 -1.32934 -21.9529
    endloop
  endfacet
  facet normal 0 0 -1
    outer loop
      vertex 0.372407 -1.38984 -21.9529
      vertex 0.372407 1.38984 -21.9529
      vertex 0.550631 1.32934 -21.9529
    endloop
  endfacet
  facet normal 0 0 -1
    outer loop
      vertex 0.18781 -1.42656 -21.9529
      vertex 0.372407 1.38984 -21.9529
      vertex 0.372407 -1.38984 -21.9529
    endloop
  endfacet
  facet normal 0 0 -1
    outer loop
      vertex 0.18781 -1.42656 -21.9529
      vertex 0.18781 1.42656 -21.9529
      vertex 0.372407 1.38984 -21.9529
    endloop
  endfacet
  facet normal 0 0 -1
    outer loop
      vertex -0 -1.43887 -21.9529
      vertex 0.18781 1.42656 -21.9529
      vertex 0.18781 -1.42656 -21.9529
    endloop
  endfacet
  facet normal 0 0 -1
    outer loop
      vertex -0 -1.43887 -21.9529
      vertex 0 1.43887 -21.9529
      vertex 0.18781 1.42656 -21.9529
    endloop
  endfacet
  facet normal 0 0 -1
    outer loop
      vertex -0.18781 -1.42656 -21.9529
      vertex 0 1.43887 -21.9529
      vertex -0 -1.43887 -21.9529
    endloop
  endfacet
  facet normal 0 0 -1
    outer loop
      vertex -0.18781 -1.42656 -21.9529
      vertex -0.18781 1.42656 -21.9529
      vertex 0 1.43887 -21.9529
    endloop
  endfacet
  facet normal 0 0 -1
    outer loop
      vertex -0.372407 -1.38984 -21.9529
      vertex -0.18781 1.42656 -21.9529
      vertex -0.18781 -1.42656 -21.9529
    endloop
  endfacet
  facet normal 0 0 -1
    outer loop
      vertex -0.372407 -1.38984 -21.9529
      vertex -0.372407 1.38984 -21.9529
      vertex -0.18781 1.42656 -21.9529
    endloop
  endfacet
  facet normal 0 0 -1
    outer loop
      vertex -0.550631 -1.32934 -21.9529
      vertex -0.372407 1.38984 -21.9529
      vertex -0.372407 -1.38984 -21.9529
    endloop
  endfacet
  facet normal 0 0 -1
    outer loop
      vertex -0.550631 -1.32934 -21.9529
      vertex -0.550631 1.32934 -21.9529
      vertex -0.372407 1.38984 -21.9529
    endloop
  endfacet
  facet normal 0 0 -1
    outer loop
      vertex -0.719434 -1.2461 -21.9529
      vertex -0.550631 1.32934 -21.9529
      vertex -0.550631 -1.32934 -21.9529
    endloop
  endfacet
  facet normal 0 0 -1
    outer loop
      vertex -0.719434 -1.2461 -21.9529
      vertex -0.719434 1.2461 -21.9529
      vertex -0.550631 1.32934 -21.9529
    endloop
  endfacet
  facet normal 0 0 -1
    outer loop
      vertex -0.875928 -1.14153 -21.9529
      vertex -0.719434 1.2461 -21.9529
      vertex -0.719434 -1.2461 -21.9529
    endloop
  endfacet
  facet normal 0 0 -1
    outer loop
      vertex -0.875928 -1.14153 -21.9529
      vertex -0.875928 1.14153 -21.9529
      vertex -0.719434 1.2461 -21.9529
    endloop
  endfacet
  facet normal 0 0 -1
    outer loop
      vertex -1.01743 -1.01743 -21.9529
      vertex -0.875928 1.14153 -21.9529
      vertex -0.875928 -1.14153 -21.9529
    endloop
  endfacet
  facet normal 0 0 -1
    outer loop
      vertex -1.01743 -1.01743 -21.9529
      vertex -1.01743 1.01743 -21.9529
      vertex -0.875928 1.14153 -21.9529
    endloop
  endfacet
  facet normal 0 0 -1
    outer loop
      vertex -1.14153 -0.875928 -21.9529
      vertex -1.01743 1.01743 -21.9529
      vertex -1.01743 -1.01743 -21.9529
    endloop
  endfacet
  facet normal 0 0 -1
    outer loop
      vertex -1.14153 -0.875928 -21.9529
      vertex -1.14153 0.875928 -21.9529
      vertex -1.01743 1.01743 -21.9529
    endloop
  endfacet
  facet normal 0 0 -1
    outer loop
      vertex -1.2461 -0.719434 -21.9529
      vertex -1.14153 0.875928 -21.9529
      vertex -1.14153 -0.875928 -21.9529
    endloop
  endfacet
  facet normal 0 0 -1
    outer loop
      vertex -1.2461 -0.719434 -21.9529
      vertex -1.2461 0.719434 -21.9529
      vertex -1.14153 0.875928 -21.9529
    endloop
  endfacet
  facet normal 0 0 -1
    outer loop
      vertex -1.32934 -0.550631 -21.9529
      vertex -1.2461 0.719434 -21.9529
      vertex -1.2461 -0.719434 -21.9529
    endloop
  endfacet
  facet normal 0 0 -1
    outer loop
      vertex -1.32934 -0.550631 -21.9529
      vertex -1.32934 0.550631 -21.9529
      vertex -1.2461 0.719434 -21.9529
    endloop
  endfacet
  facet normal 0 0 -1
    outer loop
      vertex -1.38984 -0.372407 -21.9529
      vertex -1.32934 0.550631 -21.9529
      vertex -1.32934 -0.550631 -21.9529
    endloop
  endfacet
  facet normal 0 0 -1
    outer loop
      vertex -1.38984 -0.372407 -21.9529
      vertex -1.38984 0.372407 -21.9529
      vertex -1.32934 0.550631 -21.9529
    endloop
  endfacet
  facet normal 0 0 -1
    outer loop
      vertex -1.42656 -0.18781 -21.9529
      vertex -1.38984 0.372407 -21.9529
      vertex -1.38984 -0.372407 -21.9529
    endloop
  endfacet
  facet normal 0 0 -1
    outer loop
      vertex -1.42656 -0.18781 -21.9529
      vertex -1.42656 0.18781 -21.9529
      vertex -1.38984 0.372407 -21.9529
    endloop
  endfacet
  facet normal 0 -0 -1
    outer loop
      vertex -1.42656 0.18781 -21.9529
      vertex -1.42656 -0.18781 -21.9529
      vertex -1.43887 -0 -21.9529
    endloop
  endfacet
endsolid OpenSCAD_Model
