$MeshFormat
4.1 0 8
$EndMeshFormat
$PhysicalNames
2
2 2 "boundary"
3 1 "domain"
$EndPhysicalNames
$Entities
8 12 6 1
1 0 0 0 0 
2 0 0 5 0 
3 0 10 0 0 
4 0 10 5 0 
5 20 0 0 0 
6 20 0 5 0 
7 20 10 0 0 
8 20 10 5 0 
1 -1e-07 -1e-07 -9.999999983634211e-08 1e-07 1e-07 5.0000001 0 2 1 -2 
2 -1e-07 -1.000000002804313e-07 -1e-07 1e-07 10.0000001 1e-07 0 2 1 -3 
3 -1e-07 9.999999900000001 -9.999999983634211e-08 1e-07 10.0000001 5.0000001 0 2 3 -4 
4 -1e-07 -1.000000002804313e-07 4.9999999 1e-07 10.0000001 5.0000001 0 2 2 -4 
5 19.9999999 -1e-07 -9.999999983634211e-08 20.0000001 1e-07 5.0000001 0 2 5 -6 
6 19.9999999 -1.000000002804313e-07 -1e-07 20.0000001 10.0000001 1e-07 0 2 5 -7 
7 19.9999999 9.999999900000001 -9.999999983634211e-08 20.0000001 10.0000001 5.0000001 0 2 7 -8 
8 19.9999999 -1.000000002804313e-07 4.9999999 20.0000001 10.0000001 5.0000001 0 2 6 -8 
9 -9.99999993922529e-08 -1e-07 -1e-07 20.0000001 1e-07 1e-07 0 2 1 -5 
10 -9.99999993922529e-08 -1e-07 4.9999999 20.0000001 1e-07 5.0000001 0 2 2 -6 
11 -9.99999993922529e-08 9.999999900000001 -1e-07 20.0000001 10.0000001 1e-07 0 2 3 -7 
12 -9.99999993922529e-08 9.999999900000001 4.9999999 20.0000001 10.0000001 5.0000001 0 2 4 -8 
1 -1e-07 -1.000000002804313e-07 -9.999999983634211e-08 1e-07 10.0000001 5.0000001 1 2 4 -1 2 3 -4 
2 19.9999999 -1.000000002804313e-07 -9.999999983634211e-08 20.0000001 10.0000001 5.0000001 1 2 4 -5 6 7 -8 
3 -9.99999993922529e-08 -1e-07 -9.999999983634211e-08 20.0000001 1e-07 5.0000001 1 2 4 -9 1 10 -5 
4 -9.99999993922529e-08 9.999999900000001 -9.999999983634211e-08 20.0000001 10.0000001 5.0000001 1 2 4 -11 3 12 -7 
5 -9.99999993922529e-08 -1.000000002804313e-07 -1e-07 20.0000001 10.0000001 1e-07 1 2 4 -2 9 6 -11 
6 -9.99999993922529e-08 -1.000000002804313e-07 4.9999999 20.0000001 10.0000001 5.0000001 1 2 4 -4 10 8 -12 
1 -9.99999993922529e-08 -1.000000002804313e-07 -9.999999983634211e-08 20.0000001 10.0000001 5.0000001 1 1 6 -1 2 -3 4 -5 6 
$EndEntities
$Nodes
27 1271 1 1271
0 1 0 1
1
0 0 0
0 2 0 1
2
0 0 5
0 3 0 1
3
0 10 0
0 4 0 1
4
0 10 5
0 5 0 1
5
20 0 0
0 6 0 1
6
20 0 5
0 7 0 1
7
20 10 0
0 8 0 1
8
20 10 5
1 1 0 4
9
10
11
12
0 0 1
0 0 2
0 0 3
0 0 4
1 2 0 9
13
14
15
16
17
18
19
20
21
0 1 0
0 2 0
0 3 0
0 4 0
0 5 0
0 6 0
0 7 0
0 8 0
0 9 0
1 3 0 4
22
23
24
25
0 10 1
0 10 2
0 10 3
0 10 4
1 4 0 9
26
27
28
29
30
31
32
33
34
0 1 5
0 2 5
0 3 5
0 4 5
0 5 5
0 6 5
0 7 5
0 8 5
0 9 5
1 5 0 4
35
36
37
38
20 0 1
20 0 2
20 0 3
20 0 4
1 6 0 9
39
40
41
42
43
44
45
46
47
20 1 0
20 2 0
20 3 0
20 4 0
20 5 0
20 6 0
20 7 0
20 8 0
20 9 0
1 7 0 4
48
49
50
51
20 10 1
20 10 2
20 10 3
20 10 4
1 8 0 9
52
53
54
55
56
57
58
59
60
20 1 5
20 2 5
20 3 5
20 4 5
20 5 5
20 6 5
20 7 5
20 8 5
20 9 5
1 9 0 19
61
62
63
64
65
66
67
68
69
70
71
72
73
74
75
76
77
78
79
1 0 0
2 0 0
3 0 0
4 0 0
5 0 0
6 0 0
7 0 0
8 0 0
9 0 0
10 0 0
11 0 0
12 0 0
13 0 0
14 0 0
15 0 0
16 0 0
17 0 0
18 0 0
19 0 0
1 10 0 19
80
81
82
83
84
85
86
87
88
89
90
91
92
93
94
95
96
97
98
1 0 5
2 0 5
3 0 5
4 0 5
5 0 5
6 0 5
7 0 5
8 0 5
9 0 5
10 0 5
11 0 5
12 0 5
13 0 5
14 0 5
15 0 5
16 0 5
17 0 5
18 0 5
19 0 5
1 11 0 19
99
100
101
102
103
104
105
106
107
108
109
110
111
112
113
114
115
116
117
1 10 0
2 10 0
3 10 0
4 10 0
5 10 0
6 10 0
7 10 0
8 10 0
9 10 0
10 10 0
11 10 0
12 10 0
13 10 0
14 10 0
15 10 0
16 10 0
17 10 0
18 10 0
19 10 0
1 12 0 19
118
119
120
121
122
123
124
125
126
127
128
129
130
131
132
133
134
135
136
1 10 5
2 10 5
3 10 5
4 10 5
5 10 5
6 10 5
7 10 5
8 10 5
9 10 5
10 10 5
11 10 5
12 10 5
13 10 5
14 10 5
15 10 5
16 10 5
17 10 5
18 10 5
19 10 5
2 1 0 48
137
138
139
140
141
142
143
144
145
146
147
148
149
150
151
152
153
154
155
156
157
158
159
160
161
162
163
164
165
166
167
168
169
170
171
172
173
174
175
176
177
178
179
180
181
182
183
184
0 2.556674571293666 4.181466939758714
0 4.621568790428481 4.031687537627614
0 6.509201999016572 0.8885430207180992
0 3.409900540289698 0.9372622120296663
0 7.583356285316908 4.082033094656022
0 9.138693290134388 2.508173017612776
0 0.8613067098656109 2.508173017612776
0 1.591825619057402 0.9056972474407929
0 8.408174380942597 0.9056972474407926
0 9.153514561717662 3.496259048212611
0 8.185405979150731 3.153530544933325
0 8.267949192431125 1.999999999999998
0 7.401923788646685 2.499999999999997
0 7.427114861744199 1.495727767766272
0 6.528208763634962 1.968998249552454
0 5.576956246251473 1.467008532074942
0 5.636659426440542 2.469844037764535
0 4.745820614969695 1.962181945566748
0 4.769157248687908 2.957101780103101
0 3.762562942708713 2.519815422873849
0 5.590511272346859 3.462258385538333
0 6.489754979369339 2.95516874684382
0 6.495009339788302 4.019484166458858
0 0.8464854382823364 3.496259048212611
0 1.646327765805357 3.019200613620555
0 1.688887626284412 1.997018164058464
0 2.608735108616228 2.539023133199084
0 2.512271797720699 1.498910197839724
0 4.604231868586997 0.9427664250143186
0 3.51570265654734 4.146331028976828
0 1.581792557862225 4.059051521456059
0 0.8195931594556943 1.531027463131534
0 9.175268366581868 1.531382443600765
0 8.508635067261004 4.165388107569232
0 3.114723925754465 3.364258848273466
0 3.954782918126044 3.369894979401995
0 3.977769093459437 1.621662426046834
0 5.5 4.310967043850494
0 2.50279959141356 0.6683739314620367
0 7.468898248340674 0.6579936071850329
0 7.231090074454393 3.342043310578404
0 5.538078022771008 0.6596635955614719
0 3.254247896558955 1.823334678397832
0 9.267949192431121 4.267949192431121
0 0.7320508075688772 0.7320508075688774
0 0.7320508075688774 4.267949192431122
0 9.267949192431121 0.7320508075688774
0 2.301650785866388 3.432600211261576
2 2 0 49
185
186
187
188
189
190
191
192
193
194
195
196
197
198
199
200
201
202
203
204
205
206
207
208
209
210
211
212
213
214
215
216
217
218
219
220
221
222
223
224
225
226
227
228
229
230
231
232
233
20 0.8323439412007604 2.441661995531839
20 3.486693610074405 4.158003079246599
20 5.5 4.133974596215562
20 7.441661995531839 0.8323439412007601
20 4.5 0.8660254037844386
20 7.5 4.133974596215562
20 9.138693290134388 2.491826982387225
20 2.558338004468161 0.8323439412007608
20 1.504237369280876 4.153227954944168
20 3.509723000744693 0.8604118266871592
20 4.001620500124115 1.731115211385998
20 5.000270083354019 1.73189487487173
20 4.500000000000001 2.598076211353316
20 5.500000000000001 2.598076211353314
20 3.490652870168988 2.556756834074285
20 6.000045013892336 1.732024818786018
20 6.579944844501131 2.516545594654736
20 9.15351456171766 1.503740951787389
20 8.398393635921021 1.981925895004314
20 8.2577114473187 3.044968778143578
20 2.485182106633618 4.148870684314319
20 1.967545086843522 3.377696246222155
20 0.844726280807552 1.500694001662548
20 1.597512398874335 1.922902749588785
20 4.499191788755734 4.147348072025673
20 6.549898542510421 4.134178487108553
20 3.060171040914537 1.67316083242456
20 8.531324566579725 4.1496424101856
20 6.490284501570696 0.8604074952233487
20 5.498433266469508 0.8650587654442559
20 7 1.732050807568877
20 7.224770270004643 3.211737416164397
20 9.199279749410653 3.492397893857921
20 1.568461643749578 0.9073329355470271
20 0.9122498442075438 3.428799874704319
20 8.43094109883415 0.9136666187654316
20 2.988295937094915 3.351235872210195
20 6.059102276169366 3.326756284880166
20 3.994139034349007 3.362907578782417
20 5.008738849879019 3.361189825768408
20 2.42334877865834 2.448433829852493
20 9.267949192431123 0.7320508075688764
20 9.267949192431123 4.267949192431124
20 0.7320508075688776 0.7320508075688774
20 0.7320508075688767 4.267949192431123
20 7.52663837943553 2.34091711451928
20 1.558274195579777 2.699010078867696
20 2.285521484075007 1.557899524125943
20 7.71476313568694 1.558770519984179
2 3 0 100
234
235
236
237
238
239
240
241
242
243
244
245
246
247
248
249
250
251
252
253
254
255
256
257
258
259
260
261
262
263
264
265
266
267
268
269
270
271
272
273
274
275
276
277
278
279
280
281
282
283
284
285
286
287
288
289
290
291
292
293
294
295
296
297
298
299
300
301
302
303
304
305
306
307
308
309
310
311
312
313
314
315
316
317
318
319
320
321
322
323
324
325
326
327
328
329
330
331
332
333
0.8137757808996045 0 2.451660472525709
3.5 0 0.8660254037844386
5.5 0 0.8660254037844386
7.5 0 0.8660254037844386
9.5 0 0.8660254037844386
11.5 0 0.8660254037844386
13.5 0 0.8660254037844386
15.5 0 0.8660254037844386
19.18622421910039 0 2.451660472525694
4.5 0 4.133974596215562
6.5 0 4.133974596215563
8.5 0 4.133974596215563
10.5 0 4.133974596215563
12.5 0 4.133974596215562
14.5 0 4.133974596215554
16.5 0 4.133974596215547
17.45662752406719 0 0.8224840025510197
2.5 0 4.133974596215559
18.49576263071912 0 4.153227954944165
1.569425461337916 0 0.9595102731164895
5.500000000000001 0 4.133974596215563
5.000000000000003 0 3.267949192431124
4.000000000000002 0 3.267949192431121
4.500000000000004 0 2.401923788646684
5.500000000000005 0 2.401923788646688
3.500000000000004 0 2.401923788646681
3.000000000000002 0 3.267949192431118
2.42392329435021 0 2.407234030914342
1.968814235591345 0 3.350579693665063
1.501673707284797 0 4.151311894881982
7.5 0 4.133974596215563
8 0 3.267949192431125
9.000000000000002 0 3.267949192431126
8.500000000000004 0 2.401923788646687
9.500000000000004 0 2.401923788646688
7.500000000000004 0 2.401923788646686
11.5 0 4.133974596215563
11.99999999999999 0 3.267949192431125
12.99999999999999 0 3.267949192431118
12.49999999999999 0 2.401923788646684
11.49999999999999 0 2.401923788646696
13.49999999999999 0 2.401923788646673
13.99999999999999 0 3.26794919243111
14.49999999999999 0 2.401923788646659
14.99999999999999 0 3.267949192431104
15.49999999999999 0 2.401923788646651
15.99999999999999 0 3.267949192431097
16.49999999999999 0 2.401923788646645
16.99999999999999 0 3.26794919243109
17.57607670564977 0 2.407234030914314
18.03047953619517 0 3.353788586786482
13.5 0 4.133974596215557
15.5 0 4.13397459621555
17.50437369448571 0 4.15149005506288
2.554943386155782 0 0.8380648141063591
4.5 0 0.8660254037844386
6.5 0 0.8660254037844386
8.500000000000002 0 0.8660254037844386
10.5 0 0.8660254037844386
12.5 0 0.8660254037844386
14.5 0 0.8660254037844386
16.5 0 0.8660254037844386
18.42437847067168 0 0.9532900729402837
3.5 0 4.13397459621556
7.000000000000001 0 3.267949192431123
6.500000000000007 0 2.40192378864668
9.999999999999998 0 3.267949192431126
9.5 0 4.133974596215563
6.000000000000003 0 3.267949192431124
10.99999999999999 0 3.267949192431127
10.5 0 2.401923788646689
19.19191199757421 0 1.530389498800304
0.7952052292891152 0 1.523966756079143
19.06130952850277 0 3.419430008368268
0.9382233443244308 0 3.418697872199191
1.568968916733334 0 1.936772332674636
18.42785127641213 0 1.93680608976545
11 0 1.633974596215562
10 0 1.633974596215563
8 0 1.633974596215561
6.000000000000002 0 1.633974596215562
9 0 1.633974596215562
5.000000000000001 0 1.633974596215562
4.000000000000002 0 1.63397459621556
12 0 1.633974596215559
7.000000000000002 0 1.633974596215558
3.039850256017127 0 1.619350207531508
13 0 1.633974596215554
15.99999999999999 0 1.633974596215545
14 0 1.633974596215546
14.99999999999999 0 1.633974596215547
16.96207822902002 0 1.616753405605609
19.26794919243112 0 4.267949192431121
0.7320508075688772 0 0.7320508075688774
0.7320508075688775 0 4.267949192431122
19.26794919243113 0 0.7320508075688772
17.73976514440319 0 1.568878611521693
2.25273470131785 0 1.5645334741172
1.551248878926393 0 2.709383851890469
18.44875112107358 0 2.709383851890411
2 4 0 100
334
335
336
337
338
339
340
341
342
343
344
345
346
347
348
349
350
351
352
353
354
355
356
357
358
359
360
361
362
363
364
365
366
367
368
369
370
371
372
373
374
375
376
377
378
379
380
381
382
383
384
385
386
387
388
389
390
391
392
393
394
395
396
397
398
399
400
401
402
403
404
405
406
407
408
409
410
411
412
413
414
415
416
417
418
419
420
421
422
423
424
425
426
427
428
429
430
431
432
433
2.5 10 4.133974596215561
4.5 10 4.133974596215563
6.5 10 0.8660254037844386
8.5 10 4.133974596215559
10.5 10 0.8660254037844386
12.5 10 0.8660254037844386
14.5 10 0.8660254037844386
16.5 10 0.8660254037844386
3.5 10 0.8660254037844386
11.5 10 4.133974596215554
13.5 10 4.133974596215534
15.5 10 4.133974596215536
17.5 10 4.133974596215514
8.5 10 0.8660254037844386
6.499999999999999 10 4.133974596215562
0.8137757808996052 10 2.45166047252571
19.1862242191004 10 2.451660472525688
18.43057453866209 10 0.9595102731164857
1.569425461337915 10 0.959510273116489
3.5 10 4.133974596215563
3.000000000000001 10 3.267949192431123
1.981493686532978 10 3.349694653287123
2.42127953528349 10 2.418911953893774
3.486879922547248 10 2.437447219972305
1.502223801470452 10 4.151273497669979
5.5 10 4.133974596215563
5.999999999999998 10 3.267949192431123
6.999999999999997 10 3.267949192431121
6.499999999999996 10 2.401923788646684
5.499999999999997 10 2.401923788646687
7.499999999999996 10 2.40192378864668
7.999999999999997 10 3.267949192431119
8.499999999999995 10 2.401923788646678
8.999999999999998 10 3.267949192431113
9.499999999999993 10 2.401923788646669
9.999999999999996 10 3.267949192431108
10.49999999999999 10 2.401923788646659
11 10 3.267949192431101
11.49999999999999 10 2.401923788646646
12 10 3.267949192431082
12.49999999999999 10 2.401923788646636
13 10 3.267949192431075
13.49999999999999 10 2.401923788646626
14 10 3.267949192431078
14.49999999999999 10 2.401923788646623
14.99999999999999 10 3.267949192431074
15.49999999999999 10 2.401923788646603
16 10 3.267949192431069
16.5 10 2.401923788646601
17 10 3.26794919243106
17.57607670564979 10 2.407234030914292
18.03118576440866 10 3.35057969366501
18.49832629271522 10 4.151311894881914
12.5 10 4.13397459621554
9.5 10 4.133974596215553
14.5 10 4.133974596215536
16.5 10 4.133974596215539
2.55494338615578 10 0.8380648141063586
9.5 10 0.8660254037844388
4.5 10 0.8660254037844388
5.500000000000001 10 0.8660254037844386
7.5 10 0.8660254037844386
11.5 10 0.8660254037844386
13.5 10 0.8660254037844386
15.5 10 0.8660254037844386
17.44505661384422 10 0.8380648141063541
7.5 10 4.13397459621556
10.5 10 4.133974596215552
3.997813320424541 10 3.273869764318727
4.999635553404089 10 3.268935954412392
4.498667414657813 10 2.422211474692699
19.20479477071089 10 1.523966756079135
0.7952052292891152 10 1.523966756079144
0.9401132793426152 10 3.418565952543486
19.06177665567557 10 3.418697872199163
1.568528290222214 10 1.938718653171209
18.43103108326666 10 1.936772332674614
5 10 1.633974596215561
3.037222949930547 10 1.627217099915683
4.000000000000001 10 1.633974596215562
5.999999999999998 10 1.633974596215561
6.999999999999998 10 1.63397459621556
8 10 1.633974596215558
8.999999999999995 10 1.633974596215557
9.999999999999993 10 1.633974596215552
10.99999999999999 10 1.633974596215545
11.99999999999999 10 1.633974596215541
12.99999999999999 10 1.633974596215535
14 10 1.633974596215532
15 10 1.633974596215519
16 10 1.633974596215521
16.96014974398287 10 1.619350207531481
0.7320508075688773 10 4.267949192431122
0.7320508075688772 10 0.7320508075688774
19.26794919243112 10 0.7320508075688774
19.26794919243112 10 4.26794919243112
17.74726529868214 10 1.564533474117203
2.252437341277008 10 1.565652337916665
1.54503811445618 10 2.715510337084261
18.44875112107359 10 2.709383851890407
2 5 0 209
434
435
436
437
438
439
440
441
442
443
444
445
446
447
448
449
450
451
452
453
454
455
456
457
458
459
460
461
462
463
464
465
466
467
468
469
470
471
472
473
474
475
476
477
478
479
480
481
482
483
484
485
486
487
488
489
490
491
492
493
494
495
496
497
498
499
500
501
502
503
504
505
506
507
508
509
510
511
512
513
514
515
516
517
518
519
520
521
522
523
524
525
526
527
528
529
530
531
532
533
534
535
536
537
538
539
540
541
542
543
544
545
546
547
548
549
550
551
552
553
554
555
556
557
558
559
560
561
562
563
564
565
566
567
568
569
570
571
572
573
574
575
576
577
578
579
580
581
582
583
584
585
586
587
588
589
590
591
592
593
594
595
596
597
598
599
600
601
602
603
604
605
606
607
608
609
610
611
612
613
614
615
616
617
618
619
620
621
622
623
624
625
626
627
628
629
630
631
632
633
634
635
636
637
638
639
640
641
642
5.528702737154846 9.117371963342444 0
8.5 9.133974596215561 0
11.4196257275089 9.046470838356209 0
14.63910293691018 9.049999118818414 0
6.345880239301921 0.9508177836649073 0
9.543765581909069 1.009331283981664 0
12.5 0.8660254037844386 0
19.13397459621556 4.500000000000001 0
0.8660254037844386 4.5 0
15.44028731727963 0.8923577788469366 0
3.441524506485672 0.7966030166864885 0
19.13397459621557 6.500000000000004 0
0.8660254037844386 6.5 0
3.441524506485703 9.203396983313578 0
16.51538502208384 9.093405915574605 0
19.13397459621554 2.500000000000003 0
0.9507788085786101 2.513507152117086 0
17.58672565470657 0.8962961249554307 0
0.8289926863234778 8.560557292563423 0
19.15630369558483 8.461324865405185 0
1.498441921031081 0.8481180177861012 0
19.13397459621557 5.500000000000004 0
18.26794919243113 5.000000000000017 0
18.26794919243112 4.000000000000016 0
17.40192378864668 4.50000000000003 0
17.40192378864669 5.500000000000028 0
16.53589838486225 5.000000000000042 0
16.53589838486226 6.000000000000041 0
15.66987298107782 5.50000000000005 0
15.66987298107782 4.500000000000047 0
14.80384757729338 5.000000000000051 0
14.80384757729338 4.000000000000048 0
13.93782217350894 4.500000000000049 0
13.93782217350894 5.500000000000055 0
13.07179676972449 5.000000000000049 0
13.0717967697245 6.000000000000054 0
12.20577136594006 5.500000000000055 0
12.20577136594005 4.500000000000053 0
11.33974596215561 5.000000000000064 0
11.33974596215561 4.000000000000064 0
10.47372055837117 4.500000000000072 0
10.47372055837118 5.500000000000069 0
9.607695154586738 5.000000000000081 0
9.607695154586724 4.000000000000082 0
8.741669750802293 4.500000000000094 0
8.741669750802307 5.500000000000093 0
7.875644347017863 5.000000000000107 0
7.875644347017877 6.000000000000107 0
7.009618943233432 5.500000000000121 0
7.009618943233417 4.50000000000012 0
6.143593539448986 5.000000000000132 0
6.143593539448971 4.000000000000131 0
5.277568135664541 4.500000000000146 0
5.277568135664556 5.500000000000147 0
4.411542731880111 5.000000000000159 0
4.411542731880095 4.000000000000155 0
4.411542731880126 6.00000000000016 0
8.741669750802279 3.500000000000094 0
7.009618943233447 6.50000000000012 0
13.93782217350892 3.500000000000041 0
3.54551732809568 5.500000000000173 0
8.741669750802316 6.500000000000092 0
15.66987298107783 6.500000000000056 0
15.66987298107781 3.500000000000046 0
3.545517328095695 6.500000000000173 0
12.20577136594006 6.500000000000054 0
13.07179676972451 7.000000000000052 0
4.411542731880141 7.00000000000016 0
9.607695154586715 3.000000000000083 0
16.53589838486228 7.000000000000036 0
8.756310257736718 2.525358101859119 0
12.20577136594004 3.500000000000053 0
7.87808443150691 3.004226350309944 0
11.33974596215559 3.000000000000063 0
17.40192378864667 3.500000000000031 0
15.66987298107785 7.500000000000053 0
2.684195408363633 6.000000000000186 0
2.684979322372377 7.000000000000187 0
2.684979322372351 5.000000000000183 0
7.924789489269424 1.860046329714946 0
7.016613323817939 2.49513551952293 0
12.19212840028931 7.476369690327024 0
11.33747213454716 6.99606161505455 0
13.0465229879369 8.142120267161918 0
13.93782217350894 7.500000000000052 0
12.19212840028927 2.523630309673072 0
11.25102515500909 2.120211064854858 0
1.813466520526803 5.500000000000199 0
11.33676349185388 7.979520047616628 0
10.47284450871948 7.495930277111905 0
10.49077067287596 8.475837382233461 0
9.625031338996717 7.969936508031909 0
9.596692578563403 2.061326261023938 0
16.53247949106589 8.015567652595795 0
17.40135397301398 7.502594608765979 0
17.414186145171 8.490282532643093 0
9.563616400611672 9.037243286520386 0
15.62718847178786 8.497938937748691 0
14.79149627430173 7.994918614114032 0
18.26794919243111 3.000000000000015 0
17.38517696411972 2.529006350946137 0
18.18002939135668 1.84815054597853 0
19.15345312487483 1.493019948453979 0
13.06952294211601 3.003938384945545 0
13.0212235001729 1.833766553939084 0
13.92901432398224 2.472950823147462 0
13.94145977665463 1.561644155129057 0
14.87462261466744 1.845010575202957 0
14.80384757729339 6.000000000000068 0
14.8141754419346 2.969660233058433 0
15.66987298107781 2.500000000000044 0
13.07141779845641 4.000656397490965 0
7.011191354079006 3.499893644972227 0
6.143593539448958 3.000000000000127 0
6.176870562316304 2.008748956716759 0
5.283114306142405 2.501458159452911 0
5.369567973273448 1.501701491396083 0
4.459814896384266 2.008112829824176 0
4.420512454377096 3.001595164879618 0
3.572329261065573 2.531533319835936 0
3.551480937340142 3.505521414119372 0
2.689657998732664 3.006175788992673 0
2.774524096451835 2.120259403791372 0
2.687798255318117 4.00194953385213 0
1.777067035635014 3.500804444389466 0
19.13769611277711 7.493554144234201 0
5.277568135664571 6.500000000000146 0
5.262591622023013 7.474059917452688 0
4.426084629121373 7.962150349012143 0
3.566127162449181 7.463776404116953 0
2.756041338530401 7.895602775375598 0
1.810354399394893 7.450238195719892 0
7.875644347017887 7.000000000000107 0
7.009618943233461 7.50000000000012 0
7.937482942751293 8.167344078194475 0
7.016578504757164 8.43471114296036 0
5.279987451160344 3.500508887388848 0
2.460675415567583 9.261457997042072 0
4.461881137927328 8.992540982296061 0
12.51072170089063 9.119324151739631 0
13.5 9.133974596215559 0
3.548810217814416 4.501245157995362 0
16.51844243947906 1.018144498727399 0
19.13397459621556 3.500000000000004 0
2.472381547112401 0.7748460706801188 0
4.488579202151059 0.9527239867107701 0
7.5 0.8660254037844386 0
8.46634464393124 0.8979252714392159 0
10.57006800318535 0.8218684848639777 0
7.876313096240293 4.000686665880432 0
14.80178902679478 6.999153102352388 0
10.47372055837116 3.500000000000071 0
6.143593539449 6.000000000000135 0
11.53357881434268 0.7840683998259853 0
9.607695154586747 6.000000000000076 0
11.33936699088754 5.999343602509143 0
13.93747908175918 6.499858850392112 0
6.079799257038454 8.150936269814178 0
6.130465073440324 7.020832697877897 0
17.40182881937458 6.500432434794353 0
18.26793336421911 6.000072072465734 0
16.53589838486224 4.000000000000041 0
16.53310724744108 3.004834391824391 0
10.43967175584229 2.560442815837908 0
10.47330045735591 6.498968511270948 0
18.26845600967192 6.999442210043381 0
9.610368493543916 6.994139216069169 0
8.741669750802313 7.500000000000094 0
18.27432418810833 7.991199726848633 0
16.52879755860377 2.065057138131223 0
18.37325188875647 9.077269048035749 0
0.8508664823072316 7.542005198743979 0
1.971804210888429 6.490047639144092 0
0.709103465619136 5.50000000000004 0
1.87401246718967 4.500143376626653 0
0.7527828924197557 3.50204451378665 0
2.017270158911156 2.555405362131996 0
1.886704331731941 8.373972131099702 0
0.8419066884608755 1.501055738736309 0
18.50838879877919 0.83095585757242 0
14.47848157433668 0.8425150858040429 0
6.474646821327527 9.167028722221957 0
7.541112874727737 9.169647457350104 0
13.99557186446573 8.384989579338921 0
6.998133778358266 1.6142492984119 0
13.43982406735835 0.8263310496920648 0
1.483519590544604 9.245207051843428 0
1.924429307651775 1.65947460952204 0
11.91757453010819 1.583739397391126 0
12.10115246169592 8.352760999040283 0
8.857580510281968 1.670797449603777 0
8.829512792409043 8.347851388845866 0
5.162068212985046 8.340825498764046 0
5.5 0.6831586447573308 0
15.80640458222154 1.664113998181712 0
15.51466453721272 9.324899938915117 0
17.48973464473195 9.330664420090587 0
10.49864706377533 9.327586463069487 0
17.23983440165316 1.671330931747744 0
3.649147038914032 1.679491924311312 0
3.649147038914224 8.320508075688869 0
10.36915112636782 1.681119569148442 0
0.7320508075688772 0.7320508075688774 0
19.26794919243114 9.267949192431134 0
19.26794919243112 0.7320508075688823 0
0.7247451096446229 9.275254890355377 0
3 1.368075368238742 0
2.838818526245971 8.610987592503966 0
11.0691179511247 1.38670747418134 0
2 6 0 210
643
644
645
646
647
648
649
650
651
652
653
654
655
656
657
658
659
660
661
662
663
664
665
666
667
668
669
670
671
672
673
674
675
676
677
678
679
680
681
682
683
684
685
686
687
688
689
690
691
692
693
694
695
696
697
698
699
700
701
702
703
704
705
706
707
708
709
710
711
712
713
714
715
716
717
718
719
720
721
722
723
724
725
726
727
728
729
730
731
732
733
734
735
736
737
738
739
740
741
742
743
744
745
746
747
748
749
750
751
752
753
754
755
756
757
758
759
760
761
762
763
764
765
766
767
768
769
770
771
772
773
774
775
776
777
778
779
780
781
782
783
784
785
786
787
788
789
790
791
792
793
794
795
796
797
798
799
800
801
802
803
804
805
806
807
808
809
810
811
812
813
814
815
816
817
818
819
820
821
822
823
824
825
826
827
828
829
830
831
832
833
834
835
836
837
838
839
840
841
842
843
844
845
846
847
848
849
850
851
852
6.34588023930195 9.049182216335288 5
9.558704072195317 9.044989873625431 5
12.49531168268146 9.118995286420651 5
14.64285157201146 0.9810523593547519 5
5.528702737154849 0.8826280366576434 5
8.5 0.8660254037844386 5
11.37888607529526 0.9664247258625671 5
15.4402873172797 9.107642221153105 5
0.8928999959121793 5.543994519529081 5
19.13397459621556 4.500000000000001 5
3.459625481743402 9.157284835199409 5
19.13397459621558 6.499999999999988 5
0.8660254037844386 3.5 5
3.441524506485662 0.796603016686523 5
16.50920199901656 0.8885430207181116 5
17.5867256547066 9.103703875044564 5
19.13869329013439 2.508173017612786 5
0.8185330602412855 7.443325428706334 5
0.8289926863234915 1.439442707436656 5
18.40817438094259 0.9056972474408068 5
19.15322795494417 8.495762630719122 5
1.504237369280876 9.153227954944166 5
19.13397459621558 5.5 5
18.26794919243113 5.000000000000009 5
18.26794919243111 4.000000000000015 5
17.40192378864669 4.500000000000026 5
17.40192378864671 5.500000000000014 5
16.53589838486226 5.000000000000039 5
16.53589838486223 4.000000000000043 5
15.66987298107781 4.500000000000065 5
15.66987298107783 5.500000000000066 5
14.80384757729338 5.000000000000096 5
14.80384757729341 6.000000000000095 5
13.93782217350896 5.500000000000126 5
13.93782217350892 4.500000000000125 5
13.0717967697245 5.000000000000155 5
13.07179676972447 4.000000000000153 5
12.20577136594005 4.500000000000179 5
12.20577136594008 5.50000000000018 5
11.33974596215562 5.000000000000202 5
11.33974596215565 6.000000000000203 5
10.4737205583712 5.500000000000221 5
10.47372055837118 4.50000000000022 5
9.607695154586748 5.000000000000237 5
9.607695154586729 4.000000000000238 5
8.7416697508023 4.500000000000255 5
8.74166975080232 5.500000000000254 5
7.875644347017871 5.000000000000271 5
7.875644347017851 4.000000000000272 5
7.009618943233423 4.500000000000288 5
7.009618943233442 5.500000000000286 5
6.143593539448995 5.000000000000304 5
6.143593539449013 6.000000000000302 5
5.277568135664565 5.50000000000032 5
5.277568135664546 4.500000000000319 5
4.411542731880117 5.000000000000336 5
4.411542731880097 4.000000000000335 5
4.41649923138062 5.992027912764724 5
7.009618943233459 6.500000000000286 5
7.009618943233402 3.500000000000289 5
13.93782217350899 6.50000000000013 5
3.545517328095669 4.500000000000352 5
15.66987298107778 3.500000000000064 5
15.66987298107787 6.500000000000065 5
10.47372055837116 3.500000000000219 5
10.47372055837122 6.500000000000221 5
3.54551732809565 3.500000000000351 5
11.33974596215567 7.000000000000203 5
9.607695154586708 3.000000000000239 5
4.411542731880077 3.000000000000334 5
6.14359353944903 7.000000000000302 5
16.53589838486221 3.000000000000044 5
13.93782217350889 3.500000000000125 5
13.0811786011917 3.016249808769488 5
7.87564434701783 3.000000000000271 5
7.009618943233378 2.500000000000289 5
15.66695372037371 2.492511008590209 5
10.44684322612782 2.50000000000022 5
7.008015786027894 7.482243260481555 5
7.875377154150311 6.997040543413815 5
7.92208221191281 8.141220564008659 5
8.741669750802355 7.500000000000257 5
2.684195408363609 4.000000000000368 5
2.684979322372322 3.000000000000367 5
2.702988113059492 4.960661186196052 5
10.47372055837124 7.500000000000224 5
13.95704145149085 2.532950937202224 5
13.06024145115945 1.963885833714906 5
6.143593539448951 3.000000000000305 5
11.33974596215558 3.000000000000199 5
11.32610299650493 7.976369690327158 5
12.18985457268091 7.472431305381635 5
9.617856106147237 2.025358101859255 5
1.813661984255595 4.348170036115739 5
6.080944535912406 1.836031024530807 5
6.994464809512585 1.592079420400797 5
6.175437639351346 7.987480839950945 5
5.283229298437316 7.497913473325422 5
5.369348318161796 8.497565413511744 5
4.470666019278946 7.989864649672325 5
10.47372055837111 1.50000000000022 5
10.46766145730234 8.475743782378213 5
16.52804318306653 1.97357814755927 5
17.40061458834738 2.49559635792658 5
17.42602386149478 1.49205806603843 5
9.573738356098964 0.9704519373962414 5
15.60848300862692 1.497149727838699 5
11.41614138693204 9.03749000448628 5
14.80384757729329 1.994651195493876 5
9.613160630944529 7.978097507475057 5
9.608606067313076 6.996349584579375 5
14.80384757729345 7.000000000000098 5
13.93782217350903 7.500000000000129 5
15.68568463056827 7.472613419731283 5
16.53853365977739 6.995435569955236 5
16.53205463308295 7.960610999768798 5
17.38497555130908 7.463668077341215 5
13.06914397084803 6.995405217563736 5
13.02017476928797 8.163437147170843 5
13.94256822217499 8.434092205479232 5
7.935318066505374 1.845810124720151 5
14.80656424683964 3.003352190214434 5
13.07135463657844 5.999234202927418 5
11.3397459621556 4.000000000000201 5
19.13718348933701 7.499293771786505 5
9.607846973374482 5.999391597430092 5
8.741802340576738 6.498796954237344 5
3.554862129515294 5.484142762591419 5
2.663699766337348 5.957858627091929 5
3.563703512908877 2.529915320718861 5
2.755637396940312 2.103345845430729 5
4.431611745530433 2.038512190683365 5
1.810336874509805 2.549716190508837 5
2.493977141837379 9.141068529167635 5
2.95189258567353 8.29632679340429 5
1.973222580148972 8.358749939733462 5
2.383970883261878 7.432410431549892 5
3.491743620805518 7.453117840586208 5
4.50819895852065 9.052766697137233 5
7.5 9.133974596215559 5
8.477416556728246 9.117806601620591 5
16.51789333208207 8.976228501239596 5
7.875621913169024 5.999306249608709 5
0.8452012554948778 6.497886658039237 5
19.13476104520203 3.501362169602138 5
18.26864851619877 3.000855257523599 5
2.460675415567602 0.7385420029581102 5
4.462670725985727 1.007553666231967 5
12.5 0.8660254037844386 5
12.05423883569913 1.693990918730865 5
13.5411415055174 0.9162947026339516 5
8.741669750802281 3.500000000000258 5
6.143593539448974 4.000000000000305 5
5.27969155883245 6.498323564348565 5
8.741669750802263 2.500000000000265 5
5.277568135664524 3.50000000000032 5
14.87829803531573 8.146603796723833 5
18.30074023280774 1.991903008703141 5
14.80430035555107 4.000558698369151 5
5.277568135664503 2.500000000000317 5
12.21671683598515 3.518958110231067 5
12.20260274505979 6.494511787645562 5
16.53633759734813 5.999239261659238 5
17.39961149699061 6.493057151492602 5
17.40182214255806 3.499408602575051 5
18.26756381048845 5.998842858582094 5
18.26520968946198 6.992476976533728 5
18.18281815365247 8.149021997925287 5
4.419160529516575 6.980569152880653 5
1.70260305298908 6.034187165547276 5
0.8967926609100529 4.578110913430869 5
1.971839798657154 3.479577245325062 5
0.8508657219953127 2.457992822316223 5
1.886644013619503 1.625870872914026 5
3.573133448364604 6.452167476586684 5
0.910730207533746 8.42805474467705 5
18.50869398834647 9.167372133270069 5
19.1791720618648 1.530418516065424 5
1.617965934601074 6.969480776438873 5
14.47905108221394 9.155979049021582 5
6.472863792724621 0.8341411636374545 5
7.515929124153933 0.8432211860743328 5
12.26206235474351 2.597498852616183 5
6.99504243638714 8.375786467229993 5
13.4394789062354 9.1716668148274 5
1.48350953752587 0.7547667821589026 5
11.1784819686957 2.000000000000203 5
12.08951708161746 8.353744686757313 5
8.829512792408872 1.652148611154349 5
8.829512792409131 8.347851388845962 5
5.156299576049583 1.65294498362082 5
5.499999999999999 9.316841355242934 5
15.81084358966574 8.332739787723323 5
17.46868004829079 0.6572596668394698 5
10.49616539930057 0.6722275816187318 5
10.5 9.333103130316015 5
17.24089346496664 8.330646690263894 5
3.649147038913971 1.67949192431141 5
15.51356396187292 0.6579735022116271 5
14.01323365390563 1.680349180899848 5
19.26794919243112 0.7320508075688774 5
0.7320508075688795 9.26794919243112 5
19.26794919243114 9.267949192431134 5
1.905236340684059 5.256989978519761 5
0.724745109644623 0.7247451096446231 5
3.757752890460408 8.407810626334225 5
2.862253580946964 6.756146349850182 5
1.551515143830577 7.708990677914654 5
2.202543081513896 6.551814159785342 5
2.83872567430541 1.38877073246016 5
3 1 0 419
853
854
855
856
857
858
859
860
861
862
863
864
865
866
867
868
869
870
871
872
873
874
875
876
877
878
879
880
881
882
883
884
885
886
887
888
889
890
891
892
893
894
895
896
897
898
899
900
901
902
903
904
905
906
907
908
909
910
911
912
913
914
915
916
917
918
919
920
921
922
923
924
925
926
927
928
929
930
931
932
933
934
935
936
937
938
939
940
941
942
943
944
945
946
947
948
949
950
951
952
953
954
955
956
957
958
959
960
961
962
963
964
965
966
967
968
969
970
971
972
973
974
975
976
977
978
979
980
981
982
983
984
985
986
987
988
989
990
991
992
993
994
995
996
997
998
999
1000
1001
1002
1003
1004
1005
1006
1007
1008
1009
1010
1011
1012
1013
1014
1015
1016
1017
1018
1019
1020
1021
1022
1023
1024
1025
1026
1027
1028
1029
1030
1031
1032
1033
1034
1035
1036
1037
1038
1039
1040
1041
1042
1043
1044
1045
1046
1047
1048
1049
1050
1051
1052
1053
1054
1055
1056
1057
1058
1059
1060
1061
1062
1063
1064
1065
1066
1067
1068
1069
1070
1071
1072
1073
1074
1075
1076
1077
1078
1079
1080
1081
1082
1083
1084
1085
1086
1087
1088
1089
1090
1091
1092
1093
1094
1095
1096
1097
1098
1099
1100
1101
1102
1103
1104
1105
1106
1107
1108
1109
1110
1111
1112
1113
1114
1115
1116
1117
1118
1119
1120
1121
1122
1123
1124
1125
1126
1127
1128
1129
1130
1131
1132
1133
1134
1135
1136
1137
1138
1139
1140
1141
1142
1143
1144
1145
1146
1147
1148
1149
1150
1151
1152
1153
1154
1155
1156
1157
1158
1159
1160
1161
1162
1163
1164
1165
1166
1167
1168
1169
1170
1171
1172
1173
1174
1175
1176
1177
1178
1179
1180
1181
1182
1183
1184
1185
1186
1187
1188
1189
1190
1191
1192
1193
1194
1195
1196
1197
1198
1199
1200
1201
1202
1203
1204
1205
1206
1207
1208
1209
1210
1211
1212
1213
1214
1215
1216
1217
1218
1219
1220
1221
1222
1223
1224
1225
1226
1227
1228
1229
1230
1231
1232
1233
1234
1235
1236
1237
1238
1239
1240
1241
1242
1243
1244
1245
1246
1247
1248
1249
1250
1251
1252
1253
1254
1255
1256
1257
1258
1259
1260
1261
1262
1263
1264
1265
1266
1267
1268
1269
1270
1271
2.580065270728931 6.500081936334397 2.48842741976813
4.178187043508546 4.50000000000034 2.500000000000018
10.76266779264849 6.999528709525494 2.500260738362683
9.030344885397113 5.00000000000009 2.500000000000015
16.24722325026744 4.500000000000044 2.500000000000001
12.49444650053494 5.000000000000052 2.499999999999988
5.087469883657109 6.865090357808686 2.500203873841117
10.77322146283615 3.018750783446271 2.500000000000014
6.683206191429185 3.983939117272266 2.5
14.56969037052243 6.49909623878112 2.499999999999998
17.08942243135103 6.95052630288168 2.500531303954726
2.547547573958576 2.545539308995552 2.499304066560703
14.14583807931992 3.061274509803898 2.500000000000008
8.249674729091844 7.426522641688535 2.500000000000007
8.465020746060068 2.386056168688558 2.622284968809965
5.032553085393356 2.309334854379058 2.335852564814016
17.55884117995075 2.438882988030787 2.561941426023908
12.80822920800332 7.829796932985349 2.801317841623437
2.161940366762787 4.524884593125728 2.046471060263382
6.8766595175004 5.973597146963598 2.000838159596001
12.47300654787554 1.971150501721587 2.963689380985899
15.71588249118744 1.946363384611788 1.974041461441645
18.02664731785097 5.258547164733534 1.973334116470622
15.58521111252103 8.088005256572437 3.060978152246427
3.628779787675117 8.072528503060861 3.058718453458535
6.493186153072773 8.133822059853969 2.975340081478659
6.704201000971176 1.87698723853127 3.139444706272403
2.070233263989454 8.22239644626991 2.045041679535633
10.76239569296602 5.000000000000126 1.783333333333368
14.35307344182124 4.780763705375728 1.799665543013613
14.2803291042059 8.204939781414591 1.792314878805148
5.647122690858909 5.292526723684982 3.228749037167799
12.5086147905629 3.339384323437471 1.778066726058547
18.08190685940982 8.249680456397593 1.763954509729757
17.79463351579302 4.059266151518785 3.277763070283235
11.4050082454846 1.665692297612128 1.657853396653441
9.680322463400042 8.237517858059993 1.775961858667588
13.00616317456336 6.477574540095832 1.692539053171293
15.68806092181595 3.062714065094722 3.312619284363676
9.346409744284466 3.520821334768092 1.647996851970139
13.57153778784989 1.665030993072276 1.676357133347302
15.96550764655962 5.96699489620283 1.635190723668702
15.96519060128914 5.966728849048484 3.36484247672413
5.386522403926229 8.338480037604167 1.692050770875623
9.376654797286827 6.450257567917322 1.643413208841253
9.377982411721202 6.459119846593855 3.361048277029162
3.936288380658317 5.950262559475662 3.364114070276438
9.923554736606672 1.736955243665752 3.312338901963247
3.944864960809451 5.947114206993851 1.635598734648826
11.12484436161009 5.56339005384282 3.358718514256818
11.56001344567345 8.317758573387843 1.691933135645364
3.913355567087877 3.063176868810035 3.373517069337931
14.70320663692667 1.674970773076384 3.314416895046743
9.419523946631491 3.585138852061759 3.36084515318471
7.560804621376537 5.175673462088074 3.337915093052842
18.349908438884 3.627427294117413 1.650397042827982
17.4563351789631 8.376027570571781 3.326534745591027
7.362076496129606 1.627870775665725 1.62741079275349
14.82031324272825 4.502507434640239 3.392338302776518
5.616882731760912 4.912289879811524 1.592752703765442
9.716046711739224 1.665040348542053 1.637593966308275
13.1449508748131 6.285446565438813 3.35236102183666
12.82620044134982 3.545431790530976 3.408219609108555
9.302025995553661 8.36242196044433 3.398026061166253
1.597870876858928 7.340415591459482 3.439052305628728
3.805486627056511 3.153804325719917 1.60258491863888
11.30367919867326 8.345470338568402 3.35658650538861
1.642524888967854 3.647546935473277 3.370392660470088
16.41529821690251 8.375769704148261 1.633132084001385
7.314692923959251 8.404950571918079 1.598350858411464
3.51952432910906 1.553612164034196 1.652976456365787
3.473064773562284 7.469191026956486 1.59140700181905
17.77953896343992 5.84521816112592 3.462964970964413
16.31168123989997 1.576955709129267 3.429590976406689
6.566027486129817 6.596900557132106 3.45393337544272
5.383387279851373 3.71580506074323 3.409268888070529
7.853157197970743 4.500328060577058 1.527053035911198
15.40432147766312 3.477140489328269 1.587136963727451
3.516291210353458 1.521590643561407 3.249385260059181
2.5207024404268 5.21915141835039 3.436784475484768
7.844194874481434 3.556748922628494 3.483414880467776
18.45100141644904 6.724419266644604 1.549140730762031
14.10417038434282 8.44350685315578 3.439041606888904
6.306146253175468 2.789909848074191 1.549463767212295
18.54970266300067 1.454232049520829 3.224496271305927
18.46323083441211 1.535274071525086 1.670388356854366
1.562416027724798 1.509117771210941 3.158674745651779
1.865669280330587 1.468433610432325 1.667657089089
11.37645353654715 4.051325860405685 3.464776313130538
5.079291620657709 7.980816195498845 3.556061030299681
5.321696971470846 1.442037160059773 3.524546254168666
16.8967048142787 3.237419206795635 1.454625302383294
11.81366399938415 6.947963543802174 3.574122833593746
11.54204620517426 6.241802476120624 1.466450725056037
18.47085435031067 7.36094403480857 2.903149818767545
1.479751471773605 6.897437983549192 1.43720698065711
17.00639561597632 1.465208878108547 1.442926508761444
15.40529416265491 7.317819705851487 1.439961662509751
7.751127501439489 3.037547964303644 1.519512369308114
7.847476091891963 8.544435027639777 3.359553639775432
13.43533395472794 4.884791545775805 3.59937801668449
1.426713582104435 3.290786276705346 1.99475501146533
2.357951632984142 8.595000118017644 3.595586444168051
6.394314021107368 7.314847153980848 1.794856437283663
1.349400664788378 5.971382906320836 3.038390708012523
8.568721280395913 1.344296052535229 3.614896820479496
5.956740817178543 1.420323427311745 1.71796851969551
18.51233014991968 2.761483273269595 3.571304978390482
9.900096997651694 4.895291577570132 3.615806020211307
2.598380829445535 5.667419995900212 1.359886717077969
5.141967670259071 3.588248151422584 1.409115282153812
7.97581102563918 6.512707843777706 3.545412690462691
2.917788085533566 7.083602731726734 3.67568265134071
12.93822175238924 8.594215616560856 1.627069152307774
11.2206852556079 3.73477305242858 1.375678189991713
11.30556872035694 1.383320616051645 3.60634268614825
8.128179209958436 5.868162418140753 1.374328136481374
16.93821420607802 4.696831443034539 1.3024883848092
13.06720677065387 4.532493629513771 1.315606651787043
5.583463111821493 6.279980145274875 1.339371211109613
3.372502677540543 4.519041297874864 1.373617763447604
14.46094451154303 5.800023445480942 3.681408940536135
4.07258562253872 8.659723109521833 1.90421452881944
2.93680913278059 3.970932033275447 3.037931953881175
17.01347352978937 2.999988124963192 3.702181213563073
14.22795746104039 6.03351411801863 1.256338598870883
16.57962208173569 7.391156641273217 3.691099464510631
13.58295222249342 2.412360025072939 3.669475763846897
18.68639358390273 8.687940727791258 2.882141641802746
16.80912228818996 4.912988920608941 3.669186370384495
11.58517579802649 2.718779448958434 3.685261333027343
10.25158979340203 7.441519387814749 3.669363061074879
17.26081505667151 6.139327784558787 1.293759529984918
7.646193948309222 7.125955506063706 1.333158748061701
14.16966258559322 7.112822814253237 3.628877477618424
6.492307883872627 4.396009038130472 3.764436213756711
12.8456938135562 8.764909205339704 3.756210743339762
2.540930619977429 3.465405710645211 1.257800363199341
8.488310237386886 8.691070247488362 2.15830074023363
14.79381520219892 1.278900522714817 1.241789242596756
14.47628197481247 2.567113266050822 1.311794760081359
18.71445083304818 4.922084731197942 3.736763432087233
8.534731036550209 2.035272586999537 1.214348247089397
9.549445902919453 4.781531864714146 1.303214578214594
15.57226524356288 4.753607877914481 1.292495138056711
4.122867597285294 4.500000000000341 3.816054618440587
4.732487080791593 7.283213731829123 1.247353144153477
13.53217188757434 1.190677475702007 2.960699609884911
1.316478051557544 5.537248814615974 1.761051294137413
10.49128793632253 6.997457724812892 1.215101276548633
6.694524608031431 3.988880185270116 1.18930076561966
1.20385952504271 8.72478467096323 2.931815273502088
16.89098517942652 5.639159840760357 2.500135863707217
10.34743236079314 2.757478639561135 1.290445654151928
6.544406243426826 3.126967084697233 3.472098924553998
5.116949709969431 6.382013553952459 3.711254902824204
8.647164401610651 4.569039124342545 3.70734300333652
2.951966674594304 8.762722118369828 1.275224679458602
4.759457277919735 1.654646874098842 1.229675456404417
14.50784958705729 3.309145460271631 3.77972383571159
10.14097792006473 5.869745597489439 2.504658548349533
18.78623311630874 6.090889601103742 2.652369171966638
11.89185163071911 5.038889144506147 1.163867614161749
2.784558568622082 2.556735962944577 3.779663570103461
17.21499388868647 7.428702365244813 1.274661128694013
13.46412025931033 4.14709167340413 2.472507237670472
12.17618314795513 4.989701231201543 3.815695449066628
15.27270771601889 5.328189497217331 2.499791401308915
15.27290512228375 8.80925516750208 1.2649131755782
1.187957297517757 2.544022398827453 3.767918524011728
10.27280054335576 4.182719147518496 2.628358792382686
12.13308901264481 6.213498127330047 2.589400720124047
10.293306378495 8.794478159835787 2.735987846340472
12.49237273344522 2.186190794652289 1.20569949733627
15.82593094725274 6.944919868354341 2.57390913728966
13.59813499785162 5.605069648833273 2.388879439213546
1.209331820458511 8.8027280425712 1.278794872859686
15.40103712624901 6.977745123850093 3.864436604983692
7.763120116478268 2.312320462035095 3.666621347142406
8.663041622933852 1.227136398599466 2.171438635596733
1.285608551346934 4.862906290425045 3.764174223550171
17.36581349968122 1.197407602865876 2.809475992744426
10.3336885691297 2.829764955375052 3.788532273755703
3.200373258780342 5.274736022050698 2.385924412679264
8.452344072292407 3.891285130672511 2.441800324931388
17.91448037560672 2.549814101800904 1.149439506723403
18.75043028143377 4.409182758051086 2.545324758892268
4.155758669826918 7.168316489208103 3.727384726439402
18.74866505577204 6.551348163712927 3.812908782472229
5.916040748464881 8.873688339612322 3.796825565145989
18.81101285475772 4.689723568468955 1.188987145242278
8.620983431614878 7.9066869039852 1.184070868932664
16.3595993001955 8.869773198229504 3.637684708852437
12.48642163624048 1.109737852854616 1.864018672957541
4.41861971703506 1.237074330095823 2.446976906732496
14.01497959811327 3.724360503099176 1.226005674568837
12.42026252759707 7.50532041910509 1.244091317661471
4.974108522130582 8.88956452934354 2.721455496354918
8.539535700764938 6.135903476761031 2.5102755446189
18.76900047776618 2.606683282754052 2.257059304224462
3.719936850263307 6.89133913308993 2.629385832233253
4.986484244552461 2.605631779975197 3.797862734332092
9.047920814330375 2.478976063174222 3.793804653921346
4.942680634918769 5.663027245830732 2.293193818172862
7.638085679380633 1.138005985128867 2.841264353000241
12.14936087545286 8.847724671075927 2.626155645030089
10.71430950791912 1.195351153410395 2.551685599691569
1.171485746859329 4.309141304357214 1.298954177291715
4 8.924283970530361 3.849250522325814
2.511662994037614 1.182278382573099 3.846275696295195
15.88735530188029 4.136324061375541 3.856200154009416
2.649839747054342 2.261183233055004 1.196004192138525
9.635776599478794 2.609538068502569 2.395045065457015
9.568904608054845 7.433655265494719 2.671831157118713
7.321315784841373 2.774339817583066 2.617162055832629
4.479447837439993 4.959768983301594 1.20126744482269
8.455845077463765 7.596650118437719 3.820919591763368
16.62692707154926 3.363750607086624 2.621339154171999
2.130748845102252 6.23620056180886 3.872411023334346
13.86435374707832 7.209739314911514 1.195717132839634
7.26273984202273 7.547448691086124 3.687797614491292
6.683273919724847 5.187692700847781 1.113123563720387
17.55199388148771 1.886365695377848 3.827592200618417
2.971117139900417 8.90569500418348 2.477003091825602
10.57640754687538 8.914319543784112 1.363023397143669
14.99999999999999 8.915348676425474 2.428365720424319
7 1.057230327972693 3.942501127347841
18.88823719304547 8.874340552091468 1.108152938664932
17.76381191905887 7.246472801512041 3.874716323025193
10.24843567909239 5.838493837212274 1.116497168416615
18.8104707650232 8.002917876463274 3.911731509753559
15.13624228603669 8.930959131284668 3.766639941102413
4.657260341813856 3.417064951654115 2.52255457664267
11.87697932222674 7.324366595196924 2.277897140346222
11.78396175808423 4.068624042178756 2.357431081055751
2.394926944236377 7.581066562346368 1.092786735521546
15.94632897131741 1.060817959721116 1.122173202828757
2.569755493787856 1.176946080360779 2.595715216343006
1.119035359318709 4.452981174500955 2.644207757109815
6.35416634600224 8.88014489095657 2.079110847465226
3.865385900997112 2.343298630211492 2.448528972170023
18.91307363021224 7.712233826827961 1.145171740423436
1.160590457816427 7.547215555989138 2.365672932164816
15.0403244159993 1.075615084468817 2.367550846888272
13.31835724152685 8.882987564175844 2.69386173222153
13.75857808296908 7.324277157035897 2.351782721054112
17.41917240947043 4.092554684677665 2.175105768894025
6.528456644783087 5.543602274138486 3.943204490355508
1.08779568905017 2.166833098708937 2.267293985736159
10.24646679398689 6.000000000000226 3.978135052536442
17.33409451656887 8.973532486152275 1.3103179613571
7.196212662826861 6.945372413009547 2.545740620194396
12.59395442250735 1.023878466280731 3.610868938152111
12.70589658127224 7.613919097019552 3.952790817726701
9.066498353704286 8.96684667103197 1.130524878400614
10.23468497453423 8.8712864059378 3.912471606865147
5.844996212335254 3.09288424011692 2.559122079894953
11.79972434598932 2.567951381246553 2.24935784119793
6.106763462107911 7.563736708477043 3.916042067637489
8.70234853241816 5.696692009443317 3.876200519048241
6.05894679805191 1.019042578313439 2.773752718344483
11.45765793818403 2.639636742255542 1.072487094378661
9.000000000000002 1.00935449609735 1.040454736086026
16.87074692049928 6.322093469737487 3.959124150644292
15.99515004768214 2.626534482677266 1.093099289243892
2.693456433757091 7.583990961040499 2.708502982011222
17.02163888199086 8.964667050998102 2.426983675390282
6.629863314942631 5.103525567622057 2.689541552730906
13.16056693941051 2.546033925362002 2.264935317574472
18.93666678910839 3.82121656033179 3.925177915730206
18.92907645796016 5.812442324476245 1.071720332745533
10.56724552315713 1.116618123460943 1.105321316103154
1.455133154891623 2.464019869797458 1.104540556707661
15.05961626988262 3.705103277762637 2.63441141664955
3.04354202960381 6.626588014721302 0.9925311814847303
10.37691351771789 3.939412923134968 3.96885996795262
5.298311701139323 4.454415706756628 2.567524731407076
12.85548990396256 5.592882429883602 1.021405570614059
10.1779654480691 3.904158652403171 1.002280649432237
4.580260429768863 7.863524189169143 2.506296109996908
15.49873085231804 2.154556435208322 3.943528992777662
1.014684425046976 1.012130448221441 1.107987310847266
5.960590022259845 6.173337573917673 2.612761677084531
14 9.025369464809421 1.087228815093483
16.63409254511071 7.952003844601359 2.699003953283729
4.834162698960252 5.340433145856801 3.989849812393307
14.44343883783707 2.011523351502906 2.276534056028922
2.374339927643765 4.246319405137008 3.958946105689188
18.2385122385776 8.956442614072675 3.864916617529112
6.637556090699358 6.515277399969532 1.053377830860039
18.98668695414573 2.839891108811445 1.1922444886787
7.736566486778636 5.325203487445376 2.255562415633211
1.336610999838531 8.300268660675725 3.965875467348902
15.49689180989107 5.164147231609634 3.962038360016773
1.059029441392985 1.059158203051983 2.291667516940221
2.709048396620612 1.085592211856493 1.04528733693052
7.001810040889619 9.059944295598212 3.844254434025882
13.40376019502322 2.806635674730571 1.221492864237653
16.32086202772229 1.107805886777923 2.410176166355305
14.03163610244575 1.029312162045627 3.974920155944176
15.43856111398854 1.060828219142388 3.853054252759077
8.457569421732025 3.725731071389927 1.036485969499388
11.87336227778695 0.9671289469985269 2.763713246250763
14.9096916967281 7.537145932910598 2.39422127586213
6.000000000000001 9.001817896253618 1.016652428530693
1.093631838876214 1.005017664641696 4.008940953600773
4.344129415797563 1.723145166054481 3.947945917125619
12.29237343800481 6.061499010987393 3.999721359810324
16.31619375779653 6.835383061421343 1.06273798736436
19.02669954439947 2.00867095224724 4.032565041821135
2.358591487278436 4.621747083002517 0.9739921553088374
11.88786722568102 0.9882721195126964 0.9872131475294932
13.63676786808013 3.908853295461203 4.037221195253769
4.618363490003015 2.714070911417928 1.029773032430805
12.18924218665952 4.000000000000053 0.9634030510701679
17.00462910845275 0.9586570333797285 4.002687869158737
16.49173869273304 2.292428972305047 2.640879934037157
15.21453750759351 6.365031863471313 0.9695173298495311
10.36864443419571 1.055340938072822 4.008134558005985
1.084062479048419 6.523133957533136 3.939485946561064
2.155669665187107 5.512850951931751 2.469527787926351
7.994527577056393 9.069340271395747 1.090791826160864
6.038603919099844 2.253027095922942 3.959876921578153
17.65939137650023 4.000000000000028 0.9158841770619718
16.19682300885387 3.9244261985915 1.016435092857016
5.738464734798372 7.599619910418659 0.9723682729762633
3.174753024988848 3.532849409933907 3.993832821444854
3.167650692190745 6.131762654796907 4.073042507024337
19.01762327912903 7.941967338439595 2.187085514691454
12 9.024451755796809 0.9710205625295987
9.653794518006331 1.050770137866417 2.53631611887905
7.526029472728005 4.394449274648446 4.068571654682309
7.32699792633981 8.950862306933448 2.518104361535807
8.624557224042816 6.854143407939056 1.001102033083002
4.557309239419325 8.317071395644478 1.007032361064703
17.83256320420514 0.9282761539640547 1.106776487720472
8.576536543786776 5.008463459380931 0.9313668295207592
17.1151816659623 3.985339241469798 4.095673584754515
17.951622148373 5.419717690437056 0.9246854044403834
10.65032850783645 7.992291895685799 2.136144817385493
9.535997906425195 7.403143376743537 0.9796778507051234
9.33351272783057 2.695080469785904 0.9799035739447606
5.686906987608043 2.134934629115861 0.9542980950869879
4.564685509326389 3.54148206702033 4.057856120989005
7.952524912334289 0.9182578105570757 1.118139120185054
4.218667067442731 3.947635384086701 1.038703513723924
11.38350684943969 7.540348665848023 0.9761325565170732
15.4478872566866 7.992250827268436 4.08712672566368
3.161986422730053 8.052737587720156 3.999787883871673
11.52035328919407 5.380935424594393 2.402846573667148
6.040015334469889 7.20689591817139 2.780267145739761
17.83049050078254 6.251252145374708 2.250424393925664
10.83588661420427 4.87270999052048 4.090873965864074
0.943018638267784 7.771059208753441 1.092973476658869
13.10333619832692 0.9823215514650855 1.001552998215277
10.84549652764764 2.194532528190137 3.13685778757599
12.22473319494062 1.936856699679652 3.988041287224644
18.99220910176268 3.433026616123251 2.884552788875059
15.98398775388755 9.126262868241762 2.699843597844782
6.687132844138775 1.050407496579349 1.017292998161184
10.55532540550625 2.100144696965735 2.067412086819837
17.74713795051926 5.026161817320829 4.101370184193507
18.98267908199373 1.012376212696258 2.395790980459581
19.05924254458544 5.277539381813646 2.069461500542067
13.84678197929826 5.11605141178049 0.9590226739192731
17.61011848418888 5.000918757245998 2.88653895209066
15.19990864788888 2.690449891403941 2.477848593876358
6.59431511794602 8.168429413607308 0.9010535971882957
11.83582679257937 8.992681534098754 4.018893394926939
10.92719800451984 6.772921806037431 4.078522679906073
2.388140305453366 3.541004521385506 2.276175517678092
0.9179220994699105 3.009790004692229 2.867810320095785
4 0.9320546704904651 0.940843677480117
8.622587516829251 8.958274984365733 3.958636920442502
5.500866323241073 4.55486730417912 3.995625433220715
3.332471246569464 5.114009873665483 4.063721537771922
3.921363071113678 9.072948704840895 2.834229794665335
4.629871044007951 6.302819072194019 0.9573178913721454
6 0.8841652708918745 4.042929666551157
12.19567279791154 3.996014350057001 4.087082277790709
6.887087943157793 0.9189534508807117 2.18647500935701
14.05995967984499 0.8908396039093762 2.135763432676847
19.05914143448488 0.921812192918513 1.11495346234225
9.467113734216806 0.8585412739999697 3.567923865663473
10.99550646495647 4.596240299120948 0.8736778257095184
18.02100382122038 3.350243630627235 2.577437289427589
7.598733608096247 4.40272142461589 2.671512659338442
18.90513101530649 0.9460757259443878 4.053924274055612
11.19403568335328 9.031000973903888 2.321522803339977
10.39385191023677 7.990828691744719 0.9168470711018463
16.47161875785561 5.500000000000042 0.8848966302499351
3.665933424238229 2.333401191451666 1.002379563028142
3.323639843009777 3.202269409479543 2.496506767685954
4.484325755565211 0.8828571875247282 3.3959837760914
6.748557911726083 2.086346119720835 0.9205137752816405
3.877455247031713 9.06866436028543 0.9976425270320973
9.313189554021973 9.032369742000697 2.63782724274561
7 9.119538071765028 0.9036459212652571
1.871991060358288 9.146668127402913 2.336646378824538
7.377320132421557 7.940068018327032 2.495409670003501
9.259810079281545 5.754648728328286 0.9179401846326561
14.50795107795205 2.338950505820816 4.088626210708746
6.613238772443107 2.046013027693963 2.152362484151219
14.67853004949872 4.50000000000005 0.8773413087598485
16.95086062571108 2.327066622576642 0.9004302939370449
13.50087943791495 5.74317984297115 4.12438428845276
14.28614070933492 4.918963376555951 4.13888455232234
0.9845312535327106 6.539785098917109 2.263733435087643
9.351259090160614 7.195567226121751 4.047160312951399
16.40242493471154 7.402992592429295 1.888652969609861
11.97641648702344 3.27412943874465 2.943483238718751
7.478451958073134 5.833132666011781 4.092644678332827
18.00535649811309 3.524374496506091 4.155431365948117
7.284217353711333 3.052344742660338 4.14537295814224
17.6407801245233 7.787126424507836 2.536373233336216
5.756595438904828 4.197853730178482 0.9034315850220171
5.549848089223976 8.073617081399028 2.644102312023747
8.680692186086464 3.385985626745141 4.006913393508828
7.210982847705366 6.026546358097821 2.943027390954489
$EndNodes
$Elements
7 6733 1 6733
2 1 2 124
1 1 9 181 
2 13 1 181 
3 12 2 182 
4 2 26 182 
5 3 21 183 
6 22 3 183 
7 4 25 180 
8 34 4 180 
9 9 10 168 
10 9 168 181 
11 10 11 143 
12 10 143 168 
13 11 12 160 
14 143 11 160 
15 160 12 182 
16 14 13 144 
17 144 13 181 
18 15 14 175 
19 14 144 175 
20 16 15 140 
21 140 15 175 
22 17 16 165 
23 16 140 165 
24 18 17 178 
25 17 165 178 
26 19 18 139 
27 139 18 178 
28 20 19 176 
29 19 139 176 
30 21 20 145 
31 145 20 176 
32 21 145 183 
33 23 22 169 
34 169 22 183 
35 24 23 142 
36 142 23 169 
37 25 24 146 
38 24 142 146 
39 25 146 180 
40 26 27 167 
41 26 167 182 
42 27 28 137 
43 27 137 167 
44 28 29 166 
45 137 28 166 
46 29 30 138 
47 29 138 166 
48 30 31 174 
49 138 30 174 
50 31 32 159 
51 31 159 174 
52 32 33 141 
53 32 141 159 
54 33 34 170 
55 141 33 170 
56 170 34 180 
57 137 166 171 
58 167 137 184 
59 137 171 184 
60 155 138 157 
61 138 155 172 
62 157 138 174 
63 166 138 172 
64 150 139 151 
65 139 150 176 
66 151 139 152 
67 152 139 178 
68 164 140 175 
69 140 164 179 
70 165 140 173 
71 173 140 179 
72 147 141 170 
73 141 147 177 
74 159 141 177 
75 146 142 147 
76 147 142 148 
77 148 142 169 
78 143 160 161 
79 143 161 162 
80 143 162 168 
81 144 162 164 
82 162 144 168 
83 144 164 175 
84 168 144 181 
85 148 145 150 
86 145 148 169 
87 150 145 176 
88 145 169 183 
89 146 147 170 
90 146 170 180 
91 147 148 149 
92 147 149 177 
93 149 148 150 
94 149 150 151 
95 149 151 158 
96 149 158 177 
97 151 152 153 
98 151 153 158 
99 153 152 154 
100 154 152 165 
101 165 152 178 
102 153 154 155 
103 153 155 157 
104 153 157 158 
105 155 154 156 
106 156 154 173 
107 154 165 173 
108 155 156 172 
109 156 163 171 
110 163 156 179 
111 156 171 172 
112 156 173 179 
113 158 157 159 
114 159 157 174 
115 158 159 177 
116 161 160 167 
117 167 160 182 
118 162 161 163 
119 163 161 184 
120 161 167 184 
121 162 163 164 
122 164 163 179 
123 171 163 184 
124 171 166 172 
2 2 2 126
125 5 228 35 
126 39 228 5 
127 38 229 6 
128 6 229 52 
129 7 226 47 
130 48 226 7 
131 8 227 51 
132 60 227 8 
133 35 207 36 
134 35 228 207 
135 36 185 37 
136 36 207 185 
137 37 219 38 
138 185 219 37 
139 219 229 38 
140 40 218 39 
141 218 228 39 
142 41 192 40 
143 192 218 40 
144 42 194 41 
145 41 194 192 
146 43 189 42 
147 189 194 42 
148 44 214 43 
149 43 214 189 
150 45 213 44 
151 213 214 44 
152 46 188 45 
153 188 213 45 
154 47 220 46 
155 46 220 188 
156 47 226 220 
157 49 202 48 
158 202 226 48 
159 50 191 49 
160 191 202 49 
161 51 217 50 
162 50 217 191 
163 51 227 217 
164 52 193 53 
165 52 229 193 
166 53 205 54 
167 193 205 53 
168 54 186 55 
169 54 205 186 
170 55 209 56 
171 186 209 55 
172 56 187 57 
173 56 209 187 
174 57 210 58 
175 187 210 57 
176 58 190 59 
177 58 210 190 
178 59 212 60 
179 190 212 59 
180 212 227 60 
181 207 208 185 
182 208 231 185 
183 185 231 219 
184 205 221 186 
185 186 223 209 
186 221 223 186 
187 209 224 187 
188 187 222 210 
189 187 224 222 
190 188 215 213 
191 188 233 215 
192 220 233 188 
193 189 195 194 
194 189 196 195 
195 189 214 196 
196 204 212 190 
197 190 216 204 
198 210 216 190 
199 191 203 202 
200 191 204 203 
201 191 217 204 
202 194 211 192 
203 211 232 192 
204 192 232 218 
205 193 206 205 
206 193 219 206 
207 193 229 219 
208 195 211 194 
209 196 197 195 
210 197 199 195 
211 199 211 195 
212 196 198 197 
213 196 200 198 
214 196 214 200 
215 198 224 197 
216 197 223 199 
217 197 224 223 
218 200 201 198 
219 201 222 198 
220 222 224 198 
221 199 225 211 
222 199 223 221 
223 221 225 199 
224 200 215 201 
225 200 214 213 
226 213 215 200 
227 215 230 201 
228 216 222 201 
229 201 230 216 
230 203 220 202 
231 220 226 202 
232 204 230 203 
233 203 233 220 
234 230 233 203 
235 204 217 212 
236 216 230 204 
237 206 221 205 
238 219 231 206 
239 206 225 221 
240 206 231 225 
241 207 218 208 
242 207 228 218 
243 218 232 208 
244 225 231 208 
245 208 232 225 
246 223 224 209 
247 210 222 216 
248 225 232 211 
249 217 227 212 
250 215 233 230 
2 3 2 248
251 9 1 327 
252 1 61 327 
253 2 12 328 
254 80 2 328 
255 5 35 329 
256 79 5 329 
257 38 6 326 
258 6 98 326 
259 10 9 306 
260 306 9 327 
261 11 10 234 
262 234 10 306 
263 12 11 308 
264 11 234 308 
265 12 308 328 
266 35 36 305 
267 35 305 329 
268 36 37 242 
269 36 242 305 
270 37 38 307 
271 242 37 307 
272 307 38 326 
273 61 62 253 
274 61 253 327 
275 62 63 288 
276 253 62 288 
277 63 64 235 
278 63 235 288 
279 64 65 289 
280 235 64 289 
281 65 66 236 
282 65 236 289 
283 66 67 290 
284 236 66 290 
285 67 68 237 
286 67 237 290 
287 68 69 291 
288 237 68 291 
289 69 70 238 
290 69 238 291 
291 70 71 292 
292 238 70 292 
293 71 72 239 
294 71 239 292 
295 72 73 293 
296 239 72 293 
297 73 74 240 
298 73 240 293 
299 74 75 294 
300 240 74 294 
301 75 76 241 
302 75 241 294 
303 76 77 295 
304 241 76 295 
305 77 78 250 
306 77 250 295 
307 78 79 296 
308 250 78 296 
309 296 79 329 
310 81 80 263 
311 263 80 328 
312 82 81 251 
313 251 81 263 
314 83 82 297 
315 82 251 297 
316 84 83 243 
317 243 83 297 
318 85 84 254 
319 84 243 254 
320 86 85 244 
321 244 85 254 
322 87 86 264 
323 86 244 264 
324 88 87 245 
325 245 87 264 
326 89 88 301 
327 88 245 301 
328 90 89 246 
329 246 89 301 
330 91 90 270 
331 90 246 270 
332 92 91 247 
333 247 91 270 
334 93 92 285 
335 92 247 285 
336 94 93 248 
337 248 93 285 
338 95 94 286 
339 94 248 286 
340 96 95 249 
341 249 95 286 
342 97 96 287 
343 96 249 287 
344 98 97 252 
345 252 97 287 
346 98 252 326 
347 234 306 309 
348 308 234 332 
349 234 309 332 
350 288 235 320 
351 235 289 317 
352 235 317 320 
353 289 236 316 
354 236 290 314 
355 236 314 316 
356 290 237 319 
357 237 291 313 
358 237 313 319 
359 291 238 315 
360 238 292 312 
361 238 312 315 
362 292 239 311 
363 239 293 318 
364 311 239 318 
365 293 240 321 
366 240 294 323 
367 321 240 323 
368 294 241 324 
369 241 295 322 
370 241 322 324 
371 305 242 310 
372 242 307 333 
373 310 242 333 
374 254 243 255 
375 255 243 256 
376 256 243 297 
377 244 254 302 
378 264 244 298 
379 298 244 302 
380 245 264 265 
381 245 265 266 
382 245 266 301 
383 270 246 303 
384 300 246 301 
385 246 300 303 
386 247 270 271 
387 247 271 272 
388 247 272 285 
389 248 276 278 
390 276 248 285 
391 248 278 286 
392 249 280 282 
393 280 249 286 
394 249 282 287 
395 295 250 325 
396 250 296 330 
397 325 250 330 
398 260 251 262 
399 251 260 297 
400 262 251 263 
401 284 252 287 
402 252 284 307 
403 252 307 326 
404 253 288 331 
405 306 253 309 
406 253 306 327 
407 309 253 331 
408 254 255 302 
409 255 256 257 
410 255 257 258 
411 255 258 302 
412 257 256 259 
413 259 256 260 
414 260 256 297 
415 258 257 316 
416 257 259 317 
417 316 257 317 
418 258 299 302 
419 299 258 314 
420 314 258 316 
421 259 260 261 
422 259 261 320 
423 317 259 320 
424 261 260 262 
425 261 262 332 
426 261 309 331 
427 309 261 332 
428 320 261 331 
429 262 263 308 
430 262 308 332 
431 308 263 328 
432 265 264 298 
433 266 265 267 
434 267 265 269 
435 269 265 298 
436 266 267 268 
437 266 268 300 
438 266 300 301 
439 268 267 315 
440 267 269 313 
441 267 313 315 
442 300 268 304 
443 304 268 312 
444 312 268 315 
445 269 298 299 
446 269 299 319 
447 313 269 319 
448 271 270 303 
449 272 271 273 
450 273 271 274 
451 274 271 303 
452 272 273 275 
453 272 275 276 
454 272 276 285 
455 273 274 318 
456 275 273 321 
457 273 318 321 
458 274 303 304 
459 274 304 311 
460 274 311 318 
461 276 275 277 
462 277 275 323 
463 275 321 323 
464 276 277 278 
465 278 277 279 
466 279 277 324 
467 277 323 324 
468 278 279 280 
469 278 280 286 
470 280 279 281 
471 281 279 322 
472 322 279 324 
473 280 281 282 
474 282 281 283 
475 283 281 325 
476 281 322 325 
477 282 283 284 
478 282 284 287 
479 284 283 333 
480 310 283 330 
481 283 310 333 
482 283 325 330 
483 307 284 333 
484 288 320 331 
485 289 316 317 
486 314 290 319 
487 313 291 315 
488 292 311 312 
489 318 293 321 
490 323 294 324 
491 322 295 325 
492 296 305 310 
493 305 296 329 
494 296 310 330 
495 299 298 302 
496 299 314 319 
497 303 300 304 
498 311 304 312 
2 4 2 248
499 22 427 3 
500 3 427 99 
501 4 426 25 
502 118 426 4 
503 7 428 48 
504 117 428 7 
505 51 429 8 
506 8 429 136 
507 23 406 22 
508 406 427 22 
509 24 349 23 
510 349 406 23 
511 25 407 24 
512 24 407 349 
513 25 426 407 
514 48 405 49 
515 48 428 405 
516 49 350 50 
517 49 405 350 
518 50 408 51 
519 350 408 50 
520 408 429 51 
521 99 352 100 
522 99 427 352 
523 100 391 101 
524 352 391 100 
525 101 342 102 
526 101 391 342 
527 102 393 103 
528 342 393 102 
529 103 394 104 
530 393 394 103 
531 104 336 105 
532 104 394 336 
533 105 395 106 
534 336 395 105 
535 106 347 107 
536 106 395 347 
537 107 392 108 
538 347 392 107 
539 108 338 109 
540 108 392 338 
541 109 396 110 
542 338 396 109 
543 110 339 111 
544 110 396 339 
545 111 397 112 
546 339 397 111 
547 112 340 113 
548 112 397 340 
549 113 398 114 
550 340 398 113 
551 114 341 115 
552 114 398 341 
553 115 399 116 
554 341 399 115 
555 116 351 117 
556 116 399 351 
557 351 428 117 
558 119 358 118 
559 358 426 118 
560 120 334 119 
561 334 358 119 
562 121 353 120 
563 120 353 334 
564 122 335 121 
565 335 353 121 
566 123 359 122 
567 122 359 335 
568 124 348 123 
569 348 359 123 
570 125 400 124 
571 124 400 348 
572 126 337 125 
573 337 400 125 
574 127 388 126 
575 126 388 337 
576 128 401 127 
577 127 401 388 
578 129 343 128 
579 343 401 128 
580 130 387 129 
581 129 387 343 
582 131 344 130 
583 344 387 130 
584 132 389 131 
585 131 389 344 
586 133 345 132 
587 345 389 132 
588 134 390 133 
589 133 390 345 
590 135 346 134 
591 346 390 134 
592 136 386 135 
593 135 386 346 
594 136 429 386 
595 353 354 334 
596 354 355 334 
597 355 358 334 
598 335 402 353 
599 359 403 335 
600 335 403 402 
601 394 414 336 
602 336 415 395 
603 414 415 336 
604 337 367 365 
605 365 400 337 
606 337 388 367 
607 392 418 338 
608 338 419 396 
609 418 419 338 
610 396 420 339 
611 339 421 397 
612 420 421 339 
613 397 422 340 
614 340 423 398 
615 422 423 340 
616 398 424 341 
617 341 425 399 
618 424 425 341 
619 391 412 342 
620 342 413 393 
621 412 413 342 
622 343 373 371 
623 371 401 343 
624 343 387 373 
625 344 377 375 
626 375 387 344 
627 344 389 377 
628 345 381 379 
629 379 389 345 
630 345 390 381 
631 346 385 383 
632 383 390 346 
633 346 386 385 
634 347 417 392 
635 395 416 347 
636 416 417 347 
637 348 360 359 
638 348 361 360 
639 348 400 361 
640 349 409 406 
641 407 432 349 
642 349 432 409 
643 405 410 350 
644 350 433 408 
645 410 433 350 
646 399 430 351 
647 351 410 405 
648 405 428 351 
649 351 430 410 
650 352 431 391 
651 406 409 352 
652 352 427 406 
653 409 431 352 
654 353 402 354 
655 354 356 355 
656 354 357 356 
657 354 402 357 
658 356 432 355 
659 355 407 358 
660 355 432 407 
661 357 412 356 
662 356 431 409 
663 409 432 356 
664 412 431 356 
665 402 404 357 
666 404 413 357 
667 357 413 412 
668 407 426 358 
669 360 403 359 
670 361 362 360 
671 362 363 360 
672 363 403 360 
673 361 364 362 
674 361 365 364 
675 361 400 365 
676 362 414 363 
677 364 415 362 
678 362 415 414 
679 363 404 403 
680 363 411 404 
681 363 414 411 
682 365 366 364 
683 366 416 364 
684 364 416 415 
685 365 367 366 
686 367 368 366 
687 368 417 366 
688 366 417 416 
689 367 369 368 
690 367 388 369 
691 369 370 368 
692 370 418 368 
693 368 418 417 
694 369 371 370 
695 369 401 371 
696 388 401 369 
697 371 372 370 
698 372 419 370 
699 370 419 418 
700 371 373 372 
701 373 374 372 
702 374 420 372 
703 372 420 419 
704 373 375 374 
705 373 387 375 
706 375 376 374 
707 376 421 374 
708 374 421 420 
709 375 377 376 
710 377 378 376 
711 378 422 376 
712 376 422 421 
713 377 379 378 
714 377 389 379 
715 379 380 378 
716 380 423 378 
717 378 423 422 
718 379 381 380 
719 381 382 380 
720 382 424 380 
721 380 424 423 
722 381 383 382 
723 381 390 383 
724 383 384 382 
725 384 425 382 
726 382 425 424 
727 383 385 384 
728 385 433 384 
729 410 430 384 
730 384 433 410 
731 384 430 425 
732 386 408 385 
733 408 433 385 
734 386 429 408 
735 391 431 412 
736 417 418 392 
737 393 411 394 
738 393 413 411 
739 411 414 394 
740 415 416 395 
741 419 420 396 
742 421 422 397 
743 423 424 398 
744 425 430 399 
745 403 404 402 
746 411 413 404 
2 5 2 476
747 1 13 636 
748 61 1 636 
749 21 3 639 
750 3 99 639 
751 39 5 638 
752 5 79 638 
753 7 47 637 
754 117 7 637 
755 13 14 612 
756 13 612 636 
757 14 15 450 
758 14 450 612 
759 15 16 609 
760 450 15 609 
761 16 17 442 
762 16 442 609 
763 17 18 607 
764 442 17 607 
765 18 19 446 
766 18 446 607 
767 19 20 605 
768 446 19 605 
769 20 21 452 
770 20 452 605 
771 452 21 639 
772 40 39 536 
773 536 39 638 
774 41 40 449 
775 449 40 536 
776 42 41 577 
777 41 449 577 
778 43 42 441 
779 441 42 577 
780 44 43 455 
781 43 441 455 
782 45 44 445 
783 445 44 455 
784 46 45 559 
785 45 445 559 
786 47 46 453 
787 453 46 559 
788 47 453 637 
789 62 61 454 
790 454 61 636 
791 63 62 578 
792 62 454 578 
793 64 63 444 
794 444 63 578 
795 65 64 579 
796 64 444 579 
797 66 65 627 
798 65 579 627 
799 67 66 438 
800 438 66 627 
801 68 67 580 
802 67 438 580 
803 69 68 581 
804 68 580 581 
805 70 69 439 
806 439 69 581 
807 71 70 582 
808 70 439 582 
809 72 71 587 
810 71 582 587 
811 73 72 440 
812 440 72 587 
813 74 73 619 
814 73 440 619 
815 75 74 614 
816 614 74 619 
817 76 75 443 
818 443 75 614 
819 77 76 576 
820 76 443 576 
821 78 77 451 
822 451 77 576 
823 79 78 613 
824 78 451 613 
825 79 613 638 
826 99 100 620 
827 99 620 639 
828 100 101 571 
829 100 571 620 
830 101 102 447 
831 101 447 571 
832 102 103 572 
833 447 102 572 
834 103 104 434 
835 103 434 572 
836 104 105 615 
837 434 104 615 
838 105 106 616 
839 615 105 616 
840 106 107 435 
841 106 435 616 
842 107 108 530 
843 435 107 530 
844 108 109 631 
845 530 108 631 
846 109 110 436 
847 109 436 631 
848 110 111 573 
849 436 110 573 
850 111 112 574 
851 573 111 574 
852 112 113 437 
853 112 437 574 
854 113 114 629 
855 437 113 629 
856 114 115 448 
857 114 448 629 
858 115 116 630 
859 448 115 630 
860 116 117 604 
861 116 604 630 
862 604 117 637 
863 572 434 626 
864 591 434 615 
865 434 591 626 
866 435 530 625 
867 435 568 616 
868 568 435 625 
869 436 522 524 
870 522 436 623 
871 436 524 631 
872 436 573 623 
873 437 531 532 
874 531 437 629 
875 437 532 617 
876 574 437 617 
877 548 438 550 
878 438 548 618 
879 550 438 627 
880 580 438 618 
881 526 439 624 
882 439 526 635 
883 439 581 624 
884 582 439 635 
885 440 538 619 
886 538 440 622 
887 440 587 622 
888 455 441 456 
889 456 441 457 
890 457 441 577 
891 521 442 607 
892 442 521 608 
893 558 442 608 
894 442 558 609 
895 541 443 614 
896 443 541 628 
897 576 443 628 
898 444 578 640 
899 579 444 633 
900 633 444 640 
901 445 455 594 
902 559 445 599 
903 445 594 599 
904 521 446 606 
905 446 521 607 
906 565 446 605 
907 446 565 606 
908 571 447 641 
909 447 572 634 
910 447 634 641 
911 527 448 529 
912 448 527 531 
913 529 448 630 
914 448 531 629 
915 533 449 535 
916 449 533 577 
917 535 449 536 
918 558 450 609 
919 450 558 610 
920 450 610 621 
921 612 450 621 
922 451 535 613 
923 535 451 632 
924 451 576 632 
925 605 452 611 
926 611 452 620 
927 620 452 639 
928 453 559 602 
929 453 602 604 
930 453 604 637 
931 578 454 621 
932 454 612 621 
933 612 454 636 
934 455 456 594 
935 456 457 458 
936 456 458 459 
937 456 459 594 
938 458 457 508 
939 508 457 533 
940 533 457 577 
941 459 458 460 
942 460 458 595 
943 458 508 595 
944 459 460 461 
945 459 461 593 
946 459 593 594 
947 461 460 462 
948 462 460 463 
949 463 460 595 
950 461 462 496 
951 461 496 503 
952 461 503 593 
953 462 463 464 
954 462 464 542 
955 496 462 542 
956 464 463 465 
957 465 463 497 
958 497 463 595 
959 464 465 466 
960 464 466 467 
961 464 467 542 
962 466 465 493 
963 493 465 543 
964 465 497 543 
965 467 466 468 
966 468 466 545 
967 466 493 545 
968 467 468 469 
969 467 469 590 
970 542 467 590 
971 469 468 470 
972 470 468 471 
973 471 468 545 
974 469 470 499 
975 469 499 500 
976 469 500 590 
977 470 471 472 
978 470 472 589 
979 499 470 589 
980 472 471 473 
981 473 471 505 
982 505 471 545 
983 472 473 474 
984 472 474 475 
985 472 475 589 
986 474 473 585 
987 473 505 507 
988 473 507 585 
989 475 474 476 
990 476 474 477 
991 477 474 585 
992 475 476 588 
993 475 588 598 
994 589 475 598 
995 476 477 478 
996 476 478 479 
997 476 479 588 
998 478 477 491 
999 491 477 502 
1000 502 477 585 
1001 479 478 480 
1002 480 478 583 
1003 478 491 583 
1004 479 480 481 
1005 479 481 495 
1006 479 495 588 
1007 481 480 482 
1008 482 480 483 
1009 483 480 583 
1010 481 482 492 
1011 481 492 566 
1012 495 481 566 
1013 482 483 484 
1014 482 484 586 
1015 492 482 586 
1016 484 483 485 
1017 485 483 546 
1018 546 483 583 
1019 484 485 486 
1020 484 486 487 
1021 484 487 586 
1022 486 485 570 
1023 485 546 547 
1024 485 547 570 
1025 487 486 488 
1026 488 486 489 
1027 489 486 570 
1028 487 488 490 
1029 487 490 560 
1030 487 560 586 
1031 488 489 575 
1032 490 488 494 
1033 494 488 575 
1034 489 552 554 
1035 552 489 570 
1036 489 554 575 
1037 490 494 498 
1038 490 498 501 
1039 490 501 560 
1040 491 502 504 
1041 491 504 506 
1042 491 506 583 
1043 566 492 567 
1044 567 492 592 
1045 492 586 592 
1046 537 493 539 
1047 493 537 545 
1048 539 493 543 
1049 498 494 510 
1050 510 494 512 
1051 512 494 575 
1052 495 566 601 
1053 588 495 600 
1054 600 495 601 
1055 503 496 509 
1056 509 496 584 
1057 496 542 584 
1058 543 497 544 
1059 544 497 596 
1060 497 595 596 
1061 501 498 563 
1062 498 510 511 
1063 498 511 563 
1064 500 499 515 
1065 515 499 516 
1066 516 499 589 
1067 500 515 517 
1068 500 517 518 
1069 500 518 590 
1070 560 501 561 
1071 561 501 562 
1072 562 501 563 
1073 504 502 526 
1074 526 502 597 
1075 502 585 597 
1076 503 509 527 
1077 503 527 528 
1078 503 528 593 
1079 506 504 513 
1080 513 504 624 
1081 504 526 624 
1082 507 505 519 
1083 519 505 537 
1084 537 505 545 
1085 506 513 514 
1086 506 514 546 
1087 506 546 583 
1088 507 519 520 
1089 507 520 597 
1090 585 507 597 
1091 508 533 534 
1092 508 534 596 
1093 595 508 596 
1094 527 509 531 
1095 531 509 532 
1096 532 509 584 
1097 511 510 606 
1098 510 512 521 
1099 510 521 606 
1100 563 511 564 
1101 564 511 565 
1102 565 511 606 
1103 521 512 608 
1104 557 512 575 
1105 512 557 608 
1106 514 513 618 
1107 580 513 581 
1108 513 580 618 
1109 581 513 624 
1110 546 514 547 
1111 547 514 548 
1112 548 514 618 
1113 515 516 522 
1114 517 515 623 
1115 515 522 623 
1116 522 516 523 
1117 523 516 598 
1118 516 589 598 
1119 518 517 617 
1120 517 573 574 
1121 573 517 623 
1122 517 574 617 
1123 518 532 584 
1124 532 518 617 
1125 518 584 590 
1126 520 519 622 
1127 519 537 538 
1128 519 538 622 
1129 597 520 635 
1130 520 622 642 
1131 635 520 642 
1132 522 523 524 
1133 524 523 525 
1134 525 523 600 
1135 523 598 600 
1136 524 525 530 
1137 524 530 631 
1138 530 525 625 
1139 525 600 601 
1140 525 601 625 
1141 526 597 635 
1142 528 527 529 
1143 528 529 602 
1144 593 528 599 
1145 599 528 602 
1146 602 529 604 
1147 604 529 630 
1148 534 533 535 
1149 534 535 632 
1150 596 534 603 
1151 603 534 632 
1152 535 536 613 
1153 613 536 638 
1154 538 537 539 
1155 538 539 540 
1156 538 540 619 
1157 540 539 541 
1158 541 539 543 
1159 540 541 614 
1160 540 614 619 
1161 541 543 544 
1162 541 544 628 
1163 584 542 590 
1164 544 596 603 
1165 544 603 628 
1166 547 548 549 
1167 547 549 570 
1168 549 548 550 
1169 549 550 551 
1170 549 551 552 
1171 549 552 570 
1172 551 550 579 
1173 579 550 627 
1174 552 551 553 
1175 553 551 633 
1176 551 579 633 
1177 552 553 554 
1178 554 553 555 
1179 555 553 556 
1180 556 553 633 
1181 554 555 557 
1182 554 557 575 
1183 555 556 610 
1184 557 555 558 
1185 558 555 610 
1186 610 556 621 
1187 621 556 640 
1188 556 633 640 
1189 557 558 608 
1190 559 599 602 
1191 560 561 592 
1192 586 560 592 
1193 561 562 626 
1194 561 591 592 
1195 591 561 626 
1196 562 563 634 
1197 562 572 626 
1198 572 562 634 
1199 563 564 634 
1200 564 565 611 
1201 564 611 641 
1202 634 564 641 
1203 565 605 611 
1204 566 567 568 
1205 566 568 601 
1206 568 567 569 
1207 569 567 591 
1208 591 567 592 
1209 568 569 616 
1210 601 568 625 
1211 569 591 615 
1212 569 615 616 
1213 571 611 620 
1214 611 571 641 
1215 603 576 628 
1216 576 603 632 
1217 578 621 640 
1218 587 582 642 
1219 582 635 642 
1220 622 587 642 
1221 598 588 600 
1222 594 593 599 
2 6 2 478
1223 2 847 26 
1224 80 847 2 
1225 34 844 4 
1226 4 844 118 
1227 52 843 6 
1228 6 843 98 
1229 8 845 60 
1230 136 845 8 
1231 26 661 27 
1232 26 847 661 
1233 27 815 28 
1234 661 815 27 
1235 28 655 29 
1236 28 815 655 
1237 29 813 30 
1238 655 813 29 
1239 30 651 31 
1240 30 813 651 
1241 31 786 32 
1242 651 786 31 
1243 32 660 33 
1244 32 786 660 
1245 33 818 34 
1246 660 818 33 
1247 818 844 34 
1248 53 820 52 
1249 820 843 52 
1250 54 659 53 
1251 659 820 53 
1252 55 787 54 
1253 54 787 659 
1254 56 652 55 
1255 652 787 55 
1256 57 665 56 
1257 56 665 652 
1258 58 654 57 
1259 654 665 57 
1260 59 767 58 
1261 58 767 654 
1262 60 663 59 
1263 663 767 59 
1264 60 845 663 
1265 81 828 80 
1266 828 847 80 
1267 82 789 81 
1268 789 828 81 
1269 83 656 82 
1270 656 789 82 
1271 84 790 83 
1272 83 790 656 
1273 85 647 84 
1274 647 790 84 
1275 86 823 85 
1276 85 823 647 
1277 87 824 86 
1278 86 824 823 
1279 88 648 87 
1280 648 824 87 
1281 89 748 88 
1282 88 748 648 
1283 90 837 89 
1284 89 837 748 
1285 91 649 90 
1286 649 837 90 
1287 92 791 91 
1288 91 791 649 
1289 93 793 92 
1290 92 793 791 
1291 94 646 93 
1292 646 793 93 
1293 95 841 94 
1294 94 841 646 
1295 96 657 95 
1296 657 841 95 
1297 97 836 96 
1298 96 836 657 
1299 98 662 97 
1300 662 836 97 
1301 98 843 662 
1302 118 664 119 
1303 118 844 664 
1304 119 776 120 
1305 664 776 119 
1306 120 653 121 
1307 120 776 653 
1308 121 781 122 
1309 653 781 121 
1310 122 834 123 
1311 781 834 122 
1312 123 643 124 
1313 123 834 643 
1314 124 782 125 
1315 643 782 124 
1316 125 783 126 
1317 782 783 125 
1318 126 644 127 
1319 126 783 644 
1320 127 838 128 
1321 644 838 127 
1322 128 750 129 
1323 128 838 750 
1324 129 645 130 
1325 129 750 645 
1326 130 827 131 
1327 645 827 130 
1328 131 822 132 
1329 131 827 822 
1330 132 650 133 
1331 132 822 650 
1332 133 784 134 
1333 650 784 133 
1334 134 658 135 
1335 134 784 658 
1336 135 819 136 
1337 658 819 135 
1338 819 845 136 
1339 643 741 739 
1340 739 826 643 
1341 643 834 741 
1342 643 826 782 
1343 644 752 744 
1344 744 838 644 
1345 644 832 752 
1346 783 832 644 
1347 750 830 645 
1348 761 827 645 
1349 645 830 761 
1350 749 751 646 
1351 646 841 749 
1352 751 842 646 
1353 646 842 793 
1354 647 823 737 
1355 737 833 647 
1356 647 833 790 
1357 748 831 648 
1358 763 824 648 
1359 648 831 763 
1360 649 829 743 
1361 743 837 649 
1362 791 792 649 
1363 792 829 649 
1364 650 835 784 
1365 650 822 799 
1366 799 835 650 
1367 651 812 786 
1368 651 846 812 
1369 813 846 651 
1370 665 666 652 
1371 666 667 652 
1372 667 787 652 
1373 776 777 653 
1374 777 848 653 
1375 653 848 781 
1376 654 808 665 
1377 767 809 654 
1378 654 809 808 
1379 736 813 655 
1380 655 814 736 
1381 775 814 655 
1382 655 815 775 
1383 656 852 789 
1384 790 840 656 
1385 840 852 656 
1386 657 747 745 
1387 745 749 657 
1388 657 836 747 
1389 749 841 657 
1390 784 839 658 
1391 810 819 658 
1392 658 839 810 
1393 787 788 659 
1394 788 800 659 
1395 800 820 659 
1396 786 821 660 
1397 660 850 818 
1398 821 850 660 
1399 661 816 815 
1400 661 828 816 
1401 661 847 828 
1402 662 800 747 
1403 747 836 662 
1404 662 820 800 
1405 662 843 820 
1406 663 810 767 
1407 663 819 810 
1408 663 845 819 
1409 664 778 776 
1410 664 818 778 
1411 664 844 818 
1412 665 808 666 
1413 666 668 667 
1414 666 669 668 
1415 666 808 669 
1416 668 807 667 
1417 667 788 787 
1418 667 807 788 
1419 669 670 668 
1420 670 671 668 
1421 671 807 668 
1422 669 805 670 
1423 669 806 805 
1424 669 808 806 
1425 670 672 671 
1426 670 673 672 
1427 670 805 673 
1428 672 705 671 
1429 705 714 671 
1430 714 807 671 
1431 673 674 672 
1432 674 801 672 
1433 672 801 705 
1434 673 675 674 
1435 673 706 675 
1436 673 805 706 
1437 675 676 674 
1438 676 677 674 
1439 677 801 674 
1440 675 703 676 
1441 675 754 703 
1442 706 754 675 
1443 676 678 677 
1444 676 765 678 
1445 703 765 676 
1446 678 679 677 
1447 679 715 677 
1448 715 801 677 
1449 678 680 679 
1450 678 681 680 
1451 678 765 681 
1452 680 803 679 
1453 679 716 715 
1454 679 803 716 
1455 681 682 680 
1456 682 766 680 
1457 766 803 680 
1458 681 683 682 
1459 681 804 683 
1460 765 804 681 
1461 683 684 682 
1462 684 685 682 
1463 685 766 682 
1464 683 708 684 
1465 683 710 708 
1466 683 804 710 
1467 684 686 685 
1468 684 768 686 
1469 708 768 684 
1470 686 687 685 
1471 687 707 685 
1472 707 766 685 
1473 686 688 687 
1474 686 689 688 
1475 686 768 689 
1476 688 794 687 
1477 687 711 707 
1478 687 794 711 
1479 689 690 688 
1480 690 691 688 
1481 691 794 688 
1482 689 785 690 
1483 768 769 689 
1484 769 785 689 
1485 690 692 691 
1486 690 693 692 
1487 690 785 693 
1488 692 702 691 
1489 702 717 691 
1490 717 794 691 
1491 693 694 692 
1492 694 795 692 
1493 692 795 702 
1494 693 695 694 
1495 693 701 695 
1496 693 785 701 
1497 695 696 694 
1498 696 697 694 
1499 697 795 694 
1500 695 796 696 
1501 701 713 695 
1502 713 796 695 
1503 696 698 697 
1504 696 700 698 
1505 696 796 700 
1506 698 699 697 
1507 699 798 697 
1508 697 798 795 
1509 698 704 699 
1510 700 770 698 
1511 698 770 704 
1512 704 709 699 
1513 709 712 699 
1514 712 798 699 
1515 700 817 770 
1516 796 811 700 
1517 811 817 700 
1518 701 721 713 
1519 701 722 721 
1520 701 785 722 
1521 702 718 717 
1522 702 731 718 
1523 702 795 731 
1524 754 755 703 
1525 755 760 703 
1526 760 765 703 
1527 704 725 709 
1528 704 727 725 
1529 704 770 727 
1530 705 719 714 
1531 705 764 719 
1532 705 801 764 
1533 706 756 754 
1534 706 757 756 
1535 706 805 757 
1536 711 720 707 
1537 720 732 707 
1538 732 766 707 
1539 710 728 708 
1540 728 753 708 
1541 753 768 708 
1542 709 772 712 
1543 725 726 709 
1544 726 772 709 
1545 710 733 728 
1546 710 734 733 
1547 710 804 734 
1548 711 735 720 
1549 711 797 735 
1550 794 797 711 
1551 772 774 712 
1552 774 802 712 
1553 712 802 798 
1554 721 739 713 
1555 739 740 713 
1556 740 796 713 
1557 719 745 714 
1558 745 746 714 
1559 746 807 714 
1560 716 729 715 
1561 729 764 715 
1562 764 801 715 
1563 716 730 729 
1564 716 825 730 
1565 803 825 716 
1566 718 763 717 
1567 763 797 717 
1568 717 797 794 
1569 731 737 718 
1570 737 738 718 
1571 738 763 718 
1572 719 749 745 
1573 719 751 749 
1574 719 764 751 
1575 720 829 732 
1576 735 743 720 
1577 743 829 720 
1578 722 723 721 
1579 723 826 721 
1580 721 826 739 
1581 722 724 723 
1582 722 769 724 
1583 722 785 769 
1584 724 832 723 
1585 723 783 782 
1586 782 826 723 
1587 723 832 783 
1588 724 753 752 
1589 752 832 724 
1590 724 769 753 
1591 725 814 726 
1592 727 736 725 
1593 736 814 725 
1594 726 773 772 
1595 726 775 773 
1596 726 814 775 
1597 727 846 736 
1598 770 771 727 
1599 771 846 727 
1600 733 744 728 
1601 744 752 728 
1602 752 753 728 
1603 730 842 729 
1604 751 764 729 
1605 729 842 751 
1606 730 792 791 
1607 791 793 730 
1608 730 825 792 
1609 793 842 730 
1610 731 802 737 
1611 795 798 731 
1612 798 802 731 
1613 732 803 766 
1614 732 825 803 
1615 732 829 825 
1616 734 830 733 
1617 733 750 744 
1618 733 830 750 
1619 760 761 734 
1620 734 804 760 
1621 761 830 734 
1622 735 748 743 
1623 735 831 748 
1624 797 831 735 
1625 736 846 813 
1626 737 823 738 
1627 802 833 737 
1628 738 824 763 
1629 823 824 738 
1630 739 741 740 
1631 741 742 740 
1632 742 811 740 
1633 740 811 796 
1634 741 781 742 
1635 741 834 781 
1636 780 811 742 
1637 742 848 780 
1638 781 848 742 
1639 748 837 743 
1640 750 838 744 
1641 745 747 746 
1642 747 800 746 
1643 746 800 788 
1644 788 807 746 
1645 753 769 768 
1646 754 799 755 
1647 756 799 754 
1648 755 761 760 
1649 755 762 761 
1650 755 799 762 
1651 757 758 756 
1652 758 835 756 
1653 756 835 799 
1654 757 759 758 
1655 757 806 759 
1656 805 806 757 
1657 759 839 758 
1658 784 835 758 
1659 758 839 784 
1660 806 809 759 
1661 809 810 759 
1662 810 839 759 
1663 760 804 765 
1664 762 827 761 
1665 799 822 762 
1666 822 827 762 
1667 763 831 797 
1668 767 810 809 
1669 770 817 771 
1670 812 846 771 
1671 771 851 812 
1672 817 849 771 
1673 849 851 771 
1674 773 840 772 
1675 772 840 774 
1676 775 816 773 
1677 816 852 773 
1678 773 852 840 
1679 790 833 774 
1680 774 840 790 
1681 774 833 802 
1682 815 816 775 
1683 776 778 777 
1684 778 779 777 
1685 779 780 777 
1686 780 848 777 
1687 778 850 779 
1688 818 850 778 
1689 779 849 780 
1690 779 850 821 
1691 821 851 779 
1692 779 851 849 
1693 780 817 811 
1694 780 849 817 
1695 812 821 786 
1696 816 828 789 
1697 789 852 816 
1698 825 829 792 
1699 808 809 806 
1700 812 851 821 
3 1 4 5033
1701 911 882 1018 1028 
1702 879 1109 868 1175 
1703 335 1042 781 1061 
1704 879 868 943 1175 
1705 391 1010 431 1029 
1706 403 1042 335 1061 
1707 911 1018 953 1028 
1708 422 883 1078 1097 
1709 915 980 716 1209 
1710 350 191 981 1080 
1711 861 963 912 1268 
1712 966 1072 517 1136 
1713 954 1060 990 1125 
1714 861 912 963 1129 
1715 236 959 627 1011 
1716 974 1020 911 1028 
1717 733 945 919 1106 
1718 422 1078 378 1097 
1719 830 1106 919 1221 
1720 546 951 936 1247 
1721 410 350 981 1080 
1722 384 886 410 981 
1723 890 914 870 1024 
1724 617 517 1072 1136 
1725 403 1050 1042 1061 
1726 1042 1092 360 1149 
1727 527 921 950 1161 
1728 335 359 781 1042 
1729 166 920 172 1033 
1730 361 360 1092 1149 
1731 870 914 890 1098 
1732 536 1143 938 1235 
1733 361 1149 1092 1185 
1734 936 951 546 1003 
1735 861 1003 963 1268 
1736 882 911 1020 1028 
1737 499 946 890 1049 
1738 391 571 1010 1029 
1739 901 962 494 973 
1740 733 919 830 1106 
1741 854 1056 899 1138 
1742 882 997 978 1020 
1743 532 950 883 1072 
1744 921 1078 1021 1156 
1745 353 653 955 1061 
1746 422 883 1097 1136 
1747 527 950 509 1161 
1748 394 1157 411 1187 
1749 920 932 871 1091 
1750 384 886 981 1119 
1751 350 405 202 1080 
1752 897 1044 866 1066 
1753 741 1042 942 1061 
1754 353 653 334 955 
1755 878 1092 1042 1149 
1756 393 394 411 1187 
1757 871 932 920 976 
1758 921 876 1078 1156 
1759 879 943 868 1113 
1760 448 921 341 1021 
1761 861 963 1003 1109 
1762 577 194 1043 1143 
1763 892 867 951 995 
1764 531 950 921 1021 
1765 890 946 499 1130 
1766 909 979 839 1045 
1767 403 359 335 1042 
1768 953 974 911 1028 
1769 258 959 316 1047 
1770 738 1031 1079 1175 
1771 316 959 1011 1047 
1772 997 1170 464 1256 
1773 921 1021 950 1156 
1774 487 972 912 1074 
1775 532 883 950 1021 
1776 978 464 1170 1256 
1777 854 884 1056 1138 
1778 776 334 653 955 
1779 410 384 430 1103 
1780 1016 1022 939 1062 
1781 284 937 1168 1240 
1782 858 1015 1024 1130 
1783 978 1170 997 1256 
1784 861 963 1109 1129 
1785 755 762 935 1106 
1786 861 912 1003 1268 
1787 360 362 361 1092 
1788 920 1016 814 1022 
1789 411 1157 896 1187 
1790 346 909 658 1045 
1791 359 834 781 1042 
1792 589 1015 1082 1237 
1793 589 1015 946 1082 
1794 178 607 1001 1060 
1795 946 1024 1015 1130 
1796 577 1043 908 1143 
1797 1044 1066 897 1193 
1798 1092 1149 878 1185 
1799 346 658 909 1141 
1800 389 822 344 935 
1801 191 981 1080 1181 
1802 861 929 1074 1120 
1803 316 959 236 1011 
1804 919 945 733 1222 
1805 422 1078 883 1136 
1806 593 985 934 1017 
1807 593 934 599 1017 
1808 1075 1168 937 1240 
1809 883 1072 966 1136 
1810 1042 1050 942 1061 
1811 713 927 695 1008 
1812 628 992 1089 1117 
1813 920 864 1016 1022 
1814 410 981 886 1080 
1815 865 1012 911 1018 
1816 1117 1169 1070 1219 
1817 930 1117 1070 1219 
1818 494 901 973 1068 
1819 482 1074 969 1142 
1820 936 1003 963 1109 
1821 350 202 191 1080 
1822 536 218 1143 1235 
1823 905 926 874 1219 
1824 362 361 1092 1185 
1825 758 839 979 1045 
1826 879 1113 868 1255 
1827 391 431 352 1029 
1828 858 915 1019 1087 
1829 862 1020 978 1170 
1830 714 977 891 1063 
1831 998 1036 976 1228 
1832 481 482 969 1142 
1833 864 939 1022 1101 
1834 920 976 932 1140 
1835 864 1101 1022 1224 
1836 854 1129 884 1138 
1837 928 988 795 1007 
1838 545 1150 971 1167 
1839 862 894 1020 1170 
1840 939 1016 864 1022 
1841 755 935 987 1106 
1842 917 779 965 1201 
1843 865 1018 911 1126 
1844 741 781 1042 1061 
1845 955 1061 653 1201 
1846 258 959 1047 1113 
1847 937 1052 960 1162 
1848 941 1019 915 1087 
1849 911 1018 1012 1165 
1850 911 1012 865 1126 
1851 586 972 487 1074 
1852 602 886 1080 1103 
1853 545 1048 971 1150 
1854 617 532 883 1072 
1855 958 1055 735 1236 
1856 410 405 350 1080 
1857 656 931 297 1062 
1858 929 969 480 1074 
1859 521 962 948 1001 
1860 858 1024 1015 1202 
1861 706 675 1030 1146 
1862 904 772 1016 1159 
1863 974 1030 675 1146 
1864 410 886 384 1103 
1865 830 919 733 1221 
1866 868 1109 1054 1175 
1867 861 929 1003 1074 
1868 583 1003 951 1154 
1869 714 891 705 1063 
1870 140 609 1060 1125 
1871 976 998 854 1036 
1872 583 546 951 1003 
1873 919 733 984 1222 
1874 891 977 714 1133 
1875 917 955 779 1201 
1876 854 1056 884 1129 
1877 487 912 484 1074 
1878 505 1114 1026 1167 
1879 960 1052 206 1162 
1880 831 958 735 1236 
1881 433 384 410 981 
1882 937 206 1052 1162 
1883 831 735 958 1055 
1884 520 1114 1006 1124 
1885 853 1088 948 1118 
1886 941 1023 902 1202 
1887 892 867 995 1194 
1888 236 627 959 1212 
1889 892 1023 860 1131 
1890 915 1019 941 1232 
1891 952 991 365 1249 
1892 385 981 909 1119 
1893 358 1004 955 1145 
1894 1042 1050 360 1092 
1895 599 1017 934 1094 
1896 879 868 1109 1255 
1897 1015 1024 946 1202 
1898 868 1054 943 1175 
1899 431 1029 1010 1251 
1900 353 955 354 1061 
1901 900 735 1055 1236 
1902 892 1065 867 1194 
1903 745 977 926 1133 
1904 712 772 904 1159 
1905 864 1022 920 1224 
1906 284 1168 287 1240 
1907 938 1143 218 1235 
1908 779 955 917 1145 
1909 536 535 938 1143 
1910 480 969 929 1189 
1911 705 764 891 1133 
1912 517 966 1049 1072 
1913 905 1133 926 1219 
1914 874 1169 1117 1219 
1915 919 984 744 1108 
1916 899 854 998 1036 
1917 899 998 854 1138 
1918 705 891 764 1012 
1919 920 1033 932 1091 
1920 464 997 462 1170 
1921 658 909 839 1045 
1922 1063 1070 982 1190 
1923 840 1016 931 1062 
1924 881 902 1013 1023 
1925 853 932 899 1180 
1926 365 1226 952 1249 
1927 140 1060 954 1125 
1928 880 948 1088 1118 
1929 996 1037 929 1154 
1930 867 1065 995 1194 
1931 857 982 1063 1070 
1932 897 866 1044 1186 
1933 898 855 984 1102 
1934 839 979 909 1081 
1935 330 283 310 1188 
1936 424 341 921 1021 
1937 899 1036 998 1228 
1938 687 961 906 1009 
1939 855 1002 946 1013 
1940 946 1013 1002 1082 
1941 627 289 236 1011 
1942 902 855 1102 1222 
1943 822 827 344 935 
1944 735 900 1035 1171 
1945 941 983 732 1128 
1946 577 457 908 1043 
1947 191 1080 203 1181 
1948 886 384 1103 1119 
1949 594 934 593 985 
1950 874 926 905 1096 
1951 853 948 1095 1118 
1952 856 996 897 1013 
1953 893 992 540 993 
1954 929 996 856 1037 
1955 982 1070 887 1190 
1956 936 963 547 1195 
1957 898 1013 855 1102 
1958 861 1003 936 1109 
1959 879 1079 1031 1175 
1960 826 952 1073 1149 
1961 902 855 1013 1102 
1962 857 887 982 1070 
1963 487 912 972 1068 
1964 391 352 571 1029 
1965 864 1016 939 1090 
1966 868 1054 1093 1159 
1967 617 1072 883 1136 
1968 892 860 1006 1131 
1969 921 876 1156 1262 
1970 713 927 1008 1111 
1971 867 900 958 1183 
1972 593 594 599 934 
1973 863 925 947 1081 
1974 853 899 932 1036 
1975 627 959 550 1011 
1976 868 1093 1047 1159 
1977 923 1047 931 1090 
1978 712 904 1054 1159 
1979 870 890 1024 1086 
1980 513 995 951 1247 
1981 586 487 484 1074 
1982 366 365 991 1249 
1983 925 863 947 1204 
1984 1016 1062 939 1090 
1985 394 393 434 1187 
1986 867 892 951 1037 
1987 482 480 969 1074 
1988 885 1026 1114 1167 
1989 896 975 411 1187 
1990 542 978 464 1170 
1991 354 1061 955 1229 
1992 867 958 1032 1183 
1993 932 1033 920 1140 
1994 547 963 936 1268 
1995 259 1047 923 1090 
1996 344 935 827 989 
1997 339 573 397 966 
1998 859 999 901 1053 
1999 880 1095 948 1118 
2000 862 950 978 1072 
2001 355 955 358 1004 
2002 687 906 961 1128 
2003 541 992 628 1117 
2004 695 1008 927 1100 
2005 700 1040 899 1180 
2006 856 969 897 1253 
2007 706 1030 895 1146 
2008 481 969 986 1142 
2009 942 1008 740 1040 
2010 924 634 1010 1248 
2011 961 1013 902 1023 
2012 278 276 905 1096 
2013 394 434 1157 1187 
2014 967 860 1023 1131 
2015 744 919 733 984 
2016 494 962 901 1127 
2017 856 881 1013 1023 
2018 856 892 1023 1037 
2019 861 1074 912 1120 
2020 901 853 1053 1127 
2021 941 1087 1023 1202 
2022 584 950 532 1072 
2023 731 928 795 1007 
2024 854 998 1129 1138 
2025 541 993 992 1117 
2026 1004 1029 349 1251 
2027 892 1037 996 1154 
2028 635 520 1006 1124 
2029 259 931 1047 1090 
2030 547 963 570 1195 
2031 617 883 532 1136 
2032 921 1156 950 1262 
2033 211 195 908 1210 
2034 354 955 1076 1229 
2035 377 1078 935 1097 
2036 799 987 935 1200 
2037 914 945 870 1024 
2038 856 897 969 1051 
2039 445 934 213 1094 
2040 1074 1120 929 1144 
2041 826 1073 1111 1149 
2042 311 274 318 888 
2043 882 997 1020 1126 
2044 861 1003 912 1074 
2045 732 766 941 1128 
2046 969 1051 986 1104 
2047 354 353 334 955 
2048 733 734 945 1106 
2049 924 1187 634 1248 
2050 889 1066 1044 1193 
2051 867 933 906 1037 
2052 853 948 962 1001 
2053 881 856 996 1023 
2054 840 931 1016 1159 
2055 854 976 973 1245 
2056 865 1012 1018 1165 
2057 487 1068 972 1230 
2058 883 1021 532 1136 
2059 410 430 1080 1103 
2060 880 955 917 1118 
2061 527 921 1017 1103 
2062 858 1024 890 1130 
2063 855 945 902 1024 
2064 664 358 776 955 
2065 323 992 294 1207 
2066 738 718 1031 1175 
2067 857 1020 997 1126 
2068 812 1071 1033 1172 
2069 870 987 935 1106 
2070 365 367 1226 1249 
2071 805 982 670 1146 
2072 735 1035 743 1171 
2073 599 602 1017 1094 
2074 914 987 870 1106 
2075 284 937 1034 1168 
2076 856 898 961 1013 
2077 806 808 925 1081 
2078 898 856 961 1112 
2079 398 629 341 1021 
2080 647 943 254 1246 
2081 294 992 614 1207 
2082 881 902 1023 1202 
2083 824 958 264 1079 
2084 808 1041 925 1081 
2085 906 933 867 1270 
2086 864 976 920 1016 
2087 880 1029 1010 1088 
2088 862 974 895 1030 
2089 929 1120 861 1239 
2090 825 983 915 1209 
2091 221 206 960 1052 
2092 745 926 977 1075 
2093 874 926 1169 1219 
2094 825 915 716 1209 
2095 862 882 978 1020 
2096 892 995 951 1194 
2097 902 1019 683 1205 
2098 856 881 996 1013 
2099 917 955 880 1004 
2100 944 869 1169 1257 
2101 1049 1072 966 1098 
2102 745 714 977 1133 
2103 882 865 1048 1126 
2104 984 1102 855 1222 
2105 377 378 1078 1097 
2106 949 1169 869 1257 
2107 385 384 981 1119 
2108 700 1008 899 1040 
2109 334 776 358 955 
2110 865 1018 915 1165 
2111 855 1013 946 1202 
2112 139 1001 948 1260 
2113 935 987 876 1200 
2114 341 921 448 1103 
2115 206 231 937 1052 
2116 606 948 521 962 
2117 882 862 978 1028 
2118 868 1047 943 1159 
2119 861 951 929 1239 
2120 731 1054 928 1175 
2121 740 1008 942 1111 
2122 264 824 245 958 
2123 854 1036 899 1056 
2124 858 915 953 1019 
2125 283 330 949 1188 
2126 316 236 289 1011 
2127 902 683 1019 1160 
2128 865 1018 882 1048 
2129 205 960 659 1122 
2130 853 1001 962 1173 
2131 243 647 254 1246 
2132 901 999 924 1053 
2133 535 1038 938 1143 
2134 602 886 1017 1094 
2135 318 888 274 1155 
2136 858 1019 914 1024 
2137 865 882 1018 1126 
2138 826 1111 1042 1149 
2139 144 1125 1101 1134 
2140 914 1024 1019 1160 
2141 882 1020 862 1028 
2142 946 890 1024 1130 
2143 853 962 948 1127 
2144 896 956 859 1178 
2145 872 1051 969 1104 
2146 656 840 931 1062 
2147 318 311 888 1164 
2148 358 955 664 1145 
2149 808 994 925 1041 
2150 906 1023 892 1037 
2151 917 1172 177 1260 
2152 817 1040 700 1180 
2153 876 987 935 1156 
2154 446 139 178 1001 
2155 274 888 311 1059 
2156 776 955 653 1201 
2157 731 928 1007 1175 
2158 855 945 919 984 
2159 853 948 1088 1127 
2160 902 945 855 1222 
2161 682 683 1019 1205 
2162 946 1049 499 1199 
2163 948 962 606 1127 
2164 856 1023 906 1037 
2165 915 980 865 1012 
2166 139 152 178 1001 
2167 500 469 590 1072 
2168 798 928 731 1054 
2169 861 929 951 1003 
2170 180 146 426 1145 
2171 924 1053 853 1127 
2172 730 1105 980 1152 
2173 446 948 139 1001 
2174 873 980 915 1209 
2175 896 859 999 1178 
2176 411 1187 975 1248 
2177 178 607 446 1001 
2178 547 546 936 1247 
2179 589 1082 475 1237 
2180 796 713 695 1008 
2181 861 1067 951 1239 
2182 870 987 914 1098 
2183 656 931 840 1159 
2184 360 1050 363 1092 
2185 882 978 997 1256 
2186 865 915 1012 1165 
2187 816 1022 1016 1062 
2188 932 976 1036 1228 
2189 705 891 1012 1063 
2190 410 1080 886 1103 
2191 983 1035 732 1128 
2192 924 999 563 1187 
2193 383 909 346 1045 
2194 701 927 1073 1264 
2195 457 577 908 1143 
2196 856 897 996 1253 
2197 862 978 950 1170 
2198 870 1049 966 1098 
2199 914 987 760 1258 
2200 481 986 492 1142 
2201 773 840 852 1062 
2202 527 1017 921 1161 
2203 1018 865 1121 1150 
2204 411 414 363 896 
2205 187 994 665 1041 
2206 333 283 1034 1215 
2207 701 1073 964 1264 
2208 501 1127 498 1230 
2209 240 323 294 1207 
2210 855 1024 902 1202 
2211 853 899 965 1180 
2212 550 1011 959 1195 
2213 892 996 856 1023 
2214 930 465 1048 1256 
2215 344 377 935 989 
2216 221 1052 960 1210 
2217 318 1046 888 1155 
2218 218 938 232 1143 
2219 589 472 1015 1237 
2220 665 994 808 1041 
2221 602 1080 529 1103 
2222 900 1171 735 1236 
2223 951 995 910 1247 
2224 258 1113 1047 1246 
2225 840 1016 772 1159 
2226 732 983 941 1232 
2227 393 1187 411 1248 
2228 344 377 389 935 
2229 642 888 520 1124 
2230 857 970 894 1005 
2231 494 962 512 973 
2232 867 1065 900 1183 
2233 583 929 1003 1154 
2234 550 959 627 1212 
2235 378 376 422 1097 
2236 885 1018 1121 1150 
2237 981 1083 217 1141 
2238 861 951 936 1003 
2239 908 1052 211 1210 
2240 798 795 731 928 
2241 924 1088 853 1118 
2242 655 920 166 1033 
2243 363 896 414 1092 
2244 339 573 966 1182 
2245 760 987 914 1106 
2246 333 310 283 1215 
2247 857 894 970 997 
2248 735 720 743 1035 
2249 976 1223 973 1245 
2250 897 1013 996 1082 
2251 911 1018 882 1126 
2252 377 379 935 1078 
2253 899 1036 901 1056 
2254 864 920 976 1223 
2255 634 564 563 924 
2256 888 1155 1110 1208 
2257 703 760 987 1258 
2258 766 732 941 1232 
2259 388 916 367 1108 
2260 941 902 1023 1205 
2261 825 915 983 1232 
2262 858 953 914 1019 
2263 520 888 642 1164 
2264 917 1095 853 1260 
2265 853 1095 917 1118 
2266 1133 1169 926 1219 
2267 862 950 894 1170 
2268 540 992 893 1207 
2269 325 283 330 949 
2270 868 1047 959 1113 
2271 500 499 890 1049 
2272 862 894 950 1027 
2273 1018 1048 865 1150 
2274 936 951 861 1067 
2275 895 857 982 1146 
2276 895 1030 974 1146 
2277 773 1016 840 1062 
2278 890 1049 870 1098 
2279 265 264 958 1079 
2280 169 406 349 1029 
2281 627 579 289 1011 
2282 433 385 384 981 
2283 1070 1117 944 1169 
2284 215 934 200 1014 
2285 853 965 899 1053 
2286 929 856 996 1189 
2287 874 992 993 1117 
2288 550 1195 959 1212 
2289 944 1070 930 1117 
2290 278 905 276 1152 
2291 411 975 896 1050 
2292 935 1078 379 1084 
2293 862 1020 974 1028 
2294 963 1068 854 1129 
2295 779 821 917 1071 
2296 919 870 989 1106 
2297 341 629 448 1021 
2298 316 1047 1011 1225 
2299 866 1051 986 1186 
2300 969 856 1189 1253 
2301 888 1059 1155 1208 
2302 651 812 1033 1172 
2303 349 1004 142 1029 
2304 868 943 1054 1159 
2305 918 990 554 1244 
2306 191 202 203 1080 
2307 367 1108 916 1249 
2308 973 990 554 1198 
2309 992 1207 323 1234 
2310 951 1067 1037 1239 
2311 857 895 1020 1146 
2312 481 482 480 969 
2313 258 255 1113 1246 
2314 205 659 186 1122 
2315 519 1026 505 1114 
2316 371 373 919 1241 
2317 967 1006 860 1131 
2318 744 919 1108 1221 
2319 917 965 779 1071 
2320 925 994 808 1214 
2321 971 1150 885 1167 
2322 367 369 1108 1249 
2323 854 973 976 1036 
2324 166 172 138 1033 
2325 1050 1092 1042 1269 
2326 614 992 540 1207 
2327 978 1072 950 1170 
2328 888 1046 318 1164 
2329 373 1058 919 1241 
2330 855 902 1013 1202 
2331 274 888 1059 1155 
2332 963 1166 570 1195 
2333 919 945 870 1106 
2334 742 942 1040 1061 
2335 543 930 465 1048 
2336 280 1151 1096 1153 
2337 856 1051 907 1112 
2338 407 426 146 1145 
2339 872 969 986 1104 
2340 284 287 252 1240 
2341 889 866 1044 1066 
2342 571 352 620 1029 
2343 853 948 1001 1260 
2344 499 500 890 1130 
2345 873 915 983 1209 
2346 231 937 1052 1215 
2347 498 494 901 1127 
2348 397 966 574 1136 
2349 494 901 1068 1230 
2350 870 945 919 1086 
2351 687 1009 906 1270 
2352 934 985 594 1191 
2353 540 538 893 1150 
2354 862 950 1072 1156 
2355 283 949 1034 1188 
2356 822 762 827 935 
2357 379 377 935 1084 
2358 905 1000 276 1152 
2359 422 1097 966 1136 
2360 604 529 1080 1103 
2361 494 498 901 1230 
2362 418 889 1077 1249 
2363 867 1037 906 1065 
2364 558 990 1060 1125 
2365 153 1001 957 1091 
2366 918 554 990 1198 
2367 929 1144 1120 1239 
2368 371 919 373 1221 
2369 388 367 916 1226 
2370 742 1061 1040 1201 
2371 996 1154 929 1189 
2372 686 961 687 1009 
2373 949 874 1169 1257 
2374 547 936 546 1003 
2375 418 1107 889 1249 
2376 501 563 498 1127 
2377 1117 1169 874 1257 
2378 294 614 240 1207 
2379 853 1088 924 1127 
2380 868 963 936 1195 
2381 686 1102 961 1112 
2382 706 805 673 895 
2383 195 1039 908 1210 
2384 445 213 934 1123 
2385 924 1076 880 1118 
2386 230 215 201 1181 
2387 874 1089 992 1117 
2388 955 1061 877 1229 
2389 901 1053 924 1127 
2390 869 949 938 1034 
2391 885 1018 971 1087 
2392 871 976 973 1036 
2393 858 971 1018 1087 
2394 659 960 205 1162 
2395 946 1015 881 1082 
2396 177 1095 917 1260 
2397 857 1070 930 1177 
2398 600 1082 1193 1253 
2399 910 1057 867 1067 
2400 589 475 472 1237 
2401 385 909 981 1141 
2402 870 1049 890 1086 
2403 855 919 945 1086 
2404 917 853 957 1260 
2405 1006 1114 888 1124 
2406 857 1020 911 1146 
2407 635 1006 913 1124 
2408 795 988 928 1227 
2409 901 1053 899 1056 
2410 470 499 946 1130 
2411 868 943 1047 1113 
2412 885 1048 1018 1150 
2413 366 367 365 1249 
2414 723 826 952 1073 
2415 547 936 1003 1268 
2416 570 963 547 1268 
2417 881 1082 1015 1237 
2418 634 924 563 1187 
2419 829 743 1035 1171 
2420 373 919 1058 1221 
2421 864 931 1016 1090 
2422 986 1051 866 1104 
2423 795 988 702 1007 
2424 961 1023 902 1205 
2425 854 973 918 1245 
2426 418 1077 1025 1249 
2427 1002 1066 889 1193 
2428 924 1010 880 1076 
2429 543 993 930 1048 
2430 768 1102 686 1112 
2431 911 953 1018 1165 
2432 931 1062 1016 1090 
2433 897 1066 1002 1193 
2434 388 367 369 1108 
2435 973 976 871 1223 
2436 759 979 839 1081 
2437 853 1001 1173 1260 
2438 790 656 1159 1246 
2439 1000 1121 980 1139 
2440 904 1093 1054 1159 
2441 499 469 500 1130 
2442 870 935 987 1098 
2443 799 755 935 987 
2444 723 952 826 1149 
2445 937 1075 1034 1168 
2446 506 513 951 1247 
2447 958 1032 267 1057 
2448 483 929 480 1074 
2449 822 935 389 1084 
2450 955 877 1076 1229 
2451 411 896 363 1050 
2452 158 177 1172 1260 
2453 882 930 997 1126 
2454 549 570 1166 1195 
2455 853 901 962 1127 
2456 701 927 713 1111 
2457 558 1060 609 1125 
2458 577 194 441 1043 
2459 714 977 1063 1190 
2460 859 956 896 1269 
2461 862 895 1027 1030 
2462 397 573 574 966 
2463 935 989 377 1097 
2464 932 871 1091 1173 
2465 868 1166 963 1195 
2466 865 980 905 1254 
2467 787 186 659 1122 
2468 1081 1083 909 1141 
2469 589 946 516 1002 
2470 944 1169 1117 1257 
2471 869 938 937 1034 
2472 265 958 1057 1079 
2473 172 1033 920 1091 
2474 853 1071 932 1180 
2475 881 1013 946 1082 
2476 734 733 830 1106 
2477 897 1193 1082 1253 
2478 426 358 664 1145 
2479 1035 1171 900 1208 
2480 407 146 1004 1145 
2481 854 976 904 998 
2482 857 911 1063 1146 
2483 230 201 947 1181 
2484 779 917 850 1145 
2485 862 895 974 1020 
2486 494 1068 490 1230 
2487 568 986 922 1220 
2488 1129 1138 998 1227 
2489 265 958 267 1057 
2490 441 194 189 1043 
2491 895 863 979 1116 
2492 270 968 649 1105 
2493 827 935 762 989 
2494 700 899 1138 1228 
2495 414 896 411 1157 
2496 171 920 1022 1224 
2497 858 953 915 1018 
2498 635 526 913 1006 
2499 730 980 1105 1209 
2500 855 1002 897 1066 
2501 873 1110 1155 1208 
2502 888 1114 520 1124 
2503 341 424 921 1103 
2504 448 531 921 1021 
2505 365 991 952 1185 
2506 755 761 762 1106 
2507 801 1012 911 1063 
2508 867 1032 1065 1183 
2509 388 916 1108 1226 
2510 877 1076 924 1118 
2511 914 1028 890 1098 
2512 895 979 863 1027 
2513 528 599 602 1017 
2514 987 1030 876 1200 
2515 313 1057 1197 1233 
2516 542 464 462 1170 
2517 855 946 1024 1202 
2518 267 958 266 1032 
2519 986 1051 969 1186 
2520 868 1113 959 1255 
2521 705 719 764 1133 
2522 623 1049 517 1182 
2523 930 1177 497 1256 
2524 882 1048 930 1126 
2525 383 346 909 1141 
2526 222 1014 994 1041 
2527 313 1057 1032 1197 
2528 866 952 916 991 
2529 870 945 914 1106 
2530 876 1030 987 1156 
2531 857 997 930 1126 
2532 141 660 917 1145 
2533 811 740 1008 1040 
2534 434 393 572 1187 
2535 866 897 1051 1186 
2536 144 164 1101 1125 
2537 532 950 531 1021 
2538 919 989 870 1058 
2539 964 1073 927 1264 
2540 940 1101 864 1125 
2541 555 554 990 1244 
2542 141 917 660 1172 
2543 211 199 195 1210 
2544 254 943 647 1231 
2545 527 1017 529 1103 
2546 772 712 904 1179 
2547 733 919 744 1221 
2548 521 1001 607 1060 
2549 358 426 407 1145 
2550 778 955 779 1145 
2551 904 1016 931 1159 
2552 870 1024 945 1086 
2553 632 1188 1038 1257 
2554 839 909 810 1081 
2555 954 1064 864 1125 
2556 889 1066 1002 1192 
2557 429 217 227 1141 
2558 211 1052 908 1143 
2559 946 1013 881 1202 
2560 915 1018 885 1087 
2561 706 895 673 1146 
2562 897 1082 996 1253 
2563 877 975 924 1076 
2564 902 881 1013 1202 
2565 826 739 1042 1111 
2566 856 1013 961 1023 
2567 924 901 1127 1230 
2568 705 1012 801 1063 
2569 341 425 424 1103 
2570 954 990 864 1064 
2571 876 921 1078 1211 
2572 854 1068 963 1198 
2573 687 711 906 1128 
2574 858 1018 915 1087 
2575 477 1131 996 1154 
2576 317 1047 316 1225 
2577 144 1101 162 1134 
2578 872 972 912 1135 
2579 859 901 999 1230 
2580 526 913 1006 1194 
2581 898 866 964 1069 
2582 928 998 854 1085 
2583 857 887 1070 1099 
2584 475 996 474 1237 
2585 866 991 916 1066 
2586 1025 1077 889 1249 
2587 859 899 1053 1056 
2588 706 673 675 1146 
2589 475 1082 996 1237 
2590 289 1011 579 1225 
2591 325 1034 949 1151 
2592 891 1169 1133 1219 
2593 600 1082 1002 1193 
2594 598 589 516 1002 
2595 834 741 781 1042 
2596 878 1042 1092 1269 
2597 881 1023 1087 1202 
2598 283 949 325 1034 
2599 892 1023 906 1065 
2600 980 1105 1000 1152 
2601 926 1096 874 1151 
2602 904 1179 712 1196 
2603 1010 1029 880 1251 
2604 267 265 266 958 
2605 892 856 996 1037 
2606 805 895 706 1116 
2607 866 991 889 1044 
2608 224 1039 994 1216 
2609 1014 875 1216 1218 
2610 532 509 531 950 
2611 325 949 330 1188 
2612 1001 1060 521 1163 
2613 1039 1216 875 1218 
2614 790 943 647 1246 
2615 358 407 1004 1145 
2616 866 898 1066 1069 
2617 869 938 949 1038 
2618 363 1050 896 1092 
2619 863 925 1081 1116 
2620 863 895 1005 1116 
2621 816 939 1022 1062 
2622 597 635 520 1006 
2623 583 929 483 1003 
2624 769 1112 964 1261 
2625 858 890 1028 1130 
2626 517 1049 966 1182 
2627 954 864 1101 1125 
2628 599 934 445 1094 
2629 527 448 921 1103 
2630 172 920 171 1224 
2631 516 946 499 1199 
2632 904 854 998 1085 
2633 824 648 245 958 
2634 801 1063 911 1146 
2635 664 844 426 1145 
2636 798 795 928 1227 
2637 866 889 991 1066 
2638 148 1029 1004 1095 
2639 206 225 231 1052 
2640 155 957 1033 1091 
2641 744 733 728 984 
2642 862 1028 914 1098 
2643 897 1186 1044 1193 
2644 796 1008 740 1111 
2645 915 1087 885 1263 
2646 371 1108 919 1221 
2647 276 1096 277 1234 
2648 475 476 474 996 
2649 883 966 1072 1098 
2650 464 978 1217 1256 
2651 179 140 954 1125 
2652 673 895 805 1146 
2653 584 950 1072 1170 
2654 980 1012 915 1165 
2655 700 1138 770 1228 
2656 853 899 1036 1053 
2657 600 588 1082 1253 
2658 790 647 243 1246 
2659 784 390 346 1045 
2660 948 853 1095 1260 
2661 217 1083 212 1141 
2662 557 554 973 990 
2663 853 1036 901 1053 
2664 938 1034 949 1188 
2665 365 366 991 1185 
2666 718 1031 1175 1266 
2667 201 215 200 1014 
2668 937 938 869 1052 
2669 996 1189 856 1253 
2670 857 1099 944 1177 
2671 903 966 870 1086 
2672 900 867 958 1055 
2673 912 1068 963 1129 
2674 710 733 945 1222 
2675 779 851 821 1071 
2676 923 864 1064 1090 
2677 862 978 890 1098 
2678 856 907 1009 1112 
2679 481 492 482 1142 
2680 414 1092 896 1157 
2681 763 1031 958 1079 
2682 651 1033 174 1172 
2683 1012 1219 891 1254 
2684 935 1097 883 1098 
2685 873 983 915 1263 
2686 864 920 954 1224 
2687 857 944 1070 1177 
2688 894 862 1020 1027 
2689 152 1001 139 1260 
2690 564 563 924 1088 
2691 713 1008 796 1111 
2692 549 547 570 1195 
2693 273 1000 1046 1155 
2694 477 1154 491 1194 
2695 547 514 546 1247 
2696 687 906 711 1270 
2697 902 683 1160 1222 
2698 688 686 687 1009 
2699 901 1036 899 1053 
2700 829 1035 983 1208 
2701 465 930 497 1256 
2702 313 269 1057 1233 
2703 506 951 513 995 
2704 426 844 180 1145 
2705 690 1112 1184 1264 
2706 418 1077 889 1107 
2707 857 982 887 1218 
2708 1047 1113 943 1246 
2709 1004 1029 880 1095 
2710 602 604 529 1080 
2711 768 898 1112 1261 
2712 900 1055 958 1236 
2713 221 225 206 1052 
2714 939 1022 167 1158 
2715 711 1035 906 1128 
2716 278 277 276 1096 
2717 860 1023 1035 1128 
2718 424 1021 921 1211 
2719 1010 1029 611 1088 
2720 470 946 1015 1130 
2721 899 1056 1008 1138 
2722 867 892 1037 1065 
2723 854 901 1036 1056 
2724 895 1030 706 1116 
2725 867 910 951 995 
2726 658 839 909 1141 
2727 860 1035 941 1128 
2728 678 1019 953 1232 
2729 712 1054 904 1196 
2730 160 1147 939 1158 
2731 922 986 568 1044 
2732 884 1100 1008 1138 
2733 768 1112 769 1261 
2734 951 1037 929 1239 
2735 660 850 821 1172 
2736 940 864 1064 1125 
2737 860 941 1023 1128 
2738 544 993 541 1117 
2739 902 1019 941 1202 
2740 829 983 968 1208 
2741 512 973 962 1163 
2742 950 1161 921 1262 
2743 917 1004 880 1095 
2744 806 1081 925 1116 
2745 831 735 748 1236 
2746 872 969 1051 1144 
2747 762 799 755 935 
2748 333 1034 937 1215 
2749 179 954 164 1125 
2750 892 951 1154 1194 
2751 690 1112 1009 1184 
2752 1051 1104 872 1271 
2753 998 1085 928 1196 
2754 250 576 295 1188 
2755 885 1018 915 1121 
2756 259 923 320 1090 
2757 728 984 733 1222 
2758 576 949 295 1188 
2759 850 917 821 1172 
2760 649 1105 968 1209 
2761 571 611 1010 1029 
2762 772 709 712 1179 
2763 860 1023 906 1035 
2764 906 867 1055 1270 
2765 446 521 948 1001 
2766 536 449 535 1143 
2767 859 1053 901 1056 
2768 735 1035 900 1055 
2769 720 829 743 1035 
2770 857 970 1099 1177 
2771 227 217 212 1141 
2772 981 1083 947 1181 
2773 951 1003 929 1154 
2774 907 1184 1112 1264 
2775 864 954 920 1223 
2776 897 866 1051 1066 
2777 562 563 999 1187 
2778 906 1037 892 1065 
2779 264 245 265 958 
2780 973 1223 990 1245 
2781 981 1119 886 1267 
2782 892 860 1023 1065 
2783 297 931 260 1062 
2784 865 980 915 1121 
2785 147 1004 917 1095 
2786 681 682 683 1019 
2787 904 1085 998 1196 
2788 188 445 213 1094 
2789 161 184 1022 1101 
2790 681 1019 683 1160 
2791 908 1039 195 1043 
2792 865 1012 980 1254 
2793 177 917 147 1145 
2794 1059 1124 312 1183 
2795 886 1080 981 1181 
2796 923 320 1090 1148 
2797 901 853 962 1036 
2798 974 987 754 1030 
2799 856 961 906 1023 
2800 888 1124 642 1164 
2801 589 470 499 946 
2802 141 917 177 1145 
2803 857 1063 982 1146 
2804 801 1146 911 1259 
2805 383 385 909 1119 
2806 913 995 867 1065 
2807 215 213 934 1094 
2808 153 957 155 1091 
2809 930 1070 944 1177 
2810 236 316 314 959 
2811 810 909 839 1141 
2812 316 1011 289 1225 
2813 872 912 1120 1135 
2814 858 1015 971 1087 
2815 656 852 840 1062 
2816 855 1002 1066 1192 
2817 752 984 916 1108 
2818 917 1004 147 1145 
2819 990 1064 954 1125 
2820 583 546 506 951 
2821 996 1131 892 1154 
2822 857 887 1099 1218 
2823 867 951 910 1067 
2824 964 1069 769 1261 
2825 854 1036 901 1068 
2826 859 1056 901 1230 
2827 999 1053 859 1132 
2828 905 1096 926 1153 
2829 856 907 1051 1144 
2830 545 537 1150 1167 
2831 859 899 1040 1053 
2832 969 1074 872 1142 
2833 923 864 1090 1093 
2834 702 1007 988 1266 
2835 940 1064 864 1090 
2836 931 1047 1093 1159 
2837 870 966 903 1058 
2838 918 973 990 1245 
2839 934 1017 863 1267 
2840 543 930 993 1117 
2841 481 986 969 1186 
2842 855 897 1013 1066 
2843 932 1091 1033 1173 
2844 890 978 862 1028 
2845 422 966 421 1136 
2846 487 484 912 1268 
2847 924 999 901 1230 
2848 984 1025 919 1192 
2849 309 332 1090 1147 
2850 977 1070 1063 1190 
2851 349 142 169 1029 
2852 751 1153 1152 1254 
2853 478 477 996 1154 
2854 894 985 863 1005 
2855 942 1111 1008 1203 
2856 714 1063 671 1190 
2857 883 1097 966 1098 
2858 1009 1112 907 1184 
2859 924 1053 999 1132 
2860 904 868 1054 1093 
2861 716 980 915 1165 
2862 810 1081 909 1141 
2863 663 212 1083 1141 
2864 869 1038 949 1257 
2865 899 1008 859 1040 
2866 227 212 845 1141 
2867 863 1005 925 1116 
2868 513 910 995 1247 
2869 703 754 974 987 
2870 211 908 195 1143 
2871 961 1009 686 1112 
2872 722 964 701 1073 
2873 920 1016 976 1179 
2874 617 518 532 1072 
2875 673 805 670 1146 
2876 166 171 172 920 
2877 910 1197 1057 1233 
2878 895 1020 862 1027 
2879 462 1170 997 1243 
2880 897 1002 855 1013 
2881 855 984 919 1192 
2882 663 845 212 1141 
2883 877 1040 942 1061 
2884 494 490 498 1230 
2885 854 998 928 1129 
2886 942 1008 859 1203 
2887 709 712 1179 1196 
2888 762 935 822 1084 
2889 853 965 917 1071 
2890 457 908 533 1143 
2891 227 845 429 1141 
2892 853 917 957 1071 
2893 856 1144 969 1189 
2894 406 409 349 1029 
2895 909 1119 981 1267 
2896 864 940 939 1101 
2897 860 983 941 1035 
2898 256 1047 931 1246 
2899 672 1063 801 1146 
2900 912 884 1120 1135 
2901 726 1016 814 1179 
2902 758 1045 979 1200 
2903 476 996 475 1082 
2904 913 1115 312 1183 
2905 178 165 607 1060 
2906 863 894 1005 1027 
2907 222 994 187 1041 
2908 280 1096 278 1153 
2909 498 1127 901 1230 
2910 925 1014 994 1218 
2911 320 331 1090 1148 
2912 721 927 701 1111 
2913 853 965 1071 1180 
2914 483 1003 929 1074 
2915 711 906 1035 1055 
2916 208 231 1052 1215 
2917 854 973 1036 1068 
2918 903 1049 966 1086 
2919 541 628 544 1117 
2920 971 1087 1015 1167 
2921 494 973 575 1068 
2922 935 1078 883 1097 
2923 873 915 980 1121 
2924 912 972 872 1074 
2925 266 1032 958 1236 
2926 859 1008 899 1056 
2927 422 423 1078 1136 
2928 895 1005 894 1027 
2929 873 1026 1046 1110 
2930 867 995 913 1032 
2931 424 398 341 1021 
2932 925 947 1014 1204 
2933 535 536 938 1235 
2934 966 1058 420 1182 
2935 919 1106 989 1221 
2936 256 931 297 1246 
2937 916 952 866 1069 
2938 906 1035 1023 1128 
2939 1008 1056 884 1138 
2940 602 1080 886 1094 
2941 873 1046 1026 1121 
2942 583 951 506 1154 
2943 311 1059 888 1124 
2944 409 349 1029 1251 
2945 707 732 1035 1128 
2946 832 1069 916 1261 
2947 772 904 1016 1179 
2948 928 1129 998 1227 
2949 171 920 166 1022 
2950 908 875 1043 1176 
2951 921 1119 424 1211 
2952 696 1138 1100 1227 
2953 930 1048 865 1126 
2954 371 1025 919 1108 
2955 763 958 824 1079 
2956 721 701 927 1073 
2957 966 1049 870 1086 
2958 908 1099 875 1176 
2959 884 1138 1129 1227 
2960 660 917 850 1172 
2961 975 1010 924 1076 
2962 856 929 1144 1189 
2963 978 1072 890 1098 
2964 858 914 953 1028 
2965 862 974 914 1028 
2966 147 917 177 1095 
2967 857 891 1063 1126 
2968 898 964 866 1051 
2969 161 1022 939 1101 
2970 721 1073 927 1111 
2971 862 987 1030 1156 
2972 878 1111 1073 1149 
2973 935 1098 883 1156 
2974 869 944 1038 1257 
2975 589 470 946 1015 
2976 861 988 1120 1129 
2977 901 1036 973 1068 
2978 483 583 480 929 
2979 862 987 974 1030 
2980 856 906 961 1009 
2981 748 735 1171 1236 
2982 870 966 1097 1098 
2983 893 1207 992 1234 
2984 408 217 429 1141 
2985 881 967 1023 1131 
2986 465 543 497 930 
2987 894 1020 895 1027 
2988 339 397 421 966 
2989 184 167 161 1022 
2990 675 703 754 974 
2991 919 984 945 1222 
2992 315 312 1115 1183 
2993 675 974 754 1030 
2994 923 1064 940 1090 
2995 375 377 989 1097 
2996 939 940 864 1090 
2997 810 1083 1081 1141 
2998 940 1090 331 1148 
2999 915 1018 865 1121 
3000 898 1013 897 1066 
3001 784 346 658 1045 
3002 918 1093 1064 1244 
3003 825 983 803 1232 
3004 232 938 1052 1143 
3005 873 1155 968 1208 
3006 906 1055 711 1270 
3007 910 1032 867 1057 
3008 903 1058 919 1086 
3009 916 1066 991 1249 
3010 259 931 256 1047 
3011 928 988 861 1129 
3012 715 1012 980 1165 
3013 877 1061 955 1201 
3014 559 445 188 1094 
3015 700 899 1008 1138 
3016 1057 1067 910 1255 
3017 971 1048 885 1150 
3018 947 925 1041 1081 
3019 967 1006 585 1114 
3020 873 1026 1110 1121 
3021 536 218 449 1143 
3022 1051 872 1144 1271 
3023 167 939 161 1022 
3024 374 420 966 1058 
3025 850 917 660 1145 
3026 445 934 599 1123 
3027 857 895 982 1005 
3028 712 774 772 1159 
3029 857 930 1070 1126 
3030 856 898 1051 1112 
3031 599 934 594 1123 
3032 912 1056 884 1135 
3033 700 811 1008 1040 
3034 861 933 988 1007 
3035 919 1058 870 1086 
3036 1096 1151 926 1153 
3037 913 526 1115 1194 
3038 701 695 713 927 
3039 902 1024 1019 1202 
3040 816 1022 939 1158 
3041 160 308 1147 1158 
3042 762 799 935 1084 
3043 775 814 1016 1022 
3044 1002 1082 897 1193 
3045 911 882 1020 1126 
3046 905 980 865 1139 
3047 232 938 208 1052 
3048 931 1090 864 1093 
3049 984 1066 1025 1192 
3050 918 990 1064 1245 
3051 893 1000 873 1046 
3052 1040 1061 877 1201 
3053 174 1033 157 1172 
3054 903 1086 919 1192 
3055 597 1006 520 1114 
3056 166 138 813 1033 
3057 987 1098 935 1156 
3058 1032 1057 910 1197 
3059 760 1106 914 1160 
3060 389 935 377 1084 
3061 721 701 713 1111 
3062 862 914 974 987 
3063 854 904 976 1245 
3064 144 164 162 1101 
3065 913 1115 995 1194 
3066 858 1028 971 1130 
3067 669 982 805 1116 
3068 862 890 1028 1098 
3069 344 375 377 989 
3070 256 260 297 931 
3071 279 1096 280 1151 
3072 457 533 577 1143 
3073 865 980 1121 1139 
3074 309 1090 940 1147 
3075 784 658 839 1045 
3076 1077 1107 530 1242 
3077 742 848 1061 1201 
3078 915 941 1087 1263 
3079 200 934 215 1123 
3080 505 519 537 1026 
3081 919 1086 855 1192 
3082 996 1023 892 1131 
3083 463 497 1177 1256 
3084 222 224 994 1014 
3085 383 909 385 1141 
3086 869 1038 944 1238 
3087 858 1019 1024 1202 
3088 864 1064 990 1245 
3089 925 1014 947 1041 
3090 918 990 973 1198 
3091 863 1005 895 1027 
3092 898 1013 856 1051 
3093 991 1066 889 1249 
3094 1019 1024 902 1160 
3095 598 1002 600 1082 
3096 206 221 960 1162 
3097 997 1170 894 1243 
3098 457 908 1043 1176 
3099 850 779 821 917 
3100 215 934 213 1123 
3101 757 706 1030 1116 
3102 857 1070 944 1099 
3103 282 280 926 1151 
3104 881 1023 996 1131 
3105 906 1023 860 1065 
3106 507 967 585 1114 
3107 554 1166 918 1244 
3108 669 806 808 925 
3109 253 454 1134 1148 
3110 669 670 805 982 
3111 864 1016 931 1093 
3112 497 930 543 1117 
3113 866 986 922 1044 
3114 948 606 1088 1127 
3115 317 923 259 1047 
3116 933 1031 867 1270 
3117 857 1063 891 1070 
3118 746 1075 977 1265 
3119 914 987 862 1098 
3120 936 963 868 1109 
3121 894 997 857 1020 
3122 894 1005 895 1020 
3123 890 1072 1049 1098 
3124 1031 1055 867 1270 
3125 1038 1188 949 1257 
3126 923 1064 864 1093 
3127 897 856 1013 1051 
3128 161 939 167 1158 
3129 883 1078 935 1156 
3130 779 955 778 1201 
3131 870 935 989 1106 
3132 886 1017 934 1267 
3133 506 514 513 1247 
3134 890 1024 858 1028 
3135 894 857 1005 1020 
3136 895 1005 857 1020 
3137 924 1010 975 1248 
3138 918 1166 554 1198 
3139 864 990 954 1223 
3140 861 988 933 1239 
3141 944 1099 970 1177 
3142 208 232 218 938 
3143 733 734 710 945 
3144 312 1115 913 1124 
3145 716 715 980 1165 
3146 934 594 1123 1191 
3147 623 1049 1182 1199 
3148 947 1014 216 1041 
3149 866 922 991 1044 
3150 1093 1166 1011 1244 
3151 618 1197 910 1212 
3152 1021 1078 423 1136 
3153 408 981 217 1141 
3154 255 943 1113 1246 
3155 632 949 1188 1257 
3156 1022 1101 184 1224 
3157 916 984 752 1261 
3158 966 1097 883 1136 
3159 635 913 439 1124 
3160 910 995 867 1032 
3161 236 959 314 1212 
3162 208 1052 938 1215 
3163 540 539 538 1150 
3164 527 448 531 921 
3165 869 960 937 1052 
3166 862 1030 1027 1156 
3167 530 1077 392 1107 
3168 157 1033 957 1172 
3169 942 1050 877 1061 
3170 897 1051 898 1066 
3171 862 1072 978 1098 
3172 885 971 1018 1048 
3173 924 975 1187 1248 
3174 517 518 617 1072 
3175 187 665 654 1041 
3176 1002 1013 897 1082 
3177 266 1183 1032 1236 
3178 713 796 740 1111 
3179 540 893 538 1207 
3180 417 1107 418 1249 
3181 907 856 1009 1239 
3182 445 599 594 1123 
3183 905 1000 980 1139 
3184 970 997 894 1243 
3185 854 963 1085 1198 
3186 994 1014 925 1041 
3187 683 1102 902 1205 
3188 674 1146 801 1259 
3189 801 911 1012 1259 
3190 881 1023 967 1087 
3191 913 312 1124 1183 
3192 817 811 700 1040 
3193 331 309 261 940 
3194 788 960 800 1075 
3195 958 1031 763 1055 
3196 860 1035 906 1065 
3197 593 599 528 1017 
3198 905 1152 278 1153 
3199 298 1079 1057 1113 
3200 859 1008 942 1040 
3201 877 1061 1050 1229 
3202 912 1056 972 1068 
3203 908 944 1038 1238 
3204 1064 1093 923 1244 
3205 644 916 832 1226 
3206 500 1049 890 1072 
3207 934 863 1204 1267 
3208 868 1011 1093 1166 
3209 857 1063 911 1126 
3210 889 1193 1107 1242 
3211 867 1057 1031 1067 
3212 1152 1153 905 1254 
3213 884 1120 988 1129 
3214 541 540 992 993 
3215 744 1108 750 1221 
3216 859 972 1056 1230 
3217 463 465 497 1256 
3218 851 779 965 1071 
3219 996 1013 881 1082 
3220 757 1030 979 1116 
3221 883 950 1021 1156 
3222 868 1011 959 1047 
3223 420 1182 1058 1241 
3224 879 1175 1031 1266 
3225 888 1114 1026 1164 
3226 876 921 1137 1262 
3227 752 832 916 1261 
3228 732 707 766 1128 
3229 854 918 973 1198 
3230 614 619 240 1207 
3231 860 967 1023 1087 
3232 923 1090 931 1093 
3233 552 1166 554 1244 
3234 972 1068 1056 1230 
3235 161 939 160 1147 
3236 533 908 457 1176 
3237 903 870 1058 1086 
3238 312 1059 304 1124 
3239 538 1026 893 1150 
3240 172 1091 920 1224 
3241 525 1107 1193 1242 
3242 683 902 1102 1222 
3243 930 993 865 1048 
3244 140 173 179 1060 
3245 152 139 151 1260 
3246 854 901 1056 1068 
3247 883 1021 1078 1156 
3248 955 355 1076 1251 
3249 921 1161 1017 1262 
3250 1006 1124 888 1213 
3251 745 719 714 1133 
3252 258 314 316 959 
3253 868 904 1054 1085 
3254 628 1089 603 1117 
3255 898 1051 866 1066 
3256 552 554 1166 1198 
3257 626 1157 896 1178 
3258 964 1112 898 1261 
3259 669 806 925 1116 
3260 870 1097 935 1098 
3261 529 528 602 1017 
3262 945 984 855 1222 
3263 632 535 1038 1188 
3264 688 1009 687 1270 
3265 618 513 910 1197 
3266 200 215 213 1123 
3267 921 1017 886 1267 
3268 934 1017 886 1094 
3269 873 1000 893 1121 
3270 280 926 1151 1153 
3271 864 954 1101 1224 
3272 855 1192 1086 1199 
3273 407 355 358 1004 
3274 934 863 1017 1204 
3275 157 155 957 1033 
3276 857 1070 891 1126 
3277 374 420 421 966 
3278 1070 1126 930 1219 
3279 831 958 763 1055 
3280 282 926 1034 1151 
3281 275 273 1000 1046 
3282 957 1172 917 1260 
3283 311 1124 888 1164 
3284 854 1085 918 1198 
3285 855 898 984 1066 
3286 1033 1071 957 1172 
3287 896 1157 626 1187 
3288 778 779 850 1145 
3289 937 1034 938 1215 
3290 701 695 927 1100 
3291 731 795 702 1007 
3292 906 1009 856 1037 
3293 864 1016 1093 1245 
3294 867 1032 913 1065 
3295 860 892 1006 1065 
3296 790 1159 943 1246 
3297 900 867 1055 1065 
3298 857 911 1020 1126 
3299 568 567 986 1220 
3300 759 758 839 979 
3301 332 939 1090 1147 
3302 867 1037 951 1067 
3303 878 1042 1111 1149 
3304 875 1005 970 1099 
3305 371 919 1025 1241 
3306 855 1013 898 1066 
3307 689 686 1009 1112 
3308 311 304 1059 1124 
3309 618 1212 910 1247 
3310 891 1063 977 1070 
3311 179 164 140 1125 
3312 635 642 520 1124 
3313 598 600 588 1082 
3314 894 1027 863 1262 
3315 896 626 1178 1187 
3316 886 1119 921 1267 
3317 280 279 278 1096 
3318 282 926 280 1168 
3319 914 974 953 1028 
3320 861 1120 912 1129 
3321 577 441 457 1043 
3322 424 1078 1021 1211 
3323 1033 1091 957 1173 
3324 961 1013 898 1102 
3325 976 1016 864 1245 
3326 816 939 1062 1158 
3327 941 1035 983 1128 
3328 655 166 920 1022 
3329 280 926 1153 1168 
3330 931 1016 904 1093 
3331 261 331 940 1090 
3332 575 557 554 973 
3333 760 1160 914 1258 
3334 862 1072 1098 1156 
3335 140 179 954 1060 
3336 920 871 976 1223 
3337 603 1117 1089 1257 
3338 913 1065 1032 1183 
3339 412 1010 975 1076 
3340 873 1046 888 1110 
3341 694 696 1100 1227 
3342 524 436 1077 1242 
3343 575 494 512 973 
3344 905 1139 865 1219 
3345 260 931 259 1090 
3346 904 1093 1016 1245 
3347 284 937 333 1034 
3348 962 1001 521 1163 
3349 311 312 304 1124 
3350 857 970 1005 1099 
3351 223 994 1039 1122 
3352 799 754 987 1200 
3353 516 1002 946 1199 
3354 917 965 853 1118 
3355 729 980 715 1012 
3356 703 987 974 1258 
3357 194 195 189 1043 
3358 800 1075 1162 1240 
3359 439 635 526 913 
3360 927 1008 884 1100 
3361 1005 1099 875 1218 
3362 510 962 494 1127 
3363 873 893 1046 1121 
3364 873 888 1046 1155 
3365 897 1013 898 1051 
3366 867 933 1037 1067 
3367 354 955 355 1076 
3368 946 890 1049 1086 
3369 906 1055 867 1065 
3370 275 1046 1000 1234 
3371 716 1165 915 1232 
3372 513 618 910 1247 
3373 904 931 1093 1159 
3374 424 380 1078 1211 
3375 796 811 740 1008 
3376 768 898 1102 1112 
3377 896 999 859 1132 
3378 928 1054 798 1196 
3379 801 1012 1165 1259 
3380 970 894 1005 1243 
3381 599 445 559 1094 
3382 873 915 1121 1263 
3383 491 502 477 1194 
3384 282 1034 926 1168 
3385 912 1074 872 1120 
3386 644 752 832 916 
3387 614 540 619 1207 
3388 854 1085 904 1245 
3389 714 705 671 1063 
3390 142 1004 148 1029 
3391 990 1064 555 1244 
3392 439 913 526 1115 
3393 855 1002 1192 1199 
3394 644 752 916 1108 
3395 969 1074 929 1144 
3396 903 1058 1182 1241 
3397 768 1102 898 1261 
3398 674 672 801 1146 
3399 914 1019 953 1160 
3400 730 793 1105 1152 
3401 679 1165 716 1232 
3402 411 404 975 1050 
3403 740 742 942 1040 
3404 935 1078 876 1156 
3405 913 1115 439 1124 
3406 280 1153 249 1168 
3407 977 1075 960 1265 
3408 924 999 975 1132 
3409 986 1142 956 1220 
3410 298 1113 1057 1233 
3411 750 733 744 1221 
3412 869 949 1034 1169 
3413 854 1085 963 1129 
3414 732 983 720 1035 
3415 708 1222 1102 1261 
3416 722 701 964 1264 
3417 300 1171 1059 1236 
3418 1010 1076 431 1251 
3419 586 972 1074 1142 
3420 215 1094 934 1181 
3421 846 1033 812 1071 
3422 745 977 746 1075 
3423 965 1040 817 1180 
3424 758 835 1045 1200 
3425 917 1095 880 1118 
3426 916 1025 984 1066 
3427 882 930 1048 1256 
3428 1029 1088 880 1206 
3429 322 1089 1096 1151 
3430 863 1081 979 1116 
3431 923 1093 1011 1244 
3432 383 385 346 1141 
3433 776 653 777 1201 
3434 657 749 926 1153 
3435 208 938 218 1235 
3436 879 1007 1109 1175 
3437 657 1153 926 1168 
3438 1035 1055 906 1065 
3439 914 1160 953 1258 
3440 833 943 790 1159 
3441 879 1067 1057 1255 
3442 688 689 686 1009 
3443 885 1087 971 1167 
3444 915 885 1121 1263 
3445 754 1030 987 1200 
3446 571 620 611 1029 
3447 502 1131 477 1194 
3448 606 446 521 948 
3449 422 423 378 1078 
3450 917 1071 821 1172 
3451 469 467 978 1130 
3452 877 1050 942 1132 
3453 1101 1125 940 1134 
3454 478 1154 996 1189 
3455 312 238 1115 1124 
3456 667 1214 994 1265 
3457 907 1144 856 1239 
3458 854 1068 1056 1129 
3459 261 309 332 1090 
3460 543 993 544 1117 
3461 650 345 390 1045 
3462 464 978 542 1217 
3463 873 1046 1000 1155 
3464 446 607 521 1001 
3465 574 966 517 1136 
3466 516 589 499 946 
3467 866 1066 916 1069 
3468 377 378 379 1078 
3469 1031 1057 958 1079 
3470 873 1000 980 1105 
3471 919 1025 984 1108 
3472 746 788 800 1075 
3473 975 1010 412 1248 
3474 924 1088 563 1127 
3475 875 985 970 1005 
3476 223 994 224 1039 
3477 978 1130 467 1217 
3478 736 920 1033 1140 
3479 736 920 655 1033 
3480 320 259 317 923 
3481 487 486 484 1268 
3482 259 260 256 931 
3483 317 923 1047 1225 
3484 303 1059 300 1171 
3485 449 218 192 1143 
3486 892 951 1037 1154 
3487 953 1160 1019 1258 
3488 932 1180 771 1228 
3489 937 960 869 1075 
3490 415 922 1174 1185 
3491 332 939 262 1090 
3492 433 410 350 981 
3493 934 1204 947 1267 
3494 888 873 1110 1155 
3495 873 980 1000 1121 
3496 666 808 994 1214 
3497 932 976 871 1036 
3498 938 1188 535 1235 
3499 622 520 642 1164 
3500 1100 1138 884 1227 
3501 400 952 365 1226 
3502 949 1089 325 1151 
3503 928 1085 854 1129 
3504 283 1034 325 1151 
3505 195 1043 1039 1216 
3506 868 1085 1054 1109 
3507 939 1147 308 1158 
3508 856 1009 961 1112 
3509 967 1015 881 1087 
3510 995 1065 913 1194 
3511 355 334 358 955 
3512 600 1193 1186 1253 
3513 799 935 1084 1200 
3514 665 666 808 994 
3515 932 1071 771 1180 
3516 926 1075 745 1168 
3517 141 177 147 1145 
3518 952 1149 782 1226 
3519 925 1005 982 1116 
3520 982 1005 895 1116 
3521 809 1041 808 1081 
3522 508 1038 944 1257 
3523 603 1089 949 1257 
3524 858 1018 971 1028 
3525 295 949 576 1089 
3526 804 945 1106 1160 
3527 261 940 309 1090 
3528 608 521 1060 1163 
3529 655 166 813 1033 
3530 1023 1128 941 1205 
3531 953 1019 915 1232 
3532 900 1055 1035 1065 
3533 971 1018 882 1028 
3534 415 1174 416 1185 
3535 806 809 808 1081 
3536 916 952 1226 1249 
3537 729 716 715 980 
3538 936 1067 861 1109 
3539 890 914 1024 1028 
3540 873 1105 980 1209 
3541 913 1124 1059 1183 
3542 562 563 501 999 
3543 270 791 247 1105 
3544 859 1203 956 1269 
3545 797 1055 1031 1270 
3546 947 1041 216 1083 
3547 899 932 1036 1228 
3548 568 922 1044 1174 
3549 1031 1057 879 1067 
3550 263 828 1062 1158 
3551 922 866 991 1252 
3552 964 907 1051 1112 
3553 430 351 1080 1103 
3554 912 1120 884 1129 
3555 400 1149 952 1226 
3556 860 1023 941 1087 
3557 866 922 986 1252 
3558 712 1054 774 1159 
3559 667 994 1122 1265 
3560 905 278 1096 1153 
3561 560 999 972 1178 
3562 664 776 778 955 
3563 158 1172 957 1260 
3564 765 1160 760 1258 
3565 271 968 270 1105 
3566 647 790 833 943 
3567 300 1059 1183 1236 
3568 970 1005 985 1243 
3569 988 1184 933 1239 
3570 368 417 418 1249 
3571 868 959 936 1255 
3572 858 1024 914 1028 
3573 911 1012 891 1063 
3574 1068 1198 486 1268 
3575 857 930 997 1177 
3576 944 1038 508 1176 
3577 517 966 573 1182 
3578 517 1049 500 1072 
3579 791 270 649 1105 
3580 507 967 1114 1167 
3581 494 488 490 1068 
3582 258 316 257 1047 
3583 730 980 842 1152 
3584 413 975 412 1248 
3585 567 1142 986 1220 
3586 1021 1078 921 1211 
3587 322 1089 324 1096 
3588 975 999 924 1187 
3589 961 1128 1023 1205 
3590 708 1102 753 1261 
3591 953 974 914 1258 
3592 411 975 413 1248 
3593 494 575 488 1068 
3594 1037 1067 933 1239 
3595 481 566 492 986 
3596 882 997 930 1256 
3597 972 1056 912 1135 
3598 833 943 1054 1175 
3599 144 612 1125 1134 
3600 936 1247 951 1255 
3601 951 1247 910 1255 
3602 160 939 161 1158 
3603 868 918 1085 1166 
3604 657 926 745 1168 
3605 916 991 952 1249 
3606 886 1103 921 1119 
3607 554 575 973 1198 
3608 916 1226 367 1249 
3609 936 959 868 1195 
3610 1077 1182 419 1241 
3611 1043 1176 875 1191 
3612 762 822 799 1084 
3613 872 986 969 1142 
3614 646 1152 751 1153 
3615 880 1010 924 1088 
3616 216 947 201 1014 
3617 177 917 141 1172 
3618 585 1006 967 1131 
3619 1056 1068 912 1129 
3620 669 982 1116 1214 
3621 644 1108 916 1226 
3622 225 208 231 1052 
3623 893 1026 538 1207 
3624 1066 1069 898 1261 
3625 412 975 357 1076 
3626 360 363 362 1092 
3627 253 940 331 1148 
3628 846 932 1033 1071 
3629 164 954 1101 1125 
3630 524 522 436 1242 
3631 961 1102 898 1112 
3632 833 943 1175 1231 
3633 493 993 1048 1150 
3634 727 932 771 1228 
3635 884 1008 927 1135 
3636 896 1132 859 1269 
3637 934 1014 875 1216 
3638 596 944 508 1177 
3639 664 955 778 1145 
3640 903 1182 1049 1199 
3641 926 977 1075 1169 
3642 800 662 1075 1240 
3643 934 875 1123 1216 
3644 655 920 814 1022 
3645 769 964 722 1069 
3646 971 1130 1028 1217 
3647 661 167 1022 1158 
3648 215 188 213 1094 
3649 970 875 1099 1176 
3650 527 529 448 1103 
3651 368 418 1025 1249 
3652 730 716 980 1209 
3653 622 1026 1114 1164 
3654 896 1092 956 1220 
3655 832 916 1069 1226 
3656 682 1205 1019 1232 
3657 891 1012 911 1126 
3658 209 652 665 994 
3659 533 1038 908 1176 
3660 466 971 545 1048 
3661 253 1134 940 1148 
3662 1029 1095 148 1206 
3663 738 1031 763 1079 
3664 275 321 1046 1234 
3665 400 365 952 1149 
3666 877 924 975 1132 
3667 908 1039 875 1099 
3668 868 904 1085 1093 
3669 946 1024 890 1086 
3670 880 1029 1004 1251 
3671 876 1027 1156 1262 
3672 956 1092 878 1252 
3673 413 357 412 975 
3674 859 972 956 1135 
3675 854 918 1085 1245 
3676 315 1115 1032 1183 
3677 922 1092 956 1252 
3678 723 952 1069 1073 
3679 840 773 772 1016 
3680 157 155 153 957 
3681 669 925 808 1214 
3682 1059 1208 888 1213 
3683 871 990 954 1060 
3684 883 1072 950 1156 
3685 635 597 526 1006 
3686 590 469 467 978 
3687 569 922 568 1250 
3688 225 1052 221 1210 
3689 749 745 657 926 
3690 763 1031 797 1055 
3691 321 1207 1046 1234 
3692 481 566 986 1186 
3693 438 550 627 1212 
3694 875 1039 908 1043 
3695 984 1025 916 1108 
3696 872 1120 1074 1144 
3697 584 509 532 950 
3698 515 499 1049 1199 
3699 570 489 1198 1268 
3700 882 1217 978 1256 
3701 382 424 1119 1211 
3702 412 431 1010 1076 
3703 888 1208 1110 1213 
3704 304 1059 312 1183 
3705 568 922 569 1220 
3706 535 938 1038 1188 
3707 859 999 972 1230 
3708 573 517 574 966 
3709 998 976 1179 1228 
3710 569 1220 922 1250 
3711 513 995 910 1197 
3712 860 967 1087 1110 
3713 977 887 1070 1190 
3714 485 547 1003 1268 
3715 370 1025 418 1077 
3716 723 952 782 1226 
3717 1057 1079 879 1113 
3718 879 1007 1175 1266 
3719 874 1096 905 1219 
3720 785 964 769 1112 
3721 766 1205 682 1232 
3722 831 763 797 1055 
3723 752 744 984 1108 
3724 723 782 952 1149 
3725 507 1114 505 1167 
3726 322 325 1089 1151 
3727 508 944 1176 1177 
3728 861 988 928 1007 
3729 873 1000 1105 1155 
3730 596 508 595 1177 
3731 889 1107 1077 1242 
3732 849 851 965 1071 
3733 1054 1085 928 1109 
3734 320 923 317 1225 
3735 621 1134 454 1148 
3736 937 1162 1075 1240 
3737 525 530 1107 1242 
3738 970 875 1176 1191 
3739 533 908 1038 1143 
3740 803 983 732 1232 
3741 448 629 531 1021 
3742 872 1074 969 1144 
3743 570 1198 963 1268 
3744 919 903 1192 1241 
3745 988 1007 933 1266 
3746 532 1021 437 1136 
3747 963 1003 936 1268 
3748 153 154 1001 1091 
3749 974 1020 895 1146 
3750 859 1040 942 1132 
3751 1028 1130 978 1217 
3752 576 250 451 1188 
3753 301 245 648 1236 
3754 909 1045 383 1119 
3755 904 998 976 1179 
3756 374 966 421 1097 
3757 604 1080 351 1103 
3758 884 1129 988 1227 
3759 863 979 1081 1267 
3760 988 1129 928 1227 
3761 196 1043 195 1216 
3762 801 705 764 1012 
3763 308 939 332 1147 
3764 687 961 686 1128 
3765 702 988 1184 1266 
3766 988 933 1184 1266 
3767 555 553 554 1244 
3768 927 1008 1111 1203 
3769 868 1093 918 1166 
3770 545 537 1048 1150 
3771 962 973 901 1036 
3772 510 606 962 1127 
3773 922 1174 568 1250 
3774 856 1037 1009 1239 
3775 1102 1222 984 1261 
3776 978 1028 890 1130 
3777 473 967 507 1167 
3778 985 1017 593 1161 
3779 911 1063 891 1126 
3780 755 987 760 1106 
3781 945 902 1024 1160 
3782 410 430 351 1080 
3783 780 817 965 1040 
3784 855 1024 946 1086 
3785 957 1091 1001 1173 
3786 903 919 1058 1241 
3787 480 929 583 1189 
3788 872 956 972 1135 
3789 374 1058 966 1097 
3790 791 1105 649 1209 
3791 868 1085 963 1166 
3792 886 1017 921 1103 
3793 830 989 1106 1221 
3794 245 958 648 1236 
3795 855 945 1024 1086 
3796 1186 1193 897 1253 
3797 943 1159 1047 1246 
3798 906 933 1009 1037 
3799 486 1198 489 1268 
3800 180 170 146 1145 
3801 621 940 1134 1148 
3802 1034 1075 869 1169 
3803 789 263 828 1062 
3804 902 1160 945 1222 
3805 416 1174 991 1185 
3806 975 1132 999 1187 
3807 421 966 397 1136 
3808 1026 1164 622 1207 
3809 949 1151 1034 1169 
3810 921 876 1137 1211 
3811 869 1075 977 1169 
3812 857 1099 1005 1218 
3813 911 974 953 1259 
3814 875 1014 934 1204 
3815 858 971 1015 1130 
3816 322 1096 279 1151 
3817 751 1133 1153 1254 
3818 463 1177 997 1256 
3819 891 1126 1070 1219 
3820 960 977 869 1075 
3821 853 932 1071 1173 
3822 421 966 420 1182 
3823 938 1052 937 1215 
3824 267 1032 266 1183 
3825 685 686 961 1128 
3826 356 1076 355 1251 
3827 393 572 1187 1248 
3828 926 1075 1034 1169 
3829 1096 1139 905 1219 
3830 749 745 926 1133 
3831 938 1038 869 1052 
3832 884 1056 912 1129 
3833 855 1066 984 1192 
3834 880 1088 924 1118 
3835 947 981 909 1083 
3836 879 1109 1067 1255 
3837 420 419 1182 1241 
3838 518 584 532 1072 
3839 592 1178 1142 1220 
3840 1032 1183 958 1236 
3841 654 210 187 1041 
3842 853 1036 932 1173 
3843 853 1173 957 1260 
3844 610 1064 990 1125 
3845 143 160 308 1147 
3846 932 1033 957 1173 
3847 685 687 686 1128 
3848 856 1051 969 1144 
3849 197 1039 224 1216 
3850 816 775 1016 1022 
3851 418 392 1077 1107 
3852 888 1046 1026 1110 
3853 179 164 954 1101 
3854 879 1007 1067 1109 
3855 683 684 1102 1205 
3856 860 941 983 1263 
3857 881 1087 1015 1202 
3858 261 320 331 1090 
3859 833 1054 943 1159 
3860 415 1174 922 1250 
3861 512 494 510 962 
3862 923 1047 1011 1093 
3863 1011 1047 868 1093 
3864 324 1089 992 1096 
3865 376 378 377 1097 
3866 749 1133 926 1153 
3867 678 680 1019 1232 
3868 603 949 632 1257 
3869 303 968 1059 1171 
3870 771 932 846 1071 
3871 177 149 1095 1260 
3872 893 1121 1000 1139 
3873 689 1009 690 1112 
3874 929 1037 856 1144 
3875 972 999 560 1230 
3876 665 187 209 994 
3877 776 777 955 1201 
3878 1140 1179 976 1228 
3879 558 1060 990 1163 
3880 431 409 1029 1251 
3881 921 1262 1017 1267 
3882 626 1157 434 1187 
3883 920 976 1140 1179 
3884 895 979 1027 1030 
3885 861 933 1007 1067 
3886 467 464 542 1217 
3887 858 953 1018 1028 
3888 955 1004 917 1145 
3889 545 537 493 1048 
3890 883 1078 1021 1136 
3891 611 1088 1029 1206 
3892 711 1035 735 1055 
3893 281 283 325 1151 
3894 370 368 418 1025 
3895 869 977 960 1238 
3896 960 977 887 1238 
3897 454 253 578 1148 
3898 400 782 1149 1226 
3899 923 1090 940 1148 
3900 900 1059 1171 1236 
3901 484 1074 912 1268 
3902 317 257 316 1047 
3903 493 1048 537 1150 
3904 927 701 1100 1264 
3905 490 1068 487 1230 
3906 570 486 489 1268 
3907 508 1176 595 1177 
3908 373 375 989 1058 
3909 874 1139 1096 1219 
3910 382 424 425 1119 
3911 826 1073 721 1111 
3912 360 1042 403 1050 
3913 670 982 1063 1146 
3914 939 1062 262 1090 
3915 906 1009 933 1270 
3916 873 968 983 1208 
3917 861 933 1067 1239 
3918 868 936 1109 1255 
3919 860 967 1110 1114 
3920 877 1053 924 1132 
3921 989 1058 919 1221 
3922 945 1160 804 1222 
3923 179 1101 954 1224 
3924 388 1108 644 1226 
3925 285 1105 793 1152 
3926 740 811 742 1040 
3927 903 1058 966 1182 
3928 262 1062 939 1158 
3929 882 971 1028 1217 
3930 955 1004 355 1251 
3931 650 345 1045 1084 
3932 657 249 1153 1168 
3933 222 198 224 1014 
3934 331 253 309 940 
3935 495 969 479 1253 
3936 896 956 1092 1269 
3937 878 1092 956 1269 
3938 948 880 1088 1206 
3939 914 1106 945 1160 
3940 670 982 671 1063 
3941 997 1177 930 1256 
3942 1000 1105 272 1152 
3943 704 1179 1140 1228 
3944 839 758 784 1045 
3945 942 1042 741 1111 
3946 979 1081 759 1116 
3947 880 1004 955 1251 
3948 1085 1109 963 1129 
3949 1050 1061 403 1229 
3950 383 384 385 1119 
3951 869 944 1070 1238 
3952 869 1052 1038 1238 
3953 634 563 562 1187 
3954 214 455 441 1043 
3955 192 218 232 1143 
3956 495 481 479 969 
3957 757 979 759 1116 
3958 441 189 214 1043 
3959 909 1081 979 1267 
3960 557 990 973 1163 
3961 849 851 779 965 
3962 671 1063 982 1190 
3963 873 983 1110 1208 
3964 985 1005 894 1243 
3965 902 1013 961 1102 
3966 285 272 1105 1152 
3967 918 1166 1093 1244 
3968 804 1160 683 1222 
3969 260 1062 931 1090 
3970 195 199 1039 1210 
3971 800 1075 960 1162 
3972 867 958 1031 1057 
3973 624 1115 995 1197 
3974 281 1034 283 1151 
3975 467 542 978 1217 
3976 1161 1170 496 1243 
3977 723 1069 952 1226 
3978 698 770 1138 1228 
3979 880 1095 1029 1206 
3980 408 350 191 981 
3981 238 439 1115 1124 
3982 889 1066 1025 1249 
3983 953 1019 678 1258 
3984 900 1183 1059 1236 
3985 986 1044 866 1186 
3986 799 754 755 987 
3987 731 1007 702 1266 
3988 802 798 731 1054 
3989 671 982 670 1190 
3990 648 824 763 958 
3991 390 383 346 1045 
3992 871 920 1091 1223 
3993 861 1109 928 1129 
3994 934 1017 985 1204 
3995 354 355 356 1076 
3996 162 1134 1101 1147 
3997 436 396 1077 1182 
3998 885 1087 967 1110 
3999 863 925 1005 1204 
4000 709 1179 998 1196 
4001 691 1009 688 1270 
4002 929 1154 583 1189 
4003 175 164 144 1125 
4004 223 224 197 1039 
4005 320 1148 923 1225 
4006 897 969 1051 1186 
4007 691 1184 1009 1270 
4008 842 1152 980 1254 
4009 583 483 546 1003 
4010 697 699 998 1227 
4011 947 909 1081 1083 
4012 921 1137 1262 1267 
4013 255 943 302 1113 
4014 1025 1066 916 1249 
4015 204 947 1083 1181 
4016 956 1092 922 1220 
4017 837 270 246 1171 
4018 860 1006 967 1114 
4019 887 994 1214 1265 
4020 308 262 332 939 
4021 846 651 812 1033 
4022 911 1165 1012 1259 
4023 325 949 295 1089 
4024 1027 1030 876 1156 
4025 524 1077 530 1242 
4026 913 1124 1006 1213 
4027 872 972 956 1142 
4028 576 949 603 1089 
4029 272 275 273 1000 
4030 880 1076 955 1118 
4031 789 251 263 1062 
4032 474 996 1131 1237 
4033 952 1149 365 1185 
4034 522 623 1182 1199 
4035 865 993 930 1219 
4036 211 195 194 1143 
4037 570 1166 963 1198 
4038 859 1053 1040 1132 
4039 957 1033 932 1071 
4040 867 1032 958 1057 
4041 742 1040 780 1201 
4042 216 230 201 947 
4043 877 1050 1132 1229 
4044 911 1020 974 1146 
4045 503 593 1017 1161 
4046 487 490 488 1068 
4047 689 688 690 1009 
4048 1046 1207 893 1234 
4049 887 977 960 1265 
4050 804 945 734 1106 
4051 791 649 792 1209 
4052 1059 968 1155 1208 
4053 699 1196 998 1227 
4054 910 1067 951 1255 
4055 846 1033 932 1140 
4056 784 650 390 1045 
4057 710 945 804 1222 
4058 957 1001 153 1260 
4059 856 1144 1037 1239 
4060 656 297 251 1062 
4061 204 1083 981 1181 
4062 1142 1178 956 1220 
4063 697 998 698 1227 
4064 868 1085 918 1093 
4065 816 1016 773 1062 
4066 699 709 998 1196 
4067 466 971 1048 1217 
4068 736 814 920 1140 
4069 872 1104 986 1142 
4070 154 1060 1001 1091 
4071 853 1053 924 1118 
4072 797 1031 717 1270 
4073 678 679 680 1232 
4074 804 1106 760 1160 
4075 986 1104 956 1142 
4076 544 543 541 993 
4077 600 1186 495 1253 
4078 923 633 1148 1244 
4079 940 1064 923 1148 
4080 223 1122 1039 1210 
4081 745 714 746 977 
4082 952 866 1069 1073 
4083 973 871 990 1223 
4084 473 507 505 1167 
4085 1026 1046 893 1121 
4086 248 278 1152 1153 
4087 871 990 1060 1163 
4088 594 985 593 1191 
4089 964 1051 907 1271 
4090 205 960 221 1162 
4091 680 682 1019 1232 
4092 923 1148 633 1225 
4093 143 308 234 1147 
4094 570 552 1166 1198 
4095 998 1138 698 1227 
4096 728 752 744 984 
4097 729 980 1012 1254 
4098 903 1182 1077 1241 
4099 1037 1144 929 1239 
4100 155 1033 172 1091 
4101 951 1067 936 1255 
4102 413 411 404 975 
4103 361 365 1149 1185 
4104 880 948 1095 1206 
4105 766 941 1205 1232 
4106 964 1069 866 1073 
4107 768 686 689 1112 
4108 841 249 286 1153 
4109 863 1081 947 1267 
4110 976 1179 1016 1245 
4111 863 1017 985 1262 
4112 872 956 1104 1142 
4113 858 1015 1087 1202 
4114 508 944 596 1257 
4115 853 1071 957 1173 
4116 692 1100 693 1184 
4117 871 932 1036 1173 
4118 415 1092 922 1185 
4119 859 1135 956 1203 
4120 704 998 709 1179 
4121 977 1070 887 1238 
4122 534 1038 508 1257 
4123 946 1086 1049 1199 
4124 969 1144 929 1189 
4125 875 934 1191 1204 
4126 829 720 983 1035 
4127 1000 1046 893 1234 
4128 965 1040 899 1053 
4129 1119 1137 921 1267 
4130 872 1074 972 1142 
4131 857 997 970 1177 
4132 484 1003 483 1074 
4133 621 940 1125 1134 
4134 484 1003 1074 1268 
4135 180 844 170 1145 
4136 877 924 1053 1118 
4137 693 1184 1100 1264 
4138 704 998 1179 1228 
4139 964 1073 866 1104 
4140 373 1058 989 1221 
4141 875 934 1123 1191 
4142 879 1031 1007 1266 
4143 908 1038 1052 1238 
4144 881 1015 967 1237 
4145 438 1195 550 1212 
4146 684 961 686 1102 
4147 669 1116 925 1214 
4148 270 968 303 1171 
4149 740 942 741 1111 
4150 473 585 507 967 
4151 238 292 439 1124 
4152 859 1008 1056 1135 
4153 884 1056 1008 1135 
4154 493 539 993 1150 
4155 483 1003 484 1268 
4156 949 1038 938 1188 
4157 169 142 148 1029 
4158 849 965 817 1180 
4159 935 876 1084 1200 
4160 152 1001 154 1060 
4161 222 216 1014 1041 
4162 1120 1135 1100 1271 
4163 643 826 1042 1149 
4164 365 364 366 1185 
4165 302 943 255 1231 
4166 307 937 219 1215 
4167 985 1017 863 1204 
4168 753 1102 768 1261 
4169 860 1114 1110 1213 
4170 339 966 421 1182 
4171 866 1051 964 1104 
4172 970 460 1177 1243 
4173 816 661 1022 1158 
4174 880 955 1076 1251 
4175 922 1092 415 1250 
4176 617 532 437 1136 
4177 700 698 770 1138 
4178 493 993 543 1048 
4179 954 1091 920 1223 
4180 224 187 222 994 
4181 219 937 307 1240 
4182 175 140 164 1125 
4183 408 191 217 981 
4184 667 666 994 1214 
4185 771 727 846 932 
4186 928 861 1007 1109 
4187 254 943 255 1246 
4188 691 1266 933 1270 
4189 953 915 1165 1232 
4190 722 1069 964 1073 
4191 495 1186 969 1253 
4192 241 443 294 992 
4193 731 802 1054 1175 
4194 497 930 1117 1177 
4195 989 1058 375 1097 
4196 871 1060 1001 1163 
4197 633 923 1225 1244 
4198 1025 1108 369 1249 
4199 996 1082 881 1237 
4200 864 990 1223 1245 
4201 757 756 979 1030 
4202 993 1121 893 1139 
4203 865 1121 993 1139 
4204 509 1161 950 1170 
4205 704 699 709 998 
4206 698 697 699 998 
4207 860 1006 1114 1213 
4208 483 480 482 1074 
4209 175 144 450 1125 
4210 937 869 1034 1075 
4211 613 535 1188 1235 
4212 262 263 1062 1158 
4213 481 969 480 1189 
4214 1015 1087 967 1167 
4215 979 1030 895 1116 
4216 314 959 258 1113 
4217 511 1088 606 1127 
4218 511 563 1088 1127 
4219 279 322 324 1096 
4220 876 1078 935 1084 
4221 871 1001 962 1163 
4222 1056 1068 901 1230 
4223 509 950 584 1170 
4224 963 1085 918 1166 
4225 576 451 949 1188 
4226 874 993 992 1139 
4227 627 550 579 1011 
4228 869 1070 944 1169 
4229 935 870 989 1097 
4230 908 1099 944 1238 
4231 219 1162 937 1240 
4232 301 648 748 1236 
4233 541 539 540 993 
4234 674 974 675 1146 
4235 723 826 782 1149 
4236 692 988 1100 1184 
4237 680 766 682 1232 
4238 515 516 499 1199 
4239 396 419 1077 1182 
4240 496 1170 462 1243 
4241 649 968 270 1171 
4242 963 1085 868 1109 
4243 944 1099 1070 1238 
4244 958 1183 900 1236 
4245 527 503 1017 1161 
4246 379 389 377 1084 
4247 471 971 1015 1167 
4248 922 986 956 1220 
4249 866 1073 952 1252 
4250 900 1183 1065 1213 
4251 985 1191 934 1204 
4252 871 973 962 1036 
4253 1017 1161 985 1262 
4254 1044 1107 889 1193 
4255 841 657 249 1153 
4256 285 247 791 1105 
4257 928 1196 798 1227 
4258 461 1161 496 1243 
4259 967 885 1110 1114 
4260 860 1035 1065 1208 
4261 704 725 1140 1179 
4262 862 1027 950 1156 
4263 979 876 1027 1030 
4264 402 403 1061 1229 
4265 268 312 315 1183 
4266 903 1086 1192 1199 
4267 262 939 308 1158 
4268 695 694 696 1100 
4269 309 940 253 1134 
4270 925 1204 1014 1218 
4271 575 1068 973 1198 
4272 674 974 1146 1259 
4273 993 893 1121 1150 
4274 270 271 303 968 
4275 632 949 451 1188 
4276 928 1085 1054 1196 
4277 1054 1085 904 1196 
4278 470 1015 471 1130 
4279 886 934 1094 1181 
4280 461 985 593 1161 
4281 900 1065 1035 1208 
4282 143 161 160 1147 
4283 839 810 759 1081 
4284 710 804 683 1222 
4285 667 994 652 1122 
4286 665 808 654 1041 
4287 875 1014 1204 1218 
4288 963 1198 1068 1268 
4289 265 1057 298 1079 
4290 833 1054 802 1175 
4291 927 1100 1135 1271 
4292 670 1063 672 1146 
4293 371 372 373 1241 
4294 956 986 922 1252 
4295 1041 1081 809 1083 
4296 456 1176 1043 1191 
4297 481 969 495 1186 
4298 829 720 732 983 
4299 1016 1179 904 1245 
4300 879 1057 1031 1079 
4301 470 471 468 1130 
4302 587 1124 239 1164 
4303 769 785 722 964 
4304 271 968 1105 1155 
4305 707 1035 711 1128 
4306 865 993 1121 1150 
4307 592 560 972 1178 
4308 369 1025 371 1108 
4309 887 1122 994 1265 
4310 416 417 991 1174 
4311 560 561 999 1178 
4312 1032 1115 913 1183 
4313 175 450 140 1125 
4314 916 1069 1066 1261 
4315 276 1000 272 1152 
4316 603 576 632 949 
4317 703 760 755 987 
4318 898 1069 964 1261 
4319 268 267 266 1183 
4320 849 780 817 965 
4321 582 439 292 1124 
4322 833 1175 737 1231 
4323 509 496 1161 1170 
4324 953 915 1018 1165 
4325 290 236 314 1212 
4326 869 1070 977 1238 
4327 217 981 204 1083 
4328 1101 1134 940 1147 
4329 147 1004 146 1145 
4330 643 826 739 1042 
4331 631 530 524 1077 
4332 674 675 974 1259 
4333 785 964 1112 1264 
4334 567 592 1142 1220 
4335 966 1049 903 1182 
4336 197 224 198 1216 
4337 794 688 687 1270 
4338 979 1045 876 1200 
4339 864 1223 976 1245 
4340 667 666 652 994 
4341 918 1085 963 1198 
4342 933 867 1031 1067 
4343 590 978 542 1170 
4344 871 954 990 1223 
4345 485 547 546 1003 
4346 974 987 914 1258 
4347 927 1135 1008 1203 
4348 527 528 529 1017 
4349 884 1100 1120 1135 
4350 497 543 544 1117 
4351 963 1068 912 1268 
4352 980 1000 905 1152 
4353 905 1153 1133 1254 
4354 566 1044 986 1186 
4355 459 970 458 1191 
4356 513 624 995 1197 
4357 253 288 578 1148 
4358 417 1107 991 1174 
4359 526 1006 597 1194 
4360 860 1087 941 1263 
4361 502 1006 585 1131 
4362 940 1064 621 1125 
4363 692 702 988 1184 
4364 551 1225 1011 1244 
4365 555 990 610 1064 
4366 863 1137 979 1267 
4367 979 1137 909 1267 
4368 600 495 588 1253 
4369 255 943 254 1231 
4370 684 686 961 1205 
4371 341 448 399 1103 
4372 868 1011 1166 1195 
4373 474 996 476 1131 
4374 206 937 219 1162 
4375 681 1160 765 1258 
4376 842 751 1152 1254 
4377 913 1065 1183 1213 
4378 926 1151 874 1169 
4379 724 1069 832 1261 
4380 894 950 1027 1262 
4381 416 364 415 1185 
4382 393 411 413 1248 
4383 1019 1205 941 1232 
4384 737 738 1079 1175 
4385 678 953 677 1165 
4386 611 641 1010 1088 
4387 630 399 448 1103 
4388 284 1034 282 1168 
4389 814 655 736 920 
4390 806 759 1081 1116 
4391 582 239 587 1124 
4392 236 438 627 1212 
4393 854 973 1068 1198 
4394 177 158 149 1260 
4395 553 552 554 1244 
4396 43 214 441 189 
4397 43 214 455 441 
4398 681 765 678 1258 
4399 628 992 443 1089 
4400 623 517 573 1182 
4401 139 948 446 1206 
4402 502 1006 1131 1194 
4403 970 985 875 1191 
4404 400 337 783 1226 
4405 566 568 986 1044 
4406 276 272 285 1152 
4407 503 593 528 1017 
4408 775 814 726 1016 
4409 952 878 1073 1149 
4410 679 716 803 1232 
4411 491 1154 504 1194 
4412 656 251 789 1062 
4413 964 1104 1051 1271 
4414 478 477 476 996 
4415 447 342 391 1010 
4416 535 449 1038 1143 
4417 319 313 1197 1233 
4418 659 788 960 1162 
4419 538 1026 622 1207 
4420 590 542 584 1170 
4421 387 344 827 989 
4422 899 1040 965 1180 
4423 356 431 1076 1251 
4424 576 451 632 949 
4425 161 1101 939 1147 
4426 457 1043 456 1176 
4427 865 1126 1012 1219 
4428 154 173 1060 1091 
4429 874 1151 949 1169 
4430 879 1057 1113 1233 
4431 991 1107 417 1249 
4432 894 1161 950 1262 
4433 800 960 788 1162 
4434 931 1047 923 1093 
4435 624 581 1115 1197 
4436 918 1064 990 1244 
4437 440 622 1164 1207 
4438 724 769 1069 1261 
4439 883 1098 1072 1156 
4440 223 209 994 1122 
4441 874 1096 1089 1151 
4442 943 302 1113 1231 
4443 290 438 236 1212 
4444 968 983 829 1209 
4445 873 983 968 1209 
4446 959 1113 314 1233 
4447 248 841 286 1153 
4448 270 303 246 1171 
4449 216 201 222 1014 
4450 887 1039 994 1122 
4451 710 734 804 945 
4452 621 1064 940 1148 
4453 487 488 486 1068 
4454 742 780 848 1201 
4455 219 937 231 1215 
4456 806 757 759 1116 
4457 558 608 1060 1163 
4458 303 1059 968 1155 
4459 260 262 1062 1090 
4460 460 458 459 970 
4461 700 1008 796 1138 
4462 885 1114 967 1167 
4463 545 505 537 1167 
4464 625 1044 1107 1174 
4465 483 484 485 1268 
4466 577 42 441 194 
4467 42 441 194 189 
4468 652 56 209 665 
4469 700 811 796 1008 
4470 684 961 1102 1205 
4471 926 1133 905 1153 
4472 959 1011 868 1195 
4473 970 1177 997 1243 
4474 462 997 463 1243 
4475 766 803 732 1232 
4476 955 1076 877 1118 
4477 721 722 701 1073 
4478 172 156 1091 1224 
4479 271 303 968 1155 
4480 119 664 358 776 
4481 872 1104 956 1135 
4482 1025 1077 370 1241 
4483 355 354 334 955 
4484 703 675 676 974 
4485 941 1128 766 1205 
4486 1067 1109 936 1255 
4487 936 1195 547 1247 
4488 487 586 560 972 
4489 609 140 450 1125 
4490 697 1196 699 1227 
4491 1001 1060 871 1091 
4492 871 1091 954 1223 
4493 214 455 1043 1123 
4494 310 1188 938 1235 
4495 929 1037 951 1154 
4496 557 973 575 1163 
4497 204 947 216 1083 
4498 575 973 512 1163 
4499 813 736 655 1033 
4500 294 443 614 992 
4501 483 485 1003 1268 
4502 795 692 702 988 
4503 784 758 835 1045 
4504 909 981 947 1267 
4505 313 1032 315 1197 
4506 219 206 231 937 
4507 934 1014 947 1204 
4508 676 703 974 1258 
4509 1051 1144 907 1271 
4510 737 1175 1079 1231 
4511 150 948 139 1206 
4512 1047 1159 931 1246 
4513 972 1142 592 1178 
4514 696 700 796 1138 
4515 758 979 756 1200 
4516 459 970 1191 1243 
4517 587 642 1124 1164 
4518 690 785 1112 1264 
4519 896 956 1178 1220 
4520 358 334 119 776 
4521 333 937 307 1215 
4522 941 915 1232 1263 
4523 412 356 431 1076 
4524 860 1110 1087 1263 
4525 943 879 1175 1231 
4526 333 284 307 937 
4527 487 972 560 1230 
4528 521 607 442 1060 
4529 321 323 1207 1234 
4530 865 1048 993 1150 
4531 372 1058 373 1241 
4532 459 460 970 1243 
4533 871 1060 954 1091 
4534 489 552 570 1198 
4535 925 1116 982 1214 
4536 170 844 818 1145 
4537 545 466 468 971 
4538 948 1095 150 1260 
4539 837 649 270 1171 
4540 879 943 1113 1231 
4541 1032 1115 315 1197 
4542 1011 1047 923 1225 
4543 1080 1094 203 1181 
4544 861 1067 1007 1109 
4545 476 996 1082 1253 
4546 896 999 1132 1187 
4547 418 392 338 1077 
4548 952 991 866 1252 
4549 976 932 1140 1228 
4550 884 927 1100 1135 
4551 156 954 1091 1224 
4552 894 1170 1161 1243 
4553 971 882 1018 1048 
4554 477 476 996 1131 
4555 595 1176 970 1177 
4556 908 1038 944 1176 
4557 431 409 352 1029 
4558 641 571 611 1010 
4559 692 988 694 1100 
4560 878 1104 1073 1203 
4561 865 930 1126 1219 
4562 691 688 1009 1184 
4563 545 468 471 971 
4564 618 580 1197 1212 
4565 265 298 264 1079 
4566 691 933 1184 1270 
4567 596 1117 944 1177 
4568 805 706 757 1116 
4569 891 1012 1126 1219 
4570 527 509 503 1161 
4571 1197 1212 319 1233 
4572 221 960 1122 1210 
4573 988 1120 907 1239 
4574 991 1174 922 1185 
4575 962 973 871 1163 
4576 493 543 465 1048 
4577 219 185 242 1215 
4578 876 1045 979 1137 
4579 979 1045 909 1137 
4580 940 1134 309 1147 
4581 170 147 146 1145 
4582 1070 1169 891 1219 
4583 873 1121 1110 1263 
4584 488 1068 575 1198 
4585 947 1204 863 1267 
4586 1009 1037 933 1239 
4587 727 846 932 1140 
4588 564 511 563 1088 
4589 711 720 735 1035 
4590 1002 889 1192 1242 
4591 589 472 470 1015 
4592 687 707 711 1128 
4593 690 785 689 1112 
4594 979 1030 756 1200 
4595 447 391 571 1010 
4596 690 1009 688 1184 
4597 660 786 159 1172 
4598 232 208 225 1052 
4599 747 800 662 1075 
4600 363 360 403 1050 
4601 567 492 986 1142 
4602 586 1074 482 1142 
4603 698 1138 998 1228 
4604 780 1040 965 1201 
4605 374 421 376 1097 
4606 230 947 216 1181 
4607 621 1125 612 1134 
4608 907 1184 988 1239 
4609 970 1176 458 1191 
4610 941 1019 902 1205 
4611 617 574 517 1136 
4612 983 1035 860 1208 
4613 1079 1175 879 1231 
4614 663 819 845 1141 
4615 292 239 582 1124 
4616 691 1184 933 1266 
4617 723 1069 722 1073 
4618 209 224 223 994 
4619 285 791 793 1105 
4620 259 256 257 1047 
4621 533 508 1038 1176 
4622 374 375 1058 1097 
4623 458 970 595 1176 
4624 739 741 1042 1111 
4625 877 942 1040 1132 
4626 950 1156 1027 1262 
4627 275 321 273 1046 
4628 654 767 210 1041 
4629 863 1005 985 1204 
4630 867 1031 958 1055 
4631 626 591 1157 1178 
4632 438 548 1195 1212 
4633 801 1165 677 1259 
4634 517 500 518 1072 
4635 956 1104 986 1252 
4636 861 1120 988 1239 
4637 753 768 769 1261 
4638 881 1015 946 1202 
4639 144 612 450 1125 
4640 667 668 1214 1265 
4641 665 56 209 187 
4642 57 665 654 187 
4643 604 630 529 1103 
4644 857 1005 982 1218 
4645 859 942 1203 1269 
4646 738 718 763 1031 
4647 545 971 471 1167 
4648 174 786 651 1172 
4649 909 1083 981 1141 
4650 463 462 464 997 
4651 466 545 493 1048 
4652 429 819 386 1141 
4653 303 304 300 1059 
4654 932 899 1180 1228 
4655 647 943 833 1231 
4656 933 1184 1009 1239 
4657 468 971 466 1217 
4658 887 1039 1122 1210 
4659 927 1073 1104 1203 
4660 938 1215 310 1235 
4661 568 569 567 1220 
4662 311 239 1124 1164 
4663 690 1184 693 1264 
4664 197 195 199 1039 
4665 826 721 739 1111 
4666 400 365 337 1226 
4667 535 613 536 1235 
4668 586 592 972 1142 
4669 862 1098 987 1156 
4670 534 632 1038 1257 
4671 153 1001 152 1260 
4672 283 284 333 1034 
4673 477 478 491 1154 
4674 1008 1135 859 1203 
4675 592 560 586 972 
4676 877 1040 965 1053 
4677 849 1071 965 1180 
4678 179 163 1101 1224 
4679 878 1042 942 1111 
4680 208 1215 938 1235 
4681 54 659 787 186 
4682 477 474 476 1131 
4683 659 54 205 186 
4684 650 784 835 1045 
4685 956 1135 1104 1203 
4686 442 607 165 1060 
4687 245 266 265 958 
4688 656 83 297 243 
4689 717 1031 1266 1270 
4690 777 778 955 1201 
4691 685 961 686 1205 
4692 379 1084 1078 1211 
4693 1190 1214 668 1265 
4694 193 1162 219 1240 
4695 761 827 762 989 
4696 875 1191 985 1204 
4697 876 1137 1027 1262 
4698 481 479 969 1189 
4699 498 510 494 1127 
4700 176 139 446 1206 
4701 790 656 840 1159 
4702 983 1232 915 1263 
4703 165 140 609 1060 
4704 595 970 460 1177 
4705 443 992 241 1089 
4706 998 1138 899 1228 
4707 832 1069 723 1226 
4708 150 1095 948 1206 
4709 778 776 777 955 
4710 390 650 133 345 
4711 860 1110 983 1208 
4712 299 314 1113 1233 
4713 402 1061 354 1229 
4714 204 216 947 1181 
4715 860 983 1110 1263 
4716 147 177 149 1095 
4717 888 1114 1006 1213 
4718 1092 1157 415 1250 
4719 478 583 1154 1189 
4720 247 271 270 1105 
4721 608 521 442 1060 
4722 148 1004 147 1095 
4723 819 429 845 1141 
4724 141 818 660 1145 
4725 324 241 992 1089 
4726 879 1007 1031 1067 
4727 960 1075 937 1162 
4728 1025 1066 889 1192 
4729 555 554 557 990 
4730 314 1212 959 1233 
4731 640 1148 633 1244 
4732 320 235 1148 1225 
4733 134 784 390 346 
4734 678 677 953 1259 
4735 373 989 387 1221 
4736 414 415 1092 1157 
4737 502 597 585 1006 
4738 1001 1091 871 1173 
4739 375 387 373 989 
4740 724 769 722 1069 
4741 991 1044 922 1174 
4742 767 1041 809 1083 
4743 801 1012 715 1165 
4744 882 1028 978 1217 
4745 833 774 1054 1159 
4746 992 1089 874 1096 
4747 257 317 259 1047 
4748 307 937 284 1240 
4749 340 1021 423 1136 
4750 645 387 827 989 
4751 300 1059 304 1183 
4752 995 1032 910 1197 
4753 493 539 543 993 
4754 566 601 1044 1186 
4755 746 977 807 1265 
4756 898 1102 984 1261 
4757 417 366 416 991 
4758 691 688 794 1270 
4759 506 504 491 1154 
4760 515 1049 623 1199 
4761 697 798 1196 1227 
4762 610 990 558 1125 
4763 551 633 1225 1244 
4764 914 945 1024 1160 
4765 248 278 276 1152 
4766 669 670 982 1214 
4767 838 388 401 1108 
4768 1110 1121 885 1263 
4769 462 463 460 1243 
4770 503 528 527 1017 
4771 757 706 756 1030 
4772 758 757 756 979 
4773 461 593 503 1161 
4774 889 1002 1193 1242 
4775 672 705 801 1063 
4776 461 496 462 1243 
4777 202 350 49 405 
4778 1009 1184 907 1239 
4779 209 652 994 1122 
4780 731 1175 1007 1266 
4781 268 1032 267 1183 
4782 595 458 460 970 
4783 905 1000 1139 1234 
4784 420 1058 372 1241 
4785 707 732 720 1035 
4786 916 1108 1025 1249 
4787 324 992 323 1234 
4788 513 581 624 1197 
4789 940 1090 939 1147 
4790 874 993 1139 1219 
4791 220 203 1080 1094 
4792 553 1064 556 1244 
4793 339 111 397 573 
4794 942 1042 878 1269 
4795 866 1104 1073 1252 
4796 691 717 1266 1270 
4797 880 1076 1010 1251 
4798 297 260 251 1062 
4799 437 1021 340 1136 
4800 355 1004 432 1251 
4801 672 670 671 1063 
4802 220 453 559 1094 
4803 1040 1053 877 1132 
4804 794 687 711 1270 
4805 952 878 1149 1185 
4806 953 1165 911 1259 
4807 456 458 1176 1191 
4808 973 990 871 1163 
4809 1100 1184 907 1264 
4810 752 724 832 1261 
4811 357 1076 975 1229 
4812 957 1071 932 1173 
4813 461 985 1161 1243 
4814 497 1117 596 1177 
4815 727 1140 932 1228 
4816 920 1091 954 1224 
4817 994 1039 887 1218 
4818 192 194 577 1143 
4819 242 219 37 185 
4820 962 1001 871 1173 
4821 876 979 1027 1137 
4822 863 1027 979 1137 
4823 957 1173 1001 1260 
4824 710 728 733 1222 
4825 373 374 375 1058 
4826 879 1113 1079 1231 
4827 188 220 559 1094 
4828 947 1081 1041 1083 
4829 485 570 547 1268 
4830 598 475 589 1082 
4831 998 1196 928 1227 
4832 501 560 999 1230 
4833 159 141 660 1172 
4834 259 320 261 1090 
4835 157 957 158 1172 
4836 271 272 273 1155 
4837 271 1105 272 1155 
4838 190 216 1041 1083 
4839 980 1152 905 1254 
4840 251 262 263 1062 
4841 772 1016 726 1179 
4842 923 1148 1064 1244 
4843 853 962 1036 1173 
4844 215 233 1094 1181 
4845 730 793 791 1105 
4846 1059 1124 913 1213 
4847 572 626 434 1187 
4848 312 292 238 1124 
4849 268 315 1032 1183 
4850 335 402 403 1061 
4851 155 138 172 1033 
4852 777 779 778 1201 
4853 878 1104 956 1252 
4854 307 219 242 1215 
4855 323 324 294 992 
4856 439 238 70 292 
4857 385 433 408 981 
4858 345 381 1045 1084 
4859 956 1104 878 1203 
4860 869 960 1052 1238 
4861 927 1073 964 1104 
4862 1195 1212 548 1247 
4863 253 331 288 1148 
4864 303 274 1059 1155 
4865 704 1140 727 1228 
4866 383 1119 1045 1211 
4867 568 1044 625 1174 
4868 927 1111 1073 1203 
4869 1073 1111 878 1203 
4870 87 245 264 824 
4871 760 703 765 1258 
4872 252 287 97 836 
4873 722 964 785 1264 
4874 345 650 389 1084 
4875 967 1131 881 1237 
4876 193 206 219 1162 
4877 741 740 742 942 
4878 349 407 142 1004 
4879 730 825 716 1209 
4880 294 74 240 614 
4881 1038 1052 938 1143 
4882 730 1105 791 1209 
4883 332 262 261 1090 
4884 400 783 782 1226 
4885 896 1132 975 1187 
4886 877 955 1118 1201 
4887 125 400 337 783 
4888 214 1043 196 1123 
4889 770 817 700 1180 
4890 704 725 727 1140 
4891 823 738 1079 1231 
4892 913 1065 1006 1194 
4893 891 1070 977 1169 
4894 631 524 436 1077 
4895 304 274 311 1059 
4896 553 555 556 1064 
4897 822 389 344 131 
4898 628 576 603 1089 
4899 453 46 220 559 
4900 459 593 461 985 
4901 163 184 1101 1224 
4902 661 167 815 1022 
4903 877 1053 965 1118 
4904 366 991 417 1249 
4905 188 220 46 559 
4906 174 159 786 1172 
4907 559 45 188 445 
4908 751 1133 749 1153 
4909 282 281 280 1151 
4910 678 953 1258 1259 
4911 910 1212 1197 1233 
4912 476 478 996 1189 
4913 982 1005 925 1218 
4914 165 152 154 1060 
4915 466 1217 1048 1256 
4916 730 842 793 1152 
4917 853 965 1053 1118 
4918 906 1023 961 1128 
4919 628 541 443 992 
4920 496 509 584 1170 
4921 752 984 728 1261 
4922 217 204 212 1083 
4923 776 334 120 653 
4924 194 577 41 192 
4925 998 1179 904 1196 
4926 254 243 84 647 
4927 396 420 419 1182 
4928 339 421 420 1182 
4929 319 269 313 1233 
4930 334 353 120 653 
4931 646 248 1152 1153 
4932 725 814 1140 1179 
4933 500 515 499 1049 
4934 282 280 249 1168 
4935 353 354 402 1061 
4936 875 1099 1039 1218 
4937 723 721 826 1073 
4938 298 244 1079 1231 
4939 768 684 686 1102 
4940 618 580 513 1197 
4941 887 1122 960 1210 
4942 976 904 1179 1245 
4943 668 982 670 1214 
4944 379 381 1084 1211 
4945 679 678 677 1165 
4946 553 555 1064 1244 
4947 896 1157 1092 1220 
4948 910 1233 1057 1255 
4949 874 1089 949 1151 
4950 510 606 521 962 
4951 298 302 244 1231 
4952 302 255 254 1231 
4953 213 188 45 445 
4954 440 538 622 1207 
4955 767 190 1041 1083 
4956 434 394 103 393 
4957 685 1128 961 1205 
4958 692 694 693 1100 
4959 459 985 461 1243 
4960 1009 1184 933 1270 
4961 881 1131 996 1237 
4962 317 316 289 1225 
4963 407 432 355 1004 
4964 898 964 1051 1112 
4965 851 812 821 1071 
4966 1110 1114 888 1213 
4967 501 560 561 999 
4968 459 593 985 1191 
4969 825 732 803 983 
4970 753 708 768 1102 
4971 933 1007 1067 1266 
4972 798 1054 712 1196 
4973 992 993 893 1139 
4974 256 257 1047 1246 
4975 234 306 168 1147 
4976 848 653 1061 1201 
4977 933 1067 1031 1266 
4978 404 413 975 1229 
4979 670 982 668 1190 
4980 220 233 203 1094 
4981 479 969 1189 1253 
4982 568 567 566 986 
4983 905 1139 1096 1234 
4984 447 342 1010 1248 
4985 534 508 596 1257 
4986 622 1026 519 1114 
4987 602 453 1080 1094 
4988 1070 1099 887 1238 
4989 900 1059 1183 1213 
4990 947 1081 909 1267 
4991 504 506 513 995 
4992 830 989 761 1106 
4993 908 944 1099 1176 
4994 179 954 156 1224 
4995 660 32 159 786 
4996 582 439 70 292 
4997 1031 1067 1007 1266 
4998 533 1038 449 1143 
4999 737 1079 738 1231 
5000 842 980 729 1254 
5001 889 1107 991 1249 
5002 196 1123 1043 1216 
5003 759 757 758 979 
5004 146 142 407 1004 
5005 241 75 294 443 
5006 694 1100 988 1227 
5007 859 1056 972 1135 
5008 646 842 751 1152 
5009 646 841 248 1153 
5010 385 981 408 1141 
5011 833 774 802 1054 
5012 620 427 639 1029 
5013 90 837 270 246 
5014 797 763 717 1031 
5015 942 1050 1042 1269 
5016 386 408 429 1141 
5017 650 389 132 345 
5018 207 305 185 1215 
5019 471 1167 1015 1237 
5020 223 1039 197 1210 
5021 838 644 388 1108 
5022 11 160 308 143 
5023 896 1092 1050 1269 
5024 381 1045 1084 1211 
5025 596 944 1117 1257 
5026 174 651 813 1033 
5027 308 332 234 1147 
5028 308 234 11 143 
5029 298 299 1113 1233 
5030 113 629 398 340 
5031 655 137 166 1022 
5032 907 1100 988 1184 
5033 394 414 411 1157 
5034 414 336 415 1157 
5035 336 415 1157 1250 
5036 255 302 258 1113 
5037 706 675 754 1030 
5038 677 1165 953 1259 
5039 659 800 788 1162 
5040 859 1132 942 1269 
5041 739 740 741 1111 
5042 582 587 642 1124 
5043 280 286 249 1153 
5044 885 1110 1026 1121 
5045 1026 1110 885 1114 
5046 939 1101 940 1147 
5047 191 350 49 202 
5048 153 155 154 1091 
5049 566 601 568 1044 
5050 439 526 624 1115 
5051 916 1066 984 1261 
5052 876 1030 979 1200 
5053 561 1178 626 1187 
5054 141 170 818 1145 
5055 233 203 1094 1181 
5056 956 1142 972 1178 
5057 350 50 408 191 
5058 245 266 958 1236 
5059 282 1034 281 1151 
5060 322 325 295 1089 
5061 975 1050 404 1229 
5062 878 1111 942 1269 
5063 160 161 167 1158 
5064 561 999 1178 1187 
5065 873 1110 983 1263 
5066 324 1096 992 1234 
5067 254 255 243 1246 
5068 438 548 550 1195 
5069 183 406 169 1029 
5070 167 137 815 1022 
5071 747 745 1075 1168 
5072 71 587 582 239 
5073 185 305 242 1215 
5074 357 975 413 1229 
5075 295 250 77 576 
5076 238 315 312 1115 
5077 396 338 109 631 
5078 359 403 360 1042 
5079 907 988 1100 1120 
5080 404 411 363 1050 
5081 59 663 212 1083 
5082 476 1082 588 1253 
5083 210 57 654 187 
5084 780 849 779 965 
5085 241 294 324 992 
5086 478 480 583 1189 
5087 476 475 588 1082 
5088 445 44 213 1123 
5089 658 810 839 1141 
5090 371 1025 370 1241 
5091 168 10 306 234 
5092 941 1232 983 1263 
5093 738 763 824 1079 
5094 712 798 802 1054 
5095 408 433 350 981 
5096 875 985 1005 1204 
5097 816 1062 828 1158 
5098 83 656 790 243 
5099 763 831 648 958 
5100 888 1124 1059 1213 
5101 183 427 406 1029 
5102 471 473 1167 1237 
5103 335 121 353 1061 
5104 463 997 464 1256 
5105 1065 1208 900 1213 
5106 507 519 505 1114 
5107 676 974 675 1259 
5108 359 123 834 348 
5109 565 948 606 1088 
5110 784 134 658 346 
5111 611 564 641 1088 
5112 879 1057 1233 1255 
5113 683 682 684 1205 
5114 684 685 686 1205 
5115 219 37 307 242 
5116 780 811 817 1040 
5117 158 957 153 1260 
5118 319 1212 314 1233 
5119 650 822 389 1084 
5120 968 873 1105 1155 
5121 981 1181 947 1267 
5122 886 1181 981 1267 
5123 725 726 814 1179 
5124 933 1266 1031 1270 
5125 623 515 517 1049 
5126 209 55 652 1122 
5127 168 143 234 1147 
5128 962 871 1036 1173 
5129 887 1214 1190 1265 
5130 784 650 133 390 
5131 459 1191 985 1243 
5132 151 153 152 1260 
5133 691 690 688 1184 
5134 690 692 693 1184 
5135 534 632 535 1038 
5136 401 128 838 343 
5137 874 992 1096 1139 
5138 977 1070 869 1169 
5139 985 1191 970 1243 
5140 821 1071 812 1172 
5141 292 71 582 239 
5142 315 313 267 1032 
5143 108 338 392 631 
5144 430 399 351 1103 
5145 767 663 59 1083 
5146 286 248 94 841 
5147 445 455 44 1123 
5148 127 838 388 401 
5149 614 74 240 619 
5150 744 838 750 1108 
5151 928 1109 1085 1129 
5152 633 1148 640 1225 
5153 420 374 372 1058 
5154 870 966 1058 1097 
5155 887 1039 1099 1218 
5156 773 816 775 1016 
5157 489 488 575 1198 
5158 873 968 1105 1209 
5159 764 729 715 1012 
5160 169 406 23 349 
5161 970 1099 944 1176 
5162 641 1010 634 1248 
5163 666 665 652 994 
5164 1006 1065 892 1194 
5165 167 184 137 1022 
5166 827 822 344 131 
5167 463 595 460 1177 
5168 780 965 779 1201 
5169 251 656 82 297 
5170 537 1026 538 1150 
5171 481 480 479 1189 
5172 185 36 242 305 
5173 281 325 322 1151 
5174 36 185 207 305 
5175 809 1081 810 1083 
5176 466 1048 493 1256 
5177 807 746 714 977 
5178 787 652 55 1122 
5179 714 807 977 1190 
5180 161 163 184 1101 
5181 371 369 370 1025 
5182 530 625 525 1107 
5183 525 524 530 1242 
5184 523 600 598 1002 
5185 436 522 623 1182 
5186 952 1069 916 1226 
5187 234 168 10 143 
5188 502 597 1006 1194 
5189 44 214 213 1123 
5190 454 578 621 1148 
5191 89 837 246 1171 
5192 207 305 1215 1235 
5193 267 268 315 1032 
5194 299 314 258 1113 
5195 88 301 245 648 
5196 1192 1199 1002 1242 
5197 388 644 126 1226 
5198 1046 1164 1026 1207 
5199 641 447 1010 1248 
5200 150 1095 149 1260 
5201 210 222 187 1041 
5202 208 207 1215 1235 
5203 401 369 371 1108 
5204 557 575 512 1163 
5205 471 1015 472 1237 
5206 601 625 1044 1193 
5207 866 986 1104 1252 
5208 305 310 1215 1235 
5209 1073 1104 878 1252 
5210 849 851 1071 1180 
5211 887 1210 960 1238 
5212 141 147 170 1145 
5213 346 386 658 1141 
5214 625 1107 435 1174 
5215 944 1117 930 1177 
5216 818 844 664 1145 
5217 729 1012 764 1254 
5218 956 1203 878 1269 
5219 217 408 50 191 
5220 882 1048 971 1217 
5221 353 121 653 1061 
5222 960 1122 887 1265 
5223 111 574 397 573 
5224 319 1197 237 1212 
5225 337 388 126 1226 
5226 518 590 584 1072 
5227 386 658 135 346 
5228 768 689 769 1112 
5229 965 1040 877 1201 
5230 699 697 798 1196 
5231 304 303 274 1059 
5232 368 370 369 1025 
5233 1087 1110 885 1263 
5234 804 734 760 1106 
5235 600 1002 523 1193 
5236 243 256 297 1246 
5237 459 594 593 1191 
5238 370 1077 419 1241 
5239 232 1052 211 1143 
5240 614 294 75 443 
5241 343 371 373 1221 
5242 567 492 566 986 
5243 678 1258 676 1259 
5244 827 344 387 130 
5245 957 1071 917 1172 
5246 235 320 317 1225 
5247 523 598 516 1002 
5248 565 948 1088 1206 
5249 165 609 442 1060 
5250 183 639 427 1029 
5251 44 455 214 1123 
5252 781 121 335 1061 
5253 662 252 97 836 
5254 87 245 824 648 
5255 870 1058 989 1097 
5256 1045 1119 909 1137 
5257 624 504 995 1194 
5258 432 1004 349 1251 
5259 970 1176 944 1177 
5260 797 711 1055 1270 
5261 907 1112 964 1264 
5262 176 150 139 1206 
5263 284 282 287 1168 
5264 523 1002 516 1199 
5265 427 620 352 1029 
5266 89 246 301 1171 
5267 186 55 209 1122 
5268 927 1104 964 1271 
5269 765 804 760 1160 
5270 179 163 164 1101 
5271 723 722 721 1073 
5272 220 1080 453 1094 
5273 878 952 1073 1252 
5274 557 558 990 1163 
5275 243 790 84 647 
5276 795 694 988 1227 
5277 885 967 1087 1167 
5278 197 1039 199 1210 
5279 368 1025 369 1249 
5280 884 1100 988 1120 
5281 132 822 389 650 
5282 828 789 81 263 
5283 456 457 441 1043 
5284 952 1185 991 1252 
5285 162 168 1134 1147 
5286 742 811 780 1040 
5287 200 198 1014 1216 
5288 912 1074 1003 1268 
5289 348 1042 360 1149 
5290 196 189 195 1043 
5291 590 467 542 978 
5292 763 1031 718 1266 
5293 137 171 166 1022 
5294 387 375 344 989 
5295 1026 1046 888 1164 
5296 309 1134 306 1147 
5297 456 441 455 1043 
5298 154 152 153 1001 
5299 908 1052 1038 1143 
5300 153 158 157 957 
5301 751 749 646 1153 
5302 863 1017 1262 1267 
5303 572 434 103 393 
5304 449 192 577 1143 
5305 247 791 92 285 
5306 183 452 639 1029 
5307 842 730 729 980 
5308 562 999 561 1187 
5309 214 189 196 1043 
5310 681 678 680 1019 
5311 318 273 1046 1155 
5312 249 286 95 841 
5313 345 381 390 1045 
5314 556 1064 621 1148 
5315 174 813 138 1033 
5316 415 362 1092 1185 
5317 465 493 1048 1256 
5318 683 1102 708 1222 
5319 141 32 159 660 
5320 801 715 677 1165 
5321 533 535 449 1038 
5322 1111 1203 942 1269 
5323 641 447 571 1010 
5324 186 787 55 1122 
5325 630 448 529 1103 
5326 903 1199 1192 1242 
5327 550 551 1011 1195 
5328 200 1123 196 1216 
5329 499 470 469 1130 
5330 260 261 262 1090 
5331 398 341 629 114 
5332 919 1192 1025 1241 
5333 798 697 795 1227 
5334 764 1133 719 1254 
5335 673 674 675 1146 
5336 763 717 1031 1266 
5337 318 1046 293 1164 
5338 556 640 633 1244 
5339 465 466 493 1256 
5340 789 656 82 251 
5341 436 396 109 631 
5342 400 125 782 783 
5343 893 1139 1000 1234 
5344 691 702 1184 1266 
5345 823 737 738 1231 
5346 1119 1137 1045 1211 
5347 265 267 269 1057 
5348 852 656 789 1062 
5349 982 668 1190 1214 
5350 263 789 81 251 
5351 663 1083 810 1141 
5352 838 388 644 127 
5353 641 634 447 1248 
5354 731 718 1175 1266 
5355 324 322 241 1089 
5356 889 1044 991 1107 
5357 338 396 419 1077 
5358 896 1050 975 1132 
5359 306 1134 168 1147 
5360 795 694 692 988 
5361 214 196 200 1123 
5362 1078 1084 876 1211 
5363 379 1078 380 1211 
5364 577 449 41 192 
5365 703 755 754 987 
5366 16 165 140 609 
5367 830 645 989 1221 
5368 627 289 65 236 
5369 293 1164 1046 1207 
5370 748 735 743 1171 
5371 192 449 40 218 
5372 693 1100 701 1264 
5373 921 1137 1119 1211 
5374 669 668 670 1214 
5375 206 205 221 1162 
5376 820 800 1162 1240 
5377 108 392 530 631 
5378 840 772 774 1159 
5379 154 156 173 1091 
5380 235 444 288 1148 
5381 1011 1225 923 1244 
5382 412 431 391 1010 
5383 816 661 815 1022 
5384 701 693 695 1100 
5385 887 1099 1039 1238 
5386 1039 1099 908 1238 
5387 298 1057 269 1233 
5388 404 1050 403 1229 
5389 887 1214 994 1218 
5390 1034 1075 926 1168 
5391 512 962 521 1163 
5392 764 715 801 1012 
5393 781 653 121 1061 
5394 889 1077 1025 1192 
5395 492 586 482 1142 
5396 370 418 419 1077 
5397 296 1188 310 1235 
5398 90 837 649 270 
5399 455 1123 594 1191 
5400 128 750 838 343 
5401 455 594 456 1191 
5402 611 1029 452 1206 
5403 893 1046 1026 1207 
5404 622 519 520 1114 
5405 576 250 77 451 
5406 818 33 141 660 
5407 293 1046 321 1207 
5408 264 244 86 1079 
5409 422 421 397 1136 
5410 422 340 423 1136 
5411 534 533 508 1038 
5412 601 525 625 1193 
5413 474 1131 585 1237 
5414 318 239 311 1164 
5415 698 998 704 1228 
5416 657 841 749 1153 
5417 892 1131 1006 1194 
5418 629 113 437 340 
5419 785 769 689 1112 
5420 551 1011 1166 1244 
5421 1034 1151 926 1169 
5422 381 383 1045 1211 
5423 364 365 361 1185 
5424 341 448 629 114 
5425 578 454 62 253 
5426 752 728 753 1261 
5427 877 1118 965 1201 
5428 218 449 40 536 
5429 550 549 551 1195 
5430 711 707 720 1035 
5431 191 204 981 1181 
5432 1039 1043 875 1216 
5433 471 472 473 1237 
5434 473 474 585 1237 
5435 872 1104 1135 1271 
5436 927 1135 1104 1271 
5437 913 1032 995 1115 
5438 682 681 680 1019 
5439 423 340 398 1021 
5440 318 321 293 1046 
5441 512 510 521 962 
5442 1005 1204 925 1218 
5443 742 848 781 1061 
5444 878 1185 952 1252 
5445 142 349 24 407 
5446 473 967 1167 1237 
5447 848 777 653 1201 
5448 275 1000 276 1234 
5449 841 95 249 657 
5450 819 658 386 1141 
5451 318 274 273 1155 
5452 468 467 1130 1217 
5453 819 658 135 386 
5454 708 683 684 1102 
5455 860 1208 1065 1213 
5456 722 785 701 1264 
5457 716 729 730 980 
5458 767 190 210 1041 
5459 783 723 782 1226 
5460 748 1171 301 1236 
5461 209 187 224 994 
5462 315 1115 291 1197 
5463 918 1093 1085 1245 
5464 200 198 201 1014 
5465 648 88 301 748 
5466 766 1128 685 1205 
5467 437 532 531 1021 
5468 469 468 467 1130 
5469 992 1139 893 1234 
5470 678 676 677 1259 
5471 404 357 413 1229 
5472 610 555 558 990 
5473 159 174 157 1172 
5474 148 147 149 1095 
5475 500 517 515 1049 
5476 903 1192 1077 1242 
5477 829 983 825 1209 
5478 261 260 259 1090 
5479 876 1045 1137 1211 
5480 349 432 407 1004 
5481 1104 1135 927 1203 
5482 991 1107 1044 1174 
5483 246 303 300 1171 
5484 444 1148 235 1225 
5485 610 621 1064 1125 
5486 670 672 673 1146 
5487 282 283 281 1034 
5488 1092 922 1220 1250 
5489 540 614 541 992 
5490 241 295 76 1089 
5491 292 311 239 1124 
5492 827 387 645 130 
5493 476 1189 996 1253 
5494 602 599 559 1094 
5495 772 726 709 1179 
5496 995 1115 1032 1197 
5497 484 482 586 1074 
5498 1045 876 1084 1211 
5499 737 718 738 1175 
5500 65 579 289 627 
5501 351 399 116 630 
5502 392 347 107 1107 
5503 387 989 645 1221 
5504 313 315 291 1197 
5505 270 791 91 247 
5506 865 1139 993 1219 
5507 551 579 1011 1225 
5508 878 1203 1111 1269 
5509 888 1110 1026 1114 
5510 361 348 360 1149 
5511 984 1066 898 1261 
5512 123 643 834 348 
5513 1092 1220 1157 1250 
5514 176 446 605 1206 
5515 159 31 174 786 
5516 902 1102 961 1205 
5517 240 321 323 1207 
5518 964 1264 927 1271 
5519 225 211 232 1052 
5520 812 651 786 1172 
5521 150 148 1095 1206 
5522 925 994 1214 1218 
5523 402 404 403 1229 
5524 347 1107 417 1174 
5525 821 786 660 1172 
5526 146 142 24 407 
5527 31 174 786 651 
5528 446 948 605 1206 
5529 400 361 365 1149 
5530 539 541 543 993 
5531 605 948 565 1206 
5532 162 1101 161 1147 
5533 950 1161 894 1170 
5534 1015 1167 967 1237 
5535 457 456 458 1176 
5536 877 975 1076 1229 
5537 547 1195 548 1247 
5538 342 412 391 1010 
5539 907 1120 1100 1271 
5540 288 578 62 253 
5541 886 1094 1080 1181 
5542 988 1100 884 1227 
5543 1049 1086 903 1199 
5544 959 1195 936 1247 
5545 655 814 775 1022 
5546 910 1212 959 1247 
5547 501 561 562 999 
5548 159 157 158 1172 
5549 860 1110 1208 1213 
5550 959 1247 936 1255 
5551 910 1247 959 1255 
5552 183 145 452 1029 
5553 248 646 94 841 
5554 922 991 1185 1252 
5555 392 418 417 1107 
5556 1006 1065 913 1213 
5557 860 1065 1006 1213 
5558 398 424 423 1021 
5559 712 802 774 1054 
5560 268 304 312 1183 
5561 767 58 654 210 
5562 1085 1093 904 1245 
5563 578 288 444 1148 
5564 959 1212 1195 1247 
5565 248 286 278 1153 
5566 101 447 342 391 
5567 405 226 202 1080 
5568 591 1157 1178 1220 
5569 221 1122 223 1210 
5570 674 676 675 1259 
5571 711 735 797 1055 
5572 281 279 280 1151 
5573 831 797 735 1055 
5574 302 298 299 1113 
5575 732 825 829 983 
5576 382 1119 383 1211 
5577 244 823 86 1079 
5578 663 810 819 1141 
5579 896 1178 1157 1220 
5580 816 789 828 1062 
5581 151 150 149 1260 
5582 275 323 321 1234 
5583 468 1130 971 1217 
5584 416 347 417 1174 
5585 745 746 747 1075 
5586 174 138 157 1033 
5587 204 230 216 1181 
5588 351 637 428 1080 
5589 969 1186 897 1253 
5590 565 1088 611 1206 
5591 592 561 560 1178 
5592 345 379 381 1084 
5593 618 548 1212 1247 
5594 772 773 726 1016 
5595 502 526 597 1194 
5596 67 290 237 1212 
5597 671 670 668 1190 
5598 1059 900 1208 1213 
5599 624 526 504 1194 
5600 375 376 377 1097 
5601 191 203 204 1181 
5602 453 604 602 1080 
5603 751 764 719 1254 
5604 415 395 1174 1250 
5605 141 170 33 818 
5606 562 561 626 1187 
5607 620 571 100 352 
5608 148 145 1029 1206 
5609 264 86 824 1079 
5610 501 498 490 1230 
5611 260 262 251 1062 
5612 235 444 63 288 
5613 1026 1121 893 1150 
5614 126 644 783 1226 
5615 751 719 1133 1254 
5616 157 138 155 1033 
5617 913 1183 1059 1213 
5618 603 544 628 1117 
5619 849 771 851 1180 
5620 875 1123 1043 1191 
5621 284 283 282 1034 
5622 875 1043 1123 1216 
5623 643 1042 348 1149 
5624 597 520 507 1114 
5625 771 1071 851 1180 
5626 761 830 645 989 
5627 285 272 247 1105 
5628 568 625 435 1174 
5629 552 489 554 1198 
5630 237 1197 580 1212 
5631 276 275 272 1000 
5632 502 585 477 1131 
5633 23 169 349 142 
5634 415 395 416 1174 
5635 576 76 295 1089 
5636 791 793 92 285 
5637 374 376 375 1097 
5638 877 1132 975 1229 
5639 372 419 420 1241 
5640 887 1039 1210 1238 
5641 654 809 767 1041 
5642 797 794 711 1270 
5643 481 495 566 1186 
5644 609 450 558 1125 
5645 908 1210 1039 1238 
5646 159 177 141 1172 
5647 483 485 546 1003 
5648 977 1190 807 1265 
5649 632 451 535 1188 
5650 412 1010 342 1248 
5651 557 608 558 1163 
5652 878 1092 1185 1252 
5653 549 570 552 1166 
5654 188 215 233 1094 
5655 1048 1217 882 1256 
5656 107 530 392 1107 
5657 138 813 29 166 
5658 452 1029 145 1206 
5659 815 137 655 1022 
5660 698 699 704 998 
5661 1026 885 1121 1150 
5662 223 197 199 1210 
5663 368 366 417 1249 
5664 771 846 812 1071 
5665 1045 1084 876 1200 
5666 415 364 362 1185 
5667 894 1161 985 1243 
5668 405 410 351 1080 
5669 363 414 362 1092 
5670 1025 1192 1077 1241 
5671 428 226 405 1080 
5672 551 1166 552 1244 
5673 846 736 1033 1140 
5674 537 538 539 1150 
5675 922 1185 1092 1252 
5676 704 709 725 1179 
5677 241 76 443 1089 
5678 737 647 833 1231 
5679 1052 1210 908 1238 
5680 444 578 63 288 
5681 537 519 538 1026 
5682 447 101 571 391 
5683 667 668 666 1214 
5684 763 718 717 1266 
5685 544 596 497 1117 
5686 446 606 565 948 
5687 116 604 351 630 
5688 203 202 220 1080 
5689 107 347 435 1107 
5690 277 1096 324 1234 
5691 337 365 367 1226 
5692 911 1146 974 1259 
5693 246 1171 300 1236 
5694 266 268 1183 1236 
5695 982 1214 887 1218 
5696 523 1193 1002 1242 
5697 246 301 1171 1236 
5698 246 300 301 1236 
5699 992 1096 1139 1234 
5700 644 744 752 1108 
5701 226 637 453 1080 
5702 352 571 100 391 
5703 162 168 144 1134 
5704 140 165 173 1060 
5705 620 639 452 1029 
5706 215 230 233 1181 
5707 300 1183 268 1236 
5708 369 401 388 1108 
5709 372 374 373 1058 
5710 91 649 791 270 
5711 142 147 148 1004 
5712 217 191 204 981 
5713 887 982 1190 1214 
5714 337 126 783 1226 
5715 975 1132 1050 1229 
5716 959 1212 910 1233 
5717 444 640 1148 1225 
5718 676 1258 974 1259 
5719 820 662 800 1240 
5720 609 16 165 442 
5721 1002 1199 523 1242 
5722 503 509 496 1161 
5723 960 1210 1052 1238 
5724 472 471 470 1015 
5725 875 1204 1005 1218 
5726 298 265 269 1057 
5727 963 1166 918 1198 
5728 220 226 453 1080 
5729 158 177 159 1172 
5730 219 231 185 1215 
5731 508 458 595 1176 
5732 863 1262 1137 1267 
5733 621 612 454 1134 
5734 604 637 351 1080 
5735 761 755 760 1106 
5736 959 1233 910 1255 
5737 352 409 406 1029 
5738 750 830 733 1221 
5739 266 300 268 1236 
5740 669 805 806 1116 
5741 221 186 223 1122 
5742 696 694 697 1227 
5743 879 1233 1113 1255 
5744 799 1084 650 1200 
5745 756 1030 754 1200 
5746 553 551 552 1244 
5747 222 210 216 1041 
5748 263 262 308 1158 
5749 319 290 314 1212 
5750 746 807 788 1265 
5751 59 212 190 1083 
5752 824 86 823 1079 
5753 714 671 807 1190 
5754 896 1178 999 1187 
5755 388 337 367 1226 
5756 300 304 268 1183 
5757 558 442 609 1060 
5758 511 565 606 1088 
5759 650 799 822 1084 
5760 513 514 618 1247 
5761 291 68 237 1197 
5762 672 671 705 1063 
5763 333 307 242 1215 
5764 275 276 277 1234 
5765 124 643 348 1149 
5766 833 802 737 1175 
5767 927 1264 1100 1271 
5768 357 354 1076 1229 
5769 277 278 279 1096 
5770 67 237 580 1212 
5771 872 1135 1120 1271 
5772 362 364 361 1185 
5773 292 312 311 1124 
5774 148 145 169 1029 
5775 452 145 20 1206 
5776 322 279 281 1151 
5777 190 767 59 1083 
5778 832 724 723 1069 
5779 582 635 439 1124 
5780 749 719 745 1133 
5781 497 596 595 1177 
5782 698 704 770 1228 
5783 326 229 219 1240 
5784 602 559 453 1094 
5785 442 558 608 1060 
5786 591 1178 592 1220 
5787 336 394 104 1157 
5788 522 515 623 1199 
5789 816 773 852 1062 
5790 724 722 723 1069 
5791 347 395 106 1174 
5792 773 775 726 1016 
5793 479 1189 476 1253 
5794 685 766 707 1128 
5795 579 550 551 1011 
5796 409 432 349 1251 
5797 614 443 541 992 
5798 601 1186 600 1193 
5799 518 500 590 1072 
5800 307 284 252 1240 
5801 554 489 575 1198 
5802 643 739 741 1042 
5803 887 1190 977 1265 
5804 291 581 68 1197 
5805 510 511 606 1127 
5806 400 124 348 1149 
5807 298 269 299 1233 
5808 850 660 818 1145 
5809 379 380 381 1211 
5810 20 145 176 1206 
5811 461 503 496 1161 
5812 835 758 756 1200 
5813 717 691 794 1270 
5814 493 537 539 1150 
5815 792 730 791 1209 
5816 484 483 482 1074 
5817 576 443 76 1089 
5818 293 72 239 1164 
5819 508 533 457 1176 
5820 626 591 434 1157 
5821 296 613 1188 1235 
5822 767 809 810 1083 
5823 107 435 530 1107 
5824 555 610 556 1064 
5825 598 588 475 1082 
5826 199 225 221 1210 
5827 452 611 620 1029 
5828 809 654 808 1041 
5829 786 821 812 1172 
5830 378 380 379 1078 
5831 490 487 560 1230 
5832 787 667 1122 1265 
5833 184 171 137 1022 
5834 359 360 348 1042 
5835 414 415 362 1092 
5836 668 807 1190 1265 
5837 190 216 210 1041 
5838 73 293 240 1207 
5839 390 381 383 1045 
5840 669 808 666 1214 
5841 587 239 72 1164 
5842 863 1027 1137 1262 
5843 286 280 278 1153 
5844 827 761 645 989 
5845 668 667 807 1265 
5846 17 165 607 178 
5847 556 610 621 1064 
5848 208 218 207 1235 
5849 629 437 531 1021 
5850 319 313 237 1197 
5851 438 618 548 1212 
5852 454 636 327 1134 
5853 907 1264 964 1271 
5854 171 1022 184 1224 
5855 459 458 456 1191 
5856 440 72 293 1164 
5857 219 307 326 1240 
5858 513 624 504 995 
5859 600 601 495 1186 
5860 563 511 498 1127 
5861 106 395 616 1174 
5862 413 412 342 1248 
5863 112 437 340 1136 
5864 296 613 78 1188 
5865 640 556 621 1148 
5866 293 440 1164 1207 
5867 519 622 538 1026 
5868 182 328 160 1158 
5869 325 330 250 1188 
5870 770 771 1180 1228 
5871 435 347 106 1174 
5872 381 382 383 1211 
5873 440 293 73 1207 
5874 327 253 454 1134 
5875 306 309 253 1134 
5876 347 435 1107 1174 
5877 328 308 160 1158 
5878 601 1044 1186 1193 
5879 679 715 716 1165 
5880 150 148 149 1095 
5881 809 759 810 1081 
5882 271 274 303 1155 
5883 245 301 266 1236 
5884 112 340 397 1136 
5885 1077 1192 889 1242 
5886 925 1214 982 1218 
5887 250 296 78 1188 
5888 27 137 815 167 
5889 681 683 804 1160 
5890 605 446 565 948 
5891 820 1162 193 1240 
5892 336 104 615 1157 
5893 1113 1233 959 1255 
5894 907 1100 1264 1271 
5895 813 651 846 1033 
5896 787 788 667 1265 
5897 69 291 238 1115 
5898 371 370 372 1241 
5899 137 166 28 655 
5900 242 305 310 1215 
5901 434 104 394 1157 
5902 580 237 68 1197 
5903 440 587 72 1164 
5904 166 813 29 655 
5905 787 667 652 1122 
5906 551 633 579 1225 
5907 795 697 694 1227 
5908 492 567 592 1142 
5909 594 455 445 1123 
5910 451 78 613 1188 
5911 909 1137 1119 1267 
5912 250 78 451 1188 
5913 93 248 285 1152 
5914 234 309 306 1147 
5915 146 147 142 1004 
5916 832 723 783 1226 
5917 820 53 193 1162 
5918 404 363 403 1050 
5919 299 319 314 1233 
5920 699 712 709 1196 
5921 181 168 306 1134 
5922 352 406 427 1029 
5923 53 659 205 1162 
5924 341 399 425 1103 
5925 692 691 702 1184 
5926 596 1117 603 1257 
5927 296 330 310 1188 
5928 835 799 650 1200 
5929 476 479 478 1189 
5930 558 555 557 990 
5931 351 428 637 117 
5932 451 613 535 1188 
5933 162 161 143 1147 
5934 1077 1192 903 1241 
5935 208 207 185 1215 
5936 288 320 235 1148 
5937 228 218 536 1235 
5938 466 464 1217 1256 
5939 462 496 542 1170 
5940 771 812 851 1071 
5941 343 387 129 1221 
5942 439 69 238 1115 
5943 400 782 124 1149 
5944 621 450 612 1125 
5945 213 214 200 1123 
5946 155 172 156 1091 
5947 478 583 491 1154 
5948 124 782 643 1149 
5949 747 657 745 1168 
5950 53 205 193 1162 
5951 438 290 67 1212 
5952 129 387 645 1221 
5953 380 378 423 1078 
5954 228 536 638 1235 
5955 412 357 356 1076 
5956 661 27 815 167 
5957 345 389 379 1084 
5958 290 319 237 1212 
5959 368 369 367 1249 
5960 713 740 739 1111 
5961 770 727 771 1228 
5962 800 747 746 1075 
5963 53 820 659 1162 
5964 540 538 619 1207 
5965 491 504 502 1194 
5966 572 634 1187 1248 
5967 291 1115 581 1197 
5968 277 324 323 1234 
5969 467 466 464 1217 
5970 974 1258 953 1259 
5971 93 646 248 1152 
5972 896 1050 1132 1269 
5973 591 592 567 1220 
5974 69 581 291 1115 
5975 616 435 106 1174 
5976 96 287 249 1168 
5977 533 449 577 1143 
5978 183 169 145 1029 
5979 327 181 306 1134 
5980 96 836 287 1168 
5981 544 603 596 1117 
5982 651 30 174 813 
5983 310 305 296 1235 
5984 229 219 38 326 
5985 523 1199 522 1242 
5986 799 756 754 1200 
5987 636 612 181 1134 
5988 580 68 581 1197 
5989 402 335 353 1061 
5990 806 759 809 1081 
5991 273 321 318 1046 
5992 816 815 775 1022 
5993 181 612 144 1134 
5994 792 829 825 1209 
5995 73 240 619 1207 
5996 385 408 386 1141 
5997 674 673 672 1146 
5998 298 244 264 1079 
5999 653 781 848 1061 
6000 657 96 249 1168 
6001 625 568 601 1044 
6002 229 52 193 820 
6003 583 506 491 1154 
6004 226 428 637 1080 
6005 356 357 354 1076 
6006 574 112 397 1136 
6007 693 694 695 1100 
6008 907 1120 1144 1239 
6009 444 633 640 1225 
6010 525 1193 523 1242 
6011 587 622 642 1164 
6012 154 173 165 1060 
6013 358 426 664 118 
6014 713 739 721 1111 
6015 201 198 222 1014 
6016 162 143 168 1147 
6017 210 767 58 190 
6018 331 320 288 1148 
6019 813 30 174 138 
6020 757 806 805 1116 
6021 605 452 20 1206 
6022 687 685 707 1128 
6023 907 1144 1120 1271 
6024 872 1120 1144 1271 
6025 682 766 685 1205 
6026 463 497 595 1177 
6027 172 171 156 1224 
6028 637 604 351 117 
6029 572 393 102 1248 
6030 277 279 324 1096 
6031 649 837 743 1171 
6032 780 779 777 1201 
6033 643 782 826 1149 
6034 830 761 734 1106 
6035 717 794 797 1270 
6036 658 819 810 1141 
6037 475 474 472 1237 
6038 48 202 405 226 
6039 446 19 139 176 
6040 112 574 437 1136 
6041 643 741 834 1042 
6042 534 535 533 1038 
6043 674 801 677 1259 
6044 296 329 613 1235 
6045 306 181 9 168 
6046 613 329 638 1235 
6047 514 547 548 1247 
6048 581 513 580 1197 
6049 343 373 387 1221 
6050 605 20 176 1206 
6051 942 1132 1050 1269 
6052 657 836 96 1168 
6053 219 307 38 326 
6054 436 110 396 1182 
6055 438 67 580 1212 
6056 190 204 216 1083 
6057 434 615 104 1157 
6058 338 419 418 1077 
6059 305 207 35 1235 
6060 167 661 182 1158 
6061 161 162 163 1101 
6062 823 1079 244 1231 
6063 367 366 368 1249 
6064 793 93 285 1152 
6065 844 664 426 118 
6066 440 73 619 1207 
6067 724 753 769 1261 
6068 52 229 843 820 
6069 18 446 139 178 
6070 615 1157 1220 1250 
6071 248 276 285 1152 
6072 188 233 220 1094 
6073 633 553 556 1244 
6074 129 750 343 1221 
6075 841 646 749 1153 
6076 600 523 525 1193 
6077 110 339 396 1182 
6078 22 183 406 169 
6079 774 833 790 1159 
6080 828 263 328 1158 
6081 439 581 69 1115 
6082 644 832 783 1226 
6083 709 726 725 1179 
6084 700 696 698 1138 
6085 223 186 209 1122 
6086 545 471 505 1167 
6087 615 1157 591 1220 
6088 549 548 547 1195 
6089 342 102 393 1248 
6090 756 706 754 1030 
6091 356 355 432 1251 
6092 357 402 354 1229 
6093 702 691 717 1266 
6094 611 452 605 1206 
6095 272 271 247 1105 
6096 22 183 427 406 
6097 181 9 327 306 
6098 428 48 405 226 
6099 470 468 469 1130 
6100 765 681 804 1160 
6101 453 226 47 637 
6102 818 664 778 1145 
6103 154 155 156 1091 
6104 424 382 380 1211 
6105 346 385 386 1141 
6106 450 610 558 1125 
6107 568 435 616 1174 
6108 299 258 302 1113 
6109 256 255 257 1246 
6110 847 182 661 1158 
6111 520 519 507 1114 
6112 523 516 522 1199 
6113 446 18 607 178 
6114 655 775 815 1022 
6115 220 226 47 453 
6116 708 684 768 1102 
6117 383 382 384 1119 
6118 473 505 471 1167 
6119 615 1220 569 1250 
6120 28 137 655 815 
6121 322 295 241 1089 
6122 828 328 847 1158 
6123 586 492 592 1142 
6124 634 562 572 1187 
6125 549 552 551 1166 
6126 625 530 435 1107 
6127 234 332 309 1147 
6128 190 212 204 1083 
6129 151 158 153 1260 
6130 731 718 737 1175 
6131 628 443 576 1089 
6132 474 477 585 1131 
6133 479 588 495 1253 
6134 110 573 339 1182 
6135 342 447 102 1248 
6136 510 498 511 1127 
6137 129 645 750 1221 
6138 149 158 151 1260 
6139 64 289 579 1225 
6140 727 736 846 1140 
6141 35 329 305 1235 
6142 690 693 785 1264 
6143 749 751 719 1133 
6144 463 464 465 1256 
6145 425 384 382 1119 
6146 163 179 156 1224 
6147 289 64 235 1225 
6148 93 793 646 1152 
6149 85 244 254 1231 
6150 196 197 198 1216 
6151 429 819 136 386 
6152 207 228 35 1235 
6153 468 466 467 1217 
6154 192 211 194 1143 
6155 444 235 64 1225 
6156 160 328 12 308 
6157 254 647 85 1231 
6158 182 328 12 160 
6159 561 591 626 1178 
6160 838 744 644 1108 
6161 584 542 496 1170 
6162 447 572 102 1248 
6163 164 163 162 1101 
6164 683 708 710 1222 
6165 582 642 635 1124 
6166 395 616 1174 1250 
6167 501 490 560 1230 
6168 85 823 244 1231 
6169 252 98 326 1240 
6170 392 417 347 1107 
6171 731 702 718 1266 
6172 253 454 61 327 
6173 454 636 61 327 
6174 459 461 460 1243 
6175 767 810 663 1083 
6176 218 39 228 536 
6177 98 252 662 1240 
6178 816 852 789 1062 
6179 486 485 484 1268 
6180 790 840 774 1159 
6181 273 274 271 1155 
6182 813 846 736 1033 
6183 728 710 708 1222 
6184 136 845 819 429 
6185 17 165 442 607 
6186 336 1157 615 1250 
6187 351 428 405 1080 
6188 242 310 333 1215 
6189 621 610 450 1125 
6190 536 39 228 638 
6191 574 617 437 1136 
6192 25 146 407 426 
6193 25 146 426 180 
6194 436 573 110 1182 
6195 263 80 828 328 
6196 479 476 588 1253 
6197 229 193 219 1240 
6198 395 105 616 1250 
6199 731 737 802 1175 
6200 715 679 677 1165 
6201 105 395 336 1250 
6202 680 679 803 1232 
6203 615 591 569 1220 
6204 239 318 293 1164 
6205 604 453 637 1080 
6206 372 370 419 1241 
6207 823 738 824 1079 
6208 661 816 828 1158 
6209 105 336 615 1250 
6210 570 485 486 1268 
6211 803 766 680 1232 
6212 238 291 315 1115 
6213 98 662 843 1240 
6214 753 724 752 1261 
6215 35 228 329 1235 
6216 818 170 34 844 
6217 578 640 621 1148 
6218 699 798 712 1196 
6219 98 843 326 1240 
6220 601 600 525 1193 
6221 185 231 208 1215 
6222 249 287 282 1168 
6223 220 202 226 1080 
6224 785 693 701 1264 
6225 636 181 327 1134 
6226 847 828 80 328 
6227 663 845 60 212 
6228 580 618 438 1212 
6229 608 512 521 1163 
6230 818 778 850 1145 
6231 615 434 591 1157 
6232 613 638 536 1235 
6233 170 180 34 844 
6234 336 414 394 1157 
6235 13 636 612 181 
6236 676 765 703 1258 
6237 144 13 612 181 
6238 221 223 199 1210 
6239 64 579 444 1225 
6240 212 845 60 227 
6241 148 150 145 1206 
6242 480 478 479 1189 
6243 692 690 691 1184 
6244 240 293 321 1207 
6245 761 760 734 1106 
6246 400 348 361 1149 
6247 676 678 765 1258 
6248 200 196 198 1216 
6249 551 553 633 1244 
6250 446 19 176 605 
6251 524 523 522 1242 
6252 601 566 495 1186 
6253 441 42 43 189 
6254 328 182 847 1158 
6255 439 624 581 1115 
6256 214 44 43 455 
6257 167 182 160 1158 
6258 522 516 515 1199 
6259 408 51 429 217 
6260 420 396 339 1182 
6261 608 557 512 1163 
6262 296 329 79 613 
6263 647 737 823 1231 
6264 456 594 459 1191 
6265 748 743 837 1171 
6266 440 619 538 1207 
6267 120 119 334 776 
6268 41 42 577 194 
6269 51 227 429 217 
6270 800 659 820 1162 
6271 848 780 777 1201 
6272 636 454 612 1134 
6273 192 232 211 1143 
6274 685 684 682 1205 
6275 461 462 460 1243 
6276 572 447 634 1248 
6277 613 329 79 638 
6278 823 85 647 1231 
6279 45 44 213 445 
6280 430 425 399 1103 
6281 422 397 340 1136 
6282 458 508 457 1176 
6283 771 817 770 1180 
6284 605 565 611 1206 
6285 254 244 302 1231 
6286 562 626 572 1187 
6287 55 56 209 652 
6288 54 53 659 205 
6289 736 727 725 1140 
6290 578 444 640 1148 
6291 243 255 256 1246 
6292 118 664 358 119 
6293 26 661 182 167 
6294 105 615 616 1250 
6295 121 781 335 122 
6296 55 54 787 186 
6297 671 668 807 1190 
6298 427 620 99 352 
6299 669 666 668 1214 
6300 38 37 307 219 
6301 565 511 564 1088 
6302 504 526 502 1194 
6303 193 205 206 1162 
6304 402 357 404 1229 
6305 448 341 115 114 
6306 57 56 665 187 
6307 188 46 45 559 
6308 639 620 99 427 
6309 830 750 645 1221 
6310 117 604 351 116 
6311 388 126 644 127 
6312 452 639 21 183 
6313 393 413 342 1248 
6314 235 317 289 1225 
6315 561 592 591 1178 
6316 530 107 392 108 
6317 396 109 110 436 
6318 64 65 579 289 
6319 145 452 21 183 
6320 207 35 36 305 
6321 32 31 159 786 
6322 128 129 750 343 
6323 472 474 473 1237 
6324 88 89 301 748 
6325 193 52 53 820 
6326 727 770 704 1228 
6327 95 96 249 657 
6328 466 465 464 1256 
6329 295 77 76 576 
6330 657 747 836 1168 
6331 440 72 73 293 
6332 84 83 790 243 
6333 134 784 133 390 
6334 572 103 102 393 
6335 47 46 220 453 
6336 228 638 329 1235 
6337 326 843 229 1240 
6338 238 70 69 439 
6339 203 230 204 1181 
6340 160 12 11 308 
6341 61 62 454 253 
6342 113 112 437 340 
6343 409 431 356 1251 
6344 736 725 814 1140 
6345 633 444 579 1225 
6346 26 661 847 182 
6347 649 91 90 270 
6348 10 11 234 143 
6349 49 48 202 405 
6350 163 171 184 1224 
6351 438 66 67 290 
6352 123 124 643 348 
6353 729 764 751 1254 
6354 71 72 587 239 
6355 94 93 646 248 
6356 294 75 74 614 
6357 319 299 269 1233 
6358 676 674 677 1259 
6359 573 436 623 1182 
6360 646 793 842 1152 
6361 347 416 395 1174 
6362 131 822 389 132 
6363 264 86 87 824 
6364 218 40 39 536 
6365 181 144 168 1134 
6366 85 86 244 823 
6367 301 300 266 1236 
6368 106 105 616 395 
6369 24 25 146 407 
6370 291 237 313 1197 
6371 564 611 565 1088 
6372 596 603 534 1257 
6373 350 49 50 191 
6374 104 105 336 615 
6375 842 729 751 1254 
6376 548 549 550 1195 
6377 240 74 73 619 
6378 252 97 98 662 
6379 524 525 523 1242 
6380 135 136 819 386 
6381 37 36 242 185 
6382 58 57 654 210 
6383 9 10 306 168 
6384 156 171 163 1224 
6385 653 353 120 121 
6386 130 827 344 131 
6387 395 415 336 1250 
6388 141 33 32 660 
6389 849 817 771 1180 
6390 306 253 327 1134 
6391 233 230 203 1181 
6392 807 667 788 1265 
6393 34 33 170 818 
6394 134 135 658 346 
6395 406 23 22 169 
6396 569 591 567 1220 
6397 440 622 587 1164 
6398 380 382 381 1211 
6399 76 75 241 443 
6400 730 792 825 1209 
6401 291 69 68 581 
6402 125 337 126 783 
6403 277 323 275 1234 
6404 387 129 645 130 
6405 132 133 650 345 
6406 111 339 110 573 
6407 828 81 80 263 
6408 254 84 85 647 
6409 661 26 27 167 
6410 79 78 296 613 
6411 6 229 326 843 
6412 327 636 1 181 
6413 180 426 4 844 
6414 226 428 7 637 
6415 227 845 8 429 
6416 329 228 5 638 
6417 145 150 176 1206 
6418 2 847 328 182 
6419 183 639 3 427 
6420 449 40 41 192 
6421 103 104 394 434 
6422 330 296 250 1188 
6423 582 70 71 292 
6424 106 435 107 347 
6425 408 50 51 217 
6426 263 308 328 1158 
6427 663 60 59 212 
6428 100 99 620 352 
6429 616 615 569 1250 
6430 444 63 64 235 
6431 29 30 813 138 
6432 245 87 88 648 
6433 349 24 23 142 
6434 835 756 799 1200 
6435 452 21 20 145 
6436 447 102 101 342 
6437 656 83 82 297 
6438 250 78 77 451 
6439 789 82 81 251 
6440 93 92 793 285 
6441 661 828 847 1158 
6442 112 111 574 397 
6443 612 14 13 144 
6444 603 632 534 1257 
6445 228 207 218 1235 
6446 124 400 125 782 
6447 62 63 578 288 
6448 237 68 67 580 
6449 662 820 843 1240 
6450 618 514 548 1247 
6451 356 432 409 1251 
6452 307 252 326 1240 
6453 329 296 305 1235 
6454 571 101 100 391 
6455 837 90 89 246 
6456 96 97 287 836 
6457 338 108 109 631 
6458 114 629 398 113 
6459 122 123 834 359 
6460 127 128 838 401 
6461 426 4 844 118 
6462 229 6 52 843 
6463 327 1 9 181 
6464 183 3 22 427 
6465 428 7 48 226 
6466 5 35 228 329 
6467 845 8 60 227 
6468 845 136 8 429 
6469 847 80 2 328 
6470 140 15 16 609 
6471 791 92 91 247 
6472 286 94 95 841 
6473 717 718 702 1266 
6474 627 65 66 236 
6475 446 19 18 139 
6476 137 28 27 815 
6477 174 31 30 651 
6478 115 116 399 630 
6479 767 59 58 190 
6480 228 39 5 638 
6481 180 4 34 844 
6482 226 7 47 637 
6483 13 1 636 181 
6484 326 98 6 843 
6485 16 17 165 442 
6486 639 3 21 183 
6487 14 15 175 450 
6488 328 12 2 182 
6489 227 8 51 429 
6490 229 38 6 326 
6491 426 4 25 180 
6492 5 79 329 638 
6493 2 26 847 182 
6494 1 61 636 327 
6495 428 7 637 117 
6496 639 99 3 427 
6497 166 29 28 655 
6498 176 19 20 605 
6499 607 18 17 178 
6500 950 527 531 921 
6501 950 531 527 509 
6502 1167 537 1026 505 
6503 1072 978 469 590 
6504 1246 656 931 297 
6505 1246 931 656 1159 
6506 1043 1143 195 908 
6507 195 1143 1043 194 
6508 1020 1170 997 978 
6509 997 1170 1020 894 
6510 1106 762 989 761 
6511 1106 989 762 935 
6512 1179 920 814 1140 
6513 1179 814 920 1016 
6514 1201 917 1118 965 
6515 1201 1118 917 955 
6516 1215 283 938 310 
6517 1215 938 283 1034 
6518 1188 938 283 310 
6519 1188 283 938 1034 
6520 1061 741 742 942 
6521 1061 742 741 781 
6522 1150 1167 1026 885 
6523 1026 1167 1150 537 
6524 895 805 982 1116 
6525 982 805 895 1146 
6526 1182 1199 1242 522 
6527 1242 1199 1182 903 
6528 1182 1077 1242 903 
6529 1234 905 276 1096 
6530 1234 276 905 1000 
6531 1230 924 501 1127 
6532 1230 501 924 999 
6533 563 501 924 1127 
6534 563 924 501 999 
6535 1219 1254 865 905 
6536 865 1254 1219 1012 
6537 1150 540 993 893 
6538 1150 993 540 539 
6539 781 359 122 834 
6540 122 359 781 335 
6541 1103 602 1017 529 
6542 1103 1017 602 886 
6543 1133 705 714 891 
6544 1133 714 705 719 
6545 1002 589 1082 598 
6546 1002 1082 589 946 
6547 1232 716 825 915 
6548 1232 825 716 803 
6549 1178 859 972 956 
6550 1178 972 859 999 
6551 1014 224 1216 198 
6552 1014 1216 224 994 
6553 978 1130 1072 469 
6554 978 1072 1130 890 
6555 500 1072 1130 469 
6556 500 1130 1072 890 
6557 1060 179 1091 173 
6558 1060 1091 179 954 
6559 156 1091 179 173 
6560 156 179 1091 954 
6561 1228 700 1180 770 
6562 1228 1180 700 899 
6563 1103 424 1119 425 
6564 1103 1119 424 921 
6565 1246 258 257 1047 
6566 1246 257 258 255 
6567 1208 829 1171 968 
6568 1208 1171 829 1035 
6569 1247 506 546 951 
6570 1247 546 506 514 
6571 947 1014 1181 201 
6572 947 1181 1014 934 
6573 215 1181 1014 201 
6574 215 1014 1181 934 
6575 1122 205 221 186 
6576 1122 221 205 960 
6577 1075 788 1265 746 
6578 1075 1265 788 960 
6579 1133 1219 1254 891 
6580 1254 1219 1133 905 
6581 1216 994 1218 1039 
6582 1216 1218 994 1014 
6583 295 1188 325 250 
6584 325 1188 295 949 
6585 1268 487 1068 912 
6586 1268 1068 487 486 
6587 1199 855 946 1086 
6588 1199 946 855 1002 
6589 1154 1131 1194 477 
6590 1154 1194 1131 892 
6591 1242 436 1182 522 
6592 1242 1182 436 1077 
6593 1221 401 371 1108 
6594 1221 371 401 343 
6595 1019 1087 1202 858 
6596 1202 1087 1019 941 
6597 1257 874 1089 949 
6598 1257 1089 874 1117 
6599 1064 1245 1093 918 
6600 1093 1245 1064 864 
6601 1165 678 1232 679 
6602 1165 1232 678 953 
6603 1097 421 422 966 
6604 1097 422 421 376 
6605 585 1114 597 507 
6606 597 1114 585 1006 
6607 1057 313 267 269 
6608 1057 267 313 1032 
6609 1060 152 178 165 
6610 1060 178 152 1001 
6611 1164 520 1114 622 
6612 1164 1114 520 888 
6613 985 1262 894 863 
6614 894 1262 985 1161 
6615 1078 424 423 380 
6616 1078 423 424 1021 
6617 631 392 1077 338 
6618 631 1077 392 530 
6619 1261 984 708 1222 
6620 728 708 984 1222 
6621 1130 471 971 1015 
6622 1130 971 471 468 
6623 1194 951 504 995 
6624 1194 504 951 1154 
6625 506 504 951 995 
6626 506 951 504 1154 
6627 1236 831 648 748 
6628 1236 648 831 958 
6629 1258 681 1019 678 
6630 1258 1019 681 1160 
6631 1170 590 1072 584 
6632 1170 1072 590 978 
6633 1175 928 1109 1054 
6634 1175 1109 928 1007 
6635 1260 139 150 948 
6636 1260 150 139 151 
6637 568 1250 616 569 
6638 616 1250 568 1174 
6639 195 1216 197 196 
6640 197 1216 195 1039 
6641 838 343 1221 401 
6642 1221 343 838 750 
6643 1221 1108 838 401 
6644 838 1108 1221 750 
6645 396 631 1077 338 
6646 1077 631 396 436 
6647 1194 624 1115 995 
6648 1194 1115 624 526 
6649 1216 934 200 1123 
6650 1216 200 934 1014 
6651 1169 1133 977 891 
6652 1169 977 1133 926 
6653 1185 366 416 364 
6654 1185 416 366 991 
6655 1231 298 1113 1079 
6656 1231 1113 298 302 
6657 1267 1181 934 886 
6658 1267 934 1181 947 
6659 698 1227 696 697 
6660 696 1227 698 1138 
6661 351 630 1103 399 
6662 1103 630 351 604 
6663 243 656 1246 297 
6664 243 1246 656 790 
6665 1209 649 829 968 
6666 1209 829 649 792 
6667 211 1210 225 199 
6668 225 1210 211 1052 
6669 1117 1219 993 874 
6670 993 1219 1117 930 
6671 1243 463 1177 997 
6672 1243 1177 463 460 
6673 1088 641 924 564 
6674 1088 924 641 1010 
6675 634 924 641 564 
6676 634 641 924 1010 
6677 1138 1100 695 696 
6678 695 1100 1138 1008 
6679 695 796 1138 696 
6680 1138 796 695 1008 
6681 399 448 115 630 
6682 115 448 399 341 
6683 1254 891 764 1133 
6684 1254 764 891 1012 
6685 1155 272 1000 1105 
6686 1155 1000 272 273 
6687 450 144 14 612 
6688 450 14 144 175 
6689 1171 829 649 968 
6690 1171 649 829 743 
6691 450 140 15 175 
6692 450 15 140 609 
6693 1261 728 708 984 
6694 1261 708 728 753 
6695 1195 551 1166 549 
6696 1195 1166 551 1011 
6697 585 1237 967 473 
6698 967 1237 585 1131 
6699 1171 89 748 301 
6700 1171 748 89 837 
6701 384 1103 425 430 
6702 384 425 1103 1119 
6703 960 1265 659 1122 
6704 960 659 1265 788 
6705 787 659 1265 1122 
6706 787 1265 659 788 
6707 1198 488 486 489 
6708 1198 486 488 1068 
6709 340 629 1021 437 
6710 340 1021 629 398 
6711 650 1200 1045 835 
6712 1045 1200 650 1084 
6713 834 348 1042 359 
6714 1042 348 834 643 
6715 836 1168 1240 287 
6716 1240 252 836 287 
6717 836 252 1240 662 
6718 1193 625 1107 525 
6719 1193 1107 625 1044 
6720 438 236 66 290 
6721 66 236 438 627 
6722 1208 1171 1059 968 
6723 1208 1059 1171 900 
6724 1148 556 1244 640 
6725 1148 1244 556 1064 
6726 1191 455 1043 456 
6727 1191 1043 455 1123 
6728 229 820 1240 843 
6729 1240 820 229 193 
6730 836 747 1075 1168 
6731 1075 747 836 662 
6732 1075 1240 836 1168 
6733 836 1240 1075 662 
$EndElements
