solid OpenSCAD_Model
  facet normal 1 -0 0
    outer loop
      vertex 90 -50 2.5
      vertex 90 50 -2.5
      vertex 90 50 2.5
    endloop
  endfacet
  facet normal 1 0 0
    outer loop
      vertex 90 50 -2.5
      vertex 90 -50 2.5
      vertex 90 -50 -2.5
    endloop
  endfacet
  facet normal 0 0 1
    outer loop
      vertex -38.2679 33.641 2.5
      vertex 38.2679 33.641 2.5
      vertex -38.1522 33.8756 2.5
    endloop
  endfacet
  facet normal 0 0 1
    outer loop
      vertex 38.4133 -33.4235 2.5
      vertex -38.0171 -34.38 2.5
      vertex -38 -34.641 2.5
    endloop
  endfacet
  facet normal 0 0 1
    outer loop
      vertex 38.2679 33.641 2.5
      vertex -38.2679 33.641 2.5
      vertex 38.4133 33.4235 2.5
    endloop
  endfacet
  facet normal 0 0 1
    outer loop
      vertex 38.4133 -33.4235 2.5
      vertex -38.0681 -34.1234 2.5
      vertex -38.0171 -34.38 2.5
    endloop
  endfacet
  facet normal 0 0 1
    outer loop
      vertex -38.4133 33.4235 2.5
      vertex 38.4133 33.4235 2.5
      vertex -38.2679 33.641 2.5
    endloop
  endfacet
  facet normal 0 0 1
    outer loop
      vertex 38.4133 -33.4235 2.5
      vertex -38.1522 -33.8756 2.5
      vertex -38.0681 -34.1234 2.5
    endloop
  endfacet
  facet normal 0 0 1
    outer loop
      vertex 38.4133 33.4235 2.5
      vertex -38.4133 33.4235 2.5
      vertex 38.4133 -33.4235 2.5
    endloop
  endfacet
  facet normal 0 0 1
    outer loop
      vertex 38.4133 -33.4235 2.5
      vertex -38.2679 -33.641 2.5
      vertex -38.1522 -33.8756 2.5
    endloop
  endfacet
  facet normal 0 0 1
    outer loop
      vertex -38.4133 -33.4235 2.5
      vertex 38.4133 -33.4235 2.5
      vertex -38.4133 33.4235 2.5
    endloop
  endfacet
  facet normal 0 0 1
    outer loop
      vertex 38.4133 -33.4235 2.5
      vertex -38.4133 -33.4235 2.5
      vertex -38.2679 -33.641 2.5
    endloop
  endfacet
  facet normal -0 0 1
    outer loop
      vertex -38.5858 33.2268 2.5
      vertex -38.4133 -33.4235 2.5
      vertex -38.4133 33.4235 2.5
    endloop
  endfacet
  facet normal 0 0 1
    outer loop
      vertex -38.5858 33.2268 2.5
      vertex -38.5858 -33.2268 2.5
      vertex -38.4133 -33.4235 2.5
    endloop
  endfacet
  facet normal -0 0 1
    outer loop
      vertex -38.7825 33.0543 2.5
      vertex -38.5858 -33.2268 2.5
      vertex -38.5858 33.2268 2.5
    endloop
  endfacet
  facet normal 0 0 1
    outer loop
      vertex -38.7825 33.0543 2.5
      vertex -38.7825 -33.0543 2.5
      vertex -38.5858 -33.2268 2.5
    endloop
  endfacet
  facet normal -0 0 1
    outer loop
      vertex -39 32.909 2.5
      vertex -38.7825 -33.0543 2.5
      vertex -38.7825 33.0543 2.5
    endloop
  endfacet
  facet normal 0 0 1
    outer loop
      vertex -39 32.909 2.5
      vertex -39 -32.909 2.5
      vertex -38.7825 -33.0543 2.5
    endloop
  endfacet
  facet normal -0 0 1
    outer loop
      vertex -39.2346 32.7933 2.5
      vertex -39 -32.909 2.5
      vertex -39 32.909 2.5
    endloop
  endfacet
  facet normal 0 0 1
    outer loop
      vertex -39.2346 32.7933 2.5
      vertex -39.2346 -32.7933 2.5
      vertex -39 -32.909 2.5
    endloop
  endfacet
  facet normal -0 0 1
    outer loop
      vertex -39.4824 32.7092 2.5
      vertex -39.2346 -32.7933 2.5
      vertex -39.2346 32.7933 2.5
    endloop
  endfacet
  facet normal 0 0 1
    outer loop
      vertex -39.4824 32.7092 2.5
      vertex -39.4824 -32.7092 2.5
      vertex -39.2346 -32.7933 2.5
    endloop
  endfacet
  facet normal -0 0 1
    outer loop
      vertex -39.7389 32.6581 2.5
      vertex -39.4824 -32.7092 2.5
      vertex -39.4824 32.7092 2.5
    endloop
  endfacet
  facet normal 0 0 1
    outer loop
      vertex -39.7389 32.6581 2.5
      vertex -39.7389 -32.6581 2.5
      vertex -39.4824 -32.7092 2.5
    endloop
  endfacet
  facet normal -0 0 1
    outer loop
      vertex -40 32.641 2.5
      vertex -39.7389 -32.6581 2.5
      vertex -39.7389 32.6581 2.5
    endloop
  endfacet
  facet normal 0 0 1
    outer loop
      vertex -40 32.641 2.5
      vertex -40 -32.641 2.5
      vertex -39.7389 -32.6581 2.5
    endloop
  endfacet
  facet normal 0 0 1
    outer loop
      vertex -40.2611 32.6581 2.5
      vertex -40 -32.641 2.5
      vertex -40 32.641 2.5
    endloop
  endfacet
  facet normal 0 0 1
    outer loop
      vertex -40.2611 32.6581 2.5
      vertex -40.2611 -32.6581 2.5
      vertex -40 -32.641 2.5
    endloop
  endfacet
  facet normal 0 0 1
    outer loop
      vertex -78 0 2.5
      vertex -40.2611 32.6581 2.5
      vertex -40.5176 32.7092 2.5
    endloop
  endfacet
  facet normal 0 0 1
    outer loop
      vertex -40.2611 32.6581 2.5
      vertex -78 0 2.5
      vertex -40.2611 -32.6581 2.5
    endloop
  endfacet
  facet normal 0 0 1
    outer loop
      vertex -78.0171 0.261052 2.5
      vertex -40.5176 32.7092 2.5
      vertex -40.7654 32.7933 2.5
    endloop
  endfacet
  facet normal 0 0 1
    outer loop
      vertex -40.2611 -32.6581 2.5
      vertex -78 0 2.5
      vertex -40.5176 -32.7092 2.5
    endloop
  endfacet
  facet normal 0 0 1
    outer loop
      vertex -78.0681 0.517637 2.5
      vertex -40.7654 32.7933 2.5
      vertex -41 32.909 2.5
    endloop
  endfacet
  facet normal -0 0 1
    outer loop
      vertex -78.0171 -0.261052 2.5
      vertex -40.5176 -32.7092 2.5
      vertex -78 0 2.5
    endloop
  endfacet
  facet normal 0 0 1
    outer loop
      vertex -78.1522 0.765367 2.5
      vertex -41 32.909 2.5
      vertex -41.2175 33.0543 2.5
    endloop
  endfacet
  facet normal 0 0 1
    outer loop
      vertex -40.5176 -32.7092 2.5
      vertex -78.0171 -0.261052 2.5
      vertex -40.7654 -32.7933 2.5
    endloop
  endfacet
  facet normal 0 0 1
    outer loop
      vertex -78.268 1 2.5
      vertex -41.2175 33.0543 2.5
      vertex -41.4142 33.2268 2.5
    endloop
  endfacet
  facet normal -0 0 1
    outer loop
      vertex -78.0681 -0.517637 2.5
      vertex -40.7654 -32.7933 2.5
      vertex -78.0171 -0.261052 2.5
    endloop
  endfacet
  facet normal 0 0 1
    outer loop
      vertex -78.4133 1.21752 2.5
      vertex -41.4142 33.2268 2.5
      vertex -41.5867 33.4235 2.5
    endloop
  endfacet
  facet normal 0 0 1
    outer loop
      vertex -40.7654 -32.7933 2.5
      vertex -78.0681 -0.517637 2.5
      vertex -41 -32.909 2.5
    endloop
  endfacet
  facet normal 0 0 1
    outer loop
      vertex -78.5858 1.41421 2.5
      vertex -41.5867 33.4235 2.5
      vertex -41.732 33.641 2.5
    endloop
  endfacet
  facet normal -0 0 1
    outer loop
      vertex -78.1522 -0.765367 2.5
      vertex -41 -32.909 2.5
      vertex -78.0681 -0.517637 2.5
    endloop
  endfacet
  facet normal 0 0 1
    outer loop
      vertex -78.7825 1.58671 2.5
      vertex -41.732 33.641 2.5
      vertex -41.8478 33.8756 2.5
    endloop
  endfacet
  facet normal 0 0 1
    outer loop
      vertex -41 -32.909 2.5
      vertex -78.1522 -0.765367 2.5
      vertex -41.2175 -33.0543 2.5
    endloop
  endfacet
  facet normal 0 0 1
    outer loop
      vertex -79 1.73205 2.5
      vertex -41.8478 33.8756 2.5
      vertex -41.9319 34.1234 2.5
    endloop
  endfacet
  facet normal -0 0 1
    outer loop
      vertex -78.268 -1 2.5
      vertex -41.2175 -33.0543 2.5
      vertex -78.1522 -0.765367 2.5
    endloop
  endfacet
  facet normal 0 0 1
    outer loop
      vertex -79.2346 1.84776 2.5
      vertex -41.9319 34.1234 2.5
      vertex -41.9829 34.38 2.5
    endloop
  endfacet
  facet normal 0 0 1
    outer loop
      vertex -41.2175 -33.0543 2.5
      vertex -78.268 -1 2.5
      vertex -41.4142 -33.2268 2.5
    endloop
  endfacet
  facet normal 0 0 1
    outer loop
      vertex -90 50 2.5
      vertex -41.9829 34.38 2.5
      vertex -42 34.641 2.5
    endloop
  endfacet
  facet normal -0 0 1
    outer loop
      vertex -78.4133 -1.21752 2.5
      vertex -41.4142 -33.2268 2.5
      vertex -78.268 -1 2.5
    endloop
  endfacet
  facet normal 0 0 1
    outer loop
      vertex 78.4133 1.21752 2.5
      vertex 41.4142 33.2268 2.5
      vertex 78.268 1 2.5
    endloop
  endfacet
  facet normal 0 0 1
    outer loop
      vertex 78 0 2.5
      vertex 41.9829 -34.38 2.5
      vertex 42 -34.641 2.5
    endloop
  endfacet
  facet normal -0 0 1
    outer loop
      vertex 41.2175 33.0543 2.5
      vertex 78.268 1 2.5
      vertex 41.4142 33.2268 2.5
    endloop
  endfacet
  facet normal 0 0 1
    outer loop
      vertex 78 0 2.5
      vertex 41.9319 -34.1234 2.5
      vertex 41.9829 -34.38 2.5
    endloop
  endfacet
  facet normal 0 0 1
    outer loop
      vertex 78.268 1 2.5
      vertex 41.2175 33.0543 2.5
      vertex 78.1522 0.765367 2.5
    endloop
  endfacet
  facet normal 0 0 1
    outer loop
      vertex 78 0 2.5
      vertex 41.8478 -33.8756 2.5
      vertex 41.9319 -34.1234 2.5
    endloop
  endfacet
  facet normal -0 0 1
    outer loop
      vertex 41 32.909 2.5
      vertex 78.1522 0.765367 2.5
      vertex 41.2175 33.0543 2.5
    endloop
  endfacet
  facet normal 0 0 1
    outer loop
      vertex 78 0 2.5
      vertex 41.732 -33.641 2.5
      vertex 41.8478 -33.8756 2.5
    endloop
  endfacet
  facet normal 0 0 1
    outer loop
      vertex 78.1522 0.765367 2.5
      vertex 41 32.909 2.5
      vertex 78.0681 0.517637 2.5
    endloop
  endfacet
  facet normal 0 0 1
    outer loop
      vertex 78 0 2.5
      vertex 41.5867 -33.4235 2.5
      vertex 41.732 -33.641 2.5
    endloop
  endfacet
  facet normal -0 0 1
    outer loop
      vertex 40.7654 32.7933 2.5
      vertex 78.0681 0.517637 2.5
      vertex 41 32.909 2.5
    endloop
  endfacet
  facet normal 0 0 1
    outer loop
      vertex 78 0 2.5
      vertex 41.4142 -33.2268 2.5
      vertex 41.5867 -33.4235 2.5
    endloop
  endfacet
  facet normal 0 0 1
    outer loop
      vertex 78.0681 0.517637 2.5
      vertex 40.7654 32.7933 2.5
      vertex 78.0171 0.261052 2.5
    endloop
  endfacet
  facet normal 0 0 1
    outer loop
      vertex 78 0 2.5
      vertex 41.2175 -33.0543 2.5
      vertex 41.4142 -33.2268 2.5
    endloop
  endfacet
  facet normal -0 0 1
    outer loop
      vertex 40.5176 32.7092 2.5
      vertex 78.0171 0.261052 2.5
      vertex 40.7654 32.7933 2.5
    endloop
  endfacet
  facet normal 0 0 1
    outer loop
      vertex 78 0 2.5
      vertex 41 -32.909 2.5
      vertex 41.2175 -33.0543 2.5
    endloop
  endfacet
  facet normal 0 0 1
    outer loop
      vertex 78.0171 0.261052 2.5
      vertex 40.5176 32.7092 2.5
      vertex 78 0 2.5
    endloop
  endfacet
  facet normal 0 0 1
    outer loop
      vertex 78 0 2.5
      vertex 40.7654 -32.7933 2.5
      vertex 41 -32.909 2.5
    endloop
  endfacet
  facet normal -0 0 1
    outer loop
      vertex 40.2611 32.6581 2.5
      vertex 78 0 2.5
      vertex 40.5176 32.7092 2.5
    endloop
  endfacet
  facet normal 0 0 1
    outer loop
      vertex 78 0 2.5
      vertex 40.5176 -32.7092 2.5
      vertex 40.7654 -32.7933 2.5
    endloop
  endfacet
  facet normal 0 0 1
    outer loop
      vertex 40.2611 -32.6581 2.5
      vertex 78 0 2.5
      vertex 40.2611 32.6581 2.5
    endloop
  endfacet
  facet normal 0 0 1
    outer loop
      vertex 78 0 2.5
      vertex 40.2611 -32.6581 2.5
      vertex 40.5176 -32.7092 2.5
    endloop
  endfacet
  facet normal -0 0 1
    outer loop
      vertex 40 32.641 2.5
      vertex 40.2611 -32.6581 2.5
      vertex 40.2611 32.6581 2.5
    endloop
  endfacet
  facet normal 0 0 1
    outer loop
      vertex 40 32.641 2.5
      vertex 40 -32.641 2.5
      vertex 40.2611 -32.6581 2.5
    endloop
  endfacet
  facet normal 0 0 1
    outer loop
      vertex 39.7389 32.6581 2.5
      vertex 40 -32.641 2.5
      vertex 40 32.641 2.5
    endloop
  endfacet
  facet normal 0 0 1
    outer loop
      vertex 39.7389 32.6581 2.5
      vertex 39.7389 -32.6581 2.5
      vertex 40 -32.641 2.5
    endloop
  endfacet
  facet normal 0 0 1
    outer loop
      vertex 39.4824 32.7092 2.5
      vertex 39.7389 -32.6581 2.5
      vertex 39.7389 32.6581 2.5
    endloop
  endfacet
  facet normal 0 0 1
    outer loop
      vertex 39.4824 32.7092 2.5
      vertex 39.4824 -32.7092 2.5
      vertex 39.7389 -32.6581 2.5
    endloop
  endfacet
  facet normal 0 0 1
    outer loop
      vertex 39.2346 32.7933 2.5
      vertex 39.4824 -32.7092 2.5
      vertex 39.4824 32.7092 2.5
    endloop
  endfacet
  facet normal 0 0 1
    outer loop
      vertex 39.2346 32.7933 2.5
      vertex 39.2346 -32.7933 2.5
      vertex 39.4824 -32.7092 2.5
    endloop
  endfacet
  facet normal 0 0 1
    outer loop
      vertex 39 32.909 2.5
      vertex 39.2346 -32.7933 2.5
      vertex 39.2346 32.7933 2.5
    endloop
  endfacet
  facet normal 0 0 1
    outer loop
      vertex 39 32.909 2.5
      vertex 39 -32.909 2.5
      vertex 39.2346 -32.7933 2.5
    endloop
  endfacet
  facet normal 0 0 1
    outer loop
      vertex 38.7825 33.0543 2.5
      vertex 39 -32.909 2.5
      vertex 39 32.909 2.5
    endloop
  endfacet
  facet normal 0 0 1
    outer loop
      vertex 38.7825 33.0543 2.5
      vertex 38.7825 -33.0543 2.5
      vertex 39 -32.909 2.5
    endloop
  endfacet
  facet normal 0 0 1
    outer loop
      vertex 38.5858 33.2268 2.5
      vertex 38.7825 -33.0543 2.5
      vertex 38.7825 33.0543 2.5
    endloop
  endfacet
  facet normal 0 0 1
    outer loop
      vertex 38.5858 33.2268 2.5
      vertex 38.5858 -33.2268 2.5
      vertex 38.7825 -33.0543 2.5
    endloop
  endfacet
  facet normal 0 0 1
    outer loop
      vertex 38.4133 33.4235 2.5
      vertex 38.5858 -33.2268 2.5
      vertex 38.5858 33.2268 2.5
    endloop
  endfacet
  facet normal 0 0 1
    outer loop
      vertex 38.4133 33.4235 2.5
      vertex 38.4133 -33.4235 2.5
      vertex 38.5858 -33.2268 2.5
    endloop
  endfacet
  facet normal 0 0 1
    outer loop
      vertex 38.0681 34.1234 2.5
      vertex -38.0681 34.1234 2.5
      vertex 38.1522 33.8756 2.5
    endloop
  endfacet
  facet normal 0 0 1
    outer loop
      vertex -38.1522 33.8756 2.5
      vertex 38.1522 33.8756 2.5
      vertex -38.0681 34.1234 2.5
    endloop
  endfacet
  facet normal 0 0 1
    outer loop
      vertex -38.0681 34.1234 2.5
      vertex 38.0681 34.1234 2.5
      vertex -38.0171 34.38 2.5
    endloop
  endfacet
  facet normal 0 0 1
    outer loop
      vertex 38.1522 33.8756 2.5
      vertex -38.1522 33.8756 2.5
      vertex 38.2679 33.641 2.5
    endloop
  endfacet
  facet normal 0 0 1
    outer loop
      vertex 38.0171 34.38 2.5
      vertex -38.0171 34.38 2.5
      vertex 38.0681 34.1234 2.5
    endloop
  endfacet
  facet normal 0 0 1
    outer loop
      vertex 38.4133 -33.4235 2.5
      vertex -38 -34.641 2.5
      vertex 38.2679 -33.641 2.5
    endloop
  endfacet
  facet normal 0 0 1
    outer loop
      vertex -38.0171 34.38 2.5
      vertex 38.0171 34.38 2.5
      vertex -38 34.641 2.5
    endloop
  endfacet
  facet normal 0 0 1
    outer loop
      vertex 38.2679 -33.641 2.5
      vertex -38 -34.641 2.5
      vertex 38.1522 -33.8756 2.5
    endloop
  endfacet
  facet normal -0 0 1
    outer loop
      vertex -38 34.641 2.5
      vertex 38.0171 34.38 2.5
      vertex 38 34.641 2.5
    endloop
  endfacet
  facet normal 0 0 1
    outer loop
      vertex 38.1522 -33.8756 2.5
      vertex -38 -34.641 2.5
      vertex 38.0681 -34.1234 2.5
    endloop
  endfacet
  facet normal 0 0 1
    outer loop
      vertex 90 50 2.5
      vertex 82 0 2.5
      vertex 90 -50 2.5
    endloop
  endfacet
  facet normal 0 0 1
    outer loop
      vertex 90 50 2.5
      vertex 81.9829 0.261052 2.5
      vertex 82 0 2.5
    endloop
  endfacet
  facet normal 0 0 1
    outer loop
      vertex 90 50 2.5
      vertex 81.9319 0.517637 2.5
      vertex 81.9829 0.261052 2.5
    endloop
  endfacet
  facet normal 0 0 1
    outer loop
      vertex 90 50 2.5
      vertex 81.8478 0.765367 2.5
      vertex 81.9319 0.517637 2.5
    endloop
  endfacet
  facet normal 0 0 1
    outer loop
      vertex 90 50 2.5
      vertex 81.732 1 2.5
      vertex 81.8478 0.765367 2.5
    endloop
  endfacet
  facet normal 0 0 1
    outer loop
      vertex 90 50 2.5
      vertex 81.5867 1.21752 2.5
      vertex 81.732 1 2.5
    endloop
  endfacet
  facet normal 0 0 1
    outer loop
      vertex 90 50 2.5
      vertex 81.4142 1.41421 2.5
      vertex 81.5867 1.21752 2.5
    endloop
  endfacet
  facet normal 0 0 1
    outer loop
      vertex 90 50 2.5
      vertex 81.2175 1.58671 2.5
      vertex 81.4142 1.41421 2.5
    endloop
  endfacet
  facet normal 0 0 1
    outer loop
      vertex 90 50 2.5
      vertex 81 1.73205 2.5
      vertex 81.2175 1.58671 2.5
    endloop
  endfacet
  facet normal 0 0 1
    outer loop
      vertex 90 50 2.5
      vertex 80.7654 1.84776 2.5
      vertex 81 1.73205 2.5
    endloop
  endfacet
  facet normal 0 0 1
    outer loop
      vertex 90 50 2.5
      vertex 80.5176 1.93185 2.5
      vertex 80.7654 1.84776 2.5
    endloop
  endfacet
  facet normal 0 0 1
    outer loop
      vertex 90 50 2.5
      vertex 80.2611 1.98289 2.5
      vertex 80.5176 1.93185 2.5
    endloop
  endfacet
  facet normal 0 0 1
    outer loop
      vertex 90 50 2.5
      vertex 80 2 2.5
      vertex 80.2611 1.98289 2.5
    endloop
  endfacet
  facet normal 0 0 1
    outer loop
      vertex 90 50 2.5
      vertex 79.7389 1.98289 2.5
      vertex 80 2 2.5
    endloop
  endfacet
  facet normal 0 0 1
    outer loop
      vertex 90 50 2.5
      vertex 79.4824 1.93185 2.5
      vertex 79.7389 1.98289 2.5
    endloop
  endfacet
  facet normal 0 0 1
    outer loop
      vertex 90 50 2.5
      vertex 79.2346 1.84776 2.5
      vertex 79.4824 1.93185 2.5
    endloop
  endfacet
  facet normal 0 0 1
    outer loop
      vertex 41.9829 34.38 2.5
      vertex 90 50 2.5
      vertex 42 34.641 2.5
    endloop
  endfacet
  facet normal 0 0 1
    outer loop
      vertex 90 50 2.5
      vertex 41.9829 34.38 2.5
      vertex 79.2346 1.84776 2.5
    endloop
  endfacet
  facet normal -0 0 1
    outer loop
      vertex 41.9319 34.1234 2.5
      vertex 79.2346 1.84776 2.5
      vertex 41.9829 34.38 2.5
    endloop
  endfacet
  facet normal 0 0 1
    outer loop
      vertex 79.2346 1.84776 2.5
      vertex 41.9319 34.1234 2.5
      vertex 79 1.73205 2.5
    endloop
  endfacet
  facet normal -0 0 1
    outer loop
      vertex 41.8478 33.8756 2.5
      vertex 79 1.73205 2.5
      vertex 41.9319 34.1234 2.5
    endloop
  endfacet
  facet normal 0 0 1
    outer loop
      vertex 79 1.73205 2.5
      vertex 41.8478 33.8756 2.5
      vertex 78.7825 1.58671 2.5
    endloop
  endfacet
  facet normal -0 0 1
    outer loop
      vertex 41.732 33.641 2.5
      vertex 78.7825 1.58671 2.5
      vertex 41.8478 33.8756 2.5
    endloop
  endfacet
  facet normal 0 0 1
    outer loop
      vertex 78.5858 1.41421 2.5
      vertex 41.5867 33.4235 2.5
      vertex 78.4133 1.21752 2.5
    endloop
  endfacet
  facet normal -0 0 1
    outer loop
      vertex 41.5867 33.4235 2.5
      vertex 78.5858 1.41421 2.5
      vertex 41.732 33.641 2.5
    endloop
  endfacet
  facet normal 0 0 1
    outer loop
      vertex 78.7825 1.58671 2.5
      vertex 41.732 33.641 2.5
      vertex 78.5858 1.41421 2.5
    endloop
  endfacet
  facet normal 0 0 1
    outer loop
      vertex 90 50 2.5
      vertex 41.9829 34.9021 2.5
      vertex 42 34.641 2.5
    endloop
  endfacet
  facet normal 0 0 1
    outer loop
      vertex 90 50 2.5
      vertex 41.9319 35.1587 2.5
      vertex 41.9829 34.9021 2.5
    endloop
  endfacet
  facet normal 0 0 1
    outer loop
      vertex 90 50 2.5
      vertex 41.8478 35.4064 2.5
      vertex 41.9319 35.1587 2.5
    endloop
  endfacet
  facet normal 0 0 1
    outer loop
      vertex 90 50 2.5
      vertex 41.732 35.641 2.5
      vertex 41.8478 35.4064 2.5
    endloop
  endfacet
  facet normal 0 0 1
    outer loop
      vertex 90 50 2.5
      vertex 41.5867 35.8585 2.5
      vertex 41.732 35.641 2.5
    endloop
  endfacet
  facet normal 0 0 1
    outer loop
      vertex 90 50 2.5
      vertex 41.4142 36.0552 2.5
      vertex 41.5867 35.8585 2.5
    endloop
  endfacet
  facet normal 0 0 1
    outer loop
      vertex 90 50 2.5
      vertex 41.2175 36.2277 2.5
      vertex 41.4142 36.0552 2.5
    endloop
  endfacet
  facet normal 0 0 1
    outer loop
      vertex 90 50 2.5
      vertex 41 36.3731 2.5
      vertex 41.2175 36.2277 2.5
    endloop
  endfacet
  facet normal 0 0 1
    outer loop
      vertex 90 50 2.5
      vertex 40.7654 36.4888 2.5
      vertex 41 36.3731 2.5
    endloop
  endfacet
  facet normal 0 0 1
    outer loop
      vertex 90 50 2.5
      vertex 40.5176 36.5729 2.5
      vertex 40.7654 36.4888 2.5
    endloop
  endfacet
  facet normal 0 0 1
    outer loop
      vertex 90 50 2.5
      vertex 40.2611 36.6239 2.5
      vertex 40.5176 36.5729 2.5
    endloop
  endfacet
  facet normal 0 0 1
    outer loop
      vertex 90 50 2.5
      vertex 40 36.641 2.5
      vertex 40.2611 36.6239 2.5
    endloop
  endfacet
  facet normal 0 0 1
    outer loop
      vertex 90 50 2.5
      vertex 39.7389 36.6239 2.5
      vertex 40 36.641 2.5
    endloop
  endfacet
  facet normal 0 0 1
    outer loop
      vertex -39.7389 36.6239 2.5
      vertex 39.7389 36.6239 2.5
      vertex 90 50 2.5
    endloop
  endfacet
  facet normal 0 0 1
    outer loop
      vertex 38.0681 -34.1234 2.5
      vertex -38 -34.641 2.5
      vertex 38.0171 -34.38 2.5
    endloop
  endfacet
  facet normal 0 0 1
    outer loop
      vertex 38.0171 34.9021 2.5
      vertex -38 34.641 2.5
      vertex 38 34.641 2.5
    endloop
  endfacet
  facet normal 0 0 1
    outer loop
      vertex -38.0171 34.9021 2.5
      vertex 38.0171 34.9021 2.5
      vertex 38.0681 35.1587 2.5
    endloop
  endfacet
  facet normal 0 0 1
    outer loop
      vertex -38.0681 35.1587 2.5
      vertex 38.0681 35.1587 2.5
      vertex 38.1522 35.4064 2.5
    endloop
  endfacet
  facet normal 0 0 1
    outer loop
      vertex -38.1522 35.4064 2.5
      vertex 38.1522 35.4064 2.5
      vertex 38.2679 35.641 2.5
    endloop
  endfacet
  facet normal 0 0 1
    outer loop
      vertex -38.2679 35.641 2.5
      vertex 38.2679 35.641 2.5
      vertex 38.4133 35.8585 2.5
    endloop
  endfacet
  facet normal 0 0 1
    outer loop
      vertex -38.4133 35.8585 2.5
      vertex 38.4133 35.8585 2.5
      vertex 38.5858 36.0552 2.5
    endloop
  endfacet
  facet normal 0 0 1
    outer loop
      vertex -38.5858 36.0552 2.5
      vertex 38.5858 36.0552 2.5
      vertex 38.7825 36.2277 2.5
    endloop
  endfacet
  facet normal 0 0 1
    outer loop
      vertex -38.7825 36.2277 2.5
      vertex 38.7825 36.2277 2.5
      vertex 39 36.3731 2.5
    endloop
  endfacet
  facet normal 0 0 1
    outer loop
      vertex -39 36.3731 2.5
      vertex 39 36.3731 2.5
      vertex 39.2346 36.4888 2.5
    endloop
  endfacet
  facet normal 0 0 1
    outer loop
      vertex -39.2346 36.4888 2.5
      vertex 39.2346 36.4888 2.5
      vertex 39.4824 36.5729 2.5
    endloop
  endfacet
  facet normal 0 0 1
    outer loop
      vertex 39.7389 36.6239 2.5
      vertex -39.7389 36.6239 2.5
      vertex 39.4824 36.5729 2.5
    endloop
  endfacet
  facet normal 0 0 1
    outer loop
      vertex 38.0171 34.9021 2.5
      vertex -38.0171 34.9021 2.5
      vertex -38 34.641 2.5
    endloop
  endfacet
  facet normal 0 0 1
    outer loop
      vertex 38.0681 35.1587 2.5
      vertex -38.0681 35.1587 2.5
      vertex -38.0171 34.9021 2.5
    endloop
  endfacet
  facet normal 0 0 1
    outer loop
      vertex 38.1522 35.4064 2.5
      vertex -38.1522 35.4064 2.5
      vertex -38.0681 35.1587 2.5
    endloop
  endfacet
  facet normal 0 0 1
    outer loop
      vertex 38.2679 35.641 2.5
      vertex -38.2679 35.641 2.5
      vertex -38.1522 35.4064 2.5
    endloop
  endfacet
  facet normal 0 0 1
    outer loop
      vertex 38.4133 35.8585 2.5
      vertex -38.4133 35.8585 2.5
      vertex -38.2679 35.641 2.5
    endloop
  endfacet
  facet normal 0 0 1
    outer loop
      vertex 38.5858 36.0552 2.5
      vertex -38.5858 36.0552 2.5
      vertex -38.4133 35.8585 2.5
    endloop
  endfacet
  facet normal 0 0 1
    outer loop
      vertex 38.7825 36.2277 2.5
      vertex -38.7825 36.2277 2.5
      vertex -38.5858 36.0552 2.5
    endloop
  endfacet
  facet normal 0 0 1
    outer loop
      vertex 39 36.3731 2.5
      vertex -39 36.3731 2.5
      vertex -38.7825 36.2277 2.5
    endloop
  endfacet
  facet normal 0 0 1
    outer loop
      vertex 39.2346 36.4888 2.5
      vertex -39.2346 36.4888 2.5
      vertex -39 36.3731 2.5
    endloop
  endfacet
  facet normal 0 0 1
    outer loop
      vertex 39.4824 36.5729 2.5
      vertex -39.4824 36.5729 2.5
      vertex -39.2346 36.4888 2.5
    endloop
  endfacet
  facet normal 0 0 1
    outer loop
      vertex 39.4824 36.5729 2.5
      vertex -39.7389 36.6239 2.5
      vertex -39.4824 36.5729 2.5
    endloop
  endfacet
  facet normal -0 0 1
    outer loop
      vertex -90 50 2.5
      vertex -39.7389 36.6239 2.5
      vertex 90 50 2.5
    endloop
  endfacet
  facet normal 0 0 1
    outer loop
      vertex -39.7389 36.6239 2.5
      vertex -90 50 2.5
      vertex -40 36.641 2.5
    endloop
  endfacet
  facet normal 0 0 1
    outer loop
      vertex -41.4142 -33.2268 2.5
      vertex -78.4133 -1.21752 2.5
      vertex -41.5867 -33.4235 2.5
    endloop
  endfacet
  facet normal 0 0 1
    outer loop
      vertex -90 50 2.5
      vertex -42 34.641 2.5
      vertex -41.9829 34.9021 2.5
    endloop
  endfacet
  facet normal 0 0 1
    outer loop
      vertex -90 50 2.5
      vertex -41.9829 34.9021 2.5
      vertex -41.9319 35.1587 2.5
    endloop
  endfacet
  facet normal 0 0 1
    outer loop
      vertex -90 50 2.5
      vertex -41.9319 35.1587 2.5
      vertex -41.8478 35.4064 2.5
    endloop
  endfacet
  facet normal 0 0 1
    outer loop
      vertex -90 50 2.5
      vertex -41.8478 35.4064 2.5
      vertex -41.732 35.641 2.5
    endloop
  endfacet
  facet normal 0 0 1
    outer loop
      vertex -90 50 2.5
      vertex -41.732 35.641 2.5
      vertex -41.5867 35.8585 2.5
    endloop
  endfacet
  facet normal 0 0 1
    outer loop
      vertex -90 50 2.5
      vertex -41.5867 35.8585 2.5
      vertex -41.4142 36.0552 2.5
    endloop
  endfacet
  facet normal 0 0 1
    outer loop
      vertex -40.5176 32.7092 2.5
      vertex -78.0171 0.261052 2.5
      vertex -78 0 2.5
    endloop
  endfacet
  facet normal 0 0 1
    outer loop
      vertex -40.7654 32.7933 2.5
      vertex -78.0681 0.517637 2.5
      vertex -78.0171 0.261052 2.5
    endloop
  endfacet
  facet normal 0 0 1
    outer loop
      vertex -41 32.909 2.5
      vertex -78.1522 0.765367 2.5
      vertex -78.0681 0.517637 2.5
    endloop
  endfacet
  facet normal 0 0 1
    outer loop
      vertex -41.2175 33.0543 2.5
      vertex -78.268 1 2.5
      vertex -78.1522 0.765367 2.5
    endloop
  endfacet
  facet normal 0 0 1
    outer loop
      vertex -41.4142 33.2268 2.5
      vertex -78.4133 1.21752 2.5
      vertex -78.268 1 2.5
    endloop
  endfacet
  facet normal 0 0 1
    outer loop
      vertex -41.5867 33.4235 2.5
      vertex -78.5858 1.41421 2.5
      vertex -78.4133 1.21752 2.5
    endloop
  endfacet
  facet normal 0 0 1
    outer loop
      vertex -41.732 33.641 2.5
      vertex -78.7825 1.58671 2.5
      vertex -78.5858 1.41421 2.5
    endloop
  endfacet
  facet normal 0 0 1
    outer loop
      vertex -41.8478 33.8756 2.5
      vertex -79 1.73205 2.5
      vertex -78.7825 1.58671 2.5
    endloop
  endfacet
  facet normal 0 0 1
    outer loop
      vertex -41.9319 34.1234 2.5
      vertex -79.2346 1.84776 2.5
      vertex -79 1.73205 2.5
    endloop
  endfacet
  facet normal 0 0 1
    outer loop
      vertex -41.9829 34.38 2.5
      vertex -90 50 2.5
      vertex -79.2346 1.84776 2.5
    endloop
  endfacet
  facet normal 0 0 1
    outer loop
      vertex -79.2346 1.84776 2.5
      vertex -90 50 2.5
      vertex -79.4824 1.93185 2.5
    endloop
  endfacet
  facet normal 0 0 1
    outer loop
      vertex -79.4824 1.93185 2.5
      vertex -90 50 2.5
      vertex -79.7389 1.98289 2.5
    endloop
  endfacet
  facet normal 0 0 1
    outer loop
      vertex -79.7389 1.98289 2.5
      vertex -90 50 2.5
      vertex -80 2 2.5
    endloop
  endfacet
  facet normal 0 0 1
    outer loop
      vertex -80 2 2.5
      vertex -90 50 2.5
      vertex -80.2611 1.98289 2.5
    endloop
  endfacet
  facet normal 0 0 1
    outer loop
      vertex -90 50 2.5
      vertex -41.4142 36.0552 2.5
      vertex -41.2175 36.2277 2.5
    endloop
  endfacet
  facet normal 0 0 1
    outer loop
      vertex -80.2611 1.98289 2.5
      vertex -90 50 2.5
      vertex -80.5176 1.93185 2.5
    endloop
  endfacet
  facet normal 0 0 1
    outer loop
      vertex -80.5176 1.93185 2.5
      vertex -90 50 2.5
      vertex -80.7654 1.84776 2.5
    endloop
  endfacet
  facet normal 0 0 1
    outer loop
      vertex -80.7654 1.84776 2.5
      vertex -90 50 2.5
      vertex -81 1.73205 2.5
    endloop
  endfacet
  facet normal 0 0 1
    outer loop
      vertex -81.9829 0.261052 2.5
      vertex -90 50 2.5
      vertex -82 0 2.5
    endloop
  endfacet
  facet normal 0 0 1
    outer loop
      vertex -81.9319 0.517637 2.5
      vertex -90 50 2.5
      vertex -81.9829 0.261052 2.5
    endloop
  endfacet
  facet normal 0 0 1
    outer loop
      vertex -81.8478 0.765367 2.5
      vertex -90 50 2.5
      vertex -81.9319 0.517637 2.5
    endloop
  endfacet
  facet normal 0 0 1
    outer loop
      vertex -81.732 1 2.5
      vertex -90 50 2.5
      vertex -81.8478 0.765367 2.5
    endloop
  endfacet
  facet normal 0 0 1
    outer loop
      vertex -81.5867 1.21752 2.5
      vertex -90 50 2.5
      vertex -81.732 1 2.5
    endloop
  endfacet
  facet normal 0 0 1
    outer loop
      vertex -81.4142 1.41421 2.5
      vertex -90 50 2.5
      vertex -81.5867 1.21752 2.5
    endloop
  endfacet
  facet normal 0 0 1
    outer loop
      vertex -81.2175 1.58671 2.5
      vertex -90 50 2.5
      vertex -81.4142 1.41421 2.5
    endloop
  endfacet
  facet normal 0 0 1
    outer loop
      vertex -81 1.73205 2.5
      vertex -90 50 2.5
      vertex -81.2175 1.58671 2.5
    endloop
  endfacet
  facet normal 0 0 1
    outer loop
      vertex -41 36.3731 2.5
      vertex -90 50 2.5
      vertex -41.2175 36.2277 2.5
    endloop
  endfacet
  facet normal 0 0 1
    outer loop
      vertex -40.7654 36.4888 2.5
      vertex -90 50 2.5
      vertex -41 36.3731 2.5
    endloop
  endfacet
  facet normal 0 0 1
    outer loop
      vertex -40.5176 36.5729 2.5
      vertex -90 50 2.5
      vertex -40.7654 36.4888 2.5
    endloop
  endfacet
  facet normal 0 0 1
    outer loop
      vertex -40.2611 36.6239 2.5
      vertex -90 50 2.5
      vertex -40.5176 36.5729 2.5
    endloop
  endfacet
  facet normal 0 0 1
    outer loop
      vertex -40 36.641 2.5
      vertex -90 50 2.5
      vertex -40.2611 36.6239 2.5
    endloop
  endfacet
  facet normal -0 0 1
    outer loop
      vertex 81.9829 -0.261052 2.5
      vertex 90 -50 2.5
      vertex 82 0 2.5
    endloop
  endfacet
  facet normal -0 0 1
    outer loop
      vertex 81.9319 -0.517637 2.5
      vertex 90 -50 2.5
      vertex 81.9829 -0.261052 2.5
    endloop
  endfacet
  facet normal -0 0 1
    outer loop
      vertex 81.8478 -0.765367 2.5
      vertex 90 -50 2.5
      vertex 81.9319 -0.517637 2.5
    endloop
  endfacet
  facet normal -0 0 1
    outer loop
      vertex 81.732 -1 2.5
      vertex 90 -50 2.5
      vertex 81.8478 -0.765367 2.5
    endloop
  endfacet
  facet normal -0 0 1
    outer loop
      vertex 81.5867 -1.21752 2.5
      vertex 90 -50 2.5
      vertex 81.732 -1 2.5
    endloop
  endfacet
  facet normal -0 0 1
    outer loop
      vertex 81.4142 -1.41421 2.5
      vertex 90 -50 2.5
      vertex 81.5867 -1.21752 2.5
    endloop
  endfacet
  facet normal -0 0 1
    outer loop
      vertex 81.2175 -1.58671 2.5
      vertex 90 -50 2.5
      vertex 81.4142 -1.41421 2.5
    endloop
  endfacet
  facet normal -0 0 1
    outer loop
      vertex 81 -1.73205 2.5
      vertex 90 -50 2.5
      vertex 81.2175 -1.58671 2.5
    endloop
  endfacet
  facet normal -0 0 1
    outer loop
      vertex 80.7654 -1.84776 2.5
      vertex 90 -50 2.5
      vertex 81 -1.73205 2.5
    endloop
  endfacet
  facet normal -0 0 1
    outer loop
      vertex 80.5176 -1.93185 2.5
      vertex 90 -50 2.5
      vertex 80.7654 -1.84776 2.5
    endloop
  endfacet
  facet normal -0 0 1
    outer loop
      vertex 80.2611 -1.98289 2.5
      vertex 90 -50 2.5
      vertex 80.5176 -1.93185 2.5
    endloop
  endfacet
  facet normal -0 0 1
    outer loop
      vertex 80 -2 2.5
      vertex 90 -50 2.5
      vertex 80.2611 -1.98289 2.5
    endloop
  endfacet
  facet normal 0 0 1
    outer loop
      vertex 79.7389 -1.98289 2.5
      vertex 90 -50 2.5
      vertex 80 -2 2.5
    endloop
  endfacet
  facet normal 0 0 1
    outer loop
      vertex 79.4824 -1.93185 2.5
      vertex 90 -50 2.5
      vertex 79.7389 -1.98289 2.5
    endloop
  endfacet
  facet normal 0 0 1
    outer loop
      vertex 79.2346 -1.84776 2.5
      vertex 90 -50 2.5
      vertex 79.4824 -1.93185 2.5
    endloop
  endfacet
  facet normal 0 0 1
    outer loop
      vertex 42 -34.641 2.5
      vertex 79.2346 -1.84776 2.5
      vertex 79 -1.73205 2.5
    endloop
  endfacet
  facet normal 0 0 1
    outer loop
      vertex 42 -34.641 2.5
      vertex 79 -1.73205 2.5
      vertex 78.7825 -1.58671 2.5
    endloop
  endfacet
  facet normal 0 0 1
    outer loop
      vertex 42 -34.641 2.5
      vertex 78.7825 -1.58671 2.5
      vertex 78.5858 -1.41421 2.5
    endloop
  endfacet
  facet normal 0 0 1
    outer loop
      vertex 42 -34.641 2.5
      vertex 78.5858 -1.41421 2.5
      vertex 78.4133 -1.21752 2.5
    endloop
  endfacet
  facet normal 0 0 1
    outer loop
      vertex 42 -34.641 2.5
      vertex 78.4133 -1.21752 2.5
      vertex 78.268 -1 2.5
    endloop
  endfacet
  facet normal 0 0 1
    outer loop
      vertex 42 -34.641 2.5
      vertex 78.268 -1 2.5
      vertex 78.1522 -0.765367 2.5
    endloop
  endfacet
  facet normal 0 0 1
    outer loop
      vertex 42 -34.641 2.5
      vertex 78.1522 -0.765367 2.5
      vertex 78.0681 -0.517637 2.5
    endloop
  endfacet
  facet normal -0 0 1
    outer loop
      vertex 41.4142 33.2268 2.5
      vertex 78.4133 1.21752 2.5
      vertex 41.5867 33.4235 2.5
    endloop
  endfacet
  facet normal 0 0 1
    outer loop
      vertex 78 0 2.5
      vertex 42 -34.641 2.5
      vertex 78.0171 -0.261052 2.5
    endloop
  endfacet
  facet normal 0 0 1
    outer loop
      vertex 78.0171 -0.261052 2.5
      vertex 42 -34.641 2.5
      vertex 78.0681 -0.517637 2.5
    endloop
  endfacet
  facet normal 0 0 1
    outer loop
      vertex 79.2346 -1.84776 2.5
      vertex 42 -34.641 2.5
      vertex 90 -50 2.5
    endloop
  endfacet
  facet normal -0 0 1
    outer loop
      vertex 41.9829 -34.9021 2.5
      vertex 90 -50 2.5
      vertex 42 -34.641 2.5
    endloop
  endfacet
  facet normal -0 0 1
    outer loop
      vertex 41.9319 -35.1587 2.5
      vertex 90 -50 2.5
      vertex 41.9829 -34.9021 2.5
    endloop
  endfacet
  facet normal -0 0 1
    outer loop
      vertex 41.8478 -35.4064 2.5
      vertex 90 -50 2.5
      vertex 41.9319 -35.1587 2.5
    endloop
  endfacet
  facet normal -0 0 1
    outer loop
      vertex 41.732 -35.641 2.5
      vertex 90 -50 2.5
      vertex 41.8478 -35.4064 2.5
    endloop
  endfacet
  facet normal -0 0 1
    outer loop
      vertex 41.5867 -35.8585 2.5
      vertex 90 -50 2.5
      vertex 41.732 -35.641 2.5
    endloop
  endfacet
  facet normal -0 0 1
    outer loop
      vertex 41.4142 -36.0552 2.5
      vertex 90 -50 2.5
      vertex 41.5867 -35.8585 2.5
    endloop
  endfacet
  facet normal -0 0 1
    outer loop
      vertex 41.2175 -36.2277 2.5
      vertex 90 -50 2.5
      vertex 41.4142 -36.0552 2.5
    endloop
  endfacet
  facet normal -0 0 1
    outer loop
      vertex 41 -36.3731 2.5
      vertex 90 -50 2.5
      vertex 41.2175 -36.2277 2.5
    endloop
  endfacet
  facet normal -0 0 1
    outer loop
      vertex 40.7654 -36.4888 2.5
      vertex 90 -50 2.5
      vertex 41 -36.3731 2.5
    endloop
  endfacet
  facet normal -0 0 1
    outer loop
      vertex 40.5176 -36.5729 2.5
      vertex 90 -50 2.5
      vertex 40.7654 -36.4888 2.5
    endloop
  endfacet
  facet normal -0 0 1
    outer loop
      vertex 40.2611 -36.6239 2.5
      vertex 90 -50 2.5
      vertex 40.5176 -36.5729 2.5
    endloop
  endfacet
  facet normal -0 0 1
    outer loop
      vertex 40 -36.641 2.5
      vertex 90 -50 2.5
      vertex 40.2611 -36.6239 2.5
    endloop
  endfacet
  facet normal 0 0 1
    outer loop
      vertex 39.7389 -36.6239 2.5
      vertex 90 -50 2.5
      vertex 40 -36.641 2.5
    endloop
  endfacet
  facet normal 0 0 1
    outer loop
      vertex -39.7389 -36.6239 2.5
      vertex 39.7389 -36.6239 2.5
      vertex 39.4824 -36.5729 2.5
    endloop
  endfacet
  facet normal 0 0 1
    outer loop
      vertex 38.0171 -34.38 2.5
      vertex -38 -34.641 2.5
      vertex 38 -34.641 2.5
    endloop
  endfacet
  facet normal 0 0 1
    outer loop
      vertex 38 -34.641 2.5
      vertex -38 -34.641 2.5
      vertex 38.0171 -34.9021 2.5
    endloop
  endfacet
  facet normal 0 0 1
    outer loop
      vertex -38.0171 -34.9021 2.5
      vertex 38.0171 -34.9021 2.5
      vertex -38 -34.641 2.5
    endloop
  endfacet
  facet normal 0 0 1
    outer loop
      vertex 38.0171 -34.9021 2.5
      vertex -38.0171 -34.9021 2.5
      vertex 38.0681 -35.1587 2.5
    endloop
  endfacet
  facet normal 0 0 1
    outer loop
      vertex -38.0681 -35.1587 2.5
      vertex 38.0681 -35.1587 2.5
      vertex -38.0171 -34.9021 2.5
    endloop
  endfacet
  facet normal 0 0 1
    outer loop
      vertex 38.0681 -35.1587 2.5
      vertex -38.0681 -35.1587 2.5
      vertex 38.1522 -35.4064 2.5
    endloop
  endfacet
  facet normal 0 0 1
    outer loop
      vertex -38.1522 -35.4064 2.5
      vertex 38.1522 -35.4064 2.5
      vertex -38.0681 -35.1587 2.5
    endloop
  endfacet
  facet normal 0 0 1
    outer loop
      vertex 38.1522 -35.4064 2.5
      vertex -38.1522 -35.4064 2.5
      vertex 38.2679 -35.641 2.5
    endloop
  endfacet
  facet normal 0 0 1
    outer loop
      vertex -38.2679 -35.641 2.5
      vertex 38.2679 -35.641 2.5
      vertex -38.1522 -35.4064 2.5
    endloop
  endfacet
  facet normal 0 0 1
    outer loop
      vertex 38.2679 -35.641 2.5
      vertex -38.2679 -35.641 2.5
      vertex 38.4133 -35.8585 2.5
    endloop
  endfacet
  facet normal 0 0 1
    outer loop
      vertex -38.4133 -35.8585 2.5
      vertex 38.4133 -35.8585 2.5
      vertex -38.2679 -35.641 2.5
    endloop
  endfacet
  facet normal 0 0 1
    outer loop
      vertex 38.4133 -35.8585 2.5
      vertex -38.4133 -35.8585 2.5
      vertex 38.5858 -36.0552 2.5
    endloop
  endfacet
  facet normal 0 0 1
    outer loop
      vertex -38.5858 -36.0552 2.5
      vertex 38.5858 -36.0552 2.5
      vertex -38.4133 -35.8585 2.5
    endloop
  endfacet
  facet normal 0 0 1
    outer loop
      vertex 38.5858 -36.0552 2.5
      vertex -38.5858 -36.0552 2.5
      vertex 38.7825 -36.2277 2.5
    endloop
  endfacet
  facet normal 0 0 1
    outer loop
      vertex -38.7825 -36.2277 2.5
      vertex 38.7825 -36.2277 2.5
      vertex -38.5858 -36.0552 2.5
    endloop
  endfacet
  facet normal 0 0 1
    outer loop
      vertex 38.7825 -36.2277 2.5
      vertex -38.7825 -36.2277 2.5
      vertex 39 -36.3731 2.5
    endloop
  endfacet
  facet normal 0 0 1
    outer loop
      vertex -39 -36.3731 2.5
      vertex 39 -36.3731 2.5
      vertex -38.7825 -36.2277 2.5
    endloop
  endfacet
  facet normal 0 0 1
    outer loop
      vertex 39 -36.3731 2.5
      vertex -39 -36.3731 2.5
      vertex 39.2346 -36.4888 2.5
    endloop
  endfacet
  facet normal 0 0 1
    outer loop
      vertex -39.2346 -36.4888 2.5
      vertex 39.2346 -36.4888 2.5
      vertex -39 -36.3731 2.5
    endloop
  endfacet
  facet normal 0 0 1
    outer loop
      vertex 39.2346 -36.4888 2.5
      vertex -39.2346 -36.4888 2.5
      vertex 39.4824 -36.5729 2.5
    endloop
  endfacet
  facet normal 0 0 1
    outer loop
      vertex -39.4824 -36.5729 2.5
      vertex 39.4824 -36.5729 2.5
      vertex -39.2346 -36.4888 2.5
    endloop
  endfacet
  facet normal 0 0 1
    outer loop
      vertex -39.7389 -36.6239 2.5
      vertex 39.4824 -36.5729 2.5
      vertex -39.4824 -36.5729 2.5
    endloop
  endfacet
  facet normal 0 0 1
    outer loop
      vertex 39.7389 -36.6239 2.5
      vertex -39.7389 -36.6239 2.5
      vertex 90 -50 2.5
    endloop
  endfacet
  facet normal 0 0 1
    outer loop
      vertex -90 -50 2.5
      vertex -39.7389 -36.6239 2.5
      vertex -40 -36.641 2.5
    endloop
  endfacet
  facet normal 0 0 1
    outer loop
      vertex -90 -50 2.5
      vertex -40 -36.641 2.5
      vertex -40.2611 -36.6239 2.5
    endloop
  endfacet
  facet normal -0 0 1
    outer loop
      vertex -78.5858 -1.41421 2.5
      vertex -41.5867 -33.4235 2.5
      vertex -78.4133 -1.21752 2.5
    endloop
  endfacet
  facet normal 0 0 1
    outer loop
      vertex -41.5867 -33.4235 2.5
      vertex -78.5858 -1.41421 2.5
      vertex -41.732 -33.641 2.5
    endloop
  endfacet
  facet normal -0 0 1
    outer loop
      vertex -78.7825 -1.58671 2.5
      vertex -41.732 -33.641 2.5
      vertex -78.5858 -1.41421 2.5
    endloop
  endfacet
  facet normal 0 0 1
    outer loop
      vertex -41.732 -33.641 2.5
      vertex -78.7825 -1.58671 2.5
      vertex -41.8478 -33.8756 2.5
    endloop
  endfacet
  facet normal -0 0 1
    outer loop
      vertex -79 -1.73205 2.5
      vertex -41.8478 -33.8756 2.5
      vertex -78.7825 -1.58671 2.5
    endloop
  endfacet
  facet normal 0 0 1
    outer loop
      vertex -41.8478 -33.8756 2.5
      vertex -79 -1.73205 2.5
      vertex -41.9319 -34.1234 2.5
    endloop
  endfacet
  facet normal -0 0 1
    outer loop
      vertex -79.2346 -1.84776 2.5
      vertex -41.9319 -34.1234 2.5
      vertex -79 -1.73205 2.5
    endloop
  endfacet
  facet normal 0 0 1
    outer loop
      vertex -41.9319 -34.1234 2.5
      vertex -79.2346 -1.84776 2.5
      vertex -41.9829 -34.38 2.5
    endloop
  endfacet
  facet normal 0 0 1
    outer loop
      vertex -90 -50 2.5
      vertex -41.9829 -34.38 2.5
      vertex -79.2346 -1.84776 2.5
    endloop
  endfacet
  facet normal 0 0 1
    outer loop
      vertex -41.9829 -34.38 2.5
      vertex -90 -50 2.5
      vertex -42 -34.641 2.5
    endloop
  endfacet
  facet normal 0 0 1
    outer loop
      vertex -42 -34.641 2.5
      vertex -90 -50 2.5
      vertex -41.9829 -34.9021 2.5
    endloop
  endfacet
  facet normal 0 0 1
    outer loop
      vertex -41.9829 -34.9021 2.5
      vertex -90 -50 2.5
      vertex -41.9319 -35.1587 2.5
    endloop
  endfacet
  facet normal 0 0 1
    outer loop
      vertex -41.9319 -35.1587 2.5
      vertex -90 -50 2.5
      vertex -41.8478 -35.4064 2.5
    endloop
  endfacet
  facet normal 0 0 1
    outer loop
      vertex -41.8478 -35.4064 2.5
      vertex -90 -50 2.5
      vertex -41.732 -35.641 2.5
    endloop
  endfacet
  facet normal 0 0 1
    outer loop
      vertex -41.732 -35.641 2.5
      vertex -90 -50 2.5
      vertex -41.5867 -35.8585 2.5
    endloop
  endfacet
  facet normal 0 0 1
    outer loop
      vertex -90 -50 2.5
      vertex -79.2346 -1.84776 2.5
      vertex -79.4824 -1.93185 2.5
    endloop
  endfacet
  facet normal 0 0 1
    outer loop
      vertex -90 -50 2.5
      vertex -79.4824 -1.93185 2.5
      vertex -79.7389 -1.98289 2.5
    endloop
  endfacet
  facet normal 0 0 1
    outer loop
      vertex -90 -50 2.5
      vertex -79.7389 -1.98289 2.5
      vertex -80 -2 2.5
    endloop
  endfacet
  facet normal 0 0 1
    outer loop
      vertex -90 -50 2.5
      vertex -80 -2 2.5
      vertex -80.2611 -1.98289 2.5
    endloop
  endfacet
  facet normal 0 0 1
    outer loop
      vertex -90 -50 2.5
      vertex -80.2611 -1.98289 2.5
      vertex -80.5176 -1.93185 2.5
    endloop
  endfacet
  facet normal 0 0 1
    outer loop
      vertex -41.5867 -35.8585 2.5
      vertex -90 -50 2.5
      vertex -41.4142 -36.0552 2.5
    endloop
  endfacet
  facet normal 0 0 1
    outer loop
      vertex -90 -50 2.5
      vertex -80.5176 -1.93185 2.5
      vertex -80.7654 -1.84776 2.5
    endloop
  endfacet
  facet normal 0 0 1
    outer loop
      vertex -90 -50 2.5
      vertex -80.7654 -1.84776 2.5
      vertex -81 -1.73205 2.5
    endloop
  endfacet
  facet normal 0 0 1
    outer loop
      vertex -90 -50 2.5
      vertex -81 -1.73205 2.5
      vertex -81.2175 -1.58671 2.5
    endloop
  endfacet
  facet normal 0 0 1
    outer loop
      vertex -90 -50 2.5
      vertex -82 0 2.5
      vertex -90 50 2.5
    endloop
  endfacet
  facet normal 0 0 1
    outer loop
      vertex -39.7389 -36.6239 2.5
      vertex -90 -50 2.5
      vertex 90 -50 2.5
    endloop
  endfacet
  facet normal 0 0 1
    outer loop
      vertex -40.5176 -36.5729 2.5
      vertex -90 -50 2.5
      vertex -40.2611 -36.6239 2.5
    endloop
  endfacet
  facet normal 0 0 1
    outer loop
      vertex -40.7654 -36.4888 2.5
      vertex -90 -50 2.5
      vertex -40.5176 -36.5729 2.5
    endloop
  endfacet
  facet normal 0 0 1
    outer loop
      vertex -41 -36.3731 2.5
      vertex -90 -50 2.5
      vertex -40.7654 -36.4888 2.5
    endloop
  endfacet
  facet normal 0 0 1
    outer loop
      vertex -41.2175 -36.2277 2.5
      vertex -90 -50 2.5
      vertex -41 -36.3731 2.5
    endloop
  endfacet
  facet normal 0 0 1
    outer loop
      vertex -41.4142 -36.0552 2.5
      vertex -90 -50 2.5
      vertex -41.2175 -36.2277 2.5
    endloop
  endfacet
  facet normal 0 0 1
    outer loop
      vertex -81.4142 -1.41421 2.5
      vertex -90 -50 2.5
      vertex -81.2175 -1.58671 2.5
    endloop
  endfacet
  facet normal 0 0 1
    outer loop
      vertex -81.5867 -1.21752 2.5
      vertex -90 -50 2.5
      vertex -81.4142 -1.41421 2.5
    endloop
  endfacet
  facet normal 0 0 1
    outer loop
      vertex -81.732 -1 2.5
      vertex -90 -50 2.5
      vertex -81.5867 -1.21752 2.5
    endloop
  endfacet
  facet normal 0 0 1
    outer loop
      vertex -81.8478 -0.765367 2.5
      vertex -90 -50 2.5
      vertex -81.732 -1 2.5
    endloop
  endfacet
  facet normal 0 0 1
    outer loop
      vertex -81.9319 -0.517637 2.5
      vertex -90 -50 2.5
      vertex -81.8478 -0.765367 2.5
    endloop
  endfacet
  facet normal 0 0 1
    outer loop
      vertex -81.9829 -0.261052 2.5
      vertex -90 -50 2.5
      vertex -81.9319 -0.517637 2.5
    endloop
  endfacet
  facet normal 0 0 1
    outer loop
      vertex -82 0 2.5
      vertex -90 -50 2.5
      vertex -81.9829 -0.261052 2.5
    endloop
  endfacet
  facet normal 0 0 -1
    outer loop
      vertex -38.2679 -33.641 -2.5
      vertex 38.2679 -33.641 -2.5
      vertex -38.1522 -33.8756 -2.5
    endloop
  endfacet
  facet normal 0 0 -1
    outer loop
      vertex 38.4133 33.4235 -2.5
      vertex -38.0171 34.38 -2.5
      vertex -38 34.641 -2.5
    endloop
  endfacet
  facet normal 0 0 -1
    outer loop
      vertex 38.2679 -33.641 -2.5
      vertex -38.2679 -33.641 -2.5
      vertex 38.4133 -33.4235 -2.5
    endloop
  endfacet
  facet normal 0 0 -1
    outer loop
      vertex 38.4133 33.4235 -2.5
      vertex -38.0681 34.1234 -2.5
      vertex -38.0171 34.38 -2.5
    endloop
  endfacet
  facet normal 0 0 -1
    outer loop
      vertex -38.4133 -33.4235 -2.5
      vertex 38.4133 -33.4235 -2.5
      vertex -38.2679 -33.641 -2.5
    endloop
  endfacet
  facet normal 0 0 -1
    outer loop
      vertex 38.4133 33.4235 -2.5
      vertex -38.1522 33.8756 -2.5
      vertex -38.0681 34.1234 -2.5
    endloop
  endfacet
  facet normal 0 0 -1
    outer loop
      vertex 38.4133 -33.4235 -2.5
      vertex -38.4133 -33.4235 -2.5
      vertex 38.4133 33.4235 -2.5
    endloop
  endfacet
  facet normal 0 0 -1
    outer loop
      vertex 38.4133 33.4235 -2.5
      vertex -38.2679 33.641 -2.5
      vertex -38.1522 33.8756 -2.5
    endloop
  endfacet
  facet normal 0 0 -1
    outer loop
      vertex -38.4133 33.4235 -2.5
      vertex 38.4133 33.4235 -2.5
      vertex -38.4133 -33.4235 -2.5
    endloop
  endfacet
  facet normal 0 0 -1
    outer loop
      vertex 38.4133 33.4235 -2.5
      vertex -38.4133 33.4235 -2.5
      vertex -38.2679 33.641 -2.5
    endloop
  endfacet
  facet normal 0 0 -1
    outer loop
      vertex -38.5858 -33.2268 -2.5
      vertex -38.4133 33.4235 -2.5
      vertex -38.4133 -33.4235 -2.5
    endloop
  endfacet
  facet normal 0 0 -1
    outer loop
      vertex -38.5858 -33.2268 -2.5
      vertex -38.5858 33.2268 -2.5
      vertex -38.4133 33.4235 -2.5
    endloop
  endfacet
  facet normal 0 0 -1
    outer loop
      vertex -38.7825 -33.0543 -2.5
      vertex -38.5858 33.2268 -2.5
      vertex -38.5858 -33.2268 -2.5
    endloop
  endfacet
  facet normal 0 0 -1
    outer loop
      vertex -38.7825 -33.0543 -2.5
      vertex -38.7825 33.0543 -2.5
      vertex -38.5858 33.2268 -2.5
    endloop
  endfacet
  facet normal 0 0 -1
    outer loop
      vertex -39 -32.909 -2.5
      vertex -38.7825 33.0543 -2.5
      vertex -38.7825 -33.0543 -2.5
    endloop
  endfacet
  facet normal 0 0 -1
    outer loop
      vertex -39 -32.909 -2.5
      vertex -39 32.909 -2.5
      vertex -38.7825 33.0543 -2.5
    endloop
  endfacet
  facet normal 0 0 -1
    outer loop
      vertex -39.2346 -32.7933 -2.5
      vertex -39 32.909 -2.5
      vertex -39 -32.909 -2.5
    endloop
  endfacet
  facet normal 0 0 -1
    outer loop
      vertex -39.2346 -32.7933 -2.5
      vertex -39.2346 32.7933 -2.5
      vertex -39 32.909 -2.5
    endloop
  endfacet
  facet normal 0 0 -1
    outer loop
      vertex -39.4824 -32.7092 -2.5
      vertex -39.2346 32.7933 -2.5
      vertex -39.2346 -32.7933 -2.5
    endloop
  endfacet
  facet normal 0 0 -1
    outer loop
      vertex -39.4824 -32.7092 -2.5
      vertex -39.4824 32.7092 -2.5
      vertex -39.2346 32.7933 -2.5
    endloop
  endfacet
  facet normal 0 0 -1
    outer loop
      vertex -39.7389 -32.6581 -2.5
      vertex -39.4824 32.7092 -2.5
      vertex -39.4824 -32.7092 -2.5
    endloop
  endfacet
  facet normal 0 0 -1
    outer loop
      vertex -39.7389 -32.6581 -2.5
      vertex -39.7389 32.6581 -2.5
      vertex -39.4824 32.7092 -2.5
    endloop
  endfacet
  facet normal 0 0 -1
    outer loop
      vertex -40 -32.641 -2.5
      vertex -39.7389 32.6581 -2.5
      vertex -39.7389 -32.6581 -2.5
    endloop
  endfacet
  facet normal 0 0 -1
    outer loop
      vertex -40 -32.641 -2.5
      vertex -40 32.641 -2.5
      vertex -39.7389 32.6581 -2.5
    endloop
  endfacet
  facet normal 0 0 -1
    outer loop
      vertex -40.2611 -32.6581 -2.5
      vertex -40 32.641 -2.5
      vertex -40 -32.641 -2.5
    endloop
  endfacet
  facet normal 0 0 -1
    outer loop
      vertex -40.2611 -32.6581 -2.5
      vertex -40.2611 32.6581 -2.5
      vertex -40 32.641 -2.5
    endloop
  endfacet
  facet normal 0 0 -1
    outer loop
      vertex -78 0 -2.5
      vertex -40.2611 -32.6581 -2.5
      vertex -40.5176 -32.7092 -2.5
    endloop
  endfacet
  facet normal 0 0 -1
    outer loop
      vertex -40.2611 -32.6581 -2.5
      vertex -78 0 -2.5
      vertex -40.2611 32.6581 -2.5
    endloop
  endfacet
  facet normal 0 0 -1
    outer loop
      vertex -78.0171 -0.261052 -2.5
      vertex -40.5176 -32.7092 -2.5
      vertex -40.7654 -32.7933 -2.5
    endloop
  endfacet
  facet normal -0 0 -1
    outer loop
      vertex -40.2611 32.6581 -2.5
      vertex -78 0 -2.5
      vertex -40.5176 32.7092 -2.5
    endloop
  endfacet
  facet normal 0 0 -1
    outer loop
      vertex -78.0681 -0.517637 -2.5
      vertex -40.7654 -32.7933 -2.5
      vertex -41 -32.909 -2.5
    endloop
  endfacet
  facet normal 0 0 -1
    outer loop
      vertex -78.0171 0.261052 -2.5
      vertex -40.5176 32.7092 -2.5
      vertex -78 0 -2.5
    endloop
  endfacet
  facet normal 0 0 -1
    outer loop
      vertex -78.1522 -0.765367 -2.5
      vertex -41 -32.909 -2.5
      vertex -41.2175 -33.0543 -2.5
    endloop
  endfacet
  facet normal -0 0 -1
    outer loop
      vertex -40.5176 32.7092 -2.5
      vertex -78.0171 0.261052 -2.5
      vertex -40.7654 32.7933 -2.5
    endloop
  endfacet
  facet normal 0 0 -1
    outer loop
      vertex -78.268 -1 -2.5
      vertex -41.2175 -33.0543 -2.5
      vertex -41.4142 -33.2268 -2.5
    endloop
  endfacet
  facet normal 0 0 -1
    outer loop
      vertex -78.0681 0.517637 -2.5
      vertex -40.7654 32.7933 -2.5
      vertex -78.0171 0.261052 -2.5
    endloop
  endfacet
  facet normal 0 0 -1
    outer loop
      vertex -78.4133 -1.21752 -2.5
      vertex -41.4142 -33.2268 -2.5
      vertex -41.5867 -33.4235 -2.5
    endloop
  endfacet
  facet normal -0 0 -1
    outer loop
      vertex -40.7654 32.7933 -2.5
      vertex -78.0681 0.517637 -2.5
      vertex -41 32.909 -2.5
    endloop
  endfacet
  facet normal 0 0 -1
    outer loop
      vertex -78.5858 -1.41421 -2.5
      vertex -41.5867 -33.4235 -2.5
      vertex -41.732 -33.641 -2.5
    endloop
  endfacet
  facet normal 0 0 -1
    outer loop
      vertex -78.1522 0.765367 -2.5
      vertex -41 32.909 -2.5
      vertex -78.0681 0.517637 -2.5
    endloop
  endfacet
  facet normal 0 0 -1
    outer loop
      vertex -78.7825 -1.58671 -2.5
      vertex -41.732 -33.641 -2.5
      vertex -41.8478 -33.8756 -2.5
    endloop
  endfacet
  facet normal -0 0 -1
    outer loop
      vertex -41 32.909 -2.5
      vertex -78.1522 0.765367 -2.5
      vertex -41.2175 33.0543 -2.5
    endloop
  endfacet
  facet normal 0 0 -1
    outer loop
      vertex -79 -1.73205 -2.5
      vertex -41.8478 -33.8756 -2.5
      vertex -41.9319 -34.1234 -2.5
    endloop
  endfacet
  facet normal 0 0 -1
    outer loop
      vertex -78.268 1 -2.5
      vertex -41.2175 33.0543 -2.5
      vertex -78.1522 0.765367 -2.5
    endloop
  endfacet
  facet normal 0 0 -1
    outer loop
      vertex -79.2346 -1.84776 -2.5
      vertex -41.9319 -34.1234 -2.5
      vertex -41.9829 -34.38 -2.5
    endloop
  endfacet
  facet normal -0 0 -1
    outer loop
      vertex -41.2175 33.0543 -2.5
      vertex -78.268 1 -2.5
      vertex -41.4142 33.2268 -2.5
    endloop
  endfacet
  facet normal 0 0 -1
    outer loop
      vertex -90 -50 -2.5
      vertex -41.9829 -34.38 -2.5
      vertex -42 -34.641 -2.5
    endloop
  endfacet
  facet normal 0 0 -1
    outer loop
      vertex -78.4133 1.21752 -2.5
      vertex -41.4142 33.2268 -2.5
      vertex -78.268 1 -2.5
    endloop
  endfacet
  facet normal -0 0 -1
    outer loop
      vertex 78.4133 -1.21752 -2.5
      vertex 41.4142 -33.2268 -2.5
      vertex 78.268 -1 -2.5
    endloop
  endfacet
  facet normal 0 0 -1
    outer loop
      vertex 78 0 -2.5
      vertex 41.9829 34.38 -2.5
      vertex 42 34.641 -2.5
    endloop
  endfacet
  facet normal 0 0 -1
    outer loop
      vertex 41.2175 -33.0543 -2.5
      vertex 78.268 -1 -2.5
      vertex 41.4142 -33.2268 -2.5
    endloop
  endfacet
  facet normal 0 0 -1
    outer loop
      vertex 78 0 -2.5
      vertex 41.9319 34.1234 -2.5
      vertex 41.9829 34.38 -2.5
    endloop
  endfacet
  facet normal -0 0 -1
    outer loop
      vertex 78.268 -1 -2.5
      vertex 41.2175 -33.0543 -2.5
      vertex 78.1522 -0.765367 -2.5
    endloop
  endfacet
  facet normal 0 0 -1
    outer loop
      vertex 78 0 -2.5
      vertex 41.8478 33.8756 -2.5
      vertex 41.9319 34.1234 -2.5
    endloop
  endfacet
  facet normal 0 0 -1
    outer loop
      vertex 41 -32.909 -2.5
      vertex 78.1522 -0.765367 -2.5
      vertex 41.2175 -33.0543 -2.5
    endloop
  endfacet
  facet normal 0 0 -1
    outer loop
      vertex 78 0 -2.5
      vertex 41.732 33.641 -2.5
      vertex 41.8478 33.8756 -2.5
    endloop
  endfacet
  facet normal -0 0 -1
    outer loop
      vertex 78.1522 -0.765367 -2.5
      vertex 41 -32.909 -2.5
      vertex 78.0681 -0.517637 -2.5
    endloop
  endfacet
  facet normal 0 0 -1
    outer loop
      vertex 78 0 -2.5
      vertex 41.5867 33.4235 -2.5
      vertex 41.732 33.641 -2.5
    endloop
  endfacet
  facet normal 0 0 -1
    outer loop
      vertex 40.7654 -32.7933 -2.5
      vertex 78.0681 -0.517637 -2.5
      vertex 41 -32.909 -2.5
    endloop
  endfacet
  facet normal 0 0 -1
    outer loop
      vertex 78 0 -2.5
      vertex 41.4142 33.2268 -2.5
      vertex 41.5867 33.4235 -2.5
    endloop
  endfacet
  facet normal -0 0 -1
    outer loop
      vertex 78.0681 -0.517637 -2.5
      vertex 40.7654 -32.7933 -2.5
      vertex 78.0171 -0.261052 -2.5
    endloop
  endfacet
  facet normal 0 0 -1
    outer loop
      vertex 78 0 -2.5
      vertex 41.2175 33.0543 -2.5
      vertex 41.4142 33.2268 -2.5
    endloop
  endfacet
  facet normal 0 0 -1
    outer loop
      vertex 40.5176 -32.7092 -2.5
      vertex 78.0171 -0.261052 -2.5
      vertex 40.7654 -32.7933 -2.5
    endloop
  endfacet
  facet normal 0 0 -1
    outer loop
      vertex 78 0 -2.5
      vertex 41 32.909 -2.5
      vertex 41.2175 33.0543 -2.5
    endloop
  endfacet
  facet normal -0 0 -1
    outer loop
      vertex 78.0171 -0.261052 -2.5
      vertex 40.5176 -32.7092 -2.5
      vertex 78 0 -2.5
    endloop
  endfacet
  facet normal 0 0 -1
    outer loop
      vertex 78 0 -2.5
      vertex 40.7654 32.7933 -2.5
      vertex 41 32.909 -2.5
    endloop
  endfacet
  facet normal 0 0 -1
    outer loop
      vertex 40.2611 -32.6581 -2.5
      vertex 78 0 -2.5
      vertex 40.5176 -32.7092 -2.5
    endloop
  endfacet
  facet normal 0 0 -1
    outer loop
      vertex 78 0 -2.5
      vertex 40.5176 32.7092 -2.5
      vertex 40.7654 32.7933 -2.5
    endloop
  endfacet
  facet normal 0 0 -1
    outer loop
      vertex 40.2611 32.6581 -2.5
      vertex 78 0 -2.5
      vertex 40.2611 -32.6581 -2.5
    endloop
  endfacet
  facet normal 0 0 -1
    outer loop
      vertex 78 0 -2.5
      vertex 40.2611 32.6581 -2.5
      vertex 40.5176 32.7092 -2.5
    endloop
  endfacet
  facet normal 0 0 -1
    outer loop
      vertex 40 -32.641 -2.5
      vertex 40.2611 32.6581 -2.5
      vertex 40.2611 -32.6581 -2.5
    endloop
  endfacet
  facet normal 0 0 -1
    outer loop
      vertex 40 -32.641 -2.5
      vertex 40 32.641 -2.5
      vertex 40.2611 32.6581 -2.5
    endloop
  endfacet
  facet normal 0 0 -1
    outer loop
      vertex 39.7389 -32.6581 -2.5
      vertex 40 32.641 -2.5
      vertex 40 -32.641 -2.5
    endloop
  endfacet
  facet normal 0 0 -1
    outer loop
      vertex 39.7389 -32.6581 -2.5
      vertex 39.7389 32.6581 -2.5
      vertex 40 32.641 -2.5
    endloop
  endfacet
  facet normal 0 0 -1
    outer loop
      vertex 39.4824 -32.7092 -2.5
      vertex 39.7389 32.6581 -2.5
      vertex 39.7389 -32.6581 -2.5
    endloop
  endfacet
  facet normal 0 0 -1
    outer loop
      vertex 39.4824 -32.7092 -2.5
      vertex 39.4824 32.7092 -2.5
      vertex 39.7389 32.6581 -2.5
    endloop
  endfacet
  facet normal 0 0 -1
    outer loop
      vertex 39.2346 -32.7933 -2.5
      vertex 39.4824 32.7092 -2.5
      vertex 39.4824 -32.7092 -2.5
    endloop
  endfacet
  facet normal 0 0 -1
    outer loop
      vertex 39.2346 -32.7933 -2.5
      vertex 39.2346 32.7933 -2.5
      vertex 39.4824 32.7092 -2.5
    endloop
  endfacet
  facet normal 0 0 -1
    outer loop
      vertex 39 -32.909 -2.5
      vertex 39.2346 32.7933 -2.5
      vertex 39.2346 -32.7933 -2.5
    endloop
  endfacet
  facet normal 0 0 -1
    outer loop
      vertex 39 -32.909 -2.5
      vertex 39 32.909 -2.5
      vertex 39.2346 32.7933 -2.5
    endloop
  endfacet
  facet normal 0 0 -1
    outer loop
      vertex 38.7825 -33.0543 -2.5
      vertex 39 32.909 -2.5
      vertex 39 -32.909 -2.5
    endloop
  endfacet
  facet normal 0 0 -1
    outer loop
      vertex 38.7825 -33.0543 -2.5
      vertex 38.7825 33.0543 -2.5
      vertex 39 32.909 -2.5
    endloop
  endfacet
  facet normal 0 0 -1
    outer loop
      vertex 38.5858 -33.2268 -2.5
      vertex 38.7825 33.0543 -2.5
      vertex 38.7825 -33.0543 -2.5
    endloop
  endfacet
  facet normal 0 0 -1
    outer loop
      vertex 38.5858 -33.2268 -2.5
      vertex 38.5858 33.2268 -2.5
      vertex 38.7825 33.0543 -2.5
    endloop
  endfacet
  facet normal 0 0 -1
    outer loop
      vertex 38.4133 -33.4235 -2.5
      vertex 38.5858 33.2268 -2.5
      vertex 38.5858 -33.2268 -2.5
    endloop
  endfacet
  facet normal 0 0 -1
    outer loop
      vertex 38.4133 -33.4235 -2.5
      vertex 38.4133 33.4235 -2.5
      vertex 38.5858 33.2268 -2.5
    endloop
  endfacet
  facet normal 0 0 -1
    outer loop
      vertex 38.0681 -34.1234 -2.5
      vertex -38.0681 -34.1234 -2.5
      vertex 38.1522 -33.8756 -2.5
    endloop
  endfacet
  facet normal 0 0 -1
    outer loop
      vertex -38.1522 -33.8756 -2.5
      vertex 38.1522 -33.8756 -2.5
      vertex -38.0681 -34.1234 -2.5
    endloop
  endfacet
  facet normal 0 0 -1
    outer loop
      vertex -38.0681 -34.1234 -2.5
      vertex 38.0681 -34.1234 -2.5
      vertex -38.0171 -34.38 -2.5
    endloop
  endfacet
  facet normal 0 0 -1
    outer loop
      vertex 38.1522 -33.8756 -2.5
      vertex -38.1522 -33.8756 -2.5
      vertex 38.2679 -33.641 -2.5
    endloop
  endfacet
  facet normal 0 0 -1
    outer loop
      vertex 38.0171 -34.38 -2.5
      vertex -38.0171 -34.38 -2.5
      vertex 38.0681 -34.1234 -2.5
    endloop
  endfacet
  facet normal 0 0 -1
    outer loop
      vertex 38.4133 33.4235 -2.5
      vertex -38 34.641 -2.5
      vertex 38.2679 33.641 -2.5
    endloop
  endfacet
  facet normal 0 0 -1
    outer loop
      vertex -38.0171 -34.38 -2.5
      vertex 38.0171 -34.38 -2.5
      vertex -38 -34.641 -2.5
    endloop
  endfacet
  facet normal 0 0 -1
    outer loop
      vertex 38.2679 33.641 -2.5
      vertex -38 34.641 -2.5
      vertex 38.1522 33.8756 -2.5
    endloop
  endfacet
  facet normal 0 0 -1
    outer loop
      vertex -38 -34.641 -2.5
      vertex 38.0171 -34.38 -2.5
      vertex 38 -34.641 -2.5
    endloop
  endfacet
  facet normal 0 0 -1
    outer loop
      vertex 38.1522 33.8756 -2.5
      vertex -38 34.641 -2.5
      vertex 38.0681 34.1234 -2.5
    endloop
  endfacet
  facet normal 0 0 -1
    outer loop
      vertex 90 -50 -2.5
      vertex 82 0 -2.5
      vertex 90 50 -2.5
    endloop
  endfacet
  facet normal 0 0 -1
    outer loop
      vertex 90 -50 -2.5
      vertex 81.9829 -0.261052 -2.5
      vertex 82 0 -2.5
    endloop
  endfacet
  facet normal 0 0 -1
    outer loop
      vertex 90 -50 -2.5
      vertex 81.9319 -0.517637 -2.5
      vertex 81.9829 -0.261052 -2.5
    endloop
  endfacet
  facet normal 0 0 -1
    outer loop
      vertex 90 -50 -2.5
      vertex 81.8478 -0.765367 -2.5
      vertex 81.9319 -0.517637 -2.5
    endloop
  endfacet
  facet normal 0 0 -1
    outer loop
      vertex 90 -50 -2.5
      vertex 81.732 -1 -2.5
      vertex 81.8478 -0.765367 -2.5
    endloop
  endfacet
  facet normal 0 0 -1
    outer loop
      vertex 90 -50 -2.5
      vertex 81.5867 -1.21752 -2.5
      vertex 81.732 -1 -2.5
    endloop
  endfacet
  facet normal 0 0 -1
    outer loop
      vertex 90 -50 -2.5
      vertex 81.4142 -1.41421 -2.5
      vertex 81.5867 -1.21752 -2.5
    endloop
  endfacet
  facet normal 0 0 -1
    outer loop
      vertex 90 -50 -2.5
      vertex 81.2175 -1.58671 -2.5
      vertex 81.4142 -1.41421 -2.5
    endloop
  endfacet
  facet normal 0 0 -1
    outer loop
      vertex 90 -50 -2.5
      vertex 81 -1.73205 -2.5
      vertex 81.2175 -1.58671 -2.5
    endloop
  endfacet
  facet normal 0 0 -1
    outer loop
      vertex 90 -50 -2.5
      vertex 80.7654 -1.84776 -2.5
      vertex 81 -1.73205 -2.5
    endloop
  endfacet
  facet normal 0 0 -1
    outer loop
      vertex 90 -50 -2.5
      vertex 80.5176 -1.93185 -2.5
      vertex 80.7654 -1.84776 -2.5
    endloop
  endfacet
  facet normal 0 0 -1
    outer loop
      vertex 90 -50 -2.5
      vertex 80.2611 -1.98289 -2.5
      vertex 80.5176 -1.93185 -2.5
    endloop
  endfacet
  facet normal 0 0 -1
    outer loop
      vertex 90 -50 -2.5
      vertex 80 -2 -2.5
      vertex 80.2611 -1.98289 -2.5
    endloop
  endfacet
  facet normal 0 0 -1
    outer loop
      vertex 90 -50 -2.5
      vertex 79.7389 -1.98289 -2.5
      vertex 80 -2 -2.5
    endloop
  endfacet
  facet normal 0 0 -1
    outer loop
      vertex 90 -50 -2.5
      vertex 79.4824 -1.93185 -2.5
      vertex 79.7389 -1.98289 -2.5
    endloop
  endfacet
  facet normal 0 0 -1
    outer loop
      vertex 90 -50 -2.5
      vertex 79.2346 -1.84776 -2.5
      vertex 79.4824 -1.93185 -2.5
    endloop
  endfacet
  facet normal 0 0 -1
    outer loop
      vertex 41.9829 -34.38 -2.5
      vertex 90 -50 -2.5
      vertex 42 -34.641 -2.5
    endloop
  endfacet
  facet normal 0 0 -1
    outer loop
      vertex 90 -50 -2.5
      vertex 41.9829 -34.38 -2.5
      vertex 79.2346 -1.84776 -2.5
    endloop
  endfacet
  facet normal 0 0 -1
    outer loop
      vertex 41.9319 -34.1234 -2.5
      vertex 79.2346 -1.84776 -2.5
      vertex 41.9829 -34.38 -2.5
    endloop
  endfacet
  facet normal -0 0 -1
    outer loop
      vertex 79.2346 -1.84776 -2.5
      vertex 41.9319 -34.1234 -2.5
      vertex 79 -1.73205 -2.5
    endloop
  endfacet
  facet normal 0 0 -1
    outer loop
      vertex 41.8478 -33.8756 -2.5
      vertex 79 -1.73205 -2.5
      vertex 41.9319 -34.1234 -2.5
    endloop
  endfacet
  facet normal -0 0 -1
    outer loop
      vertex 79 -1.73205 -2.5
      vertex 41.8478 -33.8756 -2.5
      vertex 78.7825 -1.58671 -2.5
    endloop
  endfacet
  facet normal 0 0 -1
    outer loop
      vertex 41.732 -33.641 -2.5
      vertex 78.7825 -1.58671 -2.5
      vertex 41.8478 -33.8756 -2.5
    endloop
  endfacet
  facet normal -0 0 -1
    outer loop
      vertex 78.5858 -1.41421 -2.5
      vertex 41.5867 -33.4235 -2.5
      vertex 78.4133 -1.21752 -2.5
    endloop
  endfacet
  facet normal 0 0 -1
    outer loop
      vertex 41.5867 -33.4235 -2.5
      vertex 78.5858 -1.41421 -2.5
      vertex 41.732 -33.641 -2.5
    endloop
  endfacet
  facet normal -0 0 -1
    outer loop
      vertex 78.7825 -1.58671 -2.5
      vertex 41.732 -33.641 -2.5
      vertex 78.5858 -1.41421 -2.5
    endloop
  endfacet
  facet normal 0 0 -1
    outer loop
      vertex 90 -50 -2.5
      vertex 41.9829 -34.9021 -2.5
      vertex 42 -34.641 -2.5
    endloop
  endfacet
  facet normal 0 0 -1
    outer loop
      vertex 90 -50 -2.5
      vertex 41.9319 -35.1587 -2.5
      vertex 41.9829 -34.9021 -2.5
    endloop
  endfacet
  facet normal 0 0 -1
    outer loop
      vertex 90 -50 -2.5
      vertex 41.8478 -35.4064 -2.5
      vertex 41.9319 -35.1587 -2.5
    endloop
  endfacet
  facet normal 0 0 -1
    outer loop
      vertex 90 -50 -2.5
      vertex 41.732 -35.641 -2.5
      vertex 41.8478 -35.4064 -2.5
    endloop
  endfacet
  facet normal 0 0 -1
    outer loop
      vertex 90 -50 -2.5
      vertex 41.5867 -35.8585 -2.5
      vertex 41.732 -35.641 -2.5
    endloop
  endfacet
  facet normal 0 0 -1
    outer loop
      vertex 90 -50 -2.5
      vertex 41.4142 -36.0552 -2.5
      vertex 41.5867 -35.8585 -2.5
    endloop
  endfacet
  facet normal 0 0 -1
    outer loop
      vertex 90 -50 -2.5
      vertex 41.2175 -36.2277 -2.5
      vertex 41.4142 -36.0552 -2.5
    endloop
  endfacet
  facet normal 0 0 -1
    outer loop
      vertex 90 -50 -2.5
      vertex 41 -36.3731 -2.5
      vertex 41.2175 -36.2277 -2.5
    endloop
  endfacet
  facet normal 0 0 -1
    outer loop
      vertex 90 -50 -2.5
      vertex 40.7654 -36.4888 -2.5
      vertex 41 -36.3731 -2.5
    endloop
  endfacet
  facet normal 0 0 -1
    outer loop
      vertex 90 -50 -2.5
      vertex 40.5176 -36.5729 -2.5
      vertex 40.7654 -36.4888 -2.5
    endloop
  endfacet
  facet normal 0 0 -1
    outer loop
      vertex 90 -50 -2.5
      vertex 40.2611 -36.6239 -2.5
      vertex 40.5176 -36.5729 -2.5
    endloop
  endfacet
  facet normal 0 0 -1
    outer loop
      vertex 90 -50 -2.5
      vertex 40 -36.641 -2.5
      vertex 40.2611 -36.6239 -2.5
    endloop
  endfacet
  facet normal 0 0 -1
    outer loop
      vertex 90 -50 -2.5
      vertex 39.7389 -36.6239 -2.5
      vertex 40 -36.641 -2.5
    endloop
  endfacet
  facet normal 0 0 -1
    outer loop
      vertex -39.7389 -36.6239 -2.5
      vertex 39.7389 -36.6239 -2.5
      vertex 90 -50 -2.5
    endloop
  endfacet
  facet normal 0 0 -1
    outer loop
      vertex 38.0681 34.1234 -2.5
      vertex -38 34.641 -2.5
      vertex 38.0171 34.38 -2.5
    endloop
  endfacet
  facet normal 0 0 -1
    outer loop
      vertex 38.0171 -34.9021 -2.5
      vertex -38 -34.641 -2.5
      vertex 38 -34.641 -2.5
    endloop
  endfacet
  facet normal 0 0 -1
    outer loop
      vertex -38.0171 -34.9021 -2.5
      vertex 38.0171 -34.9021 -2.5
      vertex 38.0681 -35.1587 -2.5
    endloop
  endfacet
  facet normal 0 0 -1
    outer loop
      vertex -38.0681 -35.1587 -2.5
      vertex 38.0681 -35.1587 -2.5
      vertex 38.1522 -35.4064 -2.5
    endloop
  endfacet
  facet normal 0 0 -1
    outer loop
      vertex -38.1522 -35.4064 -2.5
      vertex 38.1522 -35.4064 -2.5
      vertex 38.2679 -35.641 -2.5
    endloop
  endfacet
  facet normal 0 0 -1
    outer loop
      vertex -38.2679 -35.641 -2.5
      vertex 38.2679 -35.641 -2.5
      vertex 38.4133 -35.8585 -2.5
    endloop
  endfacet
  facet normal 0 0 -1
    outer loop
      vertex -38.4133 -35.8585 -2.5
      vertex 38.4133 -35.8585 -2.5
      vertex 38.5858 -36.0552 -2.5
    endloop
  endfacet
  facet normal 0 0 -1
    outer loop
      vertex -38.5858 -36.0552 -2.5
      vertex 38.5858 -36.0552 -2.5
      vertex 38.7825 -36.2277 -2.5
    endloop
  endfacet
  facet normal 0 0 -1
    outer loop
      vertex -38.7825 -36.2277 -2.5
      vertex 38.7825 -36.2277 -2.5
      vertex 39 -36.3731 -2.5
    endloop
  endfacet
  facet normal 0 0 -1
    outer loop
      vertex -39 -36.3731 -2.5
      vertex 39 -36.3731 -2.5
      vertex 39.2346 -36.4888 -2.5
    endloop
  endfacet
  facet normal 0 0 -1
    outer loop
      vertex -39.2346 -36.4888 -2.5
      vertex 39.2346 -36.4888 -2.5
      vertex 39.4824 -36.5729 -2.5
    endloop
  endfacet
  facet normal 0 0 -1
    outer loop
      vertex 39.7389 -36.6239 -2.5
      vertex -39.7389 -36.6239 -2.5
      vertex 39.4824 -36.5729 -2.5
    endloop
  endfacet
  facet normal 0 0 -1
    outer loop
      vertex 38.0171 -34.9021 -2.5
      vertex -38.0171 -34.9021 -2.5
      vertex -38 -34.641 -2.5
    endloop
  endfacet
  facet normal 0 0 -1
    outer loop
      vertex 38.0681 -35.1587 -2.5
      vertex -38.0681 -35.1587 -2.5
      vertex -38.0171 -34.9021 -2.5
    endloop
  endfacet
  facet normal 0 0 -1
    outer loop
      vertex 38.1522 -35.4064 -2.5
      vertex -38.1522 -35.4064 -2.5
      vertex -38.0681 -35.1587 -2.5
    endloop
  endfacet
  facet normal 0 0 -1
    outer loop
      vertex 38.2679 -35.641 -2.5
      vertex -38.2679 -35.641 -2.5
      vertex -38.1522 -35.4064 -2.5
    endloop
  endfacet
  facet normal 0 0 -1
    outer loop
      vertex 38.4133 -35.8585 -2.5
      vertex -38.4133 -35.8585 -2.5
      vertex -38.2679 -35.641 -2.5
    endloop
  endfacet
  facet normal 0 0 -1
    outer loop
      vertex 38.5858 -36.0552 -2.5
      vertex -38.5858 -36.0552 -2.5
      vertex -38.4133 -35.8585 -2.5
    endloop
  endfacet
  facet normal 0 0 -1
    outer loop
      vertex 38.7825 -36.2277 -2.5
      vertex -38.7825 -36.2277 -2.5
      vertex -38.5858 -36.0552 -2.5
    endloop
  endfacet
  facet normal 0 0 -1
    outer loop
      vertex 39 -36.3731 -2.5
      vertex -39 -36.3731 -2.5
      vertex -38.7825 -36.2277 -2.5
    endloop
  endfacet
  facet normal 0 0 -1
    outer loop
      vertex 39.2346 -36.4888 -2.5
      vertex -39.2346 -36.4888 -2.5
      vertex -39 -36.3731 -2.5
    endloop
  endfacet
  facet normal 0 0 -1
    outer loop
      vertex 39.4824 -36.5729 -2.5
      vertex -39.4824 -36.5729 -2.5
      vertex -39.2346 -36.4888 -2.5
    endloop
  endfacet
  facet normal -0 0 -1
    outer loop
      vertex 39.4824 -36.5729 -2.5
      vertex -39.7389 -36.6239 -2.5
      vertex -39.4824 -36.5729 -2.5
    endloop
  endfacet
  facet normal 0 0 -1
    outer loop
      vertex -90 -50 -2.5
      vertex -39.7389 -36.6239 -2.5
      vertex 90 -50 -2.5
    endloop
  endfacet
  facet normal 0 0 -1
    outer loop
      vertex -39.7389 -36.6239 -2.5
      vertex -90 -50 -2.5
      vertex -40 -36.641 -2.5
    endloop
  endfacet
  facet normal -0 0 -1
    outer loop
      vertex -41.4142 33.2268 -2.5
      vertex -78.4133 1.21752 -2.5
      vertex -41.5867 33.4235 -2.5
    endloop
  endfacet
  facet normal 0 0 -1
    outer loop
      vertex -90 -50 -2.5
      vertex -42 -34.641 -2.5
      vertex -41.9829 -34.9021 -2.5
    endloop
  endfacet
  facet normal 0 0 -1
    outer loop
      vertex -90 -50 -2.5
      vertex -41.9829 -34.9021 -2.5
      vertex -41.9319 -35.1587 -2.5
    endloop
  endfacet
  facet normal 0 0 -1
    outer loop
      vertex -90 -50 -2.5
      vertex -41.9319 -35.1587 -2.5
      vertex -41.8478 -35.4064 -2.5
    endloop
  endfacet
  facet normal 0 0 -1
    outer loop
      vertex -90 -50 -2.5
      vertex -41.8478 -35.4064 -2.5
      vertex -41.732 -35.641 -2.5
    endloop
  endfacet
  facet normal 0 0 -1
    outer loop
      vertex -90 -50 -2.5
      vertex -41.732 -35.641 -2.5
      vertex -41.5867 -35.8585 -2.5
    endloop
  endfacet
  facet normal 0 0 -1
    outer loop
      vertex -90 -50 -2.5
      vertex -41.5867 -35.8585 -2.5
      vertex -41.4142 -36.0552 -2.5
    endloop
  endfacet
  facet normal 0 0 -1
    outer loop
      vertex -40.5176 -32.7092 -2.5
      vertex -78.0171 -0.261052 -2.5
      vertex -78 0 -2.5
    endloop
  endfacet
  facet normal 0 0 -1
    outer loop
      vertex -40.7654 -32.7933 -2.5
      vertex -78.0681 -0.517637 -2.5
      vertex -78.0171 -0.261052 -2.5
    endloop
  endfacet
  facet normal 0 0 -1
    outer loop
      vertex -41 -32.909 -2.5
      vertex -78.1522 -0.765367 -2.5
      vertex -78.0681 -0.517637 -2.5
    endloop
  endfacet
  facet normal 0 0 -1
    outer loop
      vertex -41.2175 -33.0543 -2.5
      vertex -78.268 -1 -2.5
      vertex -78.1522 -0.765367 -2.5
    endloop
  endfacet
  facet normal 0 0 -1
    outer loop
      vertex -41.4142 -33.2268 -2.5
      vertex -78.4133 -1.21752 -2.5
      vertex -78.268 -1 -2.5
    endloop
  endfacet
  facet normal 0 0 -1
    outer loop
      vertex -41.5867 -33.4235 -2.5
      vertex -78.5858 -1.41421 -2.5
      vertex -78.4133 -1.21752 -2.5
    endloop
  endfacet
  facet normal 0 0 -1
    outer loop
      vertex -41.732 -33.641 -2.5
      vertex -78.7825 -1.58671 -2.5
      vertex -78.5858 -1.41421 -2.5
    endloop
  endfacet
  facet normal 0 0 -1
    outer loop
      vertex -41.8478 -33.8756 -2.5
      vertex -79 -1.73205 -2.5
      vertex -78.7825 -1.58671 -2.5
    endloop
  endfacet
  facet normal 0 0 -1
    outer loop
      vertex -41.9319 -34.1234 -2.5
      vertex -79.2346 -1.84776 -2.5
      vertex -79 -1.73205 -2.5
    endloop
  endfacet
  facet normal -0 0 -1
    outer loop
      vertex -41.9829 -34.38 -2.5
      vertex -90 -50 -2.5
      vertex -79.2346 -1.84776 -2.5
    endloop
  endfacet
  facet normal 0 0 -1
    outer loop
      vertex -79.2346 -1.84776 -2.5
      vertex -90 -50 -2.5
      vertex -79.4824 -1.93185 -2.5
    endloop
  endfacet
  facet normal 0 0 -1
    outer loop
      vertex -79.4824 -1.93185 -2.5
      vertex -90 -50 -2.5
      vertex -79.7389 -1.98289 -2.5
    endloop
  endfacet
  facet normal 0 0 -1
    outer loop
      vertex -79.7389 -1.98289 -2.5
      vertex -90 -50 -2.5
      vertex -80 -2 -2.5
    endloop
  endfacet
  facet normal -0 0 -1
    outer loop
      vertex -80 -2 -2.5
      vertex -90 -50 -2.5
      vertex -80.2611 -1.98289 -2.5
    endloop
  endfacet
  facet normal 0 0 -1
    outer loop
      vertex -90 -50 -2.5
      vertex -41.4142 -36.0552 -2.5
      vertex -41.2175 -36.2277 -2.5
    endloop
  endfacet
  facet normal -0 0 -1
    outer loop
      vertex -80.2611 -1.98289 -2.5
      vertex -90 -50 -2.5
      vertex -80.5176 -1.93185 -2.5
    endloop
  endfacet
  facet normal -0 0 -1
    outer loop
      vertex -80.5176 -1.93185 -2.5
      vertex -90 -50 -2.5
      vertex -80.7654 -1.84776 -2.5
    endloop
  endfacet
  facet normal -0 0 -1
    outer loop
      vertex -80.7654 -1.84776 -2.5
      vertex -90 -50 -2.5
      vertex -81 -1.73205 -2.5
    endloop
  endfacet
  facet normal -0 0 -1
    outer loop
      vertex -81.9829 -0.261052 -2.5
      vertex -90 -50 -2.5
      vertex -82 0 -2.5
    endloop
  endfacet
  facet normal -0 0 -1
    outer loop
      vertex -81.9319 -0.517637 -2.5
      vertex -90 -50 -2.5
      vertex -81.9829 -0.261052 -2.5
    endloop
  endfacet
  facet normal -0 0 -1
    outer loop
      vertex -81.8478 -0.765367 -2.5
      vertex -90 -50 -2.5
      vertex -81.9319 -0.517637 -2.5
    endloop
  endfacet
  facet normal -0 0 -1
    outer loop
      vertex -81.732 -1 -2.5
      vertex -90 -50 -2.5
      vertex -81.8478 -0.765367 -2.5
    endloop
  endfacet
  facet normal -0 0 -1
    outer loop
      vertex -81.5867 -1.21752 -2.5
      vertex -90 -50 -2.5
      vertex -81.732 -1 -2.5
    endloop
  endfacet
  facet normal -0 0 -1
    outer loop
      vertex -81.4142 -1.41421 -2.5
      vertex -90 -50 -2.5
      vertex -81.5867 -1.21752 -2.5
    endloop
  endfacet
  facet normal -0 0 -1
    outer loop
      vertex -81.2175 -1.58671 -2.5
      vertex -90 -50 -2.5
      vertex -81.4142 -1.41421 -2.5
    endloop
  endfacet
  facet normal -0 0 -1
    outer loop
      vertex -81 -1.73205 -2.5
      vertex -90 -50 -2.5
      vertex -81.2175 -1.58671 -2.5
    endloop
  endfacet
  facet normal -0 0 -1
    outer loop
      vertex -41 -36.3731 -2.5
      vertex -90 -50 -2.5
      vertex -41.2175 -36.2277 -2.5
    endloop
  endfacet
  facet normal -0 0 -1
    outer loop
      vertex -40.7654 -36.4888 -2.5
      vertex -90 -50 -2.5
      vertex -41 -36.3731 -2.5
    endloop
  endfacet
  facet normal -0 0 -1
    outer loop
      vertex -40.5176 -36.5729 -2.5
      vertex -90 -50 -2.5
      vertex -40.7654 -36.4888 -2.5
    endloop
  endfacet
  facet normal -0 0 -1
    outer loop
      vertex -40.2611 -36.6239 -2.5
      vertex -90 -50 -2.5
      vertex -40.5176 -36.5729 -2.5
    endloop
  endfacet
  facet normal -0 0 -1
    outer loop
      vertex -40 -36.641 -2.5
      vertex -90 -50 -2.5
      vertex -40.2611 -36.6239 -2.5
    endloop
  endfacet
  facet normal 0 0 -1
    outer loop
      vertex 81.9829 0.261052 -2.5
      vertex 90 50 -2.5
      vertex 82 0 -2.5
    endloop
  endfacet
  facet normal 0 0 -1
    outer loop
      vertex 81.9319 0.517637 -2.5
      vertex 90 50 -2.5
      vertex 81.9829 0.261052 -2.5
    endloop
  endfacet
  facet normal 0 0 -1
    outer loop
      vertex 81.8478 0.765367 -2.5
      vertex 90 50 -2.5
      vertex 81.9319 0.517637 -2.5
    endloop
  endfacet
  facet normal 0 0 -1
    outer loop
      vertex 81.732 1 -2.5
      vertex 90 50 -2.5
      vertex 81.8478 0.765367 -2.5
    endloop
  endfacet
  facet normal 0 0 -1
    outer loop
      vertex 81.5867 1.21752 -2.5
      vertex 90 50 -2.5
      vertex 81.732 1 -2.5
    endloop
  endfacet
  facet normal 0 0 -1
    outer loop
      vertex 81.4142 1.41421 -2.5
      vertex 90 50 -2.5
      vertex 81.5867 1.21752 -2.5
    endloop
  endfacet
  facet normal 0 0 -1
    outer loop
      vertex 81.2175 1.58671 -2.5
      vertex 90 50 -2.5
      vertex 81.4142 1.41421 -2.5
    endloop
  endfacet
  facet normal 0 0 -1
    outer loop
      vertex 81 1.73205 -2.5
      vertex 90 50 -2.5
      vertex 81.2175 1.58671 -2.5
    endloop
  endfacet
  facet normal 0 0 -1
    outer loop
      vertex 80.7654 1.84776 -2.5
      vertex 90 50 -2.5
      vertex 81 1.73205 -2.5
    endloop
  endfacet
  facet normal 0 0 -1
    outer loop
      vertex 80.5176 1.93185 -2.5
      vertex 90 50 -2.5
      vertex 80.7654 1.84776 -2.5
    endloop
  endfacet
  facet normal 0 0 -1
    outer loop
      vertex 80.2611 1.98289 -2.5
      vertex 90 50 -2.5
      vertex 80.5176 1.93185 -2.5
    endloop
  endfacet
  facet normal 0 0 -1
    outer loop
      vertex 80 2 -2.5
      vertex 90 50 -2.5
      vertex 80.2611 1.98289 -2.5
    endloop
  endfacet
  facet normal 0 0 -1
    outer loop
      vertex 79.7389 1.98289 -2.5
      vertex 90 50 -2.5
      vertex 80 2 -2.5
    endloop
  endfacet
  facet normal 0 0 -1
    outer loop
      vertex 79.4824 1.93185 -2.5
      vertex 90 50 -2.5
      vertex 79.7389 1.98289 -2.5
    endloop
  endfacet
  facet normal 0 0 -1
    outer loop
      vertex 79.2346 1.84776 -2.5
      vertex 90 50 -2.5
      vertex 79.4824 1.93185 -2.5
    endloop
  endfacet
  facet normal 0 0 -1
    outer loop
      vertex 42 34.641 -2.5
      vertex 79.2346 1.84776 -2.5
      vertex 79 1.73205 -2.5
    endloop
  endfacet
  facet normal 0 0 -1
    outer loop
      vertex 42 34.641 -2.5
      vertex 79 1.73205 -2.5
      vertex 78.7825 1.58671 -2.5
    endloop
  endfacet
  facet normal 0 0 -1
    outer loop
      vertex 42 34.641 -2.5
      vertex 78.7825 1.58671 -2.5
      vertex 78.5858 1.41421 -2.5
    endloop
  endfacet
  facet normal 0 0 -1
    outer loop
      vertex 42 34.641 -2.5
      vertex 78.5858 1.41421 -2.5
      vertex 78.4133 1.21752 -2.5
    endloop
  endfacet
  facet normal 0 0 -1
    outer loop
      vertex 42 34.641 -2.5
      vertex 78.4133 1.21752 -2.5
      vertex 78.268 1 -2.5
    endloop
  endfacet
  facet normal 0 0 -1
    outer loop
      vertex 42 34.641 -2.5
      vertex 78.268 1 -2.5
      vertex 78.1522 0.765367 -2.5
    endloop
  endfacet
  facet normal 0 0 -1
    outer loop
      vertex 42 34.641 -2.5
      vertex 78.1522 0.765367 -2.5
      vertex 78.0681 0.517637 -2.5
    endloop
  endfacet
  facet normal 0 0 -1
    outer loop
      vertex 41.4142 -33.2268 -2.5
      vertex 78.4133 -1.21752 -2.5
      vertex 41.5867 -33.4235 -2.5
    endloop
  endfacet
  facet normal 0 0 -1
    outer loop
      vertex 78 0 -2.5
      vertex 42 34.641 -2.5
      vertex 78.0171 0.261052 -2.5
    endloop
  endfacet
  facet normal 0 0 -1
    outer loop
      vertex 78.0171 0.261052 -2.5
      vertex 42 34.641 -2.5
      vertex 78.0681 0.517637 -2.5
    endloop
  endfacet
  facet normal 0 0 -1
    outer loop
      vertex 79.2346 1.84776 -2.5
      vertex 42 34.641 -2.5
      vertex 90 50 -2.5
    endloop
  endfacet
  facet normal 0 0 -1
    outer loop
      vertex 41.9829 34.9021 -2.5
      vertex 90 50 -2.5
      vertex 42 34.641 -2.5
    endloop
  endfacet
  facet normal 0 0 -1
    outer loop
      vertex 41.9319 35.1587 -2.5
      vertex 90 50 -2.5
      vertex 41.9829 34.9021 -2.5
    endloop
  endfacet
  facet normal 0 0 -1
    outer loop
      vertex 41.8478 35.4064 -2.5
      vertex 90 50 -2.5
      vertex 41.9319 35.1587 -2.5
    endloop
  endfacet
  facet normal 0 0 -1
    outer loop
      vertex 41.732 35.641 -2.5
      vertex 90 50 -2.5
      vertex 41.8478 35.4064 -2.5
    endloop
  endfacet
  facet normal 0 0 -1
    outer loop
      vertex 41.5867 35.8585 -2.5
      vertex 90 50 -2.5
      vertex 41.732 35.641 -2.5
    endloop
  endfacet
  facet normal 0 0 -1
    outer loop
      vertex 41.4142 36.0552 -2.5
      vertex 90 50 -2.5
      vertex 41.5867 35.8585 -2.5
    endloop
  endfacet
  facet normal 0 0 -1
    outer loop
      vertex 41.2175 36.2277 -2.5
      vertex 90 50 -2.5
      vertex 41.4142 36.0552 -2.5
    endloop
  endfacet
  facet normal 0 0 -1
    outer loop
      vertex 41 36.3731 -2.5
      vertex 90 50 -2.5
      vertex 41.2175 36.2277 -2.5
    endloop
  endfacet
  facet normal 0 0 -1
    outer loop
      vertex 40.7654 36.4888 -2.5
      vertex 90 50 -2.5
      vertex 41 36.3731 -2.5
    endloop
  endfacet
  facet normal 0 0 -1
    outer loop
      vertex 40.5176 36.5729 -2.5
      vertex 90 50 -2.5
      vertex 40.7654 36.4888 -2.5
    endloop
  endfacet
  facet normal 0 0 -1
    outer loop
      vertex 40.2611 36.6239 -2.5
      vertex 90 50 -2.5
      vertex 40.5176 36.5729 -2.5
    endloop
  endfacet
  facet normal 0 0 -1
    outer loop
      vertex 40 36.641 -2.5
      vertex 90 50 -2.5
      vertex 40.2611 36.6239 -2.5
    endloop
  endfacet
  facet normal 0 0 -1
    outer loop
      vertex 39.7389 36.6239 -2.5
      vertex 90 50 -2.5
      vertex 40 36.641 -2.5
    endloop
  endfacet
  facet normal 0 0 -1
    outer loop
      vertex -39.7389 36.6239 -2.5
      vertex 39.7389 36.6239 -2.5
      vertex 39.4824 36.5729 -2.5
    endloop
  endfacet
  facet normal 0 0 -1
    outer loop
      vertex 38.0171 34.38 -2.5
      vertex -38 34.641 -2.5
      vertex 38 34.641 -2.5
    endloop
  endfacet
  facet normal 0 0 -1
    outer loop
      vertex 38 34.641 -2.5
      vertex -38 34.641 -2.5
      vertex 38.0171 34.9021 -2.5
    endloop
  endfacet
  facet normal 0 0 -1
    outer loop
      vertex -38.0171 34.9021 -2.5
      vertex 38.0171 34.9021 -2.5
      vertex -38 34.641 -2.5
    endloop
  endfacet
  facet normal 0 0 -1
    outer loop
      vertex 38.0171 34.9021 -2.5
      vertex -38.0171 34.9021 -2.5
      vertex 38.0681 35.1587 -2.5
    endloop
  endfacet
  facet normal 0 0 -1
    outer loop
      vertex -38.0681 35.1587 -2.5
      vertex 38.0681 35.1587 -2.5
      vertex -38.0171 34.9021 -2.5
    endloop
  endfacet
  facet normal 0 0 -1
    outer loop
      vertex 38.0681 35.1587 -2.5
      vertex -38.0681 35.1587 -2.5
      vertex 38.1522 35.4064 -2.5
    endloop
  endfacet
  facet normal 0 0 -1
    outer loop
      vertex -38.1522 35.4064 -2.5
      vertex 38.1522 35.4064 -2.5
      vertex -38.0681 35.1587 -2.5
    endloop
  endfacet
  facet normal 0 0 -1
    outer loop
      vertex 38.1522 35.4064 -2.5
      vertex -38.1522 35.4064 -2.5
      vertex 38.2679 35.641 -2.5
    endloop
  endfacet
  facet normal 0 0 -1
    outer loop
      vertex -38.2679 35.641 -2.5
      vertex 38.2679 35.641 -2.5
      vertex -38.1522 35.4064 -2.5
    endloop
  endfacet
  facet normal 0 0 -1
    outer loop
      vertex 38.2679 35.641 -2.5
      vertex -38.2679 35.641 -2.5
      vertex 38.4133 35.8585 -2.5
    endloop
  endfacet
  facet normal 0 0 -1
    outer loop
      vertex -38.4133 35.8585 -2.5
      vertex 38.4133 35.8585 -2.5
      vertex -38.2679 35.641 -2.5
    endloop
  endfacet
  facet normal 0 0 -1
    outer loop
      vertex 38.4133 35.8585 -2.5
      vertex -38.4133 35.8585 -2.5
      vertex 38.5858 36.0552 -2.5
    endloop
  endfacet
  facet normal 0 0 -1
    outer loop
      vertex -38.5858 36.0552 -2.5
      vertex 38.5858 36.0552 -2.5
      vertex -38.4133 35.8585 -2.5
    endloop
  endfacet
  facet normal 0 0 -1
    outer loop
      vertex 38.5858 36.0552 -2.5
      vertex -38.5858 36.0552 -2.5
      vertex 38.7825 36.2277 -2.5
    endloop
  endfacet
  facet normal 0 0 -1
    outer loop
      vertex -38.7825 36.2277 -2.5
      vertex 38.7825 36.2277 -2.5
      vertex -38.5858 36.0552 -2.5
    endloop
  endfacet
  facet normal 0 0 -1
    outer loop
      vertex 38.7825 36.2277 -2.5
      vertex -38.7825 36.2277 -2.5
      vertex 39 36.3731 -2.5
    endloop
  endfacet
  facet normal 0 0 -1
    outer loop
      vertex -39 36.3731 -2.5
      vertex 39 36.3731 -2.5
      vertex -38.7825 36.2277 -2.5
    endloop
  endfacet
  facet normal 0 0 -1
    outer loop
      vertex 39 36.3731 -2.5
      vertex -39 36.3731 -2.5
      vertex 39.2346 36.4888 -2.5
    endloop
  endfacet
  facet normal 0 0 -1
    outer loop
      vertex -39.2346 36.4888 -2.5
      vertex 39.2346 36.4888 -2.5
      vertex -39 36.3731 -2.5
    endloop
  endfacet
  facet normal 0 0 -1
    outer loop
      vertex 39.2346 36.4888 -2.5
      vertex -39.2346 36.4888 -2.5
      vertex 39.4824 36.5729 -2.5
    endloop
  endfacet
  facet normal 0 0 -1
    outer loop
      vertex -39.4824 36.5729 -2.5
      vertex 39.4824 36.5729 -2.5
      vertex -39.2346 36.4888 -2.5
    endloop
  endfacet
  facet normal 0 0 -1
    outer loop
      vertex -39.7389 36.6239 -2.5
      vertex 39.4824 36.5729 -2.5
      vertex -39.4824 36.5729 -2.5
    endloop
  endfacet
  facet normal 0 0 -1
    outer loop
      vertex 39.7389 36.6239 -2.5
      vertex -39.7389 36.6239 -2.5
      vertex 90 50 -2.5
    endloop
  endfacet
  facet normal 0 0 -1
    outer loop
      vertex -90 50 -2.5
      vertex -39.7389 36.6239 -2.5
      vertex -40 36.641 -2.5
    endloop
  endfacet
  facet normal 0 0 -1
    outer loop
      vertex -90 50 -2.5
      vertex -40 36.641 -2.5
      vertex -40.2611 36.6239 -2.5
    endloop
  endfacet
  facet normal 0 0 -1
    outer loop
      vertex -78.5858 1.41421 -2.5
      vertex -41.5867 33.4235 -2.5
      vertex -78.4133 1.21752 -2.5
    endloop
  endfacet
  facet normal -0 0 -1
    outer loop
      vertex -41.5867 33.4235 -2.5
      vertex -78.5858 1.41421 -2.5
      vertex -41.732 33.641 -2.5
    endloop
  endfacet
  facet normal 0 0 -1
    outer loop
      vertex -78.7825 1.58671 -2.5
      vertex -41.732 33.641 -2.5
      vertex -78.5858 1.41421 -2.5
    endloop
  endfacet
  facet normal -0 0 -1
    outer loop
      vertex -41.732 33.641 -2.5
      vertex -78.7825 1.58671 -2.5
      vertex -41.8478 33.8756 -2.5
    endloop
  endfacet
  facet normal 0 0 -1
    outer loop
      vertex -79 1.73205 -2.5
      vertex -41.8478 33.8756 -2.5
      vertex -78.7825 1.58671 -2.5
    endloop
  endfacet
  facet normal -0 0 -1
    outer loop
      vertex -41.8478 33.8756 -2.5
      vertex -79 1.73205 -2.5
      vertex -41.9319 34.1234 -2.5
    endloop
  endfacet
  facet normal 0 0 -1
    outer loop
      vertex -79.2346 1.84776 -2.5
      vertex -41.9319 34.1234 -2.5
      vertex -79 1.73205 -2.5
    endloop
  endfacet
  facet normal -0 0 -1
    outer loop
      vertex -41.9319 34.1234 -2.5
      vertex -79.2346 1.84776 -2.5
      vertex -41.9829 34.38 -2.5
    endloop
  endfacet
  facet normal 0 0 -1
    outer loop
      vertex -90 50 -2.5
      vertex -41.9829 34.38 -2.5
      vertex -79.2346 1.84776 -2.5
    endloop
  endfacet
  facet normal 0 0 -1
    outer loop
      vertex -41.9829 34.38 -2.5
      vertex -90 50 -2.5
      vertex -42 34.641 -2.5
    endloop
  endfacet
  facet normal 0 0 -1
    outer loop
      vertex -42 34.641 -2.5
      vertex -90 50 -2.5
      vertex -41.9829 34.9021 -2.5
    endloop
  endfacet
  facet normal 0 0 -1
    outer loop
      vertex -41.9829 34.9021 -2.5
      vertex -90 50 -2.5
      vertex -41.9319 35.1587 -2.5
    endloop
  endfacet
  facet normal 0 0 -1
    outer loop
      vertex -41.9319 35.1587 -2.5
      vertex -90 50 -2.5
      vertex -41.8478 35.4064 -2.5
    endloop
  endfacet
  facet normal 0 0 -1
    outer loop
      vertex -41.8478 35.4064 -2.5
      vertex -90 50 -2.5
      vertex -41.732 35.641 -2.5
    endloop
  endfacet
  facet normal 0 0 -1
    outer loop
      vertex -41.732 35.641 -2.5
      vertex -90 50 -2.5
      vertex -41.5867 35.8585 -2.5
    endloop
  endfacet
  facet normal 0 0 -1
    outer loop
      vertex -90 50 -2.5
      vertex -79.2346 1.84776 -2.5
      vertex -79.4824 1.93185 -2.5
    endloop
  endfacet
  facet normal 0 0 -1
    outer loop
      vertex -90 50 -2.5
      vertex -79.4824 1.93185 -2.5
      vertex -79.7389 1.98289 -2.5
    endloop
  endfacet
  facet normal 0 0 -1
    outer loop
      vertex -90 50 -2.5
      vertex -79.7389 1.98289 -2.5
      vertex -80 2 -2.5
    endloop
  endfacet
  facet normal 0 0 -1
    outer loop
      vertex -90 50 -2.5
      vertex -80 2 -2.5
      vertex -80.2611 1.98289 -2.5
    endloop
  endfacet
  facet normal 0 0 -1
    outer loop
      vertex -90 50 -2.5
      vertex -80.2611 1.98289 -2.5
      vertex -80.5176 1.93185 -2.5
    endloop
  endfacet
  facet normal 0 0 -1
    outer loop
      vertex -41.5867 35.8585 -2.5
      vertex -90 50 -2.5
      vertex -41.4142 36.0552 -2.5
    endloop
  endfacet
  facet normal 0 0 -1
    outer loop
      vertex -90 50 -2.5
      vertex -80.5176 1.93185 -2.5
      vertex -80.7654 1.84776 -2.5
    endloop
  endfacet
  facet normal 0 0 -1
    outer loop
      vertex -90 50 -2.5
      vertex -80.7654 1.84776 -2.5
      vertex -81 1.73205 -2.5
    endloop
  endfacet
  facet normal 0 0 -1
    outer loop
      vertex -90 50 -2.5
      vertex -81 1.73205 -2.5
      vertex -81.2175 1.58671 -2.5
    endloop
  endfacet
  facet normal 0 0 -1
    outer loop
      vertex -90 50 -2.5
      vertex -82 0 -2.5
      vertex -90 -50 -2.5
    endloop
  endfacet
  facet normal 0 0 -1
    outer loop
      vertex -39.7389 36.6239 -2.5
      vertex -90 50 -2.5
      vertex 90 50 -2.5
    endloop
  endfacet
  facet normal 0 0 -1
    outer loop
      vertex -40.5176 36.5729 -2.5
      vertex -90 50 -2.5
      vertex -40.2611 36.6239 -2.5
    endloop
  endfacet
  facet normal 0 0 -1
    outer loop
      vertex -40.7654 36.4888 -2.5
      vertex -90 50 -2.5
      vertex -40.5176 36.5729 -2.5
    endloop
  endfacet
  facet normal 0 0 -1
    outer loop
      vertex -41 36.3731 -2.5
      vertex -90 50 -2.5
      vertex -40.7654 36.4888 -2.5
    endloop
  endfacet
  facet normal 0 0 -1
    outer loop
      vertex -41.2175 36.2277 -2.5
      vertex -90 50 -2.5
      vertex -41 36.3731 -2.5
    endloop
  endfacet
  facet normal 0 0 -1
    outer loop
      vertex -41.4142 36.0552 -2.5
      vertex -90 50 -2.5
      vertex -41.2175 36.2277 -2.5
    endloop
  endfacet
  facet normal 0 0 -1
    outer loop
      vertex -81.4142 1.41421 -2.5
      vertex -90 50 -2.5
      vertex -81.2175 1.58671 -2.5
    endloop
  endfacet
  facet normal 0 0 -1
    outer loop
      vertex -81.5867 1.21752 -2.5
      vertex -90 50 -2.5
      vertex -81.4142 1.41421 -2.5
    endloop
  endfacet
  facet normal 0 0 -1
    outer loop
      vertex -81.732 1 -2.5
      vertex -90 50 -2.5
      vertex -81.5867 1.21752 -2.5
    endloop
  endfacet
  facet normal 0 0 -1
    outer loop
      vertex -81.8478 0.765367 -2.5
      vertex -90 50 -2.5
      vertex -81.732 1 -2.5
    endloop
  endfacet
  facet normal 0 0 -1
    outer loop
      vertex -81.9319 0.517637 -2.5
      vertex -90 50 -2.5
      vertex -81.8478 0.765367 -2.5
    endloop
  endfacet
  facet normal 0 0 -1
    outer loop
      vertex -81.9829 0.261052 -2.5
      vertex -90 50 -2.5
      vertex -81.9319 0.517637 -2.5
    endloop
  endfacet
  facet normal 0 0 -1
    outer loop
      vertex -82 0 -2.5
      vertex -90 50 -2.5
      vertex -81.9829 0.261052 -2.5
    endloop
  endfacet
  facet normal -1 0 0
    outer loop
      vertex -90 -50 -2.5
      vertex -90 50 2.5
      vertex -90 50 -2.5
    endloop
  endfacet
  facet normal -1 -0 0
    outer loop
      vertex -90 50 2.5
      vertex -90 -50 -2.5
      vertex -90 -50 2.5
    endloop
  endfacet
  facet normal 0 1 -0
    outer loop
      vertex 90 50 -2.5
      vertex -90 50 2.5
      vertex 90 50 2.5
    endloop
  endfacet
  facet normal 0 1 0
    outer loop
      vertex -90 50 2.5
      vertex 90 50 -2.5
      vertex -90 50 -2.5
    endloop
  endfacet
  facet normal 0 -1 0
    outer loop
      vertex -90 -50 -2.5
      vertex 90 -50 2.5
      vertex -90 -50 2.5
    endloop
  endfacet
  facet normal 0 -1 -0
    outer loop
      vertex 90 -50 2.5
      vertex -90 -50 -2.5
      vertex 90 -50 -2.5
    endloop
  endfacet
  facet normal -0.0653902 0.99786 0
    outer loop
      vertex 80.2611 -1.98289 -2.5
      vertex 80 -2 2.5
      vertex 80.2611 -1.98289 2.5
    endloop
  endfacet
  facet normal -0.0653902 0.99786 0
    outer loop
      vertex 80 -2 2.5
      vertex 80.2611 -1.98289 -2.5
      vertex 80 -2 -2.5
    endloop
  endfacet
  facet normal -0.980813 -0.194951 0
    outer loop
      vertex 81.9829 0.261052 -2.5
      vertex 81.9319 0.517637 2.5
      vertex 81.9319 0.517637 -2.5
    endloop
  endfacet
  facet normal -0.980813 -0.194951 0
    outer loop
      vertex 81.9319 0.517637 2.5
      vertex 81.9829 0.261052 -2.5
      vertex 81.9829 0.261052 2.5
    endloop
  endfacet
  facet normal -0.997861 -0.0653641 0
    outer loop
      vertex 82 0 -2.5
      vertex 81.9829 0.261052 2.5
      vertex 81.9829 0.261052 -2.5
    endloop
  endfacet
  facet normal -0.997861 -0.0653641 0
    outer loop
      vertex 81.9829 0.261052 2.5
      vertex 82 0 -2.5
      vertex 82 0 2.5
    endloop
  endfacet
  facet normal -0.980813 0.194951 0
    outer loop
      vertex 81.9319 -0.517637 -2.5
      vertex 81.9829 -0.261052 2.5
      vertex 81.9829 -0.261052 -2.5
    endloop
  endfacet
  facet normal -0.980813 0.194951 0
    outer loop
      vertex 81.9829 -0.261052 2.5
      vertex 81.9319 -0.517637 -2.5
      vertex 81.9319 -0.517637 2.5
    endloop
  endfacet
  facet normal -0.946922 0.321463 0
    outer loop
      vertex 81.8478 -0.765367 -2.5
      vertex 81.9319 -0.517637 2.5
      vertex 81.9319 -0.517637 -2.5
    endloop
  endfacet
  facet normal -0.946922 0.321463 0
    outer loop
      vertex 81.9319 -0.517637 2.5
      vertex 81.8478 -0.765367 -2.5
      vertex 81.8478 -0.765367 2.5
    endloop
  endfacet
  facet normal 0.659343 0.751842 -0
    outer loop
      vertex 78.7825 -1.58671 -2.5
      vertex 78.5858 -1.41421 2.5
      vertex 78.7825 -1.58671 2.5
    endloop
  endfacet
  facet normal 0.659343 0.751842 0
    outer loop
      vertex 78.5858 -1.41421 2.5
      vertex 78.7825 -1.58671 -2.5
      vertex 78.5858 -1.41421 -2.5
    endloop
  endfacet
  facet normal 0.19516 0.980771 -0
    outer loop
      vertex 79.7389 -1.98289 -2.5
      vertex 79.4824 -1.93185 2.5
      vertex 79.7389 -1.98289 2.5
    endloop
  endfacet
  facet normal 0.19516 0.980771 0
    outer loop
      vertex 79.4824 -1.93185 2.5
      vertex 79.7389 -1.98289 -2.5
      vertex 79.4824 -1.93185 -2.5
    endloop
  endfacet
  facet normal 0.321348 -0.946961 0
    outer loop
      vertex 79.2346 1.84776 -2.5
      vertex 79.4824 1.93185 2.5
      vertex 79.2346 1.84776 2.5
    endloop
  endfacet
  facet normal 0.321348 -0.946961 0
    outer loop
      vertex 79.4824 1.93185 2.5
      vertex 79.2346 1.84776 -2.5
      vertex 79.4824 1.93185 -2.5
    endloop
  endfacet
  facet normal 0.5556 -0.83145 0
    outer loop
      vertex 78.7825 1.58671 -2.5
      vertex 79 1.73205 2.5
      vertex 78.7825 1.58671 2.5
    endloop
  endfacet
  facet normal 0.5556 -0.83145 0
    outer loop
      vertex 79 1.73205 2.5
      vertex 78.7825 1.58671 -2.5
      vertex 79 1.73205 -2.5
    endloop
  endfacet
  facet normal -0.896734 -0.442571 0
    outer loop
      vertex 81.8478 0.765367 -2.5
      vertex 81.732 1 2.5
      vertex 81.732 1 -2.5
    endloop
  endfacet
  facet normal -0.896734 -0.442571 0
    outer loop
      vertex 81.732 1 2.5
      vertex 81.8478 0.765367 -2.5
      vertex 81.8478 0.765367 2.5
    endloop
  endfacet
  facet normal -0.19516 0.980771 0
    outer loop
      vertex 80.5176 -1.93185 -2.5
      vertex 80.2611 -1.98289 2.5
      vertex 80.5176 -1.93185 2.5
    endloop
  endfacet
  facet normal -0.19516 0.980771 0
    outer loop
      vertex 80.2611 -1.98289 2.5
      vertex 80.5176 -1.93185 -2.5
      vertex 80.2611 -1.98289 -2.5
    endloop
  endfacet
  facet normal -0.442344 0.896845 0
    outer loop
      vertex 81 -1.73205 -2.5
      vertex 80.7654 -1.84776 2.5
      vertex 81 -1.73205 2.5
    endloop
  endfacet
  facet normal -0.442344 0.896845 0
    outer loop
      vertex 80.7654 -1.84776 2.5
      vertex 81 -1.73205 -2.5
      vertex 80.7654 -1.84776 -2.5
    endloop
  endfacet
  facet normal -0.321348 0.946961 0
    outer loop
      vertex 80.7654 -1.84776 -2.5
      vertex 80.5176 -1.93185 2.5
      vertex 80.7654 -1.84776 2.5
    endloop
  endfacet
  facet normal -0.321348 0.946961 0
    outer loop
      vertex 80.5176 -1.93185 2.5
      vertex 80.7654 -1.84776 -2.5
      vertex 80.5176 -1.93185 -2.5
    endloop
  endfacet
  facet normal -0.5556 0.83145 0
    outer loop
      vertex 81.2175 -1.58671 -2.5
      vertex 81 -1.73205 2.5
      vertex 81.2175 -1.58671 2.5
    endloop
  endfacet
  facet normal -0.5556 0.83145 0
    outer loop
      vertex 81 -1.73205 2.5
      vertex 81.2175 -1.58671 -2.5
      vertex 81 -1.73205 -2.5
    endloop
  endfacet
  facet normal 0.442344 -0.896845 0
    outer loop
      vertex 79 1.73205 -2.5
      vertex 79.2346 1.84776 2.5
      vertex 79 1.73205 2.5
    endloop
  endfacet
  facet normal 0.442344 -0.896845 0
    outer loop
      vertex 79.2346 1.84776 2.5
      vertex 79 1.73205 -2.5
      vertex 79.2346 1.84776 -2.5
    endloop
  endfacet
  facet normal 0.751826 0.659362 0
    outer loop
      vertex 78.5858 -1.41421 2.5
      vertex 78.4133 -1.21752 -2.5
      vertex 78.4133 -1.21752 2.5
    endloop
  endfacet
  facet normal 0.751826 0.659362 0
    outer loop
      vertex 78.4133 -1.21752 -2.5
      vertex 78.5858 -1.41421 2.5
      vertex 78.5858 -1.41421 -2.5
    endloop
  endfacet
  facet normal 0.997861 0.0653641 0
    outer loop
      vertex 78.0171 -0.261052 2.5
      vertex 78 0 -2.5
      vertex 78 0 2.5
    endloop
  endfacet
  facet normal 0.997861 0.0653641 0
    outer loop
      vertex 78 0 -2.5
      vertex 78.0171 -0.261052 2.5
      vertex 78.0171 -0.261052 -2.5
    endloop
  endfacet
  facet normal -0.831544 -0.555459 0
    outer loop
      vertex 81.732 1 -2.5
      vertex 81.5867 1.21752 2.5
      vertex 81.5867 1.21752 -2.5
    endloop
  endfacet
  facet normal -0.831544 -0.555459 0
    outer loop
      vertex 81.5867 1.21752 2.5
      vertex 81.732 1 -2.5
      vertex 81.732 1 2.5
    endloop
  endfacet
  facet normal 0.997861 -0.0653641 0
    outer loop
      vertex 78 0 2.5
      vertex 78.0171 0.261052 -2.5
      vertex 78.0171 0.261052 2.5
    endloop
  endfacet
  facet normal 0.997861 -0.0653641 0
    outer loop
      vertex 78.0171 0.261052 -2.5
      vertex 78 0 2.5
      vertex 78 0 -2.5
    endloop
  endfacet
  facet normal 0.5556 0.83145 -0
    outer loop
      vertex 79 -1.73205 -2.5
      vertex 78.7825 -1.58671 2.5
      vertex 79 -1.73205 2.5
    endloop
  endfacet
  facet normal 0.5556 0.83145 0
    outer loop
      vertex 78.7825 -1.58671 2.5
      vertex 79 -1.73205 -2.5
      vertex 78.7825 -1.58671 -2.5
    endloop
  endfacet
  facet normal 0.980813 -0.194951 0
    outer loop
      vertex 78.0171 0.261052 2.5
      vertex 78.0681 0.517637 -2.5
      vertex 78.0681 0.517637 2.5
    endloop
  endfacet
  facet normal 0.980813 -0.194951 0
    outer loop
      vertex 78.0681 0.517637 -2.5
      vertex 78.0171 0.261052 2.5
      vertex 78.0171 0.261052 -2.5
    endloop
  endfacet
  facet normal 0.751826 -0.659362 0
    outer loop
      vertex 78.4133 1.21752 2.5
      vertex 78.5858 1.41421 -2.5
      vertex 78.5858 1.41421 2.5
    endloop
  endfacet
  facet normal 0.751826 -0.659362 0
    outer loop
      vertex 78.5858 1.41421 -2.5
      vertex 78.4133 1.21752 2.5
      vertex 78.4133 1.21752 -2.5
    endloop
  endfacet
  facet normal 0.946922 0.321463 0
    outer loop
      vertex 78.1522 -0.765367 2.5
      vertex 78.0681 -0.517637 -2.5
      vertex 78.0681 -0.517637 2.5
    endloop
  endfacet
  facet normal 0.946922 0.321463 0
    outer loop
      vertex 78.0681 -0.517637 -2.5
      vertex 78.1522 -0.765367 2.5
      vertex 78.1522 -0.765367 -2.5
    endloop
  endfacet
  facet normal -0.997861 0.0653641 0
    outer loop
      vertex 81.9829 -0.261052 -2.5
      vertex 82 0 2.5
      vertex 82 0 -2.5
    endloop
  endfacet
  facet normal -0.997861 0.0653641 0
    outer loop
      vertex 82 0 2.5
      vertex 81.9829 -0.261052 -2.5
      vertex 81.9829 -0.261052 2.5
    endloop
  endfacet
  facet normal -0.442344 -0.896845 0
    outer loop
      vertex 80.7654 1.84776 -2.5
      vertex 81 1.73205 2.5
      vertex 80.7654 1.84776 2.5
    endloop
  endfacet
  facet normal -0.442344 -0.896845 -0
    outer loop
      vertex 81 1.73205 2.5
      vertex 80.7654 1.84776 -2.5
      vertex 81 1.73205 -2.5
    endloop
  endfacet
  facet normal -0.751826 -0.659362 0
    outer loop
      vertex 81.5867 1.21752 -2.5
      vertex 81.4142 1.41421 2.5
      vertex 81.4142 1.41421 -2.5
    endloop
  endfacet
  facet normal -0.751826 -0.659362 0
    outer loop
      vertex 81.4142 1.41421 2.5
      vertex 81.5867 1.21752 -2.5
      vertex 81.5867 1.21752 2.5
    endloop
  endfacet
  facet normal -0.5556 -0.83145 0
    outer loop
      vertex 81 1.73205 -2.5
      vertex 81.2175 1.58671 2.5
      vertex 81 1.73205 2.5
    endloop
  endfacet
  facet normal -0.5556 -0.83145 -0
    outer loop
      vertex 81.2175 1.58671 2.5
      vertex 81 1.73205 -2.5
      vertex 81.2175 1.58671 -2.5
    endloop
  endfacet
  facet normal -0.896734 0.442571 0
    outer loop
      vertex 81.732 -1 -2.5
      vertex 81.8478 -0.765367 2.5
      vertex 81.8478 -0.765367 -2.5
    endloop
  endfacet
  facet normal -0.896734 0.442571 0
    outer loop
      vertex 81.8478 -0.765367 2.5
      vertex 81.732 -1 -2.5
      vertex 81.732 -1 2.5
    endloop
  endfacet
  facet normal -0.831544 0.555459 0
    outer loop
      vertex 81.5867 -1.21752 -2.5
      vertex 81.732 -1 2.5
      vertex 81.732 -1 -2.5
    endloop
  endfacet
  facet normal -0.831544 0.555459 0
    outer loop
      vertex 81.732 -1 2.5
      vertex 81.5867 -1.21752 -2.5
      vertex 81.5867 -1.21752 2.5
    endloop
  endfacet
  facet normal 0.831544 -0.555459 0
    outer loop
      vertex 78.268 1 2.5
      vertex 78.4133 1.21752 -2.5
      vertex 78.4133 1.21752 2.5
    endloop
  endfacet
  facet normal 0.831544 -0.555459 0
    outer loop
      vertex 78.4133 1.21752 -2.5
      vertex 78.268 1 2.5
      vertex 78.268 1 -2.5
    endloop
  endfacet
  facet normal 0.19516 -0.980771 0
    outer loop
      vertex 79.4824 1.93185 -2.5
      vertex 79.7389 1.98289 2.5
      vertex 79.4824 1.93185 2.5
    endloop
  endfacet
  facet normal 0.19516 -0.980771 0
    outer loop
      vertex 79.7389 1.98289 2.5
      vertex 79.4824 1.93185 -2.5
      vertex 79.7389 1.98289 -2.5
    endloop
  endfacet
  facet normal -0.659343 -0.751842 0
    outer loop
      vertex 81.2175 1.58671 -2.5
      vertex 81.4142 1.41421 2.5
      vertex 81.2175 1.58671 2.5
    endloop
  endfacet
  facet normal -0.659343 -0.751842 -0
    outer loop
      vertex 81.4142 1.41421 2.5
      vertex 81.2175 1.58671 -2.5
      vertex 81.4142 1.41421 -2.5
    endloop
  endfacet
  facet normal -0.751826 0.659362 0
    outer loop
      vertex 81.4142 -1.41421 -2.5
      vertex 81.5867 -1.21752 2.5
      vertex 81.5867 -1.21752 -2.5
    endloop
  endfacet
  facet normal -0.751826 0.659362 0
    outer loop
      vertex 81.5867 -1.21752 2.5
      vertex 81.4142 -1.41421 -2.5
      vertex 81.4142 -1.41421 2.5
    endloop
  endfacet
  facet normal 0.321348 0.946961 -0
    outer loop
      vertex 79.4824 -1.93185 -2.5
      vertex 79.2346 -1.84776 2.5
      vertex 79.4824 -1.93185 2.5
    endloop
  endfacet
  facet normal 0.321348 0.946961 0
    outer loop
      vertex 79.2346 -1.84776 2.5
      vertex 79.4824 -1.93185 -2.5
      vertex 79.2346 -1.84776 -2.5
    endloop
  endfacet
  facet normal -0.0653902 -0.99786 0
    outer loop
      vertex 80 2 -2.5
      vertex 80.2611 1.98289 2.5
      vertex 80 2 2.5
    endloop
  endfacet
  facet normal -0.0653902 -0.99786 -0
    outer loop
      vertex 80.2611 1.98289 2.5
      vertex 80 2 -2.5
      vertex 80.2611 1.98289 -2.5
    endloop
  endfacet
  facet normal 0.831544 0.555459 0
    outer loop
      vertex 78.4133 -1.21752 2.5
      vertex 78.268 -1 -2.5
      vertex 78.268 -1 2.5
    endloop
  endfacet
  facet normal 0.831544 0.555459 0
    outer loop
      vertex 78.268 -1 -2.5
      vertex 78.4133 -1.21752 2.5
      vertex 78.4133 -1.21752 -2.5
    endloop
  endfacet
  facet normal 0.659343 -0.751842 0
    outer loop
      vertex 78.5858 1.41421 -2.5
      vertex 78.7825 1.58671 2.5
      vertex 78.5858 1.41421 2.5
    endloop
  endfacet
  facet normal 0.659343 -0.751842 0
    outer loop
      vertex 78.7825 1.58671 2.5
      vertex 78.5858 1.41421 -2.5
      vertex 78.7825 1.58671 -2.5
    endloop
  endfacet
  facet normal 0.896734 -0.442571 0
    outer loop
      vertex 78.1522 0.765367 2.5
      vertex 78.268 1 -2.5
      vertex 78.268 1 2.5
    endloop
  endfacet
  facet normal 0.896734 -0.442571 0
    outer loop
      vertex 78.268 1 -2.5
      vertex 78.1522 0.765367 2.5
      vertex 78.1522 0.765367 -2.5
    endloop
  endfacet
  facet normal 0.0653902 -0.99786 0
    outer loop
      vertex 79.7389 1.98289 -2.5
      vertex 80 2 2.5
      vertex 79.7389 1.98289 2.5
    endloop
  endfacet
  facet normal 0.0653902 -0.99786 0
    outer loop
      vertex 80 2 2.5
      vertex 79.7389 1.98289 -2.5
      vertex 80 2 -2.5
    endloop
  endfacet
  facet normal 0.980813 0.194951 0
    outer loop
      vertex 78.0681 -0.517637 2.5
      vertex 78.0171 -0.261052 -2.5
      vertex 78.0171 -0.261052 2.5
    endloop
  endfacet
  facet normal 0.980813 0.194951 0
    outer loop
      vertex 78.0171 -0.261052 -2.5
      vertex 78.0681 -0.517637 2.5
      vertex 78.0681 -0.517637 -2.5
    endloop
  endfacet
  facet normal -0.321348 -0.946961 0
    outer loop
      vertex 80.5176 1.93185 -2.5
      vertex 80.7654 1.84776 2.5
      vertex 80.5176 1.93185 2.5
    endloop
  endfacet
  facet normal -0.321348 -0.946961 -0
    outer loop
      vertex 80.7654 1.84776 2.5
      vertex 80.5176 1.93185 -2.5
      vertex 80.7654 1.84776 -2.5
    endloop
  endfacet
  facet normal 0.946922 -0.321463 0
    outer loop
      vertex 78.0681 0.517637 2.5
      vertex 78.1522 0.765367 -2.5
      vertex 78.1522 0.765367 2.5
    endloop
  endfacet
  facet normal 0.946922 -0.321463 0
    outer loop
      vertex 78.1522 0.765367 -2.5
      vertex 78.0681 0.517637 2.5
      vertex 78.0681 0.517637 -2.5
    endloop
  endfacet
  facet normal -0.946922 -0.321463 0
    outer loop
      vertex 81.9319 0.517637 -2.5
      vertex 81.8478 0.765367 2.5
      vertex 81.8478 0.765367 -2.5
    endloop
  endfacet
  facet normal -0.946922 -0.321463 0
    outer loop
      vertex 81.8478 0.765367 2.5
      vertex 81.9319 0.517637 -2.5
      vertex 81.9319 0.517637 2.5
    endloop
  endfacet
  facet normal 0.442344 0.896845 -0
    outer loop
      vertex 79.2346 -1.84776 -2.5
      vertex 79 -1.73205 2.5
      vertex 79.2346 -1.84776 2.5
    endloop
  endfacet
  facet normal 0.442344 0.896845 0
    outer loop
      vertex 79 -1.73205 2.5
      vertex 79.2346 -1.84776 -2.5
      vertex 79 -1.73205 -2.5
    endloop
  endfacet
  facet normal 0.0653902 0.99786 -0
    outer loop
      vertex 80 -2 -2.5
      vertex 79.7389 -1.98289 2.5
      vertex 80 -2 2.5
    endloop
  endfacet
  facet normal 0.0653902 0.99786 0
    outer loop
      vertex 79.7389 -1.98289 2.5
      vertex 80 -2 -2.5
      vertex 79.7389 -1.98289 -2.5
    endloop
  endfacet
  facet normal 0.896734 0.442571 0
    outer loop
      vertex 78.268 -1 2.5
      vertex 78.1522 -0.765367 -2.5
      vertex 78.1522 -0.765367 2.5
    endloop
  endfacet
  facet normal 0.896734 0.442571 0
    outer loop
      vertex 78.1522 -0.765367 -2.5
      vertex 78.268 -1 2.5
      vertex 78.268 -1 -2.5
    endloop
  endfacet
  facet normal -0.19516 -0.980771 0
    outer loop
      vertex 80.2611 1.98289 -2.5
      vertex 80.5176 1.93185 2.5
      vertex 80.2611 1.98289 2.5
    endloop
  endfacet
  facet normal -0.19516 -0.980771 -0
    outer loop
      vertex 80.5176 1.93185 2.5
      vertex 80.2611 1.98289 -2.5
      vertex 80.5176 1.93185 -2.5
    endloop
  endfacet
  facet normal -0.659343 0.751842 0
    outer loop
      vertex 81.4142 -1.41421 -2.5
      vertex 81.2175 -1.58671 2.5
      vertex 81.4142 -1.41421 2.5
    endloop
  endfacet
  facet normal -0.659343 0.751842 0
    outer loop
      vertex 81.2175 -1.58671 2.5
      vertex 81.4142 -1.41421 -2.5
      vertex 81.2175 -1.58671 -2.5
    endloop
  endfacet
  facet normal -0.980815 0.19494 0
    outer loop
      vertex 41.9319 34.1234 -2.5
      vertex 41.9829 34.38 2.5
      vertex 41.9829 34.38 -2.5
    endloop
  endfacet
  facet normal -0.980815 0.19494 0
    outer loop
      vertex 41.9829 34.38 2.5
      vertex 41.9319 34.1234 -2.5
      vertex 41.9319 34.1234 2.5
    endloop
  endfacet
  facet normal -0.195381 0.980727 0
    outer loop
      vertex 40.5176 32.7092 -2.5
      vertex 40.2611 32.6581 2.5
      vertex 40.5176 32.7092 2.5
    endloop
  endfacet
  facet normal -0.195381 0.980727 0
    outer loop
      vertex 40.2611 32.6581 2.5
      vertex 40.5176 32.7092 -2.5
      vertex 40.2611 32.6581 -2.5
    endloop
  endfacet
  facet normal -0.980815 -0.19494 0
    outer loop
      vertex 41.9829 34.9021 -2.5
      vertex 41.9319 35.1587 2.5
      vertex 41.9319 35.1587 -2.5
    endloop
  endfacet
  facet normal -0.980815 -0.19494 0
    outer loop
      vertex 41.9319 35.1587 2.5
      vertex 41.9829 34.9021 -2.5
      vertex 41.9829 34.9021 2.5
    endloop
  endfacet
  facet normal -0.997862 -0.0653521 0
    outer loop
      vertex 42 34.641 -2.5
      vertex 41.9829 34.9021 2.5
      vertex 41.9829 34.9021 -2.5
    endloop
  endfacet
  facet normal -0.997862 -0.0653521 0
    outer loop
      vertex 41.9829 34.9021 2.5
      vertex 42 34.641 -2.5
      vertex 42 34.641 2.5
    endloop
  endfacet
  facet normal 0.555494 0.831521 -0
    outer loop
      vertex 39 32.909 -2.5
      vertex 38.7825 33.0543 2.5
      vertex 39 32.909 2.5
    endloop
  endfacet
  facet normal 0.555494 0.831521 0
    outer loop
      vertex 38.7825 33.0543 2.5
      vertex 39 32.909 -2.5
      vertex 38.7825 33.0543 -2.5
    endloop
  endfacet
  facet normal 0.89686 -0.442314 0
    outer loop
      vertex 38.1522 35.4064 2.5
      vertex 38.2679 35.641 -2.5
      vertex 38.2679 35.641 2.5
    endloop
  endfacet
  facet normal 0.89686 -0.442314 0
    outer loop
      vertex 38.2679 35.641 -2.5
      vertex 38.1522 35.4064 2.5
      vertex 38.1522 35.4064 -2.5
    endloop
  endfacet
  facet normal 0.751842 0.659343 0
    outer loop
      vertex 38.5858 33.2268 2.5
      vertex 38.4133 33.4235 -2.5
      vertex 38.4133 33.4235 2.5
    endloop
  endfacet
  facet normal 0.751842 0.659343 0
    outer loop
      vertex 38.4133 33.4235 -2.5
      vertex 38.5858 33.2268 2.5
      vertex 38.5858 33.2268 -2.5
    endloop
  endfacet
  facet normal 0.321382 0.94695 -0
    outer loop
      vertex 39.4824 32.7092 -2.5
      vertex 39.2346 32.7933 2.5
      vertex 39.4824 32.7092 2.5
    endloop
  endfacet
  facet normal 0.321382 0.94695 0
    outer loop
      vertex 39.2346 32.7933 2.5
      vertex 39.4824 32.7092 -2.5
      vertex 39.2346 32.7933 -2.5
    endloop
  endfacet
  facet normal 0.751842 -0.659343 0
    outer loop
      vertex 38.4133 35.8585 2.5
      vertex 38.5858 36.0552 -2.5
      vertex 38.5858 36.0552 2.5
    endloop
  endfacet
  facet normal 0.751842 -0.659343 0
    outer loop
      vertex 38.5858 36.0552 -2.5
      vertex 38.4133 35.8585 2.5
      vertex 38.4133 35.8585 -2.5
    endloop
  endfacet
  facet normal 0.555758 -0.831344 0
    outer loop
      vertex 38.7825 36.2277 -2.5
      vertex 39 36.3731 2.5
      vertex 38.7825 36.2277 2.5
    endloop
  endfacet
  facet normal 0.555758 -0.831344 0
    outer loop
      vertex 39 36.3731 2.5
      vertex 38.7825 36.2277 -2.5
      vertex 39 36.3731 -2.5
    endloop
  endfacet
  facet normal -0.751842 0.659343 0
    outer loop
      vertex 41.4142 33.2268 -2.5
      vertex 41.5867 33.4235 2.5
      vertex 41.5867 33.4235 -2.5
    endloop
  endfacet
  facet normal -0.751842 0.659343 0
    outer loop
      vertex 41.5867 33.4235 2.5
      vertex 41.4142 33.2268 -2.5
      vertex 41.4142 33.2268 2.5
    endloop
  endfacet
  facet normal 0.659343 -0.751842 0
    outer loop
      vertex 38.5858 36.0552 -2.5
      vertex 38.7825 36.2277 2.5
      vertex 38.5858 36.0552 2.5
    endloop
  endfacet
  facet normal 0.659343 -0.751842 0
    outer loop
      vertex 38.7825 36.2277 2.5
      vertex 38.5858 36.0552 -2.5
      vertex 38.7825 36.2277 -2.5
    endloop
  endfacet
  facet normal -0.442314 -0.89686 0
    outer loop
      vertex 40.7654 36.4888 -2.5
      vertex 41 36.3731 2.5
      vertex 40.7654 36.4888 2.5
    endloop
  endfacet
  facet normal -0.442314 -0.89686 -0
    outer loop
      vertex 41 36.3731 2.5
      vertex 40.7654 36.4888 -2.5
      vertex 41 36.3731 -2.5
    endloop
  endfacet
  facet normal -0.94695 0.321382 0
    outer loop
      vertex 41.8478 33.8756 -2.5
      vertex 41.9319 34.1234 2.5
      vertex 41.9319 34.1234 -2.5
    endloop
  endfacet
  facet normal -0.94695 0.321382 0
    outer loop
      vertex 41.9319 34.1234 2.5
      vertex 41.8478 33.8756 -2.5
      vertex 41.8478 33.8756 2.5
    endloop
  endfacet
  facet normal -0.659343 0.751842 0
    outer loop
      vertex 41.4142 33.2268 -2.5
      vertex 41.2175 33.0543 2.5
      vertex 41.4142 33.2268 2.5
    endloop
  endfacet
  facet normal -0.659343 0.751842 0
    outer loop
      vertex 41.2175 33.0543 2.5
      vertex 41.4142 33.2268 -2.5
      vertex 41.2175 33.0543 -2.5
    endloop
  endfacet
  facet normal -0.0653521 0.997862 0
    outer loop
      vertex 40.2611 32.6581 -2.5
      vertex 40 32.641 2.5
      vertex 40.2611 32.6581 2.5
    endloop
  endfacet
  facet normal -0.0653521 0.997862 0
    outer loop
      vertex 40 32.641 2.5
      vertex 40.2611 32.6581 -2.5
      vertex 40 32.641 -2.5
    endloop
  endfacet
  facet normal -0.831521 0.555494 0
    outer loop
      vertex 41.5867 33.4235 -2.5
      vertex 41.732 33.641 2.5
      vertex 41.732 33.641 -2.5
    endloop
  endfacet
  facet normal -0.831521 0.555494 0
    outer loop
      vertex 41.732 33.641 2.5
      vertex 41.5867 33.4235 -2.5
      vertex 41.5867 33.4235 2.5
    endloop
  endfacet
  facet normal 0.94691 -0.321498 0
    outer loop
      vertex 38.0681 35.1587 2.5
      vertex 38.1522 35.4064 -2.5
      vertex 38.1522 35.4064 2.5
    endloop
  endfacet
  facet normal 0.94691 -0.321498 0
    outer loop
      vertex 38.1522 35.4064 -2.5
      vertex 38.0681 35.1587 2.5
      vertex 38.0681 35.1587 -2.5
    endloop
  endfacet
  facet normal 0.0653521 -0.997862 0
    outer loop
      vertex 39.7389 36.6239 -2.5
      vertex 40 36.641 2.5
      vertex 39.7389 36.6239 2.5
    endloop
  endfacet
  facet normal 0.0653521 -0.997862 0
    outer loop
      vertex 40 36.641 2.5
      vertex 39.7389 36.6239 -2.5
      vertex 40 36.641 -2.5
    endloop
  endfacet
  facet normal 0.980815 0.19494 0
    outer loop
      vertex 38.0681 34.1234 2.5
      vertex 38.0171 34.38 -2.5
      vertex 38.0171 34.38 2.5
    endloop
  endfacet
  facet normal 0.980815 0.19494 0
    outer loop
      vertex 38.0171 34.38 -2.5
      vertex 38.0681 34.1234 2.5
      vertex 38.0681 34.1234 -2.5
    endloop
  endfacet
  facet normal 0.980815 -0.19494 0
    outer loop
      vertex 38.0171 34.9021 2.5
      vertex 38.0681 35.1587 -2.5
      vertex 38.0681 35.1587 2.5
    endloop
  endfacet
  facet normal 0.980815 -0.19494 0
    outer loop
      vertex 38.0681 35.1587 -2.5
      vertex 38.0171 34.9021 2.5
      vertex 38.0171 34.9021 -2.5
    endloop
  endfacet
  facet normal -0.751842 -0.659343 0
    outer loop
      vertex 41.5867 35.8585 -2.5
      vertex 41.4142 36.0552 2.5
      vertex 41.4142 36.0552 -2.5
    endloop
  endfacet
  facet normal -0.751842 -0.659343 0
    outer loop
      vertex 41.4142 36.0552 2.5
      vertex 41.5867 35.8585 -2.5
      vertex 41.5867 35.8585 2.5
    endloop
  endfacet
  facet normal 0.0653521 0.997862 -0
    outer loop
      vertex 40 32.641 -2.5
      vertex 39.7389 32.6581 2.5
      vertex 40 32.641 2.5
    endloop
  endfacet
  facet normal 0.0653521 0.997862 0
    outer loop
      vertex 39.7389 32.6581 2.5
      vertex 40 32.641 -2.5
      vertex 39.7389 32.6581 -2.5
    endloop
  endfacet
  facet normal -0.0653521 -0.997862 0
    outer loop
      vertex 40 36.641 -2.5
      vertex 40.2611 36.6239 2.5
      vertex 40 36.641 2.5
    endloop
  endfacet
  facet normal -0.0653521 -0.997862 -0
    outer loop
      vertex 40.2611 36.6239 2.5
      vertex 40 36.641 -2.5
      vertex 40.2611 36.6239 -2.5
    endloop
  endfacet
  facet normal 0.94695 0.321382 0
    outer loop
      vertex 38.1522 33.8756 2.5
      vertex 38.0681 34.1234 -2.5
      vertex 38.0681 34.1234 2.5
    endloop
  endfacet
  facet normal 0.94695 0.321382 0
    outer loop
      vertex 38.0681 34.1234 -2.5
      vertex 38.1522 33.8756 2.5
      vertex 38.1522 33.8756 -2.5
    endloop
  endfacet
  facet normal -0.831521 -0.555494 0
    outer loop
      vertex 41.732 35.641 -2.5
      vertex 41.5867 35.8585 2.5
      vertex 41.5867 35.8585 -2.5
    endloop
  endfacet
  facet normal -0.831521 -0.555494 0
    outer loop
      vertex 41.5867 35.8585 2.5
      vertex 41.732 35.641 -2.5
      vertex 41.732 35.641 2.5
    endloop
  endfacet
  facet normal -0.555758 -0.831344 0
    outer loop
      vertex 41 36.3731 -2.5
      vertex 41.2175 36.2277 2.5
      vertex 41 36.3731 2.5
    endloop
  endfacet
  facet normal -0.555758 -0.831344 -0
    outer loop
      vertex 41.2175 36.2277 2.5
      vertex 41 36.3731 -2.5
      vertex 41.2175 36.2277 -2.5
    endloop
  endfacet
  facet normal 0.321382 -0.94695 0
    outer loop
      vertex 39.2346 36.4888 -2.5
      vertex 39.4824 36.5729 2.5
      vertex 39.2346 36.4888 2.5
    endloop
  endfacet
  facet normal 0.321382 -0.94695 0
    outer loop
      vertex 39.4824 36.5729 2.5
      vertex 39.2346 36.4888 -2.5
      vertex 39.4824 36.5729 -2.5
    endloop
  endfacet
  facet normal -0.997861 0.0653771 0
    outer loop
      vertex 41.9829 34.38 -2.5
      vertex 42 34.641 2.5
      vertex 42 34.641 -2.5
    endloop
  endfacet
  facet normal -0.997861 0.0653771 0
    outer loop
      vertex 42 34.641 2.5
      vertex 41.9829 34.38 -2.5
      vertex 41.9829 34.38 2.5
    endloop
  endfacet
  facet normal 0.997862 -0.0653521 0
    outer loop
      vertex 38 34.641 2.5
      vertex 38.0171 34.9021 -2.5
      vertex 38.0171 34.9021 2.5
    endloop
  endfacet
  facet normal 0.997862 -0.0653521 0
    outer loop
      vertex 38.0171 34.9021 -2.5
      vertex 38 34.641 2.5
      vertex 38 34.641 -2.5
    endloop
  endfacet
  facet normal -0.442314 0.89686 0
    outer loop
      vertex 41 32.909 -2.5
      vertex 40.7654 32.7933 2.5
      vertex 41 32.909 2.5
    endloop
  endfacet
  facet normal -0.442314 0.89686 0
    outer loop
      vertex 40.7654 32.7933 2.5
      vertex 41 32.909 -2.5
      vertex 40.7654 32.7933 -2.5
    endloop
  endfacet
  facet normal -0.896709 0.442621 0
    outer loop
      vertex 41.732 33.641 -2.5
      vertex 41.8478 33.8756 2.5
      vertex 41.8478 33.8756 -2.5
    endloop
  endfacet
  facet normal -0.896709 0.442621 0
    outer loop
      vertex 41.8478 33.8756 2.5
      vertex 41.732 33.641 -2.5
      vertex 41.732 33.641 2.5
    endloop
  endfacet
  facet normal 0.195013 -0.980801 0
    outer loop
      vertex 39.4824 36.5729 -2.5
      vertex 39.7389 36.6239 2.5
      vertex 39.4824 36.5729 2.5
    endloop
  endfacet
  facet normal 0.195013 -0.980801 0
    outer loop
      vertex 39.7389 36.6239 2.5
      vertex 39.4824 36.5729 -2.5
      vertex 39.7389 36.6239 -2.5
    endloop
  endfacet
  facet normal 0.442314 -0.89686 0
    outer loop
      vertex 39 36.3731 -2.5
      vertex 39.2346 36.4888 2.5
      vertex 39 36.3731 2.5
    endloop
  endfacet
  facet normal 0.442314 -0.89686 0
    outer loop
      vertex 39.2346 36.4888 2.5
      vertex 39 36.3731 -2.5
      vertex 39.2346 36.4888 -2.5
    endloop
  endfacet
  facet normal 0.831344 0.555758 0
    outer loop
      vertex 38.4133 33.4235 2.5
      vertex 38.2679 33.641 -2.5
      vertex 38.2679 33.641 2.5
    endloop
  endfacet
  facet normal 0.831344 0.555758 0
    outer loop
      vertex 38.2679 33.641 -2.5
      vertex 38.4133 33.4235 2.5
      vertex 38.4133 33.4235 -2.5
    endloop
  endfacet
  facet normal -0.195013 -0.980801 0
    outer loop
      vertex 40.2611 36.6239 -2.5
      vertex 40.5176 36.5729 2.5
      vertex 40.2611 36.6239 2.5
    endloop
  endfacet
  facet normal -0.195013 -0.980801 -0
    outer loop
      vertex 40.5176 36.5729 2.5
      vertex 40.2611 36.6239 -2.5
      vertex 40.5176 36.5729 -2.5
    endloop
  endfacet
  facet normal -0.555494 0.831521 0
    outer loop
      vertex 41.2175 33.0543 -2.5
      vertex 41 32.909 2.5
      vertex 41.2175 33.0543 2.5
    endloop
  endfacet
  facet normal -0.555494 0.831521 0
    outer loop
      vertex 41 32.909 2.5
      vertex 41.2175 33.0543 -2.5
      vertex 41 32.909 -2.5
    endloop
  endfacet
  facet normal -0.321382 -0.94695 0
    outer loop
      vertex 40.5176 36.5729 -2.5
      vertex 40.7654 36.4888 2.5
      vertex 40.5176 36.5729 2.5
    endloop
  endfacet
  facet normal -0.321382 -0.94695 -0
    outer loop
      vertex 40.7654 36.4888 2.5
      vertex 40.5176 36.5729 -2.5
      vertex 40.7654 36.4888 -2.5
    endloop
  endfacet
  facet normal 0.89686 0.442314 0
    outer loop
      vertex 38.2679 33.641 2.5
      vertex 38.1522 33.8756 -2.5
      vertex 38.1522 33.8756 2.5
    endloop
  endfacet
  facet normal 0.89686 0.442314 0
    outer loop
      vertex 38.1522 33.8756 -2.5
      vertex 38.2679 33.641 2.5
      vertex 38.2679 33.641 -2.5
    endloop
  endfacet
  facet normal 0.997861 0.0653771 0
    outer loop
      vertex 38.0171 34.38 2.5
      vertex 38 34.641 -2.5
      vertex 38 34.641 2.5
    endloop
  endfacet
  facet normal 0.997861 0.0653771 0
    outer loop
      vertex 38 34.641 -2.5
      vertex 38.0171 34.38 2.5
      vertex 38.0171 34.38 -2.5
    endloop
  endfacet
  facet normal -0.896709 -0.442621 0
    outer loop
      vertex 41.8478 35.4064 -2.5
      vertex 41.732 35.641 2.5
      vertex 41.732 35.641 -2.5
    endloop
  endfacet
  facet normal -0.896709 -0.442621 0
    outer loop
      vertex 41.732 35.641 2.5
      vertex 41.8478 35.4064 -2.5
      vertex 41.8478 35.4064 2.5
    endloop
  endfacet
  facet normal -0.94691 -0.321498 0
    outer loop
      vertex 41.9319 35.1587 -2.5
      vertex 41.8478 35.4064 2.5
      vertex 41.8478 35.4064 -2.5
    endloop
  endfacet
  facet normal -0.94691 -0.321498 0
    outer loop
      vertex 41.8478 35.4064 2.5
      vertex 41.9319 35.1587 -2.5
      vertex 41.9319 35.1587 2.5
    endloop
  endfacet
  facet normal -0.659343 -0.751842 0
    outer loop
      vertex 41.2175 36.2277 -2.5
      vertex 41.4142 36.0552 2.5
      vertex 41.2175 36.2277 2.5
    endloop
  endfacet
  facet normal -0.659343 -0.751842 -0
    outer loop
      vertex 41.4142 36.0552 2.5
      vertex 41.2175 36.2277 -2.5
      vertex 41.4142 36.0552 -2.5
    endloop
  endfacet
  facet normal -0.321382 0.94695 0
    outer loop
      vertex 40.7654 32.7933 -2.5
      vertex 40.5176 32.7092 2.5
      vertex 40.7654 32.7933 2.5
    endloop
  endfacet
  facet normal -0.321382 0.94695 0
    outer loop
      vertex 40.5176 32.7092 2.5
      vertex 40.7654 32.7933 -2.5
      vertex 40.5176 32.7092 -2.5
    endloop
  endfacet
  facet normal 0.195381 0.980727 -0
    outer loop
      vertex 39.7389 32.6581 -2.5
      vertex 39.4824 32.7092 2.5
      vertex 39.7389 32.6581 2.5
    endloop
  endfacet
  facet normal 0.195381 0.980727 0
    outer loop
      vertex 39.4824 32.7092 2.5
      vertex 39.7389 32.6581 -2.5
      vertex 39.4824 32.7092 -2.5
    endloop
  endfacet
  facet normal 0.659343 0.751842 -0
    outer loop
      vertex 38.7825 33.0543 -2.5
      vertex 38.5858 33.2268 2.5
      vertex 38.7825 33.0543 2.5
    endloop
  endfacet
  facet normal 0.659343 0.751842 0
    outer loop
      vertex 38.5858 33.2268 2.5
      vertex 38.7825 33.0543 -2.5
      vertex 38.5858 33.2268 -2.5
    endloop
  endfacet
  facet normal 0.831344 -0.555758 0
    outer loop
      vertex 38.2679 35.641 2.5
      vertex 38.4133 35.8585 -2.5
      vertex 38.4133 35.8585 2.5
    endloop
  endfacet
  facet normal 0.831344 -0.555758 0
    outer loop
      vertex 38.4133 35.8585 -2.5
      vertex 38.2679 35.641 2.5
      vertex 38.2679 35.641 -2.5
    endloop
  endfacet
  facet normal 0.442314 0.89686 -0
    outer loop
      vertex 39.2346 32.7933 -2.5
      vertex 39 32.909 2.5
      vertex 39.2346 32.7933 2.5
    endloop
  endfacet
  facet normal 0.442314 0.89686 0
    outer loop
      vertex 39 32.909 2.5
      vertex 39.2346 32.7933 -2.5
      vertex 39 32.909 -2.5
    endloop
  endfacet
  facet normal -0.980815 -0.19494 0
    outer loop
      vertex -38.0171 34.9021 -2.5
      vertex -38.0681 35.1587 2.5
      vertex -38.0681 35.1587 -2.5
    endloop
  endfacet
  facet normal -0.980815 -0.19494 0
    outer loop
      vertex -38.0681 35.1587 2.5
      vertex -38.0171 34.9021 -2.5
      vertex -38.0171 34.9021 2.5
    endloop
  endfacet
  facet normal -0.997862 -0.0653521 0
    outer loop
      vertex -38 34.641 -2.5
      vertex -38.0171 34.9021 2.5
      vertex -38.0171 34.9021 -2.5
    endloop
  endfacet
  facet normal -0.997862 -0.0653521 0
    outer loop
      vertex -38.0171 34.9021 2.5
      vertex -38 34.641 -2.5
      vertex -38 34.641 2.5
    endloop
  endfacet
  facet normal -0.321382 0.94695 0
    outer loop
      vertex -39.2346 32.7933 -2.5
      vertex -39.4824 32.7092 2.5
      vertex -39.2346 32.7933 2.5
    endloop
  endfacet
  facet normal -0.321382 0.94695 0
    outer loop
      vertex -39.4824 32.7092 2.5
      vertex -39.2346 32.7933 -2.5
      vertex -39.4824 32.7092 -2.5
    endloop
  endfacet
  facet normal 0.980815 0.19494 0
    outer loop
      vertex -41.9319 34.1234 2.5
      vertex -41.9829 34.38 -2.5
      vertex -41.9829 34.38 2.5
    endloop
  endfacet
  facet normal 0.980815 0.19494 0
    outer loop
      vertex -41.9829 34.38 -2.5
      vertex -41.9319 34.1234 2.5
      vertex -41.9319 34.1234 -2.5
    endloop
  endfacet
  facet normal -0.89686 0.442314 0
    outer loop
      vertex -38.2679 33.641 -2.5
      vertex -38.1522 33.8756 2.5
      vertex -38.1522 33.8756 -2.5
    endloop
  endfacet
  facet normal -0.89686 0.442314 0
    outer loop
      vertex -38.1522 33.8756 2.5
      vertex -38.2679 33.641 -2.5
      vertex -38.2679 33.641 2.5
    endloop
  endfacet
  facet normal -0.555494 0.831521 0
    outer loop
      vertex -38.7825 33.0543 -2.5
      vertex -39 32.909 2.5
      vertex -38.7825 33.0543 2.5
    endloop
  endfacet
  facet normal -0.555494 0.831521 0
    outer loop
      vertex -39 32.909 2.5
      vertex -38.7825 33.0543 -2.5
      vertex -39 32.909 -2.5
    endloop
  endfacet
  facet normal 0.751842 -0.659343 0
    outer loop
      vertex -41.5867 35.8585 2.5
      vertex -41.4142 36.0552 -2.5
      vertex -41.4142 36.0552 2.5
    endloop
  endfacet
  facet normal 0.751842 -0.659343 0
    outer loop
      vertex -41.4142 36.0552 -2.5
      vertex -41.5867 35.8585 2.5
      vertex -41.5867 35.8585 -2.5
    endloop
  endfacet
  facet normal -0.831344 -0.555758 0
    outer loop
      vertex -38.2679 35.641 -2.5
      vertex -38.4133 35.8585 2.5
      vertex -38.4133 35.8585 -2.5
    endloop
  endfacet
  facet normal -0.831344 -0.555758 0
    outer loop
      vertex -38.4133 35.8585 2.5
      vertex -38.2679 35.641 -2.5
      vertex -38.2679 35.641 2.5
    endloop
  endfacet
  facet normal 0.94695 0.321382 0
    outer loop
      vertex -41.8478 33.8756 2.5
      vertex -41.9319 34.1234 -2.5
      vertex -41.9319 34.1234 2.5
    endloop
  endfacet
  facet normal 0.94695 0.321382 0
    outer loop
      vertex -41.9319 34.1234 -2.5
      vertex -41.8478 33.8756 2.5
      vertex -41.8478 33.8756 -2.5
    endloop
  endfacet
  facet normal -0.997861 0.0653771 0
    outer loop
      vertex -38.0171 34.38 -2.5
      vertex -38 34.641 2.5
      vertex -38 34.641 -2.5
    endloop
  endfacet
  facet normal -0.997861 0.0653771 0
    outer loop
      vertex -38 34.641 2.5
      vertex -38.0171 34.38 -2.5
      vertex -38.0171 34.38 2.5
    endloop
  endfacet
  facet normal -0.0653521 0.997862 0
    outer loop
      vertex -39.7389 32.6581 -2.5
      vertex -40 32.641 2.5
      vertex -39.7389 32.6581 2.5
    endloop
  endfacet
  facet normal -0.0653521 0.997862 0
    outer loop
      vertex -40 32.641 2.5
      vertex -39.7389 32.6581 -2.5
      vertex -40 32.641 -2.5
    endloop
  endfacet
  facet normal -0.94695 0.321382 0
    outer loop
      vertex -38.1522 33.8756 -2.5
      vertex -38.0681 34.1234 2.5
      vertex -38.0681 34.1234 -2.5
    endloop
  endfacet
  facet normal -0.94695 0.321382 0
    outer loop
      vertex -38.0681 34.1234 2.5
      vertex -38.1522 33.8756 -2.5
      vertex -38.1522 33.8756 2.5
    endloop
  endfacet
  facet normal -0.659343 -0.751842 0
    outer loop
      vertex -38.7825 36.2277 -2.5
      vertex -38.5858 36.0552 2.5
      vertex -38.7825 36.2277 2.5
    endloop
  endfacet
  facet normal -0.659343 -0.751842 -0
    outer loop
      vertex -38.5858 36.0552 2.5
      vertex -38.7825 36.2277 -2.5
      vertex -38.5858 36.0552 -2.5
    endloop
  endfacet
  facet normal 0.0653521 -0.997862 0
    outer loop
      vertex -40.2611 36.6239 -2.5
      vertex -40 36.641 2.5
      vertex -40.2611 36.6239 2.5
    endloop
  endfacet
  facet normal 0.0653521 -0.997862 0
    outer loop
      vertex -40 36.641 2.5
      vertex -40.2611 36.6239 -2.5
      vertex -40 36.641 -2.5
    endloop
  endfacet
  facet normal 0.997862 -0.0653521 0
    outer loop
      vertex -42 34.641 2.5
      vertex -41.9829 34.9021 -2.5
      vertex -41.9829 34.9021 2.5
    endloop
  endfacet
  facet normal 0.997862 -0.0653521 0
    outer loop
      vertex -41.9829 34.9021 -2.5
      vertex -42 34.641 2.5
      vertex -42 34.641 -2.5
    endloop
  endfacet
  facet normal -0.0653521 -0.997862 0
    outer loop
      vertex -40 36.641 -2.5
      vertex -39.7389 36.6239 2.5
      vertex -40 36.641 2.5
    endloop
  endfacet
  facet normal -0.0653521 -0.997862 -0
    outer loop
      vertex -39.7389 36.6239 2.5
      vertex -40 36.641 -2.5
      vertex -39.7389 36.6239 -2.5
    endloop
  endfacet
  facet normal -0.659343 0.751842 0
    outer loop
      vertex -38.5858 33.2268 -2.5
      vertex -38.7825 33.0543 2.5
      vertex -38.5858 33.2268 2.5
    endloop
  endfacet
  facet normal -0.659343 0.751842 0
    outer loop
      vertex -38.7825 33.0543 2.5
      vertex -38.5858 33.2268 -2.5
      vertex -38.7825 33.0543 -2.5
    endloop
  endfacet
  facet normal 0.555758 -0.831344 0
    outer loop
      vertex -41.2175 36.2277 -2.5
      vertex -41 36.3731 2.5
      vertex -41.2175 36.2277 2.5
    endloop
  endfacet
  facet normal 0.555758 -0.831344 0
    outer loop
      vertex -41 36.3731 2.5
      vertex -41.2175 36.2277 -2.5
      vertex -41 36.3731 -2.5
    endloop
  endfacet
  facet normal 0.997861 0.0653771 0
    outer loop
      vertex -41.9829 34.38 2.5
      vertex -42 34.641 -2.5
      vertex -42 34.641 2.5
    endloop
  endfacet
  facet normal 0.997861 0.0653771 0
    outer loop
      vertex -42 34.641 -2.5
      vertex -41.9829 34.38 2.5
      vertex -41.9829 34.38 -2.5
    endloop
  endfacet
  facet normal 0.831521 -0.555494 0
    outer loop
      vertex -41.732 35.641 2.5
      vertex -41.5867 35.8585 -2.5
      vertex -41.5867 35.8585 2.5
    endloop
  endfacet
  facet normal 0.831521 -0.555494 0
    outer loop
      vertex -41.5867 35.8585 -2.5
      vertex -41.732 35.641 2.5
      vertex -41.732 35.641 -2.5
    endloop
  endfacet
  facet normal 0.442314 -0.89686 0
    outer loop
      vertex -41 36.3731 -2.5
      vertex -40.7654 36.4888 2.5
      vertex -41 36.3731 2.5
    endloop
  endfacet
  facet normal 0.442314 -0.89686 0
    outer loop
      vertex -40.7654 36.4888 2.5
      vertex -41 36.3731 -2.5
      vertex -40.7654 36.4888 -2.5
    endloop
  endfacet
  facet normal 0.751842 0.659343 0
    outer loop
      vertex -41.4142 33.2268 2.5
      vertex -41.5867 33.4235 -2.5
      vertex -41.5867 33.4235 2.5
    endloop
  endfacet
  facet normal 0.751842 0.659343 0
    outer loop
      vertex -41.5867 33.4235 -2.5
      vertex -41.4142 33.2268 2.5
      vertex -41.4142 33.2268 -2.5
    endloop
  endfacet
  facet normal 0.896709 0.442621 0
    outer loop
      vertex -41.732 33.641 2.5
      vertex -41.8478 33.8756 -2.5
      vertex -41.8478 33.8756 2.5
    endloop
  endfacet
  facet normal 0.896709 0.442621 0
    outer loop
      vertex -41.8478 33.8756 -2.5
      vertex -41.732 33.641 2.5
      vertex -41.732 33.641 -2.5
    endloop
  endfacet
  facet normal -0.195013 -0.980801 0
    outer loop
      vertex -39.7389 36.6239 -2.5
      vertex -39.4824 36.5729 2.5
      vertex -39.7389 36.6239 2.5
    endloop
  endfacet
  facet normal -0.195013 -0.980801 -0
    outer loop
      vertex -39.4824 36.5729 2.5
      vertex -39.7389 36.6239 -2.5
      vertex -39.4824 36.5729 -2.5
    endloop
  endfacet
  facet normal 0.896709 -0.442621 0
    outer loop
      vertex -41.8478 35.4064 2.5
      vertex -41.732 35.641 -2.5
      vertex -41.732 35.641 2.5
    endloop
  endfacet
  facet normal 0.896709 -0.442621 0
    outer loop
      vertex -41.732 35.641 -2.5
      vertex -41.8478 35.4064 2.5
      vertex -41.8478 35.4064 -2.5
    endloop
  endfacet
  facet normal -0.442314 -0.89686 0
    outer loop
      vertex -39.2346 36.4888 -2.5
      vertex -39 36.3731 2.5
      vertex -39.2346 36.4888 2.5
    endloop
  endfacet
  facet normal -0.442314 -0.89686 -0
    outer loop
      vertex -39 36.3731 2.5
      vertex -39.2346 36.4888 -2.5
      vertex -39 36.3731 -2.5
    endloop
  endfacet
  facet normal -0.751842 -0.659343 0
    outer loop
      vertex -38.4133 35.8585 -2.5
      vertex -38.5858 36.0552 2.5
      vertex -38.5858 36.0552 -2.5
    endloop
  endfacet
  facet normal -0.751842 -0.659343 0
    outer loop
      vertex -38.5858 36.0552 2.5
      vertex -38.4133 35.8585 -2.5
      vertex -38.4133 35.8585 2.5
    endloop
  endfacet
  facet normal -0.555758 -0.831344 0
    outer loop
      vertex -39 36.3731 -2.5
      vertex -38.7825 36.2277 2.5
      vertex -39 36.3731 2.5
    endloop
  endfacet
  facet normal -0.555758 -0.831344 -0
    outer loop
      vertex -38.7825 36.2277 2.5
      vertex -39 36.3731 -2.5
      vertex -38.7825 36.2277 -2.5
    endloop
  endfacet
  facet normal -0.980815 0.19494 0
    outer loop
      vertex -38.0681 34.1234 -2.5
      vertex -38.0171 34.38 2.5
      vertex -38.0171 34.38 -2.5
    endloop
  endfacet
  facet normal -0.980815 0.19494 0
    outer loop
      vertex -38.0171 34.38 2.5
      vertex -38.0681 34.1234 -2.5
      vertex -38.0681 34.1234 2.5
    endloop
  endfacet
  facet normal 0.321382 -0.94695 0
    outer loop
      vertex -40.7654 36.4888 -2.5
      vertex -40.5176 36.5729 2.5
      vertex -40.7654 36.4888 2.5
    endloop
  endfacet
  facet normal 0.321382 -0.94695 0
    outer loop
      vertex -40.5176 36.5729 2.5
      vertex -40.7654 36.4888 -2.5
      vertex -40.5176 36.5729 -2.5
    endloop
  endfacet
  facet normal 0.659343 -0.751842 0
    outer loop
      vertex -41.4142 36.0552 -2.5
      vertex -41.2175 36.2277 2.5
      vertex -41.4142 36.0552 2.5
    endloop
  endfacet
  facet normal 0.659343 -0.751842 0
    outer loop
      vertex -41.2175 36.2277 2.5
      vertex -41.4142 36.0552 -2.5
      vertex -41.2175 36.2277 -2.5
    endloop
  endfacet
  facet normal -0.195381 0.980727 0
    outer loop
      vertex -39.4824 32.7092 -2.5
      vertex -39.7389 32.6581 2.5
      vertex -39.4824 32.7092 2.5
    endloop
  endfacet
  facet normal -0.195381 0.980727 0
    outer loop
      vertex -39.7389 32.6581 2.5
      vertex -39.4824 32.7092 -2.5
      vertex -39.7389 32.6581 -2.5
    endloop
  endfacet
  facet normal 0.659343 0.751842 -0
    outer loop
      vertex -41.2175 33.0543 -2.5
      vertex -41.4142 33.2268 2.5
      vertex -41.2175 33.0543 2.5
    endloop
  endfacet
  facet normal 0.659343 0.751842 0
    outer loop
      vertex -41.4142 33.2268 2.5
      vertex -41.2175 33.0543 -2.5
      vertex -41.4142 33.2268 -2.5
    endloop
  endfacet
  facet normal -0.751842 0.659343 0
    outer loop
      vertex -38.5858 33.2268 -2.5
      vertex -38.4133 33.4235 2.5
      vertex -38.4133 33.4235 -2.5
    endloop
  endfacet
  facet normal -0.751842 0.659343 0
    outer loop
      vertex -38.4133 33.4235 2.5
      vertex -38.5858 33.2268 -2.5
      vertex -38.5858 33.2268 2.5
    endloop
  endfacet
  facet normal 0.195381 0.980727 -0
    outer loop
      vertex -40.2611 32.6581 -2.5
      vertex -40.5176 32.7092 2.5
      vertex -40.2611 32.6581 2.5
    endloop
  endfacet
  facet normal 0.195381 0.980727 0
    outer loop
      vertex -40.5176 32.7092 2.5
      vertex -40.2611 32.6581 -2.5
      vertex -40.5176 32.7092 -2.5
    endloop
  endfacet
  facet normal -0.89686 -0.442314 0
    outer loop
      vertex -38.1522 35.4064 -2.5
      vertex -38.2679 35.641 2.5
      vertex -38.2679 35.641 -2.5
    endloop
  endfacet
  facet normal -0.89686 -0.442314 0
    outer loop
      vertex -38.2679 35.641 2.5
      vertex -38.1522 35.4064 -2.5
      vertex -38.1522 35.4064 2.5
    endloop
  endfacet
  facet normal -0.442314 0.89686 0
    outer loop
      vertex -39 32.909 -2.5
      vertex -39.2346 32.7933 2.5
      vertex -39 32.909 2.5
    endloop
  endfacet
  facet normal -0.442314 0.89686 0
    outer loop
      vertex -39.2346 32.7933 2.5
      vertex -39 32.909 -2.5
      vertex -39.2346 32.7933 -2.5
    endloop
  endfacet
  facet normal 0.195013 -0.980801 0
    outer loop
      vertex -40.5176 36.5729 -2.5
      vertex -40.2611 36.6239 2.5
      vertex -40.5176 36.5729 2.5
    endloop
  endfacet
  facet normal 0.195013 -0.980801 0
    outer loop
      vertex -40.2611 36.6239 2.5
      vertex -40.5176 36.5729 -2.5
      vertex -40.2611 36.6239 -2.5
    endloop
  endfacet
  facet normal -0.831344 0.555758 0
    outer loop
      vertex -38.4133 33.4235 -2.5
      vertex -38.2679 33.641 2.5
      vertex -38.2679 33.641 -2.5
    endloop
  endfacet
  facet normal -0.831344 0.555758 0
    outer loop
      vertex -38.2679 33.641 2.5
      vertex -38.4133 33.4235 -2.5
      vertex -38.4133 33.4235 2.5
    endloop
  endfacet
  facet normal 0.555494 0.831521 -0
    outer loop
      vertex -41 32.909 -2.5
      vertex -41.2175 33.0543 2.5
      vertex -41 32.909 2.5
    endloop
  endfacet
  facet normal 0.555494 0.831521 0
    outer loop
      vertex -41.2175 33.0543 2.5
      vertex -41 32.909 -2.5
      vertex -41.2175 33.0543 -2.5
    endloop
  endfacet
  facet normal 0.94691 -0.321498 0
    outer loop
      vertex -41.9319 35.1587 2.5
      vertex -41.8478 35.4064 -2.5
      vertex -41.8478 35.4064 2.5
    endloop
  endfacet
  facet normal 0.94691 -0.321498 0
    outer loop
      vertex -41.8478 35.4064 -2.5
      vertex -41.9319 35.1587 2.5
      vertex -41.9319 35.1587 -2.5
    endloop
  endfacet
  facet normal 0.831521 0.555494 0
    outer loop
      vertex -41.5867 33.4235 2.5
      vertex -41.732 33.641 -2.5
      vertex -41.732 33.641 2.5
    endloop
  endfacet
  facet normal 0.831521 0.555494 0
    outer loop
      vertex -41.732 33.641 -2.5
      vertex -41.5867 33.4235 2.5
      vertex -41.5867 33.4235 -2.5
    endloop
  endfacet
  facet normal 0.0653521 0.997862 -0
    outer loop
      vertex -40 32.641 -2.5
      vertex -40.2611 32.6581 2.5
      vertex -40 32.641 2.5
    endloop
  endfacet
  facet normal 0.0653521 0.997862 0
    outer loop
      vertex -40.2611 32.6581 2.5
      vertex -40 32.641 -2.5
      vertex -40.2611 32.6581 -2.5
    endloop
  endfacet
  facet normal -0.321382 -0.94695 0
    outer loop
      vertex -39.4824 36.5729 -2.5
      vertex -39.2346 36.4888 2.5
      vertex -39.4824 36.5729 2.5
    endloop
  endfacet
  facet normal -0.321382 -0.94695 -0
    outer loop
      vertex -39.2346 36.4888 2.5
      vertex -39.4824 36.5729 -2.5
      vertex -39.2346 36.4888 -2.5
    endloop
  endfacet
  facet normal -0.94691 -0.321498 0
    outer loop
      vertex -38.0681 35.1587 -2.5
      vertex -38.1522 35.4064 2.5
      vertex -38.1522 35.4064 -2.5
    endloop
  endfacet
  facet normal -0.94691 -0.321498 0
    outer loop
      vertex -38.1522 35.4064 2.5
      vertex -38.0681 35.1587 -2.5
      vertex -38.0681 35.1587 2.5
    endloop
  endfacet
  facet normal 0.442314 0.89686 -0
    outer loop
      vertex -40.7654 32.7933 -2.5
      vertex -41 32.909 2.5
      vertex -40.7654 32.7933 2.5
    endloop
  endfacet
  facet normal 0.442314 0.89686 0
    outer loop
      vertex -41 32.909 2.5
      vertex -40.7654 32.7933 -2.5
      vertex -41 32.909 -2.5
    endloop
  endfacet
  facet normal 0.321382 0.94695 -0
    outer loop
      vertex -40.5176 32.7092 -2.5
      vertex -40.7654 32.7933 2.5
      vertex -40.5176 32.7092 2.5
    endloop
  endfacet
  facet normal 0.321382 0.94695 0
    outer loop
      vertex -40.7654 32.7933 2.5
      vertex -40.5176 32.7092 -2.5
      vertex -40.7654 32.7933 -2.5
    endloop
  endfacet
  facet normal 0.980815 -0.19494 0
    outer loop
      vertex -41.9829 34.9021 2.5
      vertex -41.9319 35.1587 -2.5
      vertex -41.9319 35.1587 2.5
    endloop
  endfacet
  facet normal 0.980815 -0.19494 0
    outer loop
      vertex -41.9319 35.1587 -2.5
      vertex -41.9829 34.9021 2.5
      vertex -41.9829 34.9021 -2.5
    endloop
  endfacet
  facet normal -0.980813 -0.194951 0
    outer loop
      vertex -78.0171 0.261052 -2.5
      vertex -78.0681 0.517637 2.5
      vertex -78.0681 0.517637 -2.5
    endloop
  endfacet
  facet normal -0.980813 -0.194951 0
    outer loop
      vertex -78.0681 0.517637 2.5
      vertex -78.0171 0.261052 -2.5
      vertex -78.0171 0.261052 2.5
    endloop
  endfacet
  facet normal -0.997861 -0.0653641 0
    outer loop
      vertex -78 0 -2.5
      vertex -78.0171 0.261052 2.5
      vertex -78.0171 0.261052 -2.5
    endloop
  endfacet
  facet normal -0.997861 -0.0653641 0
    outer loop
      vertex -78.0171 0.261052 2.5
      vertex -78 0 -2.5
      vertex -78 0 2.5
    endloop
  endfacet
  facet normal -0.0653902 0.99786 0
    outer loop
      vertex -79.7389 -1.98289 -2.5
      vertex -80 -2 2.5
      vertex -79.7389 -1.98289 2.5
    endloop
  endfacet
  facet normal -0.0653902 0.99786 0
    outer loop
      vertex -80 -2 2.5
      vertex -79.7389 -1.98289 -2.5
      vertex -80 -2 -2.5
    endloop
  endfacet
  facet normal -0.751826 0.659362 0
    outer loop
      vertex -78.5858 -1.41421 -2.5
      vertex -78.4133 -1.21752 2.5
      vertex -78.4133 -1.21752 -2.5
    endloop
  endfacet
  facet normal -0.751826 0.659362 0
    outer loop
      vertex -78.4133 -1.21752 2.5
      vertex -78.5858 -1.41421 -2.5
      vertex -78.5858 -1.41421 2.5
    endloop
  endfacet
  facet normal 0.946922 -0.321463 0
    outer loop
      vertex -81.9319 0.517637 2.5
      vertex -81.8478 0.765367 -2.5
      vertex -81.8478 0.765367 2.5
    endloop
  endfacet
  facet normal 0.946922 -0.321463 0
    outer loop
      vertex -81.8478 0.765367 -2.5
      vertex -81.9319 0.517637 2.5
      vertex -81.9319 0.517637 -2.5
    endloop
  endfacet
  facet normal -0.831544 -0.555459 0
    outer loop
      vertex -78.268 1 -2.5
      vertex -78.4133 1.21752 2.5
      vertex -78.4133 1.21752 -2.5
    endloop
  endfacet
  facet normal -0.831544 -0.555459 0
    outer loop
      vertex -78.4133 1.21752 2.5
      vertex -78.268 1 -2.5
      vertex -78.268 1 2.5
    endloop
  endfacet
  facet normal -0.980813 0.194951 0
    outer loop
      vertex -78.0681 -0.517637 -2.5
      vertex -78.0171 -0.261052 2.5
      vertex -78.0171 -0.261052 -2.5
    endloop
  endfacet
  facet normal -0.980813 0.194951 0
    outer loop
      vertex -78.0171 -0.261052 2.5
      vertex -78.0681 -0.517637 -2.5
      vertex -78.0681 -0.517637 2.5
    endloop
  endfacet
  facet normal -0.659343 0.751842 0
    outer loop
      vertex -78.5858 -1.41421 -2.5
      vertex -78.7825 -1.58671 2.5
      vertex -78.5858 -1.41421 2.5
    endloop
  endfacet
  facet normal -0.659343 0.751842 0
    outer loop
      vertex -78.7825 -1.58671 2.5
      vertex -78.5858 -1.41421 -2.5
      vertex -78.7825 -1.58671 -2.5
    endloop
  endfacet
  facet normal 0.831544 0.555459 0
    outer loop
      vertex -81.5867 -1.21752 2.5
      vertex -81.732 -1 -2.5
      vertex -81.732 -1 2.5
    endloop
  endfacet
  facet normal 0.831544 0.555459 0
    outer loop
      vertex -81.732 -1 -2.5
      vertex -81.5867 -1.21752 2.5
      vertex -81.5867 -1.21752 -2.5
    endloop
  endfacet
  facet normal 0.997861 -0.0653641 0
    outer loop
      vertex -82 0 2.5
      vertex -81.9829 0.261052 -2.5
      vertex -81.9829 0.261052 2.5
    endloop
  endfacet
  facet normal 0.997861 -0.0653641 0
    outer loop
      vertex -81.9829 0.261052 -2.5
      vertex -82 0 2.5
      vertex -82 0 -2.5
    endloop
  endfacet
  facet normal -0.896734 -0.442571 0
    outer loop
      vertex -78.1522 0.765367 -2.5
      vertex -78.268 1 2.5
      vertex -78.268 1 -2.5
    endloop
  endfacet
  facet normal -0.896734 -0.442571 0
    outer loop
      vertex -78.268 1 2.5
      vertex -78.1522 0.765367 -2.5
      vertex -78.1522 0.765367 2.5
    endloop
  endfacet
  facet normal 0.980813 0.194951 0
    outer loop
      vertex -81.9319 -0.517637 2.5
      vertex -81.9829 -0.261052 -2.5
      vertex -81.9829 -0.261052 2.5
    endloop
  endfacet
  facet normal 0.980813 0.194951 0
    outer loop
      vertex -81.9829 -0.261052 -2.5
      vertex -81.9319 -0.517637 2.5
      vertex -81.9319 -0.517637 -2.5
    endloop
  endfacet
  facet normal -0.321348 0.946961 0
    outer loop
      vertex -79.2346 -1.84776 -2.5
      vertex -79.4824 -1.93185 2.5
      vertex -79.2346 -1.84776 2.5
    endloop
  endfacet
  facet normal -0.321348 0.946961 0
    outer loop
      vertex -79.4824 -1.93185 2.5
      vertex -79.2346 -1.84776 -2.5
      vertex -79.4824 -1.93185 -2.5
    endloop
  endfacet
  facet normal -0.659343 -0.751842 0
    outer loop
      vertex -78.7825 1.58671 -2.5
      vertex -78.5858 1.41421 2.5
      vertex -78.7825 1.58671 2.5
    endloop
  endfacet
  facet normal -0.659343 -0.751842 -0
    outer loop
      vertex -78.5858 1.41421 2.5
      vertex -78.7825 1.58671 -2.5
      vertex -78.5858 1.41421 -2.5
    endloop
  endfacet
  facet normal 0.751826 -0.659362 0
    outer loop
      vertex -81.5867 1.21752 2.5
      vertex -81.4142 1.41421 -2.5
      vertex -81.4142 1.41421 2.5
    endloop
  endfacet
  facet normal 0.751826 -0.659362 0
    outer loop
      vertex -81.4142 1.41421 -2.5
      vertex -81.5867 1.21752 2.5
      vertex -81.5867 1.21752 -2.5
    endloop
  endfacet
  facet normal 0.659343 -0.751842 0
    outer loop
      vertex -81.4142 1.41421 -2.5
      vertex -81.2175 1.58671 2.5
      vertex -81.4142 1.41421 2.5
    endloop
  endfacet
  facet normal 0.659343 -0.751842 0
    outer loop
      vertex -81.2175 1.58671 2.5
      vertex -81.4142 1.41421 -2.5
      vertex -81.2175 1.58671 -2.5
    endloop
  endfacet
  facet normal 0.321348 -0.946961 0
    outer loop
      vertex -80.7654 1.84776 -2.5
      vertex -80.5176 1.93185 2.5
      vertex -80.7654 1.84776 2.5
    endloop
  endfacet
  facet normal 0.321348 -0.946961 0
    outer loop
      vertex -80.5176 1.93185 2.5
      vertex -80.7654 1.84776 -2.5
      vertex -80.5176 1.93185 -2.5
    endloop
  endfacet
  facet normal 0.659343 0.751842 -0
    outer loop
      vertex -81.2175 -1.58671 -2.5
      vertex -81.4142 -1.41421 2.5
      vertex -81.2175 -1.58671 2.5
    endloop
  endfacet
  facet normal 0.659343 0.751842 0
    outer loop
      vertex -81.4142 -1.41421 2.5
      vertex -81.2175 -1.58671 -2.5
      vertex -81.4142 -1.41421 -2.5
    endloop
  endfacet
  facet normal 0.5556 -0.83145 0
    outer loop
      vertex -81.2175 1.58671 -2.5
      vertex -81 1.73205 2.5
      vertex -81.2175 1.58671 2.5
    endloop
  endfacet
  facet normal 0.5556 -0.83145 0
    outer loop
      vertex -81 1.73205 2.5
      vertex -81.2175 1.58671 -2.5
      vertex -81 1.73205 -2.5
    endloop
  endfacet
  facet normal 0.751826 0.659362 0
    outer loop
      vertex -81.4142 -1.41421 2.5
      vertex -81.5867 -1.21752 -2.5
      vertex -81.5867 -1.21752 2.5
    endloop
  endfacet
  facet normal 0.751826 0.659362 0
    outer loop
      vertex -81.5867 -1.21752 -2.5
      vertex -81.4142 -1.41421 2.5
      vertex -81.4142 -1.41421 -2.5
    endloop
  endfacet
  facet normal -0.831544 0.555459 0
    outer loop
      vertex -78.4133 -1.21752 -2.5
      vertex -78.268 -1 2.5
      vertex -78.268 -1 -2.5
    endloop
  endfacet
  facet normal -0.831544 0.555459 0
    outer loop
      vertex -78.268 -1 2.5
      vertex -78.4133 -1.21752 -2.5
      vertex -78.4133 -1.21752 2.5
    endloop
  endfacet
  facet normal -0.751826 -0.659362 0
    outer loop
      vertex -78.4133 1.21752 -2.5
      vertex -78.5858 1.41421 2.5
      vertex -78.5858 1.41421 -2.5
    endloop
  endfacet
  facet normal -0.751826 -0.659362 0
    outer loop
      vertex -78.5858 1.41421 2.5
      vertex -78.4133 1.21752 -2.5
      vertex -78.4133 1.21752 2.5
    endloop
  endfacet
  facet normal 0.321348 0.946961 -0
    outer loop
      vertex -80.5176 -1.93185 -2.5
      vertex -80.7654 -1.84776 2.5
      vertex -80.5176 -1.93185 2.5
    endloop
  endfacet
  facet normal 0.321348 0.946961 0
    outer loop
      vertex -80.7654 -1.84776 2.5
      vertex -80.5176 -1.93185 -2.5
      vertex -80.7654 -1.84776 -2.5
    endloop
  endfacet
  facet normal 0.997861 0.0653641 0
    outer loop
      vertex -81.9829 -0.261052 2.5
      vertex -82 0 -2.5
      vertex -82 0 2.5
    endloop
  endfacet
  facet normal 0.997861 0.0653641 0
    outer loop
      vertex -82 0 -2.5
      vertex -81.9829 -0.261052 2.5
      vertex -81.9829 -0.261052 -2.5
    endloop
  endfacet
  facet normal 0.946922 0.321463 0
    outer loop
      vertex -81.8478 -0.765367 2.5
      vertex -81.9319 -0.517637 -2.5
      vertex -81.9319 -0.517637 2.5
    endloop
  endfacet
  facet normal 0.946922 0.321463 0
    outer loop
      vertex -81.9319 -0.517637 -2.5
      vertex -81.8478 -0.765367 2.5
      vertex -81.8478 -0.765367 -2.5
    endloop
  endfacet
  facet normal -0.997861 0.0653641 0
    outer loop
      vertex -78.0171 -0.261052 -2.5
      vertex -78 0 2.5
      vertex -78 0 -2.5
    endloop
  endfacet
  facet normal -0.997861 0.0653641 0
    outer loop
      vertex -78 0 2.5
      vertex -78.0171 -0.261052 -2.5
      vertex -78.0171 -0.261052 2.5
    endloop
  endfacet
  facet normal -0.321348 -0.946961 0
    outer loop
      vertex -79.4824 1.93185 -2.5
      vertex -79.2346 1.84776 2.5
      vertex -79.4824 1.93185 2.5
    endloop
  endfacet
  facet normal -0.321348 -0.946961 -0
    outer loop
      vertex -79.2346 1.84776 2.5
      vertex -79.4824 1.93185 -2.5
      vertex -79.2346 1.84776 -2.5
    endloop
  endfacet
  facet normal -0.5556 -0.83145 0
    outer loop
      vertex -79 1.73205 -2.5
      vertex -78.7825 1.58671 2.5
      vertex -79 1.73205 2.5
    endloop
  endfacet
  facet normal -0.5556 -0.83145 -0
    outer loop
      vertex -78.7825 1.58671 2.5
      vertex -79 1.73205 -2.5
      vertex -78.7825 1.58671 -2.5
    endloop
  endfacet
  facet normal 0.19516 0.980771 -0
    outer loop
      vertex -80.2611 -1.98289 -2.5
      vertex -80.5176 -1.93185 2.5
      vertex -80.2611 -1.98289 2.5
    endloop
  endfacet
  facet normal 0.19516 0.980771 0
    outer loop
      vertex -80.5176 -1.93185 2.5
      vertex -80.2611 -1.98289 -2.5
      vertex -80.5176 -1.93185 -2.5
    endloop
  endfacet
  facet normal 0.980813 -0.194951 0
    outer loop
      vertex -81.9829 0.261052 2.5
      vertex -81.9319 0.517637 -2.5
      vertex -81.9319 0.517637 2.5
    endloop
  endfacet
  facet normal 0.980813 -0.194951 0
    outer loop
      vertex -81.9319 0.517637 -2.5
      vertex -81.9829 0.261052 2.5
      vertex -81.9829 0.261052 -2.5
    endloop
  endfacet
  facet normal 0.19516 -0.980771 0
    outer loop
      vertex -80.5176 1.93185 -2.5
      vertex -80.2611 1.98289 2.5
      vertex -80.5176 1.93185 2.5
    endloop
  endfacet
  facet normal 0.19516 -0.980771 0
    outer loop
      vertex -80.2611 1.98289 2.5
      vertex -80.5176 1.93185 -2.5
      vertex -80.2611 1.98289 -2.5
    endloop
  endfacet
  facet normal 0.0653902 -0.99786 0
    outer loop
      vertex -80.2611 1.98289 -2.5
      vertex -80 2 2.5
      vertex -80.2611 1.98289 2.5
    endloop
  endfacet
  facet normal 0.0653902 -0.99786 0
    outer loop
      vertex -80 2 2.5
      vertex -80.2611 1.98289 -2.5
      vertex -80 2 -2.5
    endloop
  endfacet
  facet normal -0.19516 0.980771 0
    outer loop
      vertex -79.4824 -1.93185 -2.5
      vertex -79.7389 -1.98289 2.5
      vertex -79.4824 -1.93185 2.5
    endloop
  endfacet
  facet normal -0.19516 0.980771 0
    outer loop
      vertex -79.7389 -1.98289 2.5
      vertex -79.4824 -1.93185 -2.5
      vertex -79.7389 -1.98289 -2.5
    endloop
  endfacet
  facet normal -0.442344 -0.896845 0
    outer loop
      vertex -79.2346 1.84776 -2.5
      vertex -79 1.73205 2.5
      vertex -79.2346 1.84776 2.5
    endloop
  endfacet
  facet normal -0.442344 -0.896845 -0
    outer loop
      vertex -79 1.73205 2.5
      vertex -79.2346 1.84776 -2.5
      vertex -79 1.73205 -2.5
    endloop
  endfacet
  facet normal 0.0653902 0.99786 -0
    outer loop
      vertex -80 -2 -2.5
      vertex -80.2611 -1.98289 2.5
      vertex -80 -2 2.5
    endloop
  endfacet
  facet normal 0.0653902 0.99786 0
    outer loop
      vertex -80.2611 -1.98289 2.5
      vertex -80 -2 -2.5
      vertex -80.2611 -1.98289 -2.5
    endloop
  endfacet
  facet normal -0.0653902 -0.99786 0
    outer loop
      vertex -80 2 -2.5
      vertex -79.7389 1.98289 2.5
      vertex -80 2 2.5
    endloop
  endfacet
  facet normal -0.0653902 -0.99786 -0
    outer loop
      vertex -79.7389 1.98289 2.5
      vertex -80 2 -2.5
      vertex -79.7389 1.98289 -2.5
    endloop
  endfacet
  facet normal -0.19516 -0.980771 0
    outer loop
      vertex -79.7389 1.98289 -2.5
      vertex -79.4824 1.93185 2.5
      vertex -79.7389 1.98289 2.5
    endloop
  endfacet
  facet normal -0.19516 -0.980771 -0
    outer loop
      vertex -79.4824 1.93185 2.5
      vertex -79.7389 1.98289 -2.5
      vertex -79.4824 1.93185 -2.5
    endloop
  endfacet
  facet normal -0.946922 -0.321463 0
    outer loop
      vertex -78.0681 0.517637 -2.5
      vertex -78.1522 0.765367 2.5
      vertex -78.1522 0.765367 -2.5
    endloop
  endfacet
  facet normal -0.946922 -0.321463 0
    outer loop
      vertex -78.1522 0.765367 2.5
      vertex -78.0681 0.517637 -2.5
      vertex -78.0681 0.517637 2.5
    endloop
  endfacet
  facet normal -0.5556 0.83145 0
    outer loop
      vertex -78.7825 -1.58671 -2.5
      vertex -79 -1.73205 2.5
      vertex -78.7825 -1.58671 2.5
    endloop
  endfacet
  facet normal -0.5556 0.83145 0
    outer loop
      vertex -79 -1.73205 2.5
      vertex -78.7825 -1.58671 -2.5
      vertex -79 -1.73205 -2.5
    endloop
  endfacet
  facet normal -0.946922 0.321463 0
    outer loop
      vertex -78.1522 -0.765367 -2.5
      vertex -78.0681 -0.517637 2.5
      vertex -78.0681 -0.517637 -2.5
    endloop
  endfacet
  facet normal -0.946922 0.321463 0
    outer loop
      vertex -78.0681 -0.517637 2.5
      vertex -78.1522 -0.765367 -2.5
      vertex -78.1522 -0.765367 2.5
    endloop
  endfacet
  facet normal -0.896734 0.442571 0
    outer loop
      vertex -78.268 -1 -2.5
      vertex -78.1522 -0.765367 2.5
      vertex -78.1522 -0.765367 -2.5
    endloop
  endfacet
  facet normal -0.896734 0.442571 0
    outer loop
      vertex -78.1522 -0.765367 2.5
      vertex -78.268 -1 -2.5
      vertex -78.268 -1 2.5
    endloop
  endfacet
  facet normal 0.896734 0.442571 0
    outer loop
      vertex -81.732 -1 2.5
      vertex -81.8478 -0.765367 -2.5
      vertex -81.8478 -0.765367 2.5
    endloop
  endfacet
  facet normal 0.896734 0.442571 0
    outer loop
      vertex -81.8478 -0.765367 -2.5
      vertex -81.732 -1 2.5
      vertex -81.732 -1 -2.5
    endloop
  endfacet
  facet normal 0.442344 -0.896845 0
    outer loop
      vertex -81 1.73205 -2.5
      vertex -80.7654 1.84776 2.5
      vertex -81 1.73205 2.5
    endloop
  endfacet
  facet normal 0.442344 -0.896845 0
    outer loop
      vertex -80.7654 1.84776 2.5
      vertex -81 1.73205 -2.5
      vertex -80.7654 1.84776 -2.5
    endloop
  endfacet
  facet normal -0.442344 0.896845 0
    outer loop
      vertex -79 -1.73205 -2.5
      vertex -79.2346 -1.84776 2.5
      vertex -79 -1.73205 2.5
    endloop
  endfacet
  facet normal -0.442344 0.896845 0
    outer loop
      vertex -79.2346 -1.84776 2.5
      vertex -79 -1.73205 -2.5
      vertex -79.2346 -1.84776 -2.5
    endloop
  endfacet
  facet normal 0.442344 0.896845 -0
    outer loop
      vertex -80.7654 -1.84776 -2.5
      vertex -81 -1.73205 2.5
      vertex -80.7654 -1.84776 2.5
    endloop
  endfacet
  facet normal 0.442344 0.896845 0
    outer loop
      vertex -81 -1.73205 2.5
      vertex -80.7654 -1.84776 -2.5
      vertex -81 -1.73205 -2.5
    endloop
  endfacet
  facet normal 0.896734 -0.442571 0
    outer loop
      vertex -81.8478 0.765367 2.5
      vertex -81.732 1 -2.5
      vertex -81.732 1 2.5
    endloop
  endfacet
  facet normal 0.896734 -0.442571 0
    outer loop
      vertex -81.732 1 -2.5
      vertex -81.8478 0.765367 2.5
      vertex -81.8478 0.765367 -2.5
    endloop
  endfacet
  facet normal 0.831544 -0.555459 0
    outer loop
      vertex -81.732 1 2.5
      vertex -81.5867 1.21752 -2.5
      vertex -81.5867 1.21752 2.5
    endloop
  endfacet
  facet normal 0.831544 -0.555459 0
    outer loop
      vertex -81.5867 1.21752 -2.5
      vertex -81.732 1 2.5
      vertex -81.732 1 -2.5
    endloop
  endfacet
  facet normal 0.5556 0.83145 -0
    outer loop
      vertex -81 -1.73205 -2.5
      vertex -81.2175 -1.58671 2.5
      vertex -81 -1.73205 2.5
    endloop
  endfacet
  facet normal 0.5556 0.83145 0
    outer loop
      vertex -81.2175 -1.58671 2.5
      vertex -81 -1.73205 -2.5
      vertex -81.2175 -1.58671 -2.5
    endloop
  endfacet
  facet normal -0.751842 0.659343 0
    outer loop
      vertex -38.5858 -36.0552 -2.5
      vertex -38.4133 -35.8585 2.5
      vertex -38.4133 -35.8585 -2.5
    endloop
  endfacet
  facet normal -0.751842 0.659343 0
    outer loop
      vertex -38.4133 -35.8585 2.5
      vertex -38.5858 -36.0552 -2.5
      vertex -38.5858 -36.0552 2.5
    endloop
  endfacet
  facet normal -0.980815 -0.19494 0
    outer loop
      vertex -38.0171 -34.38 -2.5
      vertex -38.0681 -34.1234 2.5
      vertex -38.0681 -34.1234 -2.5
    endloop
  endfacet
  facet normal -0.980815 -0.19494 0
    outer loop
      vertex -38.0681 -34.1234 2.5
      vertex -38.0171 -34.38 -2.5
      vertex -38.0171 -34.38 2.5
    endloop
  endfacet
  facet normal -0.997861 -0.0653771 0
    outer loop
      vertex -38 -34.641 -2.5
      vertex -38.0171 -34.38 2.5
      vertex -38.0171 -34.38 -2.5
    endloop
  endfacet
  facet normal -0.997861 -0.0653771 0
    outer loop
      vertex -38.0171 -34.38 2.5
      vertex -38 -34.641 -2.5
      vertex -38 -34.641 2.5
    endloop
  endfacet
  facet normal 0.195013 0.980801 -0
    outer loop
      vertex -40.2611 -36.6239 -2.5
      vertex -40.5176 -36.5729 2.5
      vertex -40.2611 -36.6239 2.5
    endloop
  endfacet
  facet normal 0.195013 0.980801 0
    outer loop
      vertex -40.5176 -36.5729 2.5
      vertex -40.2611 -36.6239 -2.5
      vertex -40.5176 -36.5729 -2.5
    endloop
  endfacet
  facet normal -0.831344 0.555758 0
    outer loop
      vertex -38.4133 -35.8585 -2.5
      vertex -38.2679 -35.641 2.5
      vertex -38.2679 -35.641 -2.5
    endloop
  endfacet
  facet normal -0.831344 0.555758 0
    outer loop
      vertex -38.2679 -35.641 2.5
      vertex -38.4133 -35.8585 -2.5
      vertex -38.4133 -35.8585 2.5
    endloop
  endfacet
  facet normal -0.997862 0.0653521 0
    outer loop
      vertex -38.0171 -34.9021 -2.5
      vertex -38 -34.641 2.5
      vertex -38 -34.641 -2.5
    endloop
  endfacet
  facet normal -0.997862 0.0653521 0
    outer loop
      vertex -38 -34.641 2.5
      vertex -38.0171 -34.9021 -2.5
      vertex -38.0171 -34.9021 2.5
    endloop
  endfacet
  facet normal -0.195381 -0.980727 0
    outer loop
      vertex -39.7389 -32.6581 -2.5
      vertex -39.4824 -32.7092 2.5
      vertex -39.7389 -32.6581 2.5
    endloop
  endfacet
  facet normal -0.195381 -0.980727 -0
    outer loop
      vertex -39.4824 -32.7092 2.5
      vertex -39.7389 -32.6581 -2.5
      vertex -39.4824 -32.7092 -2.5
    endloop
  endfacet
  facet normal -0.94691 0.321498 0
    outer loop
      vertex -38.1522 -35.4064 -2.5
      vertex -38.0681 -35.1587 2.5
      vertex -38.0681 -35.1587 -2.5
    endloop
  endfacet
  facet normal -0.94691 0.321498 0
    outer loop
      vertex -38.0681 -35.1587 2.5
      vertex -38.1522 -35.4064 -2.5
      vertex -38.1522 -35.4064 2.5
    endloop
  endfacet
  facet normal 0.555494 -0.831521 0
    outer loop
      vertex -41.2175 -33.0543 -2.5
      vertex -41 -32.909 2.5
      vertex -41.2175 -33.0543 2.5
    endloop
  endfacet
  facet normal 0.555494 -0.831521 0
    outer loop
      vertex -41 -32.909 2.5
      vertex -41.2175 -33.0543 -2.5
      vertex -41 -32.909 -2.5
    endloop
  endfacet
  facet normal -0.89686 0.442314 0
    outer loop
      vertex -38.2679 -35.641 -2.5
      vertex -38.1522 -35.4064 2.5
      vertex -38.1522 -35.4064 -2.5
    endloop
  endfacet
  facet normal -0.89686 0.442314 0
    outer loop
      vertex -38.1522 -35.4064 2.5
      vertex -38.2679 -35.641 -2.5
      vertex -38.2679 -35.641 2.5
    endloop
  endfacet
  facet normal 0.94691 0.321498 0
    outer loop
      vertex -41.8478 -35.4064 2.5
      vertex -41.9319 -35.1587 -2.5
      vertex -41.9319 -35.1587 2.5
    endloop
  endfacet
  facet normal 0.94691 0.321498 0
    outer loop
      vertex -41.9319 -35.1587 -2.5
      vertex -41.8478 -35.4064 2.5
      vertex -41.8478 -35.4064 -2.5
    endloop
  endfacet
  facet normal -0.0653521 -0.997862 0
    outer loop
      vertex -40 -32.641 -2.5
      vertex -39.7389 -32.6581 2.5
      vertex -40 -32.641 2.5
    endloop
  endfacet
  facet normal -0.0653521 -0.997862 -0
    outer loop
      vertex -39.7389 -32.6581 2.5
      vertex -40 -32.641 -2.5
      vertex -39.7389 -32.6581 -2.5
    endloop
  endfacet
  facet normal -0.442314 0.89686 0
    outer loop
      vertex -39 -36.3731 -2.5
      vertex -39.2346 -36.4888 2.5
      vertex -39 -36.3731 2.5
    endloop
  endfacet
  facet normal -0.442314 0.89686 0
    outer loop
      vertex -39.2346 -36.4888 2.5
      vertex -39 -36.3731 -2.5
      vertex -39.2346 -36.4888 -2.5
    endloop
  endfacet
  facet normal -0.555758 0.831344 0
    outer loop
      vertex -38.7825 -36.2277 -2.5
      vertex -39 -36.3731 2.5
      vertex -38.7825 -36.2277 2.5
    endloop
  endfacet
  facet normal -0.555758 0.831344 0
    outer loop
      vertex -39 -36.3731 2.5
      vertex -38.7825 -36.2277 -2.5
      vertex -39 -36.3731 -2.5
    endloop
  endfacet
  facet normal 0.751842 0.659343 0
    outer loop
      vertex -41.4142 -36.0552 2.5
      vertex -41.5867 -35.8585 -2.5
      vertex -41.5867 -35.8585 2.5
    endloop
  endfacet
  facet normal 0.751842 0.659343 0
    outer loop
      vertex -41.5867 -35.8585 -2.5
      vertex -41.4142 -36.0552 2.5
      vertex -41.4142 -36.0552 -2.5
    endloop
  endfacet
  facet normal -0.831344 -0.555758 0
    outer loop
      vertex -38.2679 -33.641 -2.5
      vertex -38.4133 -33.4235 2.5
      vertex -38.4133 -33.4235 -2.5
    endloop
  endfacet
  facet normal -0.831344 -0.555758 0
    outer loop
      vertex -38.4133 -33.4235 2.5
      vertex -38.2679 -33.641 -2.5
      vertex -38.2679 -33.641 2.5
    endloop
  endfacet
  facet normal 0.442314 -0.89686 0
    outer loop
      vertex -41 -32.909 -2.5
      vertex -40.7654 -32.7933 2.5
      vertex -41 -32.909 2.5
    endloop
  endfacet
  facet normal 0.442314 -0.89686 0
    outer loop
      vertex -40.7654 -32.7933 2.5
      vertex -41 -32.909 -2.5
      vertex -40.7654 -32.7933 -2.5
    endloop
  endfacet
  facet normal 0.94695 -0.321382 0
    outer loop
      vertex -41.9319 -34.1234 2.5
      vertex -41.8478 -33.8756 -2.5
      vertex -41.8478 -33.8756 2.5
    endloop
  endfacet
  facet normal 0.94695 -0.321382 0
    outer loop
      vertex -41.8478 -33.8756 -2.5
      vertex -41.9319 -34.1234 2.5
      vertex -41.9319 -34.1234 -2.5
    endloop
  endfacet
  facet normal -0.321382 0.94695 0
    outer loop
      vertex -39.2346 -36.4888 -2.5
      vertex -39.4824 -36.5729 2.5
      vertex -39.2346 -36.4888 2.5
    endloop
  endfacet
  facet normal -0.321382 0.94695 0
    outer loop
      vertex -39.4824 -36.5729 2.5
      vertex -39.2346 -36.4888 -2.5
      vertex -39.4824 -36.5729 -2.5
    endloop
  endfacet
  facet normal 0.831521 0.555494 0
    outer loop
      vertex -41.5867 -35.8585 2.5
      vertex -41.732 -35.641 -2.5
      vertex -41.732 -35.641 2.5
    endloop
  endfacet
  facet normal 0.831521 0.555494 0
    outer loop
      vertex -41.732 -35.641 -2.5
      vertex -41.5867 -35.8585 2.5
      vertex -41.5867 -35.8585 -2.5
    endloop
  endfacet
  facet normal 0.659343 -0.751842 0
    outer loop
      vertex -41.4142 -33.2268 -2.5
      vertex -41.2175 -33.0543 2.5
      vertex -41.4142 -33.2268 2.5
    endloop
  endfacet
  facet normal 0.659343 -0.751842 0
    outer loop
      vertex -41.2175 -33.0543 2.5
      vertex -41.4142 -33.2268 -2.5
      vertex -41.2175 -33.0543 -2.5
    endloop
  endfacet
  facet normal -0.321382 -0.94695 0
    outer loop
      vertex -39.4824 -32.7092 -2.5
      vertex -39.2346 -32.7933 2.5
      vertex -39.4824 -32.7092 2.5
    endloop
  endfacet
  facet normal -0.321382 -0.94695 -0
    outer loop
      vertex -39.2346 -32.7933 2.5
      vertex -39.4824 -32.7092 -2.5
      vertex -39.2346 -32.7933 -2.5
    endloop
  endfacet
  facet normal 0.997862 0.0653521 0
    outer loop
      vertex -41.9829 -34.9021 2.5
      vertex -42 -34.641 -2.5
      vertex -42 -34.641 2.5
    endloop
  endfacet
  facet normal 0.997862 0.0653521 0
    outer loop
      vertex -42 -34.641 -2.5
      vertex -41.9829 -34.9021 2.5
      vertex -41.9829 -34.9021 -2.5
    endloop
  endfacet
  facet normal 0.980815 0.19494 0
    outer loop
      vertex -41.9319 -35.1587 2.5
      vertex -41.9829 -34.9021 -2.5
      vertex -41.9829 -34.9021 2.5
    endloop
  endfacet
  facet normal 0.980815 0.19494 0
    outer loop
      vertex -41.9829 -34.9021 -2.5
      vertex -41.9319 -35.1587 2.5
      vertex -41.9319 -35.1587 -2.5
    endloop
  endfacet
  facet normal 0.896709 0.442621 0
    outer loop
      vertex -41.732 -35.641 2.5
      vertex -41.8478 -35.4064 -2.5
      vertex -41.8478 -35.4064 2.5
    endloop
  endfacet
  facet normal 0.896709 0.442621 0
    outer loop
      vertex -41.8478 -35.4064 -2.5
      vertex -41.732 -35.641 2.5
      vertex -41.732 -35.641 -2.5
    endloop
  endfacet
  facet normal 0.321382 0.94695 -0
    outer loop
      vertex -40.5176 -36.5729 -2.5
      vertex -40.7654 -36.4888 2.5
      vertex -40.5176 -36.5729 2.5
    endloop
  endfacet
  facet normal 0.321382 0.94695 0
    outer loop
      vertex -40.7654 -36.4888 2.5
      vertex -40.5176 -36.5729 -2.5
      vertex -40.7654 -36.4888 -2.5
    endloop
  endfacet
  facet normal -0.659343 -0.751842 0
    outer loop
      vertex -38.7825 -33.0543 -2.5
      vertex -38.5858 -33.2268 2.5
      vertex -38.7825 -33.0543 2.5
    endloop
  endfacet
  facet normal -0.659343 -0.751842 -0
    outer loop
      vertex -38.5858 -33.2268 2.5
      vertex -38.7825 -33.0543 -2.5
      vertex -38.5858 -33.2268 -2.5
    endloop
  endfacet
  facet normal -0.442314 -0.89686 0
    outer loop
      vertex -39.2346 -32.7933 -2.5
      vertex -39 -32.909 2.5
      vertex -39.2346 -32.7933 2.5
    endloop
  endfacet
  facet normal -0.442314 -0.89686 -0
    outer loop
      vertex -39 -32.909 2.5
      vertex -39.2346 -32.7933 -2.5
      vertex -39 -32.909 -2.5
    endloop
  endfacet
  facet normal 0.980815 -0.19494 0
    outer loop
      vertex -41.9829 -34.38 2.5
      vertex -41.9319 -34.1234 -2.5
      vertex -41.9319 -34.1234 2.5
    endloop
  endfacet
  facet normal 0.980815 -0.19494 0
    outer loop
      vertex -41.9319 -34.1234 -2.5
      vertex -41.9829 -34.38 2.5
      vertex -41.9829 -34.38 -2.5
    endloop
  endfacet
  facet normal 0.195381 -0.980727 0
    outer loop
      vertex -40.5176 -32.7092 -2.5
      vertex -40.2611 -32.6581 2.5
      vertex -40.5176 -32.7092 2.5
    endloop
  endfacet
  facet normal 0.195381 -0.980727 0
    outer loop
      vertex -40.2611 -32.6581 2.5
      vertex -40.5176 -32.7092 -2.5
      vertex -40.2611 -32.6581 -2.5
    endloop
  endfacet
  facet normal -0.89686 -0.442314 0
    outer loop
      vertex -38.1522 -33.8756 -2.5
      vertex -38.2679 -33.641 2.5
      vertex -38.2679 -33.641 -2.5
    endloop
  endfacet
  facet normal -0.89686 -0.442314 0
    outer loop
      vertex -38.2679 -33.641 2.5
      vertex -38.1522 -33.8756 -2.5
      vertex -38.1522 -33.8756 2.5
    endloop
  endfacet
  facet normal -0.980815 0.19494 0
    outer loop
      vertex -38.0681 -35.1587 -2.5
      vertex -38.0171 -34.9021 2.5
      vertex -38.0171 -34.9021 -2.5
    endloop
  endfacet
  facet normal -0.980815 0.19494 0
    outer loop
      vertex -38.0171 -34.9021 2.5
      vertex -38.0681 -35.1587 -2.5
      vertex -38.0681 -35.1587 2.5
    endloop
  endfacet
  facet normal -0.555494 -0.831521 0
    outer loop
      vertex -39 -32.909 -2.5
      vertex -38.7825 -33.0543 2.5
      vertex -39 -32.909 2.5
    endloop
  endfacet
  facet normal -0.555494 -0.831521 -0
    outer loop
      vertex -38.7825 -33.0543 2.5
      vertex -39 -32.909 -2.5
      vertex -38.7825 -33.0543 -2.5
    endloop
  endfacet
  facet normal -0.0653521 0.997862 0
    outer loop
      vertex -39.7389 -36.6239 -2.5
      vertex -40 -36.641 2.5
      vertex -39.7389 -36.6239 2.5
    endloop
  endfacet
  facet normal -0.0653521 0.997862 0
    outer loop
      vertex -40 -36.641 2.5
      vertex -39.7389 -36.6239 -2.5
      vertex -40 -36.641 -2.5
    endloop
  endfacet
  facet normal -0.195013 0.980801 0
    outer loop
      vertex -39.4824 -36.5729 -2.5
      vertex -39.7389 -36.6239 2.5
      vertex -39.4824 -36.5729 2.5
    endloop
  endfacet
  facet normal -0.195013 0.980801 0
    outer loop
      vertex -39.7389 -36.6239 2.5
      vertex -39.4824 -36.5729 -2.5
      vertex -39.7389 -36.6239 -2.5
    endloop
  endfacet
  facet normal 0.321382 -0.94695 0
    outer loop
      vertex -40.7654 -32.7933 -2.5
      vertex -40.5176 -32.7092 2.5
      vertex -40.7654 -32.7933 2.5
    endloop
  endfacet
  facet normal 0.321382 -0.94695 0
    outer loop
      vertex -40.5176 -32.7092 2.5
      vertex -40.7654 -32.7933 -2.5
      vertex -40.5176 -32.7092 -2.5
    endloop
  endfacet
  facet normal 0.659343 0.751842 -0
    outer loop
      vertex -41.2175 -36.2277 -2.5
      vertex -41.4142 -36.0552 2.5
      vertex -41.2175 -36.2277 2.5
    endloop
  endfacet
  facet normal 0.659343 0.751842 0
    outer loop
      vertex -41.4142 -36.0552 2.5
      vertex -41.2175 -36.2277 -2.5
      vertex -41.4142 -36.0552 -2.5
    endloop
  endfacet
  facet normal 0.896709 -0.442621 0
    outer loop
      vertex -41.8478 -33.8756 2.5
      vertex -41.732 -33.641 -2.5
      vertex -41.732 -33.641 2.5
    endloop
  endfacet
  facet normal 0.896709 -0.442621 0
    outer loop
      vertex -41.732 -33.641 -2.5
      vertex -41.8478 -33.8756 2.5
      vertex -41.8478 -33.8756 -2.5
    endloop
  endfacet
  facet normal -0.94695 -0.321382 0
    outer loop
      vertex -38.0681 -34.1234 -2.5
      vertex -38.1522 -33.8756 2.5
      vertex -38.1522 -33.8756 -2.5
    endloop
  endfacet
  facet normal -0.94695 -0.321382 0
    outer loop
      vertex -38.1522 -33.8756 2.5
      vertex -38.0681 -34.1234 -2.5
      vertex -38.0681 -34.1234 2.5
    endloop
  endfacet
  facet normal -0.751842 -0.659343 0
    outer loop
      vertex -38.4133 -33.4235 -2.5
      vertex -38.5858 -33.2268 2.5
      vertex -38.5858 -33.2268 -2.5
    endloop
  endfacet
  facet normal -0.751842 -0.659343 0
    outer loop
      vertex -38.5858 -33.2268 2.5
      vertex -38.4133 -33.4235 -2.5
      vertex -38.4133 -33.4235 2.5
    endloop
  endfacet
  facet normal 0.751842 -0.659343 0
    outer loop
      vertex -41.5867 -33.4235 2.5
      vertex -41.4142 -33.2268 -2.5
      vertex -41.4142 -33.2268 2.5
    endloop
  endfacet
  facet normal 0.751842 -0.659343 0
    outer loop
      vertex -41.4142 -33.2268 -2.5
      vertex -41.5867 -33.4235 2.5
      vertex -41.5867 -33.4235 -2.5
    endloop
  endfacet
  facet normal 0.997861 -0.0653771 0
    outer loop
      vertex -42 -34.641 2.5
      vertex -41.9829 -34.38 -2.5
      vertex -41.9829 -34.38 2.5
    endloop
  endfacet
  facet normal 0.997861 -0.0653771 0
    outer loop
      vertex -41.9829 -34.38 -2.5
      vertex -42 -34.641 2.5
      vertex -42 -34.641 -2.5
    endloop
  endfacet
  facet normal 0.0653521 -0.997862 0
    outer loop
      vertex -40.2611 -32.6581 -2.5
      vertex -40 -32.641 2.5
      vertex -40.2611 -32.6581 2.5
    endloop
  endfacet
  facet normal 0.0653521 -0.997862 0
    outer loop
      vertex -40 -32.641 2.5
      vertex -40.2611 -32.6581 -2.5
      vertex -40 -32.641 -2.5
    endloop
  endfacet
  facet normal 0.555758 0.831344 -0
    outer loop
      vertex -41 -36.3731 -2.5
      vertex -41.2175 -36.2277 2.5
      vertex -41 -36.3731 2.5
    endloop
  endfacet
  facet normal 0.555758 0.831344 0
    outer loop
      vertex -41.2175 -36.2277 2.5
      vertex -41 -36.3731 -2.5
      vertex -41.2175 -36.2277 -2.5
    endloop
  endfacet
  facet normal 0.0653521 0.997862 -0
    outer loop
      vertex -40 -36.641 -2.5
      vertex -40.2611 -36.6239 2.5
      vertex -40 -36.641 2.5
    endloop
  endfacet
  facet normal 0.0653521 0.997862 0
    outer loop
      vertex -40.2611 -36.6239 2.5
      vertex -40 -36.641 -2.5
      vertex -40.2611 -36.6239 -2.5
    endloop
  endfacet
  facet normal 0.442314 0.89686 -0
    outer loop
      vertex -40.7654 -36.4888 -2.5
      vertex -41 -36.3731 2.5
      vertex -40.7654 -36.4888 2.5
    endloop
  endfacet
  facet normal 0.442314 0.89686 0
    outer loop
      vertex -41 -36.3731 2.5
      vertex -40.7654 -36.4888 -2.5
      vertex -41 -36.3731 -2.5
    endloop
  endfacet
  facet normal -0.659343 0.751842 0
    outer loop
      vertex -38.5858 -36.0552 -2.5
      vertex -38.7825 -36.2277 2.5
      vertex -38.5858 -36.0552 2.5
    endloop
  endfacet
  facet normal -0.659343 0.751842 0
    outer loop
      vertex -38.7825 -36.2277 2.5
      vertex -38.5858 -36.0552 -2.5
      vertex -38.7825 -36.2277 -2.5
    endloop
  endfacet
  facet normal 0.831521 -0.555494 0
    outer loop
      vertex -41.732 -33.641 2.5
      vertex -41.5867 -33.4235 -2.5
      vertex -41.5867 -33.4235 2.5
    endloop
  endfacet
  facet normal 0.831521 -0.555494 0
    outer loop
      vertex -41.5867 -33.4235 -2.5
      vertex -41.732 -33.641 2.5
      vertex -41.732 -33.641 -2.5
    endloop
  endfacet
  facet normal -0.0653521 0.997862 0
    outer loop
      vertex 40.2611 -36.6239 -2.5
      vertex 40 -36.641 2.5
      vertex 40.2611 -36.6239 2.5
    endloop
  endfacet
  facet normal -0.0653521 0.997862 0
    outer loop
      vertex 40 -36.641 2.5
      vertex 40.2611 -36.6239 -2.5
      vertex 40 -36.641 -2.5
    endloop
  endfacet
  facet normal -0.980815 -0.19494 0
    outer loop
      vertex 41.9829 -34.38 -2.5
      vertex 41.9319 -34.1234 2.5
      vertex 41.9319 -34.1234 -2.5
    endloop
  endfacet
  facet normal -0.980815 -0.19494 0
    outer loop
      vertex 41.9319 -34.1234 2.5
      vertex 41.9829 -34.38 -2.5
      vertex 41.9829 -34.38 2.5
    endloop
  endfacet
  facet normal -0.997861 -0.0653771 0
    outer loop
      vertex 42 -34.641 -2.5
      vertex 41.9829 -34.38 2.5
      vertex 41.9829 -34.38 -2.5
    endloop
  endfacet
  facet normal -0.997861 -0.0653771 0
    outer loop
      vertex 41.9829 -34.38 2.5
      vertex 42 -34.641 -2.5
      vertex 42 -34.641 2.5
    endloop
  endfacet
  facet normal -0.980815 0.19494 0
    outer loop
      vertex 41.9319 -35.1587 -2.5
      vertex 41.9829 -34.9021 2.5
      vertex 41.9829 -34.9021 -2.5
    endloop
  endfacet
  facet normal -0.980815 0.19494 0
    outer loop
      vertex 41.9829 -34.9021 2.5
      vertex 41.9319 -35.1587 -2.5
      vertex 41.9319 -35.1587 2.5
    endloop
  endfacet
  facet normal 0.442314 -0.89686 0
    outer loop
      vertex 39 -32.909 -2.5
      vertex 39.2346 -32.7933 2.5
      vertex 39 -32.909 2.5
    endloop
  endfacet
  facet normal 0.442314 -0.89686 0
    outer loop
      vertex 39.2346 -32.7933 2.5
      vertex 39 -32.909 -2.5
      vertex 39.2346 -32.7933 -2.5
    endloop
  endfacet
  facet normal -0.94691 0.321498 0
    outer loop
      vertex 41.8478 -35.4064 -2.5
      vertex 41.9319 -35.1587 2.5
      vertex 41.9319 -35.1587 -2.5
    endloop
  endfacet
  facet normal -0.94691 0.321498 0
    outer loop
      vertex 41.9319 -35.1587 2.5
      vertex 41.8478 -35.4064 -2.5
      vertex 41.8478 -35.4064 2.5
    endloop
  endfacet
  facet normal -0.659343 0.751842 0
    outer loop
      vertex 41.4142 -36.0552 -2.5
      vertex 41.2175 -36.2277 2.5
      vertex 41.4142 -36.0552 2.5
    endloop
  endfacet
  facet normal -0.659343 0.751842 0
    outer loop
      vertex 41.2175 -36.2277 2.5
      vertex 41.4142 -36.0552 -2.5
      vertex 41.2175 -36.2277 -2.5
    endloop
  endfacet
  facet normal -0.659343 -0.751842 0
    outer loop
      vertex 41.2175 -33.0543 -2.5
      vertex 41.4142 -33.2268 2.5
      vertex 41.2175 -33.0543 2.5
    endloop
  endfacet
  facet normal -0.659343 -0.751842 -0
    outer loop
      vertex 41.4142 -33.2268 2.5
      vertex 41.2175 -33.0543 -2.5
      vertex 41.4142 -33.2268 -2.5
    endloop
  endfacet
  facet normal 0.659343 0.751842 -0
    outer loop
      vertex 38.7825 -36.2277 -2.5
      vertex 38.5858 -36.0552 2.5
      vertex 38.7825 -36.2277 2.5
    endloop
  endfacet
  facet normal 0.659343 0.751842 0
    outer loop
      vertex 38.5858 -36.0552 2.5
      vertex 38.7825 -36.2277 -2.5
      vertex 38.5858 -36.0552 -2.5
    endloop
  endfacet
  facet normal 0.555494 -0.831521 0
    outer loop
      vertex 38.7825 -33.0543 -2.5
      vertex 39 -32.909 2.5
      vertex 38.7825 -33.0543 2.5
    endloop
  endfacet
  facet normal 0.555494 -0.831521 0
    outer loop
      vertex 39 -32.909 2.5
      vertex 38.7825 -33.0543 -2.5
      vertex 39 -32.909 -2.5
    endloop
  endfacet
  facet normal -0.896709 -0.442621 0
    outer loop
      vertex 41.8478 -33.8756 -2.5
      vertex 41.732 -33.641 2.5
      vertex 41.732 -33.641 -2.5
    endloop
  endfacet
  facet normal -0.896709 -0.442621 0
    outer loop
      vertex 41.732 -33.641 2.5
      vertex 41.8478 -33.8756 -2.5
      vertex 41.8478 -33.8756 2.5
    endloop
  endfacet
  facet normal -0.195013 0.980801 0
    outer loop
      vertex 40.5176 -36.5729 -2.5
      vertex 40.2611 -36.6239 2.5
      vertex 40.5176 -36.5729 2.5
    endloop
  endfacet
  facet normal -0.195013 0.980801 0
    outer loop
      vertex 40.2611 -36.6239 2.5
      vertex 40.5176 -36.5729 -2.5
      vertex 40.2611 -36.6239 -2.5
    endloop
  endfacet
  facet normal 0.997861 -0.0653771 0
    outer loop
      vertex 38 -34.641 2.5
      vertex 38.0171 -34.38 -2.5
      vertex 38.0171 -34.38 2.5
    endloop
  endfacet
  facet normal 0.997861 -0.0653771 0
    outer loop
      vertex 38.0171 -34.38 -2.5
      vertex 38 -34.641 2.5
      vertex 38 -34.641 -2.5
    endloop
  endfacet
  facet normal -0.442314 0.89686 0
    outer loop
      vertex 41 -36.3731 -2.5
      vertex 40.7654 -36.4888 2.5
      vertex 41 -36.3731 2.5
    endloop
  endfacet
  facet normal -0.442314 0.89686 0
    outer loop
      vertex 40.7654 -36.4888 2.5
      vertex 41 -36.3731 -2.5
      vertex 40.7654 -36.4888 -2.5
    endloop
  endfacet
  facet normal -0.321382 0.94695 0
    outer loop
      vertex 40.7654 -36.4888 -2.5
      vertex 40.5176 -36.5729 2.5
      vertex 40.7654 -36.4888 2.5
    endloop
  endfacet
  facet normal -0.321382 0.94695 0
    outer loop
      vertex 40.5176 -36.5729 2.5
      vertex 40.7654 -36.4888 -2.5
      vertex 40.5176 -36.5729 -2.5
    endloop
  endfacet
  facet normal 0.94695 -0.321382 0
    outer loop
      vertex 38.0681 -34.1234 2.5
      vertex 38.1522 -33.8756 -2.5
      vertex 38.1522 -33.8756 2.5
    endloop
  endfacet
  facet normal 0.94695 -0.321382 0
    outer loop
      vertex 38.1522 -33.8756 -2.5
      vertex 38.0681 -34.1234 2.5
      vertex 38.0681 -34.1234 -2.5
    endloop
  endfacet
  facet normal -0.831521 -0.555494 0
    outer loop
      vertex 41.732 -33.641 -2.5
      vertex 41.5867 -33.4235 2.5
      vertex 41.5867 -33.4235 -2.5
    endloop
  endfacet
  facet normal -0.831521 -0.555494 0
    outer loop
      vertex 41.5867 -33.4235 2.5
      vertex 41.732 -33.641 -2.5
      vertex 41.732 -33.641 2.5
    endloop
  endfacet
  facet normal 0.980815 -0.19494 0
    outer loop
      vertex 38.0171 -34.38 2.5
      vertex 38.0681 -34.1234 -2.5
      vertex 38.0681 -34.1234 2.5
    endloop
  endfacet
  facet normal 0.980815 -0.19494 0
    outer loop
      vertex 38.0681 -34.1234 -2.5
      vertex 38.0171 -34.38 2.5
      vertex 38.0171 -34.38 -2.5
    endloop
  endfacet
  facet normal -0.321382 -0.94695 0
    outer loop
      vertex 40.5176 -32.7092 -2.5
      vertex 40.7654 -32.7933 2.5
      vertex 40.5176 -32.7092 2.5
    endloop
  endfacet
  facet normal -0.321382 -0.94695 -0
    outer loop
      vertex 40.7654 -32.7933 2.5
      vertex 40.5176 -32.7092 -2.5
      vertex 40.7654 -32.7933 -2.5
    endloop
  endfacet
  facet normal -0.751842 -0.659343 0
    outer loop
      vertex 41.5867 -33.4235 -2.5
      vertex 41.4142 -33.2268 2.5
      vertex 41.4142 -33.2268 -2.5
    endloop
  endfacet
  facet normal -0.751842 -0.659343 0
    outer loop
      vertex 41.4142 -33.2268 2.5
      vertex 41.5867 -33.4235 -2.5
      vertex 41.5867 -33.4235 2.5
    endloop
  endfacet
  facet normal -0.555758 0.831344 0
    outer loop
      vertex 41.2175 -36.2277 -2.5
      vertex 41 -36.3731 2.5
      vertex 41.2175 -36.2277 2.5
    endloop
  endfacet
  facet normal -0.555758 0.831344 0
    outer loop
      vertex 41 -36.3731 2.5
      vertex 41.2175 -36.2277 -2.5
      vertex 41 -36.3731 -2.5
    endloop
  endfacet
  facet normal -0.997862 0.0653521 0
    outer loop
      vertex 41.9829 -34.9021 -2.5
      vertex 42 -34.641 2.5
      vertex 42 -34.641 -2.5
    endloop
  endfacet
  facet normal -0.997862 0.0653521 0
    outer loop
      vertex 42 -34.641 2.5
      vertex 41.9829 -34.9021 -2.5
      vertex 41.9829 -34.9021 2.5
    endloop
  endfacet
  facet normal 0.321382 -0.94695 0
    outer loop
      vertex 39.2346 -32.7933 -2.5
      vertex 39.4824 -32.7092 2.5
      vertex 39.2346 -32.7933 2.5
    endloop
  endfacet
  facet normal 0.321382 -0.94695 0
    outer loop
      vertex 39.4824 -32.7092 2.5
      vertex 39.2346 -32.7933 -2.5
      vertex 39.4824 -32.7092 -2.5
    endloop
  endfacet
  facet normal 0.195013 0.980801 -0
    outer loop
      vertex 39.7389 -36.6239 -2.5
      vertex 39.4824 -36.5729 2.5
      vertex 39.7389 -36.6239 2.5
    endloop
  endfacet
  facet normal 0.195013 0.980801 0
    outer loop
      vertex 39.4824 -36.5729 2.5
      vertex 39.7389 -36.6239 -2.5
      vertex 39.4824 -36.5729 -2.5
    endloop
  endfacet
  facet normal 0.442314 0.89686 -0
    outer loop
      vertex 39.2346 -36.4888 -2.5
      vertex 39 -36.3731 2.5
      vertex 39.2346 -36.4888 2.5
    endloop
  endfacet
  facet normal 0.442314 0.89686 0
    outer loop
      vertex 39 -36.3731 2.5
      vertex 39.2346 -36.4888 -2.5
      vertex 39 -36.3731 -2.5
    endloop
  endfacet
  facet normal -0.555494 -0.831521 0
    outer loop
      vertex 41 -32.909 -2.5
      vertex 41.2175 -33.0543 2.5
      vertex 41 -32.909 2.5
    endloop
  endfacet
  facet normal -0.555494 -0.831521 -0
    outer loop
      vertex 41.2175 -33.0543 2.5
      vertex 41 -32.909 -2.5
      vertex 41.2175 -33.0543 -2.5
    endloop
  endfacet
  facet normal -0.896709 0.442621 0
    outer loop
      vertex 41.732 -35.641 -2.5
      vertex 41.8478 -35.4064 2.5
      vertex 41.8478 -35.4064 -2.5
    endloop
  endfacet
  facet normal -0.896709 0.442621 0
    outer loop
      vertex 41.8478 -35.4064 2.5
      vertex 41.732 -35.641 -2.5
      vertex 41.732 -35.641 2.5
    endloop
  endfacet
  facet normal -0.831521 0.555494 0
    outer loop
      vertex 41.5867 -35.8585 -2.5
      vertex 41.732 -35.641 2.5
      vertex 41.732 -35.641 -2.5
    endloop
  endfacet
  facet normal -0.831521 0.555494 0
    outer loop
      vertex 41.732 -35.641 2.5
      vertex 41.5867 -35.8585 -2.5
      vertex 41.5867 -35.8585 2.5
    endloop
  endfacet
  facet normal 0.751842 -0.659343 0
    outer loop
      vertex 38.4133 -33.4235 2.5
      vertex 38.5858 -33.2268 -2.5
      vertex 38.5858 -33.2268 2.5
    endloop
  endfacet
  facet normal 0.751842 -0.659343 0
    outer loop
      vertex 38.5858 -33.2268 -2.5
      vertex 38.4133 -33.4235 2.5
      vertex 38.4133 -33.4235 -2.5
    endloop
  endfacet
  facet normal 0.195381 -0.980727 0
    outer loop
      vertex 39.4824 -32.7092 -2.5
      vertex 39.7389 -32.6581 2.5
      vertex 39.4824 -32.7092 2.5
    endloop
  endfacet
  facet normal 0.195381 -0.980727 0
    outer loop
      vertex 39.7389 -32.6581 2.5
      vertex 39.4824 -32.7092 -2.5
      vertex 39.7389 -32.6581 -2.5
    endloop
  endfacet
  facet normal 0.94691 0.321498 0
    outer loop
      vertex 38.1522 -35.4064 2.5
      vertex 38.0681 -35.1587 -2.5
      vertex 38.0681 -35.1587 2.5
    endloop
  endfacet
  facet normal 0.94691 0.321498 0
    outer loop
      vertex 38.0681 -35.1587 -2.5
      vertex 38.1522 -35.4064 2.5
      vertex 38.1522 -35.4064 -2.5
    endloop
  endfacet
  facet normal -0.751842 0.659343 0
    outer loop
      vertex 41.4142 -36.0552 -2.5
      vertex 41.5867 -35.8585 2.5
      vertex 41.5867 -35.8585 -2.5
    endloop
  endfacet
  facet normal -0.751842 0.659343 0
    outer loop
      vertex 41.5867 -35.8585 2.5
      vertex 41.4142 -36.0552 -2.5
      vertex 41.4142 -36.0552 2.5
    endloop
  endfacet
  facet normal 0.321382 0.94695 -0
    outer loop
      vertex 39.4824 -36.5729 -2.5
      vertex 39.2346 -36.4888 2.5
      vertex 39.4824 -36.5729 2.5
    endloop
  endfacet
  facet normal 0.321382 0.94695 0
    outer loop
      vertex 39.2346 -36.4888 2.5
      vertex 39.4824 -36.5729 -2.5
      vertex 39.2346 -36.4888 -2.5
    endloop
  endfacet
  facet normal 0.831344 0.555758 0
    outer loop
      vertex 38.4133 -35.8585 2.5
      vertex 38.2679 -35.641 -2.5
      vertex 38.2679 -35.641 2.5
    endloop
  endfacet
  facet normal 0.831344 0.555758 0
    outer loop
      vertex 38.2679 -35.641 -2.5
      vertex 38.4133 -35.8585 2.5
      vertex 38.4133 -35.8585 -2.5
    endloop
  endfacet
  facet normal -0.195381 -0.980727 0
    outer loop
      vertex 40.2611 -32.6581 -2.5
      vertex 40.5176 -32.7092 2.5
      vertex 40.2611 -32.6581 2.5
    endloop
  endfacet
  facet normal -0.195381 -0.980727 -0
    outer loop
      vertex 40.5176 -32.7092 2.5
      vertex 40.2611 -32.6581 -2.5
      vertex 40.5176 -32.7092 -2.5
    endloop
  endfacet
  facet normal -0.442314 -0.89686 0
    outer loop
      vertex 40.7654 -32.7933 -2.5
      vertex 41 -32.909 2.5
      vertex 40.7654 -32.7933 2.5
    endloop
  endfacet
  facet normal -0.442314 -0.89686 -0
    outer loop
      vertex 41 -32.909 2.5
      vertex 40.7654 -32.7933 -2.5
      vertex 41 -32.909 -2.5
    endloop
  endfacet
  facet normal 0.831344 -0.555758 0
    outer loop
      vertex 38.2679 -33.641 2.5
      vertex 38.4133 -33.4235 -2.5
      vertex 38.4133 -33.4235 2.5
    endloop
  endfacet
  facet normal 0.831344 -0.555758 0
    outer loop
      vertex 38.4133 -33.4235 -2.5
      vertex 38.2679 -33.641 2.5
      vertex 38.2679 -33.641 -2.5
    endloop
  endfacet
  facet normal 0.0653521 -0.997862 0
    outer loop
      vertex 39.7389 -32.6581 -2.5
      vertex 40 -32.641 2.5
      vertex 39.7389 -32.6581 2.5
    endloop
  endfacet
  facet normal 0.0653521 -0.997862 0
    outer loop
      vertex 40 -32.641 2.5
      vertex 39.7389 -32.6581 -2.5
      vertex 40 -32.641 -2.5
    endloop
  endfacet
  facet normal 0.980815 0.19494 0
    outer loop
      vertex 38.0681 -35.1587 2.5
      vertex 38.0171 -34.9021 -2.5
      vertex 38.0171 -34.9021 2.5
    endloop
  endfacet
  facet normal 0.980815 0.19494 0
    outer loop
      vertex 38.0171 -34.9021 -2.5
      vertex 38.0681 -35.1587 2.5
      vertex 38.0681 -35.1587 -2.5
    endloop
  endfacet
  facet normal 0.0653521 0.997862 -0
    outer loop
      vertex 40 -36.641 -2.5
      vertex 39.7389 -36.6239 2.5
      vertex 40 -36.641 2.5
    endloop
  endfacet
  facet normal 0.0653521 0.997862 0
    outer loop
      vertex 39.7389 -36.6239 2.5
      vertex 40 -36.641 -2.5
      vertex 39.7389 -36.6239 -2.5
    endloop
  endfacet
  facet normal 0.659343 -0.751842 0
    outer loop
      vertex 38.5858 -33.2268 -2.5
      vertex 38.7825 -33.0543 2.5
      vertex 38.5858 -33.2268 2.5
    endloop
  endfacet
  facet normal 0.659343 -0.751842 0
    outer loop
      vertex 38.7825 -33.0543 2.5
      vertex 38.5858 -33.2268 -2.5
      vertex 38.7825 -33.0543 -2.5
    endloop
  endfacet
  facet normal -0.94695 -0.321382 0
    outer loop
      vertex 41.9319 -34.1234 -2.5
      vertex 41.8478 -33.8756 2.5
      vertex 41.8478 -33.8756 -2.5
    endloop
  endfacet
  facet normal -0.94695 -0.321382 0
    outer loop
      vertex 41.8478 -33.8756 2.5
      vertex 41.9319 -34.1234 -2.5
      vertex 41.9319 -34.1234 2.5
    endloop
  endfacet
  facet normal 0.555758 0.831344 -0
    outer loop
      vertex 39 -36.3731 -2.5
      vertex 38.7825 -36.2277 2.5
      vertex 39 -36.3731 2.5
    endloop
  endfacet
  facet normal 0.555758 0.831344 0
    outer loop
      vertex 38.7825 -36.2277 2.5
      vertex 39 -36.3731 -2.5
      vertex 38.7825 -36.2277 -2.5
    endloop
  endfacet
  facet normal 0.751842 0.659343 0
    outer loop
      vertex 38.5858 -36.0552 2.5
      vertex 38.4133 -35.8585 -2.5
      vertex 38.4133 -35.8585 2.5
    endloop
  endfacet
  facet normal 0.751842 0.659343 0
    outer loop
      vertex 38.4133 -35.8585 -2.5
      vertex 38.5858 -36.0552 2.5
      vertex 38.5858 -36.0552 -2.5
    endloop
  endfacet
  facet normal 0.997862 0.0653521 0
    outer loop
      vertex 38.0171 -34.9021 2.5
      vertex 38 -34.641 -2.5
      vertex 38 -34.641 2.5
    endloop
  endfacet
  facet normal 0.997862 0.0653521 0
    outer loop
      vertex 38 -34.641 -2.5
      vertex 38.0171 -34.9021 2.5
      vertex 38.0171 -34.9021 -2.5
    endloop
  endfacet
  facet normal -0.0653521 -0.997862 0
    outer loop
      vertex 40 -32.641 -2.5
      vertex 40.2611 -32.6581 2.5
      vertex 40 -32.641 2.5
    endloop
  endfacet
  facet normal -0.0653521 -0.997862 -0
    outer loop
      vertex 40.2611 -32.6581 2.5
      vertex 40 -32.641 -2.5
      vertex 40.2611 -32.6581 -2.5
    endloop
  endfacet
  facet normal 0.89686 0.442314 0
    outer loop
      vertex 38.2679 -35.641 2.5
      vertex 38.1522 -35.4064 -2.5
      vertex 38.1522 -35.4064 2.5
    endloop
  endfacet
  facet normal 0.89686 0.442314 0
    outer loop
      vertex 38.1522 -35.4064 -2.5
      vertex 38.2679 -35.641 2.5
      vertex 38.2679 -35.641 -2.5
    endloop
  endfacet
  facet normal 0.89686 -0.442314 0
    outer loop
      vertex 38.1522 -33.8756 2.5
      vertex 38.2679 -33.641 -2.5
      vertex 38.2679 -33.641 2.5
    endloop
  endfacet
  facet normal 0.89686 -0.442314 0
    outer loop
      vertex 38.2679 -33.641 -2.5
      vertex 38.1522 -33.8756 2.5
      vertex 38.1522 -33.8756 -2.5
    endloop
  endfacet
endsolid OpenSCAD_Model
