solid OpenSCAD_Model
  facet normal 1 -0 0
    outer loop
      vertex 50 -70 2
      vertex 50 70 -2
      vertex 50 70 2
    endloop
  endfacet
  facet normal 1 0 0
    outer loop
      vertex 50 70 -2
      vertex 50 -70 2
      vertex 50 -70 -2
    endloop
  endfacet
  facet normal 0 0 1
    outer loop
      vertex -38.9393 58.9393 2
      vertex -1.06066 58.9393 2
      vertex -38.81 59.0869 2
    endloop
  endfacet
  facet normal 0 0 1
    outer loop
      vertex -0.574024 -58.6142 2
      vertex -38.5128 -59.8042 2
      vertex -38.5 -60 2
    endloop
  endfacet
  facet normal 0 0 1
    outer loop
      vertex -1.06066 58.9393 2
      vertex -38.9393 58.9393 2
      vertex -0.913141 58.81 2
    endloop
  endfacet
  facet normal 0 0 1
    outer loop
      vertex -0.574024 -58.6142 2
      vertex -38.5511 -59.6118 2
      vertex -38.5128 -59.8042 2
    endloop
  endfacet
  facet normal 0 0 1
    outer loop
      vertex -39.0869 58.81 2
      vertex -0.913141 58.81 2
      vertex -38.9393 58.9393 2
    endloop
  endfacet
  facet normal 0 0 1
    outer loop
      vertex -0.574024 -58.6142 2
      vertex -38.6142 -59.426 2
      vertex -38.5511 -59.6118 2
    endloop
  endfacet
  facet normal 0 0 1
    outer loop
      vertex -0.913141 58.81 2
      vertex -39.0869 58.81 2
      vertex -0.75 58.701 2
    endloop
  endfacet
  facet normal 0 0 1
    outer loop
      vertex -0.574024 -58.6142 2
      vertex -38.701 -59.25 2
      vertex -38.6142 -59.426 2
    endloop
  endfacet
  facet normal 0 0 1
    outer loop
      vertex -39.25 58.701 2
      vertex -0.75 58.701 2
      vertex -39.0869 58.81 2
    endloop
  endfacet
  facet normal 0 0 1
    outer loop
      vertex -0.574024 -58.6142 2
      vertex -38.81 -59.0869 2
      vertex -38.701 -59.25 2
    endloop
  endfacet
  facet normal 0 0 1
    outer loop
      vertex -0.75 58.701 2
      vertex -39.25 58.701 2
      vertex -0.574024 58.6142 2
    endloop
  endfacet
  facet normal 0 0 1
    outer loop
      vertex -0.574024 -58.6142 2
      vertex -38.9393 -58.9393 2
      vertex -38.81 -59.0869 2
    endloop
  endfacet
  facet normal 0 0 1
    outer loop
      vertex -39.426 58.6142 2
      vertex -0.574024 58.6142 2
      vertex -39.25 58.701 2
    endloop
  endfacet
  facet normal 0 0 1
    outer loop
      vertex -0.574024 -58.6142 2
      vertex -39.0869 -58.81 2
      vertex -38.9393 -58.9393 2
    endloop
  endfacet
  facet normal 0 0 1
    outer loop
      vertex -0.574024 58.6142 2
      vertex -39.426 58.6142 2
      vertex -0.574024 -58.6142 2
    endloop
  endfacet
  facet normal 0 0 1
    outer loop
      vertex -0.574024 -58.6142 2
      vertex -39.25 -58.701 2
      vertex -39.0869 -58.81 2
    endloop
  endfacet
  facet normal 0 0 1
    outer loop
      vertex -39.426 -58.6142 2
      vertex -0.574024 -58.6142 2
      vertex -39.426 58.6142 2
    endloop
  endfacet
  facet normal 0 0 1
    outer loop
      vertex -0.574024 -58.6142 2
      vertex -39.426 -58.6142 2
      vertex -39.25 -58.701 2
    endloop
  endfacet
  facet normal -0 0 1
    outer loop
      vertex -39.6118 58.5511 2
      vertex -39.426 -58.6142 2
      vertex -39.426 58.6142 2
    endloop
  endfacet
  facet normal 0 0 1
    outer loop
      vertex -39.6118 58.5511 2
      vertex -39.6118 -58.5511 2
      vertex -39.426 -58.6142 2
    endloop
  endfacet
  facet normal -0 0 1
    outer loop
      vertex -39.8042 58.5128 2
      vertex -39.6118 -58.5511 2
      vertex -39.6118 58.5511 2
    endloop
  endfacet
  facet normal 0 0 1
    outer loop
      vertex -39.8042 58.5128 2
      vertex -39.8042 -58.5128 2
      vertex -39.6118 -58.5511 2
    endloop
  endfacet
  facet normal -0 0 1
    outer loop
      vertex -40 58.5 2
      vertex -39.8042 -58.5128 2
      vertex -39.8042 58.5128 2
    endloop
  endfacet
  facet normal 0 0 1
    outer loop
      vertex -40 58.5 2
      vertex -40 -58.5 2
      vertex -39.8042 -58.5128 2
    endloop
  endfacet
  facet normal 0 0 1
    outer loop
      vertex -40.1958 58.5128 2
      vertex -40 -58.5 2
      vertex -40 58.5 2
    endloop
  endfacet
  facet normal 0 0 1
    outer loop
      vertex -40.1958 58.5128 2
      vertex -40.1958 -58.5128 2
      vertex -40 -58.5 2
    endloop
  endfacet
  facet normal 0 0 1
    outer loop
      vertex -40.3882 58.5511 2
      vertex -40.1958 -58.5128 2
      vertex -40.1958 58.5128 2
    endloop
  endfacet
  facet normal 0 0 1
    outer loop
      vertex -40.3882 58.5511 2
      vertex -40.3882 -58.5511 2
      vertex -40.1958 -58.5128 2
    endloop
  endfacet
  facet normal 0 0 1
    outer loop
      vertex -40.574 58.6142 2
      vertex -40.3882 -58.5511 2
      vertex -40.3882 58.5511 2
    endloop
  endfacet
  facet normal 0 0 1
    outer loop
      vertex -40.574 58.6142 2
      vertex -40.574 -58.6142 2
      vertex -40.3882 -58.5511 2
    endloop
  endfacet
  facet normal 0 0 1
    outer loop
      vertex -40.75 58.701 2
      vertex -40.574 -58.6142 2
      vertex -40.574 58.6142 2
    endloop
  endfacet
  facet normal 0 0 1
    outer loop
      vertex -40.75 58.701 2
      vertex -40.75 -58.701 2
      vertex -40.574 -58.6142 2
    endloop
  endfacet
  facet normal 0 0 1
    outer loop
      vertex -40.9131 58.81 2
      vertex -40.75 -58.701 2
      vertex -40.75 58.701 2
    endloop
  endfacet
  facet normal 0 0 1
    outer loop
      vertex -40.9131 58.81 2
      vertex -40.9131 -58.81 2
      vertex -40.75 -58.701 2
    endloop
  endfacet
  facet normal 0 0 1
    outer loop
      vertex -41.0607 58.9393 2
      vertex -40.9131 -58.81 2
      vertex -40.9131 58.81 2
    endloop
  endfacet
  facet normal 0 0 1
    outer loop
      vertex -41.0607 58.9393 2
      vertex -41.0607 -58.9393 2
      vertex -40.9131 -58.81 2
    endloop
  endfacet
  facet normal 0 0 1
    outer loop
      vertex -41.19 59.0869 2
      vertex -41.0607 -58.9393 2
      vertex -41.0607 58.9393 2
    endloop
  endfacet
  facet normal 0 0 1
    outer loop
      vertex -41.19 59.0869 2
      vertex -41.19 -59.0869 2
      vertex -41.0607 -58.9393 2
    endloop
  endfacet
  facet normal 0 0 1
    outer loop
      vertex -50 70 2
      vertex -41.19 59.0869 2
      vertex -41.299 59.25 2
    endloop
  endfacet
  facet normal 0 0 1
    outer loop
      vertex -41.19 59.0869 2
      vertex -50 70 2
      vertex -41.19 -59.0869 2
    endloop
  endfacet
  facet normal 0 0 1
    outer loop
      vertex -50 70 2
      vertex -41.299 59.25 2
      vertex -41.3858 59.426 2
    endloop
  endfacet
  facet normal 0 0 1
    outer loop
      vertex -50 -70 2
      vertex -41.19 -59.0869 2
      vertex -50 70 2
    endloop
  endfacet
  facet normal 0 0 1
    outer loop
      vertex -50 70 2
      vertex -41.3858 59.426 2
      vertex -41.4489 59.6118 2
    endloop
  endfacet
  facet normal 0 0 1
    outer loop
      vertex -41.19 -59.0869 2
      vertex -50 -70 2
      vertex -41.299 -59.25 2
    endloop
  endfacet
  facet normal 0 0 1
    outer loop
      vertex -50 70 2
      vertex -41.4489 59.6118 2
      vertex -41.4872 59.8042 2
    endloop
  endfacet
  facet normal 0 0 1
    outer loop
      vertex -41.299 -59.25 2
      vertex -50 -70 2
      vertex -41.3858 -59.426 2
    endloop
  endfacet
  facet normal 0 0 1
    outer loop
      vertex -50 70 2
      vertex -41.4872 59.8042 2
      vertex -41.5 60 2
    endloop
  endfacet
  facet normal 0 0 1
    outer loop
      vertex -41.3858 -59.426 2
      vertex -50 -70 2
      vertex -41.4489 -59.6118 2
    endloop
  endfacet
  facet normal 0 0 1
    outer loop
      vertex 1.06066 58.9393 2
      vertex 50 70 2
      vertex 1.19003 59.0869 2
    endloop
  endfacet
  facet normal 0 0 1
    outer loop
      vertex 39.426 -58.6142 2
      vertex 1.48717 -59.8042 2
      vertex 1.5 -60 2
    endloop
  endfacet
  facet normal 0 0 1
    outer loop
      vertex 0.913141 58.81 2
      vertex 50 70 2
      vertex 1.06066 58.9393 2
    endloop
  endfacet
  facet normal 0 0 1
    outer loop
      vertex 39.426 -58.6142 2
      vertex 1.44889 -59.6118 2
      vertex 1.48717 -59.8042 2
    endloop
  endfacet
  facet normal 0 0 1
    outer loop
      vertex 50 70 2
      vertex 0.913141 58.81 2
      vertex 40 -58.5 2
    endloop
  endfacet
  facet normal 0 0 1
    outer loop
      vertex 39.426 -58.6142 2
      vertex 1.38582 -59.426 2
      vertex 1.44889 -59.6118 2
    endloop
  endfacet
  facet normal -0 0 1
    outer loop
      vertex 0.75 58.701 2
      vertex 40 -58.5 2
      vertex 0.913141 58.81 2
    endloop
  endfacet
  facet normal 0 0 1
    outer loop
      vertex 39.426 -58.6142 2
      vertex 1.29904 -59.25 2
      vertex 1.38582 -59.426 2
    endloop
  endfacet
  facet normal 0 0 1
    outer loop
      vertex 40 -58.5 2
      vertex 0.75 58.701 2
      vertex 39.8042 -58.5128 2
    endloop
  endfacet
  facet normal 0 0 1
    outer loop
      vertex 39.426 -58.6142 2
      vertex 1.19003 -59.0869 2
      vertex 1.29904 -59.25 2
    endloop
  endfacet
  facet normal -0 0 1
    outer loop
      vertex 0.574024 58.6142 2
      vertex 39.8042 -58.5128 2
      vertex 0.75 58.701 2
    endloop
  endfacet
  facet normal 0 0 1
    outer loop
      vertex 39.426 -58.6142 2
      vertex 1.06066 -58.9393 2
      vertex 1.19003 -59.0869 2
    endloop
  endfacet
  facet normal 0 0 1
    outer loop
      vertex 39.8042 -58.5128 2
      vertex 0.574024 58.6142 2
      vertex 39.6118 -58.5511 2
    endloop
  endfacet
  facet normal 0 0 1
    outer loop
      vertex 39.426 -58.6142 2
      vertex 0.913141 -58.81 2
      vertex 1.06066 -58.9393 2
    endloop
  endfacet
  facet normal 0 0 1
    outer loop
      vertex 39.6118 -58.5511 2
      vertex 0.574024 58.6142 2
      vertex 39.426 -58.6142 2
    endloop
  endfacet
  facet normal 0 0 1
    outer loop
      vertex 39.426 -58.6142 2
      vertex 0.75 -58.701 2
      vertex 0.913141 -58.81 2
    endloop
  endfacet
  facet normal 0 0 1
    outer loop
      vertex 0.574024 -58.6142 2
      vertex 39.426 -58.6142 2
      vertex 0.574024 58.6142 2
    endloop
  endfacet
  facet normal 0 0 1
    outer loop
      vertex 39.426 -58.6142 2
      vertex 0.574024 -58.6142 2
      vertex 0.75 -58.701 2
    endloop
  endfacet
  facet normal -0 0 1
    outer loop
      vertex 0.388228 58.5511 2
      vertex 0.574024 -58.6142 2
      vertex 0.574024 58.6142 2
    endloop
  endfacet
  facet normal 0 0 1
    outer loop
      vertex 0.388228 58.5511 2
      vertex 0.388228 -58.5511 2
      vertex 0.574024 -58.6142 2
    endloop
  endfacet
  facet normal -0 0 1
    outer loop
      vertex 0.195788 58.5128 2
      vertex 0.388228 -58.5511 2
      vertex 0.388228 58.5511 2
    endloop
  endfacet
  facet normal 0 0 1
    outer loop
      vertex 0.195788 58.5128 2
      vertex 0.195788 -58.5128 2
      vertex 0.388228 -58.5511 2
    endloop
  endfacet
  facet normal -0 0 1
    outer loop
      vertex 0 58.5 2
      vertex 0.195788 -58.5128 2
      vertex 0.195788 58.5128 2
    endloop
  endfacet
  facet normal 0 0 1
    outer loop
      vertex 0 58.5 2
      vertex 0 -58.5 2
      vertex 0.195788 -58.5128 2
    endloop
  endfacet
  facet normal 0 0 1
    outer loop
      vertex -0.195788 58.5128 2
      vertex 0 -58.5 2
      vertex 0 58.5 2
    endloop
  endfacet
  facet normal 0 0 1
    outer loop
      vertex -0.195788 58.5128 2
      vertex -0.195788 -58.5128 2
      vertex 0 -58.5 2
    endloop
  endfacet
  facet normal 0 0 1
    outer loop
      vertex -0.388228 58.5511 2
      vertex -0.195788 -58.5128 2
      vertex -0.195788 58.5128 2
    endloop
  endfacet
  facet normal 0 0 1
    outer loop
      vertex -0.388228 58.5511 2
      vertex -0.388228 -58.5511 2
      vertex -0.195788 -58.5128 2
    endloop
  endfacet
  facet normal 0 0 1
    outer loop
      vertex -0.574024 58.6142 2
      vertex -0.388228 -58.5511 2
      vertex -0.388228 58.5511 2
    endloop
  endfacet
  facet normal 0 0 1
    outer loop
      vertex -0.574024 58.6142 2
      vertex -0.574024 -58.6142 2
      vertex -0.388228 -58.5511 2
    endloop
  endfacet
  facet normal 0 0 1
    outer loop
      vertex -1.29904 59.25 2
      vertex -38.701 59.25 2
      vertex -1.19003 59.0869 2
    endloop
  endfacet
  facet normal 0 0 1
    outer loop
      vertex -38.81 59.0869 2
      vertex -1.19003 59.0869 2
      vertex -38.701 59.25 2
    endloop
  endfacet
  facet normal 0 0 1
    outer loop
      vertex -38.701 59.25 2
      vertex -1.29904 59.25 2
      vertex -38.6142 59.426 2
    endloop
  endfacet
  facet normal 0 0 1
    outer loop
      vertex -1.19003 59.0869 2
      vertex -38.81 59.0869 2
      vertex -1.06066 58.9393 2
    endloop
  endfacet
  facet normal 0 0 1
    outer loop
      vertex -1.38582 59.426 2
      vertex -38.6142 59.426 2
      vertex -1.29904 59.25 2
    endloop
  endfacet
  facet normal 0 0 1
    outer loop
      vertex -0.574024 -58.6142 2
      vertex -38.5 -60 2
      vertex -0.75 -58.701 2
    endloop
  endfacet
  facet normal 0 0 1
    outer loop
      vertex -38.6142 59.426 2
      vertex -1.38582 59.426 2
      vertex -38.5511 59.6118 2
    endloop
  endfacet
  facet normal 0 0 1
    outer loop
      vertex -0.75 -58.701 2
      vertex -38.5 -60 2
      vertex -0.913141 -58.81 2
    endloop
  endfacet
  facet normal 0 0 1
    outer loop
      vertex -1.44889 59.6118 2
      vertex -38.5511 59.6118 2
      vertex -1.38582 59.426 2
    endloop
  endfacet
  facet normal 0 0 1
    outer loop
      vertex -0.913141 -58.81 2
      vertex -38.5 -60 2
      vertex -1.06066 -58.9393 2
    endloop
  endfacet
  facet normal 0 0 1
    outer loop
      vertex -38.5511 59.6118 2
      vertex -1.44889 59.6118 2
      vertex -38.5128 59.8042 2
    endloop
  endfacet
  facet normal 0 0 1
    outer loop
      vertex -1.06066 -58.9393 2
      vertex -38.5 -60 2
      vertex -1.19003 -59.0869 2
    endloop
  endfacet
  facet normal 0 0 1
    outer loop
      vertex -1.48717 59.8042 2
      vertex -38.5128 59.8042 2
      vertex -1.44889 59.6118 2
    endloop
  endfacet
  facet normal 0 0 1
    outer loop
      vertex -1.19003 -59.0869 2
      vertex -38.5 -60 2
      vertex -1.29904 -59.25 2
    endloop
  endfacet
  facet normal 0 0 1
    outer loop
      vertex -38.5128 59.8042 2
      vertex -1.48717 59.8042 2
      vertex -38.5 60 2
    endloop
  endfacet
  facet normal 0 0 1
    outer loop
      vertex -1.29904 -59.25 2
      vertex -38.5 -60 2
      vertex -1.38582 -59.426 2
    endloop
  endfacet
  facet normal -0 0 1
    outer loop
      vertex -38.5 60 2
      vertex -1.48717 59.8042 2
      vertex -1.5 60 2
    endloop
  endfacet
  facet normal 0 0 1
    outer loop
      vertex -1.38582 -59.426 2
      vertex -38.5 -60 2
      vertex -1.44889 -59.6118 2
    endloop
  endfacet
  facet normal -0 0 1
    outer loop
      vertex 41.19 -59.0869 2
      vertex 50 -70 2
      vertex 50 70 2
    endloop
  endfacet
  facet normal 0 0 1
    outer loop
      vertex 50 -70 2
      vertex 41.4872 -59.8042 2
      vertex 41.5 -60 2
    endloop
  endfacet
  facet normal 0 0 1
    outer loop
      vertex 50 -70 2
      vertex 41.4489 -59.6118 2
      vertex 41.4872 -59.8042 2
    endloop
  endfacet
  facet normal 0 0 1
    outer loop
      vertex 50 -70 2
      vertex 41.3858 -59.426 2
      vertex 41.4489 -59.6118 2
    endloop
  endfacet
  facet normal 0 0 1
    outer loop
      vertex 50 -70 2
      vertex 41.299 -59.25 2
      vertex 41.3858 -59.426 2
    endloop
  endfacet
  facet normal 0 0 1
    outer loop
      vertex 50 -70 2
      vertex 41.19 -59.0869 2
      vertex 41.299 -59.25 2
    endloop
  endfacet
  facet normal 0 0 1
    outer loop
      vertex 50 70 2
      vertex 41.0607 -58.9393 2
      vertex 41.19 -59.0869 2
    endloop
  endfacet
  facet normal 0 0 1
    outer loop
      vertex 50 70 2
      vertex 40.9131 -58.81 2
      vertex 41.0607 -58.9393 2
    endloop
  endfacet
  facet normal 0 0 1
    outer loop
      vertex 50 70 2
      vertex 40.75 -58.701 2
      vertex 40.9131 -58.81 2
    endloop
  endfacet
  facet normal 0 0 1
    outer loop
      vertex 50 70 2
      vertex 40.574 -58.6142 2
      vertex 40.75 -58.701 2
    endloop
  endfacet
  facet normal 0 0 1
    outer loop
      vertex 50 70 2
      vertex 40.3882 -58.5511 2
      vertex 40.574 -58.6142 2
    endloop
  endfacet
  facet normal 0 0 1
    outer loop
      vertex 50 70 2
      vertex 40.1958 -58.5128 2
      vertex 40.3882 -58.5511 2
    endloop
  endfacet
  facet normal 0 0 1
    outer loop
      vertex 50 70 2
      vertex 40 -58.5 2
      vertex 40.1958 -58.5128 2
    endloop
  endfacet
  facet normal 0 0 1
    outer loop
      vertex 1.48717 59.8042 2
      vertex 50 70 2
      vertex 1.5 60 2
    endloop
  endfacet
  facet normal 0 0 1
    outer loop
      vertex 1.44889 59.6118 2
      vertex 50 70 2
      vertex 1.48717 59.8042 2
    endloop
  endfacet
  facet normal 0 0 1
    outer loop
      vertex 1.38582 59.426 2
      vertex 50 70 2
      vertex 1.44889 59.6118 2
    endloop
  endfacet
  facet normal 0 0 1
    outer loop
      vertex 1.29904 59.25 2
      vertex 50 70 2
      vertex 1.38582 59.426 2
    endloop
  endfacet
  facet normal 0 0 1
    outer loop
      vertex 1.19003 59.0869 2
      vertex 50 70 2
      vertex 1.29904 59.25 2
    endloop
  endfacet
  facet normal 0 0 1
    outer loop
      vertex 39.426 -58.6142 2
      vertex 1.5 -60 2
      vertex 39.25 -58.701 2
    endloop
  endfacet
  facet normal 0 0 1
    outer loop
      vertex 39.25 -58.701 2
      vertex 1.5 -60 2
      vertex 39.0869 -58.81 2
    endloop
  endfacet
  facet normal 0 0 1
    outer loop
      vertex 39.0869 -58.81 2
      vertex 1.5 -60 2
      vertex 38.9393 -58.9393 2
    endloop
  endfacet
  facet normal 0 0 1
    outer loop
      vertex 38.9393 -58.9393 2
      vertex 1.5 -60 2
      vertex 38.81 -59.0869 2
    endloop
  endfacet
  facet normal 0 0 1
    outer loop
      vertex 38.81 -59.0869 2
      vertex 1.5 -60 2
      vertex 38.701 -59.25 2
    endloop
  endfacet
  facet normal 0 0 1
    outer loop
      vertex 38.701 -59.25 2
      vertex 1.5 -60 2
      vertex 38.6142 -59.426 2
    endloop
  endfacet
  facet normal 0 0 1
    outer loop
      vertex 38.5511 -59.6118 2
      vertex 1.5 -60 2
      vertex 38.5128 -59.8042 2
    endloop
  endfacet
  facet normal 0 0 1
    outer loop
      vertex 38.6142 -59.426 2
      vertex 1.5 -60 2
      vertex 38.5511 -59.6118 2
    endloop
  endfacet
  facet normal 0 0 1
    outer loop
      vertex 50 70 2
      vertex 1.48717 60.1958 2
      vertex 1.5 60 2
    endloop
  endfacet
  facet normal 0 0 1
    outer loop
      vertex 50 70 2
      vertex 1.44889 60.3882 2
      vertex 1.48717 60.1958 2
    endloop
  endfacet
  facet normal 0 0 1
    outer loop
      vertex 50 70 2
      vertex 1.38582 60.574 2
      vertex 1.44889 60.3882 2
    endloop
  endfacet
  facet normal 0 0 1
    outer loop
      vertex 50 70 2
      vertex 1.29904 60.75 2
      vertex 1.38582 60.574 2
    endloop
  endfacet
  facet normal 0 0 1
    outer loop
      vertex 50 70 2
      vertex 1.19003 60.9131 2
      vertex 1.29904 60.75 2
    endloop
  endfacet
  facet normal 0 0 1
    outer loop
      vertex 50 70 2
      vertex 1.06066 61.0607 2
      vertex 1.19003 60.9131 2
    endloop
  endfacet
  facet normal 0 0 1
    outer loop
      vertex 50 70 2
      vertex 0.913141 61.19 2
      vertex 1.06066 61.0607 2
    endloop
  endfacet
  facet normal 0 0 1
    outer loop
      vertex 50 70 2
      vertex 0.75 61.299 2
      vertex 0.913141 61.19 2
    endloop
  endfacet
  facet normal 0 0 1
    outer loop
      vertex 50 70 2
      vertex 0.574024 61.3858 2
      vertex 0.75 61.299 2
    endloop
  endfacet
  facet normal 0 0 1
    outer loop
      vertex 50 70 2
      vertex 0.388228 61.4489 2
      vertex 0.574024 61.3858 2
    endloop
  endfacet
  facet normal 0 0 1
    outer loop
      vertex 50 70 2
      vertex 0.195788 61.4872 2
      vertex 0.388228 61.4489 2
    endloop
  endfacet
  facet normal 0 0 1
    outer loop
      vertex 50 70 2
      vertex 0 61.5 2
      vertex 0.195788 61.4872 2
    endloop
  endfacet
  facet normal -0 0 1
    outer loop
      vertex -50 70 2
      vertex 0 61.5 2
      vertex 50 70 2
    endloop
  endfacet
  facet normal 0 0 1
    outer loop
      vertex -1.44889 -59.6118 2
      vertex -38.5 -60 2
      vertex -1.48717 -59.8042 2
    endloop
  endfacet
  facet normal 0 0 1
    outer loop
      vertex -1.48717 60.1958 2
      vertex -38.5 60 2
      vertex -1.5 60 2
    endloop
  endfacet
  facet normal 0 0 1
    outer loop
      vertex -38.5128 60.1958 2
      vertex -1.48717 60.1958 2
      vertex -1.44889 60.3882 2
    endloop
  endfacet
  facet normal 0 0 1
    outer loop
      vertex -38.5511 60.3882 2
      vertex -1.44889 60.3882 2
      vertex -1.38582 60.574 2
    endloop
  endfacet
  facet normal 0 0 1
    outer loop
      vertex -38.6142 60.574 2
      vertex -1.38582 60.574 2
      vertex -1.29904 60.75 2
    endloop
  endfacet
  facet normal 0 0 1
    outer loop
      vertex -38.701 60.75 2
      vertex -1.29904 60.75 2
      vertex -1.19003 60.9131 2
    endloop
  endfacet
  facet normal 0 0 1
    outer loop
      vertex -38.81 60.9131 2
      vertex -1.19003 60.9131 2
      vertex -1.06066 61.0607 2
    endloop
  endfacet
  facet normal 0 0 1
    outer loop
      vertex -38.9393 61.0607 2
      vertex -1.06066 61.0607 2
      vertex -0.913141 61.19 2
    endloop
  endfacet
  facet normal 0 0 1
    outer loop
      vertex -39.0869 61.19 2
      vertex -0.913141 61.19 2
      vertex -0.75 61.299 2
    endloop
  endfacet
  facet normal 0 0 1
    outer loop
      vertex -50 70 2
      vertex -0.75 61.299 2
      vertex -0.574024 61.3858 2
    endloop
  endfacet
  facet normal 0 0 1
    outer loop
      vertex -50 70 2
      vertex -0.574024 61.3858 2
      vertex -0.388228 61.4489 2
    endloop
  endfacet
  facet normal 0 0 1
    outer loop
      vertex -50 70 2
      vertex -0.388228 61.4489 2
      vertex -0.195788 61.4872 2
    endloop
  endfacet
  facet normal 0 0 1
    outer loop
      vertex 0 61.5 2
      vertex -50 70 2
      vertex -0.195788 61.4872 2
    endloop
  endfacet
  facet normal 0 0 1
    outer loop
      vertex -1.48717 60.1958 2
      vertex -38.5128 60.1958 2
      vertex -38.5 60 2
    endloop
  endfacet
  facet normal 0 0 1
    outer loop
      vertex -1.44889 60.3882 2
      vertex -38.5511 60.3882 2
      vertex -38.5128 60.1958 2
    endloop
  endfacet
  facet normal 0 0 1
    outer loop
      vertex -1.38582 60.574 2
      vertex -38.6142 60.574 2
      vertex -38.5511 60.3882 2
    endloop
  endfacet
  facet normal 0 0 1
    outer loop
      vertex -1.29904 60.75 2
      vertex -38.701 60.75 2
      vertex -38.6142 60.574 2
    endloop
  endfacet
  facet normal 0 0 1
    outer loop
      vertex -1.19003 60.9131 2
      vertex -38.81 60.9131 2
      vertex -38.701 60.75 2
    endloop
  endfacet
  facet normal 0 0 1
    outer loop
      vertex -1.06066 61.0607 2
      vertex -38.9393 61.0607 2
      vertex -38.81 60.9131 2
    endloop
  endfacet
  facet normal 0 0 1
    outer loop
      vertex -0.913141 61.19 2
      vertex -39.0869 61.19 2
      vertex -38.9393 61.0607 2
    endloop
  endfacet
  facet normal 0 0 1
    outer loop
      vertex -0.75 61.299 2
      vertex -39.25 61.299 2
      vertex -39.0869 61.19 2
    endloop
  endfacet
  facet normal 0 0 1
    outer loop
      vertex -0.75 61.299 2
      vertex -50 70 2
      vertex -39.25 61.299 2
    endloop
  endfacet
  facet normal 0 0 1
    outer loop
      vertex -39.25 61.299 2
      vertex -50 70 2
      vertex -39.426 61.3858 2
    endloop
  endfacet
  facet normal 0 0 1
    outer loop
      vertex -39.426 61.3858 2
      vertex -50 70 2
      vertex -39.6118 61.4489 2
    endloop
  endfacet
  facet normal 0 0 1
    outer loop
      vertex -39.6118 61.4489 2
      vertex -50 70 2
      vertex -39.8042 61.4872 2
    endloop
  endfacet
  facet normal 0 0 1
    outer loop
      vertex -39.8042 61.4872 2
      vertex -50 70 2
      vertex -40 61.5 2
    endloop
  endfacet
  facet normal 0 0 1
    outer loop
      vertex -41.4489 -59.6118 2
      vertex -50 -70 2
      vertex -41.4872 -59.8042 2
    endloop
  endfacet
  facet normal 0 0 1
    outer loop
      vertex -41.4872 60.1958 2
      vertex -50 70 2
      vertex -41.5 60 2
    endloop
  endfacet
  facet normal 0 0 1
    outer loop
      vertex -41.4489 60.3882 2
      vertex -50 70 2
      vertex -41.4872 60.1958 2
    endloop
  endfacet
  facet normal 0 0 1
    outer loop
      vertex -41.3858 60.574 2
      vertex -50 70 2
      vertex -41.4489 60.3882 2
    endloop
  endfacet
  facet normal 0 0 1
    outer loop
      vertex -41.299 60.75 2
      vertex -50 70 2
      vertex -41.3858 60.574 2
    endloop
  endfacet
  facet normal 0 0 1
    outer loop
      vertex -41.19 60.9131 2
      vertex -50 70 2
      vertex -41.299 60.75 2
    endloop
  endfacet
  facet normal 0 0 1
    outer loop
      vertex -41.0607 61.0607 2
      vertex -50 70 2
      vertex -41.19 60.9131 2
    endloop
  endfacet
  facet normal 0 0 1
    outer loop
      vertex -40.9131 61.19 2
      vertex -50 70 2
      vertex -41.0607 61.0607 2
    endloop
  endfacet
  facet normal 0 0 1
    outer loop
      vertex -40.75 61.299 2
      vertex -50 70 2
      vertex -40.9131 61.19 2
    endloop
  endfacet
  facet normal 0 0 1
    outer loop
      vertex -40.574 61.3858 2
      vertex -50 70 2
      vertex -40.75 61.299 2
    endloop
  endfacet
  facet normal 0 0 1
    outer loop
      vertex -40.3882 61.4489 2
      vertex -50 70 2
      vertex -40.574 61.3858 2
    endloop
  endfacet
  facet normal 0 0 1
    outer loop
      vertex -40.1958 61.4872 2
      vertex -50 70 2
      vertex -40.3882 61.4489 2
    endloop
  endfacet
  facet normal 0 0 1
    outer loop
      vertex -40 61.5 2
      vertex -50 70 2
      vertex -40.1958 61.4872 2
    endloop
  endfacet
  facet normal -0 0 1
    outer loop
      vertex 41.4872 -60.1958 2
      vertex 50 -70 2
      vertex 41.5 -60 2
    endloop
  endfacet
  facet normal -0 0 1
    outer loop
      vertex 41.4489 -60.3882 2
      vertex 50 -70 2
      vertex 41.4872 -60.1958 2
    endloop
  endfacet
  facet normal -0 0 1
    outer loop
      vertex 41.3858 -60.574 2
      vertex 50 -70 2
      vertex 41.4489 -60.3882 2
    endloop
  endfacet
  facet normal -0 0 1
    outer loop
      vertex 41.299 -60.75 2
      vertex 50 -70 2
      vertex 41.3858 -60.574 2
    endloop
  endfacet
  facet normal -0 0 1
    outer loop
      vertex 41.19 -60.9131 2
      vertex 50 -70 2
      vertex 41.299 -60.75 2
    endloop
  endfacet
  facet normal -0 0 1
    outer loop
      vertex 41.0607 -61.0607 2
      vertex 50 -70 2
      vertex 41.19 -60.9131 2
    endloop
  endfacet
  facet normal -0 0 1
    outer loop
      vertex 40.9131 -61.19 2
      vertex 50 -70 2
      vertex 41.0607 -61.0607 2
    endloop
  endfacet
  facet normal -0 0 1
    outer loop
      vertex 40.75 -61.299 2
      vertex 50 -70 2
      vertex 40.9131 -61.19 2
    endloop
  endfacet
  facet normal -0 0 1
    outer loop
      vertex 40.574 -61.3858 2
      vertex 50 -70 2
      vertex 40.75 -61.299 2
    endloop
  endfacet
  facet normal -0 0 1
    outer loop
      vertex 40.3882 -61.4489 2
      vertex 50 -70 2
      vertex 40.574 -61.3858 2
    endloop
  endfacet
  facet normal -0 0 1
    outer loop
      vertex 40.1958 -61.4872 2
      vertex 50 -70 2
      vertex 40.3882 -61.4489 2
    endloop
  endfacet
  facet normal -0 0 1
    outer loop
      vertex 40 -61.5 2
      vertex 50 -70 2
      vertex 40.1958 -61.4872 2
    endloop
  endfacet
  facet normal 0 0 1
    outer loop
      vertex 39.8042 -61.4872 2
      vertex 50 -70 2
      vertex 40 -61.5 2
    endloop
  endfacet
  facet normal 0 0 1
    outer loop
      vertex 39.6118 -61.4489 2
      vertex 50 -70 2
      vertex 39.8042 -61.4872 2
    endloop
  endfacet
  facet normal 0 0 1
    outer loop
      vertex 39.426 -61.3858 2
      vertex 50 -70 2
      vertex 39.6118 -61.4489 2
    endloop
  endfacet
  facet normal 0 0 1
    outer loop
      vertex 39.25 -61.299 2
      vertex 50 -70 2
      vertex 39.426 -61.3858 2
    endloop
  endfacet
  facet normal 0 0 1
    outer loop
      vertex 0.75 -61.299 2
      vertex 39.25 -61.299 2
      vertex 39.0869 -61.19 2
    endloop
  endfacet
  facet normal 0 0 1
    outer loop
      vertex 38.5128 -59.8042 2
      vertex 1.5 -60 2
      vertex 38.5 -60 2
    endloop
  endfacet
  facet normal 0 0 1
    outer loop
      vertex 38.5 -60 2
      vertex 1.5 -60 2
      vertex 38.5128 -60.1958 2
    endloop
  endfacet
  facet normal 0 0 1
    outer loop
      vertex 1.48717 -60.1958 2
      vertex 38.5128 -60.1958 2
      vertex 1.5 -60 2
    endloop
  endfacet
  facet normal 0 0 1
    outer loop
      vertex 38.5128 -60.1958 2
      vertex 1.48717 -60.1958 2
      vertex 38.5511 -60.3882 2
    endloop
  endfacet
  facet normal 0 0 1
    outer loop
      vertex 1.44889 -60.3882 2
      vertex 38.5511 -60.3882 2
      vertex 1.48717 -60.1958 2
    endloop
  endfacet
  facet normal 0 0 1
    outer loop
      vertex 38.5511 -60.3882 2
      vertex 1.44889 -60.3882 2
      vertex 38.6142 -60.574 2
    endloop
  endfacet
  facet normal 0 0 1
    outer loop
      vertex 1.38582 -60.574 2
      vertex 38.6142 -60.574 2
      vertex 1.44889 -60.3882 2
    endloop
  endfacet
  facet normal 0 0 1
    outer loop
      vertex 38.6142 -60.574 2
      vertex 1.38582 -60.574 2
      vertex 38.701 -60.75 2
    endloop
  endfacet
  facet normal 0 0 1
    outer loop
      vertex 1.29904 -60.75 2
      vertex 38.701 -60.75 2
      vertex 1.38582 -60.574 2
    endloop
  endfacet
  facet normal 0 0 1
    outer loop
      vertex 38.701 -60.75 2
      vertex 1.29904 -60.75 2
      vertex 38.81 -60.9131 2
    endloop
  endfacet
  facet normal 0 0 1
    outer loop
      vertex 1.19003 -60.9131 2
      vertex 38.81 -60.9131 2
      vertex 1.29904 -60.75 2
    endloop
  endfacet
  facet normal 0 0 1
    outer loop
      vertex 38.81 -60.9131 2
      vertex 1.19003 -60.9131 2
      vertex 38.9393 -61.0607 2
    endloop
  endfacet
  facet normal 0 0 1
    outer loop
      vertex 1.06066 -61.0607 2
      vertex 38.9393 -61.0607 2
      vertex 1.19003 -60.9131 2
    endloop
  endfacet
  facet normal 0 0 1
    outer loop
      vertex 38.9393 -61.0607 2
      vertex 1.06066 -61.0607 2
      vertex 39.0869 -61.19 2
    endloop
  endfacet
  facet normal 0 0 1
    outer loop
      vertex 0.913141 -61.19 2
      vertex 39.0869 -61.19 2
      vertex 1.06066 -61.0607 2
    endloop
  endfacet
  facet normal 0 0 1
    outer loop
      vertex 0.75 -61.299 2
      vertex 39.0869 -61.19 2
      vertex 0.913141 -61.19 2
    endloop
  endfacet
  facet normal 0 0 1
    outer loop
      vertex 39.25 -61.299 2
      vertex 0.75 -61.299 2
      vertex 50 -70 2
    endloop
  endfacet
  facet normal -0 0 1
    outer loop
      vertex 0.574024 -61.3858 2
      vertex 50 -70 2
      vertex 0.75 -61.299 2
    endloop
  endfacet
  facet normal -0 0 1
    outer loop
      vertex 0.388228 -61.4489 2
      vertex 50 -70 2
      vertex 0.574024 -61.3858 2
    endloop
  endfacet
  facet normal -0 0 1
    outer loop
      vertex 0.195788 -61.4872 2
      vertex 50 -70 2
      vertex 0.388228 -61.4489 2
    endloop
  endfacet
  facet normal -0 0 1
    outer loop
      vertex 0 -61.5 2
      vertex 50 -70 2
      vertex 0.195788 -61.4872 2
    endloop
  endfacet
  facet normal 0 0 1
    outer loop
      vertex -50 -70 2
      vertex 0 -61.5 2
      vertex -0.195788 -61.4872 2
    endloop
  endfacet
  facet normal 0 0 1
    outer loop
      vertex -1.48717 -59.8042 2
      vertex -38.5 -60 2
      vertex -1.5 -60 2
    endloop
  endfacet
  facet normal 0 0 1
    outer loop
      vertex -1.5 -60 2
      vertex -38.5 -60 2
      vertex -1.48717 -60.1958 2
    endloop
  endfacet
  facet normal 0 0 1
    outer loop
      vertex -38.5128 -60.1958 2
      vertex -1.48717 -60.1958 2
      vertex -38.5 -60 2
    endloop
  endfacet
  facet normal 0 0 1
    outer loop
      vertex -1.48717 -60.1958 2
      vertex -38.5128 -60.1958 2
      vertex -1.44889 -60.3882 2
    endloop
  endfacet
  facet normal 0 0 1
    outer loop
      vertex -38.5511 -60.3882 2
      vertex -1.44889 -60.3882 2
      vertex -38.5128 -60.1958 2
    endloop
  endfacet
  facet normal 0 0 1
    outer loop
      vertex -1.44889 -60.3882 2
      vertex -38.5511 -60.3882 2
      vertex -1.38582 -60.574 2
    endloop
  endfacet
  facet normal 0 0 1
    outer loop
      vertex -38.6142 -60.574 2
      vertex -1.38582 -60.574 2
      vertex -38.5511 -60.3882 2
    endloop
  endfacet
  facet normal 0 0 1
    outer loop
      vertex -1.38582 -60.574 2
      vertex -38.6142 -60.574 2
      vertex -1.29904 -60.75 2
    endloop
  endfacet
  facet normal 0 0 1
    outer loop
      vertex -38.701 -60.75 2
      vertex -1.29904 -60.75 2
      vertex -38.6142 -60.574 2
    endloop
  endfacet
  facet normal 0 0 1
    outer loop
      vertex -1.29904 -60.75 2
      vertex -38.701 -60.75 2
      vertex -1.19003 -60.9131 2
    endloop
  endfacet
  facet normal 0 0 1
    outer loop
      vertex -38.81 -60.9131 2
      vertex -1.19003 -60.9131 2
      vertex -38.701 -60.75 2
    endloop
  endfacet
  facet normal 0 0 1
    outer loop
      vertex -1.19003 -60.9131 2
      vertex -38.81 -60.9131 2
      vertex -1.06066 -61.0607 2
    endloop
  endfacet
  facet normal 0 0 1
    outer loop
      vertex -38.9393 -61.0607 2
      vertex -1.06066 -61.0607 2
      vertex -38.81 -60.9131 2
    endloop
  endfacet
  facet normal 0 0 1
    outer loop
      vertex -1.06066 -61.0607 2
      vertex -38.9393 -61.0607 2
      vertex -0.913141 -61.19 2
    endloop
  endfacet
  facet normal 0 0 1
    outer loop
      vertex -39.0869 -61.19 2
      vertex -0.913141 -61.19 2
      vertex -38.9393 -61.0607 2
    endloop
  endfacet
  facet normal 0 0 1
    outer loop
      vertex -0.913141 -61.19 2
      vertex -39.0869 -61.19 2
      vertex -0.75 -61.299 2
    endloop
  endfacet
  facet normal 0 0 1
    outer loop
      vertex -39.25 -61.299 2
      vertex -0.75 -61.299 2
      vertex -39.0869 -61.19 2
    endloop
  endfacet
  facet normal 0 0 1
    outer loop
      vertex -50 -70 2
      vertex -0.75 -61.299 2
      vertex -39.25 -61.299 2
    endloop
  endfacet
  facet normal 0 0 1
    outer loop
      vertex -0.75 -61.299 2
      vertex -50 -70 2
      vertex -0.574024 -61.3858 2
    endloop
  endfacet
  facet normal 0 0 1
    outer loop
      vertex -0.574024 -61.3858 2
      vertex -50 -70 2
      vertex -0.388228 -61.4489 2
    endloop
  endfacet
  facet normal 0 0 1
    outer loop
      vertex -0.388228 -61.4489 2
      vertex -50 -70 2
      vertex -0.195788 -61.4872 2
    endloop
  endfacet
  facet normal 0 0 1
    outer loop
      vertex -50 -70 2
      vertex -39.25 -61.299 2
      vertex -39.426 -61.3858 2
    endloop
  endfacet
  facet normal 0 0 1
    outer loop
      vertex -50 -70 2
      vertex -39.426 -61.3858 2
      vertex -39.6118 -61.4489 2
    endloop
  endfacet
  facet normal 0 0 1
    outer loop
      vertex -50 -70 2
      vertex -39.6118 -61.4489 2
      vertex -39.8042 -61.4872 2
    endloop
  endfacet
  facet normal 0 0 1
    outer loop
      vertex -50 -70 2
      vertex -39.8042 -61.4872 2
      vertex -40 -61.5 2
    endloop
  endfacet
  facet normal 0 0 1
    outer loop
      vertex -50 -70 2
      vertex -40 -61.5 2
      vertex -40.1958 -61.4872 2
    endloop
  endfacet
  facet normal 0 0 1
    outer loop
      vertex 0 -61.5 2
      vertex -50 -70 2
      vertex 50 -70 2
    endloop
  endfacet
  facet normal 0 0 1
    outer loop
      vertex -40.3882 -61.4489 2
      vertex -50 -70 2
      vertex -40.1958 -61.4872 2
    endloop
  endfacet
  facet normal 0 0 1
    outer loop
      vertex -40.574 -61.3858 2
      vertex -50 -70 2
      vertex -40.3882 -61.4489 2
    endloop
  endfacet
  facet normal 0 0 1
    outer loop
      vertex -40.75 -61.299 2
      vertex -50 -70 2
      vertex -40.574 -61.3858 2
    endloop
  endfacet
  facet normal 0 0 1
    outer loop
      vertex -40.9131 -61.19 2
      vertex -50 -70 2
      vertex -40.75 -61.299 2
    endloop
  endfacet
  facet normal 0 0 1
    outer loop
      vertex -41.0607 -61.0607 2
      vertex -50 -70 2
      vertex -40.9131 -61.19 2
    endloop
  endfacet
  facet normal 0 0 1
    outer loop
      vertex -41.19 -60.9131 2
      vertex -50 -70 2
      vertex -41.0607 -61.0607 2
    endloop
  endfacet
  facet normal 0 0 1
    outer loop
      vertex -41.299 -60.75 2
      vertex -50 -70 2
      vertex -41.19 -60.9131 2
    endloop
  endfacet
  facet normal 0 0 1
    outer loop
      vertex -41.3858 -60.574 2
      vertex -50 -70 2
      vertex -41.299 -60.75 2
    endloop
  endfacet
  facet normal 0 0 1
    outer loop
      vertex -41.4489 -60.3882 2
      vertex -50 -70 2
      vertex -41.3858 -60.574 2
    endloop
  endfacet
  facet normal 0 0 1
    outer loop
      vertex -41.4872 -60.1958 2
      vertex -50 -70 2
      vertex -41.4489 -60.3882 2
    endloop
  endfacet
  facet normal 0 0 1
    outer loop
      vertex -41.5 -60 2
      vertex -50 -70 2
      vertex -41.4872 -60.1958 2
    endloop
  endfacet
  facet normal 0 0 1
    outer loop
      vertex -41.4872 -59.8042 2
      vertex -50 -70 2
      vertex -41.5 -60 2
    endloop
  endfacet
  facet normal 0 0 -1
    outer loop
      vertex -38.9393 -58.9393 -2
      vertex -1.06066 -58.9393 -2
      vertex -38.81 -59.0869 -2
    endloop
  endfacet
  facet normal 0 0 -1
    outer loop
      vertex -0.574024 58.6142 -2
      vertex -38.5128 59.8042 -2
      vertex -38.5 60 -2
    endloop
  endfacet
  facet normal 0 0 -1
    outer loop
      vertex -1.06066 -58.9393 -2
      vertex -38.9393 -58.9393 -2
      vertex -0.913141 -58.81 -2
    endloop
  endfacet
  facet normal 0 0 -1
    outer loop
      vertex -0.574024 58.6142 -2
      vertex -38.5511 59.6118 -2
      vertex -38.5128 59.8042 -2
    endloop
  endfacet
  facet normal 0 0 -1
    outer loop
      vertex -39.0869 -58.81 -2
      vertex -0.913141 -58.81 -2
      vertex -38.9393 -58.9393 -2
    endloop
  endfacet
  facet normal 0 0 -1
    outer loop
      vertex -0.574024 58.6142 -2
      vertex -38.6142 59.426 -2
      vertex -38.5511 59.6118 -2
    endloop
  endfacet
  facet normal 0 0 -1
    outer loop
      vertex -0.913141 -58.81 -2
      vertex -39.0869 -58.81 -2
      vertex -0.75 -58.701 -2
    endloop
  endfacet
  facet normal 0 0 -1
    outer loop
      vertex -0.574024 58.6142 -2
      vertex -38.701 59.25 -2
      vertex -38.6142 59.426 -2
    endloop
  endfacet
  facet normal 0 0 -1
    outer loop
      vertex -39.25 -58.701 -2
      vertex -0.75 -58.701 -2
      vertex -39.0869 -58.81 -2
    endloop
  endfacet
  facet normal 0 0 -1
    outer loop
      vertex -0.574024 58.6142 -2
      vertex -38.81 59.0869 -2
      vertex -38.701 59.25 -2
    endloop
  endfacet
  facet normal 0 0 -1
    outer loop
      vertex -0.75 -58.701 -2
      vertex -39.25 -58.701 -2
      vertex -0.574024 -58.6142 -2
    endloop
  endfacet
  facet normal 0 0 -1
    outer loop
      vertex -0.574024 58.6142 -2
      vertex -38.9393 58.9393 -2
      vertex -38.81 59.0869 -2
    endloop
  endfacet
  facet normal 0 0 -1
    outer loop
      vertex -39.426 -58.6142 -2
      vertex -0.574024 -58.6142 -2
      vertex -39.25 -58.701 -2
    endloop
  endfacet
  facet normal 0 0 -1
    outer loop
      vertex -0.574024 58.6142 -2
      vertex -39.0869 58.81 -2
      vertex -38.9393 58.9393 -2
    endloop
  endfacet
  facet normal 0 0 -1
    outer loop
      vertex -0.574024 -58.6142 -2
      vertex -39.426 -58.6142 -2
      vertex -0.574024 58.6142 -2
    endloop
  endfacet
  facet normal 0 0 -1
    outer loop
      vertex -0.574024 58.6142 -2
      vertex -39.25 58.701 -2
      vertex -39.0869 58.81 -2
    endloop
  endfacet
  facet normal 0 0 -1
    outer loop
      vertex -39.426 58.6142 -2
      vertex -0.574024 58.6142 -2
      vertex -39.426 -58.6142 -2
    endloop
  endfacet
  facet normal 0 0 -1
    outer loop
      vertex -0.574024 58.6142 -2
      vertex -39.426 58.6142 -2
      vertex -39.25 58.701 -2
    endloop
  endfacet
  facet normal 0 0 -1
    outer loop
      vertex -39.6118 -58.5511 -2
      vertex -39.426 58.6142 -2
      vertex -39.426 -58.6142 -2
    endloop
  endfacet
  facet normal 0 0 -1
    outer loop
      vertex -39.6118 -58.5511 -2
      vertex -39.6118 58.5511 -2
      vertex -39.426 58.6142 -2
    endloop
  endfacet
  facet normal 0 0 -1
    outer loop
      vertex -39.8042 -58.5128 -2
      vertex -39.6118 58.5511 -2
      vertex -39.6118 -58.5511 -2
    endloop
  endfacet
  facet normal 0 0 -1
    outer loop
      vertex -39.8042 -58.5128 -2
      vertex -39.8042 58.5128 -2
      vertex -39.6118 58.5511 -2
    endloop
  endfacet
  facet normal 0 0 -1
    outer loop
      vertex -40 -58.5 -2
      vertex -39.8042 58.5128 -2
      vertex -39.8042 -58.5128 -2
    endloop
  endfacet
  facet normal 0 0 -1
    outer loop
      vertex -40 -58.5 -2
      vertex -40 58.5 -2
      vertex -39.8042 58.5128 -2
    endloop
  endfacet
  facet normal 0 0 -1
    outer loop
      vertex -40.1958 -58.5128 -2
      vertex -40 58.5 -2
      vertex -40 -58.5 -2
    endloop
  endfacet
  facet normal 0 0 -1
    outer loop
      vertex -40.1958 -58.5128 -2
      vertex -40.1958 58.5128 -2
      vertex -40 58.5 -2
    endloop
  endfacet
  facet normal 0 0 -1
    outer loop
      vertex -40.3882 -58.5511 -2
      vertex -40.1958 58.5128 -2
      vertex -40.1958 -58.5128 -2
    endloop
  endfacet
  facet normal 0 0 -1
    outer loop
      vertex -40.3882 -58.5511 -2
      vertex -40.3882 58.5511 -2
      vertex -40.1958 58.5128 -2
    endloop
  endfacet
  facet normal 0 0 -1
    outer loop
      vertex -40.574 -58.6142 -2
      vertex -40.3882 58.5511 -2
      vertex -40.3882 -58.5511 -2
    endloop
  endfacet
  facet normal 0 0 -1
    outer loop
      vertex -40.574 -58.6142 -2
      vertex -40.574 58.6142 -2
      vertex -40.3882 58.5511 -2
    endloop
  endfacet
  facet normal 0 0 -1
    outer loop
      vertex -40.75 -58.701 -2
      vertex -40.574 58.6142 -2
      vertex -40.574 -58.6142 -2
    endloop
  endfacet
  facet normal 0 0 -1
    outer loop
      vertex -40.75 -58.701 -2
      vertex -40.75 58.701 -2
      vertex -40.574 58.6142 -2
    endloop
  endfacet
  facet normal 0 0 -1
    outer loop
      vertex -40.9131 -58.81 -2
      vertex -40.75 58.701 -2
      vertex -40.75 -58.701 -2
    endloop
  endfacet
  facet normal 0 0 -1
    outer loop
      vertex -40.9131 -58.81 -2
      vertex -40.9131 58.81 -2
      vertex -40.75 58.701 -2
    endloop
  endfacet
  facet normal 0 0 -1
    outer loop
      vertex -41.0607 -58.9393 -2
      vertex -40.9131 58.81 -2
      vertex -40.9131 -58.81 -2
    endloop
  endfacet
  facet normal 0 0 -1
    outer loop
      vertex -41.0607 -58.9393 -2
      vertex -41.0607 58.9393 -2
      vertex -40.9131 58.81 -2
    endloop
  endfacet
  facet normal 0 0 -1
    outer loop
      vertex -41.19 -59.0869 -2
      vertex -41.0607 58.9393 -2
      vertex -41.0607 -58.9393 -2
    endloop
  endfacet
  facet normal 0 0 -1
    outer loop
      vertex -41.19 -59.0869 -2
      vertex -41.19 59.0869 -2
      vertex -41.0607 58.9393 -2
    endloop
  endfacet
  facet normal 0 0 -1
    outer loop
      vertex -50 -70 -2
      vertex -41.19 -59.0869 -2
      vertex -41.299 -59.25 -2
    endloop
  endfacet
  facet normal -0 0 -1
    outer loop
      vertex -41.19 -59.0869 -2
      vertex -50 -70 -2
      vertex -41.19 59.0869 -2
    endloop
  endfacet
  facet normal 0 0 -1
    outer loop
      vertex -50 -70 -2
      vertex -41.299 -59.25 -2
      vertex -41.3858 -59.426 -2
    endloop
  endfacet
  facet normal 0 0 -1
    outer loop
      vertex -50 70 -2
      vertex -41.19 59.0869 -2
      vertex -50 -70 -2
    endloop
  endfacet
  facet normal 0 0 -1
    outer loop
      vertex -50 -70 -2
      vertex -41.3858 -59.426 -2
      vertex -41.4489 -59.6118 -2
    endloop
  endfacet
  facet normal 0 0 -1
    outer loop
      vertex -41.19 59.0869 -2
      vertex -50 70 -2
      vertex -41.299 59.25 -2
    endloop
  endfacet
  facet normal 0 0 -1
    outer loop
      vertex -50 -70 -2
      vertex -41.4489 -59.6118 -2
      vertex -41.4872 -59.8042 -2
    endloop
  endfacet
  facet normal 0 0 -1
    outer loop
      vertex -41.299 59.25 -2
      vertex -50 70 -2
      vertex -41.3858 59.426 -2
    endloop
  endfacet
  facet normal 0 0 -1
    outer loop
      vertex -50 -70 -2
      vertex -41.4872 -59.8042 -2
      vertex -41.5 -60 -2
    endloop
  endfacet
  facet normal 0 0 -1
    outer loop
      vertex -41.3858 59.426 -2
      vertex -50 70 -2
      vertex -41.4489 59.6118 -2
    endloop
  endfacet
  facet normal 0 0 -1
    outer loop
      vertex 38.81 -59.0869 -2
      vertex 1.19003 -59.0869 -2
      vertex 38.9393 -58.9393 -2
    endloop
  endfacet
  facet normal 0 0 -1
    outer loop
      vertex 39.426 -58.6142 -2
      vertex 1.48717 59.8042 -2
      vertex 1.5 60 -2
    endloop
  endfacet
  facet normal 0 0 -1
    outer loop
      vertex 1.06066 -58.9393 -2
      vertex 38.9393 -58.9393 -2
      vertex 1.19003 -59.0869 -2
    endloop
  endfacet
  facet normal 0 0 -1
    outer loop
      vertex 39.426 -58.6142 -2
      vertex 1.44889 59.6118 -2
      vertex 1.48717 59.8042 -2
    endloop
  endfacet
  facet normal 0 0 -1
    outer loop
      vertex 38.9393 -58.9393 -2
      vertex 1.06066 -58.9393 -2
      vertex 39.0869 -58.81 -2
    endloop
  endfacet
  facet normal 0 0 -1
    outer loop
      vertex 39.426 -58.6142 -2
      vertex 1.38582 59.426 -2
      vertex 1.44889 59.6118 -2
    endloop
  endfacet
  facet normal 0 0 -1
    outer loop
      vertex 0.913141 -58.81 -2
      vertex 39.0869 -58.81 -2
      vertex 1.06066 -58.9393 -2
    endloop
  endfacet
  facet normal 0 0 -1
    outer loop
      vertex 39.426 -58.6142 -2
      vertex 1.29904 59.25 -2
      vertex 1.38582 59.426 -2
    endloop
  endfacet
  facet normal 0 0 -1
    outer loop
      vertex 39.0869 -58.81 -2
      vertex 0.913141 -58.81 -2
      vertex 39.25 -58.701 -2
    endloop
  endfacet
  facet normal 0 0 -1
    outer loop
      vertex 39.426 -58.6142 -2
      vertex 1.19003 59.0869 -2
      vertex 1.29904 59.25 -2
    endloop
  endfacet
  facet normal 0 0 -1
    outer loop
      vertex 0.75 -58.701 -2
      vertex 39.25 -58.701 -2
      vertex 0.913141 -58.81 -2
    endloop
  endfacet
  facet normal 0 0 -1
    outer loop
      vertex 39.426 -58.6142 -2
      vertex 1.06066 58.9393 -2
      vertex 1.19003 59.0869 -2
    endloop
  endfacet
  facet normal 0 0 -1
    outer loop
      vertex 39.25 -58.701 -2
      vertex 0.75 -58.701 -2
      vertex 39.426 -58.6142 -2
    endloop
  endfacet
  facet normal 0 0 -1
    outer loop
      vertex 39.426 -58.6142 -2
      vertex 0.913141 58.81 -2
      vertex 1.06066 58.9393 -2
    endloop
  endfacet
  facet normal 0 0 -1
    outer loop
      vertex 0.574024 -58.6142 -2
      vertex 39.426 -58.6142 -2
      vertex 0.75 -58.701 -2
    endloop
  endfacet
  facet normal 0 0 -1
    outer loop
      vertex 39.426 -58.6142 -2
      vertex 0.75 58.701 -2
      vertex 0.913141 58.81 -2
    endloop
  endfacet
  facet normal 0 0 -1
    outer loop
      vertex 0.574024 58.6142 -2
      vertex 39.426 -58.6142 -2
      vertex 0.574024 -58.6142 -2
    endloop
  endfacet
  facet normal 0 0 -1
    outer loop
      vertex 39.426 -58.6142 -2
      vertex 0.574024 58.6142 -2
      vertex 0.75 58.701 -2
    endloop
  endfacet
  facet normal 0 0 -1
    outer loop
      vertex 0.388228 -58.5511 -2
      vertex 0.574024 58.6142 -2
      vertex 0.574024 -58.6142 -2
    endloop
  endfacet
  facet normal 0 0 -1
    outer loop
      vertex 0.388228 -58.5511 -2
      vertex 0.388228 58.5511 -2
      vertex 0.574024 58.6142 -2
    endloop
  endfacet
  facet normal 0 0 -1
    outer loop
      vertex 0.195788 -58.5128 -2
      vertex 0.388228 58.5511 -2
      vertex 0.388228 -58.5511 -2
    endloop
  endfacet
  facet normal 0 0 -1
    outer loop
      vertex 0.195788 -58.5128 -2
      vertex 0.195788 58.5128 -2
      vertex 0.388228 58.5511 -2
    endloop
  endfacet
  facet normal 0 0 -1
    outer loop
      vertex 0 -58.5 -2
      vertex 0.195788 58.5128 -2
      vertex 0.195788 -58.5128 -2
    endloop
  endfacet
  facet normal 0 0 -1
    outer loop
      vertex 0 -58.5 -2
      vertex 0 58.5 -2
      vertex 0.195788 58.5128 -2
    endloop
  endfacet
  facet normal 0 0 -1
    outer loop
      vertex -0.195788 -58.5128 -2
      vertex 0 58.5 -2
      vertex 0 -58.5 -2
    endloop
  endfacet
  facet normal 0 0 -1
    outer loop
      vertex -0.195788 -58.5128 -2
      vertex -0.195788 58.5128 -2
      vertex 0 58.5 -2
    endloop
  endfacet
  facet normal 0 0 -1
    outer loop
      vertex -0.388228 -58.5511 -2
      vertex -0.195788 58.5128 -2
      vertex -0.195788 -58.5128 -2
    endloop
  endfacet
  facet normal 0 0 -1
    outer loop
      vertex -0.388228 -58.5511 -2
      vertex -0.388228 58.5511 -2
      vertex -0.195788 58.5128 -2
    endloop
  endfacet
  facet normal 0 0 -1
    outer loop
      vertex -0.574024 -58.6142 -2
      vertex -0.388228 58.5511 -2
      vertex -0.388228 -58.5511 -2
    endloop
  endfacet
  facet normal 0 0 -1
    outer loop
      vertex -0.574024 -58.6142 -2
      vertex -0.574024 58.6142 -2
      vertex -0.388228 58.5511 -2
    endloop
  endfacet
  facet normal 0 0 -1
    outer loop
      vertex -1.29904 -59.25 -2
      vertex -38.701 -59.25 -2
      vertex -1.19003 -59.0869 -2
    endloop
  endfacet
  facet normal 0 0 -1
    outer loop
      vertex -38.81 -59.0869 -2
      vertex -1.19003 -59.0869 -2
      vertex -38.701 -59.25 -2
    endloop
  endfacet
  facet normal 0 0 -1
    outer loop
      vertex -38.701 -59.25 -2
      vertex -1.29904 -59.25 -2
      vertex -38.6142 -59.426 -2
    endloop
  endfacet
  facet normal 0 0 -1
    outer loop
      vertex -1.19003 -59.0869 -2
      vertex -38.81 -59.0869 -2
      vertex -1.06066 -58.9393 -2
    endloop
  endfacet
  facet normal 0 0 -1
    outer loop
      vertex -1.38582 -59.426 -2
      vertex -38.6142 -59.426 -2
      vertex -1.29904 -59.25 -2
    endloop
  endfacet
  facet normal 0 0 -1
    outer loop
      vertex -0.574024 58.6142 -2
      vertex -38.5 60 -2
      vertex -0.75 58.701 -2
    endloop
  endfacet
  facet normal 0 0 -1
    outer loop
      vertex -38.6142 -59.426 -2
      vertex -1.38582 -59.426 -2
      vertex -38.5511 -59.6118 -2
    endloop
  endfacet
  facet normal 0 0 -1
    outer loop
      vertex -0.75 58.701 -2
      vertex -38.5 60 -2
      vertex -0.913141 58.81 -2
    endloop
  endfacet
  facet normal 0 0 -1
    outer loop
      vertex -1.44889 -59.6118 -2
      vertex -38.5511 -59.6118 -2
      vertex -1.38582 -59.426 -2
    endloop
  endfacet
  facet normal 0 0 -1
    outer loop
      vertex -0.913141 58.81 -2
      vertex -38.5 60 -2
      vertex -1.06066 58.9393 -2
    endloop
  endfacet
  facet normal 0 0 -1
    outer loop
      vertex -38.5511 -59.6118 -2
      vertex -1.44889 -59.6118 -2
      vertex -38.5128 -59.8042 -2
    endloop
  endfacet
  facet normal 0 0 -1
    outer loop
      vertex -1.06066 58.9393 -2
      vertex -38.5 60 -2
      vertex -1.19003 59.0869 -2
    endloop
  endfacet
  facet normal 0 0 -1
    outer loop
      vertex -1.48717 -59.8042 -2
      vertex -38.5128 -59.8042 -2
      vertex -1.44889 -59.6118 -2
    endloop
  endfacet
  facet normal 0 0 -1
    outer loop
      vertex -1.19003 59.0869 -2
      vertex -38.5 60 -2
      vertex -1.29904 59.25 -2
    endloop
  endfacet
  facet normal 0 0 -1
    outer loop
      vertex -38.5128 -59.8042 -2
      vertex -1.48717 -59.8042 -2
      vertex -38.5 -60 -2
    endloop
  endfacet
  facet normal 0 0 -1
    outer loop
      vertex -1.29904 59.25 -2
      vertex -38.5 60 -2
      vertex -1.38582 59.426 -2
    endloop
  endfacet
  facet normal 0 0 -1
    outer loop
      vertex -38.5 -60 -2
      vertex -1.48717 -59.8042 -2
      vertex -1.5 -60 -2
    endloop
  endfacet
  facet normal 0 0 -1
    outer loop
      vertex -1.38582 59.426 -2
      vertex -38.5 60 -2
      vertex -1.44889 59.6118 -2
    endloop
  endfacet
  facet normal 0 0 -1
    outer loop
      vertex 41.4872 -59.8042 -2
      vertex 50 -70 -2
      vertex 41.5 -60 -2
    endloop
  endfacet
  facet normal 0 0 -1
    outer loop
      vertex 50 -70 -2
      vertex 41.4872 -60.1958 -2
      vertex 41.5 -60 -2
    endloop
  endfacet
  facet normal 0 0 -1
    outer loop
      vertex 50 -70 -2
      vertex 41.4489 -60.3882 -2
      vertex 41.4872 -60.1958 -2
    endloop
  endfacet
  facet normal 0 0 -1
    outer loop
      vertex 50 -70 -2
      vertex 41.3858 -60.574 -2
      vertex 41.4489 -60.3882 -2
    endloop
  endfacet
  facet normal 0 0 -1
    outer loop
      vertex 50 -70 -2
      vertex 41.299 -60.75 -2
      vertex 41.3858 -60.574 -2
    endloop
  endfacet
  facet normal 0 0 -1
    outer loop
      vertex 50 -70 -2
      vertex 41.19 -60.9131 -2
      vertex 41.299 -60.75 -2
    endloop
  endfacet
  facet normal 0 0 -1
    outer loop
      vertex 50 -70 -2
      vertex 41.0607 -61.0607 -2
      vertex 41.19 -60.9131 -2
    endloop
  endfacet
  facet normal 0 0 -1
    outer loop
      vertex 50 -70 -2
      vertex 40.9131 -61.19 -2
      vertex 41.0607 -61.0607 -2
    endloop
  endfacet
  facet normal 0 0 -1
    outer loop
      vertex 50 -70 -2
      vertex 40.75 -61.299 -2
      vertex 40.9131 -61.19 -2
    endloop
  endfacet
  facet normal 0 0 -1
    outer loop
      vertex 50 -70 -2
      vertex 40.574 -61.3858 -2
      vertex 40.75 -61.299 -2
    endloop
  endfacet
  facet normal 0 0 -1
    outer loop
      vertex 50 -70 -2
      vertex 40.3882 -61.4489 -2
      vertex 40.574 -61.3858 -2
    endloop
  endfacet
  facet normal 0 0 -1
    outer loop
      vertex 50 -70 -2
      vertex 40.1958 -61.4872 -2
      vertex 40.3882 -61.4489 -2
    endloop
  endfacet
  facet normal 0 0 -1
    outer loop
      vertex 50 -70 -2
      vertex 40 -61.5 -2
      vertex 40.1958 -61.4872 -2
    endloop
  endfacet
  facet normal 0 0 -1
    outer loop
      vertex 50 -70 -2
      vertex 39.8042 -61.4872 -2
      vertex 40 -61.5 -2
    endloop
  endfacet
  facet normal 0 0 -1
    outer loop
      vertex 50 -70 -2
      vertex 39.6118 -61.4489 -2
      vertex 39.8042 -61.4872 -2
    endloop
  endfacet
  facet normal 0 0 -1
    outer loop
      vertex 50 -70 -2
      vertex 39.426 -61.3858 -2
      vertex 39.6118 -61.4489 -2
    endloop
  endfacet
  facet normal 0 0 -1
    outer loop
      vertex 50 -70 -2
      vertex 39.25 -61.299 -2
      vertex 39.426 -61.3858 -2
    endloop
  endfacet
  facet normal 0 0 -1
    outer loop
      vertex 0.75 -61.299 -2
      vertex 39.25 -61.299 -2
      vertex 50 -70 -2
    endloop
  endfacet
  facet normal 0 0 -1
    outer loop
      vertex 38.5128 -60.1958 -2
      vertex 1.5 -60 -2
      vertex 38.5 -60 -2
    endloop
  endfacet
  facet normal 0 0 -1
    outer loop
      vertex 1.48717 -60.1958 -2
      vertex 38.5128 -60.1958 -2
      vertex 38.5511 -60.3882 -2
    endloop
  endfacet
  facet normal 0 0 -1
    outer loop
      vertex 1.44889 -60.3882 -2
      vertex 38.5511 -60.3882 -2
      vertex 38.6142 -60.574 -2
    endloop
  endfacet
  facet normal 0 0 -1
    outer loop
      vertex 1.38582 -60.574 -2
      vertex 38.6142 -60.574 -2
      vertex 38.701 -60.75 -2
    endloop
  endfacet
  facet normal 0 0 -1
    outer loop
      vertex 1.29904 -60.75 -2
      vertex 38.701 -60.75 -2
      vertex 38.81 -60.9131 -2
    endloop
  endfacet
  facet normal 0 0 -1
    outer loop
      vertex 1.19003 -60.9131 -2
      vertex 38.81 -60.9131 -2
      vertex 38.9393 -61.0607 -2
    endloop
  endfacet
  facet normal 0 0 -1
    outer loop
      vertex 1.06066 -61.0607 -2
      vertex 38.9393 -61.0607 -2
      vertex 39.0869 -61.19 -2
    endloop
  endfacet
  facet normal 0 0 -1
    outer loop
      vertex 39.25 -61.299 -2
      vertex 0.75 -61.299 -2
      vertex 39.0869 -61.19 -2
    endloop
  endfacet
  facet normal 0 0 -1
    outer loop
      vertex 38.5128 -60.1958 -2
      vertex 1.48717 -60.1958 -2
      vertex 1.5 -60 -2
    endloop
  endfacet
  facet normal 0 0 -1
    outer loop
      vertex 38.5511 -60.3882 -2
      vertex 1.44889 -60.3882 -2
      vertex 1.48717 -60.1958 -2
    endloop
  endfacet
  facet normal 0 0 -1
    outer loop
      vertex 38.6142 -60.574 -2
      vertex 1.38582 -60.574 -2
      vertex 1.44889 -60.3882 -2
    endloop
  endfacet
  facet normal 0 0 -1
    outer loop
      vertex 38.701 -60.75 -2
      vertex 1.29904 -60.75 -2
      vertex 1.38582 -60.574 -2
    endloop
  endfacet
  facet normal 0 0 -1
    outer loop
      vertex 38.81 -60.9131 -2
      vertex 1.19003 -60.9131 -2
      vertex 1.29904 -60.75 -2
    endloop
  endfacet
  facet normal 0 0 -1
    outer loop
      vertex 38.9393 -61.0607 -2
      vertex 1.06066 -61.0607 -2
      vertex 1.19003 -60.9131 -2
    endloop
  endfacet
  facet normal 0 0 -1
    outer loop
      vertex 39.0869 -61.19 -2
      vertex 0.913141 -61.19 -2
      vertex 1.06066 -61.0607 -2
    endloop
  endfacet
  facet normal -0 0 -1
    outer loop
      vertex 39.0869 -61.19 -2
      vertex 0.75 -61.299 -2
      vertex 0.913141 -61.19 -2
    endloop
  endfacet
  facet normal 0 0 -1
    outer loop
      vertex 50 -70 -2
      vertex 0.574024 -61.3858 -2
      vertex 0.75 -61.299 -2
    endloop
  endfacet
  facet normal 0 0 -1
    outer loop
      vertex 50 -70 -2
      vertex 0.388228 -61.4489 -2
      vertex 0.574024 -61.3858 -2
    endloop
  endfacet
  facet normal 0 0 -1
    outer loop
      vertex 50 -70 -2
      vertex 0.195788 -61.4872 -2
      vertex 0.388228 -61.4489 -2
    endloop
  endfacet
  facet normal 0 0 -1
    outer loop
      vertex 50 -70 -2
      vertex 0 -61.5 -2
      vertex 0.195788 -61.4872 -2
    endloop
  endfacet
  facet normal 0 0 -1
    outer loop
      vertex -50 -70 -2
      vertex 0 -61.5 -2
      vertex 50 -70 -2
    endloop
  endfacet
  facet normal 0 0 -1
    outer loop
      vertex -1.44889 59.6118 -2
      vertex -38.5 60 -2
      vertex -1.48717 59.8042 -2
    endloop
  endfacet
  facet normal 0 0 -1
    outer loop
      vertex -1.48717 -60.1958 -2
      vertex -38.5 -60 -2
      vertex -1.5 -60 -2
    endloop
  endfacet
  facet normal 0 0 -1
    outer loop
      vertex -38.5128 -60.1958 -2
      vertex -1.48717 -60.1958 -2
      vertex -1.44889 -60.3882 -2
    endloop
  endfacet
  facet normal 0 0 -1
    outer loop
      vertex -38.5511 -60.3882 -2
      vertex -1.44889 -60.3882 -2
      vertex -1.38582 -60.574 -2
    endloop
  endfacet
  facet normal 0 0 -1
    outer loop
      vertex -38.6142 -60.574 -2
      vertex -1.38582 -60.574 -2
      vertex -1.29904 -60.75 -2
    endloop
  endfacet
  facet normal 0 0 -1
    outer loop
      vertex -38.701 -60.75 -2
      vertex -1.29904 -60.75 -2
      vertex -1.19003 -60.9131 -2
    endloop
  endfacet
  facet normal 0 0 -1
    outer loop
      vertex -38.81 -60.9131 -2
      vertex -1.19003 -60.9131 -2
      vertex -1.06066 -61.0607 -2
    endloop
  endfacet
  facet normal 0 0 -1
    outer loop
      vertex -38.9393 -61.0607 -2
      vertex -1.06066 -61.0607 -2
      vertex -0.913141 -61.19 -2
    endloop
  endfacet
  facet normal 0 0 -1
    outer loop
      vertex -39.0869 -61.19 -2
      vertex -0.913141 -61.19 -2
      vertex -0.75 -61.299 -2
    endloop
  endfacet
  facet normal 0 0 -1
    outer loop
      vertex -50 -70 -2
      vertex -0.75 -61.299 -2
      vertex -0.574024 -61.3858 -2
    endloop
  endfacet
  facet normal 0 0 -1
    outer loop
      vertex -50 -70 -2
      vertex -0.574024 -61.3858 -2
      vertex -0.388228 -61.4489 -2
    endloop
  endfacet
  facet normal 0 0 -1
    outer loop
      vertex -50 -70 -2
      vertex -0.388228 -61.4489 -2
      vertex -0.195788 -61.4872 -2
    endloop
  endfacet
  facet normal -0 0 -1
    outer loop
      vertex 0 -61.5 -2
      vertex -50 -70 -2
      vertex -0.195788 -61.4872 -2
    endloop
  endfacet
  facet normal 0 0 -1
    outer loop
      vertex -1.48717 -60.1958 -2
      vertex -38.5128 -60.1958 -2
      vertex -38.5 -60 -2
    endloop
  endfacet
  facet normal 0 0 -1
    outer loop
      vertex -1.44889 -60.3882 -2
      vertex -38.5511 -60.3882 -2
      vertex -38.5128 -60.1958 -2
    endloop
  endfacet
  facet normal 0 0 -1
    outer loop
      vertex -1.38582 -60.574 -2
      vertex -38.6142 -60.574 -2
      vertex -38.5511 -60.3882 -2
    endloop
  endfacet
  facet normal 0 0 -1
    outer loop
      vertex -1.29904 -60.75 -2
      vertex -38.701 -60.75 -2
      vertex -38.6142 -60.574 -2
    endloop
  endfacet
  facet normal 0 0 -1
    outer loop
      vertex -1.19003 -60.9131 -2
      vertex -38.81 -60.9131 -2
      vertex -38.701 -60.75 -2
    endloop
  endfacet
  facet normal 0 0 -1
    outer loop
      vertex -1.06066 -61.0607 -2
      vertex -38.9393 -61.0607 -2
      vertex -38.81 -60.9131 -2
    endloop
  endfacet
  facet normal 0 0 -1
    outer loop
      vertex -0.913141 -61.19 -2
      vertex -39.0869 -61.19 -2
      vertex -38.9393 -61.0607 -2
    endloop
  endfacet
  facet normal 0 0 -1
    outer loop
      vertex -0.75 -61.299 -2
      vertex -39.25 -61.299 -2
      vertex -39.0869 -61.19 -2
    endloop
  endfacet
  facet normal -0 0 -1
    outer loop
      vertex -0.75 -61.299 -2
      vertex -50 -70 -2
      vertex -39.25 -61.299 -2
    endloop
  endfacet
  facet normal 0 0 -1
    outer loop
      vertex -39.25 -61.299 -2
      vertex -50 -70 -2
      vertex -39.426 -61.3858 -2
    endloop
  endfacet
  facet normal 0 0 -1
    outer loop
      vertex -39.426 -61.3858 -2
      vertex -50 -70 -2
      vertex -39.6118 -61.4489 -2
    endloop
  endfacet
  facet normal 0 0 -1
    outer loop
      vertex -39.6118 -61.4489 -2
      vertex -50 -70 -2
      vertex -39.8042 -61.4872 -2
    endloop
  endfacet
  facet normal 0 0 -1
    outer loop
      vertex -39.8042 -61.4872 -2
      vertex -50 -70 -2
      vertex -40 -61.5 -2
    endloop
  endfacet
  facet normal 0 0 -1
    outer loop
      vertex -41.4489 59.6118 -2
      vertex -50 70 -2
      vertex -41.4872 59.8042 -2
    endloop
  endfacet
  facet normal -0 0 -1
    outer loop
      vertex -41.4872 -60.1958 -2
      vertex -50 -70 -2
      vertex -41.5 -60 -2
    endloop
  endfacet
  facet normal -0 0 -1
    outer loop
      vertex -41.4489 -60.3882 -2
      vertex -50 -70 -2
      vertex -41.4872 -60.1958 -2
    endloop
  endfacet
  facet normal -0 0 -1
    outer loop
      vertex -41.3858 -60.574 -2
      vertex -50 -70 -2
      vertex -41.4489 -60.3882 -2
    endloop
  endfacet
  facet normal -0 0 -1
    outer loop
      vertex -41.299 -60.75 -2
      vertex -50 -70 -2
      vertex -41.3858 -60.574 -2
    endloop
  endfacet
  facet normal -0 0 -1
    outer loop
      vertex -41.19 -60.9131 -2
      vertex -50 -70 -2
      vertex -41.299 -60.75 -2
    endloop
  endfacet
  facet normal -0 0 -1
    outer loop
      vertex -41.0607 -61.0607 -2
      vertex -50 -70 -2
      vertex -41.19 -60.9131 -2
    endloop
  endfacet
  facet normal -0 0 -1
    outer loop
      vertex -40.9131 -61.19 -2
      vertex -50 -70 -2
      vertex -41.0607 -61.0607 -2
    endloop
  endfacet
  facet normal -0 0 -1
    outer loop
      vertex -40.75 -61.299 -2
      vertex -50 -70 -2
      vertex -40.9131 -61.19 -2
    endloop
  endfacet
  facet normal -0 0 -1
    outer loop
      vertex -40.574 -61.3858 -2
      vertex -50 -70 -2
      vertex -40.75 -61.299 -2
    endloop
  endfacet
  facet normal -0 0 -1
    outer loop
      vertex -40.3882 -61.4489 -2
      vertex -50 -70 -2
      vertex -40.574 -61.3858 -2
    endloop
  endfacet
  facet normal -0 0 -1
    outer loop
      vertex -40.1958 -61.4872 -2
      vertex -50 -70 -2
      vertex -40.3882 -61.4489 -2
    endloop
  endfacet
  facet normal -0 0 -1
    outer loop
      vertex -40 -61.5 -2
      vertex -50 -70 -2
      vertex -40.1958 -61.4872 -2
    endloop
  endfacet
  facet normal 0 0 -1
    outer loop
      vertex 41.4489 -59.6118 -2
      vertex 50 -70 -2
      vertex 41.4872 -59.8042 -2
    endloop
  endfacet
  facet normal 0 0 -1
    outer loop
      vertex 41.3858 -59.426 -2
      vertex 50 -70 -2
      vertex 41.4489 -59.6118 -2
    endloop
  endfacet
  facet normal 0 0 -1
    outer loop
      vertex 41.299 -59.25 -2
      vertex 50 -70 -2
      vertex 41.3858 -59.426 -2
    endloop
  endfacet
  facet normal 0 0 -1
    outer loop
      vertex 41.19 -59.0869 -2
      vertex 50 -70 -2
      vertex 41.299 -59.25 -2
    endloop
  endfacet
  facet normal 0 0 -1
    outer loop
      vertex 50 -70 -2
      vertex 41.19 -59.0869 -2
      vertex 50 70 -2
    endloop
  endfacet
  facet normal 0 0 -1
    outer loop
      vertex 41.0607 -58.9393 -2
      vertex 50 70 -2
      vertex 41.19 -59.0869 -2
    endloop
  endfacet
  facet normal 0 0 -1
    outer loop
      vertex 40.9131 -58.81 -2
      vertex 50 70 -2
      vertex 41.0607 -58.9393 -2
    endloop
  endfacet
  facet normal 0 0 -1
    outer loop
      vertex 40.75 -58.701 -2
      vertex 50 70 -2
      vertex 40.9131 -58.81 -2
    endloop
  endfacet
  facet normal 0 0 -1
    outer loop
      vertex 40.574 -58.6142 -2
      vertex 50 70 -2
      vertex 40.75 -58.701 -2
    endloop
  endfacet
  facet normal 0 0 -1
    outer loop
      vertex 40.3882 -58.5511 -2
      vertex 50 70 -2
      vertex 40.574 -58.6142 -2
    endloop
  endfacet
  facet normal 0 0 -1
    outer loop
      vertex 40.1958 -58.5128 -2
      vertex 50 70 -2
      vertex 40.3882 -58.5511 -2
    endloop
  endfacet
  facet normal 0 0 -1
    outer loop
      vertex 40 -58.5 -2
      vertex 50 70 -2
      vertex 40.1958 -58.5128 -2
    endloop
  endfacet
  facet normal 0 0 -1
    outer loop
      vertex 1.5 60 -2
      vertex 40 -58.5 -2
      vertex 39.8042 -58.5128 -2
    endloop
  endfacet
  facet normal 0 0 -1
    outer loop
      vertex 1.5 60 -2
      vertex 39.8042 -58.5128 -2
      vertex 39.6118 -58.5511 -2
    endloop
  endfacet
  facet normal 0 0 -1
    outer loop
      vertex 1.5 60 -2
      vertex 39.6118 -58.5511 -2
      vertex 39.426 -58.6142 -2
    endloop
  endfacet
  facet normal 0 0 -1
    outer loop
      vertex 38.701 -59.25 -2
      vertex 1.29904 -59.25 -2
      vertex 38.81 -59.0869 -2
    endloop
  endfacet
  facet normal 0 0 -1
    outer loop
      vertex 1.29904 -59.25 -2
      vertex 38.701 -59.25 -2
      vertex 1.38582 -59.426 -2
    endloop
  endfacet
  facet normal 0 0 -1
    outer loop
      vertex 38.6142 -59.426 -2
      vertex 1.38582 -59.426 -2
      vertex 38.701 -59.25 -2
    endloop
  endfacet
  facet normal 0 0 -1
    outer loop
      vertex 1.38582 -59.426 -2
      vertex 38.6142 -59.426 -2
      vertex 1.44889 -59.6118 -2
    endloop
  endfacet
  facet normal 0 0 -1
    outer loop
      vertex 38.5511 -59.6118 -2
      vertex 1.44889 -59.6118 -2
      vertex 38.6142 -59.426 -2
    endloop
  endfacet
  facet normal 0 0 -1
    outer loop
      vertex 1.44889 -59.6118 -2
      vertex 38.5511 -59.6118 -2
      vertex 1.48717 -59.8042 -2
    endloop
  endfacet
  facet normal 0 0 -1
    outer loop
      vertex 38.5128 -59.8042 -2
      vertex 1.48717 -59.8042 -2
      vertex 38.5511 -59.6118 -2
    endloop
  endfacet
  facet normal 0 0 -1
    outer loop
      vertex 1.48717 -59.8042 -2
      vertex 38.5128 -59.8042 -2
      vertex 1.5 -60 -2
    endloop
  endfacet
  facet normal 0 0 -1
    outer loop
      vertex 1.5 -60 -2
      vertex 38.5128 -59.8042 -2
      vertex 38.5 -60 -2
    endloop
  endfacet
  facet normal 0 0 -1
    outer loop
      vertex 1.19003 -59.0869 -2
      vertex 38.81 -59.0869 -2
      vertex 1.29904 -59.25 -2
    endloop
  endfacet
  facet normal 0 0 -1
    outer loop
      vertex 40 -58.5 -2
      vertex 1.5 60 -2
      vertex 50 70 -2
    endloop
  endfacet
  facet normal 0 0 -1
    outer loop
      vertex 1.48717 60.1958 -2
      vertex 50 70 -2
      vertex 1.5 60 -2
    endloop
  endfacet
  facet normal 0 0 -1
    outer loop
      vertex 1.44889 60.3882 -2
      vertex 50 70 -2
      vertex 1.48717 60.1958 -2
    endloop
  endfacet
  facet normal 0 0 -1
    outer loop
      vertex 1.38582 60.574 -2
      vertex 50 70 -2
      vertex 1.44889 60.3882 -2
    endloop
  endfacet
  facet normal 0 0 -1
    outer loop
      vertex 1.29904 60.75 -2
      vertex 50 70 -2
      vertex 1.38582 60.574 -2
    endloop
  endfacet
  facet normal 0 0 -1
    outer loop
      vertex 1.19003 60.9131 -2
      vertex 50 70 -2
      vertex 1.29904 60.75 -2
    endloop
  endfacet
  facet normal 0 0 -1
    outer loop
      vertex 1.06066 61.0607 -2
      vertex 50 70 -2
      vertex 1.19003 60.9131 -2
    endloop
  endfacet
  facet normal 0 0 -1
    outer loop
      vertex 0.913141 61.19 -2
      vertex 50 70 -2
      vertex 1.06066 61.0607 -2
    endloop
  endfacet
  facet normal 0 0 -1
    outer loop
      vertex 0.75 61.299 -2
      vertex 50 70 -2
      vertex 0.913141 61.19 -2
    endloop
  endfacet
  facet normal 0 0 -1
    outer loop
      vertex 0.574024 61.3858 -2
      vertex 50 70 -2
      vertex 0.75 61.299 -2
    endloop
  endfacet
  facet normal 0 0 -1
    outer loop
      vertex 0.388228 61.4489 -2
      vertex 50 70 -2
      vertex 0.574024 61.3858 -2
    endloop
  endfacet
  facet normal 0 0 -1
    outer loop
      vertex 0.195788 61.4872 -2
      vertex 50 70 -2
      vertex 0.388228 61.4489 -2
    endloop
  endfacet
  facet normal 0 0 -1
    outer loop
      vertex 0 61.5 -2
      vertex 50 70 -2
      vertex 0.195788 61.4872 -2
    endloop
  endfacet
  facet normal 0 0 -1
    outer loop
      vertex -50 70 -2
      vertex 0 61.5 -2
      vertex -0.195788 61.4872 -2
    endloop
  endfacet
  facet normal 0 0 -1
    outer loop
      vertex -1.48717 59.8042 -2
      vertex -38.5 60 -2
      vertex -1.5 60 -2
    endloop
  endfacet
  facet normal 0 0 -1
    outer loop
      vertex -1.5 60 -2
      vertex -38.5 60 -2
      vertex -1.48717 60.1958 -2
    endloop
  endfacet
  facet normal 0 0 -1
    outer loop
      vertex -38.5128 60.1958 -2
      vertex -1.48717 60.1958 -2
      vertex -38.5 60 -2
    endloop
  endfacet
  facet normal 0 0 -1
    outer loop
      vertex -1.48717 60.1958 -2
      vertex -38.5128 60.1958 -2
      vertex -1.44889 60.3882 -2
    endloop
  endfacet
  facet normal 0 0 -1
    outer loop
      vertex -38.5511 60.3882 -2
      vertex -1.44889 60.3882 -2
      vertex -38.5128 60.1958 -2
    endloop
  endfacet
  facet normal 0 0 -1
    outer loop
      vertex -1.44889 60.3882 -2
      vertex -38.5511 60.3882 -2
      vertex -1.38582 60.574 -2
    endloop
  endfacet
  facet normal 0 0 -1
    outer loop
      vertex -38.6142 60.574 -2
      vertex -1.38582 60.574 -2
      vertex -38.5511 60.3882 -2
    endloop
  endfacet
  facet normal 0 0 -1
    outer loop
      vertex -1.38582 60.574 -2
      vertex -38.6142 60.574 -2
      vertex -1.29904 60.75 -2
    endloop
  endfacet
  facet normal 0 0 -1
    outer loop
      vertex -38.701 60.75 -2
      vertex -1.29904 60.75 -2
      vertex -38.6142 60.574 -2
    endloop
  endfacet
  facet normal 0 0 -1
    outer loop
      vertex -1.29904 60.75 -2
      vertex -38.701 60.75 -2
      vertex -1.19003 60.9131 -2
    endloop
  endfacet
  facet normal 0 0 -1
    outer loop
      vertex -38.81 60.9131 -2
      vertex -1.19003 60.9131 -2
      vertex -38.701 60.75 -2
    endloop
  endfacet
  facet normal 0 0 -1
    outer loop
      vertex -1.19003 60.9131 -2
      vertex -38.81 60.9131 -2
      vertex -1.06066 61.0607 -2
    endloop
  endfacet
  facet normal 0 0 -1
    outer loop
      vertex -38.9393 61.0607 -2
      vertex -1.06066 61.0607 -2
      vertex -38.81 60.9131 -2
    endloop
  endfacet
  facet normal 0 0 -1
    outer loop
      vertex -1.06066 61.0607 -2
      vertex -38.9393 61.0607 -2
      vertex -0.913141 61.19 -2
    endloop
  endfacet
  facet normal 0 0 -1
    outer loop
      vertex -39.0869 61.19 -2
      vertex -0.913141 61.19 -2
      vertex -38.9393 61.0607 -2
    endloop
  endfacet
  facet normal 0 0 -1
    outer loop
      vertex -0.913141 61.19 -2
      vertex -39.0869 61.19 -2
      vertex -0.75 61.299 -2
    endloop
  endfacet
  facet normal 0 0 -1
    outer loop
      vertex -39.25 61.299 -2
      vertex -0.75 61.299 -2
      vertex -39.0869 61.19 -2
    endloop
  endfacet
  facet normal 0 0 -1
    outer loop
      vertex -50 70 -2
      vertex -0.75 61.299 -2
      vertex -39.25 61.299 -2
    endloop
  endfacet
  facet normal 0 0 -1
    outer loop
      vertex -0.75 61.299 -2
      vertex -50 70 -2
      vertex -0.574024 61.3858 -2
    endloop
  endfacet
  facet normal 0 0 -1
    outer loop
      vertex -0.574024 61.3858 -2
      vertex -50 70 -2
      vertex -0.388228 61.4489 -2
    endloop
  endfacet
  facet normal 0 0 -1
    outer loop
      vertex -0.388228 61.4489 -2
      vertex -50 70 -2
      vertex -0.195788 61.4872 -2
    endloop
  endfacet
  facet normal 0 0 -1
    outer loop
      vertex -50 70 -2
      vertex -39.25 61.299 -2
      vertex -39.426 61.3858 -2
    endloop
  endfacet
  facet normal 0 0 -1
    outer loop
      vertex -50 70 -2
      vertex -39.426 61.3858 -2
      vertex -39.6118 61.4489 -2
    endloop
  endfacet
  facet normal 0 0 -1
    outer loop
      vertex -50 70 -2
      vertex -39.6118 61.4489 -2
      vertex -39.8042 61.4872 -2
    endloop
  endfacet
  facet normal 0 0 -1
    outer loop
      vertex -50 70 -2
      vertex -39.8042 61.4872 -2
      vertex -40 61.5 -2
    endloop
  endfacet
  facet normal 0 0 -1
    outer loop
      vertex -50 70 -2
      vertex -40 61.5 -2
      vertex -40.1958 61.4872 -2
    endloop
  endfacet
  facet normal 0 0 -1
    outer loop
      vertex 0 61.5 -2
      vertex -50 70 -2
      vertex 50 70 -2
    endloop
  endfacet
  facet normal 0 0 -1
    outer loop
      vertex -40.3882 61.4489 -2
      vertex -50 70 -2
      vertex -40.1958 61.4872 -2
    endloop
  endfacet
  facet normal 0 0 -1
    outer loop
      vertex -40.574 61.3858 -2
      vertex -50 70 -2
      vertex -40.3882 61.4489 -2
    endloop
  endfacet
  facet normal 0 0 -1
    outer loop
      vertex -40.75 61.299 -2
      vertex -50 70 -2
      vertex -40.574 61.3858 -2
    endloop
  endfacet
  facet normal 0 0 -1
    outer loop
      vertex -40.9131 61.19 -2
      vertex -50 70 -2
      vertex -40.75 61.299 -2
    endloop
  endfacet
  facet normal 0 0 -1
    outer loop
      vertex -41.0607 61.0607 -2
      vertex -50 70 -2
      vertex -40.9131 61.19 -2
    endloop
  endfacet
  facet normal 0 0 -1
    outer loop
      vertex -41.19 60.9131 -2
      vertex -50 70 -2
      vertex -41.0607 61.0607 -2
    endloop
  endfacet
  facet normal 0 0 -1
    outer loop
      vertex -41.299 60.75 -2
      vertex -50 70 -2
      vertex -41.19 60.9131 -2
    endloop
  endfacet
  facet normal 0 0 -1
    outer loop
      vertex -41.3858 60.574 -2
      vertex -50 70 -2
      vertex -41.299 60.75 -2
    endloop
  endfacet
  facet normal 0 0 -1
    outer loop
      vertex -41.4489 60.3882 -2
      vertex -50 70 -2
      vertex -41.3858 60.574 -2
    endloop
  endfacet
  facet normal 0 0 -1
    outer loop
      vertex -41.4872 60.1958 -2
      vertex -50 70 -2
      vertex -41.4489 60.3882 -2
    endloop
  endfacet
  facet normal 0 0 -1
    outer loop
      vertex -41.5 60 -2
      vertex -50 70 -2
      vertex -41.4872 60.1958 -2
    endloop
  endfacet
  facet normal 0 0 -1
    outer loop
      vertex -41.4872 59.8042 -2
      vertex -50 70 -2
      vertex -41.5 60 -2
    endloop
  endfacet
  facet normal -1 0 0
    outer loop
      vertex -50 -70 -2
      vertex -50 70 2
      vertex -50 70 -2
    endloop
  endfacet
  facet normal -1 -0 0
    outer loop
      vertex -50 70 2
      vertex -50 -70 -2
      vertex -50 -70 2
    endloop
  endfacet
  facet normal 0 1 -0
    outer loop
      vertex 50 70 -2
      vertex -50 70 2
      vertex 50 70 2
    endloop
  endfacet
  facet normal 0 1 0
    outer loop
      vertex -50 70 2
      vertex 50 70 -2
      vertex -50 70 -2
    endloop
  endfacet
  facet normal 0 -1 0
    outer loop
      vertex -50 -70 -2
      vertex 50 -70 2
      vertex -50 -70 2
    endloop
  endfacet
  facet normal 0 -1 -0
    outer loop
      vertex 50 -70 2
      vertex -50 -70 -2
      vertex 50 -70 -2
    endloop
  endfacet
  facet normal 0.195234 0.980757 -0
    outer loop
      vertex -40.1958 -61.4872 -2
      vertex -40.3882 -61.4489 2
      vertex -40.1958 -61.4872 2
    endloop
  endfacet
  facet normal 0.195234 0.980757 0
    outer loop
      vertex -40.3882 -61.4489 2
      vertex -40.1958 -61.4872 -2
      vertex -40.3882 -61.4489 -2
    endloop
  endfacet
  facet normal -0.980757 -0.195234 0
    outer loop
      vertex -38.5128 -59.8042 -2
      vertex -38.5511 -59.6118 2
      vertex -38.5511 -59.6118 -2
    endloop
  endfacet
  facet normal -0.980757 -0.195234 0
    outer loop
      vertex -38.5511 -59.6118 2
      vertex -38.5128 -59.8042 -2
      vertex -38.5128 -59.8042 2
    endloop
  endfacet
  facet normal -0.99787 -0.0652336 0
    outer loop
      vertex -38.5 -60 -2
      vertex -38.5128 -59.8042 2
      vertex -38.5128 -59.8042 -2
    endloop
  endfacet
  facet normal -0.99787 -0.0652336 0
    outer loop
      vertex -38.5128 -59.8042 2
      vertex -38.5 -60 -2
      vertex -38.5 -60 2
    endloop
  endfacet
  facet normal -0.321574 -0.946885 0
    outer loop
      vertex -39.6118 -58.5511 -2
      vertex -39.426 -58.6142 2
      vertex -39.6118 -58.5511 2
    endloop
  endfacet
  facet normal -0.321574 -0.946885 -0
    outer loop
      vertex -39.426 -58.6142 2
      vertex -39.6118 -58.5511 -2
      vertex -39.426 -58.6142 -2
    endloop
  endfacet
  facet normal 0.442315 -0.89686 0
    outer loop
      vertex -40.75 -58.701 -2
      vertex -40.574 -58.6142 2
      vertex -40.75 -58.701 2
    endloop
  endfacet
  facet normal 0.442315 -0.89686 0
    outer loop
      vertex -40.574 -58.6142 2
      vertex -40.75 -58.701 -2
      vertex -40.574 -58.6142 -2
    endloop
  endfacet
  facet normal 0.980757 0.195234 0
    outer loop
      vertex -41.4489 -60.3882 2
      vertex -41.4872 -60.1958 -2
      vertex -41.4872 -60.1958 2
    endloop
  endfacet
  facet normal 0.980757 0.195234 0
    outer loop
      vertex -41.4872 -60.1958 -2
      vertex -41.4489 -60.3882 2
      vertex -41.4489 -60.3882 -2
    endloop
  endfacet
  facet normal 0.321574 0.946885 -0
    outer loop
      vertex -40.3882 -61.4489 -2
      vertex -40.574 -61.3858 2
      vertex -40.3882 -61.4489 2
    endloop
  endfacet
  facet normal 0.321574 0.946885 0
    outer loop
      vertex -40.574 -61.3858 2
      vertex -40.3882 -61.4489 -2
      vertex -40.574 -61.3858 -2
    endloop
  endfacet
  facet normal -0.89686 -0.442315 0
    outer loop
      vertex -38.6142 -59.426 -2
      vertex -38.701 -59.25 2
      vertex -38.701 -59.25 -2
    endloop
  endfacet
  facet normal -0.89686 -0.442315 0
    outer loop
      vertex -38.701 -59.25 2
      vertex -38.6142 -59.426 -2
      vertex -38.6142 -59.426 2
    endloop
  endfacet
  facet normal -0.195234 -0.980757 0
    outer loop
      vertex -39.8042 -58.5128 -2
      vertex -39.6118 -58.5511 2
      vertex -39.8042 -58.5128 2
    endloop
  endfacet
  facet normal -0.195234 -0.980757 -0
    outer loop
      vertex -39.6118 -58.5511 2
      vertex -39.8042 -58.5128 -2
      vertex -39.6118 -58.5511 -2
    endloop
  endfacet
  facet normal -0.658937 0.752198 0
    outer loop
      vertex -38.9393 -61.0607 -2
      vertex -39.0869 -61.19 2
      vertex -38.9393 -61.0607 2
    endloop
  endfacet
  facet normal -0.658937 0.752198 0
    outer loop
      vertex -39.0869 -61.19 2
      vertex -38.9393 -61.0607 -2
      vertex -39.0869 -61.19 -2
    endloop
  endfacet
  facet normal -0.831422 -0.555641 0
    outer loop
      vertex -38.701 -59.25 -2
      vertex -38.81 -59.0869 2
      vertex -38.81 -59.0869 -2
    endloop
  endfacet
  facet normal -0.831422 -0.555641 0
    outer loop
      vertex -38.81 -59.0869 2
      vertex -38.701 -59.25 -2
      vertex -38.701 -59.25 2
    endloop
  endfacet
  facet normal 0.658937 -0.752198 0
    outer loop
      vertex -41.0607 -58.9393 -2
      vertex -40.9131 -58.81 2
      vertex -41.0607 -58.9393 2
    endloop
  endfacet
  facet normal 0.658937 -0.752198 0
    outer loop
      vertex -40.9131 -58.81 2
      vertex -41.0607 -58.9393 -2
      vertex -40.9131 -58.81 -2
    endloop
  endfacet
  facet normal -0.195234 0.980757 0
    outer loop
      vertex -39.6118 -61.4489 -2
      vertex -39.8042 -61.4872 2
      vertex -39.6118 -61.4489 2
    endloop
  endfacet
  facet normal -0.195234 0.980757 0
    outer loop
      vertex -39.8042 -61.4872 2
      vertex -39.6118 -61.4489 -2
      vertex -39.8042 -61.4872 -2
    endloop
  endfacet
  facet normal 0.658937 0.752198 -0
    outer loop
      vertex -40.9131 -61.19 -2
      vertex -41.0607 -61.0607 2
      vertex -40.9131 -61.19 2
    endloop
  endfacet
  facet normal 0.658937 0.752198 0
    outer loop
      vertex -41.0607 -61.0607 2
      vertex -40.9131 -61.19 -2
      vertex -41.0607 -61.0607 -2
    endloop
  endfacet
  facet normal -0.442315 0.89686 0
    outer loop
      vertex -39.25 -61.299 -2
      vertex -39.426 -61.3858 2
      vertex -39.25 -61.299 2
    endloop
  endfacet
  facet normal -0.442315 0.89686 0
    outer loop
      vertex -39.426 -61.3858 2
      vertex -39.25 -61.299 -2
      vertex -39.426 -61.3858 -2
    endloop
  endfacet
  facet normal 0.831422 0.555641 0
    outer loop
      vertex -41.19 -60.9131 2
      vertex -41.299 -60.75 -2
      vertex -41.299 -60.75 2
    endloop
  endfacet
  facet normal 0.831422 0.555641 0
    outer loop
      vertex -41.299 -60.75 -2
      vertex -41.19 -60.9131 2
      vertex -41.19 -60.9131 -2
    endloop
  endfacet
  facet normal -0.321574 0.946885 0
    outer loop
      vertex -39.426 -61.3858 -2
      vertex -39.6118 -61.4489 2
      vertex -39.426 -61.3858 2
    endloop
  endfacet
  facet normal -0.321574 0.946885 0
    outer loop
      vertex -39.6118 -61.4489 2
      vertex -39.426 -61.3858 -2
      vertex -39.6118 -61.4489 -2
    endloop
  endfacet
  facet normal -0.99787 0.0652336 0
    outer loop
      vertex -38.5128 -60.1958 -2
      vertex -38.5 -60 2
      vertex -38.5 -60 -2
    endloop
  endfacet
  facet normal -0.99787 0.0652336 0
    outer loop
      vertex -38.5 -60 2
      vertex -38.5128 -60.1958 -2
      vertex -38.5128 -60.1958 2
    endloop
  endfacet
  facet normal 0.555641 -0.831422 0
    outer loop
      vertex -40.9131 -58.81 -2
      vertex -40.75 -58.701 2
      vertex -40.9131 -58.81 2
    endloop
  endfacet
  facet normal 0.555641 -0.831422 0
    outer loop
      vertex -40.75 -58.701 2
      vertex -40.9131 -58.81 -2
      vertex -40.75 -58.701 -2
    endloop
  endfacet
  facet normal 0.946885 0.321574 0
    outer loop
      vertex -41.3858 -60.574 2
      vertex -41.4489 -60.3882 -2
      vertex -41.4489 -60.3882 2
    endloop
  endfacet
  facet normal 0.946885 0.321574 0
    outer loop
      vertex -41.4489 -60.3882 -2
      vertex -41.3858 -60.574 2
      vertex -41.3858 -60.574 -2
    endloop
  endfacet
  facet normal -0.831422 0.555641 0
    outer loop
      vertex -38.81 -60.9131 -2
      vertex -38.701 -60.75 2
      vertex -38.701 -60.75 -2
    endloop
  endfacet
  facet normal -0.831422 0.555641 0
    outer loop
      vertex -38.701 -60.75 2
      vertex -38.81 -60.9131 -2
      vertex -38.81 -60.9131 2
    endloop
  endfacet
  facet normal 0.0652336 0.99787 -0
    outer loop
      vertex -40 -61.5 -2
      vertex -40.1958 -61.4872 2
      vertex -40 -61.5 2
    endloop
  endfacet
  facet normal 0.0652336 0.99787 0
    outer loop
      vertex -40.1958 -61.4872 2
      vertex -40 -61.5 -2
      vertex -40.1958 -61.4872 -2
    endloop
  endfacet
  facet normal -0.658937 -0.752198 0
    outer loop
      vertex -39.0869 -58.81 -2
      vertex -38.9393 -58.9393 2
      vertex -39.0869 -58.81 2
    endloop
  endfacet
  facet normal -0.658937 -0.752198 -0
    outer loop
      vertex -38.9393 -58.9393 2
      vertex -39.0869 -58.81 -2
      vertex -38.9393 -58.9393 -2
    endloop
  endfacet
  facet normal 0.195234 -0.980757 0
    outer loop
      vertex -40.3882 -58.5511 -2
      vertex -40.1958 -58.5128 2
      vertex -40.3882 -58.5511 2
    endloop
  endfacet
  facet normal 0.195234 -0.980757 0
    outer loop
      vertex -40.1958 -58.5128 2
      vertex -40.3882 -58.5511 -2
      vertex -40.1958 -58.5128 -2
    endloop
  endfacet
  facet normal -0.555641 -0.831422 0
    outer loop
      vertex -39.25 -58.701 -2
      vertex -39.0869 -58.81 2
      vertex -39.25 -58.701 2
    endloop
  endfacet
  facet normal -0.555641 -0.831422 -0
    outer loop
      vertex -39.0869 -58.81 2
      vertex -39.25 -58.701 -2
      vertex -39.0869 -58.81 -2
    endloop
  endfacet
  facet normal 0.0652336 -0.99787 0
    outer loop
      vertex -40.1958 -58.5128 -2
      vertex -40 -58.5 2
      vertex -40.1958 -58.5128 2
    endloop
  endfacet
  facet normal 0.0652336 -0.99787 0
    outer loop
      vertex -40 -58.5 2
      vertex -40.1958 -58.5128 -2
      vertex -40 -58.5 -2
    endloop
  endfacet
  facet normal -0.555641 0.831422 0
    outer loop
      vertex -39.0869 -61.19 -2
      vertex -39.25 -61.299 2
      vertex -39.0869 -61.19 2
    endloop
  endfacet
  facet normal -0.555641 0.831422 0
    outer loop
      vertex -39.25 -61.299 2
      vertex -39.0869 -61.19 -2
      vertex -39.25 -61.299 -2
    endloop
  endfacet
  facet normal -0.946885 -0.321574 0
    outer loop
      vertex -38.5511 -59.6118 -2
      vertex -38.6142 -59.426 2
      vertex -38.6142 -59.426 -2
    endloop
  endfacet
  facet normal -0.946885 -0.321574 0
    outer loop
      vertex -38.6142 -59.426 2
      vertex -38.5511 -59.6118 -2
      vertex -38.5511 -59.6118 2
    endloop
  endfacet
  facet normal -0.0652336 0.99787 0
    outer loop
      vertex -39.8042 -61.4872 -2
      vertex -40 -61.5 2
      vertex -39.8042 -61.4872 2
    endloop
  endfacet
  facet normal -0.0652336 0.99787 0
    outer loop
      vertex -40 -61.5 2
      vertex -39.8042 -61.4872 -2
      vertex -40 -61.5 -2
    endloop
  endfacet
  facet normal 0.831422 -0.555641 0
    outer loop
      vertex -41.299 -59.25 2
      vertex -41.19 -59.0869 -2
      vertex -41.19 -59.0869 2
    endloop
  endfacet
  facet normal 0.831422 -0.555641 0
    outer loop
      vertex -41.19 -59.0869 -2
      vertex -41.299 -59.25 2
      vertex -41.299 -59.25 -2
    endloop
  endfacet
  facet normal 0.89686 0.442315 0
    outer loop
      vertex -41.299 -60.75 2
      vertex -41.3858 -60.574 -2
      vertex -41.3858 -60.574 2
    endloop
  endfacet
  facet normal 0.89686 0.442315 0
    outer loop
      vertex -41.3858 -60.574 -2
      vertex -41.299 -60.75 2
      vertex -41.299 -60.75 -2
    endloop
  endfacet
  facet normal -0.752198 0.658937 0
    outer loop
      vertex -38.9393 -61.0607 -2
      vertex -38.81 -60.9131 2
      vertex -38.81 -60.9131 -2
    endloop
  endfacet
  facet normal -0.752198 0.658937 0
    outer loop
      vertex -38.81 -60.9131 2
      vertex -38.9393 -61.0607 -2
      vertex -38.9393 -61.0607 2
    endloop
  endfacet
  facet normal -0.442315 -0.89686 0
    outer loop
      vertex -39.426 -58.6142 -2
      vertex -39.25 -58.701 2
      vertex -39.426 -58.6142 2
    endloop
  endfacet
  facet normal -0.442315 -0.89686 -0
    outer loop
      vertex -39.25 -58.701 2
      vertex -39.426 -58.6142 -2
      vertex -39.25 -58.701 -2
    endloop
  endfacet
  facet normal 0.752198 -0.658937 0
    outer loop
      vertex -41.19 -59.0869 2
      vertex -41.0607 -58.9393 -2
      vertex -41.0607 -58.9393 2
    endloop
  endfacet
  facet normal 0.752198 -0.658937 0
    outer loop
      vertex -41.0607 -58.9393 -2
      vertex -41.19 -59.0869 2
      vertex -41.19 -59.0869 -2
    endloop
  endfacet
  facet normal 0.321574 -0.946885 0
    outer loop
      vertex -40.574 -58.6142 -2
      vertex -40.3882 -58.5511 2
      vertex -40.574 -58.6142 2
    endloop
  endfacet
  facet normal 0.321574 -0.946885 0
    outer loop
      vertex -40.3882 -58.5511 2
      vertex -40.574 -58.6142 -2
      vertex -40.3882 -58.5511 -2
    endloop
  endfacet
  facet normal -0.946885 0.321574 0
    outer loop
      vertex -38.6142 -60.574 -2
      vertex -38.5511 -60.3882 2
      vertex -38.5511 -60.3882 -2
    endloop
  endfacet
  facet normal -0.946885 0.321574 0
    outer loop
      vertex -38.5511 -60.3882 2
      vertex -38.6142 -60.574 -2
      vertex -38.6142 -60.574 2
    endloop
  endfacet
  facet normal 0.980757 -0.195234 0
    outer loop
      vertex -41.4872 -59.8042 2
      vertex -41.4489 -59.6118 -2
      vertex -41.4489 -59.6118 2
    endloop
  endfacet
  facet normal 0.980757 -0.195234 0
    outer loop
      vertex -41.4489 -59.6118 -2
      vertex -41.4872 -59.8042 2
      vertex -41.4872 -59.8042 -2
    endloop
  endfacet
  facet normal 0.99787 0.0652336 0
    outer loop
      vertex -41.4872 -60.1958 2
      vertex -41.5 -60 -2
      vertex -41.5 -60 2
    endloop
  endfacet
  facet normal 0.99787 0.0652336 0
    outer loop
      vertex -41.5 -60 -2
      vertex -41.4872 -60.1958 2
      vertex -41.4872 -60.1958 -2
    endloop
  endfacet
  facet normal -0.752198 -0.658937 0
    outer loop
      vertex -38.81 -59.0869 -2
      vertex -38.9393 -58.9393 2
      vertex -38.9393 -58.9393 -2
    endloop
  endfacet
  facet normal -0.752198 -0.658937 0
    outer loop
      vertex -38.9393 -58.9393 2
      vertex -38.81 -59.0869 -2
      vertex -38.81 -59.0869 2
    endloop
  endfacet
  facet normal -0.89686 0.442315 0
    outer loop
      vertex -38.701 -60.75 -2
      vertex -38.6142 -60.574 2
      vertex -38.6142 -60.574 -2
    endloop
  endfacet
  facet normal -0.89686 0.442315 0
    outer loop
      vertex -38.6142 -60.574 2
      vertex -38.701 -60.75 -2
      vertex -38.701 -60.75 2
    endloop
  endfacet
  facet normal 0.946885 -0.321574 0
    outer loop
      vertex -41.4489 -59.6118 2
      vertex -41.3858 -59.426 -2
      vertex -41.3858 -59.426 2
    endloop
  endfacet
  facet normal 0.946885 -0.321574 0
    outer loop
      vertex -41.3858 -59.426 -2
      vertex -41.4489 -59.6118 2
      vertex -41.4489 -59.6118 -2
    endloop
  endfacet
  facet normal 0.752198 0.658937 0
    outer loop
      vertex -41.0607 -61.0607 2
      vertex -41.19 -60.9131 -2
      vertex -41.19 -60.9131 2
    endloop
  endfacet
  facet normal 0.752198 0.658937 0
    outer loop
      vertex -41.19 -60.9131 -2
      vertex -41.0607 -61.0607 2
      vertex -41.0607 -61.0607 -2
    endloop
  endfacet
  facet normal -0.0652336 -0.99787 0
    outer loop
      vertex -40 -58.5 -2
      vertex -39.8042 -58.5128 2
      vertex -40 -58.5 2
    endloop
  endfacet
  facet normal -0.0652336 -0.99787 -0
    outer loop
      vertex -39.8042 -58.5128 2
      vertex -40 -58.5 -2
      vertex -39.8042 -58.5128 -2
    endloop
  endfacet
  facet normal -0.980757 0.195234 0
    outer loop
      vertex -38.5511 -60.3882 -2
      vertex -38.5128 -60.1958 2
      vertex -38.5128 -60.1958 -2
    endloop
  endfacet
  facet normal -0.980757 0.195234 0
    outer loop
      vertex -38.5128 -60.1958 2
      vertex -38.5511 -60.3882 -2
      vertex -38.5511 -60.3882 2
    endloop
  endfacet
  facet normal 0.89686 -0.442315 0
    outer loop
      vertex -41.3858 -59.426 2
      vertex -41.299 -59.25 -2
      vertex -41.299 -59.25 2
    endloop
  endfacet
  facet normal 0.89686 -0.442315 0
    outer loop
      vertex -41.299 -59.25 -2
      vertex -41.3858 -59.426 2
      vertex -41.3858 -59.426 -2
    endloop
  endfacet
  facet normal 0.99787 -0.0652336 0
    outer loop
      vertex -41.5 -60 2
      vertex -41.4872 -59.8042 -2
      vertex -41.4872 -59.8042 2
    endloop
  endfacet
  facet normal 0.99787 -0.0652336 0
    outer loop
      vertex -41.4872 -59.8042 -2
      vertex -41.5 -60 2
      vertex -41.5 -60 -2
    endloop
  endfacet
  facet normal 0.442315 0.89686 -0
    outer loop
      vertex -40.574 -61.3858 -2
      vertex -40.75 -61.299 2
      vertex -40.574 -61.3858 2
    endloop
  endfacet
  facet normal 0.442315 0.89686 0
    outer loop
      vertex -40.75 -61.299 2
      vertex -40.574 -61.3858 -2
      vertex -40.75 -61.299 -2
    endloop
  endfacet
  facet normal 0.555641 0.831422 -0
    outer loop
      vertex -40.75 -61.299 -2
      vertex -40.9131 -61.19 2
      vertex -40.75 -61.299 2
    endloop
  endfacet
  facet normal 0.555641 0.831422 0
    outer loop
      vertex -40.9131 -61.19 2
      vertex -40.75 -61.299 -2
      vertex -40.9131 -61.19 -2
    endloop
  endfacet
  facet normal -0.980776 -0.195136 0
    outer loop
      vertex 1.48717 -59.8042 -2
      vertex 1.44889 -59.6118 2
      vertex 1.44889 -59.6118 -2
    endloop
  endfacet
  facet normal -0.980776 -0.195136 0
    outer loop
      vertex 1.44889 -59.6118 2
      vertex 1.48717 -59.8042 -2
      vertex 1.48717 -59.8042 2
    endloop
  endfacet
  facet normal -0.99786 -0.0653858 0
    outer loop
      vertex 1.5 -60 -2
      vertex 1.48717 -59.8042 2
      vertex 1.48717 -59.8042 -2
    endloop
  endfacet
  facet normal -0.99786 -0.0653858 0
    outer loop
      vertex 1.48717 -59.8042 2
      vertex 1.5 -60 -2
      vertex 1.5 -60 2
    endloop
  endfacet
  facet normal -0.0652376 0.99787 0
    outer loop
      vertex 0.195788 -61.4872 -2
      vertex 0 -61.5 2
      vertex 0.195788 -61.4872 2
    endloop
  endfacet
  facet normal -0.0652376 0.99787 0
    outer loop
      vertex 0 -61.5 2
      vertex 0.195788 -61.4872 -2
      vertex 0 -61.5 -2
    endloop
  endfacet
  facet normal -0.32158 0.946882 0
    outer loop
      vertex 0.574024 -61.3858 -2
      vertex 0.388228 -61.4489 2
      vertex 0.574024 -61.3858 2
    endloop
  endfacet
  facet normal -0.32158 0.946882 0
    outer loop
      vertex 0.388228 -61.4489 2
      vertex 0.574024 -61.3858 -2
      vertex 0.388228 -61.4489 -2
    endloop
  endfacet
  facet normal 0.659142 0.752018 -0
    outer loop
      vertex -0.913141 -61.19 -2
      vertex -1.06066 -61.0607 2
      vertex -0.913141 -61.19 2
    endloop
  endfacet
  facet normal 0.659142 0.752018 0
    outer loop
      vertex -1.06066 -61.0607 2
      vertex -0.913141 -61.19 -2
      vertex -1.06066 -61.0607 -2
    endloop
  endfacet
  facet normal -0.831399 -0.555676 0
    outer loop
      vertex 1.29904 -59.25 -2
      vertex 1.19003 -59.0869 2
      vertex 1.19003 -59.0869 -2
    endloop
  endfacet
  facet normal -0.831399 -0.555676 0
    outer loop
      vertex 1.19003 -59.0869 2
      vertex 1.29904 -59.25 -2
      vertex 1.29904 -59.25 2
    endloop
  endfacet
  facet normal 0.8969 -0.442233 0
    outer loop
      vertex -1.38582 -59.426 2
      vertex -1.29904 -59.25 -2
      vertex -1.29904 -59.25 2
    endloop
  endfacet
  facet normal 0.8969 -0.442233 0
    outer loop
      vertex -1.29904 -59.25 -2
      vertex -1.38582 -59.426 2
      vertex -1.38582 -59.426 -2
    endloop
  endfacet
  facet normal -0.946931 0.321437 0
    outer loop
      vertex 1.38582 -60.574 -2
      vertex 1.44889 -60.3882 2
      vertex 1.44889 -60.3882 -2
    endloop
  endfacet
  facet normal -0.946931 0.321437 0
    outer loop
      vertex 1.44889 -60.3882 2
      vertex 1.38582 -60.574 -2
      vertex 1.38582 -60.574 2
    endloop
  endfacet
  facet normal 0.442363 -0.896836 0
    outer loop
      vertex -0.75 -58.701 -2
      vertex -0.574024 -58.6142 2
      vertex -0.75 -58.701 2
    endloop
  endfacet
  facet normal 0.442363 -0.896836 0
    outer loop
      vertex -0.574024 -58.6142 2
      vertex -0.75 -58.701 -2
      vertex -0.574024 -58.6142 -2
    endloop
  endfacet
  facet normal -0.442363 -0.896836 0
    outer loop
      vertex 0.574024 -58.6142 -2
      vertex 0.75 -58.701 2
      vertex 0.574024 -58.6142 2
    endloop
  endfacet
  facet normal -0.442363 -0.896836 -0
    outer loop
      vertex 0.75 -58.701 2
      vertex 0.574024 -58.6142 -2
      vertex 0.75 -58.701 -2
    endloop
  endfacet
  facet normal -0.442363 0.896836 0
    outer loop
      vertex 0.75 -61.299 -2
      vertex 0.574024 -61.3858 2
      vertex 0.75 -61.299 2
    endloop
  endfacet
  facet normal -0.442363 0.896836 0
    outer loop
      vertex 0.574024 -61.3858 2
      vertex 0.75 -61.299 -2
      vertex 0.574024 -61.3858 -2
    endloop
  endfacet
  facet normal 0.99786 0.0653858 0
    outer loop
      vertex -1.48717 -60.1958 2
      vertex -1.5 -60 -2
      vertex -1.5 -60 2
    endloop
  endfacet
  facet normal 0.99786 0.0653858 0
    outer loop
      vertex -1.5 -60 -2
      vertex -1.48717 -60.1958 2
      vertex -1.48717 -60.1958 -2
    endloop
  endfacet
  facet normal 0.980776 -0.195136 0
    outer loop
      vertex -1.48717 -59.8042 2
      vertex -1.44889 -59.6118 -2
      vertex -1.44889 -59.6118 2
    endloop
  endfacet
  facet normal 0.980776 -0.195136 0
    outer loop
      vertex -1.44889 -59.6118 -2
      vertex -1.48717 -59.8042 2
      vertex -1.48717 -59.8042 -2
    endloop
  endfacet
  facet normal -0.32158 -0.946882 0
    outer loop
      vertex 0.388228 -58.5511 -2
      vertex 0.574024 -58.6142 2
      vertex 0.388228 -58.5511 2
    endloop
  endfacet
  facet normal -0.32158 -0.946882 -0
    outer loop
      vertex 0.574024 -58.6142 2
      vertex 0.388228 -58.5511 -2
      vertex 0.574024 -58.6142 -2
    endloop
  endfacet
  facet normal 0.946931 -0.321437 0
    outer loop
      vertex -1.44889 -59.6118 2
      vertex -1.38582 -59.426 -2
      vertex -1.38582 -59.426 2
    endloop
  endfacet
  facet normal 0.946931 -0.321437 0
    outer loop
      vertex -1.38582 -59.426 -2
      vertex -1.44889 -59.6118 2
      vertex -1.44889 -59.6118 -2
    endloop
  endfacet
  facet normal 0.442363 0.896836 -0
    outer loop
      vertex -0.574024 -61.3858 -2
      vertex -0.75 -61.299 2
      vertex -0.574024 -61.3858 2
    endloop
  endfacet
  facet normal 0.442363 0.896836 0
    outer loop
      vertex -0.75 -61.299 2
      vertex -0.574024 -61.3858 -2
      vertex -0.75 -61.299 -2
    endloop
  endfacet
  facet normal 0.99786 -0.0653858 0
    outer loop
      vertex -1.5 -60 2
      vertex -1.48717 -59.8042 -2
      vertex -1.48717 -59.8042 2
    endloop
  endfacet
  facet normal 0.99786 -0.0653858 0
    outer loop
      vertex -1.48717 -59.8042 -2
      vertex -1.5 -60 2
      vertex -1.5 -60 -2
    endloop
  endfacet
  facet normal -0.195195 -0.980764 0
    outer loop
      vertex 0.195788 -58.5128 -2
      vertex 0.388228 -58.5511 2
      vertex 0.195788 -58.5128 2
    endloop
  endfacet
  facet normal -0.195195 -0.980764 -0
    outer loop
      vertex 0.388228 -58.5511 2
      vertex 0.195788 -58.5128 -2
      vertex 0.388228 -58.5511 -2
    endloop
  endfacet
  facet normal -0.980776 0.195136 0
    outer loop
      vertex 1.44889 -60.3882 -2
      vertex 1.48717 -60.1958 2
      vertex 1.48717 -60.1958 -2
    endloop
  endfacet
  facet normal -0.980776 0.195136 0
    outer loop
      vertex 1.48717 -60.1958 2
      vertex 1.44889 -60.3882 -2
      vertex 1.44889 -60.3882 2
    endloop
  endfacet
  facet normal 0.555544 -0.831487 0
    outer loop
      vertex -0.913141 -58.81 -2
      vertex -0.75 -58.701 2
      vertex -0.913141 -58.81 2
    endloop
  endfacet
  facet normal 0.555544 -0.831487 0
    outer loop
      vertex -0.75 -58.701 2
      vertex -0.913141 -58.81 -2
      vertex -0.75 -58.701 -2
    endloop
  endfacet
  facet normal 0.659142 -0.752018 0
    outer loop
      vertex -1.06066 -58.9393 -2
      vertex -0.913141 -58.81 2
      vertex -1.06066 -58.9393 2
    endloop
  endfacet
  facet normal 0.659142 -0.752018 0
    outer loop
      vertex -0.913141 -58.81 2
      vertex -1.06066 -58.9393 -2
      vertex -0.913141 -58.81 -2
    endloop
  endfacet
  facet normal 0.946931 0.321437 0
    outer loop
      vertex -1.38582 -60.574 2
      vertex -1.44889 -60.3882 -2
      vertex -1.44889 -60.3882 2
    endloop
  endfacet
  facet normal 0.946931 0.321437 0
    outer loop
      vertex -1.44889 -60.3882 -2
      vertex -1.38582 -60.574 2
      vertex -1.38582 -60.574 -2
    endloop
  endfacet
  facet normal 0.32158 -0.946882 0
    outer loop
      vertex -0.574024 -58.6142 -2
      vertex -0.388228 -58.5511 2
      vertex -0.574024 -58.6142 2
    endloop
  endfacet
  facet normal 0.32158 -0.946882 0
    outer loop
      vertex -0.388228 -58.5511 2
      vertex -0.574024 -58.6142 -2
      vertex -0.388228 -58.5511 -2
    endloop
  endfacet
  facet normal -0.659142 -0.752018 0
    outer loop
      vertex 0.913141 -58.81 -2
      vertex 1.06066 -58.9393 2
      vertex 0.913141 -58.81 2
    endloop
  endfacet
  facet normal -0.659142 -0.752018 -0
    outer loop
      vertex 1.06066 -58.9393 2
      vertex 0.913141 -58.81 -2
      vertex 1.06066 -58.9393 -2
    endloop
  endfacet
  facet normal 0.0652376 0.99787 -0
    outer loop
      vertex 0 -61.5 -2
      vertex -0.195788 -61.4872 2
      vertex 0 -61.5 2
    endloop
  endfacet
  facet normal 0.0652376 0.99787 0
    outer loop
      vertex -0.195788 -61.4872 2
      vertex 0 -61.5 -2
      vertex -0.195788 -61.4872 -2
    endloop
  endfacet
  facet normal -0.99786 0.0653858 0
    outer loop
      vertex 1.48717 -60.1958 -2
      vertex 1.5 -60 2
      vertex 1.5 -60 -2
    endloop
  endfacet
  facet normal -0.99786 0.0653858 0
    outer loop
      vertex 1.5 -60 2
      vertex 1.48717 -60.1958 -2
      vertex 1.48717 -60.1958 2
    endloop
  endfacet
  facet normal 0.195195 -0.980764 0
    outer loop
      vertex -0.388228 -58.5511 -2
      vertex -0.195788 -58.5128 2
      vertex -0.388228 -58.5511 2
    endloop
  endfacet
  facet normal 0.195195 -0.980764 0
    outer loop
      vertex -0.195788 -58.5128 2
      vertex -0.388228 -58.5511 -2
      vertex -0.195788 -58.5128 -2
    endloop
  endfacet
  facet normal -0.555544 -0.831487 0
    outer loop
      vertex 0.75 -58.701 -2
      vertex 0.913141 -58.81 2
      vertex 0.75 -58.701 2
    endloop
  endfacet
  facet normal -0.555544 -0.831487 -0
    outer loop
      vertex 0.913141 -58.81 2
      vertex 0.75 -58.701 -2
      vertex 0.913141 -58.81 -2
    endloop
  endfacet
  facet normal -0.195195 0.980764 0
    outer loop
      vertex 0.388228 -61.4489 -2
      vertex 0.195788 -61.4872 2
      vertex 0.388228 -61.4489 2
    endloop
  endfacet
  facet normal -0.195195 0.980764 0
    outer loop
      vertex 0.195788 -61.4872 2
      vertex 0.388228 -61.4489 -2
      vertex 0.195788 -61.4872 -2
    endloop
  endfacet
  facet normal 0.32158 0.946882 -0
    outer loop
      vertex -0.388228 -61.4489 -2
      vertex -0.574024 -61.3858 2
      vertex -0.388228 -61.4489 2
    endloop
  endfacet
  facet normal 0.32158 0.946882 0
    outer loop
      vertex -0.574024 -61.3858 2
      vertex -0.388228 -61.4489 -2
      vertex -0.574024 -61.3858 -2
    endloop
  endfacet
  facet normal 0.980776 0.195136 0
    outer loop
      vertex -1.44889 -60.3882 2
      vertex -1.48717 -60.1958 -2
      vertex -1.48717 -60.1958 2
    endloop
  endfacet
  facet normal 0.980776 0.195136 0
    outer loop
      vertex -1.48717 -60.1958 -2
      vertex -1.44889 -60.3882 2
      vertex -1.44889 -60.3882 -2
    endloop
  endfacet
  facet normal 0.8969 0.442233 0
    outer loop
      vertex -1.29904 -60.75 2
      vertex -1.38582 -60.574 -2
      vertex -1.38582 -60.574 2
    endloop
  endfacet
  facet normal 0.8969 0.442233 0
    outer loop
      vertex -1.38582 -60.574 -2
      vertex -1.29904 -60.75 2
      vertex -1.29904 -60.75 -2
    endloop
  endfacet
  facet normal 0.752021 -0.659139 0
    outer loop
      vertex -1.19003 -59.0869 2
      vertex -1.06066 -58.9393 -2
      vertex -1.06066 -58.9393 2
    endloop
  endfacet
  facet normal 0.752021 -0.659139 0
    outer loop
      vertex -1.06066 -58.9393 -2
      vertex -1.19003 -59.0869 2
      vertex -1.19003 -59.0869 -2
    endloop
  endfacet
  facet normal -0.831399 0.555676 0
    outer loop
      vertex 1.19003 -60.9131 -2
      vertex 1.29904 -60.75 2
      vertex 1.29904 -60.75 -2
    endloop
  endfacet
  facet normal -0.831399 0.555676 0
    outer loop
      vertex 1.29904 -60.75 2
      vertex 1.19003 -60.9131 -2
      vertex 1.19003 -60.9131 2
    endloop
  endfacet
  facet normal 0.831399 0.555676 0
    outer loop
      vertex -1.19003 -60.9131 2
      vertex -1.29904 -60.75 -2
      vertex -1.29904 -60.75 2
    endloop
  endfacet
  facet normal 0.831399 0.555676 0
    outer loop
      vertex -1.29904 -60.75 -2
      vertex -1.19003 -60.9131 2
      vertex -1.19003 -60.9131 -2
    endloop
  endfacet
  facet normal 0.752021 0.659139 0
    outer loop
      vertex -1.06066 -61.0607 2
      vertex -1.19003 -60.9131 -2
      vertex -1.19003 -60.9131 2
    endloop
  endfacet
  facet normal 0.752021 0.659139 0
    outer loop
      vertex -1.19003 -60.9131 -2
      vertex -1.06066 -61.0607 2
      vertex -1.06066 -61.0607 -2
    endloop
  endfacet
  facet normal -0.0652376 -0.99787 0
    outer loop
      vertex 0 -58.5 -2
      vertex 0.195788 -58.5128 2
      vertex 0 -58.5 2
    endloop
  endfacet
  facet normal -0.0652376 -0.99787 -0
    outer loop
      vertex 0.195788 -58.5128 2
      vertex 0 -58.5 -2
      vertex 0.195788 -58.5128 -2
    endloop
  endfacet
  facet normal -0.8969 0.442233 0
    outer loop
      vertex 1.29904 -60.75 -2
      vertex 1.38582 -60.574 2
      vertex 1.38582 -60.574 -2
    endloop
  endfacet
  facet normal -0.8969 0.442233 0
    outer loop
      vertex 1.38582 -60.574 2
      vertex 1.29904 -60.75 -2
      vertex 1.29904 -60.75 2
    endloop
  endfacet
  facet normal 0.555544 0.831487 -0
    outer loop
      vertex -0.75 -61.299 -2
      vertex -0.913141 -61.19 2
      vertex -0.75 -61.299 2
    endloop
  endfacet
  facet normal 0.555544 0.831487 0
    outer loop
      vertex -0.913141 -61.19 2
      vertex -0.75 -61.299 -2
      vertex -0.913141 -61.19 -2
    endloop
  endfacet
  facet normal -0.8969 -0.442233 0
    outer loop
      vertex 1.38582 -59.426 -2
      vertex 1.29904 -59.25 2
      vertex 1.29904 -59.25 -2
    endloop
  endfacet
  facet normal -0.8969 -0.442233 0
    outer loop
      vertex 1.29904 -59.25 2
      vertex 1.38582 -59.426 -2
      vertex 1.38582 -59.426 2
    endloop
  endfacet
  facet normal -0.752021 0.659139 0
    outer loop
      vertex 1.06066 -61.0607 -2
      vertex 1.19003 -60.9131 2
      vertex 1.19003 -60.9131 -2
    endloop
  endfacet
  facet normal -0.752021 0.659139 0
    outer loop
      vertex 1.19003 -60.9131 2
      vertex 1.06066 -61.0607 -2
      vertex 1.06066 -61.0607 2
    endloop
  endfacet
  facet normal -0.752021 -0.659139 0
    outer loop
      vertex 1.19003 -59.0869 -2
      vertex 1.06066 -58.9393 2
      vertex 1.06066 -58.9393 -2
    endloop
  endfacet
  facet normal -0.752021 -0.659139 0
    outer loop
      vertex 1.06066 -58.9393 2
      vertex 1.19003 -59.0869 -2
      vertex 1.19003 -59.0869 2
    endloop
  endfacet
  facet normal -0.946931 -0.321437 0
    outer loop
      vertex 1.44889 -59.6118 -2
      vertex 1.38582 -59.426 2
      vertex 1.38582 -59.426 -2
    endloop
  endfacet
  facet normal -0.946931 -0.321437 0
    outer loop
      vertex 1.38582 -59.426 2
      vertex 1.44889 -59.6118 -2
      vertex 1.44889 -59.6118 2
    endloop
  endfacet
  facet normal -0.555544 0.831487 0
    outer loop
      vertex 0.913141 -61.19 -2
      vertex 0.75 -61.299 2
      vertex 0.913141 -61.19 2
    endloop
  endfacet
  facet normal -0.555544 0.831487 0
    outer loop
      vertex 0.75 -61.299 2
      vertex 0.913141 -61.19 -2
      vertex 0.75 -61.299 -2
    endloop
  endfacet
  facet normal 0.0652376 -0.99787 0
    outer loop
      vertex -0.195788 -58.5128 -2
      vertex 0 -58.5 2
      vertex -0.195788 -58.5128 2
    endloop
  endfacet
  facet normal 0.0652376 -0.99787 0
    outer loop
      vertex 0 -58.5 2
      vertex -0.195788 -58.5128 -2
      vertex 0 -58.5 -2
    endloop
  endfacet
  facet normal -0.659142 0.752018 0
    outer loop
      vertex 1.06066 -61.0607 -2
      vertex 0.913141 -61.19 2
      vertex 1.06066 -61.0607 2
    endloop
  endfacet
  facet normal -0.659142 0.752018 0
    outer loop
      vertex 0.913141 -61.19 2
      vertex 1.06066 -61.0607 -2
      vertex 0.913141 -61.19 -2
    endloop
  endfacet
  facet normal 0.831399 -0.555676 0
    outer loop
      vertex -1.29904 -59.25 2
      vertex -1.19003 -59.0869 -2
      vertex -1.19003 -59.0869 2
    endloop
  endfacet
  facet normal 0.831399 -0.555676 0
    outer loop
      vertex -1.19003 -59.0869 -2
      vertex -1.29904 -59.25 2
      vertex -1.29904 -59.25 -2
    endloop
  endfacet
  facet normal 0.195195 0.980764 -0
    outer loop
      vertex -0.195788 -61.4872 -2
      vertex -0.388228 -61.4489 2
      vertex -0.195788 -61.4872 2
    endloop
  endfacet
  facet normal 0.195195 0.980764 0
    outer loop
      vertex -0.388228 -61.4489 2
      vertex -0.195788 -61.4872 -2
      vertex -0.388228 -61.4489 -2
    endloop
  endfacet
  facet normal -0.980757 -0.195234 0
    outer loop
      vertex 41.4872 -59.8042 -2
      vertex 41.4489 -59.6118 2
      vertex 41.4489 -59.6118 -2
    endloop
  endfacet
  facet normal -0.980757 -0.195234 0
    outer loop
      vertex 41.4489 -59.6118 2
      vertex 41.4872 -59.8042 -2
      vertex 41.4872 -59.8042 2
    endloop
  endfacet
  facet normal -0.99787 -0.0652336 0
    outer loop
      vertex 41.5 -60 -2
      vertex 41.4872 -59.8042 2
      vertex 41.4872 -59.8042 -2
    endloop
  endfacet
  facet normal -0.99787 -0.0652336 0
    outer loop
      vertex 41.4872 -59.8042 2
      vertex 41.5 -60 -2
      vertex 41.5 -60 2
    endloop
  endfacet
  facet normal 0.555641 -0.831422 0
    outer loop
      vertex 39.0869 -58.81 -2
      vertex 39.25 -58.701 2
      vertex 39.0869 -58.81 2
    endloop
  endfacet
  facet normal 0.555641 -0.831422 0
    outer loop
      vertex 39.25 -58.701 2
      vertex 39.0869 -58.81 -2
      vertex 39.25 -58.701 -2
    endloop
  endfacet
  facet normal -0.321574 -0.946885 0
    outer loop
      vertex 40.3882 -58.5511 -2
      vertex 40.574 -58.6142 2
      vertex 40.3882 -58.5511 2
    endloop
  endfacet
  facet normal -0.321574 -0.946885 -0
    outer loop
      vertex 40.574 -58.6142 2
      vertex 40.3882 -58.5511 -2
      vertex 40.574 -58.6142 -2
    endloop
  endfacet
  facet normal 0.442315 -0.89686 0
    outer loop
      vertex 39.25 -58.701 -2
      vertex 39.426 -58.6142 2
      vertex 39.25 -58.701 2
    endloop
  endfacet
  facet normal 0.442315 -0.89686 0
    outer loop
      vertex 39.426 -58.6142 2
      vertex 39.25 -58.701 -2
      vertex 39.426 -58.6142 -2
    endloop
  endfacet
  facet normal -0.946885 0.321574 0
    outer loop
      vertex 41.3858 -60.574 -2
      vertex 41.4489 -60.3882 2
      vertex 41.4489 -60.3882 -2
    endloop
  endfacet
  facet normal -0.946885 0.321574 0
    outer loop
      vertex 41.4489 -60.3882 2
      vertex 41.3858 -60.574 -2
      vertex 41.3858 -60.574 2
    endloop
  endfacet
  facet normal 0.89686 0.442315 0
    outer loop
      vertex 38.701 -60.75 2
      vertex 38.6142 -60.574 -2
      vertex 38.6142 -60.574 2
    endloop
  endfacet
  facet normal 0.89686 0.442315 0
    outer loop
      vertex 38.6142 -60.574 -2
      vertex 38.701 -60.75 2
      vertex 38.701 -60.75 -2
    endloop
  endfacet
  facet normal -0.831422 0.555641 0
    outer loop
      vertex 41.19 -60.9131 -2
      vertex 41.299 -60.75 2
      vertex 41.299 -60.75 -2
    endloop
  endfacet
  facet normal -0.831422 0.555641 0
    outer loop
      vertex 41.299 -60.75 2
      vertex 41.19 -60.9131 -2
      vertex 41.19 -60.9131 2
    endloop
  endfacet
  facet normal -0.89686 -0.442315 0
    outer loop
      vertex 41.3858 -59.426 -2
      vertex 41.299 -59.25 2
      vertex 41.299 -59.25 -2
    endloop
  endfacet
  facet normal -0.89686 -0.442315 0
    outer loop
      vertex 41.299 -59.25 2
      vertex 41.3858 -59.426 -2
      vertex 41.3858 -59.426 2
    endloop
  endfacet
  facet normal -0.0652336 0.99787 0
    outer loop
      vertex 40.1958 -61.4872 -2
      vertex 40 -61.5 2
      vertex 40.1958 -61.4872 2
    endloop
  endfacet
  facet normal -0.0652336 0.99787 0
    outer loop
      vertex 40 -61.5 2
      vertex 40.1958 -61.4872 -2
      vertex 40 -61.5 -2
    endloop
  endfacet
  facet normal 0.99787 -0.0652336 0
    outer loop
      vertex 38.5 -60 2
      vertex 38.5128 -59.8042 -2
      vertex 38.5128 -59.8042 2
    endloop
  endfacet
  facet normal 0.99787 -0.0652336 0
    outer loop
      vertex 38.5128 -59.8042 -2
      vertex 38.5 -60 2
      vertex 38.5 -60 -2
    endloop
  endfacet
  facet normal -0.658937 -0.752198 0
    outer loop
      vertex 40.9131 -58.81 -2
      vertex 41.0607 -58.9393 2
      vertex 40.9131 -58.81 2
    endloop
  endfacet
  facet normal -0.658937 -0.752198 -0
    outer loop
      vertex 41.0607 -58.9393 2
      vertex 40.9131 -58.81 -2
      vertex 41.0607 -58.9393 -2
    endloop
  endfacet
  facet normal -0.442315 -0.89686 0
    outer loop
      vertex 40.574 -58.6142 -2
      vertex 40.75 -58.701 2
      vertex 40.574 -58.6142 2
    endloop
  endfacet
  facet normal -0.442315 -0.89686 -0
    outer loop
      vertex 40.75 -58.701 2
      vertex 40.574 -58.6142 -2
      vertex 40.75 -58.701 -2
    endloop
  endfacet
  facet normal 0.321574 -0.946885 0
    outer loop
      vertex 39.426 -58.6142 -2
      vertex 39.6118 -58.5511 2
      vertex 39.426 -58.6142 2
    endloop
  endfacet
  facet normal 0.321574 -0.946885 0
    outer loop
      vertex 39.6118 -58.5511 2
      vertex 39.426 -58.6142 -2
      vertex 39.6118 -58.5511 -2
    endloop
  endfacet
  facet normal 0.658937 -0.752198 0
    outer loop
      vertex 38.9393 -58.9393 -2
      vertex 39.0869 -58.81 2
      vertex 38.9393 -58.9393 2
    endloop
  endfacet
  facet normal 0.658937 -0.752198 0
    outer loop
      vertex 39.0869 -58.81 2
      vertex 38.9393 -58.9393 -2
      vertex 39.0869 -58.81 -2
    endloop
  endfacet
  facet normal 0.946885 0.321574 0
    outer loop
      vertex 38.6142 -60.574 2
      vertex 38.5511 -60.3882 -2
      vertex 38.5511 -60.3882 2
    endloop
  endfacet
  facet normal 0.946885 0.321574 0
    outer loop
      vertex 38.5511 -60.3882 -2
      vertex 38.6142 -60.574 2
      vertex 38.6142 -60.574 -2
    endloop
  endfacet
  facet normal -0.89686 0.442315 0
    outer loop
      vertex 41.299 -60.75 -2
      vertex 41.3858 -60.574 2
      vertex 41.3858 -60.574 -2
    endloop
  endfacet
  facet normal -0.89686 0.442315 0
    outer loop
      vertex 41.3858 -60.574 2
      vertex 41.299 -60.75 -2
      vertex 41.299 -60.75 2
    endloop
  endfacet
  facet normal 0.831422 0.555641 0
    outer loop
      vertex 38.81 -60.9131 2
      vertex 38.701 -60.75 -2
      vertex 38.701 -60.75 2
    endloop
  endfacet
  facet normal 0.831422 0.555641 0
    outer loop
      vertex 38.701 -60.75 -2
      vertex 38.81 -60.9131 2
      vertex 38.81 -60.9131 -2
    endloop
  endfacet
  facet normal -0.0652336 -0.99787 0
    outer loop
      vertex 40 -58.5 -2
      vertex 40.1958 -58.5128 2
      vertex 40 -58.5 2
    endloop
  endfacet
  facet normal -0.0652336 -0.99787 -0
    outer loop
      vertex 40.1958 -58.5128 2
      vertex 40 -58.5 -2
      vertex 40.1958 -58.5128 -2
    endloop
  endfacet
  facet normal -0.321574 0.946885 0
    outer loop
      vertex 40.574 -61.3858 -2
      vertex 40.3882 -61.4489 2
      vertex 40.574 -61.3858 2
    endloop
  endfacet
  facet normal -0.321574 0.946885 0
    outer loop
      vertex 40.3882 -61.4489 2
      vertex 40.574 -61.3858 -2
      vertex 40.3882 -61.4489 -2
    endloop
  endfacet
  facet normal 0.980757 -0.195234 0
    outer loop
      vertex 38.5128 -59.8042 2
      vertex 38.5511 -59.6118 -2
      vertex 38.5511 -59.6118 2
    endloop
  endfacet
  facet normal 0.980757 -0.195234 0
    outer loop
      vertex 38.5511 -59.6118 -2
      vertex 38.5128 -59.8042 2
      vertex 38.5128 -59.8042 -2
    endloop
  endfacet
  facet normal 0.99787 0.0652336 0
    outer loop
      vertex 38.5128 -60.1958 2
      vertex 38.5 -60 -2
      vertex 38.5 -60 2
    endloop
  endfacet
  facet normal 0.99787 0.0652336 0
    outer loop
      vertex 38.5 -60 -2
      vertex 38.5128 -60.1958 2
      vertex 38.5128 -60.1958 -2
    endloop
  endfacet
  facet normal 0.752198 0.658937 0
    outer loop
      vertex 38.9393 -61.0607 2
      vertex 38.81 -60.9131 -2
      vertex 38.81 -60.9131 2
    endloop
  endfacet
  facet normal 0.752198 0.658937 0
    outer loop
      vertex 38.81 -60.9131 -2
      vertex 38.9393 -61.0607 2
      vertex 38.9393 -61.0607 -2
    endloop
  endfacet
  facet normal 0.980757 0.195234 0
    outer loop
      vertex 38.5511 -60.3882 2
      vertex 38.5128 -60.1958 -2
      vertex 38.5128 -60.1958 2
    endloop
  endfacet
  facet normal 0.980757 0.195234 0
    outer loop
      vertex 38.5128 -60.1958 -2
      vertex 38.5511 -60.3882 2
      vertex 38.5511 -60.3882 -2
    endloop
  endfacet
  facet normal 0.752198 -0.658937 0
    outer loop
      vertex 38.81 -59.0869 2
      vertex 38.9393 -58.9393 -2
      vertex 38.9393 -58.9393 2
    endloop
  endfacet
  facet normal 0.752198 -0.658937 0
    outer loop
      vertex 38.9393 -58.9393 -2
      vertex 38.81 -59.0869 2
      vertex 38.81 -59.0869 -2
    endloop
  endfacet
  facet normal -0.831422 -0.555641 0
    outer loop
      vertex 41.299 -59.25 -2
      vertex 41.19 -59.0869 2
      vertex 41.19 -59.0869 -2
    endloop
  endfacet
  facet normal -0.831422 -0.555641 0
    outer loop
      vertex 41.19 -59.0869 2
      vertex 41.299 -59.25 -2
      vertex 41.299 -59.25 2
    endloop
  endfacet
  facet normal -0.980757 0.195234 0
    outer loop
      vertex 41.4489 -60.3882 -2
      vertex 41.4872 -60.1958 2
      vertex 41.4872 -60.1958 -2
    endloop
  endfacet
  facet normal -0.980757 0.195234 0
    outer loop
      vertex 41.4872 -60.1958 2
      vertex 41.4489 -60.3882 -2
      vertex 41.4489 -60.3882 2
    endloop
  endfacet
  facet normal 0.946885 -0.321574 0
    outer loop
      vertex 38.5511 -59.6118 2
      vertex 38.6142 -59.426 -2
      vertex 38.6142 -59.426 2
    endloop
  endfacet
  facet normal 0.946885 -0.321574 0
    outer loop
      vertex 38.6142 -59.426 -2
      vertex 38.5511 -59.6118 2
      vertex 38.5511 -59.6118 -2
    endloop
  endfacet
  facet normal -0.195234 0.980757 0
    outer loop
      vertex 40.3882 -61.4489 -2
      vertex 40.1958 -61.4872 2
      vertex 40.3882 -61.4489 2
    endloop
  endfacet
  facet normal -0.195234 0.980757 0
    outer loop
      vertex 40.1958 -61.4872 2
      vertex 40.3882 -61.4489 -2
      vertex 40.1958 -61.4872 -2
    endloop
  endfacet
  facet normal 0.555641 0.831422 -0
    outer loop
      vertex 39.25 -61.299 -2
      vertex 39.0869 -61.19 2
      vertex 39.25 -61.299 2
    endloop
  endfacet
  facet normal 0.555641 0.831422 0
    outer loop
      vertex 39.0869 -61.19 2
      vertex 39.25 -61.299 -2
      vertex 39.0869 -61.19 -2
    endloop
  endfacet
  facet normal -0.555641 -0.831422 0
    outer loop
      vertex 40.75 -58.701 -2
      vertex 40.9131 -58.81 2
      vertex 40.75 -58.701 2
    endloop
  endfacet
  facet normal -0.555641 -0.831422 -0
    outer loop
      vertex 40.9131 -58.81 2
      vertex 40.75 -58.701 -2
      vertex 40.9131 -58.81 -2
    endloop
  endfacet
  facet normal 0.321574 0.946885 -0
    outer loop
      vertex 39.6118 -61.4489 -2
      vertex 39.426 -61.3858 2
      vertex 39.6118 -61.4489 2
    endloop
  endfacet
  facet normal 0.321574 0.946885 0
    outer loop
      vertex 39.426 -61.3858 2
      vertex 39.6118 -61.4489 -2
      vertex 39.426 -61.3858 -2
    endloop
  endfacet
  facet normal -0.658937 0.752198 0
    outer loop
      vertex 41.0607 -61.0607 -2
      vertex 40.9131 -61.19 2
      vertex 41.0607 -61.0607 2
    endloop
  endfacet
  facet normal -0.658937 0.752198 0
    outer loop
      vertex 40.9131 -61.19 2
      vertex 41.0607 -61.0607 -2
      vertex 40.9131 -61.19 -2
    endloop
  endfacet
  facet normal -0.442315 0.89686 0
    outer loop
      vertex 40.75 -61.299 -2
      vertex 40.574 -61.3858 2
      vertex 40.75 -61.299 2
    endloop
  endfacet
  facet normal -0.442315 0.89686 0
    outer loop
      vertex 40.574 -61.3858 2
      vertex 40.75 -61.299 -2
      vertex 40.574 -61.3858 -2
    endloop
  endfacet
  facet normal 0.195234 -0.980757 0
    outer loop
      vertex 39.6118 -58.5511 -2
      vertex 39.8042 -58.5128 2
      vertex 39.6118 -58.5511 2
    endloop
  endfacet
  facet normal 0.195234 -0.980757 0
    outer loop
      vertex 39.8042 -58.5128 2
      vertex 39.6118 -58.5511 -2
      vertex 39.8042 -58.5128 -2
    endloop
  endfacet
  facet normal -0.99787 0.0652336 0
    outer loop
      vertex 41.4872 -60.1958 -2
      vertex 41.5 -60 2
      vertex 41.5 -60 -2
    endloop
  endfacet
  facet normal -0.99787 0.0652336 0
    outer loop
      vertex 41.5 -60 2
      vertex 41.4872 -60.1958 -2
      vertex 41.4872 -60.1958 2
    endloop
  endfacet
  facet normal 0.0652336 0.99787 -0
    outer loop
      vertex 40 -61.5 -2
      vertex 39.8042 -61.4872 2
      vertex 40 -61.5 2
    endloop
  endfacet
  facet normal 0.0652336 0.99787 0
    outer loop
      vertex 39.8042 -61.4872 2
      vertex 40 -61.5 -2
      vertex 39.8042 -61.4872 -2
    endloop
  endfacet
  facet normal -0.195234 -0.980757 0
    outer loop
      vertex 40.1958 -58.5128 -2
      vertex 40.3882 -58.5511 2
      vertex 40.1958 -58.5128 2
    endloop
  endfacet
  facet normal -0.195234 -0.980757 -0
    outer loop
      vertex 40.3882 -58.5511 2
      vertex 40.1958 -58.5128 -2
      vertex 40.3882 -58.5511 -2
    endloop
  endfacet
  facet normal 0.89686 -0.442315 0
    outer loop
      vertex 38.6142 -59.426 2
      vertex 38.701 -59.25 -2
      vertex 38.701 -59.25 2
    endloop
  endfacet
  facet normal 0.89686 -0.442315 0
    outer loop
      vertex 38.701 -59.25 -2
      vertex 38.6142 -59.426 2
      vertex 38.6142 -59.426 -2
    endloop
  endfacet
  facet normal -0.752198 -0.658937 0
    outer loop
      vertex 41.19 -59.0869 -2
      vertex 41.0607 -58.9393 2
      vertex 41.0607 -58.9393 -2
    endloop
  endfacet
  facet normal -0.752198 -0.658937 0
    outer loop
      vertex 41.0607 -58.9393 2
      vertex 41.19 -59.0869 -2
      vertex 41.19 -59.0869 2
    endloop
  endfacet
  facet normal -0.752198 0.658937 0
    outer loop
      vertex 41.0607 -61.0607 -2
      vertex 41.19 -60.9131 2
      vertex 41.19 -60.9131 -2
    endloop
  endfacet
  facet normal -0.752198 0.658937 0
    outer loop
      vertex 41.19 -60.9131 2
      vertex 41.0607 -61.0607 -2
      vertex 41.0607 -61.0607 2
    endloop
  endfacet
  facet normal -0.946885 -0.321574 0
    outer loop
      vertex 41.4489 -59.6118 -2
      vertex 41.3858 -59.426 2
      vertex 41.3858 -59.426 -2
    endloop
  endfacet
  facet normal -0.946885 -0.321574 0
    outer loop
      vertex 41.3858 -59.426 2
      vertex 41.4489 -59.6118 -2
      vertex 41.4489 -59.6118 2
    endloop
  endfacet
  facet normal 0.442315 0.89686 -0
    outer loop
      vertex 39.426 -61.3858 -2
      vertex 39.25 -61.299 2
      vertex 39.426 -61.3858 2
    endloop
  endfacet
  facet normal 0.442315 0.89686 0
    outer loop
      vertex 39.25 -61.299 2
      vertex 39.426 -61.3858 -2
      vertex 39.25 -61.299 -2
    endloop
  endfacet
  facet normal 0.831422 -0.555641 0
    outer loop
      vertex 38.701 -59.25 2
      vertex 38.81 -59.0869 -2
      vertex 38.81 -59.0869 2
    endloop
  endfacet
  facet normal 0.831422 -0.555641 0
    outer loop
      vertex 38.81 -59.0869 -2
      vertex 38.701 -59.25 2
      vertex 38.701 -59.25 -2
    endloop
  endfacet
  facet normal -0.555641 0.831422 0
    outer loop
      vertex 40.9131 -61.19 -2
      vertex 40.75 -61.299 2
      vertex 40.9131 -61.19 2
    endloop
  endfacet
  facet normal -0.555641 0.831422 0
    outer loop
      vertex 40.75 -61.299 2
      vertex 40.9131 -61.19 -2
      vertex 40.75 -61.299 -2
    endloop
  endfacet
  facet normal 0.0652336 -0.99787 0
    outer loop
      vertex 39.8042 -58.5128 -2
      vertex 40 -58.5 2
      vertex 39.8042 -58.5128 2
    endloop
  endfacet
  facet normal 0.0652336 -0.99787 0
    outer loop
      vertex 40 -58.5 2
      vertex 39.8042 -58.5128 -2
      vertex 40 -58.5 -2
    endloop
  endfacet
  facet normal 0.195234 0.980757 -0
    outer loop
      vertex 39.8042 -61.4872 -2
      vertex 39.6118 -61.4489 2
      vertex 39.8042 -61.4872 2
    endloop
  endfacet
  facet normal 0.195234 0.980757 0
    outer loop
      vertex 39.6118 -61.4489 2
      vertex 39.8042 -61.4872 -2
      vertex 39.6118 -61.4489 -2
    endloop
  endfacet
  facet normal 0.658937 0.752198 -0
    outer loop
      vertex 39.0869 -61.19 -2
      vertex 38.9393 -61.0607 2
      vertex 39.0869 -61.19 2
    endloop
  endfacet
  facet normal 0.658937 0.752198 0
    outer loop
      vertex 38.9393 -61.0607 2
      vertex 39.0869 -61.19 -2
      vertex 38.9393 -61.0607 -2
    endloop
  endfacet
  facet normal -0.980757 -0.195234 0
    outer loop
      vertex -38.5128 60.1958 -2
      vertex -38.5511 60.3882 2
      vertex -38.5511 60.3882 -2
    endloop
  endfacet
  facet normal -0.980757 -0.195234 0
    outer loop
      vertex -38.5511 60.3882 2
      vertex -38.5128 60.1958 -2
      vertex -38.5128 60.1958 2
    endloop
  endfacet
  facet normal -0.99787 -0.0652336 0
    outer loop
      vertex -38.5 60 -2
      vertex -38.5128 60.1958 2
      vertex -38.5128 60.1958 -2
    endloop
  endfacet
  facet normal -0.99787 -0.0652336 0
    outer loop
      vertex -38.5128 60.1958 2
      vertex -38.5 60 -2
      vertex -38.5 60 2
    endloop
  endfacet
  facet normal -0.0652336 -0.99787 0
    outer loop
      vertex -40 61.5 -2
      vertex -39.8042 61.4872 2
      vertex -40 61.5 2
    endloop
  endfacet
  facet normal -0.0652336 -0.99787 -0
    outer loop
      vertex -39.8042 61.4872 2
      vertex -40 61.5 -2
      vertex -39.8042 61.4872 -2
    endloop
  endfacet
  facet normal 0.946885 -0.321574 0
    outer loop
      vertex -41.4489 60.3882 2
      vertex -41.3858 60.574 -2
      vertex -41.3858 60.574 2
    endloop
  endfacet
  facet normal 0.946885 -0.321574 0
    outer loop
      vertex -41.3858 60.574 -2
      vertex -41.4489 60.3882 2
      vertex -41.4489 60.3882 -2
    endloop
  endfacet
  facet normal -0.752198 -0.658937 0
    outer loop
      vertex -38.81 60.9131 -2
      vertex -38.9393 61.0607 2
      vertex -38.9393 61.0607 -2
    endloop
  endfacet
  facet normal -0.752198 -0.658937 0
    outer loop
      vertex -38.9393 61.0607 2
      vertex -38.81 60.9131 -2
      vertex -38.81 60.9131 2
    endloop
  endfacet
  facet normal -0.555641 0.831422 0
    outer loop
      vertex -39.0869 58.81 -2
      vertex -39.25 58.701 2
      vertex -39.0869 58.81 2
    endloop
  endfacet
  facet normal -0.555641 0.831422 0
    outer loop
      vertex -39.25 58.701 2
      vertex -39.0869 58.81 -2
      vertex -39.25 58.701 -2
    endloop
  endfacet
  facet normal -0.658937 -0.752198 0
    outer loop
      vertex -39.0869 61.19 -2
      vertex -38.9393 61.0607 2
      vertex -39.0869 61.19 2
    endloop
  endfacet
  facet normal -0.658937 -0.752198 -0
    outer loop
      vertex -38.9393 61.0607 2
      vertex -39.0869 61.19 -2
      vertex -38.9393 61.0607 -2
    endloop
  endfacet
  facet normal -0.195234 0.980757 0
    outer loop
      vertex -39.6118 58.5511 -2
      vertex -39.8042 58.5128 2
      vertex -39.6118 58.5511 2
    endloop
  endfacet
  facet normal -0.195234 0.980757 0
    outer loop
      vertex -39.8042 58.5128 2
      vertex -39.6118 58.5511 -2
      vertex -39.8042 58.5128 -2
    endloop
  endfacet
  facet normal 0.0652336 -0.99787 0
    outer loop
      vertex -40.1958 61.4872 -2
      vertex -40 61.5 2
      vertex -40.1958 61.4872 2
    endloop
  endfacet
  facet normal 0.0652336 -0.99787 0
    outer loop
      vertex -40 61.5 2
      vertex -40.1958 61.4872 -2
      vertex -40 61.5 -2
    endloop
  endfacet
  facet normal -0.658937 0.752198 0
    outer loop
      vertex -38.9393 58.9393 -2
      vertex -39.0869 58.81 2
      vertex -38.9393 58.9393 2
    endloop
  endfacet
  facet normal -0.658937 0.752198 0
    outer loop
      vertex -39.0869 58.81 2
      vertex -38.9393 58.9393 -2
      vertex -39.0869 58.81 -2
    endloop
  endfacet
  facet normal -0.99787 0.0652336 0
    outer loop
      vertex -38.5128 59.8042 -2
      vertex -38.5 60 2
      vertex -38.5 60 -2
    endloop
  endfacet
  facet normal -0.99787 0.0652336 0
    outer loop
      vertex -38.5 60 2
      vertex -38.5128 59.8042 -2
      vertex -38.5128 59.8042 2
    endloop
  endfacet
  facet normal 0.99787 0.0652336 0
    outer loop
      vertex -41.4872 59.8042 2
      vertex -41.5 60 -2
      vertex -41.5 60 2
    endloop
  endfacet
  facet normal 0.99787 0.0652336 0
    outer loop
      vertex -41.5 60 -2
      vertex -41.4872 59.8042 2
      vertex -41.4872 59.8042 -2
    endloop
  endfacet
  facet normal 0.831422 0.555641 0
    outer loop
      vertex -41.19 59.0869 2
      vertex -41.299 59.25 -2
      vertex -41.299 59.25 2
    endloop
  endfacet
  facet normal 0.831422 0.555641 0
    outer loop
      vertex -41.299 59.25 -2
      vertex -41.19 59.0869 2
      vertex -41.19 59.0869 -2
    endloop
  endfacet
  facet normal -0.442315 -0.89686 0
    outer loop
      vertex -39.426 61.3858 -2
      vertex -39.25 61.299 2
      vertex -39.426 61.3858 2
    endloop
  endfacet
  facet normal -0.442315 -0.89686 -0
    outer loop
      vertex -39.25 61.299 2
      vertex -39.426 61.3858 -2
      vertex -39.25 61.299 -2
    endloop
  endfacet
  facet normal -0.946885 -0.321574 0
    outer loop
      vertex -38.5511 60.3882 -2
      vertex -38.6142 60.574 2
      vertex -38.6142 60.574 -2
    endloop
  endfacet
  facet normal -0.946885 -0.321574 0
    outer loop
      vertex -38.6142 60.574 2
      vertex -38.5511 60.3882 -2
      vertex -38.5511 60.3882 2
    endloop
  endfacet
  facet normal -0.442315 0.89686 0
    outer loop
      vertex -39.25 58.701 -2
      vertex -39.426 58.6142 2
      vertex -39.25 58.701 2
    endloop
  endfacet
  facet normal -0.442315 0.89686 0
    outer loop
      vertex -39.426 58.6142 2
      vertex -39.25 58.701 -2
      vertex -39.426 58.6142 -2
    endloop
  endfacet
  facet normal 0.980757 0.195234 0
    outer loop
      vertex -41.4489 59.6118 2
      vertex -41.4872 59.8042 -2
      vertex -41.4872 59.8042 2
    endloop
  endfacet
  facet normal 0.980757 0.195234 0
    outer loop
      vertex -41.4872 59.8042 -2
      vertex -41.4489 59.6118 2
      vertex -41.4489 59.6118 -2
    endloop
  endfacet
  facet normal 0.89686 0.442315 0
    outer loop
      vertex -41.299 59.25 2
      vertex -41.3858 59.426 -2
      vertex -41.3858 59.426 2
    endloop
  endfacet
  facet normal 0.89686 0.442315 0
    outer loop
      vertex -41.3858 59.426 -2
      vertex -41.299 59.25 2
      vertex -41.299 59.25 -2
    endloop
  endfacet
  facet normal 0.442315 -0.89686 0
    outer loop
      vertex -40.75 61.299 -2
      vertex -40.574 61.3858 2
      vertex -40.75 61.299 2
    endloop
  endfacet
  facet normal 0.442315 -0.89686 0
    outer loop
      vertex -40.574 61.3858 2
      vertex -40.75 61.299 -2
      vertex -40.574 61.3858 -2
    endloop
  endfacet
  facet normal -0.752198 0.658937 0
    outer loop
      vertex -38.9393 58.9393 -2
      vertex -38.81 59.0869 2
      vertex -38.81 59.0869 -2
    endloop
  endfacet
  facet normal -0.752198 0.658937 0
    outer loop
      vertex -38.81 59.0869 2
      vertex -38.9393 58.9393 -2
      vertex -38.9393 58.9393 2
    endloop
  endfacet
  facet normal -0.555641 -0.831422 0
    outer loop
      vertex -39.25 61.299 -2
      vertex -39.0869 61.19 2
      vertex -39.25 61.299 2
    endloop
  endfacet
  facet normal -0.555641 -0.831422 -0
    outer loop
      vertex -39.0869 61.19 2
      vertex -39.25 61.299 -2
      vertex -39.0869 61.19 -2
    endloop
  endfacet
  facet normal -0.831422 -0.555641 0
    outer loop
      vertex -38.701 60.75 -2
      vertex -38.81 60.9131 2
      vertex -38.81 60.9131 -2
    endloop
  endfacet
  facet normal -0.831422 -0.555641 0
    outer loop
      vertex -38.81 60.9131 2
      vertex -38.701 60.75 -2
      vertex -38.701 60.75 2
    endloop
  endfacet
  facet normal 0.195234 -0.980757 0
    outer loop
      vertex -40.3882 61.4489 -2
      vertex -40.1958 61.4872 2
      vertex -40.3882 61.4489 2
    endloop
  endfacet
  facet normal 0.195234 -0.980757 0
    outer loop
      vertex -40.1958 61.4872 2
      vertex -40.3882 61.4489 -2
      vertex -40.1958 61.4872 -2
    endloop
  endfacet
  facet normal -0.195234 -0.980757 0
    outer loop
      vertex -39.8042 61.4872 -2
      vertex -39.6118 61.4489 2
      vertex -39.8042 61.4872 2
    endloop
  endfacet
  facet normal -0.195234 -0.980757 -0
    outer loop
      vertex -39.6118 61.4489 2
      vertex -39.8042 61.4872 -2
      vertex -39.6118 61.4489 -2
    endloop
  endfacet
  facet normal -0.980757 0.195234 0
    outer loop
      vertex -38.5511 59.6118 -2
      vertex -38.5128 59.8042 2
      vertex -38.5128 59.8042 -2
    endloop
  endfacet
  facet normal -0.980757 0.195234 0
    outer loop
      vertex -38.5128 59.8042 2
      vertex -38.5511 59.6118 -2
      vertex -38.5511 59.6118 2
    endloop
  endfacet
  facet normal 0.752198 0.658937 0
    outer loop
      vertex -41.0607 58.9393 2
      vertex -41.19 59.0869 -2
      vertex -41.19 59.0869 2
    endloop
  endfacet
  facet normal 0.752198 0.658937 0
    outer loop
      vertex -41.19 59.0869 -2
      vertex -41.0607 58.9393 2
      vertex -41.0607 58.9393 -2
    endloop
  endfacet
  facet normal -0.89686 -0.442315 0
    outer loop
      vertex -38.6142 60.574 -2
      vertex -38.701 60.75 2
      vertex -38.701 60.75 -2
    endloop
  endfacet
  facet normal -0.89686 -0.442315 0
    outer loop
      vertex -38.701 60.75 2
      vertex -38.6142 60.574 -2
      vertex -38.6142 60.574 2
    endloop
  endfacet
  facet normal 0.555641 -0.831422 0
    outer loop
      vertex -40.9131 61.19 -2
      vertex -40.75 61.299 2
      vertex -40.9131 61.19 2
    endloop
  endfacet
  facet normal 0.555641 -0.831422 0
    outer loop
      vertex -40.75 61.299 2
      vertex -40.9131 61.19 -2
      vertex -40.75 61.299 -2
    endloop
  endfacet
  facet normal 0.0652336 0.99787 -0
    outer loop
      vertex -40 58.5 -2
      vertex -40.1958 58.5128 2
      vertex -40 58.5 2
    endloop
  endfacet
  facet normal 0.0652336 0.99787 0
    outer loop
      vertex -40.1958 58.5128 2
      vertex -40 58.5 -2
      vertex -40.1958 58.5128 -2
    endloop
  endfacet
  facet normal 0.980757 -0.195234 0
    outer loop
      vertex -41.4872 60.1958 2
      vertex -41.4489 60.3882 -2
      vertex -41.4489 60.3882 2
    endloop
  endfacet
  facet normal 0.980757 -0.195234 0
    outer loop
      vertex -41.4489 60.3882 -2
      vertex -41.4872 60.1958 2
      vertex -41.4872 60.1958 -2
    endloop
  endfacet
  facet normal 0.321574 -0.946885 0
    outer loop
      vertex -40.574 61.3858 -2
      vertex -40.3882 61.4489 2
      vertex -40.574 61.3858 2
    endloop
  endfacet
  facet normal 0.321574 -0.946885 0
    outer loop
      vertex -40.3882 61.4489 2
      vertex -40.574 61.3858 -2
      vertex -40.3882 61.4489 -2
    endloop
  endfacet
  facet normal -0.321574 -0.946885 0
    outer loop
      vertex -39.6118 61.4489 -2
      vertex -39.426 61.3858 2
      vertex -39.6118 61.4489 2
    endloop
  endfacet
  facet normal -0.321574 -0.946885 -0
    outer loop
      vertex -39.426 61.3858 2
      vertex -39.6118 61.4489 -2
      vertex -39.426 61.3858 -2
    endloop
  endfacet
  facet normal -0.321574 0.946885 0
    outer loop
      vertex -39.426 58.6142 -2
      vertex -39.6118 58.5511 2
      vertex -39.426 58.6142 2
    endloop
  endfacet
  facet normal -0.321574 0.946885 0
    outer loop
      vertex -39.6118 58.5511 2
      vertex -39.426 58.6142 -2
      vertex -39.6118 58.5511 -2
    endloop
  endfacet
  facet normal 0.321574 0.946885 -0
    outer loop
      vertex -40.3882 58.5511 -2
      vertex -40.574 58.6142 2
      vertex -40.3882 58.5511 2
    endloop
  endfacet
  facet normal 0.321574 0.946885 0
    outer loop
      vertex -40.574 58.6142 2
      vertex -40.3882 58.5511 -2
      vertex -40.574 58.6142 -2
    endloop
  endfacet
  facet normal -0.831422 0.555641 0
    outer loop
      vertex -38.81 59.0869 -2
      vertex -38.701 59.25 2
      vertex -38.701 59.25 -2
    endloop
  endfacet
  facet normal -0.831422 0.555641 0
    outer loop
      vertex -38.701 59.25 2
      vertex -38.81 59.0869 -2
      vertex -38.81 59.0869 2
    endloop
  endfacet
  facet normal 0.946885 0.321574 0
    outer loop
      vertex -41.3858 59.426 2
      vertex -41.4489 59.6118 -2
      vertex -41.4489 59.6118 2
    endloop
  endfacet
  facet normal 0.946885 0.321574 0
    outer loop
      vertex -41.4489 59.6118 -2
      vertex -41.3858 59.426 2
      vertex -41.3858 59.426 -2
    endloop
  endfacet
  facet normal 0.555641 0.831422 -0
    outer loop
      vertex -40.75 58.701 -2
      vertex -40.9131 58.81 2
      vertex -40.75 58.701 2
    endloop
  endfacet
  facet normal 0.555641 0.831422 0
    outer loop
      vertex -40.9131 58.81 2
      vertex -40.75 58.701 -2
      vertex -40.9131 58.81 -2
    endloop
  endfacet
  facet normal 0.99787 -0.0652336 0
    outer loop
      vertex -41.5 60 2
      vertex -41.4872 60.1958 -2
      vertex -41.4872 60.1958 2
    endloop
  endfacet
  facet normal 0.99787 -0.0652336 0
    outer loop
      vertex -41.4872 60.1958 -2
      vertex -41.5 60 2
      vertex -41.5 60 -2
    endloop
  endfacet
  facet normal -0.946885 0.321574 0
    outer loop
      vertex -38.6142 59.426 -2
      vertex -38.5511 59.6118 2
      vertex -38.5511 59.6118 -2
    endloop
  endfacet
  facet normal -0.946885 0.321574 0
    outer loop
      vertex -38.5511 59.6118 2
      vertex -38.6142 59.426 -2
      vertex -38.6142 59.426 2
    endloop
  endfacet
  facet normal 0.442315 0.89686 -0
    outer loop
      vertex -40.574 58.6142 -2
      vertex -40.75 58.701 2
      vertex -40.574 58.6142 2
    endloop
  endfacet
  facet normal 0.442315 0.89686 0
    outer loop
      vertex -40.75 58.701 2
      vertex -40.574 58.6142 -2
      vertex -40.75 58.701 -2
    endloop
  endfacet
  facet normal 0.831422 -0.555641 0
    outer loop
      vertex -41.299 60.75 2
      vertex -41.19 60.9131 -2
      vertex -41.19 60.9131 2
    endloop
  endfacet
  facet normal 0.831422 -0.555641 0
    outer loop
      vertex -41.19 60.9131 -2
      vertex -41.299 60.75 2
      vertex -41.299 60.75 -2
    endloop
  endfacet
  facet normal 0.658937 -0.752198 0
    outer loop
      vertex -41.0607 61.0607 -2
      vertex -40.9131 61.19 2
      vertex -41.0607 61.0607 2
    endloop
  endfacet
  facet normal 0.658937 -0.752198 0
    outer loop
      vertex -40.9131 61.19 2
      vertex -41.0607 61.0607 -2
      vertex -40.9131 61.19 -2
    endloop
  endfacet
  facet normal 0.89686 -0.442315 0
    outer loop
      vertex -41.3858 60.574 2
      vertex -41.299 60.75 -2
      vertex -41.299 60.75 2
    endloop
  endfacet
  facet normal 0.89686 -0.442315 0
    outer loop
      vertex -41.299 60.75 -2
      vertex -41.3858 60.574 2
      vertex -41.3858 60.574 -2
    endloop
  endfacet
  facet normal -0.0652336 0.99787 0
    outer loop
      vertex -39.8042 58.5128 -2
      vertex -40 58.5 2
      vertex -39.8042 58.5128 2
    endloop
  endfacet
  facet normal -0.0652336 0.99787 0
    outer loop
      vertex -40 58.5 2
      vertex -39.8042 58.5128 -2
      vertex -40 58.5 -2
    endloop
  endfacet
  facet normal 0.195234 0.980757 -0
    outer loop
      vertex -40.1958 58.5128 -2
      vertex -40.3882 58.5511 2
      vertex -40.1958 58.5128 2
    endloop
  endfacet
  facet normal 0.195234 0.980757 0
    outer loop
      vertex -40.3882 58.5511 2
      vertex -40.1958 58.5128 -2
      vertex -40.3882 58.5511 -2
    endloop
  endfacet
  facet normal -0.89686 0.442315 0
    outer loop
      vertex -38.701 59.25 -2
      vertex -38.6142 59.426 2
      vertex -38.6142 59.426 -2
    endloop
  endfacet
  facet normal -0.89686 0.442315 0
    outer loop
      vertex -38.6142 59.426 2
      vertex -38.701 59.25 -2
      vertex -38.701 59.25 2
    endloop
  endfacet
  facet normal 0.658937 0.752198 -0
    outer loop
      vertex -40.9131 58.81 -2
      vertex -41.0607 58.9393 2
      vertex -40.9131 58.81 2
    endloop
  endfacet
  facet normal 0.658937 0.752198 0
    outer loop
      vertex -41.0607 58.9393 2
      vertex -40.9131 58.81 -2
      vertex -41.0607 58.9393 -2
    endloop
  endfacet
  facet normal 0.752198 -0.658937 0
    outer loop
      vertex -41.19 60.9131 2
      vertex -41.0607 61.0607 -2
      vertex -41.0607 61.0607 2
    endloop
  endfacet
  facet normal 0.752198 -0.658937 0
    outer loop
      vertex -41.0607 61.0607 -2
      vertex -41.19 60.9131 2
      vertex -41.19 60.9131 -2
    endloop
  endfacet
  facet normal -0.195195 0.980764 0
    outer loop
      vertex 0.388228 58.5511 -2
      vertex 0.195788 58.5128 2
      vertex 0.388228 58.5511 2
    endloop
  endfacet
  facet normal -0.195195 0.980764 0
    outer loop
      vertex 0.195788 58.5128 2
      vertex 0.388228 58.5511 -2
      vertex 0.195788 58.5128 -2
    endloop
  endfacet
  facet normal -0.980776 -0.195136 0
    outer loop
      vertex 1.48717 60.1958 -2
      vertex 1.44889 60.3882 2
      vertex 1.44889 60.3882 -2
    endloop
  endfacet
  facet normal -0.980776 -0.195136 0
    outer loop
      vertex 1.44889 60.3882 2
      vertex 1.48717 60.1958 -2
      vertex 1.48717 60.1958 2
    endloop
  endfacet
  facet normal -0.99786 -0.0653858 0
    outer loop
      vertex 1.5 60 -2
      vertex 1.48717 60.1958 2
      vertex 1.48717 60.1958 -2
    endloop
  endfacet
  facet normal -0.99786 -0.0653858 0
    outer loop
      vertex 1.48717 60.1958 2
      vertex 1.5 60 -2
      vertex 1.5 60 2
    endloop
  endfacet
  facet normal 0.442363 -0.896836 0
    outer loop
      vertex -0.75 61.299 -2
      vertex -0.574024 61.3858 2
      vertex -0.75 61.299 2
    endloop
  endfacet
  facet normal 0.442363 -0.896836 0
    outer loop
      vertex -0.574024 61.3858 2
      vertex -0.75 61.299 -2
      vertex -0.574024 61.3858 -2
    endloop
  endfacet
  facet normal -0.99786 0.0653858 0
    outer loop
      vertex 1.48717 59.8042 -2
      vertex 1.5 60 2
      vertex 1.5 60 -2
    endloop
  endfacet
  facet normal -0.99786 0.0653858 0
    outer loop
      vertex 1.5 60 2
      vertex 1.48717 59.8042 -2
      vertex 1.48717 59.8042 2
    endloop
  endfacet
  facet normal -0.659142 -0.752018 0
    outer loop
      vertex 0.913141 61.19 -2
      vertex 1.06066 61.0607 2
      vertex 0.913141 61.19 2
    endloop
  endfacet
  facet normal -0.659142 -0.752018 -0
    outer loop
      vertex 1.06066 61.0607 2
      vertex 0.913141 61.19 -2
      vertex 1.06066 61.0607 -2
    endloop
  endfacet
  facet normal 0.0652376 0.99787 -0
    outer loop
      vertex 0 58.5 -2
      vertex -0.195788 58.5128 2
      vertex 0 58.5 2
    endloop
  endfacet
  facet normal 0.0652376 0.99787 0
    outer loop
      vertex -0.195788 58.5128 2
      vertex 0 58.5 -2
      vertex -0.195788 58.5128 -2
    endloop
  endfacet
  facet normal -0.0652376 -0.99787 0
    outer loop
      vertex 0 61.5 -2
      vertex 0.195788 61.4872 2
      vertex 0 61.5 2
    endloop
  endfacet
  facet normal -0.0652376 -0.99787 -0
    outer loop
      vertex 0.195788 61.4872 2
      vertex 0 61.5 -2
      vertex 0.195788 61.4872 -2
    endloop
  endfacet
  facet normal 0.752021 0.659139 0
    outer loop
      vertex -1.06066 58.9393 2
      vertex -1.19003 59.0869 -2
      vertex -1.19003 59.0869 2
    endloop
  endfacet
  facet normal 0.752021 0.659139 0
    outer loop
      vertex -1.19003 59.0869 -2
      vertex -1.06066 58.9393 2
      vertex -1.06066 58.9393 -2
    endloop
  endfacet
  facet normal 0.195195 0.980764 -0
    outer loop
      vertex -0.195788 58.5128 -2
      vertex -0.388228 58.5511 2
      vertex -0.195788 58.5128 2
    endloop
  endfacet
  facet normal 0.195195 0.980764 0
    outer loop
      vertex -0.388228 58.5511 2
      vertex -0.195788 58.5128 -2
      vertex -0.388228 58.5511 -2
    endloop
  endfacet
  facet normal -0.8969 0.442233 0
    outer loop
      vertex 1.29904 59.25 -2
      vertex 1.38582 59.426 2
      vertex 1.38582 59.426 -2
    endloop
  endfacet
  facet normal -0.8969 0.442233 0
    outer loop
      vertex 1.38582 59.426 2
      vertex 1.29904 59.25 -2
      vertex 1.29904 59.25 2
    endloop
  endfacet
  facet normal 0.99786 -0.0653858 0
    outer loop
      vertex -1.5 60 2
      vertex -1.48717 60.1958 -2
      vertex -1.48717 60.1958 2
    endloop
  endfacet
  facet normal 0.99786 -0.0653858 0
    outer loop
      vertex -1.48717 60.1958 -2
      vertex -1.5 60 2
      vertex -1.5 60 -2
    endloop
  endfacet
  facet normal 0.831399 0.555676 0
    outer loop
      vertex -1.19003 59.0869 2
      vertex -1.29904 59.25 -2
      vertex -1.29904 59.25 2
    endloop
  endfacet
  facet normal 0.831399 0.555676 0
    outer loop
      vertex -1.29904 59.25 -2
      vertex -1.19003 59.0869 2
      vertex -1.19003 59.0869 -2
    endloop
  endfacet
  facet normal 0.980776 0.195136 0
    outer loop
      vertex -1.44889 59.6118 2
      vertex -1.48717 59.8042 -2
      vertex -1.48717 59.8042 2
    endloop
  endfacet
  facet normal 0.980776 0.195136 0
    outer loop
      vertex -1.48717 59.8042 -2
      vertex -1.44889 59.6118 2
      vertex -1.44889 59.6118 -2
    endloop
  endfacet
  facet normal -0.831399 0.555676 0
    outer loop
      vertex 1.19003 59.0869 -2
      vertex 1.29904 59.25 2
      vertex 1.29904 59.25 -2
    endloop
  endfacet
  facet normal -0.831399 0.555676 0
    outer loop
      vertex 1.29904 59.25 2
      vertex 1.19003 59.0869 -2
      vertex 1.19003 59.0869 2
    endloop
  endfacet
  facet normal 0.555544 -0.831487 0
    outer loop
      vertex -0.913141 61.19 -2
      vertex -0.75 61.299 2
      vertex -0.913141 61.19 2
    endloop
  endfacet
  facet normal 0.555544 -0.831487 0
    outer loop
      vertex -0.75 61.299 2
      vertex -0.913141 61.19 -2
      vertex -0.75 61.299 -2
    endloop
  endfacet
  facet normal 0.99786 0.0653858 0
    outer loop
      vertex -1.48717 59.8042 2
      vertex -1.5 60 -2
      vertex -1.5 60 2
    endloop
  endfacet
  facet normal 0.99786 0.0653858 0
    outer loop
      vertex -1.5 60 -2
      vertex -1.48717 59.8042 2
      vertex -1.48717 59.8042 -2
    endloop
  endfacet
  facet normal 0.0652376 -0.99787 0
    outer loop
      vertex -0.195788 61.4872 -2
      vertex 0 61.5 2
      vertex -0.195788 61.4872 2
    endloop
  endfacet
  facet normal 0.0652376 -0.99787 0
    outer loop
      vertex 0 61.5 2
      vertex -0.195788 61.4872 -2
      vertex 0 61.5 -2
    endloop
  endfacet
  facet normal -0.442363 -0.896836 0
    outer loop
      vertex 0.574024 61.3858 -2
      vertex 0.75 61.299 2
      vertex 0.574024 61.3858 2
    endloop
  endfacet
  facet normal -0.442363 -0.896836 -0
    outer loop
      vertex 0.75 61.299 2
      vertex 0.574024 61.3858 -2
      vertex 0.75 61.299 -2
    endloop
  endfacet
  facet normal -0.555544 0.831487 0
    outer loop
      vertex 0.913141 58.81 -2
      vertex 0.75 58.701 2
      vertex 0.913141 58.81 2
    endloop
  endfacet
  facet normal -0.555544 0.831487 0
    outer loop
      vertex 0.75 58.701 2
      vertex 0.913141 58.81 -2
      vertex 0.75 58.701 -2
    endloop
  endfacet
  facet normal -0.980776 0.195136 0
    outer loop
      vertex 1.44889 59.6118 -2
      vertex 1.48717 59.8042 2
      vertex 1.48717 59.8042 -2
    endloop
  endfacet
  facet normal -0.980776 0.195136 0
    outer loop
      vertex 1.48717 59.8042 2
      vertex 1.44889 59.6118 -2
      vertex 1.44889 59.6118 2
    endloop
  endfacet
  facet normal 0.752021 -0.659139 0
    outer loop
      vertex -1.19003 60.9131 2
      vertex -1.06066 61.0607 -2
      vertex -1.06066 61.0607 2
    endloop
  endfacet
  facet normal 0.752021 -0.659139 0
    outer loop
      vertex -1.06066 61.0607 -2
      vertex -1.19003 60.9131 2
      vertex -1.19003 60.9131 -2
    endloop
  endfacet
  facet normal 0.8969 -0.442233 0
    outer loop
      vertex -1.38582 60.574 2
      vertex -1.29904 60.75 -2
      vertex -1.29904 60.75 2
    endloop
  endfacet
  facet normal 0.8969 -0.442233 0
    outer loop
      vertex -1.29904 60.75 -2
      vertex -1.38582 60.574 2
      vertex -1.38582 60.574 -2
    endloop
  endfacet
  facet normal -0.831399 -0.555676 0
    outer loop
      vertex 1.29904 60.75 -2
      vertex 1.19003 60.9131 2
      vertex 1.19003 60.9131 -2
    endloop
  endfacet
  facet normal -0.831399 -0.555676 0
    outer loop
      vertex 1.19003 60.9131 2
      vertex 1.29904 60.75 -2
      vertex 1.29904 60.75 2
    endloop
  endfacet
  facet normal 0.32158 0.946882 -0
    outer loop
      vertex -0.388228 58.5511 -2
      vertex -0.574024 58.6142 2
      vertex -0.388228 58.5511 2
    endloop
  endfacet
  facet normal 0.32158 0.946882 0
    outer loop
      vertex -0.574024 58.6142 2
      vertex -0.388228 58.5511 -2
      vertex -0.574024 58.6142 -2
    endloop
  endfacet
  facet normal 0.8969 0.442233 0
    outer loop
      vertex -1.29904 59.25 2
      vertex -1.38582 59.426 -2
      vertex -1.38582 59.426 2
    endloop
  endfacet
  facet normal 0.8969 0.442233 0
    outer loop
      vertex -1.38582 59.426 -2
      vertex -1.29904 59.25 2
      vertex -1.29904 59.25 -2
    endloop
  endfacet
  facet normal -0.555544 -0.831487 0
    outer loop
      vertex 0.75 61.299 -2
      vertex 0.913141 61.19 2
      vertex 0.75 61.299 2
    endloop
  endfacet
  facet normal -0.555544 -0.831487 -0
    outer loop
      vertex 0.913141 61.19 2
      vertex 0.75 61.299 -2
      vertex 0.913141 61.19 -2
    endloop
  endfacet
  facet normal 0.980776 -0.195136 0
    outer loop
      vertex -1.48717 60.1958 2
      vertex -1.44889 60.3882 -2
      vertex -1.44889 60.3882 2
    endloop
  endfacet
  facet normal 0.980776 -0.195136 0
    outer loop
      vertex -1.44889 60.3882 -2
      vertex -1.48717 60.1958 2
      vertex -1.48717 60.1958 -2
    endloop
  endfacet
  facet normal -0.32158 -0.946882 0
    outer loop
      vertex 0.388228 61.4489 -2
      vertex 0.574024 61.3858 2
      vertex 0.388228 61.4489 2
    endloop
  endfacet
  facet normal -0.32158 -0.946882 -0
    outer loop
      vertex 0.574024 61.3858 2
      vertex 0.388228 61.4489 -2
      vertex 0.574024 61.3858 -2
    endloop
  endfacet
  facet normal -0.659142 0.752018 0
    outer loop
      vertex 1.06066 58.9393 -2
      vertex 0.913141 58.81 2
      vertex 1.06066 58.9393 2
    endloop
  endfacet
  facet normal -0.659142 0.752018 0
    outer loop
      vertex 0.913141 58.81 2
      vertex 1.06066 58.9393 -2
      vertex 0.913141 58.81 -2
    endloop
  endfacet
  facet normal 0.195195 -0.980764 0
    outer loop
      vertex -0.388228 61.4489 -2
      vertex -0.195788 61.4872 2
      vertex -0.388228 61.4489 2
    endloop
  endfacet
  facet normal 0.195195 -0.980764 0
    outer loop
      vertex -0.195788 61.4872 2
      vertex -0.388228 61.4489 -2
      vertex -0.195788 61.4872 -2
    endloop
  endfacet
  facet normal -0.8969 -0.442233 0
    outer loop
      vertex 1.38582 60.574 -2
      vertex 1.29904 60.75 2
      vertex 1.29904 60.75 -2
    endloop
  endfacet
  facet normal -0.8969 -0.442233 0
    outer loop
      vertex 1.29904 60.75 2
      vertex 1.38582 60.574 -2
      vertex 1.38582 60.574 2
    endloop
  endfacet
  facet normal 0.555544 0.831487 -0
    outer loop
      vertex -0.75 58.701 -2
      vertex -0.913141 58.81 2
      vertex -0.75 58.701 2
    endloop
  endfacet
  facet normal 0.555544 0.831487 0
    outer loop
      vertex -0.913141 58.81 2
      vertex -0.75 58.701 -2
      vertex -0.913141 58.81 -2
    endloop
  endfacet
  facet normal 0.659142 0.752018 -0
    outer loop
      vertex -0.913141 58.81 -2
      vertex -1.06066 58.9393 2
      vertex -0.913141 58.81 2
    endloop
  endfacet
  facet normal 0.659142 0.752018 0
    outer loop
      vertex -1.06066 58.9393 2
      vertex -0.913141 58.81 -2
      vertex -1.06066 58.9393 -2
    endloop
  endfacet
  facet normal -0.752021 0.659139 0
    outer loop
      vertex 1.06066 58.9393 -2
      vertex 1.19003 59.0869 2
      vertex 1.19003 59.0869 -2
    endloop
  endfacet
  facet normal -0.752021 0.659139 0
    outer loop
      vertex 1.19003 59.0869 2
      vertex 1.06066 58.9393 -2
      vertex 1.06066 58.9393 2
    endloop
  endfacet
  facet normal 0.831399 -0.555676 0
    outer loop
      vertex -1.29904 60.75 2
      vertex -1.19003 60.9131 -2
      vertex -1.19003 60.9131 2
    endloop
  endfacet
  facet normal 0.831399 -0.555676 0
    outer loop
      vertex -1.19003 60.9131 -2
      vertex -1.29904 60.75 2
      vertex -1.29904 60.75 -2
    endloop
  endfacet
  facet normal 0.946931 0.321437 0
    outer loop
      vertex -1.38582 59.426 2
      vertex -1.44889 59.6118 -2
      vertex -1.44889 59.6118 2
    endloop
  endfacet
  facet normal 0.946931 0.321437 0
    outer loop
      vertex -1.44889 59.6118 -2
      vertex -1.38582 59.426 2
      vertex -1.38582 59.426 -2
    endloop
  endfacet
  facet normal 0.659142 -0.752018 0
    outer loop
      vertex -1.06066 61.0607 -2
      vertex -0.913141 61.19 2
      vertex -1.06066 61.0607 2
    endloop
  endfacet
  facet normal 0.659142 -0.752018 0
    outer loop
      vertex -0.913141 61.19 2
      vertex -1.06066 61.0607 -2
      vertex -0.913141 61.19 -2
    endloop
  endfacet
  facet normal -0.752021 -0.659139 0
    outer loop
      vertex 1.19003 60.9131 -2
      vertex 1.06066 61.0607 2
      vertex 1.06066 61.0607 -2
    endloop
  endfacet
  facet normal -0.752021 -0.659139 0
    outer loop
      vertex 1.06066 61.0607 2
      vertex 1.19003 60.9131 -2
      vertex 1.19003 60.9131 2
    endloop
  endfacet
  facet normal -0.946931 -0.321437 0
    outer loop
      vertex 1.44889 60.3882 -2
      vertex 1.38582 60.574 2
      vertex 1.38582 60.574 -2
    endloop
  endfacet
  facet normal -0.946931 -0.321437 0
    outer loop
      vertex 1.38582 60.574 2
      vertex 1.44889 60.3882 -2
      vertex 1.44889 60.3882 2
    endloop
  endfacet
  facet normal -0.32158 0.946882 0
    outer loop
      vertex 0.574024 58.6142 -2
      vertex 0.388228 58.5511 2
      vertex 0.574024 58.6142 2
    endloop
  endfacet
  facet normal -0.32158 0.946882 0
    outer loop
      vertex 0.388228 58.5511 2
      vertex 0.574024 58.6142 -2
      vertex 0.388228 58.5511 -2
    endloop
  endfacet
  facet normal -0.442363 0.896836 0
    outer loop
      vertex 0.75 58.701 -2
      vertex 0.574024 58.6142 2
      vertex 0.75 58.701 2
    endloop
  endfacet
  facet normal -0.442363 0.896836 0
    outer loop
      vertex 0.574024 58.6142 2
      vertex 0.75 58.701 -2
      vertex 0.574024 58.6142 -2
    endloop
  endfacet
  facet normal 0.32158 -0.946882 0
    outer loop
      vertex -0.574024 61.3858 -2
      vertex -0.388228 61.4489 2
      vertex -0.574024 61.3858 2
    endloop
  endfacet
  facet normal 0.32158 -0.946882 0
    outer loop
      vertex -0.388228 61.4489 2
      vertex -0.574024 61.3858 -2
      vertex -0.388228 61.4489 -2
    endloop
  endfacet
  facet normal -0.946931 0.321437 0
    outer loop
      vertex 1.38582 59.426 -2
      vertex 1.44889 59.6118 2
      vertex 1.44889 59.6118 -2
    endloop
  endfacet
  facet normal -0.946931 0.321437 0
    outer loop
      vertex 1.44889 59.6118 2
      vertex 1.38582 59.426 -2
      vertex 1.38582 59.426 2
    endloop
  endfacet
  facet normal -0.0652376 0.99787 0
    outer loop
      vertex 0.195788 58.5128 -2
      vertex 0 58.5 2
      vertex 0.195788 58.5128 2
    endloop
  endfacet
  facet normal -0.0652376 0.99787 0
    outer loop
      vertex 0 58.5 2
      vertex 0.195788 58.5128 -2
      vertex 0 58.5 -2
    endloop
  endfacet
  facet normal -0.195195 -0.980764 0
    outer loop
      vertex 0.195788 61.4872 -2
      vertex 0.388228 61.4489 2
      vertex 0.195788 61.4872 2
    endloop
  endfacet
  facet normal -0.195195 -0.980764 -0
    outer loop
      vertex 0.388228 61.4489 2
      vertex 0.195788 61.4872 -2
      vertex 0.388228 61.4489 -2
    endloop
  endfacet
  facet normal 0.442363 0.896836 -0
    outer loop
      vertex -0.574024 58.6142 -2
      vertex -0.75 58.701 2
      vertex -0.574024 58.6142 2
    endloop
  endfacet
  facet normal 0.442363 0.896836 0
    outer loop
      vertex -0.75 58.701 2
      vertex -0.574024 58.6142 -2
      vertex -0.75 58.701 -2
    endloop
  endfacet
  facet normal 0.946931 -0.321437 0
    outer loop
      vertex -1.44889 60.3882 2
      vertex -1.38582 60.574 -2
      vertex -1.38582 60.574 2
    endloop
  endfacet
  facet normal 0.946931 -0.321437 0
    outer loop
      vertex -1.38582 60.574 -2
      vertex -1.44889 60.3882 2
      vertex -1.44889 60.3882 -2
    endloop
  endfacet
endsolid OpenSCAD_Model
