solid OpenSCAD_Model
  facet normal 0 0 1
    outer loop
      vertex 4.27968 0.56343 65.8587
      vertex 4.27968 -0.56343 65.8587
      vertex 4.31661 0 65.8587
    endloop
  endfacet
  facet normal 0 0 1
    outer loop
      vertex 4.16952 1.11722 65.8587
      vertex 4.27968 -0.56343 65.8587
      vertex 4.27968 0.56343 65.8587
    endloop
  endfacet
  facet normal 0 0 1
    outer loop
      vertex 4.16952 1.11722 65.8587
      vertex 4.16952 -1.11722 65.8587
      vertex 4.27968 -0.56343 65.8587
    endloop
  endfacet
  facet normal 0 0 1
    outer loop
      vertex 3.98802 1.65189 65.8587
      vertex 4.16952 -1.11722 65.8587
      vertex 4.16952 1.11722 65.8587
    endloop
  endfacet
  facet normal 0 0 1
    outer loop
      vertex 3.98802 1.65189 65.8587
      vertex 3.98802 -1.65189 65.8587
      vertex 4.16952 -1.11722 65.8587
    endloop
  endfacet
  facet normal 0 0 1
    outer loop
      vertex 3.73829 2.1583 65.8587
      vertex 3.98802 -1.65189 65.8587
      vertex 3.98802 1.65189 65.8587
    endloop
  endfacet
  facet normal 0 0 1
    outer loop
      vertex 3.73829 2.1583 65.8587
      vertex 3.73829 -2.1583 65.8587
      vertex 3.98802 -1.65189 65.8587
    endloop
  endfacet
  facet normal 0 0 1
    outer loop
      vertex 3.42459 2.62778 65.8587
      vertex 3.73829 -2.1583 65.8587
      vertex 3.73829 2.1583 65.8587
    endloop
  endfacet
  facet normal 0 0 1
    outer loop
      vertex 3.42459 2.62778 65.8587
      vertex 3.42459 -2.62778 65.8587
      vertex 3.73829 -2.1583 65.8587
    endloop
  endfacet
  facet normal 0 0 1
    outer loop
      vertex 3.0523 3.0523 65.8587
      vertex 3.42459 -2.62778 65.8587
      vertex 3.42459 2.62778 65.8587
    endloop
  endfacet
  facet normal 0 0 1
    outer loop
      vertex 3.0523 3.0523 65.8587
      vertex 3.0523 -3.0523 65.8587
      vertex 3.42459 -2.62778 65.8587
    endloop
  endfacet
  facet normal 0 0 1
    outer loop
      vertex 2.62778 3.42459 65.8587
      vertex 3.0523 -3.0523 65.8587
      vertex 3.0523 3.0523 65.8587
    endloop
  endfacet
  facet normal 0 0 1
    outer loop
      vertex 2.62778 3.42459 65.8587
      vertex 2.62778 -3.42459 65.8587
      vertex 3.0523 -3.0523 65.8587
    endloop
  endfacet
  facet normal 0 0 1
    outer loop
      vertex 2.1583 3.73829 65.8587
      vertex 2.62778 -3.42459 65.8587
      vertex 2.62778 3.42459 65.8587
    endloop
  endfacet
  facet normal 0 0 1
    outer loop
      vertex 2.1583 3.73829 65.8587
      vertex 2.1583 -3.73829 65.8587
      vertex 2.62778 -3.42459 65.8587
    endloop
  endfacet
  facet normal 0 0 1
    outer loop
      vertex 1.65189 3.98802 65.8587
      vertex 2.1583 -3.73829 65.8587
      vertex 2.1583 3.73829 65.8587
    endloop
  endfacet
  facet normal 0 0 1
    outer loop
      vertex 1.65189 3.98802 65.8587
      vertex 1.65189 -3.98802 65.8587
      vertex 2.1583 -3.73829 65.8587
    endloop
  endfacet
  facet normal 0 0 1
    outer loop
      vertex 1.11722 4.16952 65.8587
      vertex 1.65189 -3.98802 65.8587
      vertex 1.65189 3.98802 65.8587
    endloop
  endfacet
  facet normal 0 0 1
    outer loop
      vertex 1.11722 4.16952 65.8587
      vertex 1.11722 -4.16952 65.8587
      vertex 1.65189 -3.98802 65.8587
    endloop
  endfacet
  facet normal 0 0 1
    outer loop
      vertex 0.56343 4.27968 65.8587
      vertex 1.11722 -4.16952 65.8587
      vertex 1.11722 4.16952 65.8587
    endloop
  endfacet
  facet normal 0 0 1
    outer loop
      vertex 0.56343 4.27968 65.8587
      vertex 0.56343 -4.27968 65.8587
      vertex 1.11722 -4.16952 65.8587
    endloop
  endfacet
  facet normal 0 0 1
    outer loop
      vertex 0 4.31661 65.8587
      vertex 0.56343 -4.27968 65.8587
      vertex 0.56343 4.27968 65.8587
    endloop
  endfacet
  facet normal 0 0 1
    outer loop
      vertex 0 4.31661 65.8587
      vertex -0 -4.31661 65.8587
      vertex 0.56343 -4.27968 65.8587
    endloop
  endfacet
  facet normal -0 0 1
    outer loop
      vertex -0.56343 4.27968 65.8587
      vertex -0 -4.31661 65.8587
      vertex 0 4.31661 65.8587
    endloop
  endfacet
  facet normal 0 0 1
    outer loop
      vertex -0.56343 4.27968 65.8587
      vertex -0.56343 -4.27968 65.8587
      vertex -0 -4.31661 65.8587
    endloop
  endfacet
  facet normal -0 0 1
    outer loop
      vertex -1.11722 4.16952 65.8587
      vertex -0.56343 -4.27968 65.8587
      vertex -0.56343 4.27968 65.8587
    endloop
  endfacet
  facet normal 0 0 1
    outer loop
      vertex -1.11722 4.16952 65.8587
      vertex -1.11722 -4.16952 65.8587
      vertex -0.56343 -4.27968 65.8587
    endloop
  endfacet
  facet normal -0 0 1
    outer loop
      vertex -1.65189 3.98802 65.8587
      vertex -1.11722 -4.16952 65.8587
      vertex -1.11722 4.16952 65.8587
    endloop
  endfacet
  facet normal 0 0 1
    outer loop
      vertex -1.65189 3.98802 65.8587
      vertex -1.65189 -3.98802 65.8587
      vertex -1.11722 -4.16952 65.8587
    endloop
  endfacet
  facet normal -0 0 1
    outer loop
      vertex -2.1583 3.73829 65.8587
      vertex -1.65189 -3.98802 65.8587
      vertex -1.65189 3.98802 65.8587
    endloop
  endfacet
  facet normal 0 0 1
    outer loop
      vertex -2.1583 3.73829 65.8587
      vertex -2.1583 -3.73829 65.8587
      vertex -1.65189 -3.98802 65.8587
    endloop
  endfacet
  facet normal -0 0 1
    outer loop
      vertex -2.62778 3.42459 65.8587
      vertex -2.1583 -3.73829 65.8587
      vertex -2.1583 3.73829 65.8587
    endloop
  endfacet
  facet normal 0 0 1
    outer loop
      vertex -2.62778 3.42459 65.8587
      vertex -2.62778 -3.42459 65.8587
      vertex -2.1583 -3.73829 65.8587
    endloop
  endfacet
  facet normal -0 0 1
    outer loop
      vertex -3.0523 3.0523 65.8587
      vertex -2.62778 -3.42459 65.8587
      vertex -2.62778 3.42459 65.8587
    endloop
  endfacet
  facet normal 0 0 1
    outer loop
      vertex -3.0523 3.0523 65.8587
      vertex -3.0523 -3.0523 65.8587
      vertex -2.62778 -3.42459 65.8587
    endloop
  endfacet
  facet normal -0 0 1
    outer loop
      vertex -3.42459 2.62778 65.8587
      vertex -3.0523 -3.0523 65.8587
      vertex -3.0523 3.0523 65.8587
    endloop
  endfacet
  facet normal 0 0 1
    outer loop
      vertex -3.42459 2.62778 65.8587
      vertex -3.42459 -2.62778 65.8587
      vertex -3.0523 -3.0523 65.8587
    endloop
  endfacet
  facet normal -0 0 1
    outer loop
      vertex -3.73829 2.1583 65.8587
      vertex -3.42459 -2.62778 65.8587
      vertex -3.42459 2.62778 65.8587
    endloop
  endfacet
  facet normal 0 0 1
    outer loop
      vertex -3.73829 2.1583 65.8587
      vertex -3.73829 -2.1583 65.8587
      vertex -3.42459 -2.62778 65.8587
    endloop
  endfacet
  facet normal -0 0 1
    outer loop
      vertex -3.98802 1.65189 65.8587
      vertex -3.73829 -2.1583 65.8587
      vertex -3.73829 2.1583 65.8587
    endloop
  endfacet
  facet normal 0 0 1
    outer loop
      vertex -3.98802 1.65189 65.8587
      vertex -3.98802 -1.65189 65.8587
      vertex -3.73829 -2.1583 65.8587
    endloop
  endfacet
  facet normal -0 0 1
    outer loop
      vertex -4.16952 1.11722 65.8587
      vertex -3.98802 -1.65189 65.8587
      vertex -3.98802 1.65189 65.8587
    endloop
  endfacet
  facet normal 0 0 1
    outer loop
      vertex -4.16952 1.11722 65.8587
      vertex -4.16952 -1.11722 65.8587
      vertex -3.98802 -1.65189 65.8587
    endloop
  endfacet
  facet normal -0 0 1
    outer loop
      vertex -4.27968 0.56343 65.8587
      vertex -4.16952 -1.11722 65.8587
      vertex -4.16952 1.11722 65.8587
    endloop
  endfacet
  facet normal 0 0 1
    outer loop
      vertex -4.27968 0.56343 65.8587
      vertex -4.27968 -0.56343 65.8587
      vertex -4.16952 -1.11722 65.8587
    endloop
  endfacet
  facet normal 0 -0 1
    outer loop
      vertex -4.27968 -0.56343 65.8587
      vertex -4.27968 0.56343 65.8587
      vertex -4.31661 -0 65.8587
    endloop
  endfacet
  facet normal 0.130525 0.00855853 0.991408
    outer loop
      vertex 12.876 0 64.7318
      vertex 12.7658 1.68065 64.7318
      vertex 4.31661 0 65.8587
    endloop
  endfacet
  facet normal 0.130526 0.00855532 0.991408
    outer loop
      vertex 12.7658 1.68065 64.7318
      vertex 4.27968 0.56343 65.8587
      vertex 4.31661 0 65.8587
    endloop
  endfacet
  facet normal 0.128293 0.0255204 0.991408
    outer loop
      vertex 12.7658 1.68065 64.7318
      vertex 12.4372 3.33254 64.7318
      vertex 4.27968 0.56343 65.8587
    endloop
  endfacet
  facet normal 0.128293 0.02552 0.991408
    outer loop
      vertex 12.4372 3.33254 64.7318
      vertex 4.16952 1.11722 65.8587
      vertex 4.27968 0.56343 65.8587
    endloop
  endfacet
  facet normal 0.123864 0.0420471 0.991408
    outer loop
      vertex 12.4372 3.33254 64.7318
      vertex 11.8958 4.92742 64.7318
      vertex 4.16952 1.11722 65.8587
    endloop
  endfacet
  facet normal 0.123864 0.0420472 0.991408
    outer loop
      vertex 11.8958 4.92742 64.7318
      vertex 3.98802 1.65189 65.8587
      vertex 4.16952 1.11722 65.8587
    endloop
  endfacet
  facet normal 0.117317 0.0578525 0.991408
    outer loop
      vertex 11.8958 4.92742 64.7318
      vertex 11.1509 6.43798 64.7318
      vertex 3.98802 1.65189 65.8587
    endloop
  endfacet
  facet normal 0.117317 0.0578534 0.991408
    outer loop
      vertex 11.1509 6.43798 64.7318
      vertex 3.73829 2.1583 65.8587
      vertex 3.98802 1.65189 65.8587
    endloop
  endfacet
  facet normal 0.108762 0.0726706 0.991408
    outer loop
      vertex 11.1509 6.43798 64.7318
      vertex 10.2152 7.83839 64.7318
      vertex 3.73829 2.1583 65.8587
    endloop
  endfacet
  facet normal 0.108761 0.0726723 0.991408
    outer loop
      vertex 10.2152 7.83839 64.7318
      vertex 3.42459 2.62778 65.8587
      vertex 3.73829 2.1583 65.8587
    endloop
  endfacet
  facet normal 0.0983445 0.0862468 0.991408
    outer loop
      vertex 10.2152 7.83839 64.7318
      vertex 9.10468 9.10468 64.7318
      vertex 3.42459 2.62778 65.8587
    endloop
  endfacet
  facet normal 0.0983456 0.0862458 0.991408
    outer loop
      vertex 9.10468 9.10468 64.7318
      vertex 3.0523 3.0523 65.8587
      vertex 3.42459 2.62778 65.8587
    endloop
  endfacet
  facet normal 0.0862469 0.0983446 0.991408
    outer loop
      vertex 9.10468 9.10468 64.7318
      vertex 7.83839 10.2152 64.7318
      vertex 3.0523 3.0523 65.8587
    endloop
  endfacet
  facet normal 0.0862457 0.0983454 0.991408
    outer loop
      vertex 7.83839 10.2152 64.7318
      vertex 2.62778 3.42459 65.8587
      vertex 3.0523 3.0523 65.8587
    endloop
  endfacet
  facet normal 0.0726705 0.108762 0.991408
    outer loop
      vertex 7.83839 10.2152 64.7318
      vertex 6.43798 11.1509 64.7318
      vertex 2.62778 3.42459 65.8587
    endloop
  endfacet
  facet normal 0.0726725 0.108761 0.991408
    outer loop
      vertex 6.43798 11.1509 64.7318
      vertex 2.1583 3.73829 65.8587
      vertex 2.62778 3.42459 65.8587
    endloop
  endfacet
  facet normal 0.0578525 0.117317 0.991408
    outer loop
      vertex 6.43798 11.1509 64.7318
      vertex 4.92742 11.8958 64.7318
      vertex 2.1583 3.73829 65.8587
    endloop
  endfacet
  facet normal 0.0578535 0.117317 0.991408
    outer loop
      vertex 4.92742 11.8958 64.7318
      vertex 1.65189 3.98802 65.8587
      vertex 2.1583 3.73829 65.8587
    endloop
  endfacet
  facet normal 0.0420471 0.123864 0.991408
    outer loop
      vertex 4.92742 11.8958 64.7318
      vertex 3.33254 12.4372 64.7318
      vertex 1.65189 3.98802 65.8587
    endloop
  endfacet
  facet normal 0.0420472 0.123864 0.991408
    outer loop
      vertex 3.33254 12.4372 64.7318
      vertex 1.11722 4.16952 65.8587
      vertex 1.65189 3.98802 65.8587
    endloop
  endfacet
  facet normal 0.0255204 0.128293 0.991408
    outer loop
      vertex 3.33254 12.4372 64.7318
      vertex 1.68065 12.7658 64.7318
      vertex 1.11722 4.16952 65.8587
    endloop
  endfacet
  facet normal 0.02552 0.128293 0.991408
    outer loop
      vertex 1.68065 12.7658 64.7318
      vertex 0.56343 4.27968 65.8587
      vertex 1.11722 4.16952 65.8587
    endloop
  endfacet
  facet normal 0.00855855 0.130526 0.991408
    outer loop
      vertex 1.68065 12.7658 64.7318
      vertex 0 12.876 64.7318
      vertex 0.56343 4.27968 65.8587
    endloop
  endfacet
  facet normal 0.00855528 0.130525 0.991408
    outer loop
      vertex 0 12.876 64.7318
      vertex 0 4.31661 65.8587
      vertex 0.56343 4.27968 65.8587
    endloop
  endfacet
  facet normal -0.00855853 0.130525 0.991408
    outer loop
      vertex 0 12.876 64.7318
      vertex -1.68065 12.7658 64.7318
      vertex 0 4.31661 65.8587
    endloop
  endfacet
  facet normal -0.00855532 0.130526 0.991408
    outer loop
      vertex -1.68065 12.7658 64.7318
      vertex -0.56343 4.27968 65.8587
      vertex 0 4.31661 65.8587
    endloop
  endfacet
  facet normal -0.0255204 0.128293 0.991408
    outer loop
      vertex -1.68065 12.7658 64.7318
      vertex -3.33254 12.4372 64.7318
      vertex -0.56343 4.27968 65.8587
    endloop
  endfacet
  facet normal -0.02552 0.128293 0.991408
    outer loop
      vertex -3.33254 12.4372 64.7318
      vertex -1.11722 4.16952 65.8587
      vertex -0.56343 4.27968 65.8587
    endloop
  endfacet
  facet normal -0.0420471 0.123864 0.991408
    outer loop
      vertex -3.33254 12.4372 64.7318
      vertex -4.92742 11.8958 64.7318
      vertex -1.11722 4.16952 65.8587
    endloop
  endfacet
  facet normal -0.0420472 0.123864 0.991408
    outer loop
      vertex -4.92742 11.8958 64.7318
      vertex -1.65189 3.98802 65.8587
      vertex -1.11722 4.16952 65.8587
    endloop
  endfacet
  facet normal -0.0578525 0.117317 0.991408
    outer loop
      vertex -4.92742 11.8958 64.7318
      vertex -6.43798 11.1509 64.7318
      vertex -1.65189 3.98802 65.8587
    endloop
  endfacet
  facet normal -0.0578534 0.117317 0.991408
    outer loop
      vertex -6.43798 11.1509 64.7318
      vertex -2.1583 3.73829 65.8587
      vertex -1.65189 3.98802 65.8587
    endloop
  endfacet
  facet normal -0.0726706 0.108762 0.991408
    outer loop
      vertex -6.43798 11.1509 64.7318
      vertex -7.83839 10.2152 64.7318
      vertex -2.1583 3.73829 65.8587
    endloop
  endfacet
  facet normal -0.0726723 0.108761 0.991408
    outer loop
      vertex -7.83839 10.2152 64.7318
      vertex -2.62778 3.42459 65.8587
      vertex -2.1583 3.73829 65.8587
    endloop
  endfacet
  facet normal -0.0862468 0.0983445 0.991408
    outer loop
      vertex -7.83839 10.2152 64.7318
      vertex -9.10468 9.10468 64.7318
      vertex -2.62778 3.42459 65.8587
    endloop
  endfacet
  facet normal -0.0862458 0.0983456 0.991408
    outer loop
      vertex -9.10468 9.10468 64.7318
      vertex -3.0523 3.0523 65.8587
      vertex -2.62778 3.42459 65.8587
    endloop
  endfacet
  facet normal -0.0983446 0.0862469 0.991408
    outer loop
      vertex -9.10468 9.10468 64.7318
      vertex -10.2152 7.83839 64.7318
      vertex -3.0523 3.0523 65.8587
    endloop
  endfacet
  facet normal -0.0983454 0.0862457 0.991408
    outer loop
      vertex -10.2152 7.83839 64.7318
      vertex -3.42459 2.62778 65.8587
      vertex -3.0523 3.0523 65.8587
    endloop
  endfacet
  facet normal -0.108762 0.0726705 0.991408
    outer loop
      vertex -10.2152 7.83839 64.7318
      vertex -11.1509 6.43798 64.7318
      vertex -3.42459 2.62778 65.8587
    endloop
  endfacet
  facet normal -0.108761 0.0726725 0.991408
    outer loop
      vertex -11.1509 6.43798 64.7318
      vertex -3.73829 2.1583 65.8587
      vertex -3.42459 2.62778 65.8587
    endloop
  endfacet
  facet normal -0.117317 0.0578525 0.991408
    outer loop
      vertex -11.1509 6.43798 64.7318
      vertex -11.8958 4.92742 64.7318
      vertex -3.73829 2.1583 65.8587
    endloop
  endfacet
  facet normal -0.117317 0.0578535 0.991408
    outer loop
      vertex -11.8958 4.92742 64.7318
      vertex -3.98802 1.65189 65.8587
      vertex -3.73829 2.1583 65.8587
    endloop
  endfacet
  facet normal -0.123864 0.0420471 0.991408
    outer loop
      vertex -11.8958 4.92742 64.7318
      vertex -12.4372 3.33254 64.7318
      vertex -3.98802 1.65189 65.8587
    endloop
  endfacet
  facet normal -0.123864 0.0420472 0.991408
    outer loop
      vertex -12.4372 3.33254 64.7318
      vertex -4.16952 1.11722 65.8587
      vertex -3.98802 1.65189 65.8587
    endloop
  endfacet
  facet normal -0.128293 0.0255204 0.991408
    outer loop
      vertex -12.4372 3.33254 64.7318
      vertex -12.7658 1.68065 64.7318
      vertex -4.16952 1.11722 65.8587
    endloop
  endfacet
  facet normal -0.128293 0.02552 0.991408
    outer loop
      vertex -12.7658 1.68065 64.7318
      vertex -4.27968 0.56343 65.8587
      vertex -4.16952 1.11722 65.8587
    endloop
  endfacet
  facet normal -0.130526 0.00855855 0.991408
    outer loop
      vertex -12.7658 1.68065 64.7318
      vertex -12.876 -0 64.7318
      vertex -4.27968 0.56343 65.8587
    endloop
  endfacet
  facet normal -0.130525 0.00855528 0.991408
    outer loop
      vertex -12.876 -0 64.7318
      vertex -4.31661 -0 65.8587
      vertex -4.27968 0.56343 65.8587
    endloop
  endfacet
  facet normal -0.130525 -0.00855853 0.991408
    outer loop
      vertex -12.876 -0 64.7318
      vertex -12.7658 -1.68065 64.7318
      vertex -4.31661 -0 65.8587
    endloop
  endfacet
  facet normal -0.130526 -0.00855532 0.991408
    outer loop
      vertex -12.7658 -1.68065 64.7318
      vertex -4.27968 -0.56343 65.8587
      vertex -4.31661 -0 65.8587
    endloop
  endfacet
  facet normal -0.128293 -0.0255204 0.991408
    outer loop
      vertex -12.7658 -1.68065 64.7318
      vertex -12.4372 -3.33254 64.7318
      vertex -4.27968 -0.56343 65.8587
    endloop
  endfacet
  facet normal -0.128293 -0.02552 0.991408
    outer loop
      vertex -12.4372 -3.33254 64.7318
      vertex -4.16952 -1.11722 65.8587
      vertex -4.27968 -0.56343 65.8587
    endloop
  endfacet
  facet normal -0.123864 -0.0420471 0.991408
    outer loop
      vertex -12.4372 -3.33254 64.7318
      vertex -11.8958 -4.92742 64.7318
      vertex -4.16952 -1.11722 65.8587
    endloop
  endfacet
  facet normal -0.123864 -0.0420472 0.991408
    outer loop
      vertex -11.8958 -4.92742 64.7318
      vertex -3.98802 -1.65189 65.8587
      vertex -4.16952 -1.11722 65.8587
    endloop
  endfacet
  facet normal -0.117317 -0.0578525 0.991408
    outer loop
      vertex -11.8958 -4.92742 64.7318
      vertex -11.1509 -6.43798 64.7318
      vertex -3.98802 -1.65189 65.8587
    endloop
  endfacet
  facet normal -0.117317 -0.0578534 0.991408
    outer loop
      vertex -11.1509 -6.43798 64.7318
      vertex -3.73829 -2.1583 65.8587
      vertex -3.98802 -1.65189 65.8587
    endloop
  endfacet
  facet normal -0.108762 -0.0726706 0.991408
    outer loop
      vertex -11.1509 -6.43798 64.7318
      vertex -10.2152 -7.83839 64.7318
      vertex -3.73829 -2.1583 65.8587
    endloop
  endfacet
  facet normal -0.108761 -0.0726723 0.991408
    outer loop
      vertex -10.2152 -7.83839 64.7318
      vertex -3.42459 -2.62778 65.8587
      vertex -3.73829 -2.1583 65.8587
    endloop
  endfacet
  facet normal -0.0983445 -0.0862468 0.991408
    outer loop
      vertex -10.2152 -7.83839 64.7318
      vertex -9.10468 -9.10468 64.7318
      vertex -3.42459 -2.62778 65.8587
    endloop
  endfacet
  facet normal -0.0983456 -0.0862458 0.991408
    outer loop
      vertex -9.10468 -9.10468 64.7318
      vertex -3.0523 -3.0523 65.8587
      vertex -3.42459 -2.62778 65.8587
    endloop
  endfacet
  facet normal -0.0862469 -0.0983446 0.991408
    outer loop
      vertex -9.10468 -9.10468 64.7318
      vertex -7.83839 -10.2152 64.7318
      vertex -3.0523 -3.0523 65.8587
    endloop
  endfacet
  facet normal -0.0862457 -0.0983454 0.991408
    outer loop
      vertex -7.83839 -10.2152 64.7318
      vertex -2.62778 -3.42459 65.8587
      vertex -3.0523 -3.0523 65.8587
    endloop
  endfacet
  facet normal -0.0726705 -0.108762 0.991408
    outer loop
      vertex -7.83839 -10.2152 64.7318
      vertex -6.43798 -11.1509 64.7318
      vertex -2.62778 -3.42459 65.8587
    endloop
  endfacet
  facet normal -0.0726725 -0.108761 0.991408
    outer loop
      vertex -6.43798 -11.1509 64.7318
      vertex -2.1583 -3.73829 65.8587
      vertex -2.62778 -3.42459 65.8587
    endloop
  endfacet
  facet normal -0.0578525 -0.117317 0.991408
    outer loop
      vertex -6.43798 -11.1509 64.7318
      vertex -4.92742 -11.8958 64.7318
      vertex -2.1583 -3.73829 65.8587
    endloop
  endfacet
  facet normal -0.0578535 -0.117317 0.991408
    outer loop
      vertex -4.92742 -11.8958 64.7318
      vertex -1.65189 -3.98802 65.8587
      vertex -2.1583 -3.73829 65.8587
    endloop
  endfacet
  facet normal -0.0420471 -0.123864 0.991408
    outer loop
      vertex -4.92742 -11.8958 64.7318
      vertex -3.33254 -12.4372 64.7318
      vertex -1.65189 -3.98802 65.8587
    endloop
  endfacet
  facet normal -0.0420472 -0.123864 0.991408
    outer loop
      vertex -3.33254 -12.4372 64.7318
      vertex -1.11722 -4.16952 65.8587
      vertex -1.65189 -3.98802 65.8587
    endloop
  endfacet
  facet normal -0.0255204 -0.128293 0.991408
    outer loop
      vertex -3.33254 -12.4372 64.7318
      vertex -1.68065 -12.7658 64.7318
      vertex -1.11722 -4.16952 65.8587
    endloop
  endfacet
  facet normal -0.02552 -0.128293 0.991408
    outer loop
      vertex -1.68065 -12.7658 64.7318
      vertex -0.56343 -4.27968 65.8587
      vertex -1.11722 -4.16952 65.8587
    endloop
  endfacet
  facet normal -0.00855855 -0.130526 0.991408
    outer loop
      vertex -1.68065 -12.7658 64.7318
      vertex -0 -12.876 64.7318
      vertex -0.56343 -4.27968 65.8587
    endloop
  endfacet
  facet normal -0.00855528 -0.130525 0.991408
    outer loop
      vertex -0 -12.876 64.7318
      vertex -0 -4.31661 65.8587
      vertex -0.56343 -4.27968 65.8587
    endloop
  endfacet
  facet normal 0.00855853 -0.130525 0.991408
    outer loop
      vertex -0 -12.876 64.7318
      vertex 1.68065 -12.7658 64.7318
      vertex -0 -4.31661 65.8587
    endloop
  endfacet
  facet normal 0.00855532 -0.130526 0.991408
    outer loop
      vertex 1.68065 -12.7658 64.7318
      vertex 0.56343 -4.27968 65.8587
      vertex -0 -4.31661 65.8587
    endloop
  endfacet
  facet normal 0.0255204 -0.128293 0.991408
    outer loop
      vertex 1.68065 -12.7658 64.7318
      vertex 3.33254 -12.4372 64.7318
      vertex 0.56343 -4.27968 65.8587
    endloop
  endfacet
  facet normal 0.02552 -0.128293 0.991408
    outer loop
      vertex 3.33254 -12.4372 64.7318
      vertex 1.11722 -4.16952 65.8587
      vertex 0.56343 -4.27968 65.8587
    endloop
  endfacet
  facet normal 0.0420471 -0.123864 0.991408
    outer loop
      vertex 3.33254 -12.4372 64.7318
      vertex 4.92742 -11.8958 64.7318
      vertex 1.11722 -4.16952 65.8587
    endloop
  endfacet
  facet normal 0.0420472 -0.123864 0.991408
    outer loop
      vertex 4.92742 -11.8958 64.7318
      vertex 1.65189 -3.98802 65.8587
      vertex 1.11722 -4.16952 65.8587
    endloop
  endfacet
  facet normal 0.0578525 -0.117317 0.991408
    outer loop
      vertex 4.92742 -11.8958 64.7318
      vertex 6.43798 -11.1509 64.7318
      vertex 1.65189 -3.98802 65.8587
    endloop
  endfacet
  facet normal 0.0578534 -0.117317 0.991408
    outer loop
      vertex 6.43798 -11.1509 64.7318
      vertex 2.1583 -3.73829 65.8587
      vertex 1.65189 -3.98802 65.8587
    endloop
  endfacet
  facet normal 0.0726706 -0.108762 0.991408
    outer loop
      vertex 6.43798 -11.1509 64.7318
      vertex 7.83839 -10.2152 64.7318
      vertex 2.1583 -3.73829 65.8587
    endloop
  endfacet
  facet normal 0.0726723 -0.108761 0.991408
    outer loop
      vertex 7.83839 -10.2152 64.7318
      vertex 2.62778 -3.42459 65.8587
      vertex 2.1583 -3.73829 65.8587
    endloop
  endfacet
  facet normal 0.0862468 -0.0983445 0.991408
    outer loop
      vertex 7.83839 -10.2152 64.7318
      vertex 9.10468 -9.10468 64.7318
      vertex 2.62778 -3.42459 65.8587
    endloop
  endfacet
  facet normal 0.0862458 -0.0983456 0.991408
    outer loop
      vertex 9.10468 -9.10468 64.7318
      vertex 3.0523 -3.0523 65.8587
      vertex 2.62778 -3.42459 65.8587
    endloop
  endfacet
  facet normal 0.0983446 -0.0862469 0.991408
    outer loop
      vertex 9.10468 -9.10468 64.7318
      vertex 10.2152 -7.83839 64.7318
      vertex 3.0523 -3.0523 65.8587
    endloop
  endfacet
  facet normal 0.0983454 -0.0862457 0.991408
    outer loop
      vertex 10.2152 -7.83839 64.7318
      vertex 3.42459 -2.62778 65.8587
      vertex 3.0523 -3.0523 65.8587
    endloop
  endfacet
  facet normal 0.108762 -0.0726705 0.991408
    outer loop
      vertex 10.2152 -7.83839 64.7318
      vertex 11.1509 -6.43798 64.7318
      vertex 3.42459 -2.62778 65.8587
    endloop
  endfacet
  facet normal 0.108761 -0.0726725 0.991408
    outer loop
      vertex 11.1509 -6.43798 64.7318
      vertex 3.73829 -2.1583 65.8587
      vertex 3.42459 -2.62778 65.8587
    endloop
  endfacet
  facet normal 0.117317 -0.0578525 0.991408
    outer loop
      vertex 11.1509 -6.43798 64.7318
      vertex 11.8958 -4.92742 64.7318
      vertex 3.73829 -2.1583 65.8587
    endloop
  endfacet
  facet normal 0.117317 -0.0578535 0.991408
    outer loop
      vertex 11.8958 -4.92742 64.7318
      vertex 3.98802 -1.65189 65.8587
      vertex 3.73829 -2.1583 65.8587
    endloop
  endfacet
  facet normal 0.123864 -0.0420471 0.991408
    outer loop
      vertex 11.8958 -4.92742 64.7318
      vertex 12.4372 -3.33254 64.7318
      vertex 3.98802 -1.65189 65.8587
    endloop
  endfacet
  facet normal 0.123864 -0.0420472 0.991408
    outer loop
      vertex 12.4372 -3.33254 64.7318
      vertex 4.16952 -1.11722 65.8587
      vertex 3.98802 -1.65189 65.8587
    endloop
  endfacet
  facet normal 0.128293 -0.0255204 0.991408
    outer loop
      vertex 12.4372 -3.33254 64.7318
      vertex 12.7658 -1.68065 64.7318
      vertex 4.16952 -1.11722 65.8587
    endloop
  endfacet
  facet normal 0.128293 -0.02552 0.991408
    outer loop
      vertex 12.7658 -1.68065 64.7318
      vertex 4.27968 -0.56343 65.8587
      vertex 4.16952 -1.11722 65.8587
    endloop
  endfacet
  facet normal 0.130526 -0.00855855 0.991408
    outer loop
      vertex 12.7658 -1.68065 64.7318
      vertex 12.876 0 64.7318
      vertex 4.27968 -0.56343 65.8587
    endloop
  endfacet
  facet normal 0.130525 -0.00855528 0.991408
    outer loop
      vertex 12.876 0 64.7318
      vertex 4.31661 0 65.8587
      vertex 4.27968 -0.56343 65.8587
    endloop
  endfacet
  facet normal 0.258779 0.0169615 0.965788
    outer loop
      vertex 21.215 0 62.4974
      vertex 21.0335 2.76911 62.4974
      vertex 12.876 0 64.7318
    endloop
  endfacet
  facet normal 0.258777 0.016968 0.965788
    outer loop
      vertex 21.0335 2.76911 62.4974
      vertex 12.7658 1.68065 64.7318
      vertex 12.876 0 64.7318
    endloop
  endfacet
  facet normal 0.25435 0.0505944 0.965788
    outer loop
      vertex 21.0335 2.76911 62.4974
      vertex 20.4921 5.49085 62.4974
      vertex 12.7658 1.68065 64.7318
    endloop
  endfacet
  facet normal 0.254349 0.050596 0.965788
    outer loop
      vertex 20.4921 5.49085 62.4974
      vertex 12.4372 3.33254 64.7318
      vertex 12.7658 1.68065 64.7318
    endloop
  endfacet
  facet normal 0.24557 0.0833588 0.965788
    outer loop
      vertex 20.4921 5.49085 62.4974
      vertex 19.6001 8.11863 62.4974
      vertex 12.4372 3.33254 64.7318
    endloop
  endfacet
  facet normal 0.245569 0.0833611 0.965788
    outer loop
      vertex 19.6001 8.11863 62.4974
      vertex 11.8958 4.92742 64.7318
      vertex 12.4372 3.33254 64.7318
    endloop
  endfacet
  facet normal 0.232587 0.114702 0.965788
    outer loop
      vertex 19.6001 8.11863 62.4974
      vertex 18.3727 10.6075 62.4974
      vertex 11.8958 4.92742 64.7318
    endloop
  endfacet
  facet normal 0.232591 0.114697 0.965788
    outer loop
      vertex 18.3727 10.6075 62.4974
      vertex 11.1509 6.43798 64.7318
      vertex 11.8958 4.92742 64.7318
    endloop
  endfacet
  facet normal 0.21563 0.144074 0.965788
    outer loop
      vertex 18.3727 10.6075 62.4974
      vertex 16.831 12.9149 62.4974
      vertex 11.1509 6.43798 64.7318
    endloop
  endfacet
  facet normal 0.215629 0.144075 0.965788
    outer loop
      vertex 16.831 12.9149 62.4974
      vertex 10.2152 7.83839 64.7318
      vertex 11.1509 6.43798 64.7318
    endloop
  endfacet
  facet normal 0.194978 0.170988 0.965788
    outer loop
      vertex 16.831 12.9149 62.4974
      vertex 15.0013 15.0013 62.4974
      vertex 10.2152 7.83839 64.7318
    endloop
  endfacet
  facet normal 0.194975 0.17099 0.965788
    outer loop
      vertex 15.0013 15.0013 62.4974
      vertex 9.10468 9.10468 64.7318
      vertex 10.2152 7.83839 64.7318
    endloop
  endfacet
  facet normal 0.170988 0.194977 0.965788
    outer loop
      vertex 15.0013 15.0013 62.4974
      vertex 12.9149 16.831 62.4974
      vertex 9.10468 9.10468 64.7318
    endloop
  endfacet
  facet normal 0.170991 0.194976 0.965788
    outer loop
      vertex 12.9149 16.831 62.4974
      vertex 7.83839 10.2152 64.7318
      vertex 9.10468 9.10468 64.7318
    endloop
  endfacet
  facet normal 0.144074 0.21563 0.965788
    outer loop
      vertex 12.9149 16.831 62.4974
      vertex 10.6075 18.3727 62.4974
      vertex 7.83839 10.2152 64.7318
    endloop
  endfacet
  facet normal 0.144075 0.215629 0.965788
    outer loop
      vertex 10.6075 18.3727 62.4974
      vertex 6.43798 11.1509 64.7318
      vertex 7.83839 10.2152 64.7318
    endloop
  endfacet
  facet normal 0.114702 0.232588 0.965788
    outer loop
      vertex 10.6075 18.3727 62.4974
      vertex 8.11863 19.6001 62.4974
      vertex 6.43798 11.1509 64.7318
    endloop
  endfacet
  facet normal 0.114696 0.232589 0.965788
    outer loop
      vertex 8.11863 19.6001 62.4974
      vertex 4.92742 11.8958 64.7318
      vertex 6.43798 11.1509 64.7318
    endloop
  endfacet
  facet normal 0.0833586 0.24557 0.965788
    outer loop
      vertex 8.11863 19.6001 62.4974
      vertex 5.49085 20.4921 62.4974
      vertex 4.92742 11.8958 64.7318
    endloop
  endfacet
  facet normal 0.0833613 0.245569 0.965788
    outer loop
      vertex 5.49085 20.4921 62.4974
      vertex 3.33254 12.4372 64.7318
      vertex 4.92742 11.8958 64.7318
    endloop
  endfacet
  facet normal 0.0505944 0.254349 0.965788
    outer loop
      vertex 5.49085 20.4921 62.4974
      vertex 2.76911 21.0335 62.4974
      vertex 3.33254 12.4372 64.7318
    endloop
  endfacet
  facet normal 0.0505961 0.254349 0.965788
    outer loop
      vertex 2.76911 21.0335 62.4974
      vertex 1.68065 12.7658 64.7318
      vertex 3.33254 12.4372 64.7318
    endloop
  endfacet
  facet normal 0.0169614 0.258778 0.965788
    outer loop
      vertex 2.76911 21.0335 62.4974
      vertex 0 21.215 62.4974
      vertex 1.68065 12.7658 64.7318
    endloop
  endfacet
  facet normal 0.0169681 0.258779 0.965788
    outer loop
      vertex 0 21.215 62.4974
      vertex 0 12.876 64.7318
      vertex 1.68065 12.7658 64.7318
    endloop
  endfacet
  facet normal -0.0169615 0.258779 0.965788
    outer loop
      vertex 0 21.215 62.4974
      vertex -2.76911 21.0335 62.4974
      vertex 0 12.876 64.7318
    endloop
  endfacet
  facet normal -0.016968 0.258777 0.965788
    outer loop
      vertex -2.76911 21.0335 62.4974
      vertex -1.68065 12.7658 64.7318
      vertex 0 12.876 64.7318
    endloop
  endfacet
  facet normal -0.0505944 0.25435 0.965788
    outer loop
      vertex -2.76911 21.0335 62.4974
      vertex -5.49085 20.4921 62.4974
      vertex -1.68065 12.7658 64.7318
    endloop
  endfacet
  facet normal -0.050596 0.254349 0.965788
    outer loop
      vertex -5.49085 20.4921 62.4974
      vertex -3.33254 12.4372 64.7318
      vertex -1.68065 12.7658 64.7318
    endloop
  endfacet
  facet normal -0.0833588 0.24557 0.965788
    outer loop
      vertex -5.49085 20.4921 62.4974
      vertex -8.11863 19.6001 62.4974
      vertex -3.33254 12.4372 64.7318
    endloop
  endfacet
  facet normal -0.0833611 0.245569 0.965788
    outer loop
      vertex -8.11863 19.6001 62.4974
      vertex -4.92742 11.8958 64.7318
      vertex -3.33254 12.4372 64.7318
    endloop
  endfacet
  facet normal -0.114702 0.232587 0.965788
    outer loop
      vertex -8.11863 19.6001 62.4974
      vertex -10.6075 18.3727 62.4974
      vertex -4.92742 11.8958 64.7318
    endloop
  endfacet
  facet normal -0.114697 0.232591 0.965788
    outer loop
      vertex -10.6075 18.3727 62.4974
      vertex -6.43798 11.1509 64.7318
      vertex -4.92742 11.8958 64.7318
    endloop
  endfacet
  facet normal -0.144074 0.21563 0.965788
    outer loop
      vertex -10.6075 18.3727 62.4974
      vertex -12.9149 16.831 62.4974
      vertex -6.43798 11.1509 64.7318
    endloop
  endfacet
  facet normal -0.144075 0.215629 0.965788
    outer loop
      vertex -12.9149 16.831 62.4974
      vertex -7.83839 10.2152 64.7318
      vertex -6.43798 11.1509 64.7318
    endloop
  endfacet
  facet normal -0.170988 0.194978 0.965788
    outer loop
      vertex -12.9149 16.831 62.4974
      vertex -15.0013 15.0013 62.4974
      vertex -7.83839 10.2152 64.7318
    endloop
  endfacet
  facet normal -0.17099 0.194975 0.965788
    outer loop
      vertex -15.0013 15.0013 62.4974
      vertex -9.10468 9.10468 64.7318
      vertex -7.83839 10.2152 64.7318
    endloop
  endfacet
  facet normal -0.194977 0.170988 0.965788
    outer loop
      vertex -15.0013 15.0013 62.4974
      vertex -16.831 12.9149 62.4974
      vertex -9.10468 9.10468 64.7318
    endloop
  endfacet
  facet normal -0.194976 0.170991 0.965788
    outer loop
      vertex -16.831 12.9149 62.4974
      vertex -10.2152 7.83839 64.7318
      vertex -9.10468 9.10468 64.7318
    endloop
  endfacet
  facet normal -0.21563 0.144074 0.965788
    outer loop
      vertex -16.831 12.9149 62.4974
      vertex -18.3727 10.6075 62.4974
      vertex -10.2152 7.83839 64.7318
    endloop
  endfacet
  facet normal -0.215629 0.144075 0.965788
    outer loop
      vertex -18.3727 10.6075 62.4974
      vertex -11.1509 6.43798 64.7318
      vertex -10.2152 7.83839 64.7318
    endloop
  endfacet
  facet normal -0.232588 0.114702 0.965788
    outer loop
      vertex -18.3727 10.6075 62.4974
      vertex -19.6001 8.11863 62.4974
      vertex -11.1509 6.43798 64.7318
    endloop
  endfacet
  facet normal -0.232589 0.114696 0.965788
    outer loop
      vertex -19.6001 8.11863 62.4974
      vertex -11.8958 4.92742 64.7318
      vertex -11.1509 6.43798 64.7318
    endloop
  endfacet
  facet normal -0.24557 0.0833586 0.965788
    outer loop
      vertex -19.6001 8.11863 62.4974
      vertex -20.4921 5.49085 62.4974
      vertex -11.8958 4.92742 64.7318
    endloop
  endfacet
  facet normal -0.245569 0.0833613 0.965788
    outer loop
      vertex -20.4921 5.49085 62.4974
      vertex -12.4372 3.33254 64.7318
      vertex -11.8958 4.92742 64.7318
    endloop
  endfacet
  facet normal -0.254349 0.0505944 0.965788
    outer loop
      vertex -20.4921 5.49085 62.4974
      vertex -21.0335 2.76911 62.4974
      vertex -12.4372 3.33254 64.7318
    endloop
  endfacet
  facet normal -0.254349 0.0505961 0.965788
    outer loop
      vertex -21.0335 2.76911 62.4974
      vertex -12.7658 1.68065 64.7318
      vertex -12.4372 3.33254 64.7318
    endloop
  endfacet
  facet normal -0.258778 0.0169614 0.965788
    outer loop
      vertex -21.0335 2.76911 62.4974
      vertex -21.215 -0 62.4974
      vertex -12.7658 1.68065 64.7318
    endloop
  endfacet
  facet normal -0.258779 0.0169681 0.965788
    outer loop
      vertex -21.215 -0 62.4974
      vertex -12.876 -0 64.7318
      vertex -12.7658 1.68065 64.7318
    endloop
  endfacet
  facet normal -0.258779 -0.0169615 0.965788
    outer loop
      vertex -21.215 -0 62.4974
      vertex -21.0335 -2.76911 62.4974
      vertex -12.876 -0 64.7318
    endloop
  endfacet
  facet normal -0.258777 -0.016968 0.965788
    outer loop
      vertex -21.0335 -2.76911 62.4974
      vertex -12.7658 -1.68065 64.7318
      vertex -12.876 -0 64.7318
    endloop
  endfacet
  facet normal -0.25435 -0.0505944 0.965788
    outer loop
      vertex -21.0335 -2.76911 62.4974
      vertex -20.4921 -5.49085 62.4974
      vertex -12.7658 -1.68065 64.7318
    endloop
  endfacet
  facet normal -0.254349 -0.050596 0.965788
    outer loop
      vertex -20.4921 -5.49085 62.4974
      vertex -12.4372 -3.33254 64.7318
      vertex -12.7658 -1.68065 64.7318
    endloop
  endfacet
  facet normal -0.24557 -0.0833588 0.965788
    outer loop
      vertex -20.4921 -5.49085 62.4974
      vertex -19.6001 -8.11863 62.4974
      vertex -12.4372 -3.33254 64.7318
    endloop
  endfacet
  facet normal -0.245569 -0.0833611 0.965788
    outer loop
      vertex -19.6001 -8.11863 62.4974
      vertex -11.8958 -4.92742 64.7318
      vertex -12.4372 -3.33254 64.7318
    endloop
  endfacet
  facet normal -0.232587 -0.114702 0.965788
    outer loop
      vertex -19.6001 -8.11863 62.4974
      vertex -18.3727 -10.6075 62.4974
      vertex -11.8958 -4.92742 64.7318
    endloop
  endfacet
  facet normal -0.232591 -0.114697 0.965788
    outer loop
      vertex -18.3727 -10.6075 62.4974
      vertex -11.1509 -6.43798 64.7318
      vertex -11.8958 -4.92742 64.7318
    endloop
  endfacet
  facet normal -0.21563 -0.144074 0.965788
    outer loop
      vertex -18.3727 -10.6075 62.4974
      vertex -16.831 -12.9149 62.4974
      vertex -11.1509 -6.43798 64.7318
    endloop
  endfacet
  facet normal -0.215629 -0.144075 0.965788
    outer loop
      vertex -16.831 -12.9149 62.4974
      vertex -10.2152 -7.83839 64.7318
      vertex -11.1509 -6.43798 64.7318
    endloop
  endfacet
  facet normal -0.194978 -0.170988 0.965788
    outer loop
      vertex -16.831 -12.9149 62.4974
      vertex -15.0013 -15.0013 62.4974
      vertex -10.2152 -7.83839 64.7318
    endloop
  endfacet
  facet normal -0.194975 -0.17099 0.965788
    outer loop
      vertex -15.0013 -15.0013 62.4974
      vertex -9.10468 -9.10468 64.7318
      vertex -10.2152 -7.83839 64.7318
    endloop
  endfacet
  facet normal -0.170988 -0.194977 0.965788
    outer loop
      vertex -15.0013 -15.0013 62.4974
      vertex -12.9149 -16.831 62.4974
      vertex -9.10468 -9.10468 64.7318
    endloop
  endfacet
  facet normal -0.170991 -0.194976 0.965788
    outer loop
      vertex -12.9149 -16.831 62.4974
      vertex -7.83839 -10.2152 64.7318
      vertex -9.10468 -9.10468 64.7318
    endloop
  endfacet
  facet normal -0.144074 -0.21563 0.965788
    outer loop
      vertex -12.9149 -16.831 62.4974
      vertex -10.6075 -18.3727 62.4974
      vertex -7.83839 -10.2152 64.7318
    endloop
  endfacet
  facet normal -0.144075 -0.215629 0.965788
    outer loop
      vertex -10.6075 -18.3727 62.4974
      vertex -6.43798 -11.1509 64.7318
      vertex -7.83839 -10.2152 64.7318
    endloop
  endfacet
  facet normal -0.114702 -0.232588 0.965788
    outer loop
      vertex -10.6075 -18.3727 62.4974
      vertex -8.11863 -19.6001 62.4974
      vertex -6.43798 -11.1509 64.7318
    endloop
  endfacet
  facet normal -0.114696 -0.232589 0.965788
    outer loop
      vertex -8.11863 -19.6001 62.4974
      vertex -4.92742 -11.8958 64.7318
      vertex -6.43798 -11.1509 64.7318
    endloop
  endfacet
  facet normal -0.0833586 -0.24557 0.965788
    outer loop
      vertex -8.11863 -19.6001 62.4974
      vertex -5.49085 -20.4921 62.4974
      vertex -4.92742 -11.8958 64.7318
    endloop
  endfacet
  facet normal -0.0833613 -0.245569 0.965788
    outer loop
      vertex -5.49085 -20.4921 62.4974
      vertex -3.33254 -12.4372 64.7318
      vertex -4.92742 -11.8958 64.7318
    endloop
  endfacet
  facet normal -0.0505944 -0.254349 0.965788
    outer loop
      vertex -5.49085 -20.4921 62.4974
      vertex -2.76911 -21.0335 62.4974
      vertex -3.33254 -12.4372 64.7318
    endloop
  endfacet
  facet normal -0.0505961 -0.254349 0.965788
    outer loop
      vertex -2.76911 -21.0335 62.4974
      vertex -1.68065 -12.7658 64.7318
      vertex -3.33254 -12.4372 64.7318
    endloop
  endfacet
  facet normal -0.0169614 -0.258778 0.965788
    outer loop
      vertex -2.76911 -21.0335 62.4974
      vertex -0 -21.215 62.4974
      vertex -1.68065 -12.7658 64.7318
    endloop
  endfacet
  facet normal -0.0169681 -0.258779 0.965788
    outer loop
      vertex -0 -21.215 62.4974
      vertex -0 -12.876 64.7318
      vertex -1.68065 -12.7658 64.7318
    endloop
  endfacet
  facet normal 0.0169615 -0.258779 0.965788
    outer loop
      vertex -0 -21.215 62.4974
      vertex 2.76911 -21.0335 62.4974
      vertex -0 -12.876 64.7318
    endloop
  endfacet
  facet normal 0.016968 -0.258777 0.965788
    outer loop
      vertex 2.76911 -21.0335 62.4974
      vertex 1.68065 -12.7658 64.7318
      vertex -0 -12.876 64.7318
    endloop
  endfacet
  facet normal 0.0505944 -0.25435 0.965788
    outer loop
      vertex 2.76911 -21.0335 62.4974
      vertex 5.49085 -20.4921 62.4974
      vertex 1.68065 -12.7658 64.7318
    endloop
  endfacet
  facet normal 0.050596 -0.254349 0.965788
    outer loop
      vertex 5.49085 -20.4921 62.4974
      vertex 3.33254 -12.4372 64.7318
      vertex 1.68065 -12.7658 64.7318
    endloop
  endfacet
  facet normal 0.0833588 -0.24557 0.965788
    outer loop
      vertex 5.49085 -20.4921 62.4974
      vertex 8.11863 -19.6001 62.4974
      vertex 3.33254 -12.4372 64.7318
    endloop
  endfacet
  facet normal 0.0833611 -0.245569 0.965788
    outer loop
      vertex 8.11863 -19.6001 62.4974
      vertex 4.92742 -11.8958 64.7318
      vertex 3.33254 -12.4372 64.7318
    endloop
  endfacet
  facet normal 0.114702 -0.232587 0.965788
    outer loop
      vertex 8.11863 -19.6001 62.4974
      vertex 10.6075 -18.3727 62.4974
      vertex 4.92742 -11.8958 64.7318
    endloop
  endfacet
  facet normal 0.114697 -0.232591 0.965788
    outer loop
      vertex 10.6075 -18.3727 62.4974
      vertex 6.43798 -11.1509 64.7318
      vertex 4.92742 -11.8958 64.7318
    endloop
  endfacet
  facet normal 0.144074 -0.21563 0.965788
    outer loop
      vertex 10.6075 -18.3727 62.4974
      vertex 12.9149 -16.831 62.4974
      vertex 6.43798 -11.1509 64.7318
    endloop
  endfacet
  facet normal 0.144075 -0.215629 0.965788
    outer loop
      vertex 12.9149 -16.831 62.4974
      vertex 7.83839 -10.2152 64.7318
      vertex 6.43798 -11.1509 64.7318
    endloop
  endfacet
  facet normal 0.170988 -0.194978 0.965788
    outer loop
      vertex 12.9149 -16.831 62.4974
      vertex 15.0013 -15.0013 62.4974
      vertex 7.83839 -10.2152 64.7318
    endloop
  endfacet
  facet normal 0.17099 -0.194975 0.965788
    outer loop
      vertex 15.0013 -15.0013 62.4974
      vertex 9.10468 -9.10468 64.7318
      vertex 7.83839 -10.2152 64.7318
    endloop
  endfacet
  facet normal 0.194977 -0.170988 0.965788
    outer loop
      vertex 15.0013 -15.0013 62.4974
      vertex 16.831 -12.9149 62.4974
      vertex 9.10468 -9.10468 64.7318
    endloop
  endfacet
  facet normal 0.194976 -0.170991 0.965788
    outer loop
      vertex 16.831 -12.9149 62.4974
      vertex 10.2152 -7.83839 64.7318
      vertex 9.10468 -9.10468 64.7318
    endloop
  endfacet
  facet normal 0.21563 -0.144074 0.965788
    outer loop
      vertex 16.831 -12.9149 62.4974
      vertex 18.3727 -10.6075 62.4974
      vertex 10.2152 -7.83839 64.7318
    endloop
  endfacet
  facet normal 0.215629 -0.144075 0.965788
    outer loop
      vertex 18.3727 -10.6075 62.4974
      vertex 11.1509 -6.43798 64.7318
      vertex 10.2152 -7.83839 64.7318
    endloop
  endfacet
  facet normal 0.232588 -0.114702 0.965788
    outer loop
      vertex 18.3727 -10.6075 62.4974
      vertex 19.6001 -8.11863 62.4974
      vertex 11.1509 -6.43798 64.7318
    endloop
  endfacet
  facet normal 0.232589 -0.114696 0.965788
    outer loop
      vertex 19.6001 -8.11863 62.4974
      vertex 11.8958 -4.92742 64.7318
      vertex 11.1509 -6.43798 64.7318
    endloop
  endfacet
  facet normal 0.24557 -0.0833586 0.965788
    outer loop
      vertex 19.6001 -8.11863 62.4974
      vertex 20.4921 -5.49085 62.4974
      vertex 11.8958 -4.92742 64.7318
    endloop
  endfacet
  facet normal 0.245569 -0.0833613 0.965788
    outer loop
      vertex 20.4921 -5.49085 62.4974
      vertex 12.4372 -3.33254 64.7318
      vertex 11.8958 -4.92742 64.7318
    endloop
  endfacet
  facet normal 0.254349 -0.0505944 0.965788
    outer loop
      vertex 20.4921 -5.49085 62.4974
      vertex 21.0335 -2.76911 62.4974
      vertex 12.4372 -3.33254 64.7318
    endloop
  endfacet
  facet normal 0.254349 -0.0505961 0.965788
    outer loop
      vertex 21.0335 -2.76911 62.4974
      vertex 12.7658 -1.68065 64.7318
      vertex 12.4372 -3.33254 64.7318
    endloop
  endfacet
  facet normal 0.258778 -0.0169614 0.965788
    outer loop
      vertex 21.0335 -2.76911 62.4974
      vertex 21.215 0 62.4974
      vertex 12.7658 -1.68065 64.7318
    endloop
  endfacet
  facet normal 0.258779 -0.0169681 0.965788
    outer loop
      vertex 21.215 0 62.4974
      vertex 12.876 0 64.7318
      vertex 12.7658 -1.68065 64.7318
    endloop
  endfacet
  facet normal 0.382562 0.0250811 0.923589
    outer loop
      vertex 29.1911 0 59.1936
      vertex 28.9413 3.8102 59.1936
      vertex 21.215 0 62.4974
    endloop
  endfacet
  facet normal 0.382565 0.025075 0.923588
    outer loop
      vertex 28.9413 3.8102 59.1936
      vertex 21.0335 2.76911 62.4974
      vertex 21.215 0 62.4974
    endloop
  endfacet
  facet normal 0.376019 0.0747922 0.923588
    outer loop
      vertex 28.9413 3.8102 59.1936
      vertex 28.1964 7.5552 59.1936
      vertex 21.0335 2.76911 62.4974
    endloop
  endfacet
  facet normal 0.376017 0.0747961 0.923589
    outer loop
      vertex 28.1964 7.5552 59.1936
      vertex 20.4921 5.49085 62.4974
      vertex 21.0335 2.76911 62.4974
    endloop
  endfacet
  facet normal 0.363037 0.123238 0.923589
    outer loop
      vertex 28.1964 7.5552 59.1936
      vertex 26.969 11.1709 59.1936
      vertex 20.4921 5.49085 62.4974
    endloop
  endfacet
  facet normal 0.36304 0.123234 0.923588
    outer loop
      vertex 26.969 11.1709 59.1936
      vertex 19.6001 8.11863 62.4974
      vertex 20.4921 5.49085 62.4974
    endloop
  endfacet
  facet normal 0.343849 0.169565 0.923588
    outer loop
      vertex 26.969 11.1709 59.1936
      vertex 25.2802 14.5955 59.1936
      vertex 19.6001 8.11863 62.4974
    endloop
  endfacet
  facet normal 0.343845 0.169569 0.923589
    outer loop
      vertex 25.2802 14.5955 59.1936
      vertex 18.3727 10.6075 62.4974
      vertex 19.6001 8.11863 62.4974
    endloop
  endfacet
  facet normal 0.318773 0.212997 0.923589
    outer loop
      vertex 25.2802 14.5955 59.1936
      vertex 23.1588 17.7704 59.1936
      vertex 18.3727 10.6075 62.4974
    endloop
  endfacet
  facet normal 0.318778 0.212993 0.923588
    outer loop
      vertex 23.1588 17.7704 59.1936
      vertex 16.831 12.9149 62.4974
      vertex 18.3727 10.6075 62.4974
    endloop
  endfacet
  facet normal 0.288246 0.252783 0.923588
    outer loop
      vertex 23.1588 17.7704 59.1936
      vertex 20.6412 20.6412 59.1936
      vertex 16.831 12.9149 62.4974
    endloop
  endfacet
  facet normal 0.288247 0.252782 0.923588
    outer loop
      vertex 20.6412 20.6412 59.1936
      vertex 15.0013 15.0013 62.4974
      vertex 16.831 12.9149 62.4974
    endloop
  endfacet
  facet normal 0.252783 0.288246 0.923588
    outer loop
      vertex 20.6412 20.6412 59.1936
      vertex 17.7704 23.1588 59.1936
      vertex 15.0013 15.0013 62.4974
    endloop
  endfacet
  facet normal 0.252782 0.288247 0.923588
    outer loop
      vertex 17.7704 23.1588 59.1936
      vertex 12.9149 16.831 62.4974
      vertex 15.0013 15.0013 62.4974
    endloop
  endfacet
  facet normal 0.212998 0.318774 0.923588
    outer loop
      vertex 17.7704 23.1588 59.1936
      vertex 14.5955 25.2802 59.1936
      vertex 12.9149 16.831 62.4974
    endloop
  endfacet
  facet normal 0.212991 0.318776 0.923589
    outer loop
      vertex 14.5955 25.2802 59.1936
      vertex 10.6075 18.3727 62.4974
      vertex 12.9149 16.831 62.4974
    endloop
  endfacet
  facet normal 0.169564 0.343848 0.923589
    outer loop
      vertex 14.5955 25.2802 59.1936
      vertex 11.1709 26.969 59.1936
      vertex 10.6075 18.3727 62.4974
    endloop
  endfacet
  facet normal 0.16957 0.343847 0.923588
    outer loop
      vertex 11.1709 26.969 59.1936
      vertex 8.11863 19.6001 62.4974
      vertex 10.6075 18.3727 62.4974
    endloop
  endfacet
  facet normal 0.123238 0.363038 0.923588
    outer loop
      vertex 11.1709 26.969 59.1936
      vertex 7.5552 28.1964 59.1936
      vertex 8.11863 19.6001 62.4974
    endloop
  endfacet
  facet normal 0.123233 0.363038 0.923589
    outer loop
      vertex 7.5552 28.1964 59.1936
      vertex 5.49085 20.4921 62.4974
      vertex 8.11863 19.6001 62.4974
    endloop
  endfacet
  facet normal 0.074792 0.376018 0.923589
    outer loop
      vertex 7.5552 28.1964 59.1936
      vertex 3.8102 28.9413 59.1936
      vertex 5.49085 20.4921 62.4974
    endloop
  endfacet
  facet normal 0.0747965 0.376019 0.923588
    outer loop
      vertex 3.8102 28.9413 59.1936
      vertex 2.76911 21.0335 62.4974
      vertex 5.49085 20.4921 62.4974
    endloop
  endfacet
  facet normal 0.0250812 0.382564 0.923588
    outer loop
      vertex 3.8102 28.9413 59.1936
      vertex 0 29.1911 59.1936
      vertex 2.76911 21.0335 62.4974
    endloop
  endfacet
  facet normal 0.0250749 0.382562 0.923589
    outer loop
      vertex 0 29.1911 59.1936
      vertex 0 21.215 62.4974
      vertex 2.76911 21.0335 62.4974
    endloop
  endfacet
  facet normal -0.0250811 0.382562 0.923589
    outer loop
      vertex 0 29.1911 59.1936
      vertex -3.8102 28.9413 59.1936
      vertex 0 21.215 62.4974
    endloop
  endfacet
  facet normal -0.025075 0.382565 0.923588
    outer loop
      vertex -3.8102 28.9413 59.1936
      vertex -2.76911 21.0335 62.4974
      vertex 0 21.215 62.4974
    endloop
  endfacet
  facet normal -0.0747922 0.376019 0.923588
    outer loop
      vertex -3.8102 28.9413 59.1936
      vertex -7.5552 28.1964 59.1936
      vertex -2.76911 21.0335 62.4974
    endloop
  endfacet
  facet normal -0.0747961 0.376017 0.923589
    outer loop
      vertex -7.5552 28.1964 59.1936
      vertex -5.49085 20.4921 62.4974
      vertex -2.76911 21.0335 62.4974
    endloop
  endfacet
  facet normal -0.123238 0.363037 0.923589
    outer loop
      vertex -7.5552 28.1964 59.1936
      vertex -11.1709 26.969 59.1936
      vertex -5.49085 20.4921 62.4974
    endloop
  endfacet
  facet normal -0.123234 0.36304 0.923588
    outer loop
      vertex -11.1709 26.969 59.1936
      vertex -8.11863 19.6001 62.4974
      vertex -5.49085 20.4921 62.4974
    endloop
  endfacet
  facet normal -0.169565 0.343849 0.923588
    outer loop
      vertex -11.1709 26.969 59.1936
      vertex -14.5955 25.2802 59.1936
      vertex -8.11863 19.6001 62.4974
    endloop
  endfacet
  facet normal -0.169569 0.343845 0.923589
    outer loop
      vertex -14.5955 25.2802 59.1936
      vertex -10.6075 18.3727 62.4974
      vertex -8.11863 19.6001 62.4974
    endloop
  endfacet
  facet normal -0.212997 0.318773 0.923589
    outer loop
      vertex -14.5955 25.2802 59.1936
      vertex -17.7704 23.1588 59.1936
      vertex -10.6075 18.3727 62.4974
    endloop
  endfacet
  facet normal -0.212993 0.318778 0.923588
    outer loop
      vertex -17.7704 23.1588 59.1936
      vertex -12.9149 16.831 62.4974
      vertex -10.6075 18.3727 62.4974
    endloop
  endfacet
  facet normal -0.252783 0.288246 0.923588
    outer loop
      vertex -17.7704 23.1588 59.1936
      vertex -20.6412 20.6412 59.1936
      vertex -12.9149 16.831 62.4974
    endloop
  endfacet
  facet normal -0.252782 0.288247 0.923588
    outer loop
      vertex -20.6412 20.6412 59.1936
      vertex -15.0013 15.0013 62.4974
      vertex -12.9149 16.831 62.4974
    endloop
  endfacet
  facet normal -0.288246 0.252783 0.923588
    outer loop
      vertex -20.6412 20.6412 59.1936
      vertex -23.1588 17.7704 59.1936
      vertex -15.0013 15.0013 62.4974
    endloop
  endfacet
  facet normal -0.288247 0.252782 0.923588
    outer loop
      vertex -23.1588 17.7704 59.1936
      vertex -16.831 12.9149 62.4974
      vertex -15.0013 15.0013 62.4974
    endloop
  endfacet
  facet normal -0.318774 0.212998 0.923588
    outer loop
      vertex -23.1588 17.7704 59.1936
      vertex -25.2802 14.5955 59.1936
      vertex -16.831 12.9149 62.4974
    endloop
  endfacet
  facet normal -0.318776 0.212991 0.923589
    outer loop
      vertex -25.2802 14.5955 59.1936
      vertex -18.3727 10.6075 62.4974
      vertex -16.831 12.9149 62.4974
    endloop
  endfacet
  facet normal -0.343848 0.169564 0.923589
    outer loop
      vertex -25.2802 14.5955 59.1936
      vertex -26.969 11.1709 59.1936
      vertex -18.3727 10.6075 62.4974
    endloop
  endfacet
  facet normal -0.343847 0.16957 0.923588
    outer loop
      vertex -26.969 11.1709 59.1936
      vertex -19.6001 8.11863 62.4974
      vertex -18.3727 10.6075 62.4974
    endloop
  endfacet
  facet normal -0.363038 0.123238 0.923588
    outer loop
      vertex -26.969 11.1709 59.1936
      vertex -28.1964 7.5552 59.1936
      vertex -19.6001 8.11863 62.4974
    endloop
  endfacet
  facet normal -0.363038 0.123233 0.923589
    outer loop
      vertex -28.1964 7.5552 59.1936
      vertex -20.4921 5.49085 62.4974
      vertex -19.6001 8.11863 62.4974
    endloop
  endfacet
  facet normal -0.376018 0.074792 0.923589
    outer loop
      vertex -28.1964 7.5552 59.1936
      vertex -28.9413 3.8102 59.1936
      vertex -20.4921 5.49085 62.4974
    endloop
  endfacet
  facet normal -0.376019 0.0747965 0.923588
    outer loop
      vertex -28.9413 3.8102 59.1936
      vertex -21.0335 2.76911 62.4974
      vertex -20.4921 5.49085 62.4974
    endloop
  endfacet
  facet normal -0.382564 0.0250812 0.923588
    outer loop
      vertex -28.9413 3.8102 59.1936
      vertex -29.1911 -0 59.1936
      vertex -21.0335 2.76911 62.4974
    endloop
  endfacet
  facet normal -0.382562 0.0250749 0.923589
    outer loop
      vertex -29.1911 -0 59.1936
      vertex -21.215 -0 62.4974
      vertex -21.0335 2.76911 62.4974
    endloop
  endfacet
  facet normal -0.382562 -0.0250811 0.923589
    outer loop
      vertex -29.1911 -0 59.1936
      vertex -28.9413 -3.8102 59.1936
      vertex -21.215 -0 62.4974
    endloop
  endfacet
  facet normal -0.382565 -0.025075 0.923588
    outer loop
      vertex -28.9413 -3.8102 59.1936
      vertex -21.0335 -2.76911 62.4974
      vertex -21.215 -0 62.4974
    endloop
  endfacet
  facet normal -0.376019 -0.0747922 0.923588
    outer loop
      vertex -28.9413 -3.8102 59.1936
      vertex -28.1964 -7.5552 59.1936
      vertex -21.0335 -2.76911 62.4974
    endloop
  endfacet
  facet normal -0.376017 -0.0747961 0.923589
    outer loop
      vertex -28.1964 -7.5552 59.1936
      vertex -20.4921 -5.49085 62.4974
      vertex -21.0335 -2.76911 62.4974
    endloop
  endfacet
  facet normal -0.363037 -0.123238 0.923589
    outer loop
      vertex -28.1964 -7.5552 59.1936
      vertex -26.969 -11.1709 59.1936
      vertex -20.4921 -5.49085 62.4974
    endloop
  endfacet
  facet normal -0.36304 -0.123234 0.923588
    outer loop
      vertex -26.969 -11.1709 59.1936
      vertex -19.6001 -8.11863 62.4974
      vertex -20.4921 -5.49085 62.4974
    endloop
  endfacet
  facet normal -0.343849 -0.169565 0.923588
    outer loop
      vertex -26.969 -11.1709 59.1936
      vertex -25.2802 -14.5955 59.1936
      vertex -19.6001 -8.11863 62.4974
    endloop
  endfacet
  facet normal -0.343845 -0.169569 0.923589
    outer loop
      vertex -25.2802 -14.5955 59.1936
      vertex -18.3727 -10.6075 62.4974
      vertex -19.6001 -8.11863 62.4974
    endloop
  endfacet
  facet normal -0.318773 -0.212997 0.923589
    outer loop
      vertex -25.2802 -14.5955 59.1936
      vertex -23.1588 -17.7704 59.1936
      vertex -18.3727 -10.6075 62.4974
    endloop
  endfacet
  facet normal -0.318778 -0.212993 0.923588
    outer loop
      vertex -23.1588 -17.7704 59.1936
      vertex -16.831 -12.9149 62.4974
      vertex -18.3727 -10.6075 62.4974
    endloop
  endfacet
  facet normal -0.288246 -0.252783 0.923588
    outer loop
      vertex -23.1588 -17.7704 59.1936
      vertex -20.6412 -20.6412 59.1936
      vertex -16.831 -12.9149 62.4974
    endloop
  endfacet
  facet normal -0.288247 -0.252782 0.923588
    outer loop
      vertex -20.6412 -20.6412 59.1936
      vertex -15.0013 -15.0013 62.4974
      vertex -16.831 -12.9149 62.4974
    endloop
  endfacet
  facet normal -0.252783 -0.288246 0.923588
    outer loop
      vertex -20.6412 -20.6412 59.1936
      vertex -17.7704 -23.1588 59.1936
      vertex -15.0013 -15.0013 62.4974
    endloop
  endfacet
  facet normal -0.252782 -0.288247 0.923588
    outer loop
      vertex -17.7704 -23.1588 59.1936
      vertex -12.9149 -16.831 62.4974
      vertex -15.0013 -15.0013 62.4974
    endloop
  endfacet
  facet normal -0.212998 -0.318774 0.923588
    outer loop
      vertex -17.7704 -23.1588 59.1936
      vertex -14.5955 -25.2802 59.1936
      vertex -12.9149 -16.831 62.4974
    endloop
  endfacet
  facet normal -0.212991 -0.318776 0.923589
    outer loop
      vertex -14.5955 -25.2802 59.1936
      vertex -10.6075 -18.3727 62.4974
      vertex -12.9149 -16.831 62.4974
    endloop
  endfacet
  facet normal -0.169564 -0.343848 0.923589
    outer loop
      vertex -14.5955 -25.2802 59.1936
      vertex -11.1709 -26.969 59.1936
      vertex -10.6075 -18.3727 62.4974
    endloop
  endfacet
  facet normal -0.16957 -0.343847 0.923588
    outer loop
      vertex -11.1709 -26.969 59.1936
      vertex -8.11863 -19.6001 62.4974
      vertex -10.6075 -18.3727 62.4974
    endloop
  endfacet
  facet normal -0.123238 -0.363038 0.923588
    outer loop
      vertex -11.1709 -26.969 59.1936
      vertex -7.5552 -28.1964 59.1936
      vertex -8.11863 -19.6001 62.4974
    endloop
  endfacet
  facet normal -0.123233 -0.363038 0.923589
    outer loop
      vertex -7.5552 -28.1964 59.1936
      vertex -5.49085 -20.4921 62.4974
      vertex -8.11863 -19.6001 62.4974
    endloop
  endfacet
  facet normal -0.074792 -0.376018 0.923589
    outer loop
      vertex -7.5552 -28.1964 59.1936
      vertex -3.8102 -28.9413 59.1936
      vertex -5.49085 -20.4921 62.4974
    endloop
  endfacet
  facet normal -0.0747965 -0.376019 0.923588
    outer loop
      vertex -3.8102 -28.9413 59.1936
      vertex -2.76911 -21.0335 62.4974
      vertex -5.49085 -20.4921 62.4974
    endloop
  endfacet
  facet normal -0.0250812 -0.382564 0.923588
    outer loop
      vertex -3.8102 -28.9413 59.1936
      vertex -0 -29.1911 59.1936
      vertex -2.76911 -21.0335 62.4974
    endloop
  endfacet
  facet normal -0.0250749 -0.382562 0.923589
    outer loop
      vertex -0 -29.1911 59.1936
      vertex -0 -21.215 62.4974
      vertex -2.76911 -21.0335 62.4974
    endloop
  endfacet
  facet normal 0.0250811 -0.382562 0.923589
    outer loop
      vertex -0 -29.1911 59.1936
      vertex 3.8102 -28.9413 59.1936
      vertex -0 -21.215 62.4974
    endloop
  endfacet
  facet normal 0.025075 -0.382565 0.923588
    outer loop
      vertex 3.8102 -28.9413 59.1936
      vertex 2.76911 -21.0335 62.4974
      vertex -0 -21.215 62.4974
    endloop
  endfacet
  facet normal 0.0747922 -0.376019 0.923588
    outer loop
      vertex 3.8102 -28.9413 59.1936
      vertex 7.5552 -28.1964 59.1936
      vertex 2.76911 -21.0335 62.4974
    endloop
  endfacet
  facet normal 0.0747961 -0.376017 0.923589
    outer loop
      vertex 7.5552 -28.1964 59.1936
      vertex 5.49085 -20.4921 62.4974
      vertex 2.76911 -21.0335 62.4974
    endloop
  endfacet
  facet normal 0.123238 -0.363037 0.923589
    outer loop
      vertex 7.5552 -28.1964 59.1936
      vertex 11.1709 -26.969 59.1936
      vertex 5.49085 -20.4921 62.4974
    endloop
  endfacet
  facet normal 0.123234 -0.36304 0.923588
    outer loop
      vertex 11.1709 -26.969 59.1936
      vertex 8.11863 -19.6001 62.4974
      vertex 5.49085 -20.4921 62.4974
    endloop
  endfacet
  facet normal 0.169565 -0.343849 0.923588
    outer loop
      vertex 11.1709 -26.969 59.1936
      vertex 14.5955 -25.2802 59.1936
      vertex 8.11863 -19.6001 62.4974
    endloop
  endfacet
  facet normal 0.169569 -0.343845 0.923589
    outer loop
      vertex 14.5955 -25.2802 59.1936
      vertex 10.6075 -18.3727 62.4974
      vertex 8.11863 -19.6001 62.4974
    endloop
  endfacet
  facet normal 0.212997 -0.318773 0.923589
    outer loop
      vertex 14.5955 -25.2802 59.1936
      vertex 17.7704 -23.1588 59.1936
      vertex 10.6075 -18.3727 62.4974
    endloop
  endfacet
  facet normal 0.212993 -0.318778 0.923588
    outer loop
      vertex 17.7704 -23.1588 59.1936
      vertex 12.9149 -16.831 62.4974
      vertex 10.6075 -18.3727 62.4974
    endloop
  endfacet
  facet normal 0.252783 -0.288246 0.923588
    outer loop
      vertex 17.7704 -23.1588 59.1936
      vertex 20.6412 -20.6412 59.1936
      vertex 12.9149 -16.831 62.4974
    endloop
  endfacet
  facet normal 0.252782 -0.288247 0.923588
    outer loop
      vertex 20.6412 -20.6412 59.1936
      vertex 15.0013 -15.0013 62.4974
      vertex 12.9149 -16.831 62.4974
    endloop
  endfacet
  facet normal 0.288246 -0.252783 0.923588
    outer loop
      vertex 20.6412 -20.6412 59.1936
      vertex 23.1588 -17.7704 59.1936
      vertex 15.0013 -15.0013 62.4974
    endloop
  endfacet
  facet normal 0.288247 -0.252782 0.923588
    outer loop
      vertex 23.1588 -17.7704 59.1936
      vertex 16.831 -12.9149 62.4974
      vertex 15.0013 -15.0013 62.4974
    endloop
  endfacet
  facet normal 0.318774 -0.212998 0.923588
    outer loop
      vertex 23.1588 -17.7704 59.1936
      vertex 25.2802 -14.5955 59.1936
      vertex 16.831 -12.9149 62.4974
    endloop
  endfacet
  facet normal 0.318776 -0.212991 0.923589
    outer loop
      vertex 25.2802 -14.5955 59.1936
      vertex 18.3727 -10.6075 62.4974
      vertex 16.831 -12.9149 62.4974
    endloop
  endfacet
  facet normal 0.343848 -0.169564 0.923589
    outer loop
      vertex 25.2802 -14.5955 59.1936
      vertex 26.969 -11.1709 59.1936
      vertex 18.3727 -10.6075 62.4974
    endloop
  endfacet
  facet normal 0.343847 -0.16957 0.923588
    outer loop
      vertex 26.969 -11.1709 59.1936
      vertex 19.6001 -8.11863 62.4974
      vertex 18.3727 -10.6075 62.4974
    endloop
  endfacet
  facet normal 0.363038 -0.123238 0.923588
    outer loop
      vertex 26.969 -11.1709 59.1936
      vertex 28.1964 -7.5552 59.1936
      vertex 19.6001 -8.11863 62.4974
    endloop
  endfacet
  facet normal 0.363038 -0.123233 0.923589
    outer loop
      vertex 28.1964 -7.5552 59.1936
      vertex 20.4921 -5.49085 62.4974
      vertex 19.6001 -8.11863 62.4974
    endloop
  endfacet
  facet normal 0.376018 -0.074792 0.923589
    outer loop
      vertex 28.1964 -7.5552 59.1936
      vertex 28.9413 -3.8102 59.1936
      vertex 20.4921 -5.49085 62.4974
    endloop
  endfacet
  facet normal 0.376019 -0.0747965 0.923588
    outer loop
      vertex 28.9413 -3.8102 59.1936
      vertex 21.0335 -2.76911 62.4974
      vertex 20.4921 -5.49085 62.4974
    endloop
  endfacet
  facet normal 0.382564 -0.0250812 0.923588
    outer loop
      vertex 28.9413 -3.8102 59.1936
      vertex 29.1911 0 59.1936
      vertex 21.0335 -2.76911 62.4974
    endloop
  endfacet
  facet normal 0.382562 -0.0250749 0.923589
    outer loop
      vertex 29.1911 0 59.1936
      vertex 21.215 0 62.4974
      vertex 21.0335 -2.76911 62.4974
    endloop
  endfacet
  facet normal 0.499735 0.0327547 0.865559
    outer loop
      vertex 36.6676 0 54.877
      vertex 36.3539 4.78609 54.877
      vertex 29.1911 0 59.1936
    endloop
  endfacet
  facet normal 0.499731 0.0327628 0.865561
    outer loop
      vertex 36.3539 4.78609 54.877
      vertex 28.9413 3.8102 59.1936
      vertex 29.1911 0 59.1936
    endloop
  endfacet
  facet normal 0.491182 0.0976999 0.865561
    outer loop
      vertex 36.3539 4.78609 54.877
      vertex 35.4182 9.49028 54.877
      vertex 28.9413 3.8102 59.1936
    endloop
  endfacet
  facet normal 0.491183 0.0976988 0.86556
    outer loop
      vertex 35.4182 9.49028 54.877
      vertex 28.1964 7.5552 59.1936
      vertex 28.9413 3.8102 59.1936
    endloop
  endfacet
  facet normal 0.474228 0.160975 0.865561
    outer loop
      vertex 35.4182 9.49028 54.877
      vertex 33.8765 14.0321 54.877
      vertex 28.1964 7.5552 59.1936
    endloop
  endfacet
  facet normal 0.474222 0.160981 0.865563
    outer loop
      vertex 33.8765 14.0321 54.877
      vertex 26.969 11.1709 59.1936
      vertex 28.1964 7.5552 59.1936
    endloop
  endfacet
  facet normal 0.449153 0.221502 0.865562
    outer loop
      vertex 33.8765 14.0321 54.877
      vertex 31.7551 18.3338 54.877
      vertex 26.969 11.1709 59.1936
    endloop
  endfacet
  facet normal 0.449159 0.221497 0.865561
    outer loop
      vertex 31.7551 18.3338 54.877
      vertex 25.2802 14.5955 59.1936
      vertex 26.969 11.1709 59.1936
    endloop
  endfacet
  facet normal 0.416403 0.278232 0.865561
    outer loop
      vertex 31.7551 18.3338 54.877
      vertex 29.0904 22.3218 54.877
      vertex 25.2802 14.5955 59.1936
    endloop
  endfacet
  facet normal 0.416403 0.278232 0.865561
    outer loop
      vertex 29.0904 22.3218 54.877
      vertex 23.1588 17.7704 59.1936
      vertex 25.2802 14.5955 59.1936
    endloop
  endfacet
  facet normal 0.376523 0.330205 0.865561
    outer loop
      vertex 29.0904 22.3218 54.877
      vertex 25.9279 25.9279 54.877
      vertex 23.1588 17.7704 59.1936
    endloop
  endfacet
  facet normal 0.376528 0.330203 0.865559
    outer loop
      vertex 25.9279 25.9279 54.877
      vertex 20.6412 20.6412 59.1936
      vertex 23.1588 17.7704 59.1936
    endloop
  endfacet
  facet normal 0.330207 0.376524 0.865559
    outer loop
      vertex 25.9279 25.9279 54.877
      vertex 22.3218 29.0904 54.877
      vertex 20.6412 20.6412 59.1936
    endloop
  endfacet
  facet normal 0.330201 0.376526 0.865561
    outer loop
      vertex 22.3218 29.0904 54.877
      vertex 17.7704 23.1588 59.1936
      vertex 20.6412 20.6412 59.1936
    endloop
  endfacet
  facet normal 0.278232 0.416403 0.865561
    outer loop
      vertex 22.3218 29.0904 54.877
      vertex 18.3338 31.7551 54.877
      vertex 17.7704 23.1588 59.1936
    endloop
  endfacet
  facet normal 0.278232 0.416403 0.865561
    outer loop
      vertex 18.3338 31.7551 54.877
      vertex 14.5955 25.2802 59.1936
      vertex 17.7704 23.1588 59.1936
    endloop
  endfacet
  facet normal 0.221503 0.449155 0.865561
    outer loop
      vertex 18.3338 31.7551 54.877
      vertex 14.0321 33.8765 54.877
      vertex 14.5955 25.2802 59.1936
    endloop
  endfacet
  facet normal 0.221496 0.449156 0.865563
    outer loop
      vertex 14.0321 33.8765 54.877
      vertex 11.1709 26.969 59.1936
      vertex 14.5955 25.2802 59.1936
    endloop
  endfacet
  facet normal 0.160973 0.474225 0.865562
    outer loop
      vertex 14.0321 33.8765 54.877
      vertex 9.49028 35.4182 54.877
      vertex 11.1709 26.969 59.1936
    endloop
  endfacet
  facet normal 0.160983 0.474226 0.86556
    outer loop
      vertex 9.49028 35.4182 54.877
      vertex 7.5552 28.1964 59.1936
      vertex 11.1709 26.969 59.1936
    endloop
  endfacet
  facet normal 0.0977 0.491182 0.86556
    outer loop
      vertex 9.49028 35.4182 54.877
      vertex 4.78609 36.3539 54.877
      vertex 7.5552 28.1964 59.1936
    endloop
  endfacet
  facet normal 0.0976987 0.491182 0.865561
    outer loop
      vertex 4.78609 36.3539 54.877
      vertex 3.8102 28.9413 59.1936
      vertex 7.5552 28.1964 59.1936
    endloop
  endfacet
  facet normal 0.0327545 0.499732 0.865561
    outer loop
      vertex 4.78609 36.3539 54.877
      vertex 0 36.6676 54.877
      vertex 3.8102 28.9413 59.1936
    endloop
  endfacet
  facet normal 0.0327631 0.499735 0.865558
    outer loop
      vertex 0 36.6676 54.877
      vertex 0 29.1911 59.1936
      vertex 3.8102 28.9413 59.1936
    endloop
  endfacet
  facet normal -0.0327547 0.499735 0.865559
    outer loop
      vertex 0 36.6676 54.877
      vertex -4.78609 36.3539 54.877
      vertex 0 29.1911 59.1936
    endloop
  endfacet
  facet normal -0.0327628 0.499731 0.865561
    outer loop
      vertex -4.78609 36.3539 54.877
      vertex -3.8102 28.9413 59.1936
      vertex 0 29.1911 59.1936
    endloop
  endfacet
  facet normal -0.0976999 0.491182 0.865561
    outer loop
      vertex -4.78609 36.3539 54.877
      vertex -9.49028 35.4182 54.877
      vertex -3.8102 28.9413 59.1936
    endloop
  endfacet
  facet normal -0.0976988 0.491183 0.86556
    outer loop
      vertex -9.49028 35.4182 54.877
      vertex -7.5552 28.1964 59.1936
      vertex -3.8102 28.9413 59.1936
    endloop
  endfacet
  facet normal -0.160975 0.474228 0.865561
    outer loop
      vertex -9.49028 35.4182 54.877
      vertex -14.0321 33.8765 54.877
      vertex -7.5552 28.1964 59.1936
    endloop
  endfacet
  facet normal -0.160981 0.474222 0.865563
    outer loop
      vertex -14.0321 33.8765 54.877
      vertex -11.1709 26.969 59.1936
      vertex -7.5552 28.1964 59.1936
    endloop
  endfacet
  facet normal -0.221502 0.449153 0.865562
    outer loop
      vertex -14.0321 33.8765 54.877
      vertex -18.3338 31.7551 54.877
      vertex -11.1709 26.969 59.1936
    endloop
  endfacet
  facet normal -0.221497 0.449159 0.865561
    outer loop
      vertex -18.3338 31.7551 54.877
      vertex -14.5955 25.2802 59.1936
      vertex -11.1709 26.969 59.1936
    endloop
  endfacet
  facet normal -0.278232 0.416403 0.865561
    outer loop
      vertex -18.3338 31.7551 54.877
      vertex -22.3218 29.0904 54.877
      vertex -14.5955 25.2802 59.1936
    endloop
  endfacet
  facet normal -0.278232 0.416403 0.865561
    outer loop
      vertex -22.3218 29.0904 54.877
      vertex -17.7704 23.1588 59.1936
      vertex -14.5955 25.2802 59.1936
    endloop
  endfacet
  facet normal -0.330205 0.376523 0.865561
    outer loop
      vertex -22.3218 29.0904 54.877
      vertex -25.9279 25.9279 54.877
      vertex -17.7704 23.1588 59.1936
    endloop
  endfacet
  facet normal -0.330203 0.376528 0.865559
    outer loop
      vertex -25.9279 25.9279 54.877
      vertex -20.6412 20.6412 59.1936
      vertex -17.7704 23.1588 59.1936
    endloop
  endfacet
  facet normal -0.376524 0.330207 0.865559
    outer loop
      vertex -25.9279 25.9279 54.877
      vertex -29.0904 22.3218 54.877
      vertex -20.6412 20.6412 59.1936
    endloop
  endfacet
  facet normal -0.376526 0.330201 0.865561
    outer loop
      vertex -29.0904 22.3218 54.877
      vertex -23.1588 17.7704 59.1936
      vertex -20.6412 20.6412 59.1936
    endloop
  endfacet
  facet normal -0.416403 0.278232 0.865561
    outer loop
      vertex -29.0904 22.3218 54.877
      vertex -31.7551 18.3338 54.877
      vertex -23.1588 17.7704 59.1936
    endloop
  endfacet
  facet normal -0.416403 0.278232 0.865561
    outer loop
      vertex -31.7551 18.3338 54.877
      vertex -25.2802 14.5955 59.1936
      vertex -23.1588 17.7704 59.1936
    endloop
  endfacet
  facet normal -0.449155 0.221503 0.865561
    outer loop
      vertex -31.7551 18.3338 54.877
      vertex -33.8765 14.0321 54.877
      vertex -25.2802 14.5955 59.1936
    endloop
  endfacet
  facet normal -0.449156 0.221496 0.865563
    outer loop
      vertex -33.8765 14.0321 54.877
      vertex -26.969 11.1709 59.1936
      vertex -25.2802 14.5955 59.1936
    endloop
  endfacet
  facet normal -0.474225 0.160973 0.865562
    outer loop
      vertex -33.8765 14.0321 54.877
      vertex -35.4182 9.49028 54.877
      vertex -26.969 11.1709 59.1936
    endloop
  endfacet
  facet normal -0.474226 0.160983 0.86556
    outer loop
      vertex -35.4182 9.49028 54.877
      vertex -28.1964 7.5552 59.1936
      vertex -26.969 11.1709 59.1936
    endloop
  endfacet
  facet normal -0.491182 0.0977 0.86556
    outer loop
      vertex -35.4182 9.49028 54.877
      vertex -36.3539 4.78609 54.877
      vertex -28.1964 7.5552 59.1936
    endloop
  endfacet
  facet normal -0.491182 0.0976987 0.865561
    outer loop
      vertex -36.3539 4.78609 54.877
      vertex -28.9413 3.8102 59.1936
      vertex -28.1964 7.5552 59.1936
    endloop
  endfacet
  facet normal -0.499732 0.0327545 0.865561
    outer loop
      vertex -36.3539 4.78609 54.877
      vertex -36.6676 -0 54.877
      vertex -28.9413 3.8102 59.1936
    endloop
  endfacet
  facet normal -0.499735 0.0327631 0.865558
    outer loop
      vertex -36.6676 -0 54.877
      vertex -29.1911 -0 59.1936
      vertex -28.9413 3.8102 59.1936
    endloop
  endfacet
  facet normal -0.499735 -0.0327547 0.865559
    outer loop
      vertex -36.6676 -0 54.877
      vertex -36.3539 -4.78609 54.877
      vertex -29.1911 -0 59.1936
    endloop
  endfacet
  facet normal -0.499731 -0.0327628 0.865561
    outer loop
      vertex -36.3539 -4.78609 54.877
      vertex -28.9413 -3.8102 59.1936
      vertex -29.1911 -0 59.1936
    endloop
  endfacet
  facet normal -0.491182 -0.0976999 0.865561
    outer loop
      vertex -36.3539 -4.78609 54.877
      vertex -35.4182 -9.49028 54.877
      vertex -28.9413 -3.8102 59.1936
    endloop
  endfacet
  facet normal -0.491183 -0.0976988 0.86556
    outer loop
      vertex -35.4182 -9.49028 54.877
      vertex -28.1964 -7.5552 59.1936
      vertex -28.9413 -3.8102 59.1936
    endloop
  endfacet
  facet normal -0.474228 -0.160975 0.865561
    outer loop
      vertex -35.4182 -9.49028 54.877
      vertex -33.8765 -14.0321 54.877
      vertex -28.1964 -7.5552 59.1936
    endloop
  endfacet
  facet normal -0.474222 -0.160981 0.865563
    outer loop
      vertex -33.8765 -14.0321 54.877
      vertex -26.969 -11.1709 59.1936
      vertex -28.1964 -7.5552 59.1936
    endloop
  endfacet
  facet normal -0.449153 -0.221502 0.865562
    outer loop
      vertex -33.8765 -14.0321 54.877
      vertex -31.7551 -18.3338 54.877
      vertex -26.969 -11.1709 59.1936
    endloop
  endfacet
  facet normal -0.449159 -0.221497 0.865561
    outer loop
      vertex -31.7551 -18.3338 54.877
      vertex -25.2802 -14.5955 59.1936
      vertex -26.969 -11.1709 59.1936
    endloop
  endfacet
  facet normal -0.416403 -0.278232 0.865561
    outer loop
      vertex -31.7551 -18.3338 54.877
      vertex -29.0904 -22.3218 54.877
      vertex -25.2802 -14.5955 59.1936
    endloop
  endfacet
  facet normal -0.416403 -0.278232 0.865561
    outer loop
      vertex -29.0904 -22.3218 54.877
      vertex -23.1588 -17.7704 59.1936
      vertex -25.2802 -14.5955 59.1936
    endloop
  endfacet
  facet normal -0.376523 -0.330205 0.865561
    outer loop
      vertex -29.0904 -22.3218 54.877
      vertex -25.9279 -25.9279 54.877
      vertex -23.1588 -17.7704 59.1936
    endloop
  endfacet
  facet normal -0.376528 -0.330203 0.865559
    outer loop
      vertex -25.9279 -25.9279 54.877
      vertex -20.6412 -20.6412 59.1936
      vertex -23.1588 -17.7704 59.1936
    endloop
  endfacet
  facet normal -0.330207 -0.376524 0.865559
    outer loop
      vertex -25.9279 -25.9279 54.877
      vertex -22.3218 -29.0904 54.877
      vertex -20.6412 -20.6412 59.1936
    endloop
  endfacet
  facet normal -0.330201 -0.376526 0.865561
    outer loop
      vertex -22.3218 -29.0904 54.877
      vertex -17.7704 -23.1588 59.1936
      vertex -20.6412 -20.6412 59.1936
    endloop
  endfacet
  facet normal -0.278232 -0.416403 0.865561
    outer loop
      vertex -22.3218 -29.0904 54.877
      vertex -18.3338 -31.7551 54.877
      vertex -17.7704 -23.1588 59.1936
    endloop
  endfacet
  facet normal -0.278232 -0.416403 0.865561
    outer loop
      vertex -18.3338 -31.7551 54.877
      vertex -14.5955 -25.2802 59.1936
      vertex -17.7704 -23.1588 59.1936
    endloop
  endfacet
  facet normal -0.221503 -0.449155 0.865561
    outer loop
      vertex -18.3338 -31.7551 54.877
      vertex -14.0321 -33.8765 54.877
      vertex -14.5955 -25.2802 59.1936
    endloop
  endfacet
  facet normal -0.221496 -0.449156 0.865563
    outer loop
      vertex -14.0321 -33.8765 54.877
      vertex -11.1709 -26.969 59.1936
      vertex -14.5955 -25.2802 59.1936
    endloop
  endfacet
  facet normal -0.160973 -0.474225 0.865562
    outer loop
      vertex -14.0321 -33.8765 54.877
      vertex -9.49028 -35.4182 54.877
      vertex -11.1709 -26.969 59.1936
    endloop
  endfacet
  facet normal -0.160983 -0.474226 0.86556
    outer loop
      vertex -9.49028 -35.4182 54.877
      vertex -7.5552 -28.1964 59.1936
      vertex -11.1709 -26.969 59.1936
    endloop
  endfacet
  facet normal -0.0977 -0.491182 0.86556
    outer loop
      vertex -9.49028 -35.4182 54.877
      vertex -4.78609 -36.3539 54.877
      vertex -7.5552 -28.1964 59.1936
    endloop
  endfacet
  facet normal -0.0976987 -0.491182 0.865561
    outer loop
      vertex -4.78609 -36.3539 54.877
      vertex -3.8102 -28.9413 59.1936
      vertex -7.5552 -28.1964 59.1936
    endloop
  endfacet
  facet normal -0.0327545 -0.499732 0.865561
    outer loop
      vertex -4.78609 -36.3539 54.877
      vertex -0 -36.6676 54.877
      vertex -3.8102 -28.9413 59.1936
    endloop
  endfacet
  facet normal -0.0327631 -0.499735 0.865558
    outer loop
      vertex -0 -36.6676 54.877
      vertex -0 -29.1911 59.1936
      vertex -3.8102 -28.9413 59.1936
    endloop
  endfacet
  facet normal 0.0327547 -0.499735 0.865559
    outer loop
      vertex -0 -36.6676 54.877
      vertex 4.78609 -36.3539 54.877
      vertex -0 -29.1911 59.1936
    endloop
  endfacet
  facet normal 0.0327628 -0.499731 0.865561
    outer loop
      vertex 4.78609 -36.3539 54.877
      vertex 3.8102 -28.9413 59.1936
      vertex -0 -29.1911 59.1936
    endloop
  endfacet
  facet normal 0.0976999 -0.491182 0.865561
    outer loop
      vertex 4.78609 -36.3539 54.877
      vertex 9.49028 -35.4182 54.877
      vertex 3.8102 -28.9413 59.1936
    endloop
  endfacet
  facet normal 0.0976988 -0.491183 0.86556
    outer loop
      vertex 9.49028 -35.4182 54.877
      vertex 7.5552 -28.1964 59.1936
      vertex 3.8102 -28.9413 59.1936
    endloop
  endfacet
  facet normal 0.160975 -0.474228 0.865561
    outer loop
      vertex 9.49028 -35.4182 54.877
      vertex 14.0321 -33.8765 54.877
      vertex 7.5552 -28.1964 59.1936
    endloop
  endfacet
  facet normal 0.160981 -0.474222 0.865563
    outer loop
      vertex 14.0321 -33.8765 54.877
      vertex 11.1709 -26.969 59.1936
      vertex 7.5552 -28.1964 59.1936
    endloop
  endfacet
  facet normal 0.221502 -0.449153 0.865562
    outer loop
      vertex 14.0321 -33.8765 54.877
      vertex 18.3338 -31.7551 54.877
      vertex 11.1709 -26.969 59.1936
    endloop
  endfacet
  facet normal 0.221497 -0.449159 0.865561
    outer loop
      vertex 18.3338 -31.7551 54.877
      vertex 14.5955 -25.2802 59.1936
      vertex 11.1709 -26.969 59.1936
    endloop
  endfacet
  facet normal 0.278232 -0.416403 0.865561
    outer loop
      vertex 18.3338 -31.7551 54.877
      vertex 22.3218 -29.0904 54.877
      vertex 14.5955 -25.2802 59.1936
    endloop
  endfacet
  facet normal 0.278232 -0.416403 0.865561
    outer loop
      vertex 22.3218 -29.0904 54.877
      vertex 17.7704 -23.1588 59.1936
      vertex 14.5955 -25.2802 59.1936
    endloop
  endfacet
  facet normal 0.330205 -0.376523 0.865561
    outer loop
      vertex 22.3218 -29.0904 54.877
      vertex 25.9279 -25.9279 54.877
      vertex 17.7704 -23.1588 59.1936
    endloop
  endfacet
  facet normal 0.330203 -0.376528 0.865559
    outer loop
      vertex 25.9279 -25.9279 54.877
      vertex 20.6412 -20.6412 59.1936
      vertex 17.7704 -23.1588 59.1936
    endloop
  endfacet
  facet normal 0.376524 -0.330207 0.865559
    outer loop
      vertex 25.9279 -25.9279 54.877
      vertex 29.0904 -22.3218 54.877
      vertex 20.6412 -20.6412 59.1936
    endloop
  endfacet
  facet normal 0.376526 -0.330201 0.865561
    outer loop
      vertex 29.0904 -22.3218 54.877
      vertex 23.1588 -17.7704 59.1936
      vertex 20.6412 -20.6412 59.1936
    endloop
  endfacet
  facet normal 0.416403 -0.278232 0.865561
    outer loop
      vertex 29.0904 -22.3218 54.877
      vertex 31.7551 -18.3338 54.877
      vertex 23.1588 -17.7704 59.1936
    endloop
  endfacet
  facet normal 0.416403 -0.278232 0.865561
    outer loop
      vertex 31.7551 -18.3338 54.877
      vertex 25.2802 -14.5955 59.1936
      vertex 23.1588 -17.7704 59.1936
    endloop
  endfacet
  facet normal 0.449155 -0.221503 0.865561
    outer loop
      vertex 31.7551 -18.3338 54.877
      vertex 33.8765 -14.0321 54.877
      vertex 25.2802 -14.5955 59.1936
    endloop
  endfacet
  facet normal 0.449156 -0.221496 0.865563
    outer loop
      vertex 33.8765 -14.0321 54.877
      vertex 26.969 -11.1709 59.1936
      vertex 25.2802 -14.5955 59.1936
    endloop
  endfacet
  facet normal 0.474225 -0.160973 0.865562
    outer loop
      vertex 33.8765 -14.0321 54.877
      vertex 35.4182 -9.49028 54.877
      vertex 26.969 -11.1709 59.1936
    endloop
  endfacet
  facet normal 0.474226 -0.160983 0.86556
    outer loop
      vertex 35.4182 -9.49028 54.877
      vertex 28.1964 -7.5552 59.1936
      vertex 26.969 -11.1709 59.1936
    endloop
  endfacet
  facet normal 0.491182 -0.0977 0.86556
    outer loop
      vertex 35.4182 -9.49028 54.877
      vertex 36.3539 -4.78609 54.877
      vertex 28.1964 -7.5552 59.1936
    endloop
  endfacet
  facet normal 0.491182 -0.0976987 0.865561
    outer loop
      vertex 36.3539 -4.78609 54.877
      vertex 28.9413 -3.8102 59.1936
      vertex 28.1964 -7.5552 59.1936
    endloop
  endfacet
  facet normal 0.499732 -0.0327545 0.865561
    outer loop
      vertex 36.3539 -4.78609 54.877
      vertex 36.6676 0 54.877
      vertex 28.9413 -3.8102 59.1936
    endloop
  endfacet
  facet normal 0.499735 -0.0327631 0.865558
    outer loop
      vertex 36.6676 0 54.877
      vertex 29.1911 0 59.1936
      vertex 28.9413 -3.8102 59.1936
    endloop
  endfacet
  facet normal 0.608279 0.0398695 0.792721
    outer loop
      vertex 43.5168 0 49.6214
      vertex 43.1445 5.68009 49.6214
      vertex 36.6676 0 54.877
    endloop
  endfacet
  facet normal 0.608279 0.0398691 0.792721
    outer loop
      vertex 43.1445 5.68009 49.6214
      vertex 36.3539 4.78609 54.877
      vertex 36.6676 0 54.877
    endloop
  endfacet
  facet normal 0.597872 0.118923 0.792721
    outer loop
      vertex 43.1445 5.68009 49.6214
      vertex 42.034 11.263 49.6214
      vertex 36.3539 4.78609 54.877
    endloop
  endfacet
  facet normal 0.597873 0.118922 0.79272
    outer loop
      vertex 42.034 11.263 49.6214
      vertex 35.4182 9.49028 54.877
      vertex 36.3539 4.78609 54.877
    endloop
  endfacet
  facet normal 0.577235 0.195942 0.792721
    outer loop
      vertex 42.034 11.263 49.6214
      vertex 40.2043 16.6532 49.6214
      vertex 35.4182 9.49028 54.877
    endloop
  endfacet
  facet normal 0.577237 0.19594 0.79272
    outer loop
      vertex 40.2043 16.6532 49.6214
      vertex 33.8765 14.0321 54.877
      vertex 35.4182 9.49028 54.877
    endloop
  endfacet
  facet normal 0.546721 0.269612 0.79272
    outer loop
      vertex 40.2043 16.6532 49.6214
      vertex 37.6867 21.7584 49.6214
      vertex 33.8765 14.0321 54.877
    endloop
  endfacet
  facet normal 0.546717 0.269615 0.792722
    outer loop
      vertex 37.6867 21.7584 49.6214
      vertex 31.7551 18.3338 54.877
      vertex 33.8765 14.0321 54.877
    endloop
  endfacet
  facet normal 0.50685 0.338667 0.792722
    outer loop
      vertex 37.6867 21.7584 49.6214
      vertex 34.5242 26.4914 49.6214
      vertex 31.7551 18.3338 54.877
    endloop
  endfacet
  facet normal 0.50685 0.338667 0.792722
    outer loop
      vertex 34.5242 26.4914 49.6214
      vertex 29.0904 22.3218 54.877
      vertex 31.7551 18.3338 54.877
    endloop
  endfacet
  facet normal 0.458304 0.401932 0.792722
    outer loop
      vertex 34.5242 26.4914 49.6214
      vertex 30.771 30.771 49.6214
      vertex 29.0904 22.3218 54.877
    endloop
  endfacet
  facet normal 0.458308 0.40193 0.79272
    outer loop
      vertex 30.771 30.771 49.6214
      vertex 25.9279 25.9279 54.877
      vertex 29.0904 22.3218 54.877
    endloop
  endfacet
  facet normal 0.401933 0.458306 0.79272
    outer loop
      vertex 30.771 30.771 49.6214
      vertex 26.4914 34.5242 49.6214
      vertex 25.9279 25.9279 54.877
    endloop
  endfacet
  facet normal 0.401929 0.458307 0.792722
    outer loop
      vertex 26.4914 34.5242 49.6214
      vertex 22.3218 29.0904 54.877
      vertex 25.9279 25.9279 54.877
    endloop
  endfacet
  facet normal 0.338667 0.50685 0.792722
    outer loop
      vertex 26.4914 34.5242 49.6214
      vertex 21.7584 37.6867 49.6214
      vertex 22.3218 29.0904 54.877
    endloop
  endfacet
  facet normal 0.338667 0.50685 0.792722
    outer loop
      vertex 21.7584 37.6867 49.6214
      vertex 18.3338 31.7551 54.877
      vertex 22.3218 29.0904 54.877
    endloop
  endfacet
  facet normal 0.269611 0.546719 0.792722
    outer loop
      vertex 21.7584 37.6867 49.6214
      vertex 16.6532 40.2043 49.6214
      vertex 18.3338 31.7551 54.877
    endloop
  endfacet
  facet normal 0.269617 0.546719 0.79272
    outer loop
      vertex 16.6532 40.2043 49.6214
      vertex 14.0321 33.8765 54.877
      vertex 18.3338 31.7551 54.877
    endloop
  endfacet
  facet normal 0.195942 0.577236 0.79272
    outer loop
      vertex 16.6532 40.2043 49.6214
      vertex 11.263 42.034 49.6214
      vertex 14.0321 33.8765 54.877
    endloop
  endfacet
  facet normal 0.19594 0.577236 0.792721
    outer loop
      vertex 11.263 42.034 49.6214
      vertex 9.49028 35.4182 54.877
      vertex 14.0321 33.8765 54.877
    endloop
  endfacet
  facet normal 0.118923 0.597872 0.792721
    outer loop
      vertex 11.263 42.034 49.6214
      vertex 5.68009 43.1445 49.6214
      vertex 9.49028 35.4182 54.877
    endloop
  endfacet
  facet normal 0.118921 0.597872 0.792721
    outer loop
      vertex 5.68009 43.1445 49.6214
      vertex 4.78609 36.3539 54.877
      vertex 9.49028 35.4182 54.877
    endloop
  endfacet
  facet normal 0.0398695 0.608279 0.792721
    outer loop
      vertex 5.68009 43.1445 49.6214
      vertex 0 43.5168 49.6214
      vertex 4.78609 36.3539 54.877
    endloop
  endfacet
  facet normal 0.0398691 0.608279 0.792721
    outer loop
      vertex 0 43.5168 49.6214
      vertex 0 36.6676 54.877
      vertex 4.78609 36.3539 54.877
    endloop
  endfacet
  facet normal -0.0398695 0.608279 0.792721
    outer loop
      vertex 0 43.5168 49.6214
      vertex -5.68009 43.1445 49.6214
      vertex 0 36.6676 54.877
    endloop
  endfacet
  facet normal -0.0398691 0.608279 0.792721
    outer loop
      vertex -5.68009 43.1445 49.6214
      vertex -4.78609 36.3539 54.877
      vertex 0 36.6676 54.877
    endloop
  endfacet
  facet normal -0.118923 0.597872 0.792721
    outer loop
      vertex -5.68009 43.1445 49.6214
      vertex -11.263 42.034 49.6214
      vertex -4.78609 36.3539 54.877
    endloop
  endfacet
  facet normal -0.118922 0.597873 0.79272
    outer loop
      vertex -11.263 42.034 49.6214
      vertex -9.49028 35.4182 54.877
      vertex -4.78609 36.3539 54.877
    endloop
  endfacet
  facet normal -0.195942 0.577235 0.792721
    outer loop
      vertex -11.263 42.034 49.6214
      vertex -16.6532 40.2043 49.6214
      vertex -9.49028 35.4182 54.877
    endloop
  endfacet
  facet normal -0.19594 0.577237 0.79272
    outer loop
      vertex -16.6532 40.2043 49.6214
      vertex -14.0321 33.8765 54.877
      vertex -9.49028 35.4182 54.877
    endloop
  endfacet
  facet normal -0.269612 0.546721 0.79272
    outer loop
      vertex -16.6532 40.2043 49.6214
      vertex -21.7584 37.6867 49.6214
      vertex -14.0321 33.8765 54.877
    endloop
  endfacet
  facet normal -0.269615 0.546717 0.792722
    outer loop
      vertex -21.7584 37.6867 49.6214
      vertex -18.3338 31.7551 54.877
      vertex -14.0321 33.8765 54.877
    endloop
  endfacet
  facet normal -0.338667 0.50685 0.792722
    outer loop
      vertex -21.7584 37.6867 49.6214
      vertex -26.4914 34.5242 49.6214
      vertex -18.3338 31.7551 54.877
    endloop
  endfacet
  facet normal -0.338667 0.50685 0.792722
    outer loop
      vertex -26.4914 34.5242 49.6214
      vertex -22.3218 29.0904 54.877
      vertex -18.3338 31.7551 54.877
    endloop
  endfacet
  facet normal -0.401932 0.458304 0.792722
    outer loop
      vertex -26.4914 34.5242 49.6214
      vertex -30.771 30.771 49.6214
      vertex -22.3218 29.0904 54.877
    endloop
  endfacet
  facet normal -0.40193 0.458308 0.79272
    outer loop
      vertex -30.771 30.771 49.6214
      vertex -25.9279 25.9279 54.877
      vertex -22.3218 29.0904 54.877
    endloop
  endfacet
  facet normal -0.458306 0.401933 0.79272
    outer loop
      vertex -30.771 30.771 49.6214
      vertex -34.5242 26.4914 49.6214
      vertex -25.9279 25.9279 54.877
    endloop
  endfacet
  facet normal -0.458307 0.401929 0.792722
    outer loop
      vertex -34.5242 26.4914 49.6214
      vertex -29.0904 22.3218 54.877
      vertex -25.9279 25.9279 54.877
    endloop
  endfacet
  facet normal -0.50685 0.338667 0.792722
    outer loop
      vertex -34.5242 26.4914 49.6214
      vertex -37.6867 21.7584 49.6214
      vertex -29.0904 22.3218 54.877
    endloop
  endfacet
  facet normal -0.50685 0.338667 0.792722
    outer loop
      vertex -37.6867 21.7584 49.6214
      vertex -31.7551 18.3338 54.877
      vertex -29.0904 22.3218 54.877
    endloop
  endfacet
  facet normal -0.546719 0.269611 0.792722
    outer loop
      vertex -37.6867 21.7584 49.6214
      vertex -40.2043 16.6532 49.6214
      vertex -31.7551 18.3338 54.877
    endloop
  endfacet
  facet normal -0.546719 0.269617 0.79272
    outer loop
      vertex -40.2043 16.6532 49.6214
      vertex -33.8765 14.0321 54.877
      vertex -31.7551 18.3338 54.877
    endloop
  endfacet
  facet normal -0.577236 0.195942 0.79272
    outer loop
      vertex -40.2043 16.6532 49.6214
      vertex -42.034 11.263 49.6214
      vertex -33.8765 14.0321 54.877
    endloop
  endfacet
  facet normal -0.577236 0.19594 0.792721
    outer loop
      vertex -42.034 11.263 49.6214
      vertex -35.4182 9.49028 54.877
      vertex -33.8765 14.0321 54.877
    endloop
  endfacet
  facet normal -0.597872 0.118923 0.792721
    outer loop
      vertex -42.034 11.263 49.6214
      vertex -43.1445 5.68009 49.6214
      vertex -35.4182 9.49028 54.877
    endloop
  endfacet
  facet normal -0.597872 0.118921 0.792721
    outer loop
      vertex -43.1445 5.68009 49.6214
      vertex -36.3539 4.78609 54.877
      vertex -35.4182 9.49028 54.877
    endloop
  endfacet
  facet normal -0.608279 0.0398695 0.792721
    outer loop
      vertex -43.1445 5.68009 49.6214
      vertex -43.5168 -0 49.6214
      vertex -36.3539 4.78609 54.877
    endloop
  endfacet
  facet normal -0.608279 0.0398691 0.792721
    outer loop
      vertex -43.5168 -0 49.6214
      vertex -36.6676 -0 54.877
      vertex -36.3539 4.78609 54.877
    endloop
  endfacet
  facet normal -0.608279 -0.0398695 0.792721
    outer loop
      vertex -43.5168 -0 49.6214
      vertex -43.1445 -5.68009 49.6214
      vertex -36.6676 -0 54.877
    endloop
  endfacet
  facet normal -0.608279 -0.0398691 0.792721
    outer loop
      vertex -43.1445 -5.68009 49.6214
      vertex -36.3539 -4.78609 54.877
      vertex -36.6676 -0 54.877
    endloop
  endfacet
  facet normal -0.597872 -0.118923 0.792721
    outer loop
      vertex -43.1445 -5.68009 49.6214
      vertex -42.034 -11.263 49.6214
      vertex -36.3539 -4.78609 54.877
    endloop
  endfacet
  facet normal -0.597873 -0.118922 0.79272
    outer loop
      vertex -42.034 -11.263 49.6214
      vertex -35.4182 -9.49028 54.877
      vertex -36.3539 -4.78609 54.877
    endloop
  endfacet
  facet normal -0.577235 -0.195942 0.792721
    outer loop
      vertex -42.034 -11.263 49.6214
      vertex -40.2043 -16.6532 49.6214
      vertex -35.4182 -9.49028 54.877
    endloop
  endfacet
  facet normal -0.577237 -0.19594 0.79272
    outer loop
      vertex -40.2043 -16.6532 49.6214
      vertex -33.8765 -14.0321 54.877
      vertex -35.4182 -9.49028 54.877
    endloop
  endfacet
  facet normal -0.546721 -0.269612 0.79272
    outer loop
      vertex -40.2043 -16.6532 49.6214
      vertex -37.6867 -21.7584 49.6214
      vertex -33.8765 -14.0321 54.877
    endloop
  endfacet
  facet normal -0.546717 -0.269615 0.792722
    outer loop
      vertex -37.6867 -21.7584 49.6214
      vertex -31.7551 -18.3338 54.877
      vertex -33.8765 -14.0321 54.877
    endloop
  endfacet
  facet normal -0.50685 -0.338667 0.792722
    outer loop
      vertex -37.6867 -21.7584 49.6214
      vertex -34.5242 -26.4914 49.6214
      vertex -31.7551 -18.3338 54.877
    endloop
  endfacet
  facet normal -0.50685 -0.338667 0.792722
    outer loop
      vertex -34.5242 -26.4914 49.6214
      vertex -29.0904 -22.3218 54.877
      vertex -31.7551 -18.3338 54.877
    endloop
  endfacet
  facet normal -0.458304 -0.401932 0.792722
    outer loop
      vertex -34.5242 -26.4914 49.6214
      vertex -30.771 -30.771 49.6214
      vertex -29.0904 -22.3218 54.877
    endloop
  endfacet
  facet normal -0.458308 -0.40193 0.79272
    outer loop
      vertex -30.771 -30.771 49.6214
      vertex -25.9279 -25.9279 54.877
      vertex -29.0904 -22.3218 54.877
    endloop
  endfacet
  facet normal -0.401933 -0.458306 0.79272
    outer loop
      vertex -30.771 -30.771 49.6214
      vertex -26.4914 -34.5242 49.6214
      vertex -25.9279 -25.9279 54.877
    endloop
  endfacet
  facet normal -0.401929 -0.458307 0.792722
    outer loop
      vertex -26.4914 -34.5242 49.6214
      vertex -22.3218 -29.0904 54.877
      vertex -25.9279 -25.9279 54.877
    endloop
  endfacet
  facet normal -0.338667 -0.50685 0.792722
    outer loop
      vertex -26.4914 -34.5242 49.6214
      vertex -21.7584 -37.6867 49.6214
      vertex -22.3218 -29.0904 54.877
    endloop
  endfacet
  facet normal -0.338667 -0.50685 0.792722
    outer loop
      vertex -21.7584 -37.6867 49.6214
      vertex -18.3338 -31.7551 54.877
      vertex -22.3218 -29.0904 54.877
    endloop
  endfacet
  facet normal -0.269611 -0.546719 0.792722
    outer loop
      vertex -21.7584 -37.6867 49.6214
      vertex -16.6532 -40.2043 49.6214
      vertex -18.3338 -31.7551 54.877
    endloop
  endfacet
  facet normal -0.269617 -0.546719 0.79272
    outer loop
      vertex -16.6532 -40.2043 49.6214
      vertex -14.0321 -33.8765 54.877
      vertex -18.3338 -31.7551 54.877
    endloop
  endfacet
  facet normal -0.195942 -0.577236 0.79272
    outer loop
      vertex -16.6532 -40.2043 49.6214
      vertex -11.263 -42.034 49.6214
      vertex -14.0321 -33.8765 54.877
    endloop
  endfacet
  facet normal -0.19594 -0.577236 0.792721
    outer loop
      vertex -11.263 -42.034 49.6214
      vertex -9.49028 -35.4182 54.877
      vertex -14.0321 -33.8765 54.877
    endloop
  endfacet
  facet normal -0.118923 -0.597872 0.792721
    outer loop
      vertex -11.263 -42.034 49.6214
      vertex -5.68009 -43.1445 49.6214
      vertex -9.49028 -35.4182 54.877
    endloop
  endfacet
  facet normal -0.118921 -0.597872 0.792721
    outer loop
      vertex -5.68009 -43.1445 49.6214
      vertex -4.78609 -36.3539 54.877
      vertex -9.49028 -35.4182 54.877
    endloop
  endfacet
  facet normal -0.0398695 -0.608279 0.792721
    outer loop
      vertex -5.68009 -43.1445 49.6214
      vertex -0 -43.5168 49.6214
      vertex -4.78609 -36.3539 54.877
    endloop
  endfacet
  facet normal -0.0398691 -0.608279 0.792721
    outer loop
      vertex -0 -43.5168 49.6214
      vertex -0 -36.6676 54.877
      vertex -4.78609 -36.3539 54.877
    endloop
  endfacet
  facet normal 0.0398695 -0.608279 0.792721
    outer loop
      vertex -0 -43.5168 49.6214
      vertex 5.68009 -43.1445 49.6214
      vertex -0 -36.6676 54.877
    endloop
  endfacet
  facet normal 0.0398691 -0.608279 0.792721
    outer loop
      vertex 5.68009 -43.1445 49.6214
      vertex 4.78609 -36.3539 54.877
      vertex -0 -36.6676 54.877
    endloop
  endfacet
  facet normal 0.118923 -0.597872 0.792721
    outer loop
      vertex 5.68009 -43.1445 49.6214
      vertex 11.263 -42.034 49.6214
      vertex 4.78609 -36.3539 54.877
    endloop
  endfacet
  facet normal 0.118922 -0.597873 0.79272
    outer loop
      vertex 11.263 -42.034 49.6214
      vertex 9.49028 -35.4182 54.877
      vertex 4.78609 -36.3539 54.877
    endloop
  endfacet
  facet normal 0.195942 -0.577235 0.792721
    outer loop
      vertex 11.263 -42.034 49.6214
      vertex 16.6532 -40.2043 49.6214
      vertex 9.49028 -35.4182 54.877
    endloop
  endfacet
  facet normal 0.19594 -0.577237 0.79272
    outer loop
      vertex 16.6532 -40.2043 49.6214
      vertex 14.0321 -33.8765 54.877
      vertex 9.49028 -35.4182 54.877
    endloop
  endfacet
  facet normal 0.269612 -0.546721 0.79272
    outer loop
      vertex 16.6532 -40.2043 49.6214
      vertex 21.7584 -37.6867 49.6214
      vertex 14.0321 -33.8765 54.877
    endloop
  endfacet
  facet normal 0.269615 -0.546717 0.792722
    outer loop
      vertex 21.7584 -37.6867 49.6214
      vertex 18.3338 -31.7551 54.877
      vertex 14.0321 -33.8765 54.877
    endloop
  endfacet
  facet normal 0.338667 -0.50685 0.792722
    outer loop
      vertex 21.7584 -37.6867 49.6214
      vertex 26.4914 -34.5242 49.6214
      vertex 18.3338 -31.7551 54.877
    endloop
  endfacet
  facet normal 0.338667 -0.50685 0.792722
    outer loop
      vertex 26.4914 -34.5242 49.6214
      vertex 22.3218 -29.0904 54.877
      vertex 18.3338 -31.7551 54.877
    endloop
  endfacet
  facet normal 0.401932 -0.458304 0.792722
    outer loop
      vertex 26.4914 -34.5242 49.6214
      vertex 30.771 -30.771 49.6214
      vertex 22.3218 -29.0904 54.877
    endloop
  endfacet
  facet normal 0.40193 -0.458308 0.79272
    outer loop
      vertex 30.771 -30.771 49.6214
      vertex 25.9279 -25.9279 54.877
      vertex 22.3218 -29.0904 54.877
    endloop
  endfacet
  facet normal 0.458306 -0.401933 0.79272
    outer loop
      vertex 30.771 -30.771 49.6214
      vertex 34.5242 -26.4914 49.6214
      vertex 25.9279 -25.9279 54.877
    endloop
  endfacet
  facet normal 0.458307 -0.401929 0.792722
    outer loop
      vertex 34.5242 -26.4914 49.6214
      vertex 29.0904 -22.3218 54.877
      vertex 25.9279 -25.9279 54.877
    endloop
  endfacet
  facet normal 0.50685 -0.338667 0.792722
    outer loop
      vertex 34.5242 -26.4914 49.6214
      vertex 37.6867 -21.7584 49.6214
      vertex 29.0904 -22.3218 54.877
    endloop
  endfacet
  facet normal 0.50685 -0.338667 0.792722
    outer loop
      vertex 37.6867 -21.7584 49.6214
      vertex 31.7551 -18.3338 54.877
      vertex 29.0904 -22.3218 54.877
    endloop
  endfacet
  facet normal 0.546719 -0.269611 0.792722
    outer loop
      vertex 37.6867 -21.7584 49.6214
      vertex 40.2043 -16.6532 49.6214
      vertex 31.7551 -18.3338 54.877
    endloop
  endfacet
  facet normal 0.546719 -0.269617 0.79272
    outer loop
      vertex 40.2043 -16.6532 49.6214
      vertex 33.8765 -14.0321 54.877
      vertex 31.7551 -18.3338 54.877
    endloop
  endfacet
  facet normal 0.577236 -0.195942 0.79272
    outer loop
      vertex 40.2043 -16.6532 49.6214
      vertex 42.034 -11.263 49.6214
      vertex 33.8765 -14.0321 54.877
    endloop
  endfacet
  facet normal 0.577236 -0.19594 0.792721
    outer loop
      vertex 42.034 -11.263 49.6214
      vertex 35.4182 -9.49028 54.877
      vertex 33.8765 -14.0321 54.877
    endloop
  endfacet
  facet normal 0.597872 -0.118923 0.792721
    outer loop
      vertex 42.034 -11.263 49.6214
      vertex 43.1445 -5.68009 49.6214
      vertex 35.4182 -9.49028 54.877
    endloop
  endfacet
  facet normal 0.597872 -0.118921 0.792721
    outer loop
      vertex 43.1445 -5.68009 49.6214
      vertex 36.3539 -4.78609 54.877
      vertex 35.4182 -9.49028 54.877
    endloop
  endfacet
  facet normal 0.608279 -0.0398695 0.792721
    outer loop
      vertex 43.1445 -5.68009 49.6214
      vertex 43.5168 0 49.6214
      vertex 36.3539 -4.78609 54.877
    endloop
  endfacet
  facet normal 0.608279 -0.0398691 0.792721
    outer loop
      vertex 43.5168 0 49.6214
      vertex 36.6676 0 54.877
      vertex 36.3539 -4.78609 54.877
    endloop
  endfacet
  facet normal 0.706349 0.0462945 0.706349
    outer loop
      vertex 49.6214 0 43.5168
      vertex 49.1969 6.4769 43.5168
      vertex 43.5168 0 49.6214
    endloop
  endfacet
  facet normal 0.706347 0.0462973 0.70635
    outer loop
      vertex 49.1969 6.4769 43.5168
      vertex 43.1445 5.68009 49.6214
      vertex 43.5168 0 49.6214
    endloop
  endfacet
  facet normal 0.694261 0.138098 0.70635
    outer loop
      vertex 49.1969 6.4769 43.5168
      vertex 47.9306 12.843 43.5168
      vertex 43.1445 5.68009 49.6214
    endloop
  endfacet
  facet normal 0.694262 0.138096 0.706349
    outer loop
      vertex 47.9306 12.843 43.5168
      vertex 42.034 11.263 49.6214
      vertex 43.1445 5.68009 49.6214
    endloop
  endfacet
  facet normal 0.670297 0.227536 0.706349
    outer loop
      vertex 47.9306 12.843 43.5168
      vertex 45.8442 18.9893 43.5168
      vertex 42.034 11.263 49.6214
    endloop
  endfacet
  facet normal 0.6703 0.227533 0.706347
    outer loop
      vertex 45.8442 18.9893 43.5168
      vertex 40.2043 16.6532 49.6214
      vertex 42.034 11.263 49.6214
    endloop
  endfacet
  facet normal 0.634865 0.313081 0.706347
    outer loop
      vertex 45.8442 18.9893 43.5168
      vertex 42.9734 24.8107 43.5168
      vertex 40.2043 16.6532 49.6214
    endloop
  endfacet
  facet normal 0.634866 0.313081 0.706347
    outer loop
      vertex 42.9734 24.8107 43.5168
      vertex 37.6867 21.7584 49.6214
      vertex 40.2043 16.6532 49.6214
    endloop
  endfacet
  facet normal 0.588569 0.39327 0.706347
    outer loop
      vertex 42.9734 24.8107 43.5168
      vertex 39.3673 30.2076 43.5168
      vertex 37.6867 21.7584 49.6214
    endloop
  endfacet
  facet normal 0.588568 0.39327 0.706347
    outer loop
      vertex 39.3673 30.2076 43.5168
      vertex 34.5242 26.4914 49.6214
      vertex 37.6867 21.7584 49.6214
    endloop
  endfacet
  facet normal 0.532199 0.466732 0.706346
    outer loop
      vertex 39.3673 30.2076 43.5168
      vertex 35.0876 35.0876 43.5168
      vertex 34.5242 26.4914 49.6214
    endloop
  endfacet
  facet normal 0.532195 0.466734 0.706349
    outer loop
      vertex 35.0876 35.0876 43.5168
      vertex 30.771 30.771 49.6214
      vertex 34.5242 26.4914 49.6214
    endloop
  endfacet
  facet normal 0.466731 0.532198 0.706348
    outer loop
      vertex 35.0876 35.0876 43.5168
      vertex 30.2076 39.3673 43.5168
      vertex 30.771 30.771 49.6214
    endloop
  endfacet
  facet normal 0.466735 0.532196 0.706346
    outer loop
      vertex 30.2076 39.3673 43.5168
      vertex 26.4914 34.5242 49.6214
      vertex 30.771 30.771 49.6214
    endloop
  endfacet
  facet normal 0.39327 0.588569 0.706347
    outer loop
      vertex 30.2076 39.3673 43.5168
      vertex 24.8107 42.9734 43.5168
      vertex 26.4914 34.5242 49.6214
    endloop
  endfacet
  facet normal 0.39327 0.588569 0.706347
    outer loop
      vertex 24.8107 42.9734 43.5168
      vertex 21.7584 37.6867 49.6214
      vertex 26.4914 34.5242 49.6214
    endloop
  endfacet
  facet normal 0.313081 0.634866 0.706347
    outer loop
      vertex 24.8107 42.9734 43.5168
      vertex 18.9893 45.8442 43.5168
      vertex 21.7584 37.6867 49.6214
    endloop
  endfacet
  facet normal 0.31308 0.634866 0.706347
    outer loop
      vertex 18.9893 45.8442 43.5168
      vertex 16.6532 40.2043 49.6214
      vertex 21.7584 37.6867 49.6214
    endloop
  endfacet
  facet normal 0.227537 0.670299 0.706347
    outer loop
      vertex 18.9893 45.8442 43.5168
      vertex 12.843 47.9306 43.5168
      vertex 16.6532 40.2043 49.6214
    endloop
  endfacet
  facet normal 0.227532 0.670298 0.706349
    outer loop
      vertex 12.843 47.9306 43.5168
      vertex 11.263 42.034 49.6214
      vertex 16.6532 40.2043 49.6214
    endloop
  endfacet
  facet normal 0.138098 0.694262 0.706349
    outer loop
      vertex 12.843 47.9306 43.5168
      vertex 6.4769 49.1969 43.5168
      vertex 11.263 42.034 49.6214
    endloop
  endfacet
  facet normal 0.138096 0.694262 0.70635
    outer loop
      vertex 6.4769 49.1969 43.5168
      vertex 5.68009 43.1445 49.6214
      vertex 11.263 42.034 49.6214
    endloop
  endfacet
  facet normal 0.0462944 0.706347 0.70635
    outer loop
      vertex 6.4769 49.1969 43.5168
      vertex 0 49.6214 43.5168
      vertex 5.68009 43.1445 49.6214
    endloop
  endfacet
  facet normal 0.0462974 0.706349 0.706349
    outer loop
      vertex 0 49.6214 43.5168
      vertex 0 43.5168 49.6214
      vertex 5.68009 43.1445 49.6214
    endloop
  endfacet
  facet normal -0.0462945 0.706349 0.706349
    outer loop
      vertex 0 49.6214 43.5168
      vertex -6.4769 49.1969 43.5168
      vertex 0 43.5168 49.6214
    endloop
  endfacet
  facet normal -0.0462973 0.706347 0.70635
    outer loop
      vertex -6.4769 49.1969 43.5168
      vertex -5.68009 43.1445 49.6214
      vertex 0 43.5168 49.6214
    endloop
  endfacet
  facet normal -0.138098 0.694261 0.70635
    outer loop
      vertex -6.4769 49.1969 43.5168
      vertex -12.843 47.9306 43.5168
      vertex -5.68009 43.1445 49.6214
    endloop
  endfacet
  facet normal -0.138096 0.694262 0.706349
    outer loop
      vertex -12.843 47.9306 43.5168
      vertex -11.263 42.034 49.6214
      vertex -5.68009 43.1445 49.6214
    endloop
  endfacet
  facet normal -0.227536 0.670297 0.706349
    outer loop
      vertex -12.843 47.9306 43.5168
      vertex -18.9893 45.8442 43.5168
      vertex -11.263 42.034 49.6214
    endloop
  endfacet
  facet normal -0.227533 0.6703 0.706347
    outer loop
      vertex -18.9893 45.8442 43.5168
      vertex -16.6532 40.2043 49.6214
      vertex -11.263 42.034 49.6214
    endloop
  endfacet
  facet normal -0.313081 0.634865 0.706347
    outer loop
      vertex -18.9893 45.8442 43.5168
      vertex -24.8107 42.9734 43.5168
      vertex -16.6532 40.2043 49.6214
    endloop
  endfacet
  facet normal -0.313081 0.634866 0.706347
    outer loop
      vertex -24.8107 42.9734 43.5168
      vertex -21.7584 37.6867 49.6214
      vertex -16.6532 40.2043 49.6214
    endloop
  endfacet
  facet normal -0.39327 0.588569 0.706347
    outer loop
      vertex -24.8107 42.9734 43.5168
      vertex -30.2076 39.3673 43.5168
      vertex -21.7584 37.6867 49.6214
    endloop
  endfacet
  facet normal -0.39327 0.588568 0.706347
    outer loop
      vertex -30.2076 39.3673 43.5168
      vertex -26.4914 34.5242 49.6214
      vertex -21.7584 37.6867 49.6214
    endloop
  endfacet
  facet normal -0.466732 0.532199 0.706346
    outer loop
      vertex -30.2076 39.3673 43.5168
      vertex -35.0876 35.0876 43.5168
      vertex -26.4914 34.5242 49.6214
    endloop
  endfacet
  facet normal -0.466734 0.532195 0.706349
    outer loop
      vertex -35.0876 35.0876 43.5168
      vertex -30.771 30.771 49.6214
      vertex -26.4914 34.5242 49.6214
    endloop
  endfacet
  facet normal -0.532198 0.466731 0.706348
    outer loop
      vertex -35.0876 35.0876 43.5168
      vertex -39.3673 30.2076 43.5168
      vertex -30.771 30.771 49.6214
    endloop
  endfacet
  facet normal -0.532196 0.466735 0.706346
    outer loop
      vertex -39.3673 30.2076 43.5168
      vertex -34.5242 26.4914 49.6214
      vertex -30.771 30.771 49.6214
    endloop
  endfacet
  facet normal -0.588569 0.39327 0.706347
    outer loop
      vertex -39.3673 30.2076 43.5168
      vertex -42.9734 24.8107 43.5168
      vertex -34.5242 26.4914 49.6214
    endloop
  endfacet
  facet normal -0.588569 0.39327 0.706347
    outer loop
      vertex -42.9734 24.8107 43.5168
      vertex -37.6867 21.7584 49.6214
      vertex -34.5242 26.4914 49.6214
    endloop
  endfacet
  facet normal -0.634866 0.313081 0.706347
    outer loop
      vertex -42.9734 24.8107 43.5168
      vertex -45.8442 18.9893 43.5168
      vertex -37.6867 21.7584 49.6214
    endloop
  endfacet
  facet normal -0.634866 0.31308 0.706347
    outer loop
      vertex -45.8442 18.9893 43.5168
      vertex -40.2043 16.6532 49.6214
      vertex -37.6867 21.7584 49.6214
    endloop
  endfacet
  facet normal -0.670299 0.227537 0.706347
    outer loop
      vertex -45.8442 18.9893 43.5168
      vertex -47.9306 12.843 43.5168
      vertex -40.2043 16.6532 49.6214
    endloop
  endfacet
  facet normal -0.670298 0.227532 0.706349
    outer loop
      vertex -47.9306 12.843 43.5168
      vertex -42.034 11.263 49.6214
      vertex -40.2043 16.6532 49.6214
    endloop
  endfacet
  facet normal -0.694262 0.138098 0.706349
    outer loop
      vertex -47.9306 12.843 43.5168
      vertex -49.1969 6.4769 43.5168
      vertex -42.034 11.263 49.6214
    endloop
  endfacet
  facet normal -0.694262 0.138096 0.70635
    outer loop
      vertex -49.1969 6.4769 43.5168
      vertex -43.1445 5.68009 49.6214
      vertex -42.034 11.263 49.6214
    endloop
  endfacet
  facet normal -0.706347 0.0462944 0.70635
    outer loop
      vertex -49.1969 6.4769 43.5168
      vertex -49.6214 -0 43.5168
      vertex -43.1445 5.68009 49.6214
    endloop
  endfacet
  facet normal -0.706349 0.0462974 0.706349
    outer loop
      vertex -49.6214 -0 43.5168
      vertex -43.5168 -0 49.6214
      vertex -43.1445 5.68009 49.6214
    endloop
  endfacet
  facet normal -0.706349 -0.0462945 0.706349
    outer loop
      vertex -49.6214 -0 43.5168
      vertex -49.1969 -6.4769 43.5168
      vertex -43.5168 -0 49.6214
    endloop
  endfacet
  facet normal -0.706347 -0.0462973 0.70635
    outer loop
      vertex -49.1969 -6.4769 43.5168
      vertex -43.1445 -5.68009 49.6214
      vertex -43.5168 -0 49.6214
    endloop
  endfacet
  facet normal -0.694261 -0.138098 0.70635
    outer loop
      vertex -49.1969 -6.4769 43.5168
      vertex -47.9306 -12.843 43.5168
      vertex -43.1445 -5.68009 49.6214
    endloop
  endfacet
  facet normal -0.694262 -0.138096 0.706349
    outer loop
      vertex -47.9306 -12.843 43.5168
      vertex -42.034 -11.263 49.6214
      vertex -43.1445 -5.68009 49.6214
    endloop
  endfacet
  facet normal -0.670297 -0.227536 0.706349
    outer loop
      vertex -47.9306 -12.843 43.5168
      vertex -45.8442 -18.9893 43.5168
      vertex -42.034 -11.263 49.6214
    endloop
  endfacet
  facet normal -0.6703 -0.227533 0.706347
    outer loop
      vertex -45.8442 -18.9893 43.5168
      vertex -40.2043 -16.6532 49.6214
      vertex -42.034 -11.263 49.6214
    endloop
  endfacet
  facet normal -0.634865 -0.313081 0.706347
    outer loop
      vertex -45.8442 -18.9893 43.5168
      vertex -42.9734 -24.8107 43.5168
      vertex -40.2043 -16.6532 49.6214
    endloop
  endfacet
  facet normal -0.634866 -0.313081 0.706347
    outer loop
      vertex -42.9734 -24.8107 43.5168
      vertex -37.6867 -21.7584 49.6214
      vertex -40.2043 -16.6532 49.6214
    endloop
  endfacet
  facet normal -0.588569 -0.39327 0.706347
    outer loop
      vertex -42.9734 -24.8107 43.5168
      vertex -39.3673 -30.2076 43.5168
      vertex -37.6867 -21.7584 49.6214
    endloop
  endfacet
  facet normal -0.588568 -0.39327 0.706347
    outer loop
      vertex -39.3673 -30.2076 43.5168
      vertex -34.5242 -26.4914 49.6214
      vertex -37.6867 -21.7584 49.6214
    endloop
  endfacet
  facet normal -0.532199 -0.466732 0.706346
    outer loop
      vertex -39.3673 -30.2076 43.5168
      vertex -35.0876 -35.0876 43.5168
      vertex -34.5242 -26.4914 49.6214
    endloop
  endfacet
  facet normal -0.532195 -0.466734 0.706349
    outer loop
      vertex -35.0876 -35.0876 43.5168
      vertex -30.771 -30.771 49.6214
      vertex -34.5242 -26.4914 49.6214
    endloop
  endfacet
  facet normal -0.466731 -0.532198 0.706348
    outer loop
      vertex -35.0876 -35.0876 43.5168
      vertex -30.2076 -39.3673 43.5168
      vertex -30.771 -30.771 49.6214
    endloop
  endfacet
  facet normal -0.466735 -0.532196 0.706346
    outer loop
      vertex -30.2076 -39.3673 43.5168
      vertex -26.4914 -34.5242 49.6214
      vertex -30.771 -30.771 49.6214
    endloop
  endfacet
  facet normal -0.39327 -0.588569 0.706347
    outer loop
      vertex -30.2076 -39.3673 43.5168
      vertex -24.8107 -42.9734 43.5168
      vertex -26.4914 -34.5242 49.6214
    endloop
  endfacet
  facet normal -0.39327 -0.588569 0.706347
    outer loop
      vertex -24.8107 -42.9734 43.5168
      vertex -21.7584 -37.6867 49.6214
      vertex -26.4914 -34.5242 49.6214
    endloop
  endfacet
  facet normal -0.313081 -0.634866 0.706347
    outer loop
      vertex -24.8107 -42.9734 43.5168
      vertex -18.9893 -45.8442 43.5168
      vertex -21.7584 -37.6867 49.6214
    endloop
  endfacet
  facet normal -0.31308 -0.634866 0.706347
    outer loop
      vertex -18.9893 -45.8442 43.5168
      vertex -16.6532 -40.2043 49.6214
      vertex -21.7584 -37.6867 49.6214
    endloop
  endfacet
  facet normal -0.227537 -0.670299 0.706347
    outer loop
      vertex -18.9893 -45.8442 43.5168
      vertex -12.843 -47.9306 43.5168
      vertex -16.6532 -40.2043 49.6214
    endloop
  endfacet
  facet normal -0.227532 -0.670298 0.706349
    outer loop
      vertex -12.843 -47.9306 43.5168
      vertex -11.263 -42.034 49.6214
      vertex -16.6532 -40.2043 49.6214
    endloop
  endfacet
  facet normal -0.138098 -0.694262 0.706349
    outer loop
      vertex -12.843 -47.9306 43.5168
      vertex -6.4769 -49.1969 43.5168
      vertex -11.263 -42.034 49.6214
    endloop
  endfacet
  facet normal -0.138096 -0.694262 0.70635
    outer loop
      vertex -6.4769 -49.1969 43.5168
      vertex -5.68009 -43.1445 49.6214
      vertex -11.263 -42.034 49.6214
    endloop
  endfacet
  facet normal -0.0462944 -0.706347 0.70635
    outer loop
      vertex -6.4769 -49.1969 43.5168
      vertex -0 -49.6214 43.5168
      vertex -5.68009 -43.1445 49.6214
    endloop
  endfacet
  facet normal -0.0462974 -0.706349 0.706349
    outer loop
      vertex -0 -49.6214 43.5168
      vertex -0 -43.5168 49.6214
      vertex -5.68009 -43.1445 49.6214
    endloop
  endfacet
  facet normal 0.0462945 -0.706349 0.706349
    outer loop
      vertex -0 -49.6214 43.5168
      vertex 6.4769 -49.1969 43.5168
      vertex -0 -43.5168 49.6214
    endloop
  endfacet
  facet normal 0.0462973 -0.706347 0.70635
    outer loop
      vertex 6.4769 -49.1969 43.5168
      vertex 5.68009 -43.1445 49.6214
      vertex -0 -43.5168 49.6214
    endloop
  endfacet
  facet normal 0.138098 -0.694261 0.70635
    outer loop
      vertex 6.4769 -49.1969 43.5168
      vertex 12.843 -47.9306 43.5168
      vertex 5.68009 -43.1445 49.6214
    endloop
  endfacet
  facet normal 0.138096 -0.694262 0.706349
    outer loop
      vertex 12.843 -47.9306 43.5168
      vertex 11.263 -42.034 49.6214
      vertex 5.68009 -43.1445 49.6214
    endloop
  endfacet
  facet normal 0.227536 -0.670297 0.706349
    outer loop
      vertex 12.843 -47.9306 43.5168
      vertex 18.9893 -45.8442 43.5168
      vertex 11.263 -42.034 49.6214
    endloop
  endfacet
  facet normal 0.227533 -0.6703 0.706347
    outer loop
      vertex 18.9893 -45.8442 43.5168
      vertex 16.6532 -40.2043 49.6214
      vertex 11.263 -42.034 49.6214
    endloop
  endfacet
  facet normal 0.313081 -0.634865 0.706347
    outer loop
      vertex 18.9893 -45.8442 43.5168
      vertex 24.8107 -42.9734 43.5168
      vertex 16.6532 -40.2043 49.6214
    endloop
  endfacet
  facet normal 0.313081 -0.634866 0.706347
    outer loop
      vertex 24.8107 -42.9734 43.5168
      vertex 21.7584 -37.6867 49.6214
      vertex 16.6532 -40.2043 49.6214
    endloop
  endfacet
  facet normal 0.39327 -0.588569 0.706347
    outer loop
      vertex 24.8107 -42.9734 43.5168
      vertex 30.2076 -39.3673 43.5168
      vertex 21.7584 -37.6867 49.6214
    endloop
  endfacet
  facet normal 0.39327 -0.588568 0.706347
    outer loop
      vertex 30.2076 -39.3673 43.5168
      vertex 26.4914 -34.5242 49.6214
      vertex 21.7584 -37.6867 49.6214
    endloop
  endfacet
  facet normal 0.466732 -0.532199 0.706346
    outer loop
      vertex 30.2076 -39.3673 43.5168
      vertex 35.0876 -35.0876 43.5168
      vertex 26.4914 -34.5242 49.6214
    endloop
  endfacet
  facet normal 0.466734 -0.532195 0.706349
    outer loop
      vertex 35.0876 -35.0876 43.5168
      vertex 30.771 -30.771 49.6214
      vertex 26.4914 -34.5242 49.6214
    endloop
  endfacet
  facet normal 0.532198 -0.466731 0.706348
    outer loop
      vertex 35.0876 -35.0876 43.5168
      vertex 39.3673 -30.2076 43.5168
      vertex 30.771 -30.771 49.6214
    endloop
  endfacet
  facet normal 0.532196 -0.466735 0.706346
    outer loop
      vertex 39.3673 -30.2076 43.5168
      vertex 34.5242 -26.4914 49.6214
      vertex 30.771 -30.771 49.6214
    endloop
  endfacet
  facet normal 0.588569 -0.39327 0.706347
    outer loop
      vertex 39.3673 -30.2076 43.5168
      vertex 42.9734 -24.8107 43.5168
      vertex 34.5242 -26.4914 49.6214
    endloop
  endfacet
  facet normal 0.588569 -0.39327 0.706347
    outer loop
      vertex 42.9734 -24.8107 43.5168
      vertex 37.6867 -21.7584 49.6214
      vertex 34.5242 -26.4914 49.6214
    endloop
  endfacet
  facet normal 0.634866 -0.313081 0.706347
    outer loop
      vertex 42.9734 -24.8107 43.5168
      vertex 45.8442 -18.9893 43.5168
      vertex 37.6867 -21.7584 49.6214
    endloop
  endfacet
  facet normal 0.634866 -0.31308 0.706347
    outer loop
      vertex 45.8442 -18.9893 43.5168
      vertex 40.2043 -16.6532 49.6214
      vertex 37.6867 -21.7584 49.6214
    endloop
  endfacet
  facet normal 0.670299 -0.227537 0.706347
    outer loop
      vertex 45.8442 -18.9893 43.5168
      vertex 47.9306 -12.843 43.5168
      vertex 40.2043 -16.6532 49.6214
    endloop
  endfacet
  facet normal 0.670298 -0.227532 0.706349
    outer loop
      vertex 47.9306 -12.843 43.5168
      vertex 42.034 -11.263 49.6214
      vertex 40.2043 -16.6532 49.6214
    endloop
  endfacet
  facet normal 0.694262 -0.138098 0.706349
    outer loop
      vertex 47.9306 -12.843 43.5168
      vertex 49.1969 -6.4769 43.5168
      vertex 42.034 -11.263 49.6214
    endloop
  endfacet
  facet normal 0.694262 -0.138096 0.70635
    outer loop
      vertex 49.1969 -6.4769 43.5168
      vertex 43.1445 -5.68009 49.6214
      vertex 42.034 -11.263 49.6214
    endloop
  endfacet
  facet normal 0.706347 -0.0462944 0.70635
    outer loop
      vertex 49.1969 -6.4769 43.5168
      vertex 49.6214 0 43.5168
      vertex 43.1445 -5.68009 49.6214
    endloop
  endfacet
  facet normal 0.706349 -0.0462974 0.706349
    outer loop
      vertex 49.6214 0 43.5168
      vertex 43.5168 0 49.6214
      vertex 43.1445 -5.68009 49.6214
    endloop
  endfacet
  facet normal 0.792282 0.051931 0.607942
    outer loop
      vertex 54.877 0 36.6676
      vertex 54.4075 7.16289 36.6676
      vertex 49.6214 0 43.5168
    endloop
  endfacet
  facet normal 0.792284 0.0519268 0.607939
    outer loop
      vertex 54.4075 7.16289 36.6676
      vertex 49.1969 6.4769 43.5168
      vertex 49.6214 0 43.5168
    endloop
  endfacet
  facet normal 0.778728 0.154898 0.607939
    outer loop
      vertex 54.4075 7.16289 36.6676
      vertex 53.0071 14.2032 36.6676
      vertex 49.1969 6.4769 43.5168
    endloop
  endfacet
  facet normal 0.778727 0.154899 0.60794
    outer loop
      vertex 53.0071 14.2032 36.6676
      vertex 47.9306 12.843 43.5168
      vertex 49.1969 6.4769 43.5168
    endloop
  endfacet
  facet normal 0.751846 0.25522 0.607939
    outer loop
      vertex 53.0071 14.2032 36.6676
      vertex 50.6997 21.0005 36.6676
      vertex 47.9306 12.843 43.5168
    endloop
  endfacet
  facet normal 0.751847 0.255219 0.607938
    outer loop
      vertex 50.6997 21.0005 36.6676
      vertex 45.8442 18.9893 43.5168
      vertex 47.9306 12.843 43.5168
    endloop
  endfacet
  facet normal 0.712106 0.351164 0.607938
    outer loop
      vertex 50.6997 21.0005 36.6676
      vertex 47.5249 27.4385 36.6676
      vertex 45.8442 18.9893 43.5168
    endloop
  endfacet
  facet normal 0.7121 0.351169 0.607943
    outer loop
      vertex 47.5249 27.4385 36.6676
      vertex 42.9734 24.8107 43.5168
      vertex 45.8442 18.9893 43.5168
    endloop
  endfacet
  facet normal 0.660167 0.441118 0.607943
    outer loop
      vertex 47.5249 27.4385 36.6676
      vertex 43.5368 33.407 36.6676
      vertex 42.9734 24.8107 43.5168
    endloop
  endfacet
  facet normal 0.660173 0.441114 0.607939
    outer loop
      vertex 43.5368 33.407 36.6676
      vertex 39.3673 30.2076 43.5168
      vertex 42.9734 24.8107 43.5168
    endloop
  endfacet
  facet normal 0.596952 0.523506 0.607939
    outer loop
      vertex 43.5368 33.407 36.6676
      vertex 38.8039 38.8039 36.6676
      vertex 39.3673 30.2076 43.5168
    endloop
  endfacet
  facet normal 0.596942 0.523511 0.607945
    outer loop
      vertex 38.8039 38.8039 36.6676
      vertex 35.0876 35.0876 43.5168
      vertex 39.3673 30.2076 43.5168
    endloop
  endfacet
  facet normal 0.523504 0.596948 0.607945
    outer loop
      vertex 38.8039 38.8039 36.6676
      vertex 33.407 43.5368 36.6676
      vertex 35.0876 35.0876 43.5168
    endloop
  endfacet
  facet normal 0.523514 0.596945 0.607939
    outer loop
      vertex 33.407 43.5368 36.6676
      vertex 30.2076 39.3673 43.5168
      vertex 35.0876 35.0876 43.5168
    endloop
  endfacet
  facet normal 0.44112 0.66017 0.607939
    outer loop
      vertex 33.407 43.5368 36.6676
      vertex 27.4385 47.5249 36.6676
      vertex 30.2076 39.3673 43.5168
    endloop
  endfacet
  facet normal 0.441113 0.660171 0.607943
    outer loop
      vertex 27.4385 47.5249 36.6676
      vertex 24.8107 42.9734 43.5168
      vertex 30.2076 39.3673 43.5168
    endloop
  endfacet
  facet normal 0.351163 0.712103 0.607943
    outer loop
      vertex 27.4385 47.5249 36.6676
      vertex 21.0005 50.6997 36.6676
      vertex 24.8107 42.9734 43.5168
    endloop
  endfacet
  facet normal 0.351171 0.712103 0.607938
    outer loop
      vertex 21.0005 50.6997 36.6676
      vertex 18.9893 45.8442 43.5168
      vertex 24.8107 42.9734 43.5168
    endloop
  endfacet
  facet normal 0.255221 0.751847 0.607938
    outer loop
      vertex 21.0005 50.6997 36.6676
      vertex 14.2032 53.0071 36.6676
      vertex 18.9893 45.8442 43.5168
    endloop
  endfacet
  facet normal 0.255219 0.751846 0.607939
    outer loop
      vertex 14.2032 53.0071 36.6676
      vertex 12.843 47.9306 43.5168
      vertex 18.9893 45.8442 43.5168
    endloop
  endfacet
  facet normal 0.154898 0.778727 0.60794
    outer loop
      vertex 14.2032 53.0071 36.6676
      vertex 7.16289 54.4075 36.6676
      vertex 12.843 47.9306 43.5168
    endloop
  endfacet
  facet normal 0.154899 0.778727 0.607939
    outer loop
      vertex 7.16289 54.4075 36.6676
      vertex 6.4769 49.1969 43.5168
      vertex 12.843 47.9306 43.5168
    endloop
  endfacet
  facet normal 0.0519311 0.792284 0.607939
    outer loop
      vertex 7.16289 54.4075 36.6676
      vertex 0 54.877 36.6676
      vertex 6.4769 49.1969 43.5168
    endloop
  endfacet
  facet normal 0.0519266 0.792282 0.607942
    outer loop
      vertex 0 54.877 36.6676
      vertex 0 49.6214 43.5168
      vertex 6.4769 49.1969 43.5168
    endloop
  endfacet
  facet normal -0.051931 0.792282 0.607942
    outer loop
      vertex 0 54.877 36.6676
      vertex -7.16289 54.4075 36.6676
      vertex 0 49.6214 43.5168
    endloop
  endfacet
  facet normal -0.0519268 0.792284 0.607939
    outer loop
      vertex -7.16289 54.4075 36.6676
      vertex -6.4769 49.1969 43.5168
      vertex 0 49.6214 43.5168
    endloop
  endfacet
  facet normal -0.154898 0.778728 0.607939
    outer loop
      vertex -7.16289 54.4075 36.6676
      vertex -14.2032 53.0071 36.6676
      vertex -6.4769 49.1969 43.5168
    endloop
  endfacet
  facet normal -0.154899 0.778727 0.60794
    outer loop
      vertex -14.2032 53.0071 36.6676
      vertex -12.843 47.9306 43.5168
      vertex -6.4769 49.1969 43.5168
    endloop
  endfacet
  facet normal -0.25522 0.751846 0.607939
    outer loop
      vertex -14.2032 53.0071 36.6676
      vertex -21.0005 50.6997 36.6676
      vertex -12.843 47.9306 43.5168
    endloop
  endfacet
  facet normal -0.255219 0.751847 0.607938
    outer loop
      vertex -21.0005 50.6997 36.6676
      vertex -18.9893 45.8442 43.5168
      vertex -12.843 47.9306 43.5168
    endloop
  endfacet
  facet normal -0.351164 0.712106 0.607938
    outer loop
      vertex -21.0005 50.6997 36.6676
      vertex -27.4385 47.5249 36.6676
      vertex -18.9893 45.8442 43.5168
    endloop
  endfacet
  facet normal -0.351169 0.7121 0.607943
    outer loop
      vertex -27.4385 47.5249 36.6676
      vertex -24.8107 42.9734 43.5168
      vertex -18.9893 45.8442 43.5168
    endloop
  endfacet
  facet normal -0.441118 0.660167 0.607943
    outer loop
      vertex -27.4385 47.5249 36.6676
      vertex -33.407 43.5368 36.6676
      vertex -24.8107 42.9734 43.5168
    endloop
  endfacet
  facet normal -0.441114 0.660173 0.607939
    outer loop
      vertex -33.407 43.5368 36.6676
      vertex -30.2076 39.3673 43.5168
      vertex -24.8107 42.9734 43.5168
    endloop
  endfacet
  facet normal -0.523506 0.596952 0.607939
    outer loop
      vertex -33.407 43.5368 36.6676
      vertex -38.8039 38.8039 36.6676
      vertex -30.2076 39.3673 43.5168
    endloop
  endfacet
  facet normal -0.523511 0.596942 0.607945
    outer loop
      vertex -38.8039 38.8039 36.6676
      vertex -35.0876 35.0876 43.5168
      vertex -30.2076 39.3673 43.5168
    endloop
  endfacet
  facet normal -0.596948 0.523504 0.607945
    outer loop
      vertex -38.8039 38.8039 36.6676
      vertex -43.5368 33.407 36.6676
      vertex -35.0876 35.0876 43.5168
    endloop
  endfacet
  facet normal -0.596945 0.523514 0.607939
    outer loop
      vertex -43.5368 33.407 36.6676
      vertex -39.3673 30.2076 43.5168
      vertex -35.0876 35.0876 43.5168
    endloop
  endfacet
  facet normal -0.66017 0.44112 0.607939
    outer loop
      vertex -43.5368 33.407 36.6676
      vertex -47.5249 27.4385 36.6676
      vertex -39.3673 30.2076 43.5168
    endloop
  endfacet
  facet normal -0.660171 0.441113 0.607943
    outer loop
      vertex -47.5249 27.4385 36.6676
      vertex -42.9734 24.8107 43.5168
      vertex -39.3673 30.2076 43.5168
    endloop
  endfacet
  facet normal -0.712103 0.351163 0.607943
    outer loop
      vertex -47.5249 27.4385 36.6676
      vertex -50.6997 21.0005 36.6676
      vertex -42.9734 24.8107 43.5168
    endloop
  endfacet
  facet normal -0.712103 0.351171 0.607938
    outer loop
      vertex -50.6997 21.0005 36.6676
      vertex -45.8442 18.9893 43.5168
      vertex -42.9734 24.8107 43.5168
    endloop
  endfacet
  facet normal -0.751847 0.255221 0.607938
    outer loop
      vertex -50.6997 21.0005 36.6676
      vertex -53.0071 14.2032 36.6676
      vertex -45.8442 18.9893 43.5168
    endloop
  endfacet
  facet normal -0.751846 0.255219 0.607939
    outer loop
      vertex -53.0071 14.2032 36.6676
      vertex -47.9306 12.843 43.5168
      vertex -45.8442 18.9893 43.5168
    endloop
  endfacet
  facet normal -0.778727 0.154898 0.60794
    outer loop
      vertex -53.0071 14.2032 36.6676
      vertex -54.4075 7.16289 36.6676
      vertex -47.9306 12.843 43.5168
    endloop
  endfacet
  facet normal -0.778727 0.154899 0.607939
    outer loop
      vertex -54.4075 7.16289 36.6676
      vertex -49.1969 6.4769 43.5168
      vertex -47.9306 12.843 43.5168
    endloop
  endfacet
  facet normal -0.792284 0.0519311 0.607939
    outer loop
      vertex -54.4075 7.16289 36.6676
      vertex -54.877 -0 36.6676
      vertex -49.1969 6.4769 43.5168
    endloop
  endfacet
  facet normal -0.792282 0.0519266 0.607942
    outer loop
      vertex -54.877 -0 36.6676
      vertex -49.6214 -0 43.5168
      vertex -49.1969 6.4769 43.5168
    endloop
  endfacet
  facet normal -0.792282 -0.051931 0.607942
    outer loop
      vertex -54.877 -0 36.6676
      vertex -54.4075 -7.16289 36.6676
      vertex -49.6214 -0 43.5168
    endloop
  endfacet
  facet normal -0.792284 -0.0519268 0.607939
    outer loop
      vertex -54.4075 -7.16289 36.6676
      vertex -49.1969 -6.4769 43.5168
      vertex -49.6214 -0 43.5168
    endloop
  endfacet
  facet normal -0.778728 -0.154898 0.607939
    outer loop
      vertex -54.4075 -7.16289 36.6676
      vertex -53.0071 -14.2032 36.6676
      vertex -49.1969 -6.4769 43.5168
    endloop
  endfacet
  facet normal -0.778727 -0.154899 0.60794
    outer loop
      vertex -53.0071 -14.2032 36.6676
      vertex -47.9306 -12.843 43.5168
      vertex -49.1969 -6.4769 43.5168
    endloop
  endfacet
  facet normal -0.751846 -0.25522 0.607939
    outer loop
      vertex -53.0071 -14.2032 36.6676
      vertex -50.6997 -21.0005 36.6676
      vertex -47.9306 -12.843 43.5168
    endloop
  endfacet
  facet normal -0.751847 -0.255219 0.607938
    outer loop
      vertex -50.6997 -21.0005 36.6676
      vertex -45.8442 -18.9893 43.5168
      vertex -47.9306 -12.843 43.5168
    endloop
  endfacet
  facet normal -0.712106 -0.351164 0.607938
    outer loop
      vertex -50.6997 -21.0005 36.6676
      vertex -47.5249 -27.4385 36.6676
      vertex -45.8442 -18.9893 43.5168
    endloop
  endfacet
  facet normal -0.7121 -0.351169 0.607943
    outer loop
      vertex -47.5249 -27.4385 36.6676
      vertex -42.9734 -24.8107 43.5168
      vertex -45.8442 -18.9893 43.5168
    endloop
  endfacet
  facet normal -0.660167 -0.441118 0.607943
    outer loop
      vertex -47.5249 -27.4385 36.6676
      vertex -43.5368 -33.407 36.6676
      vertex -42.9734 -24.8107 43.5168
    endloop
  endfacet
  facet normal -0.660173 -0.441114 0.607939
    outer loop
      vertex -43.5368 -33.407 36.6676
      vertex -39.3673 -30.2076 43.5168
      vertex -42.9734 -24.8107 43.5168
    endloop
  endfacet
  facet normal -0.596952 -0.523506 0.607939
    outer loop
      vertex -43.5368 -33.407 36.6676
      vertex -38.8039 -38.8039 36.6676
      vertex -39.3673 -30.2076 43.5168
    endloop
  endfacet
  facet normal -0.596942 -0.523511 0.607945
    outer loop
      vertex -38.8039 -38.8039 36.6676
      vertex -35.0876 -35.0876 43.5168
      vertex -39.3673 -30.2076 43.5168
    endloop
  endfacet
  facet normal -0.523504 -0.596948 0.607945
    outer loop
      vertex -38.8039 -38.8039 36.6676
      vertex -33.407 -43.5368 36.6676
      vertex -35.0876 -35.0876 43.5168
    endloop
  endfacet
  facet normal -0.523514 -0.596945 0.607939
    outer loop
      vertex -33.407 -43.5368 36.6676
      vertex -30.2076 -39.3673 43.5168
      vertex -35.0876 -35.0876 43.5168
    endloop
  endfacet
  facet normal -0.44112 -0.66017 0.607939
    outer loop
      vertex -33.407 -43.5368 36.6676
      vertex -27.4385 -47.5249 36.6676
      vertex -30.2076 -39.3673 43.5168
    endloop
  endfacet
  facet normal -0.441113 -0.660171 0.607943
    outer loop
      vertex -27.4385 -47.5249 36.6676
      vertex -24.8107 -42.9734 43.5168
      vertex -30.2076 -39.3673 43.5168
    endloop
  endfacet
  facet normal -0.351163 -0.712103 0.607943
    outer loop
      vertex -27.4385 -47.5249 36.6676
      vertex -21.0005 -50.6997 36.6676
      vertex -24.8107 -42.9734 43.5168
    endloop
  endfacet
  facet normal -0.351171 -0.712103 0.607938
    outer loop
      vertex -21.0005 -50.6997 36.6676
      vertex -18.9893 -45.8442 43.5168
      vertex -24.8107 -42.9734 43.5168
    endloop
  endfacet
  facet normal -0.255221 -0.751847 0.607938
    outer loop
      vertex -21.0005 -50.6997 36.6676
      vertex -14.2032 -53.0071 36.6676
      vertex -18.9893 -45.8442 43.5168
    endloop
  endfacet
  facet normal -0.255219 -0.751846 0.607939
    outer loop
      vertex -14.2032 -53.0071 36.6676
      vertex -12.843 -47.9306 43.5168
      vertex -18.9893 -45.8442 43.5168
    endloop
  endfacet
  facet normal -0.154898 -0.778727 0.60794
    outer loop
      vertex -14.2032 -53.0071 36.6676
      vertex -7.16289 -54.4075 36.6676
      vertex -12.843 -47.9306 43.5168
    endloop
  endfacet
  facet normal -0.154899 -0.778727 0.607939
    outer loop
      vertex -7.16289 -54.4075 36.6676
      vertex -6.4769 -49.1969 43.5168
      vertex -12.843 -47.9306 43.5168
    endloop
  endfacet
  facet normal -0.0519311 -0.792284 0.607939
    outer loop
      vertex -7.16289 -54.4075 36.6676
      vertex -0 -54.877 36.6676
      vertex -6.4769 -49.1969 43.5168
    endloop
  endfacet
  facet normal -0.0519266 -0.792282 0.607942
    outer loop
      vertex -0 -54.877 36.6676
      vertex -0 -49.6214 43.5168
      vertex -6.4769 -49.1969 43.5168
    endloop
  endfacet
  facet normal 0.051931 -0.792282 0.607942
    outer loop
      vertex -0 -54.877 36.6676
      vertex 7.16289 -54.4075 36.6676
      vertex -0 -49.6214 43.5168
    endloop
  endfacet
  facet normal 0.0519268 -0.792284 0.607939
    outer loop
      vertex 7.16289 -54.4075 36.6676
      vertex 6.4769 -49.1969 43.5168
      vertex -0 -49.6214 43.5168
    endloop
  endfacet
  facet normal 0.154898 -0.778728 0.607939
    outer loop
      vertex 7.16289 -54.4075 36.6676
      vertex 14.2032 -53.0071 36.6676
      vertex 6.4769 -49.1969 43.5168
    endloop
  endfacet
  facet normal 0.154899 -0.778727 0.60794
    outer loop
      vertex 14.2032 -53.0071 36.6676
      vertex 12.843 -47.9306 43.5168
      vertex 6.4769 -49.1969 43.5168
    endloop
  endfacet
  facet normal 0.25522 -0.751846 0.607939
    outer loop
      vertex 14.2032 -53.0071 36.6676
      vertex 21.0005 -50.6997 36.6676
      vertex 12.843 -47.9306 43.5168
    endloop
  endfacet
  facet normal 0.255219 -0.751847 0.607938
    outer loop
      vertex 21.0005 -50.6997 36.6676
      vertex 18.9893 -45.8442 43.5168
      vertex 12.843 -47.9306 43.5168
    endloop
  endfacet
  facet normal 0.351164 -0.712106 0.607938
    outer loop
      vertex 21.0005 -50.6997 36.6676
      vertex 27.4385 -47.5249 36.6676
      vertex 18.9893 -45.8442 43.5168
    endloop
  endfacet
  facet normal 0.351169 -0.7121 0.607943
    outer loop
      vertex 27.4385 -47.5249 36.6676
      vertex 24.8107 -42.9734 43.5168
      vertex 18.9893 -45.8442 43.5168
    endloop
  endfacet
  facet normal 0.441118 -0.660167 0.607943
    outer loop
      vertex 27.4385 -47.5249 36.6676
      vertex 33.407 -43.5368 36.6676
      vertex 24.8107 -42.9734 43.5168
    endloop
  endfacet
  facet normal 0.441114 -0.660173 0.607939
    outer loop
      vertex 33.407 -43.5368 36.6676
      vertex 30.2076 -39.3673 43.5168
      vertex 24.8107 -42.9734 43.5168
    endloop
  endfacet
  facet normal 0.523506 -0.596952 0.607939
    outer loop
      vertex 33.407 -43.5368 36.6676
      vertex 38.8039 -38.8039 36.6676
      vertex 30.2076 -39.3673 43.5168
    endloop
  endfacet
  facet normal 0.523511 -0.596942 0.607945
    outer loop
      vertex 38.8039 -38.8039 36.6676
      vertex 35.0876 -35.0876 43.5168
      vertex 30.2076 -39.3673 43.5168
    endloop
  endfacet
  facet normal 0.596948 -0.523504 0.607945
    outer loop
      vertex 38.8039 -38.8039 36.6676
      vertex 43.5368 -33.407 36.6676
      vertex 35.0876 -35.0876 43.5168
    endloop
  endfacet
  facet normal 0.596945 -0.523514 0.607939
    outer loop
      vertex 43.5368 -33.407 36.6676
      vertex 39.3673 -30.2076 43.5168
      vertex 35.0876 -35.0876 43.5168
    endloop
  endfacet
  facet normal 0.66017 -0.44112 0.607939
    outer loop
      vertex 43.5368 -33.407 36.6676
      vertex 47.5249 -27.4385 36.6676
      vertex 39.3673 -30.2076 43.5168
    endloop
  endfacet
  facet normal 0.660171 -0.441113 0.607943
    outer loop
      vertex 47.5249 -27.4385 36.6676
      vertex 42.9734 -24.8107 43.5168
      vertex 39.3673 -30.2076 43.5168
    endloop
  endfacet
  facet normal 0.712103 -0.351163 0.607943
    outer loop
      vertex 47.5249 -27.4385 36.6676
      vertex 50.6997 -21.0005 36.6676
      vertex 42.9734 -24.8107 43.5168
    endloop
  endfacet
  facet normal 0.712103 -0.351171 0.607938
    outer loop
      vertex 50.6997 -21.0005 36.6676
      vertex 45.8442 -18.9893 43.5168
      vertex 42.9734 -24.8107 43.5168
    endloop
  endfacet
  facet normal 0.751847 -0.255221 0.607938
    outer loop
      vertex 50.6997 -21.0005 36.6676
      vertex 53.0071 -14.2032 36.6676
      vertex 45.8442 -18.9893 43.5168
    endloop
  endfacet
  facet normal 0.751846 -0.255219 0.607939
    outer loop
      vertex 53.0071 -14.2032 36.6676
      vertex 47.9306 -12.843 43.5168
      vertex 45.8442 -18.9893 43.5168
    endloop
  endfacet
  facet normal 0.778727 -0.154898 0.60794
    outer loop
      vertex 53.0071 -14.2032 36.6676
      vertex 54.4075 -7.16289 36.6676
      vertex 47.9306 -12.843 43.5168
    endloop
  endfacet
  facet normal 0.778727 -0.154899 0.607939
    outer loop
      vertex 54.4075 -7.16289 36.6676
      vertex 49.1969 -6.4769 43.5168
      vertex 47.9306 -12.843 43.5168
    endloop
  endfacet
  facet normal 0.792284 -0.0519311 0.607939
    outer loop
      vertex 54.4075 -7.16289 36.6676
      vertex 54.877 0 36.6676
      vertex 49.1969 -6.4769 43.5168
    endloop
  endfacet
  facet normal 0.792282 -0.0519266 0.607942
    outer loop
      vertex 54.877 0 36.6676
      vertex 49.6214 0 43.5168
      vertex 49.1969 -6.4769 43.5168
    endloop
  endfacet
  facet normal 0.864632 0.0566699 0.4992
    outer loop
      vertex 59.1936 0 29.1911
      vertex 58.6872 7.72632 29.1911
      vertex 54.877 0 36.6676
    endloop
  endfacet
  facet normal 0.86463 0.0566732 0.499203
    outer loop
      vertex 58.6872 7.72632 29.1911
      vertex 54.4075 7.16289 36.6676
      vertex 54.877 0 36.6676
    endloop
  endfacet
  facet normal 0.849835 0.169048 0.499202
    outer loop
      vertex 58.6872 7.72632 29.1911
      vertex 57.1766 15.3204 29.1911
      vertex 54.4075 7.16289 36.6676
    endloop
  endfacet
  facet normal 0.849839 0.169043 0.499198
    outer loop
      vertex 57.1766 15.3204 29.1911
      vertex 53.0071 14.2032 36.6676
      vertex 54.4075 7.16289 36.6676
    endloop
  endfacet
  facet normal 0.820506 0.278515 0.499198
    outer loop
      vertex 57.1766 15.3204 29.1911
      vertex 54.6878 22.6524 29.1911
      vertex 53.0071 14.2032 36.6676
    endloop
  endfacet
  facet normal 0.820498 0.278525 0.499207
    outer loop
      vertex 54.6878 22.6524 29.1911
      vertex 50.6997 21.0005 36.6676
      vertex 53.0071 14.2032 36.6676
    endloop
  endfacet
  facet normal 0.777125 0.383236 0.499207
    outer loop
      vertex 54.6878 22.6524 29.1911
      vertex 51.2632 29.5968 29.1911
      vertex 50.6997 21.0005 36.6676
    endloop
  endfacet
  facet normal 0.777131 0.38323 0.499201
    outer loop
      vertex 51.2632 29.5968 29.1911
      vertex 47.5249 27.4385 36.6676
      vertex 50.6997 21.0005 36.6676
    endloop
  endfacet
  facet normal 0.720454 0.481399 0.499201
    outer loop
      vertex 51.2632 29.5968 29.1911
      vertex 46.9614 36.0348 29.1911
      vertex 47.5249 27.4385 36.6676
    endloop
  endfacet
  facet normal 0.720452 0.4814 0.499202
    outer loop
      vertex 46.9614 36.0348 29.1911
      vertex 43.5368 33.407 36.6676
      vertex 47.5249 27.4385 36.6676
    endloop
  endfacet
  facet normal 0.65146 0.571312 0.499202
    outer loop
      vertex 46.9614 36.0348 29.1911
      vertex 41.8562 41.8562 29.1911
      vertex 43.5368 33.407 36.6676
    endloop
  endfacet
  facet normal 0.651462 0.571311 0.4992
    outer loop
      vertex 41.8562 41.8562 29.1911
      vertex 38.8039 38.8039 36.6676
      vertex 43.5368 33.407 36.6676
    endloop
  endfacet
  facet normal 0.571312 0.651461 0.4992
    outer loop
      vertex 41.8562 41.8562 29.1911
      vertex 36.0348 46.9614 29.1911
      vertex 38.8039 38.8039 36.6676
    endloop
  endfacet
  facet normal 0.57131 0.651462 0.499202
    outer loop
      vertex 36.0348 46.9614 29.1911
      vertex 33.407 43.5368 36.6676
      vertex 38.8039 38.8039 36.6676
    endloop
  endfacet
  facet normal 0.481399 0.720453 0.499202
    outer loop
      vertex 36.0348 46.9614 29.1911
      vertex 29.5968 51.2632 29.1911
      vertex 33.407 43.5368 36.6676
    endloop
  endfacet
  facet normal 0.4814 0.720453 0.499201
    outer loop
      vertex 29.5968 51.2632 29.1911
      vertex 27.4385 47.5249 36.6676
      vertex 33.407 43.5368 36.6676
    endloop
  endfacet
  facet normal 0.383237 0.777128 0.499201
    outer loop
      vertex 29.5968 51.2632 29.1911
      vertex 22.6524 54.6878 29.1911
      vertex 27.4385 47.5249 36.6676
    endloop
  endfacet
  facet normal 0.383229 0.777128 0.499207
    outer loop
      vertex 22.6524 54.6878 29.1911
      vertex 21.0005 50.6997 36.6676
      vertex 27.4385 47.5249 36.6676
    endloop
  endfacet
  facet normal 0.278514 0.820501 0.499207
    outer loop
      vertex 22.6524 54.6878 29.1911
      vertex 15.3204 57.1766 29.1911
      vertex 21.0005 50.6997 36.6676
    endloop
  endfacet
  facet normal 0.278526 0.820502 0.499198
    outer loop
      vertex 15.3204 57.1766 29.1911
      vertex 14.2032 53.0071 36.6676
      vertex 21.0005 50.6997 36.6676
    endloop
  endfacet
  facet normal 0.169048 0.849837 0.499198
    outer loop
      vertex 15.3204 57.1766 29.1911
      vertex 7.72632 58.6872 29.1911
      vertex 14.2032 53.0071 36.6676
    endloop
  endfacet
  facet normal 0.169042 0.849836 0.499202
    outer loop
      vertex 7.72632 58.6872 29.1911
      vertex 7.16289 54.4075 36.6676
      vertex 14.2032 53.0071 36.6676
    endloop
  endfacet
  facet normal 0.0566698 0.86463 0.499202
    outer loop
      vertex 7.72632 58.6872 29.1911
      vertex 0 59.1936 29.1911
      vertex 7.16289 54.4075 36.6676
    endloop
  endfacet
  facet normal 0.0566733 0.864631 0.4992
    outer loop
      vertex 0 59.1936 29.1911
      vertex 0 54.877 36.6676
      vertex 7.16289 54.4075 36.6676
    endloop
  endfacet
  facet normal -0.0566699 0.864632 0.4992
    outer loop
      vertex 0 59.1936 29.1911
      vertex -7.72632 58.6872 29.1911
      vertex 0 54.877 36.6676
    endloop
  endfacet
  facet normal -0.0566732 0.86463 0.499203
    outer loop
      vertex -7.72632 58.6872 29.1911
      vertex -7.16289 54.4075 36.6676
      vertex 0 54.877 36.6676
    endloop
  endfacet
  facet normal -0.169048 0.849835 0.499202
    outer loop
      vertex -7.72632 58.6872 29.1911
      vertex -15.3204 57.1766 29.1911
      vertex -7.16289 54.4075 36.6676
    endloop
  endfacet
  facet normal -0.169043 0.849839 0.499198
    outer loop
      vertex -15.3204 57.1766 29.1911
      vertex -14.2032 53.0071 36.6676
      vertex -7.16289 54.4075 36.6676
    endloop
  endfacet
  facet normal -0.278515 0.820506 0.499198
    outer loop
      vertex -15.3204 57.1766 29.1911
      vertex -22.6524 54.6878 29.1911
      vertex -14.2032 53.0071 36.6676
    endloop
  endfacet
  facet normal -0.278525 0.820498 0.499207
    outer loop
      vertex -22.6524 54.6878 29.1911
      vertex -21.0005 50.6997 36.6676
      vertex -14.2032 53.0071 36.6676
    endloop
  endfacet
  facet normal -0.383236 0.777125 0.499207
    outer loop
      vertex -22.6524 54.6878 29.1911
      vertex -29.5968 51.2632 29.1911
      vertex -21.0005 50.6997 36.6676
    endloop
  endfacet
  facet normal -0.38323 0.777131 0.499201
    outer loop
      vertex -29.5968 51.2632 29.1911
      vertex -27.4385 47.5249 36.6676
      vertex -21.0005 50.6997 36.6676
    endloop
  endfacet
  facet normal -0.481399 0.720454 0.499201
    outer loop
      vertex -29.5968 51.2632 29.1911
      vertex -36.0348 46.9614 29.1911
      vertex -27.4385 47.5249 36.6676
    endloop
  endfacet
  facet normal -0.4814 0.720452 0.499202
    outer loop
      vertex -36.0348 46.9614 29.1911
      vertex -33.407 43.5368 36.6676
      vertex -27.4385 47.5249 36.6676
    endloop
  endfacet
  facet normal -0.571312 0.65146 0.499202
    outer loop
      vertex -36.0348 46.9614 29.1911
      vertex -41.8562 41.8562 29.1911
      vertex -33.407 43.5368 36.6676
    endloop
  endfacet
  facet normal -0.571311 0.651462 0.4992
    outer loop
      vertex -41.8562 41.8562 29.1911
      vertex -38.8039 38.8039 36.6676
      vertex -33.407 43.5368 36.6676
    endloop
  endfacet
  facet normal -0.651461 0.571312 0.4992
    outer loop
      vertex -41.8562 41.8562 29.1911
      vertex -46.9614 36.0348 29.1911
      vertex -38.8039 38.8039 36.6676
    endloop
  endfacet
  facet normal -0.651462 0.57131 0.499202
    outer loop
      vertex -46.9614 36.0348 29.1911
      vertex -43.5368 33.407 36.6676
      vertex -38.8039 38.8039 36.6676
    endloop
  endfacet
  facet normal -0.720453 0.481399 0.499202
    outer loop
      vertex -46.9614 36.0348 29.1911
      vertex -51.2632 29.5968 29.1911
      vertex -43.5368 33.407 36.6676
    endloop
  endfacet
  facet normal -0.720453 0.4814 0.499201
    outer loop
      vertex -51.2632 29.5968 29.1911
      vertex -47.5249 27.4385 36.6676
      vertex -43.5368 33.407 36.6676
    endloop
  endfacet
  facet normal -0.777128 0.383237 0.499201
    outer loop
      vertex -51.2632 29.5968 29.1911
      vertex -54.6878 22.6524 29.1911
      vertex -47.5249 27.4385 36.6676
    endloop
  endfacet
  facet normal -0.777128 0.383229 0.499207
    outer loop
      vertex -54.6878 22.6524 29.1911
      vertex -50.6997 21.0005 36.6676
      vertex -47.5249 27.4385 36.6676
    endloop
  endfacet
  facet normal -0.820501 0.278514 0.499207
    outer loop
      vertex -54.6878 22.6524 29.1911
      vertex -57.1766 15.3204 29.1911
      vertex -50.6997 21.0005 36.6676
    endloop
  endfacet
  facet normal -0.820502 0.278526 0.499198
    outer loop
      vertex -57.1766 15.3204 29.1911
      vertex -53.0071 14.2032 36.6676
      vertex -50.6997 21.0005 36.6676
    endloop
  endfacet
  facet normal -0.849837 0.169048 0.499198
    outer loop
      vertex -57.1766 15.3204 29.1911
      vertex -58.6872 7.72632 29.1911
      vertex -53.0071 14.2032 36.6676
    endloop
  endfacet
  facet normal -0.849836 0.169042 0.499202
    outer loop
      vertex -58.6872 7.72632 29.1911
      vertex -54.4075 7.16289 36.6676
      vertex -53.0071 14.2032 36.6676
    endloop
  endfacet
  facet normal -0.86463 0.0566698 0.499202
    outer loop
      vertex -58.6872 7.72632 29.1911
      vertex -59.1936 -0 29.1911
      vertex -54.4075 7.16289 36.6676
    endloop
  endfacet
  facet normal -0.864631 0.0566733 0.4992
    outer loop
      vertex -59.1936 -0 29.1911
      vertex -54.877 -0 36.6676
      vertex -54.4075 7.16289 36.6676
    endloop
  endfacet
  facet normal -0.864632 -0.0566699 0.4992
    outer loop
      vertex -59.1936 -0 29.1911
      vertex -58.6872 -7.72632 29.1911
      vertex -54.877 -0 36.6676
    endloop
  endfacet
  facet normal -0.86463 -0.0566732 0.499203
    outer loop
      vertex -58.6872 -7.72632 29.1911
      vertex -54.4075 -7.16289 36.6676
      vertex -54.877 -0 36.6676
    endloop
  endfacet
  facet normal -0.849835 -0.169048 0.499202
    outer loop
      vertex -58.6872 -7.72632 29.1911
      vertex -57.1766 -15.3204 29.1911
      vertex -54.4075 -7.16289 36.6676
    endloop
  endfacet
  facet normal -0.849839 -0.169043 0.499198
    outer loop
      vertex -57.1766 -15.3204 29.1911
      vertex -53.0071 -14.2032 36.6676
      vertex -54.4075 -7.16289 36.6676
    endloop
  endfacet
  facet normal -0.820506 -0.278515 0.499198
    outer loop
      vertex -57.1766 -15.3204 29.1911
      vertex -54.6878 -22.6524 29.1911
      vertex -53.0071 -14.2032 36.6676
    endloop
  endfacet
  facet normal -0.820498 -0.278525 0.499207
    outer loop
      vertex -54.6878 -22.6524 29.1911
      vertex -50.6997 -21.0005 36.6676
      vertex -53.0071 -14.2032 36.6676
    endloop
  endfacet
  facet normal -0.777125 -0.383236 0.499207
    outer loop
      vertex -54.6878 -22.6524 29.1911
      vertex -51.2632 -29.5968 29.1911
      vertex -50.6997 -21.0005 36.6676
    endloop
  endfacet
  facet normal -0.777131 -0.38323 0.499201
    outer loop
      vertex -51.2632 -29.5968 29.1911
      vertex -47.5249 -27.4385 36.6676
      vertex -50.6997 -21.0005 36.6676
    endloop
  endfacet
  facet normal -0.720454 -0.481399 0.499201
    outer loop
      vertex -51.2632 -29.5968 29.1911
      vertex -46.9614 -36.0348 29.1911
      vertex -47.5249 -27.4385 36.6676
    endloop
  endfacet
  facet normal -0.720452 -0.4814 0.499202
    outer loop
      vertex -46.9614 -36.0348 29.1911
      vertex -43.5368 -33.407 36.6676
      vertex -47.5249 -27.4385 36.6676
    endloop
  endfacet
  facet normal -0.65146 -0.571312 0.499202
    outer loop
      vertex -46.9614 -36.0348 29.1911
      vertex -41.8562 -41.8562 29.1911
      vertex -43.5368 -33.407 36.6676
    endloop
  endfacet
  facet normal -0.651462 -0.571311 0.4992
    outer loop
      vertex -41.8562 -41.8562 29.1911
      vertex -38.8039 -38.8039 36.6676
      vertex -43.5368 -33.407 36.6676
    endloop
  endfacet
  facet normal -0.571312 -0.651461 0.4992
    outer loop
      vertex -41.8562 -41.8562 29.1911
      vertex -36.0348 -46.9614 29.1911
      vertex -38.8039 -38.8039 36.6676
    endloop
  endfacet
  facet normal -0.57131 -0.651462 0.499202
    outer loop
      vertex -36.0348 -46.9614 29.1911
      vertex -33.407 -43.5368 36.6676
      vertex -38.8039 -38.8039 36.6676
    endloop
  endfacet
  facet normal -0.481399 -0.720453 0.499202
    outer loop
      vertex -36.0348 -46.9614 29.1911
      vertex -29.5968 -51.2632 29.1911
      vertex -33.407 -43.5368 36.6676
    endloop
  endfacet
  facet normal -0.4814 -0.720453 0.499201
    outer loop
      vertex -29.5968 -51.2632 29.1911
      vertex -27.4385 -47.5249 36.6676
      vertex -33.407 -43.5368 36.6676
    endloop
  endfacet
  facet normal -0.383237 -0.777128 0.499201
    outer loop
      vertex -29.5968 -51.2632 29.1911
      vertex -22.6524 -54.6878 29.1911
      vertex -27.4385 -47.5249 36.6676
    endloop
  endfacet
  facet normal -0.383229 -0.777128 0.499207
    outer loop
      vertex -22.6524 -54.6878 29.1911
      vertex -21.0005 -50.6997 36.6676
      vertex -27.4385 -47.5249 36.6676
    endloop
  endfacet
  facet normal -0.278514 -0.820501 0.499207
    outer loop
      vertex -22.6524 -54.6878 29.1911
      vertex -15.3204 -57.1766 29.1911
      vertex -21.0005 -50.6997 36.6676
    endloop
  endfacet
  facet normal -0.278526 -0.820502 0.499198
    outer loop
      vertex -15.3204 -57.1766 29.1911
      vertex -14.2032 -53.0071 36.6676
      vertex -21.0005 -50.6997 36.6676
    endloop
  endfacet
  facet normal -0.169048 -0.849837 0.499198
    outer loop
      vertex -15.3204 -57.1766 29.1911
      vertex -7.72632 -58.6872 29.1911
      vertex -14.2032 -53.0071 36.6676
    endloop
  endfacet
  facet normal -0.169042 -0.849836 0.499202
    outer loop
      vertex -7.72632 -58.6872 29.1911
      vertex -7.16289 -54.4075 36.6676
      vertex -14.2032 -53.0071 36.6676
    endloop
  endfacet
  facet normal -0.0566698 -0.86463 0.499202
    outer loop
      vertex -7.72632 -58.6872 29.1911
      vertex -0 -59.1936 29.1911
      vertex -7.16289 -54.4075 36.6676
    endloop
  endfacet
  facet normal -0.0566733 -0.864631 0.4992
    outer loop
      vertex -0 -59.1936 29.1911
      vertex -0 -54.877 36.6676
      vertex -7.16289 -54.4075 36.6676
    endloop
  endfacet
  facet normal 0.0566699 -0.864632 0.4992
    outer loop
      vertex -0 -59.1936 29.1911
      vertex 7.72632 -58.6872 29.1911
      vertex -0 -54.877 36.6676
    endloop
  endfacet
  facet normal 0.0566732 -0.86463 0.499203
    outer loop
      vertex 7.72632 -58.6872 29.1911
      vertex 7.16289 -54.4075 36.6676
      vertex -0 -54.877 36.6676
    endloop
  endfacet
  facet normal 0.169048 -0.849835 0.499202
    outer loop
      vertex 7.72632 -58.6872 29.1911
      vertex 15.3204 -57.1766 29.1911
      vertex 7.16289 -54.4075 36.6676
    endloop
  endfacet
  facet normal 0.169043 -0.849839 0.499198
    outer loop
      vertex 15.3204 -57.1766 29.1911
      vertex 14.2032 -53.0071 36.6676
      vertex 7.16289 -54.4075 36.6676
    endloop
  endfacet
  facet normal 0.278515 -0.820506 0.499198
    outer loop
      vertex 15.3204 -57.1766 29.1911
      vertex 22.6524 -54.6878 29.1911
      vertex 14.2032 -53.0071 36.6676
    endloop
  endfacet
  facet normal 0.278525 -0.820498 0.499207
    outer loop
      vertex 22.6524 -54.6878 29.1911
      vertex 21.0005 -50.6997 36.6676
      vertex 14.2032 -53.0071 36.6676
    endloop
  endfacet
  facet normal 0.383236 -0.777125 0.499207
    outer loop
      vertex 22.6524 -54.6878 29.1911
      vertex 29.5968 -51.2632 29.1911
      vertex 21.0005 -50.6997 36.6676
    endloop
  endfacet
  facet normal 0.38323 -0.777131 0.499201
    outer loop
      vertex 29.5968 -51.2632 29.1911
      vertex 27.4385 -47.5249 36.6676
      vertex 21.0005 -50.6997 36.6676
    endloop
  endfacet
  facet normal 0.481399 -0.720454 0.499201
    outer loop
      vertex 29.5968 -51.2632 29.1911
      vertex 36.0348 -46.9614 29.1911
      vertex 27.4385 -47.5249 36.6676
    endloop
  endfacet
  facet normal 0.4814 -0.720452 0.499202
    outer loop
      vertex 36.0348 -46.9614 29.1911
      vertex 33.407 -43.5368 36.6676
      vertex 27.4385 -47.5249 36.6676
    endloop
  endfacet
  facet normal 0.571312 -0.65146 0.499202
    outer loop
      vertex 36.0348 -46.9614 29.1911
      vertex 41.8562 -41.8562 29.1911
      vertex 33.407 -43.5368 36.6676
    endloop
  endfacet
  facet normal 0.571311 -0.651462 0.4992
    outer loop
      vertex 41.8562 -41.8562 29.1911
      vertex 38.8039 -38.8039 36.6676
      vertex 33.407 -43.5368 36.6676
    endloop
  endfacet
  facet normal 0.651461 -0.571312 0.4992
    outer loop
      vertex 41.8562 -41.8562 29.1911
      vertex 46.9614 -36.0348 29.1911
      vertex 38.8039 -38.8039 36.6676
    endloop
  endfacet
  facet normal 0.651462 -0.57131 0.499202
    outer loop
      vertex 46.9614 -36.0348 29.1911
      vertex 43.5368 -33.407 36.6676
      vertex 38.8039 -38.8039 36.6676
    endloop
  endfacet
  facet normal 0.720453 -0.481399 0.499202
    outer loop
      vertex 46.9614 -36.0348 29.1911
      vertex 51.2632 -29.5968 29.1911
      vertex 43.5368 -33.407 36.6676
    endloop
  endfacet
  facet normal 0.720453 -0.4814 0.499201
    outer loop
      vertex 51.2632 -29.5968 29.1911
      vertex 47.5249 -27.4385 36.6676
      vertex 43.5368 -33.407 36.6676
    endloop
  endfacet
  facet normal 0.777128 -0.383237 0.499201
    outer loop
      vertex 51.2632 -29.5968 29.1911
      vertex 54.6878 -22.6524 29.1911
      vertex 47.5249 -27.4385 36.6676
    endloop
  endfacet
  facet normal 0.777128 -0.383229 0.499207
    outer loop
      vertex 54.6878 -22.6524 29.1911
      vertex 50.6997 -21.0005 36.6676
      vertex 47.5249 -27.4385 36.6676
    endloop
  endfacet
  facet normal 0.820501 -0.278514 0.499207
    outer loop
      vertex 54.6878 -22.6524 29.1911
      vertex 57.1766 -15.3204 29.1911
      vertex 50.6997 -21.0005 36.6676
    endloop
  endfacet
  facet normal 0.820502 -0.278526 0.499198
    outer loop
      vertex 57.1766 -15.3204 29.1911
      vertex 53.0071 -14.2032 36.6676
      vertex 50.6997 -21.0005 36.6676
    endloop
  endfacet
  facet normal 0.849837 -0.169048 0.499198
    outer loop
      vertex 57.1766 -15.3204 29.1911
      vertex 58.6872 -7.72632 29.1911
      vertex 53.0071 -14.2032 36.6676
    endloop
  endfacet
  facet normal 0.849836 -0.169042 0.499202
    outer loop
      vertex 58.6872 -7.72632 29.1911
      vertex 54.4075 -7.16289 36.6676
      vertex 53.0071 -14.2032 36.6676
    endloop
  endfacet
  facet normal 0.86463 -0.0566698 0.499202
    outer loop
      vertex 58.6872 -7.72632 29.1911
      vertex 59.1936 0 29.1911
      vertex 54.4075 -7.16289 36.6676
    endloop
  endfacet
  facet normal 0.864631 -0.0566733 0.4992
    outer loop
      vertex 59.1936 0 29.1911
      vertex 54.877 0 36.6676
      vertex 54.4075 -7.16289 36.6676
    endloop
  endfacet
  facet normal 0.922191 0.0604465 0.381983
    outer loop
      vertex 62.4974 0 21.215
      vertex 61.9627 8.15755 21.215
      vertex 59.1936 0 29.1911
    endloop
  endfacet
  facet normal 0.922192 0.0604425 0.381979
    outer loop
      vertex 61.9627 8.15755 21.215
      vertex 58.6872 7.72632 29.1911
      vertex 59.1936 0 29.1911
    endloop
  endfacet
  facet normal 0.906413 0.1803 0.381979
    outer loop
      vertex 61.9627 8.15755 21.215
      vertex 60.3678 16.1755 21.215
      vertex 58.6872 7.72632 29.1911
    endloop
  endfacet
  facet normal 0.906412 0.180302 0.381981
    outer loop
      vertex 60.3678 16.1755 21.215
      vertex 57.1766 15.3204 29.1911
      vertex 58.6872 7.72632 29.1911
    endloop
  endfacet
  facet normal 0.875127 0.297056 0.381981
    outer loop
      vertex 60.3678 16.1755 21.215
      vertex 57.7401 23.9167 21.215
      vertex 57.1766 15.3204 29.1911
    endloop
  endfacet
  facet normal 0.875127 0.297056 0.381981
    outer loop
      vertex 57.7401 23.9167 21.215
      vertex 54.6878 22.6524 29.1911
      vertex 57.1766 15.3204 29.1911
    endloop
  endfacet
  facet normal 0.82886 0.408755 0.381981
    outer loop
      vertex 57.7401 23.9167 21.215
      vertex 54.1243 31.2487 21.215
      vertex 54.6878 22.6524 29.1911
    endloop
  endfacet
  facet normal 0.828865 0.408751 0.381976
    outer loop
      vertex 54.1243 31.2487 21.215
      vertex 51.2632 29.5968 29.1911
      vertex 54.6878 22.6524 29.1911
    endloop
  endfacet
  facet normal 0.768421 0.513442 0.381977
    outer loop
      vertex 54.1243 31.2487 21.215
      vertex 49.5825 38.046 21.215
      vertex 51.2632 29.5968 29.1911
    endloop
  endfacet
  facet normal 0.768415 0.513446 0.381983
    outer loop
      vertex 49.5825 38.046 21.215
      vertex 46.9614 36.0348 29.1911
      vertex 51.2632 29.5968 29.1911
    endloop
  endfacet
  facet normal 0.694825 0.60935 0.381983
    outer loop
      vertex 49.5825 38.046 21.215
      vertex 44.1923 44.1923 21.215
      vertex 46.9614 36.0348 29.1911
    endloop
  endfacet
  facet normal 0.694831 0.609347 0.381977
    outer loop
      vertex 44.1923 44.1923 21.215
      vertex 41.8562 41.8562 29.1911
      vertex 46.9614 36.0348 29.1911
    endloop
  endfacet
  facet normal 0.609351 0.694827 0.381977
    outer loop
      vertex 44.1923 44.1923 21.215
      vertex 38.046 49.5825 21.215
      vertex 41.8562 41.8562 29.1911
    endloop
  endfacet
  facet normal 0.609345 0.694829 0.381983
    outer loop
      vertex 38.046 49.5825 21.215
      vertex 36.0348 46.9614 29.1911
      vertex 41.8562 41.8562 29.1911
    endloop
  endfacet
  facet normal 0.51344 0.768419 0.381983
    outer loop
      vertex 38.046 49.5825 21.215
      vertex 31.2487 54.1243 21.215
      vertex 36.0348 46.9614 29.1911
    endloop
  endfacet
  facet normal 0.513448 0.768417 0.381977
    outer loop
      vertex 31.2487 54.1243 21.215
      vertex 29.5968 51.2632 29.1911
      vertex 36.0348 46.9614 29.1911
    endloop
  endfacet
  facet normal 0.408756 0.828862 0.381976
    outer loop
      vertex 31.2487 54.1243 21.215
      vertex 23.9167 57.7401 21.215
      vertex 29.5968 51.2632 29.1911
    endloop
  endfacet
  facet normal 0.40875 0.828863 0.381981
    outer loop
      vertex 23.9167 57.7401 21.215
      vertex 22.6524 54.6878 29.1911
      vertex 29.5968 51.2632 29.1911
    endloop
  endfacet
  facet normal 0.297056 0.875127 0.381981
    outer loop
      vertex 23.9167 57.7401 21.215
      vertex 16.1755 60.3678 21.215
      vertex 22.6524 54.6878 29.1911
    endloop
  endfacet
  facet normal 0.297056 0.875127 0.381981
    outer loop
      vertex 16.1755 60.3678 21.215
      vertex 15.3204 57.1766 29.1911
      vertex 22.6524 54.6878 29.1911
    endloop
  endfacet
  facet normal 0.1803 0.906412 0.381981
    outer loop
      vertex 16.1755 60.3678 21.215
      vertex 8.15755 61.9627 21.215
      vertex 15.3204 57.1766 29.1911
    endloop
  endfacet
  facet normal 0.180302 0.906412 0.381979
    outer loop
      vertex 8.15755 61.9627 21.215
      vertex 7.72632 58.6872 29.1911
      vertex 15.3204 57.1766 29.1911
    endloop
  endfacet
  facet normal 0.0604466 0.922192 0.381979
    outer loop
      vertex 8.15755 61.9627 21.215
      vertex 0 62.4974 21.215
      vertex 7.72632 58.6872 29.1911
    endloop
  endfacet
  facet normal 0.0604424 0.922191 0.381983
    outer loop
      vertex 0 62.4974 21.215
      vertex 0 59.1936 29.1911
      vertex 7.72632 58.6872 29.1911
    endloop
  endfacet
  facet normal -0.0604465 0.922191 0.381983
    outer loop
      vertex 0 62.4974 21.215
      vertex -8.15755 61.9627 21.215
      vertex 0 59.1936 29.1911
    endloop
  endfacet
  facet normal -0.0604425 0.922192 0.381979
    outer loop
      vertex -8.15755 61.9627 21.215
      vertex -7.72632 58.6872 29.1911
      vertex 0 59.1936 29.1911
    endloop
  endfacet
  facet normal -0.1803 0.906413 0.381979
    outer loop
      vertex -8.15755 61.9627 21.215
      vertex -16.1755 60.3678 21.215
      vertex -7.72632 58.6872 29.1911
    endloop
  endfacet
  facet normal -0.180302 0.906412 0.381981
    outer loop
      vertex -16.1755 60.3678 21.215
      vertex -15.3204 57.1766 29.1911
      vertex -7.72632 58.6872 29.1911
    endloop
  endfacet
  facet normal -0.297056 0.875127 0.381981
    outer loop
      vertex -16.1755 60.3678 21.215
      vertex -23.9167 57.7401 21.215
      vertex -15.3204 57.1766 29.1911
    endloop
  endfacet
  facet normal -0.297056 0.875127 0.381981
    outer loop
      vertex -23.9167 57.7401 21.215
      vertex -22.6524 54.6878 29.1911
      vertex -15.3204 57.1766 29.1911
    endloop
  endfacet
  facet normal -0.408755 0.82886 0.381981
    outer loop
      vertex -23.9167 57.7401 21.215
      vertex -31.2487 54.1243 21.215
      vertex -22.6524 54.6878 29.1911
    endloop
  endfacet
  facet normal -0.408751 0.828865 0.381976
    outer loop
      vertex -31.2487 54.1243 21.215
      vertex -29.5968 51.2632 29.1911
      vertex -22.6524 54.6878 29.1911
    endloop
  endfacet
  facet normal -0.513442 0.768421 0.381977
    outer loop
      vertex -31.2487 54.1243 21.215
      vertex -38.046 49.5825 21.215
      vertex -29.5968 51.2632 29.1911
    endloop
  endfacet
  facet normal -0.513446 0.768415 0.381983
    outer loop
      vertex -38.046 49.5825 21.215
      vertex -36.0348 46.9614 29.1911
      vertex -29.5968 51.2632 29.1911
    endloop
  endfacet
  facet normal -0.60935 0.694825 0.381983
    outer loop
      vertex -38.046 49.5825 21.215
      vertex -44.1923 44.1923 21.215
      vertex -36.0348 46.9614 29.1911
    endloop
  endfacet
  facet normal -0.609347 0.694831 0.381977
    outer loop
      vertex -44.1923 44.1923 21.215
      vertex -41.8562 41.8562 29.1911
      vertex -36.0348 46.9614 29.1911
    endloop
  endfacet
  facet normal -0.694827 0.609351 0.381977
    outer loop
      vertex -44.1923 44.1923 21.215
      vertex -49.5825 38.046 21.215
      vertex -41.8562 41.8562 29.1911
    endloop
  endfacet
  facet normal -0.694829 0.609345 0.381983
    outer loop
      vertex -49.5825 38.046 21.215
      vertex -46.9614 36.0348 29.1911
      vertex -41.8562 41.8562 29.1911
    endloop
  endfacet
  facet normal -0.768419 0.51344 0.381983
    outer loop
      vertex -49.5825 38.046 21.215
      vertex -54.1243 31.2487 21.215
      vertex -46.9614 36.0348 29.1911
    endloop
  endfacet
  facet normal -0.768417 0.513448 0.381977
    outer loop
      vertex -54.1243 31.2487 21.215
      vertex -51.2632 29.5968 29.1911
      vertex -46.9614 36.0348 29.1911
    endloop
  endfacet
  facet normal -0.828862 0.408756 0.381976
    outer loop
      vertex -54.1243 31.2487 21.215
      vertex -57.7401 23.9167 21.215
      vertex -51.2632 29.5968 29.1911
    endloop
  endfacet
  facet normal -0.828863 0.40875 0.381981
    outer loop
      vertex -57.7401 23.9167 21.215
      vertex -54.6878 22.6524 29.1911
      vertex -51.2632 29.5968 29.1911
    endloop
  endfacet
  facet normal -0.875127 0.297056 0.381981
    outer loop
      vertex -57.7401 23.9167 21.215
      vertex -60.3678 16.1755 21.215
      vertex -54.6878 22.6524 29.1911
    endloop
  endfacet
  facet normal -0.875127 0.297056 0.381981
    outer loop
      vertex -60.3678 16.1755 21.215
      vertex -57.1766 15.3204 29.1911
      vertex -54.6878 22.6524 29.1911
    endloop
  endfacet
  facet normal -0.906412 0.1803 0.381981
    outer loop
      vertex -60.3678 16.1755 21.215
      vertex -61.9627 8.15755 21.215
      vertex -57.1766 15.3204 29.1911
    endloop
  endfacet
  facet normal -0.906412 0.180302 0.381979
    outer loop
      vertex -61.9627 8.15755 21.215
      vertex -58.6872 7.72632 29.1911
      vertex -57.1766 15.3204 29.1911
    endloop
  endfacet
  facet normal -0.922192 0.0604466 0.381979
    outer loop
      vertex -61.9627 8.15755 21.215
      vertex -62.4974 -0 21.215
      vertex -58.6872 7.72632 29.1911
    endloop
  endfacet
  facet normal -0.922191 0.0604424 0.381983
    outer loop
      vertex -62.4974 -0 21.215
      vertex -59.1936 -0 29.1911
      vertex -58.6872 7.72632 29.1911
    endloop
  endfacet
  facet normal -0.922191 -0.0604465 0.381983
    outer loop
      vertex -62.4974 -0 21.215
      vertex -61.9627 -8.15755 21.215
      vertex -59.1936 -0 29.1911
    endloop
  endfacet
  facet normal -0.922192 -0.0604425 0.381979
    outer loop
      vertex -61.9627 -8.15755 21.215
      vertex -58.6872 -7.72632 29.1911
      vertex -59.1936 -0 29.1911
    endloop
  endfacet
  facet normal -0.906413 -0.1803 0.381979
    outer loop
      vertex -61.9627 -8.15755 21.215
      vertex -60.3678 -16.1755 21.215
      vertex -58.6872 -7.72632 29.1911
    endloop
  endfacet
  facet normal -0.906412 -0.180302 0.381981
    outer loop
      vertex -60.3678 -16.1755 21.215
      vertex -57.1766 -15.3204 29.1911
      vertex -58.6872 -7.72632 29.1911
    endloop
  endfacet
  facet normal -0.875127 -0.297056 0.381981
    outer loop
      vertex -60.3678 -16.1755 21.215
      vertex -57.7401 -23.9167 21.215
      vertex -57.1766 -15.3204 29.1911
    endloop
  endfacet
  facet normal -0.875127 -0.297056 0.381981
    outer loop
      vertex -57.7401 -23.9167 21.215
      vertex -54.6878 -22.6524 29.1911
      vertex -57.1766 -15.3204 29.1911
    endloop
  endfacet
  facet normal -0.82886 -0.408755 0.381981
    outer loop
      vertex -57.7401 -23.9167 21.215
      vertex -54.1243 -31.2487 21.215
      vertex -54.6878 -22.6524 29.1911
    endloop
  endfacet
  facet normal -0.828865 -0.408751 0.381976
    outer loop
      vertex -54.1243 -31.2487 21.215
      vertex -51.2632 -29.5968 29.1911
      vertex -54.6878 -22.6524 29.1911
    endloop
  endfacet
  facet normal -0.768421 -0.513442 0.381977
    outer loop
      vertex -54.1243 -31.2487 21.215
      vertex -49.5825 -38.046 21.215
      vertex -51.2632 -29.5968 29.1911
    endloop
  endfacet
  facet normal -0.768415 -0.513446 0.381983
    outer loop
      vertex -49.5825 -38.046 21.215
      vertex -46.9614 -36.0348 29.1911
      vertex -51.2632 -29.5968 29.1911
    endloop
  endfacet
  facet normal -0.694825 -0.60935 0.381983
    outer loop
      vertex -49.5825 -38.046 21.215
      vertex -44.1923 -44.1923 21.215
      vertex -46.9614 -36.0348 29.1911
    endloop
  endfacet
  facet normal -0.694831 -0.609347 0.381977
    outer loop
      vertex -44.1923 -44.1923 21.215
      vertex -41.8562 -41.8562 29.1911
      vertex -46.9614 -36.0348 29.1911
    endloop
  endfacet
  facet normal -0.609351 -0.694827 0.381977
    outer loop
      vertex -44.1923 -44.1923 21.215
      vertex -38.046 -49.5825 21.215
      vertex -41.8562 -41.8562 29.1911
    endloop
  endfacet
  facet normal -0.609345 -0.694829 0.381983
    outer loop
      vertex -38.046 -49.5825 21.215
      vertex -36.0348 -46.9614 29.1911
      vertex -41.8562 -41.8562 29.1911
    endloop
  endfacet
  facet normal -0.51344 -0.768419 0.381983
    outer loop
      vertex -38.046 -49.5825 21.215
      vertex -31.2487 -54.1243 21.215
      vertex -36.0348 -46.9614 29.1911
    endloop
  endfacet
  facet normal -0.513448 -0.768417 0.381977
    outer loop
      vertex -31.2487 -54.1243 21.215
      vertex -29.5968 -51.2632 29.1911
      vertex -36.0348 -46.9614 29.1911
    endloop
  endfacet
  facet normal -0.408756 -0.828862 0.381976
    outer loop
      vertex -31.2487 -54.1243 21.215
      vertex -23.9167 -57.7401 21.215
      vertex -29.5968 -51.2632 29.1911
    endloop
  endfacet
  facet normal -0.40875 -0.828863 0.381981
    outer loop
      vertex -23.9167 -57.7401 21.215
      vertex -22.6524 -54.6878 29.1911
      vertex -29.5968 -51.2632 29.1911
    endloop
  endfacet
  facet normal -0.297056 -0.875127 0.381981
    outer loop
      vertex -23.9167 -57.7401 21.215
      vertex -16.1755 -60.3678 21.215
      vertex -22.6524 -54.6878 29.1911
    endloop
  endfacet
  facet normal -0.297056 -0.875127 0.381981
    outer loop
      vertex -16.1755 -60.3678 21.215
      vertex -15.3204 -57.1766 29.1911
      vertex -22.6524 -54.6878 29.1911
    endloop
  endfacet
  facet normal -0.1803 -0.906412 0.381981
    outer loop
      vertex -16.1755 -60.3678 21.215
      vertex -8.15755 -61.9627 21.215
      vertex -15.3204 -57.1766 29.1911
    endloop
  endfacet
  facet normal -0.180302 -0.906412 0.381979
    outer loop
      vertex -8.15755 -61.9627 21.215
      vertex -7.72632 -58.6872 29.1911
      vertex -15.3204 -57.1766 29.1911
    endloop
  endfacet
  facet normal -0.0604466 -0.922192 0.381979
    outer loop
      vertex -8.15755 -61.9627 21.215
      vertex -0 -62.4974 21.215
      vertex -7.72632 -58.6872 29.1911
    endloop
  endfacet
  facet normal -0.0604424 -0.922191 0.381983
    outer loop
      vertex -0 -62.4974 21.215
      vertex -0 -59.1936 29.1911
      vertex -7.72632 -58.6872 29.1911
    endloop
  endfacet
  facet normal 0.0604465 -0.922191 0.381983
    outer loop
      vertex -0 -62.4974 21.215
      vertex 8.15755 -61.9627 21.215
      vertex -0 -59.1936 29.1911
    endloop
  endfacet
  facet normal 0.0604425 -0.922192 0.381979
    outer loop
      vertex 8.15755 -61.9627 21.215
      vertex 7.72632 -58.6872 29.1911
      vertex -0 -59.1936 29.1911
    endloop
  endfacet
  facet normal 0.1803 -0.906413 0.381979
    outer loop
      vertex 8.15755 -61.9627 21.215
      vertex 16.1755 -60.3678 21.215
      vertex 7.72632 -58.6872 29.1911
    endloop
  endfacet
  facet normal 0.180302 -0.906412 0.381981
    outer loop
      vertex 16.1755 -60.3678 21.215
      vertex 15.3204 -57.1766 29.1911
      vertex 7.72632 -58.6872 29.1911
    endloop
  endfacet
  facet normal 0.297056 -0.875127 0.381981
    outer loop
      vertex 16.1755 -60.3678 21.215
      vertex 23.9167 -57.7401 21.215
      vertex 15.3204 -57.1766 29.1911
    endloop
  endfacet
  facet normal 0.297056 -0.875127 0.381981
    outer loop
      vertex 23.9167 -57.7401 21.215
      vertex 22.6524 -54.6878 29.1911
      vertex 15.3204 -57.1766 29.1911
    endloop
  endfacet
  facet normal 0.408755 -0.82886 0.381981
    outer loop
      vertex 23.9167 -57.7401 21.215
      vertex 31.2487 -54.1243 21.215
      vertex 22.6524 -54.6878 29.1911
    endloop
  endfacet
  facet normal 0.408751 -0.828865 0.381976
    outer loop
      vertex 31.2487 -54.1243 21.215
      vertex 29.5968 -51.2632 29.1911
      vertex 22.6524 -54.6878 29.1911
    endloop
  endfacet
  facet normal 0.513442 -0.768421 0.381977
    outer loop
      vertex 31.2487 -54.1243 21.215
      vertex 38.046 -49.5825 21.215
      vertex 29.5968 -51.2632 29.1911
    endloop
  endfacet
  facet normal 0.513446 -0.768415 0.381983
    outer loop
      vertex 38.046 -49.5825 21.215
      vertex 36.0348 -46.9614 29.1911
      vertex 29.5968 -51.2632 29.1911
    endloop
  endfacet
  facet normal 0.60935 -0.694825 0.381983
    outer loop
      vertex 38.046 -49.5825 21.215
      vertex 44.1923 -44.1923 21.215
      vertex 36.0348 -46.9614 29.1911
    endloop
  endfacet
  facet normal 0.609347 -0.694831 0.381977
    outer loop
      vertex 44.1923 -44.1923 21.215
      vertex 41.8562 -41.8562 29.1911
      vertex 36.0348 -46.9614 29.1911
    endloop
  endfacet
  facet normal 0.694827 -0.609351 0.381977
    outer loop
      vertex 44.1923 -44.1923 21.215
      vertex 49.5825 -38.046 21.215
      vertex 41.8562 -41.8562 29.1911
    endloop
  endfacet
  facet normal 0.694829 -0.609345 0.381983
    outer loop
      vertex 49.5825 -38.046 21.215
      vertex 46.9614 -36.0348 29.1911
      vertex 41.8562 -41.8562 29.1911
    endloop
  endfacet
  facet normal 0.768419 -0.51344 0.381983
    outer loop
      vertex 49.5825 -38.046 21.215
      vertex 54.1243 -31.2487 21.215
      vertex 46.9614 -36.0348 29.1911
    endloop
  endfacet
  facet normal 0.768417 -0.513448 0.381977
    outer loop
      vertex 54.1243 -31.2487 21.215
      vertex 51.2632 -29.5968 29.1911
      vertex 46.9614 -36.0348 29.1911
    endloop
  endfacet
  facet normal 0.828862 -0.408756 0.381976
    outer loop
      vertex 54.1243 -31.2487 21.215
      vertex 57.7401 -23.9167 21.215
      vertex 51.2632 -29.5968 29.1911
    endloop
  endfacet
  facet normal 0.828863 -0.40875 0.381981
    outer loop
      vertex 57.7401 -23.9167 21.215
      vertex 54.6878 -22.6524 29.1911
      vertex 51.2632 -29.5968 29.1911
    endloop
  endfacet
  facet normal 0.875127 -0.297056 0.381981
    outer loop
      vertex 57.7401 -23.9167 21.215
      vertex 60.3678 -16.1755 21.215
      vertex 54.6878 -22.6524 29.1911
    endloop
  endfacet
  facet normal 0.875127 -0.297056 0.381981
    outer loop
      vertex 60.3678 -16.1755 21.215
      vertex 57.1766 -15.3204 29.1911
      vertex 54.6878 -22.6524 29.1911
    endloop
  endfacet
  facet normal 0.906412 -0.1803 0.381981
    outer loop
      vertex 60.3678 -16.1755 21.215
      vertex 61.9627 -8.15755 21.215
      vertex 57.1766 -15.3204 29.1911
    endloop
  endfacet
  facet normal 0.906412 -0.180302 0.381979
    outer loop
      vertex 61.9627 -8.15755 21.215
      vertex 58.6872 -7.72632 29.1911
      vertex 57.1766 -15.3204 29.1911
    endloop
  endfacet
  facet normal 0.922192 -0.0604466 0.381979
    outer loop
      vertex 61.9627 -8.15755 21.215
      vertex 62.4974 0 21.215
      vertex 58.6872 -7.72632 29.1911
    endloop
  endfacet
  facet normal 0.922191 -0.0604424 0.381983
    outer loop
      vertex 62.4974 0 21.215
      vertex 59.1936 0 29.1911
      vertex 58.6872 -7.72632 29.1911
    endloop
  endfacet
  facet normal 0.963997 0.0631848 0.258299
    outer loop
      vertex 64.7318 0 12.876
      vertex 64.178 8.4492 12.876
      vertex 62.4974 0 21.215
    endloop
  endfacet
  facet normal 0.963996 0.0631867 0.258301
    outer loop
      vertex 64.178 8.4492 12.876
      vertex 61.9627 8.15755 21.215
      vertex 62.4974 0 21.215
    endloop
  endfacet
  facet normal 0.947502 0.188471 0.258301
    outer loop
      vertex 64.178 8.4492 12.876
      vertex 62.5261 16.7538 12.876
      vertex 61.9627 8.15755 21.215
    endloop
  endfacet
  facet normal 0.947501 0.188473 0.258303
    outer loop
      vertex 62.5261 16.7538 12.876
      vertex 60.3678 16.1755 21.215
      vertex 61.9627 8.15755 21.215
    endloop
  endfacet
  facet normal 0.914797 0.310527 0.258302
    outer loop
      vertex 62.5261 16.7538 12.876
      vertex 59.8044 24.7718 12.876
      vertex 60.3678 16.1755 21.215
    endloop
  endfacet
  facet normal 0.914799 0.310523 0.258298
    outer loop
      vertex 59.8044 24.7718 12.876
      vertex 57.7401 23.9167 21.215
      vertex 60.3678 16.1755 21.215
    endloop
  endfacet
  facet normal 0.866437 0.42728 0.258299
    outer loop
      vertex 59.8044 24.7718 12.876
      vertex 56.0594 32.3659 12.876
      vertex 57.7401 23.9167 21.215
    endloop
  endfacet
  facet normal 0.866433 0.427285 0.258304
    outer loop
      vertex 56.0594 32.3659 12.876
      vertex 54.1243 31.2487 21.215
      vertex 57.7401 23.9167 21.215
    endloop
  endfacet
  facet normal 0.803252 0.536718 0.258304
    outer loop
      vertex 56.0594 32.3659 12.876
      vertex 51.3552 39.4062 12.876
      vertex 54.1243 31.2487 21.215
    endloop
  endfacet
  facet normal 0.803254 0.536716 0.258301
    outer loop
      vertex 51.3552 39.4062 12.876
      vertex 49.5825 38.046 21.215
      vertex 54.1243 31.2487 21.215
    endloop
  endfacet
  facet normal 0.726327 0.636969 0.2583
    outer loop
      vertex 51.3552 39.4062 12.876
      vertex 45.7723 45.7723 12.876
      vertex 49.5825 38.046 21.215
    endloop
  endfacet
  facet normal 0.726323 0.636972 0.258305
    outer loop
      vertex 45.7723 45.7723 12.876
      vertex 44.1923 44.1923 21.215
      vertex 49.5825 38.046 21.215
    endloop
  endfacet
  facet normal 0.636969 0.726326 0.258305
    outer loop
      vertex 45.7723 45.7723 12.876
      vertex 39.4062 51.3552 12.876
      vertex 44.1923 44.1923 21.215
    endloop
  endfacet
  facet normal 0.636973 0.726324 0.2583
    outer loop
      vertex 39.4062 51.3552 12.876
      vertex 38.046 49.5825 21.215
      vertex 44.1923 44.1923 21.215
    endloop
  endfacet
  facet normal 0.536718 0.803252 0.258301
    outer loop
      vertex 39.4062 51.3552 12.876
      vertex 32.3659 56.0594 12.876
      vertex 38.046 49.5825 21.215
    endloop
  endfacet
  facet normal 0.536715 0.803253 0.258304
    outer loop
      vertex 32.3659 56.0594 12.876
      vertex 31.2487 54.1243 21.215
      vertex 38.046 49.5825 21.215
    endloop
  endfacet
  facet normal 0.427279 0.866436 0.258304
    outer loop
      vertex 32.3659 56.0594 12.876
      vertex 24.7718 59.8044 12.876
      vertex 31.2487 54.1243 21.215
    endloop
  endfacet
  facet normal 0.427285 0.866435 0.258299
    outer loop
      vertex 24.7718 59.8044 12.876
      vertex 23.9167 57.7401 21.215
      vertex 31.2487 54.1243 21.215
    endloop
  endfacet
  facet normal 0.310527 0.914798 0.258298
    outer loop
      vertex 24.7718 59.8044 12.876
      vertex 16.7538 62.5261 12.876
      vertex 23.9167 57.7401 21.215
    endloop
  endfacet
  facet normal 0.310522 0.914798 0.258302
    outer loop
      vertex 16.7538 62.5261 12.876
      vertex 16.1755 60.3678 21.215
      vertex 23.9167 57.7401 21.215
    endloop
  endfacet
  facet normal 0.188471 0.947501 0.258303
    outer loop
      vertex 16.7538 62.5261 12.876
      vertex 8.4492 64.178 12.876
      vertex 16.1755 60.3678 21.215
    endloop
  endfacet
  facet normal 0.188473 0.947501 0.2583
    outer loop
      vertex 8.4492 64.178 12.876
      vertex 8.15755 61.9627 21.215
      vertex 16.1755 60.3678 21.215
    endloop
  endfacet
  facet normal 0.0631848 0.963996 0.258301
    outer loop
      vertex 8.4492 64.178 12.876
      vertex 0 64.7318 12.876
      vertex 8.15755 61.9627 21.215
    endloop
  endfacet
  facet normal 0.0631867 0.963996 0.258299
    outer loop
      vertex 0 64.7318 12.876
      vertex 0 62.4974 21.215
      vertex 8.15755 61.9627 21.215
    endloop
  endfacet
  facet normal -0.0631848 0.963997 0.258299
    outer loop
      vertex 0 64.7318 12.876
      vertex -8.4492 64.178 12.876
      vertex 0 62.4974 21.215
    endloop
  endfacet
  facet normal -0.0631867 0.963996 0.258301
    outer loop
      vertex -8.4492 64.178 12.876
      vertex -8.15755 61.9627 21.215
      vertex 0 62.4974 21.215
    endloop
  endfacet
  facet normal -0.188471 0.947502 0.258301
    outer loop
      vertex -8.4492 64.178 12.876
      vertex -16.7538 62.5261 12.876
      vertex -8.15755 61.9627 21.215
    endloop
  endfacet
  facet normal -0.188473 0.947501 0.258303
    outer loop
      vertex -16.7538 62.5261 12.876
      vertex -16.1755 60.3678 21.215
      vertex -8.15755 61.9627 21.215
    endloop
  endfacet
  facet normal -0.310527 0.914797 0.258302
    outer loop
      vertex -16.7538 62.5261 12.876
      vertex -24.7718 59.8044 12.876
      vertex -16.1755 60.3678 21.215
    endloop
  endfacet
  facet normal -0.310523 0.914799 0.258298
    outer loop
      vertex -24.7718 59.8044 12.876
      vertex -23.9167 57.7401 21.215
      vertex -16.1755 60.3678 21.215
    endloop
  endfacet
  facet normal -0.42728 0.866437 0.258299
    outer loop
      vertex -24.7718 59.8044 12.876
      vertex -32.3659 56.0594 12.876
      vertex -23.9167 57.7401 21.215
    endloop
  endfacet
  facet normal -0.427285 0.866433 0.258304
    outer loop
      vertex -32.3659 56.0594 12.876
      vertex -31.2487 54.1243 21.215
      vertex -23.9167 57.7401 21.215
    endloop
  endfacet
  facet normal -0.536718 0.803252 0.258304
    outer loop
      vertex -32.3659 56.0594 12.876
      vertex -39.4062 51.3552 12.876
      vertex -31.2487 54.1243 21.215
    endloop
  endfacet
  facet normal -0.536716 0.803254 0.258301
    outer loop
      vertex -39.4062 51.3552 12.876
      vertex -38.046 49.5825 21.215
      vertex -31.2487 54.1243 21.215
    endloop
  endfacet
  facet normal -0.636969 0.726327 0.2583
    outer loop
      vertex -39.4062 51.3552 12.876
      vertex -45.7723 45.7723 12.876
      vertex -38.046 49.5825 21.215
    endloop
  endfacet
  facet normal -0.636972 0.726323 0.258305
    outer loop
      vertex -45.7723 45.7723 12.876
      vertex -44.1923 44.1923 21.215
      vertex -38.046 49.5825 21.215
    endloop
  endfacet
  facet normal -0.726326 0.636969 0.258305
    outer loop
      vertex -45.7723 45.7723 12.876
      vertex -51.3552 39.4062 12.876
      vertex -44.1923 44.1923 21.215
    endloop
  endfacet
  facet normal -0.726324 0.636973 0.2583
    outer loop
      vertex -51.3552 39.4062 12.876
      vertex -49.5825 38.046 21.215
      vertex -44.1923 44.1923 21.215
    endloop
  endfacet
  facet normal -0.803252 0.536718 0.258301
    outer loop
      vertex -51.3552 39.4062 12.876
      vertex -56.0594 32.3659 12.876
      vertex -49.5825 38.046 21.215
    endloop
  endfacet
  facet normal -0.803253 0.536715 0.258304
    outer loop
      vertex -56.0594 32.3659 12.876
      vertex -54.1243 31.2487 21.215
      vertex -49.5825 38.046 21.215
    endloop
  endfacet
  facet normal -0.866436 0.427279 0.258304
    outer loop
      vertex -56.0594 32.3659 12.876
      vertex -59.8044 24.7718 12.876
      vertex -54.1243 31.2487 21.215
    endloop
  endfacet
  facet normal -0.866435 0.427285 0.258299
    outer loop
      vertex -59.8044 24.7718 12.876
      vertex -57.7401 23.9167 21.215
      vertex -54.1243 31.2487 21.215
    endloop
  endfacet
  facet normal -0.914798 0.310527 0.258298
    outer loop
      vertex -59.8044 24.7718 12.876
      vertex -62.5261 16.7538 12.876
      vertex -57.7401 23.9167 21.215
    endloop
  endfacet
  facet normal -0.914798 0.310522 0.258302
    outer loop
      vertex -62.5261 16.7538 12.876
      vertex -60.3678 16.1755 21.215
      vertex -57.7401 23.9167 21.215
    endloop
  endfacet
  facet normal -0.947501 0.188471 0.258303
    outer loop
      vertex -62.5261 16.7538 12.876
      vertex -64.178 8.4492 12.876
      vertex -60.3678 16.1755 21.215
    endloop
  endfacet
  facet normal -0.947501 0.188473 0.2583
    outer loop
      vertex -64.178 8.4492 12.876
      vertex -61.9627 8.15755 21.215
      vertex -60.3678 16.1755 21.215
    endloop
  endfacet
  facet normal -0.963996 0.0631848 0.258301
    outer loop
      vertex -64.178 8.4492 12.876
      vertex -64.7318 -0 12.876
      vertex -61.9627 8.15755 21.215
    endloop
  endfacet
  facet normal -0.963996 0.0631867 0.258299
    outer loop
      vertex -64.7318 -0 12.876
      vertex -62.4974 -0 21.215
      vertex -61.9627 8.15755 21.215
    endloop
  endfacet
  facet normal -0.963997 -0.0631848 0.258299
    outer loop
      vertex -64.7318 -0 12.876
      vertex -64.178 -8.4492 12.876
      vertex -62.4974 -0 21.215
    endloop
  endfacet
  facet normal -0.963996 -0.0631867 0.258301
    outer loop
      vertex -64.178 -8.4492 12.876
      vertex -61.9627 -8.15755 21.215
      vertex -62.4974 -0 21.215
    endloop
  endfacet
  facet normal -0.947502 -0.188471 0.258301
    outer loop
      vertex -64.178 -8.4492 12.876
      vertex -62.5261 -16.7538 12.876
      vertex -61.9627 -8.15755 21.215
    endloop
  endfacet
  facet normal -0.947501 -0.188473 0.258303
    outer loop
      vertex -62.5261 -16.7538 12.876
      vertex -60.3678 -16.1755 21.215
      vertex -61.9627 -8.15755 21.215
    endloop
  endfacet
  facet normal -0.914797 -0.310527 0.258302
    outer loop
      vertex -62.5261 -16.7538 12.876
      vertex -59.8044 -24.7718 12.876
      vertex -60.3678 -16.1755 21.215
    endloop
  endfacet
  facet normal -0.914799 -0.310523 0.258298
    outer loop
      vertex -59.8044 -24.7718 12.876
      vertex -57.7401 -23.9167 21.215
      vertex -60.3678 -16.1755 21.215
    endloop
  endfacet
  facet normal -0.866437 -0.42728 0.258299
    outer loop
      vertex -59.8044 -24.7718 12.876
      vertex -56.0594 -32.3659 12.876
      vertex -57.7401 -23.9167 21.215
    endloop
  endfacet
  facet normal -0.866433 -0.427285 0.258304
    outer loop
      vertex -56.0594 -32.3659 12.876
      vertex -54.1243 -31.2487 21.215
      vertex -57.7401 -23.9167 21.215
    endloop
  endfacet
  facet normal -0.803252 -0.536718 0.258304
    outer loop
      vertex -56.0594 -32.3659 12.876
      vertex -51.3552 -39.4062 12.876
      vertex -54.1243 -31.2487 21.215
    endloop
  endfacet
  facet normal -0.803254 -0.536716 0.258301
    outer loop
      vertex -51.3552 -39.4062 12.876
      vertex -49.5825 -38.046 21.215
      vertex -54.1243 -31.2487 21.215
    endloop
  endfacet
  facet normal -0.726327 -0.636969 0.2583
    outer loop
      vertex -51.3552 -39.4062 12.876
      vertex -45.7723 -45.7723 12.876
      vertex -49.5825 -38.046 21.215
    endloop
  endfacet
  facet normal -0.726323 -0.636972 0.258305
    outer loop
      vertex -45.7723 -45.7723 12.876
      vertex -44.1923 -44.1923 21.215
      vertex -49.5825 -38.046 21.215
    endloop
  endfacet
  facet normal -0.636969 -0.726326 0.258305
    outer loop
      vertex -45.7723 -45.7723 12.876
      vertex -39.4062 -51.3552 12.876
      vertex -44.1923 -44.1923 21.215
    endloop
  endfacet
  facet normal -0.636973 -0.726324 0.2583
    outer loop
      vertex -39.4062 -51.3552 12.876
      vertex -38.046 -49.5825 21.215
      vertex -44.1923 -44.1923 21.215
    endloop
  endfacet
  facet normal -0.536718 -0.803252 0.258301
    outer loop
      vertex -39.4062 -51.3552 12.876
      vertex -32.3659 -56.0594 12.876
      vertex -38.046 -49.5825 21.215
    endloop
  endfacet
  facet normal -0.536715 -0.803253 0.258304
    outer loop
      vertex -32.3659 -56.0594 12.876
      vertex -31.2487 -54.1243 21.215
      vertex -38.046 -49.5825 21.215
    endloop
  endfacet
  facet normal -0.427279 -0.866436 0.258304
    outer loop
      vertex -32.3659 -56.0594 12.876
      vertex -24.7718 -59.8044 12.876
      vertex -31.2487 -54.1243 21.215
    endloop
  endfacet
  facet normal -0.427285 -0.866435 0.258299
    outer loop
      vertex -24.7718 -59.8044 12.876
      vertex -23.9167 -57.7401 21.215
      vertex -31.2487 -54.1243 21.215
    endloop
  endfacet
  facet normal -0.310527 -0.914798 0.258298
    outer loop
      vertex -24.7718 -59.8044 12.876
      vertex -16.7538 -62.5261 12.876
      vertex -23.9167 -57.7401 21.215
    endloop
  endfacet
  facet normal -0.310522 -0.914798 0.258302
    outer loop
      vertex -16.7538 -62.5261 12.876
      vertex -16.1755 -60.3678 21.215
      vertex -23.9167 -57.7401 21.215
    endloop
  endfacet
  facet normal -0.188471 -0.947501 0.258303
    outer loop
      vertex -16.7538 -62.5261 12.876
      vertex -8.4492 -64.178 12.876
      vertex -16.1755 -60.3678 21.215
    endloop
  endfacet
  facet normal -0.188473 -0.947501 0.2583
    outer loop
      vertex -8.4492 -64.178 12.876
      vertex -8.15755 -61.9627 21.215
      vertex -16.1755 -60.3678 21.215
    endloop
  endfacet
  facet normal -0.0631848 -0.963996 0.258301
    outer loop
      vertex -8.4492 -64.178 12.876
      vertex -0 -64.7318 12.876
      vertex -8.15755 -61.9627 21.215
    endloop
  endfacet
  facet normal -0.0631867 -0.963996 0.258299
    outer loop
      vertex -0 -64.7318 12.876
      vertex -0 -62.4974 21.215
      vertex -8.15755 -61.9627 21.215
    endloop
  endfacet
  facet normal 0.0631848 -0.963997 0.258299
    outer loop
      vertex -0 -64.7318 12.876
      vertex 8.4492 -64.178 12.876
      vertex -0 -62.4974 21.215
    endloop
  endfacet
  facet normal 0.0631867 -0.963996 0.258301
    outer loop
      vertex 8.4492 -64.178 12.876
      vertex 8.15755 -61.9627 21.215
      vertex -0 -62.4974 21.215
    endloop
  endfacet
  facet normal 0.188471 -0.947502 0.258301
    outer loop
      vertex 8.4492 -64.178 12.876
      vertex 16.7538 -62.5261 12.876
      vertex 8.15755 -61.9627 21.215
    endloop
  endfacet
  facet normal 0.188473 -0.947501 0.258303
    outer loop
      vertex 16.7538 -62.5261 12.876
      vertex 16.1755 -60.3678 21.215
      vertex 8.15755 -61.9627 21.215
    endloop
  endfacet
  facet normal 0.310527 -0.914797 0.258302
    outer loop
      vertex 16.7538 -62.5261 12.876
      vertex 24.7718 -59.8044 12.876
      vertex 16.1755 -60.3678 21.215
    endloop
  endfacet
  facet normal 0.310523 -0.914799 0.258298
    outer loop
      vertex 24.7718 -59.8044 12.876
      vertex 23.9167 -57.7401 21.215
      vertex 16.1755 -60.3678 21.215
    endloop
  endfacet
  facet normal 0.42728 -0.866437 0.258299
    outer loop
      vertex 24.7718 -59.8044 12.876
      vertex 32.3659 -56.0594 12.876
      vertex 23.9167 -57.7401 21.215
    endloop
  endfacet
  facet normal 0.427285 -0.866433 0.258304
    outer loop
      vertex 32.3659 -56.0594 12.876
      vertex 31.2487 -54.1243 21.215
      vertex 23.9167 -57.7401 21.215
    endloop
  endfacet
  facet normal 0.536718 -0.803252 0.258304
    outer loop
      vertex 32.3659 -56.0594 12.876
      vertex 39.4062 -51.3552 12.876
      vertex 31.2487 -54.1243 21.215
    endloop
  endfacet
  facet normal 0.536716 -0.803254 0.258301
    outer loop
      vertex 39.4062 -51.3552 12.876
      vertex 38.046 -49.5825 21.215
      vertex 31.2487 -54.1243 21.215
    endloop
  endfacet
  facet normal 0.636969 -0.726327 0.2583
    outer loop
      vertex 39.4062 -51.3552 12.876
      vertex 45.7723 -45.7723 12.876
      vertex 38.046 -49.5825 21.215
    endloop
  endfacet
  facet normal 0.636972 -0.726323 0.258305
    outer loop
      vertex 45.7723 -45.7723 12.876
      vertex 44.1923 -44.1923 21.215
      vertex 38.046 -49.5825 21.215
    endloop
  endfacet
  facet normal 0.726326 -0.636969 0.258305
    outer loop
      vertex 45.7723 -45.7723 12.876
      vertex 51.3552 -39.4062 12.876
      vertex 44.1923 -44.1923 21.215
    endloop
  endfacet
  facet normal 0.726324 -0.636973 0.2583
    outer loop
      vertex 51.3552 -39.4062 12.876
      vertex 49.5825 -38.046 21.215
      vertex 44.1923 -44.1923 21.215
    endloop
  endfacet
  facet normal 0.803252 -0.536718 0.258301
    outer loop
      vertex 51.3552 -39.4062 12.876
      vertex 56.0594 -32.3659 12.876
      vertex 49.5825 -38.046 21.215
    endloop
  endfacet
  facet normal 0.803253 -0.536715 0.258304
    outer loop
      vertex 56.0594 -32.3659 12.876
      vertex 54.1243 -31.2487 21.215
      vertex 49.5825 -38.046 21.215
    endloop
  endfacet
  facet normal 0.866436 -0.427279 0.258304
    outer loop
      vertex 56.0594 -32.3659 12.876
      vertex 59.8044 -24.7718 12.876
      vertex 54.1243 -31.2487 21.215
    endloop
  endfacet
  facet normal 0.866435 -0.427285 0.258299
    outer loop
      vertex 59.8044 -24.7718 12.876
      vertex 57.7401 -23.9167 21.215
      vertex 54.1243 -31.2487 21.215
    endloop
  endfacet
  facet normal 0.914798 -0.310527 0.258298
    outer loop
      vertex 59.8044 -24.7718 12.876
      vertex 62.5261 -16.7538 12.876
      vertex 57.7401 -23.9167 21.215
    endloop
  endfacet
  facet normal 0.914798 -0.310522 0.258302
    outer loop
      vertex 62.5261 -16.7538 12.876
      vertex 60.3678 -16.1755 21.215
      vertex 57.7401 -23.9167 21.215
    endloop
  endfacet
  facet normal 0.947501 -0.188471 0.258303
    outer loop
      vertex 62.5261 -16.7538 12.876
      vertex 64.178 -8.4492 12.876
      vertex 60.3678 -16.1755 21.215
    endloop
  endfacet
  facet normal 0.947501 -0.188473 0.2583
    outer loop
      vertex 64.178 -8.4492 12.876
      vertex 61.9627 -8.15755 21.215
      vertex 60.3678 -16.1755 21.215
    endloop
  endfacet
  facet normal 0.963996 -0.0631848 0.258301
    outer loop
      vertex 64.178 -8.4492 12.876
      vertex 64.7318 0 12.876
      vertex 61.9627 -8.15755 21.215
    endloop
  endfacet
  facet normal 0.963996 -0.0631867 0.258299
    outer loop
      vertex 64.7318 0 12.876
      vertex 62.4974 0 21.215
      vertex 61.9627 -8.15755 21.215
    endloop
  endfacet
  facet normal 0.989358 0.0648425 0.130255
    outer loop
      vertex 65.8587 0 4.31661
      vertex 65.2953 8.59628 4.31661
      vertex 64.7318 0 12.876
    endloop
  endfacet
  facet normal 0.989357 0.0648471 0.13026
    outer loop
      vertex 65.2953 8.59628 4.31661
      vertex 64.178 8.4492 12.876
      vertex 64.7318 0 12.876
    endloop
  endfacet
  facet normal 0.972428 0.193433 0.13026
    outer loop
      vertex 65.2953 8.59628 4.31661
      vertex 63.6146 17.0455 4.31661
      vertex 64.178 8.4492 12.876
    endloop
  endfacet
  facet normal 0.972429 0.19343 0.130256
    outer loop
      vertex 63.6146 17.0455 4.31661
      vertex 62.5261 16.7538 12.876
      vertex 64.178 8.4492 12.876
    endloop
  endfacet
  facet normal 0.938863 0.318701 0.130257
    outer loop
      vertex 63.6146 17.0455 4.31661
      vertex 60.8455 25.203 4.31661
      vertex 62.5261 16.7538 12.876
    endloop
  endfacet
  facet normal 0.938865 0.318696 0.130252
    outer loop
      vertex 60.8455 25.203 4.31661
      vertex 59.8044 24.7718 12.876
      vertex 62.5261 16.7538 12.876
    endloop
  endfacet
  facet normal 0.889232 0.438522 0.130251
    outer loop
      vertex 60.8455 25.203 4.31661
      vertex 57.0353 32.9293 4.31661
      vertex 59.8044 24.7718 12.876
    endloop
  endfacet
  facet normal 0.889232 0.438521 0.13025
    outer loop
      vertex 57.0353 32.9293 4.31661
      vertex 56.0594 32.3659 12.876
      vertex 59.8044 24.7718 12.876
    endloop
  endfacet
  facet normal 0.824386 0.550838 0.13025
    outer loop
      vertex 57.0353 32.9293 4.31661
      vertex 52.2492 40.0922 4.31661
      vertex 56.0594 32.3659 12.876
    endloop
  endfacet
  facet normal 0.824385 0.550839 0.130252
    outer loop
      vertex 52.2492 40.0922 4.31661
      vertex 51.3552 39.4062 12.876
      vertex 56.0594 32.3659 12.876
    endloop
  endfacet
  facet normal 0.745434 0.65373 0.130252
    outer loop
      vertex 52.2492 40.0922 4.31661
      vertex 46.5691 46.5691 4.31661
      vertex 51.3552 39.4062 12.876
    endloop
  endfacet
  facet normal 0.745436 0.653728 0.130249
    outer loop
      vertex 46.5691 46.5691 4.31661
      vertex 45.7723 45.7723 12.876
      vertex 51.3552 39.4062 12.876
    endloop
  endfacet
  facet normal 0.65373 0.745434 0.130249
    outer loop
      vertex 46.5691 46.5691 4.31661
      vertex 40.0922 52.2492 4.31661
      vertex 45.7723 45.7723 12.876
    endloop
  endfacet
  facet normal 0.653727 0.745436 0.130252
    outer loop
      vertex 40.0922 52.2492 4.31661
      vertex 39.4062 51.3552 12.876
      vertex 45.7723 45.7723 12.876
    endloop
  endfacet
  facet normal 0.550838 0.824386 0.130252
    outer loop
      vertex 40.0922 52.2492 4.31661
      vertex 32.9293 57.0353 4.31661
      vertex 39.4062 51.3552 12.876
    endloop
  endfacet
  facet normal 0.550839 0.824385 0.13025
    outer loop
      vertex 32.9293 57.0353 4.31661
      vertex 32.3659 56.0594 12.876
      vertex 39.4062 51.3552 12.876
    endloop
  endfacet
  facet normal 0.438522 0.889232 0.13025
    outer loop
      vertex 32.9293 57.0353 4.31661
      vertex 25.203 60.8455 4.31661
      vertex 32.3659 56.0594 12.876
    endloop
  endfacet
  facet normal 0.438521 0.889232 0.130251
    outer loop
      vertex 25.203 60.8455 4.31661
      vertex 24.7718 59.8044 12.876
      vertex 32.3659 56.0594 12.876
    endloop
  endfacet
  facet normal 0.318701 0.938863 0.130252
    outer loop
      vertex 25.203 60.8455 4.31661
      vertex 17.0455 63.6146 4.31661
      vertex 24.7718 59.8044 12.876
    endloop
  endfacet
  facet normal 0.318696 0.938864 0.130257
    outer loop
      vertex 17.0455 63.6146 4.31661
      vertex 16.7538 62.5261 12.876
      vertex 24.7718 59.8044 12.876
    endloop
  endfacet
  facet normal 0.193433 0.972428 0.130256
    outer loop
      vertex 17.0455 63.6146 4.31661
      vertex 8.59628 65.2953 4.31661
      vertex 16.7538 62.5261 12.876
    endloop
  endfacet
  facet normal 0.19343 0.972429 0.13026
    outer loop
      vertex 8.59628 65.2953 4.31661
      vertex 8.4492 64.178 12.876
      vertex 16.7538 62.5261 12.876
    endloop
  endfacet
  facet normal 0.0648425 0.989357 0.13026
    outer loop
      vertex 8.59628 65.2953 4.31661
      vertex 0 65.8587 4.31661
      vertex 8.4492 64.178 12.876
    endloop
  endfacet
  facet normal 0.0648471 0.989358 0.130255
    outer loop
      vertex 0 65.8587 4.31661
      vertex 0 64.7318 12.876
      vertex 8.4492 64.178 12.876
    endloop
  endfacet
  facet normal -0.0648425 0.989358 0.130255
    outer loop
      vertex 0 65.8587 4.31661
      vertex -8.59628 65.2953 4.31661
      vertex 0 64.7318 12.876
    endloop
  endfacet
  facet normal -0.0648471 0.989357 0.13026
    outer loop
      vertex -8.59628 65.2953 4.31661
      vertex -8.4492 64.178 12.876
      vertex 0 64.7318 12.876
    endloop
  endfacet
  facet normal -0.193433 0.972428 0.13026
    outer loop
      vertex -8.59628 65.2953 4.31661
      vertex -17.0455 63.6146 4.31661
      vertex -8.4492 64.178 12.876
    endloop
  endfacet
  facet normal -0.19343 0.972429 0.130256
    outer loop
      vertex -17.0455 63.6146 4.31661
      vertex -16.7538 62.5261 12.876
      vertex -8.4492 64.178 12.876
    endloop
  endfacet
  facet normal -0.318701 0.938863 0.130257
    outer loop
      vertex -17.0455 63.6146 4.31661
      vertex -25.203 60.8455 4.31661
      vertex -16.7538 62.5261 12.876
    endloop
  endfacet
  facet normal -0.318696 0.938865 0.130252
    outer loop
      vertex -25.203 60.8455 4.31661
      vertex -24.7718 59.8044 12.876
      vertex -16.7538 62.5261 12.876
    endloop
  endfacet
  facet normal -0.438522 0.889232 0.130251
    outer loop
      vertex -25.203 60.8455 4.31661
      vertex -32.9293 57.0353 4.31661
      vertex -24.7718 59.8044 12.876
    endloop
  endfacet
  facet normal -0.438521 0.889232 0.13025
    outer loop
      vertex -32.9293 57.0353 4.31661
      vertex -32.3659 56.0594 12.876
      vertex -24.7718 59.8044 12.876
    endloop
  endfacet
  facet normal -0.550838 0.824386 0.13025
    outer loop
      vertex -32.9293 57.0353 4.31661
      vertex -40.0922 52.2492 4.31661
      vertex -32.3659 56.0594 12.876
    endloop
  endfacet
  facet normal -0.550839 0.824385 0.130252
    outer loop
      vertex -40.0922 52.2492 4.31661
      vertex -39.4062 51.3552 12.876
      vertex -32.3659 56.0594 12.876
    endloop
  endfacet
  facet normal -0.65373 0.745434 0.130252
    outer loop
      vertex -40.0922 52.2492 4.31661
      vertex -46.5691 46.5691 4.31661
      vertex -39.4062 51.3552 12.876
    endloop
  endfacet
  facet normal -0.653728 0.745436 0.130249
    outer loop
      vertex -46.5691 46.5691 4.31661
      vertex -45.7723 45.7723 12.876
      vertex -39.4062 51.3552 12.876
    endloop
  endfacet
  facet normal -0.745434 0.65373 0.130249
    outer loop
      vertex -46.5691 46.5691 4.31661
      vertex -52.2492 40.0922 4.31661
      vertex -45.7723 45.7723 12.876
    endloop
  endfacet
  facet normal -0.745436 0.653727 0.130252
    outer loop
      vertex -52.2492 40.0922 4.31661
      vertex -51.3552 39.4062 12.876
      vertex -45.7723 45.7723 12.876
    endloop
  endfacet
  facet normal -0.824386 0.550838 0.130252
    outer loop
      vertex -52.2492 40.0922 4.31661
      vertex -57.0353 32.9293 4.31661
      vertex -51.3552 39.4062 12.876
    endloop
  endfacet
  facet normal -0.824385 0.550839 0.13025
    outer loop
      vertex -57.0353 32.9293 4.31661
      vertex -56.0594 32.3659 12.876
      vertex -51.3552 39.4062 12.876
    endloop
  endfacet
  facet normal -0.889232 0.438522 0.13025
    outer loop
      vertex -57.0353 32.9293 4.31661
      vertex -60.8455 25.203 4.31661
      vertex -56.0594 32.3659 12.876
    endloop
  endfacet
  facet normal -0.889232 0.438521 0.130251
    outer loop
      vertex -60.8455 25.203 4.31661
      vertex -59.8044 24.7718 12.876
      vertex -56.0594 32.3659 12.876
    endloop
  endfacet
  facet normal -0.938863 0.318701 0.130252
    outer loop
      vertex -60.8455 25.203 4.31661
      vertex -63.6146 17.0455 4.31661
      vertex -59.8044 24.7718 12.876
    endloop
  endfacet
  facet normal -0.938864 0.318696 0.130257
    outer loop
      vertex -63.6146 17.0455 4.31661
      vertex -62.5261 16.7538 12.876
      vertex -59.8044 24.7718 12.876
    endloop
  endfacet
  facet normal -0.972428 0.193433 0.130256
    outer loop
      vertex -63.6146 17.0455 4.31661
      vertex -65.2953 8.59628 4.31661
      vertex -62.5261 16.7538 12.876
    endloop
  endfacet
  facet normal -0.972429 0.19343 0.13026
    outer loop
      vertex -65.2953 8.59628 4.31661
      vertex -64.178 8.4492 12.876
      vertex -62.5261 16.7538 12.876
    endloop
  endfacet
  facet normal -0.989357 0.0648425 0.13026
    outer loop
      vertex -65.2953 8.59628 4.31661
      vertex -65.8587 -0 4.31661
      vertex -64.178 8.4492 12.876
    endloop
  endfacet
  facet normal -0.989358 0.0648471 0.130255
    outer loop
      vertex -65.8587 -0 4.31661
      vertex -64.7318 -0 12.876
      vertex -64.178 8.4492 12.876
    endloop
  endfacet
  facet normal -0.989358 -0.0648425 0.130255
    outer loop
      vertex -65.8587 -0 4.31661
      vertex -65.2953 -8.59628 4.31661
      vertex -64.7318 -0 12.876
    endloop
  endfacet
  facet normal -0.989357 -0.0648471 0.13026
    outer loop
      vertex -65.2953 -8.59628 4.31661
      vertex -64.178 -8.4492 12.876
      vertex -64.7318 -0 12.876
    endloop
  endfacet
  facet normal -0.972428 -0.193433 0.13026
    outer loop
      vertex -65.2953 -8.59628 4.31661
      vertex -63.6146 -17.0455 4.31661
      vertex -64.178 -8.4492 12.876
    endloop
  endfacet
  facet normal -0.972429 -0.19343 0.130256
    outer loop
      vertex -63.6146 -17.0455 4.31661
      vertex -62.5261 -16.7538 12.876
      vertex -64.178 -8.4492 12.876
    endloop
  endfacet
  facet normal -0.938863 -0.318701 0.130257
    outer loop
      vertex -63.6146 -17.0455 4.31661
      vertex -60.8455 -25.203 4.31661
      vertex -62.5261 -16.7538 12.876
    endloop
  endfacet
  facet normal -0.938865 -0.318696 0.130252
    outer loop
      vertex -60.8455 -25.203 4.31661
      vertex -59.8044 -24.7718 12.876
      vertex -62.5261 -16.7538 12.876
    endloop
  endfacet
  facet normal -0.889232 -0.438522 0.130251
    outer loop
      vertex -60.8455 -25.203 4.31661
      vertex -57.0353 -32.9293 4.31661
      vertex -59.8044 -24.7718 12.876
    endloop
  endfacet
  facet normal -0.889232 -0.438521 0.13025
    outer loop
      vertex -57.0353 -32.9293 4.31661
      vertex -56.0594 -32.3659 12.876
      vertex -59.8044 -24.7718 12.876
    endloop
  endfacet
  facet normal -0.824386 -0.550838 0.13025
    outer loop
      vertex -57.0353 -32.9293 4.31661
      vertex -52.2492 -40.0922 4.31661
      vertex -56.0594 -32.3659 12.876
    endloop
  endfacet
  facet normal -0.824385 -0.550839 0.130252
    outer loop
      vertex -52.2492 -40.0922 4.31661
      vertex -51.3552 -39.4062 12.876
      vertex -56.0594 -32.3659 12.876
    endloop
  endfacet
  facet normal -0.745434 -0.65373 0.130252
    outer loop
      vertex -52.2492 -40.0922 4.31661
      vertex -46.5691 -46.5691 4.31661
      vertex -51.3552 -39.4062 12.876
    endloop
  endfacet
  facet normal -0.745436 -0.653728 0.130249
    outer loop
      vertex -46.5691 -46.5691 4.31661
      vertex -45.7723 -45.7723 12.876
      vertex -51.3552 -39.4062 12.876
    endloop
  endfacet
  facet normal -0.65373 -0.745434 0.130249
    outer loop
      vertex -46.5691 -46.5691 4.31661
      vertex -40.0922 -52.2492 4.31661
      vertex -45.7723 -45.7723 12.876
    endloop
  endfacet
  facet normal -0.653727 -0.745436 0.130252
    outer loop
      vertex -40.0922 -52.2492 4.31661
      vertex -39.4062 -51.3552 12.876
      vertex -45.7723 -45.7723 12.876
    endloop
  endfacet
  facet normal -0.550838 -0.824386 0.130252
    outer loop
      vertex -40.0922 -52.2492 4.31661
      vertex -32.9293 -57.0353 4.31661
      vertex -39.4062 -51.3552 12.876
    endloop
  endfacet
  facet normal -0.550839 -0.824385 0.13025
    outer loop
      vertex -32.9293 -57.0353 4.31661
      vertex -32.3659 -56.0594 12.876
      vertex -39.4062 -51.3552 12.876
    endloop
  endfacet
  facet normal -0.438522 -0.889232 0.13025
    outer loop
      vertex -32.9293 -57.0353 4.31661
      vertex -25.203 -60.8455 4.31661
      vertex -32.3659 -56.0594 12.876
    endloop
  endfacet
  facet normal -0.438521 -0.889232 0.130251
    outer loop
      vertex -25.203 -60.8455 4.31661
      vertex -24.7718 -59.8044 12.876
      vertex -32.3659 -56.0594 12.876
    endloop
  endfacet
  facet normal -0.318701 -0.938863 0.130252
    outer loop
      vertex -25.203 -60.8455 4.31661
      vertex -17.0455 -63.6146 4.31661
      vertex -24.7718 -59.8044 12.876
    endloop
  endfacet
  facet normal -0.318696 -0.938864 0.130257
    outer loop
      vertex -17.0455 -63.6146 4.31661
      vertex -16.7538 -62.5261 12.876
      vertex -24.7718 -59.8044 12.876
    endloop
  endfacet
  facet normal -0.193433 -0.972428 0.130256
    outer loop
      vertex -17.0455 -63.6146 4.31661
      vertex -8.59628 -65.2953 4.31661
      vertex -16.7538 -62.5261 12.876
    endloop
  endfacet
  facet normal -0.19343 -0.972429 0.13026
    outer loop
      vertex -8.59628 -65.2953 4.31661
      vertex -8.4492 -64.178 12.876
      vertex -16.7538 -62.5261 12.876
    endloop
  endfacet
  facet normal -0.0648425 -0.989357 0.13026
    outer loop
      vertex -8.59628 -65.2953 4.31661
      vertex -0 -65.8587 4.31661
      vertex -8.4492 -64.178 12.876
    endloop
  endfacet
  facet normal -0.0648471 -0.989358 0.130255
    outer loop
      vertex -0 -65.8587 4.31661
      vertex -0 -64.7318 12.876
      vertex -8.4492 -64.178 12.876
    endloop
  endfacet
  facet normal 0.0648425 -0.989358 0.130255
    outer loop
      vertex -0 -65.8587 4.31661
      vertex 8.59628 -65.2953 4.31661
      vertex -0 -64.7318 12.876
    endloop
  endfacet
  facet normal 0.0648471 -0.989357 0.13026
    outer loop
      vertex 8.59628 -65.2953 4.31661
      vertex 8.4492 -64.178 12.876
      vertex -0 -64.7318 12.876
    endloop
  endfacet
  facet normal 0.193433 -0.972428 0.13026
    outer loop
      vertex 8.59628 -65.2953 4.31661
      vertex 17.0455 -63.6146 4.31661
      vertex 8.4492 -64.178 12.876
    endloop
  endfacet
  facet normal 0.19343 -0.972429 0.130256
    outer loop
      vertex 17.0455 -63.6146 4.31661
      vertex 16.7538 -62.5261 12.876
      vertex 8.4492 -64.178 12.876
    endloop
  endfacet
  facet normal 0.318701 -0.938863 0.130257
    outer loop
      vertex 17.0455 -63.6146 4.31661
      vertex 25.203 -60.8455 4.31661
      vertex 16.7538 -62.5261 12.876
    endloop
  endfacet
  facet normal 0.318696 -0.938865 0.130252
    outer loop
      vertex 25.203 -60.8455 4.31661
      vertex 24.7718 -59.8044 12.876
      vertex 16.7538 -62.5261 12.876
    endloop
  endfacet
  facet normal 0.438522 -0.889232 0.130251
    outer loop
      vertex 25.203 -60.8455 4.31661
      vertex 32.9293 -57.0353 4.31661
      vertex 24.7718 -59.8044 12.876
    endloop
  endfacet
  facet normal 0.438521 -0.889232 0.13025
    outer loop
      vertex 32.9293 -57.0353 4.31661
      vertex 32.3659 -56.0594 12.876
      vertex 24.7718 -59.8044 12.876
    endloop
  endfacet
  facet normal 0.550838 -0.824386 0.13025
    outer loop
      vertex 32.9293 -57.0353 4.31661
      vertex 40.0922 -52.2492 4.31661
      vertex 32.3659 -56.0594 12.876
    endloop
  endfacet
  facet normal 0.550839 -0.824385 0.130252
    outer loop
      vertex 40.0922 -52.2492 4.31661
      vertex 39.4062 -51.3552 12.876
      vertex 32.3659 -56.0594 12.876
    endloop
  endfacet
  facet normal 0.65373 -0.745434 0.130252
    outer loop
      vertex 40.0922 -52.2492 4.31661
      vertex 46.5691 -46.5691 4.31661
      vertex 39.4062 -51.3552 12.876
    endloop
  endfacet
  facet normal 0.653728 -0.745436 0.130249
    outer loop
      vertex 46.5691 -46.5691 4.31661
      vertex 45.7723 -45.7723 12.876
      vertex 39.4062 -51.3552 12.876
    endloop
  endfacet
  facet normal 0.745434 -0.65373 0.130249
    outer loop
      vertex 46.5691 -46.5691 4.31661
      vertex 52.2492 -40.0922 4.31661
      vertex 45.7723 -45.7723 12.876
    endloop
  endfacet
  facet normal 0.745436 -0.653727 0.130252
    outer loop
      vertex 52.2492 -40.0922 4.31661
      vertex 51.3552 -39.4062 12.876
      vertex 45.7723 -45.7723 12.876
    endloop
  endfacet
  facet normal 0.824386 -0.550838 0.130252
    outer loop
      vertex 52.2492 -40.0922 4.31661
      vertex 57.0353 -32.9293 4.31661
      vertex 51.3552 -39.4062 12.876
    endloop
  endfacet
  facet normal 0.824385 -0.550839 0.13025
    outer loop
      vertex 57.0353 -32.9293 4.31661
      vertex 56.0594 -32.3659 12.876
      vertex 51.3552 -39.4062 12.876
    endloop
  endfacet
  facet normal 0.889232 -0.438522 0.13025
    outer loop
      vertex 57.0353 -32.9293 4.31661
      vertex 60.8455 -25.203 4.31661
      vertex 56.0594 -32.3659 12.876
    endloop
  endfacet
  facet normal 0.889232 -0.438521 0.130251
    outer loop
      vertex 60.8455 -25.203 4.31661
      vertex 59.8044 -24.7718 12.876
      vertex 56.0594 -32.3659 12.876
    endloop
  endfacet
  facet normal 0.938863 -0.318701 0.130252
    outer loop
      vertex 60.8455 -25.203 4.31661
      vertex 63.6146 -17.0455 4.31661
      vertex 59.8044 -24.7718 12.876
    endloop
  endfacet
  facet normal 0.938864 -0.318696 0.130257
    outer loop
      vertex 63.6146 -17.0455 4.31661
      vertex 62.5261 -16.7538 12.876
      vertex 59.8044 -24.7718 12.876
    endloop
  endfacet
  facet normal 0.972428 -0.193433 0.130256
    outer loop
      vertex 63.6146 -17.0455 4.31661
      vertex 65.2953 -8.59628 4.31661
      vertex 62.5261 -16.7538 12.876
    endloop
  endfacet
  facet normal 0.972429 -0.19343 0.13026
    outer loop
      vertex 65.2953 -8.59628 4.31661
      vertex 64.178 -8.4492 12.876
      vertex 62.5261 -16.7538 12.876
    endloop
  endfacet
  facet normal 0.989357 -0.0648425 0.13026
    outer loop
      vertex 65.2953 -8.59628 4.31661
      vertex 65.8587 0 4.31661
      vertex 64.178 -8.4492 12.876
    endloop
  endfacet
  facet normal 0.989358 -0.0648471 0.130255
    outer loop
      vertex 65.8587 0 4.31661
      vertex 64.7318 0 12.876
      vertex 64.178 -8.4492 12.876
    endloop
  endfacet
  facet normal 0.997859 0.0653997 -0
    outer loop
      vertex 65.8587 0 -4.31661
      vertex 65.2953 8.59628 -4.31661
      vertex 65.8587 0 4.31661
    endloop
  endfacet
  facet normal 0.997859 0.0653997 -0
    outer loop
      vertex 65.2953 8.59628 -4.31661
      vertex 65.2953 8.59628 4.31661
      vertex 65.8587 0 4.31661
    endloop
  endfacet
  facet normal 0.980784 0.195095 -0
    outer loop
      vertex 65.2953 8.59628 -4.31661
      vertex 63.6146 17.0455 -4.31661
      vertex 65.2953 8.59628 4.31661
    endloop
  endfacet
  facet normal 0.980784 0.195095 -0
    outer loop
      vertex 63.6146 17.0455 -4.31661
      vertex 63.6146 17.0455 4.31661
      vertex 65.2953 8.59628 4.31661
    endloop
  endfacet
  facet normal 0.94693 0.32144 -0
    outer loop
      vertex 63.6146 17.0455 -4.31661
      vertex 60.8455 25.203 -4.31661
      vertex 63.6146 17.0455 4.31661
    endloop
  endfacet
  facet normal 0.94693 0.32144 -0
    outer loop
      vertex 60.8455 25.203 -4.31661
      vertex 60.8455 25.203 4.31661
      vertex 63.6146 17.0455 4.31661
    endloop
  endfacet
  facet normal 0.896872 0.44229 -0
    outer loop
      vertex 60.8455 25.203 -4.31661
      vertex 57.0353 32.9293 -4.31661
      vertex 60.8455 25.203 4.31661
    endloop
  endfacet
  facet normal 0.896872 0.44229 -0
    outer loop
      vertex 57.0353 32.9293 -4.31661
      vertex 57.0353 32.9293 4.31661
      vertex 60.8455 25.203 4.31661
    endloop
  endfacet
  facet normal 0.831469 0.55557 -0
    outer loop
      vertex 57.0353 32.9293 -4.31661
      vertex 52.2492 40.0922 -4.31661
      vertex 57.0353 32.9293 4.31661
    endloop
  endfacet
  facet normal 0.831469 0.55557 -0
    outer loop
      vertex 52.2492 40.0922 -4.31661
      vertex 52.2492 40.0922 4.31661
      vertex 57.0353 32.9293 4.31661
    endloop
  endfacet
  facet normal 0.751839 0.659347 -0
    outer loop
      vertex 52.2492 40.0922 -4.31661
      vertex 46.5691 46.5691 -4.31661
      vertex 52.2492 40.0922 4.31661
    endloop
  endfacet
  facet normal 0.751839 0.659347 -0
    outer loop
      vertex 46.5691 46.5691 -4.31661
      vertex 46.5691 46.5691 4.31661
      vertex 52.2492 40.0922 4.31661
    endloop
  endfacet
  facet normal 0.659347 0.751839 -0
    outer loop
      vertex 46.5691 46.5691 -4.31661
      vertex 40.0922 52.2492 -4.31661
      vertex 46.5691 46.5691 4.31661
    endloop
  endfacet
  facet normal 0.659347 0.751839 -0
    outer loop
      vertex 40.0922 52.2492 -4.31661
      vertex 40.0922 52.2492 4.31661
      vertex 46.5691 46.5691 4.31661
    endloop
  endfacet
  facet normal 0.55557 0.831469 -0
    outer loop
      vertex 40.0922 52.2492 -4.31661
      vertex 32.9293 57.0353 -4.31661
      vertex 40.0922 52.2492 4.31661
    endloop
  endfacet
  facet normal 0.55557 0.831469 -0
    outer loop
      vertex 32.9293 57.0353 -4.31661
      vertex 32.9293 57.0353 4.31661
      vertex 40.0922 52.2492 4.31661
    endloop
  endfacet
  facet normal 0.44229 0.896872 -0
    outer loop
      vertex 32.9293 57.0353 -4.31661
      vertex 25.203 60.8455 -4.31661
      vertex 32.9293 57.0353 4.31661
    endloop
  endfacet
  facet normal 0.44229 0.896872 -0
    outer loop
      vertex 25.203 60.8455 -4.31661
      vertex 25.203 60.8455 4.31661
      vertex 32.9293 57.0353 4.31661
    endloop
  endfacet
  facet normal 0.32144 0.94693 -0
    outer loop
      vertex 25.203 60.8455 -4.31661
      vertex 17.0455 63.6146 -4.31661
      vertex 25.203 60.8455 4.31661
    endloop
  endfacet
  facet normal 0.32144 0.94693 -0
    outer loop
      vertex 17.0455 63.6146 -4.31661
      vertex 17.0455 63.6146 4.31661
      vertex 25.203 60.8455 4.31661
    endloop
  endfacet
  facet normal 0.195095 0.980784 -0
    outer loop
      vertex 17.0455 63.6146 -4.31661
      vertex 8.59628 65.2953 -4.31661
      vertex 17.0455 63.6146 4.31661
    endloop
  endfacet
  facet normal 0.195095 0.980784 -0
    outer loop
      vertex 8.59628 65.2953 -4.31661
      vertex 8.59628 65.2953 4.31661
      vertex 17.0455 63.6146 4.31661
    endloop
  endfacet
  facet normal 0.0653997 0.997859 -0
    outer loop
      vertex 8.59628 65.2953 -4.31661
      vertex 0 65.8587 -4.31661
      vertex 8.59628 65.2953 4.31661
    endloop
  endfacet
  facet normal 0.0653997 0.997859 -0
    outer loop
      vertex 0 65.8587 -4.31661
      vertex 0 65.8587 4.31661
      vertex 8.59628 65.2953 4.31661
    endloop
  endfacet
  facet normal -0.0653997 0.997859 0
    outer loop
      vertex 0 65.8587 -4.31661
      vertex -8.59628 65.2953 -4.31661
      vertex 0 65.8587 4.31661
    endloop
  endfacet
  facet normal -0.0653997 0.997859 0
    outer loop
      vertex -8.59628 65.2953 -4.31661
      vertex -8.59628 65.2953 4.31661
      vertex 0 65.8587 4.31661
    endloop
  endfacet
  facet normal -0.195095 0.980784 0
    outer loop
      vertex -8.59628 65.2953 -4.31661
      vertex -17.0455 63.6146 -4.31661
      vertex -8.59628 65.2953 4.31661
    endloop
  endfacet
  facet normal -0.195095 0.980784 0
    outer loop
      vertex -17.0455 63.6146 -4.31661
      vertex -17.0455 63.6146 4.31661
      vertex -8.59628 65.2953 4.31661
    endloop
  endfacet
  facet normal -0.32144 0.94693 0
    outer loop
      vertex -17.0455 63.6146 -4.31661
      vertex -25.203 60.8455 -4.31661
      vertex -17.0455 63.6146 4.31661
    endloop
  endfacet
  facet normal -0.32144 0.94693 0
    outer loop
      vertex -25.203 60.8455 -4.31661
      vertex -25.203 60.8455 4.31661
      vertex -17.0455 63.6146 4.31661
    endloop
  endfacet
  facet normal -0.44229 0.896872 0
    outer loop
      vertex -25.203 60.8455 -4.31661
      vertex -32.9293 57.0353 -4.31661
      vertex -25.203 60.8455 4.31661
    endloop
  endfacet
  facet normal -0.44229 0.896872 0
    outer loop
      vertex -32.9293 57.0353 -4.31661
      vertex -32.9293 57.0353 4.31661
      vertex -25.203 60.8455 4.31661
    endloop
  endfacet
  facet normal -0.55557 0.831469 0
    outer loop
      vertex -32.9293 57.0353 -4.31661
      vertex -40.0922 52.2492 -4.31661
      vertex -32.9293 57.0353 4.31661
    endloop
  endfacet
  facet normal -0.55557 0.831469 0
    outer loop
      vertex -40.0922 52.2492 -4.31661
      vertex -40.0922 52.2492 4.31661
      vertex -32.9293 57.0353 4.31661
    endloop
  endfacet
  facet normal -0.659347 0.751839 0
    outer loop
      vertex -40.0922 52.2492 -4.31661
      vertex -46.5691 46.5691 -4.31661
      vertex -40.0922 52.2492 4.31661
    endloop
  endfacet
  facet normal -0.659347 0.751839 0
    outer loop
      vertex -46.5691 46.5691 -4.31661
      vertex -46.5691 46.5691 4.31661
      vertex -40.0922 52.2492 4.31661
    endloop
  endfacet
  facet normal -0.751839 0.659347 0
    outer loop
      vertex -46.5691 46.5691 -4.31661
      vertex -52.2492 40.0922 -4.31661
      vertex -46.5691 46.5691 4.31661
    endloop
  endfacet
  facet normal -0.751839 0.659347 0
    outer loop
      vertex -52.2492 40.0922 -4.31661
      vertex -52.2492 40.0922 4.31661
      vertex -46.5691 46.5691 4.31661
    endloop
  endfacet
  facet normal -0.831469 0.55557 0
    outer loop
      vertex -52.2492 40.0922 -4.31661
      vertex -57.0353 32.9293 -4.31661
      vertex -52.2492 40.0922 4.31661
    endloop
  endfacet
  facet normal -0.831469 0.55557 0
    outer loop
      vertex -57.0353 32.9293 -4.31661
      vertex -57.0353 32.9293 4.31661
      vertex -52.2492 40.0922 4.31661
    endloop
  endfacet
  facet normal -0.896872 0.44229 0
    outer loop
      vertex -57.0353 32.9293 -4.31661
      vertex -60.8455 25.203 -4.31661
      vertex -57.0353 32.9293 4.31661
    endloop
  endfacet
  facet normal -0.896872 0.44229 0
    outer loop
      vertex -60.8455 25.203 -4.31661
      vertex -60.8455 25.203 4.31661
      vertex -57.0353 32.9293 4.31661
    endloop
  endfacet
  facet normal -0.94693 0.32144 0
    outer loop
      vertex -60.8455 25.203 -4.31661
      vertex -63.6146 17.0455 -4.31661
      vertex -60.8455 25.203 4.31661
    endloop
  endfacet
  facet normal -0.94693 0.32144 0
    outer loop
      vertex -63.6146 17.0455 -4.31661
      vertex -63.6146 17.0455 4.31661
      vertex -60.8455 25.203 4.31661
    endloop
  endfacet
  facet normal -0.980784 0.195095 0
    outer loop
      vertex -63.6146 17.0455 -4.31661
      vertex -65.2953 8.59628 -4.31661
      vertex -63.6146 17.0455 4.31661
    endloop
  endfacet
  facet normal -0.980784 0.195095 0
    outer loop
      vertex -65.2953 8.59628 -4.31661
      vertex -65.2953 8.59628 4.31661
      vertex -63.6146 17.0455 4.31661
    endloop
  endfacet
  facet normal -0.997859 0.0653997 0
    outer loop
      vertex -65.2953 8.59628 -4.31661
      vertex -65.8587 -0 -4.31661
      vertex -65.2953 8.59628 4.31661
    endloop
  endfacet
  facet normal -0.997859 0.0653997 0
    outer loop
      vertex -65.8587 -0 -4.31661
      vertex -65.8587 -0 4.31661
      vertex -65.2953 8.59628 4.31661
    endloop
  endfacet
  facet normal -0.997859 -0.0653997 0
    outer loop
      vertex -65.8587 -0 -4.31661
      vertex -65.2953 -8.59628 -4.31661
      vertex -65.8587 -0 4.31661
    endloop
  endfacet
  facet normal -0.997859 -0.0653997 0
    outer loop
      vertex -65.2953 -8.59628 -4.31661
      vertex -65.2953 -8.59628 4.31661
      vertex -65.8587 -0 4.31661
    endloop
  endfacet
  facet normal -0.980784 -0.195095 0
    outer loop
      vertex -65.2953 -8.59628 -4.31661
      vertex -63.6146 -17.0455 -4.31661
      vertex -65.2953 -8.59628 4.31661
    endloop
  endfacet
  facet normal -0.980784 -0.195095 0
    outer loop
      vertex -63.6146 -17.0455 -4.31661
      vertex -63.6146 -17.0455 4.31661
      vertex -65.2953 -8.59628 4.31661
    endloop
  endfacet
  facet normal -0.94693 -0.32144 0
    outer loop
      vertex -63.6146 -17.0455 -4.31661
      vertex -60.8455 -25.203 -4.31661
      vertex -63.6146 -17.0455 4.31661
    endloop
  endfacet
  facet normal -0.94693 -0.32144 0
    outer loop
      vertex -60.8455 -25.203 -4.31661
      vertex -60.8455 -25.203 4.31661
      vertex -63.6146 -17.0455 4.31661
    endloop
  endfacet
  facet normal -0.896872 -0.44229 0
    outer loop
      vertex -60.8455 -25.203 -4.31661
      vertex -57.0353 -32.9293 -4.31661
      vertex -60.8455 -25.203 4.31661
    endloop
  endfacet
  facet normal -0.896872 -0.44229 0
    outer loop
      vertex -57.0353 -32.9293 -4.31661
      vertex -57.0353 -32.9293 4.31661
      vertex -60.8455 -25.203 4.31661
    endloop
  endfacet
  facet normal -0.831469 -0.55557 0
    outer loop
      vertex -57.0353 -32.9293 -4.31661
      vertex -52.2492 -40.0922 -4.31661
      vertex -57.0353 -32.9293 4.31661
    endloop
  endfacet
  facet normal -0.831469 -0.55557 0
    outer loop
      vertex -52.2492 -40.0922 -4.31661
      vertex -52.2492 -40.0922 4.31661
      vertex -57.0353 -32.9293 4.31661
    endloop
  endfacet
  facet normal -0.751839 -0.659347 0
    outer loop
      vertex -52.2492 -40.0922 -4.31661
      vertex -46.5691 -46.5691 -4.31661
      vertex -52.2492 -40.0922 4.31661
    endloop
  endfacet
  facet normal -0.751839 -0.659347 0
    outer loop
      vertex -46.5691 -46.5691 -4.31661
      vertex -46.5691 -46.5691 4.31661
      vertex -52.2492 -40.0922 4.31661
    endloop
  endfacet
  facet normal -0.659347 -0.751839 0
    outer loop
      vertex -46.5691 -46.5691 -4.31661
      vertex -40.0922 -52.2492 -4.31661
      vertex -46.5691 -46.5691 4.31661
    endloop
  endfacet
  facet normal -0.659347 -0.751839 0
    outer loop
      vertex -40.0922 -52.2492 -4.31661
      vertex -40.0922 -52.2492 4.31661
      vertex -46.5691 -46.5691 4.31661
    endloop
  endfacet
  facet normal -0.55557 -0.831469 0
    outer loop
      vertex -40.0922 -52.2492 -4.31661
      vertex -32.9293 -57.0353 -4.31661
      vertex -40.0922 -52.2492 4.31661
    endloop
  endfacet
  facet normal -0.55557 -0.831469 0
    outer loop
      vertex -32.9293 -57.0353 -4.31661
      vertex -32.9293 -57.0353 4.31661
      vertex -40.0922 -52.2492 4.31661
    endloop
  endfacet
  facet normal -0.44229 -0.896872 0
    outer loop
      vertex -32.9293 -57.0353 -4.31661
      vertex -25.203 -60.8455 -4.31661
      vertex -32.9293 -57.0353 4.31661
    endloop
  endfacet
  facet normal -0.44229 -0.896872 0
    outer loop
      vertex -25.203 -60.8455 -4.31661
      vertex -25.203 -60.8455 4.31661
      vertex -32.9293 -57.0353 4.31661
    endloop
  endfacet
  facet normal -0.32144 -0.94693 0
    outer loop
      vertex -25.203 -60.8455 -4.31661
      vertex -17.0455 -63.6146 -4.31661
      vertex -25.203 -60.8455 4.31661
    endloop
  endfacet
  facet normal -0.32144 -0.94693 0
    outer loop
      vertex -17.0455 -63.6146 -4.31661
      vertex -17.0455 -63.6146 4.31661
      vertex -25.203 -60.8455 4.31661
    endloop
  endfacet
  facet normal -0.195095 -0.980784 0
    outer loop
      vertex -17.0455 -63.6146 -4.31661
      vertex -8.59628 -65.2953 -4.31661
      vertex -17.0455 -63.6146 4.31661
    endloop
  endfacet
  facet normal -0.195095 -0.980784 0
    outer loop
      vertex -8.59628 -65.2953 -4.31661
      vertex -8.59628 -65.2953 4.31661
      vertex -17.0455 -63.6146 4.31661
    endloop
  endfacet
  facet normal -0.0653997 -0.997859 0
    outer loop
      vertex -8.59628 -65.2953 -4.31661
      vertex -0 -65.8587 -4.31661
      vertex -8.59628 -65.2953 4.31661
    endloop
  endfacet
  facet normal -0.0653997 -0.997859 0
    outer loop
      vertex -0 -65.8587 -4.31661
      vertex -0 -65.8587 4.31661
      vertex -8.59628 -65.2953 4.31661
    endloop
  endfacet
  facet normal 0.0653997 -0.997859 0
    outer loop
      vertex -0 -65.8587 -4.31661
      vertex 8.59628 -65.2953 -4.31661
      vertex -0 -65.8587 4.31661
    endloop
  endfacet
  facet normal 0.0653997 -0.997859 0
    outer loop
      vertex 8.59628 -65.2953 -4.31661
      vertex 8.59628 -65.2953 4.31661
      vertex -0 -65.8587 4.31661
    endloop
  endfacet
  facet normal 0.195095 -0.980784 0
    outer loop
      vertex 8.59628 -65.2953 -4.31661
      vertex 17.0455 -63.6146 -4.31661
      vertex 8.59628 -65.2953 4.31661
    endloop
  endfacet
  facet normal 0.195095 -0.980784 0
    outer loop
      vertex 17.0455 -63.6146 -4.31661
      vertex 17.0455 -63.6146 4.31661
      vertex 8.59628 -65.2953 4.31661
    endloop
  endfacet
  facet normal 0.32144 -0.94693 0
    outer loop
      vertex 17.0455 -63.6146 -4.31661
      vertex 25.203 -60.8455 -4.31661
      vertex 17.0455 -63.6146 4.31661
    endloop
  endfacet
  facet normal 0.32144 -0.94693 0
    outer loop
      vertex 25.203 -60.8455 -4.31661
      vertex 25.203 -60.8455 4.31661
      vertex 17.0455 -63.6146 4.31661
    endloop
  endfacet
  facet normal 0.44229 -0.896872 0
    outer loop
      vertex 25.203 -60.8455 -4.31661
      vertex 32.9293 -57.0353 -4.31661
      vertex 25.203 -60.8455 4.31661
    endloop
  endfacet
  facet normal 0.44229 -0.896872 0
    outer loop
      vertex 32.9293 -57.0353 -4.31661
      vertex 32.9293 -57.0353 4.31661
      vertex 25.203 -60.8455 4.31661
    endloop
  endfacet
  facet normal 0.55557 -0.831469 0
    outer loop
      vertex 32.9293 -57.0353 -4.31661
      vertex 40.0922 -52.2492 -4.31661
      vertex 32.9293 -57.0353 4.31661
    endloop
  endfacet
  facet normal 0.55557 -0.831469 0
    outer loop
      vertex 40.0922 -52.2492 -4.31661
      vertex 40.0922 -52.2492 4.31661
      vertex 32.9293 -57.0353 4.31661
    endloop
  endfacet
  facet normal 0.659347 -0.751839 0
    outer loop
      vertex 40.0922 -52.2492 -4.31661
      vertex 46.5691 -46.5691 -4.31661
      vertex 40.0922 -52.2492 4.31661
    endloop
  endfacet
  facet normal 0.659347 -0.751839 0
    outer loop
      vertex 46.5691 -46.5691 -4.31661
      vertex 46.5691 -46.5691 4.31661
      vertex 40.0922 -52.2492 4.31661
    endloop
  endfacet
  facet normal 0.751839 -0.659347 0
    outer loop
      vertex 46.5691 -46.5691 -4.31661
      vertex 52.2492 -40.0922 -4.31661
      vertex 46.5691 -46.5691 4.31661
    endloop
  endfacet
  facet normal 0.751839 -0.659347 0
    outer loop
      vertex 52.2492 -40.0922 -4.31661
      vertex 52.2492 -40.0922 4.31661
      vertex 46.5691 -46.5691 4.31661
    endloop
  endfacet
  facet normal 0.831469 -0.55557 0
    outer loop
      vertex 52.2492 -40.0922 -4.31661
      vertex 57.0353 -32.9293 -4.31661
      vertex 52.2492 -40.0922 4.31661
    endloop
  endfacet
  facet normal 0.831469 -0.55557 0
    outer loop
      vertex 57.0353 -32.9293 -4.31661
      vertex 57.0353 -32.9293 4.31661
      vertex 52.2492 -40.0922 4.31661
    endloop
  endfacet
  facet normal 0.896872 -0.44229 0
    outer loop
      vertex 57.0353 -32.9293 -4.31661
      vertex 60.8455 -25.203 -4.31661
      vertex 57.0353 -32.9293 4.31661
    endloop
  endfacet
  facet normal 0.896872 -0.44229 0
    outer loop
      vertex 60.8455 -25.203 -4.31661
      vertex 60.8455 -25.203 4.31661
      vertex 57.0353 -32.9293 4.31661
    endloop
  endfacet
  facet normal 0.94693 -0.32144 0
    outer loop
      vertex 60.8455 -25.203 -4.31661
      vertex 63.6146 -17.0455 -4.31661
      vertex 60.8455 -25.203 4.31661
    endloop
  endfacet
  facet normal 0.94693 -0.32144 0
    outer loop
      vertex 63.6146 -17.0455 -4.31661
      vertex 63.6146 -17.0455 4.31661
      vertex 60.8455 -25.203 4.31661
    endloop
  endfacet
  facet normal 0.980784 -0.195095 0
    outer loop
      vertex 63.6146 -17.0455 -4.31661
      vertex 65.2953 -8.59628 -4.31661
      vertex 63.6146 -17.0455 4.31661
    endloop
  endfacet
  facet normal 0.980784 -0.195095 0
    outer loop
      vertex 65.2953 -8.59628 -4.31661
      vertex 65.2953 -8.59628 4.31661
      vertex 63.6146 -17.0455 4.31661
    endloop
  endfacet
  facet normal 0.997859 -0.0653997 0
    outer loop
      vertex 65.2953 -8.59628 -4.31661
      vertex 65.8587 0 -4.31661
      vertex 65.2953 -8.59628 4.31661
    endloop
  endfacet
  facet normal 0.997859 -0.0653997 0
    outer loop
      vertex 65.8587 0 -4.31661
      vertex 65.8587 0 4.31661
      vertex 65.2953 -8.59628 4.31661
    endloop
  endfacet
  facet normal 0.989358 0.0648471 -0.130255
    outer loop
      vertex 64.7318 0 -12.876
      vertex 64.178 8.4492 -12.876
      vertex 65.8587 0 -4.31661
    endloop
  endfacet
  facet normal 0.989357 0.0648425 -0.13026
    outer loop
      vertex 64.178 8.4492 -12.876
      vertex 65.2953 8.59628 -4.31661
      vertex 65.8587 0 -4.31661
    endloop
  endfacet
  facet normal 0.972429 0.19343 -0.13026
    outer loop
      vertex 64.178 8.4492 -12.876
      vertex 62.5261 16.7538 -12.876
      vertex 65.2953 8.59628 -4.31661
    endloop
  endfacet
  facet normal 0.972428 0.193433 -0.130256
    outer loop
      vertex 62.5261 16.7538 -12.876
      vertex 63.6146 17.0455 -4.31661
      vertex 65.2953 8.59628 -4.31661
    endloop
  endfacet
  facet normal 0.938864 0.318696 -0.130257
    outer loop
      vertex 62.5261 16.7538 -12.876
      vertex 59.8044 24.7718 -12.876
      vertex 63.6146 17.0455 -4.31661
    endloop
  endfacet
  facet normal 0.938863 0.318701 -0.130252
    outer loop
      vertex 59.8044 24.7718 -12.876
      vertex 60.8455 25.203 -4.31661
      vertex 63.6146 17.0455 -4.31661
    endloop
  endfacet
  facet normal 0.889232 0.438521 -0.130251
    outer loop
      vertex 59.8044 24.7718 -12.876
      vertex 56.0594 32.3659 -12.876
      vertex 60.8455 25.203 -4.31661
    endloop
  endfacet
  facet normal 0.889232 0.438522 -0.13025
    outer loop
      vertex 56.0594 32.3659 -12.876
      vertex 57.0353 32.9293 -4.31661
      vertex 60.8455 25.203 -4.31661
    endloop
  endfacet
  facet normal 0.824385 0.550839 -0.13025
    outer loop
      vertex 56.0594 32.3659 -12.876
      vertex 51.3552 39.4062 -12.876
      vertex 57.0353 32.9293 -4.31661
    endloop
  endfacet
  facet normal 0.824386 0.550838 -0.130252
    outer loop
      vertex 51.3552 39.4062 -12.876
      vertex 52.2492 40.0922 -4.31661
      vertex 57.0353 32.9293 -4.31661
    endloop
  endfacet
  facet normal 0.745436 0.653727 -0.130252
    outer loop
      vertex 51.3552 39.4062 -12.876
      vertex 45.7723 45.7723 -12.876
      vertex 52.2492 40.0922 -4.31661
    endloop
  endfacet
  facet normal 0.745434 0.65373 -0.130249
    outer loop
      vertex 45.7723 45.7723 -12.876
      vertex 46.5691 46.5691 -4.31661
      vertex 52.2492 40.0922 -4.31661
    endloop
  endfacet
  facet normal 0.653728 0.745436 -0.130249
    outer loop
      vertex 45.7723 45.7723 -12.876
      vertex 39.4062 51.3552 -12.876
      vertex 46.5691 46.5691 -4.31661
    endloop
  endfacet
  facet normal 0.65373 0.745434 -0.130252
    outer loop
      vertex 39.4062 51.3552 -12.876
      vertex 40.0922 52.2492 -4.31661
      vertex 46.5691 46.5691 -4.31661
    endloop
  endfacet
  facet normal 0.550839 0.824385 -0.130252
    outer loop
      vertex 39.4062 51.3552 -12.876
      vertex 32.3659 56.0594 -12.876
      vertex 40.0922 52.2492 -4.31661
    endloop
  endfacet
  facet normal 0.550838 0.824386 -0.13025
    outer loop
      vertex 32.3659 56.0594 -12.876
      vertex 32.9293 57.0353 -4.31661
      vertex 40.0922 52.2492 -4.31661
    endloop
  endfacet
  facet normal 0.438521 0.889232 -0.13025
    outer loop
      vertex 32.3659 56.0594 -12.876
      vertex 24.7718 59.8044 -12.876
      vertex 32.9293 57.0353 -4.31661
    endloop
  endfacet
  facet normal 0.438522 0.889232 -0.130251
    outer loop
      vertex 24.7718 59.8044 -12.876
      vertex 25.203 60.8455 -4.31661
      vertex 32.9293 57.0353 -4.31661
    endloop
  endfacet
  facet normal 0.318696 0.938865 -0.130252
    outer loop
      vertex 24.7718 59.8044 -12.876
      vertex 16.7538 62.5261 -12.876
      vertex 25.203 60.8455 -4.31661
    endloop
  endfacet
  facet normal 0.318701 0.938863 -0.130257
    outer loop
      vertex 16.7538 62.5261 -12.876
      vertex 17.0455 63.6146 -4.31661
      vertex 25.203 60.8455 -4.31661
    endloop
  endfacet
  facet normal 0.19343 0.972429 -0.130256
    outer loop
      vertex 16.7538 62.5261 -12.876
      vertex 8.4492 64.178 -12.876
      vertex 17.0455 63.6146 -4.31661
    endloop
  endfacet
  facet normal 0.193433 0.972428 -0.13026
    outer loop
      vertex 8.4492 64.178 -12.876
      vertex 8.59628 65.2953 -4.31661
      vertex 17.0455 63.6146 -4.31661
    endloop
  endfacet
  facet normal 0.0648471 0.989357 -0.13026
    outer loop
      vertex 8.4492 64.178 -12.876
      vertex 0 64.7318 -12.876
      vertex 8.59628 65.2953 -4.31661
    endloop
  endfacet
  facet normal 0.0648425 0.989358 -0.130255
    outer loop
      vertex 0 64.7318 -12.876
      vertex 0 65.8587 -4.31661
      vertex 8.59628 65.2953 -4.31661
    endloop
  endfacet
  facet normal -0.0648471 0.989358 -0.130255
    outer loop
      vertex 0 64.7318 -12.876
      vertex -8.4492 64.178 -12.876
      vertex 0 65.8587 -4.31661
    endloop
  endfacet
  facet normal -0.0648425 0.989357 -0.13026
    outer loop
      vertex -8.4492 64.178 -12.876
      vertex -8.59628 65.2953 -4.31661
      vertex 0 65.8587 -4.31661
    endloop
  endfacet
  facet normal -0.19343 0.972429 -0.13026
    outer loop
      vertex -8.4492 64.178 -12.876
      vertex -16.7538 62.5261 -12.876
      vertex -8.59628 65.2953 -4.31661
    endloop
  endfacet
  facet normal -0.193433 0.972428 -0.130256
    outer loop
      vertex -16.7538 62.5261 -12.876
      vertex -17.0455 63.6146 -4.31661
      vertex -8.59628 65.2953 -4.31661
    endloop
  endfacet
  facet normal -0.318696 0.938864 -0.130257
    outer loop
      vertex -16.7538 62.5261 -12.876
      vertex -24.7718 59.8044 -12.876
      vertex -17.0455 63.6146 -4.31661
    endloop
  endfacet
  facet normal -0.318701 0.938863 -0.130252
    outer loop
      vertex -24.7718 59.8044 -12.876
      vertex -25.203 60.8455 -4.31661
      vertex -17.0455 63.6146 -4.31661
    endloop
  endfacet
  facet normal -0.438521 0.889232 -0.130251
    outer loop
      vertex -24.7718 59.8044 -12.876
      vertex -32.3659 56.0594 -12.876
      vertex -25.203 60.8455 -4.31661
    endloop
  endfacet
  facet normal -0.438522 0.889232 -0.13025
    outer loop
      vertex -32.3659 56.0594 -12.876
      vertex -32.9293 57.0353 -4.31661
      vertex -25.203 60.8455 -4.31661
    endloop
  endfacet
  facet normal -0.550839 0.824385 -0.13025
    outer loop
      vertex -32.3659 56.0594 -12.876
      vertex -39.4062 51.3552 -12.876
      vertex -32.9293 57.0353 -4.31661
    endloop
  endfacet
  facet normal -0.550838 0.824386 -0.130252
    outer loop
      vertex -39.4062 51.3552 -12.876
      vertex -40.0922 52.2492 -4.31661
      vertex -32.9293 57.0353 -4.31661
    endloop
  endfacet
  facet normal -0.653727 0.745436 -0.130252
    outer loop
      vertex -39.4062 51.3552 -12.876
      vertex -45.7723 45.7723 -12.876
      vertex -40.0922 52.2492 -4.31661
    endloop
  endfacet
  facet normal -0.65373 0.745434 -0.130249
    outer loop
      vertex -45.7723 45.7723 -12.876
      vertex -46.5691 46.5691 -4.31661
      vertex -40.0922 52.2492 -4.31661
    endloop
  endfacet
  facet normal -0.745436 0.653728 -0.130249
    outer loop
      vertex -45.7723 45.7723 -12.876
      vertex -51.3552 39.4062 -12.876
      vertex -46.5691 46.5691 -4.31661
    endloop
  endfacet
  facet normal -0.745434 0.65373 -0.130252
    outer loop
      vertex -51.3552 39.4062 -12.876
      vertex -52.2492 40.0922 -4.31661
      vertex -46.5691 46.5691 -4.31661
    endloop
  endfacet
  facet normal -0.824385 0.550839 -0.130252
    outer loop
      vertex -51.3552 39.4062 -12.876
      vertex -56.0594 32.3659 -12.876
      vertex -52.2492 40.0922 -4.31661
    endloop
  endfacet
  facet normal -0.824386 0.550838 -0.13025
    outer loop
      vertex -56.0594 32.3659 -12.876
      vertex -57.0353 32.9293 -4.31661
      vertex -52.2492 40.0922 -4.31661
    endloop
  endfacet
  facet normal -0.889232 0.438521 -0.13025
    outer loop
      vertex -56.0594 32.3659 -12.876
      vertex -59.8044 24.7718 -12.876
      vertex -57.0353 32.9293 -4.31661
    endloop
  endfacet
  facet normal -0.889232 0.438522 -0.130251
    outer loop
      vertex -59.8044 24.7718 -12.876
      vertex -60.8455 25.203 -4.31661
      vertex -57.0353 32.9293 -4.31661
    endloop
  endfacet
  facet normal -0.938865 0.318696 -0.130252
    outer loop
      vertex -59.8044 24.7718 -12.876
      vertex -62.5261 16.7538 -12.876
      vertex -60.8455 25.203 -4.31661
    endloop
  endfacet
  facet normal -0.938863 0.318701 -0.130257
    outer loop
      vertex -62.5261 16.7538 -12.876
      vertex -63.6146 17.0455 -4.31661
      vertex -60.8455 25.203 -4.31661
    endloop
  endfacet
  facet normal -0.972429 0.19343 -0.130256
    outer loop
      vertex -62.5261 16.7538 -12.876
      vertex -64.178 8.4492 -12.876
      vertex -63.6146 17.0455 -4.31661
    endloop
  endfacet
  facet normal -0.972428 0.193433 -0.13026
    outer loop
      vertex -64.178 8.4492 -12.876
      vertex -65.2953 8.59628 -4.31661
      vertex -63.6146 17.0455 -4.31661
    endloop
  endfacet
  facet normal -0.989357 0.0648471 -0.13026
    outer loop
      vertex -64.178 8.4492 -12.876
      vertex -64.7318 -0 -12.876
      vertex -65.2953 8.59628 -4.31661
    endloop
  endfacet
  facet normal -0.989358 0.0648425 -0.130255
    outer loop
      vertex -64.7318 -0 -12.876
      vertex -65.8587 -0 -4.31661
      vertex -65.2953 8.59628 -4.31661
    endloop
  endfacet
  facet normal -0.989358 -0.0648471 -0.130255
    outer loop
      vertex -64.7318 -0 -12.876
      vertex -64.178 -8.4492 -12.876
      vertex -65.8587 -0 -4.31661
    endloop
  endfacet
  facet normal -0.989357 -0.0648425 -0.13026
    outer loop
      vertex -64.178 -8.4492 -12.876
      vertex -65.2953 -8.59628 -4.31661
      vertex -65.8587 -0 -4.31661
    endloop
  endfacet
  facet normal -0.972429 -0.19343 -0.13026
    outer loop
      vertex -64.178 -8.4492 -12.876
      vertex -62.5261 -16.7538 -12.876
      vertex -65.2953 -8.59628 -4.31661
    endloop
  endfacet
  facet normal -0.972428 -0.193433 -0.130256
    outer loop
      vertex -62.5261 -16.7538 -12.876
      vertex -63.6146 -17.0455 -4.31661
      vertex -65.2953 -8.59628 -4.31661
    endloop
  endfacet
  facet normal -0.938864 -0.318696 -0.130257
    outer loop
      vertex -62.5261 -16.7538 -12.876
      vertex -59.8044 -24.7718 -12.876
      vertex -63.6146 -17.0455 -4.31661
    endloop
  endfacet
  facet normal -0.938863 -0.318701 -0.130252
    outer loop
      vertex -59.8044 -24.7718 -12.876
      vertex -60.8455 -25.203 -4.31661
      vertex -63.6146 -17.0455 -4.31661
    endloop
  endfacet
  facet normal -0.889232 -0.438521 -0.130251
    outer loop
      vertex -59.8044 -24.7718 -12.876
      vertex -56.0594 -32.3659 -12.876
      vertex -60.8455 -25.203 -4.31661
    endloop
  endfacet
  facet normal -0.889232 -0.438522 -0.13025
    outer loop
      vertex -56.0594 -32.3659 -12.876
      vertex -57.0353 -32.9293 -4.31661
      vertex -60.8455 -25.203 -4.31661
    endloop
  endfacet
  facet normal -0.824385 -0.550839 -0.13025
    outer loop
      vertex -56.0594 -32.3659 -12.876
      vertex -51.3552 -39.4062 -12.876
      vertex -57.0353 -32.9293 -4.31661
    endloop
  endfacet
  facet normal -0.824386 -0.550838 -0.130252
    outer loop
      vertex -51.3552 -39.4062 -12.876
      vertex -52.2492 -40.0922 -4.31661
      vertex -57.0353 -32.9293 -4.31661
    endloop
  endfacet
  facet normal -0.745436 -0.653727 -0.130252
    outer loop
      vertex -51.3552 -39.4062 -12.876
      vertex -45.7723 -45.7723 -12.876
      vertex -52.2492 -40.0922 -4.31661
    endloop
  endfacet
  facet normal -0.745434 -0.65373 -0.130249
    outer loop
      vertex -45.7723 -45.7723 -12.876
      vertex -46.5691 -46.5691 -4.31661
      vertex -52.2492 -40.0922 -4.31661
    endloop
  endfacet
  facet normal -0.653728 -0.745436 -0.130249
    outer loop
      vertex -45.7723 -45.7723 -12.876
      vertex -39.4062 -51.3552 -12.876
      vertex -46.5691 -46.5691 -4.31661
    endloop
  endfacet
  facet normal -0.65373 -0.745434 -0.130252
    outer loop
      vertex -39.4062 -51.3552 -12.876
      vertex -40.0922 -52.2492 -4.31661
      vertex -46.5691 -46.5691 -4.31661
    endloop
  endfacet
  facet normal -0.550839 -0.824385 -0.130252
    outer loop
      vertex -39.4062 -51.3552 -12.876
      vertex -32.3659 -56.0594 -12.876
      vertex -40.0922 -52.2492 -4.31661
    endloop
  endfacet
  facet normal -0.550838 -0.824386 -0.13025
    outer loop
      vertex -32.3659 -56.0594 -12.876
      vertex -32.9293 -57.0353 -4.31661
      vertex -40.0922 -52.2492 -4.31661
    endloop
  endfacet
  facet normal -0.438521 -0.889232 -0.13025
    outer loop
      vertex -32.3659 -56.0594 -12.876
      vertex -24.7718 -59.8044 -12.876
      vertex -32.9293 -57.0353 -4.31661
    endloop
  endfacet
  facet normal -0.438522 -0.889232 -0.130251
    outer loop
      vertex -24.7718 -59.8044 -12.876
      vertex -25.203 -60.8455 -4.31661
      vertex -32.9293 -57.0353 -4.31661
    endloop
  endfacet
  facet normal -0.318696 -0.938865 -0.130252
    outer loop
      vertex -24.7718 -59.8044 -12.876
      vertex -16.7538 -62.5261 -12.876
      vertex -25.203 -60.8455 -4.31661
    endloop
  endfacet
  facet normal -0.318701 -0.938863 -0.130257
    outer loop
      vertex -16.7538 -62.5261 -12.876
      vertex -17.0455 -63.6146 -4.31661
      vertex -25.203 -60.8455 -4.31661
    endloop
  endfacet
  facet normal -0.19343 -0.972429 -0.130256
    outer loop
      vertex -16.7538 -62.5261 -12.876
      vertex -8.4492 -64.178 -12.876
      vertex -17.0455 -63.6146 -4.31661
    endloop
  endfacet
  facet normal -0.193433 -0.972428 -0.13026
    outer loop
      vertex -8.4492 -64.178 -12.876
      vertex -8.59628 -65.2953 -4.31661
      vertex -17.0455 -63.6146 -4.31661
    endloop
  endfacet
  facet normal -0.0648471 -0.989357 -0.13026
    outer loop
      vertex -8.4492 -64.178 -12.876
      vertex -0 -64.7318 -12.876
      vertex -8.59628 -65.2953 -4.31661
    endloop
  endfacet
  facet normal -0.0648425 -0.989358 -0.130255
    outer loop
      vertex -0 -64.7318 -12.876
      vertex -0 -65.8587 -4.31661
      vertex -8.59628 -65.2953 -4.31661
    endloop
  endfacet
  facet normal 0.0648471 -0.989358 -0.130255
    outer loop
      vertex -0 -64.7318 -12.876
      vertex 8.4492 -64.178 -12.876
      vertex -0 -65.8587 -4.31661
    endloop
  endfacet
  facet normal 0.0648425 -0.989357 -0.13026
    outer loop
      vertex 8.4492 -64.178 -12.876
      vertex 8.59628 -65.2953 -4.31661
      vertex -0 -65.8587 -4.31661
    endloop
  endfacet
  facet normal 0.19343 -0.972429 -0.13026
    outer loop
      vertex 8.4492 -64.178 -12.876
      vertex 16.7538 -62.5261 -12.876
      vertex 8.59628 -65.2953 -4.31661
    endloop
  endfacet
  facet normal 0.193433 -0.972428 -0.130256
    outer loop
      vertex 16.7538 -62.5261 -12.876
      vertex 17.0455 -63.6146 -4.31661
      vertex 8.59628 -65.2953 -4.31661
    endloop
  endfacet
  facet normal 0.318696 -0.938864 -0.130257
    outer loop
      vertex 16.7538 -62.5261 -12.876
      vertex 24.7718 -59.8044 -12.876
      vertex 17.0455 -63.6146 -4.31661
    endloop
  endfacet
  facet normal 0.318701 -0.938863 -0.130252
    outer loop
      vertex 24.7718 -59.8044 -12.876
      vertex 25.203 -60.8455 -4.31661
      vertex 17.0455 -63.6146 -4.31661
    endloop
  endfacet
  facet normal 0.438521 -0.889232 -0.130251
    outer loop
      vertex 24.7718 -59.8044 -12.876
      vertex 32.3659 -56.0594 -12.876
      vertex 25.203 -60.8455 -4.31661
    endloop
  endfacet
  facet normal 0.438522 -0.889232 -0.13025
    outer loop
      vertex 32.3659 -56.0594 -12.876
      vertex 32.9293 -57.0353 -4.31661
      vertex 25.203 -60.8455 -4.31661
    endloop
  endfacet
  facet normal 0.550839 -0.824385 -0.13025
    outer loop
      vertex 32.3659 -56.0594 -12.876
      vertex 39.4062 -51.3552 -12.876
      vertex 32.9293 -57.0353 -4.31661
    endloop
  endfacet
  facet normal 0.550838 -0.824386 -0.130252
    outer loop
      vertex 39.4062 -51.3552 -12.876
      vertex 40.0922 -52.2492 -4.31661
      vertex 32.9293 -57.0353 -4.31661
    endloop
  endfacet
  facet normal 0.653727 -0.745436 -0.130252
    outer loop
      vertex 39.4062 -51.3552 -12.876
      vertex 45.7723 -45.7723 -12.876
      vertex 40.0922 -52.2492 -4.31661
    endloop
  endfacet
  facet normal 0.65373 -0.745434 -0.130249
    outer loop
      vertex 45.7723 -45.7723 -12.876
      vertex 46.5691 -46.5691 -4.31661
      vertex 40.0922 -52.2492 -4.31661
    endloop
  endfacet
  facet normal 0.745436 -0.653728 -0.130249
    outer loop
      vertex 45.7723 -45.7723 -12.876
      vertex 51.3552 -39.4062 -12.876
      vertex 46.5691 -46.5691 -4.31661
    endloop
  endfacet
  facet normal 0.745434 -0.65373 -0.130252
    outer loop
      vertex 51.3552 -39.4062 -12.876
      vertex 52.2492 -40.0922 -4.31661
      vertex 46.5691 -46.5691 -4.31661
    endloop
  endfacet
  facet normal 0.824385 -0.550839 -0.130252
    outer loop
      vertex 51.3552 -39.4062 -12.876
      vertex 56.0594 -32.3659 -12.876
      vertex 52.2492 -40.0922 -4.31661
    endloop
  endfacet
  facet normal 0.824386 -0.550838 -0.13025
    outer loop
      vertex 56.0594 -32.3659 -12.876
      vertex 57.0353 -32.9293 -4.31661
      vertex 52.2492 -40.0922 -4.31661
    endloop
  endfacet
  facet normal 0.889232 -0.438521 -0.13025
    outer loop
      vertex 56.0594 -32.3659 -12.876
      vertex 59.8044 -24.7718 -12.876
      vertex 57.0353 -32.9293 -4.31661
    endloop
  endfacet
  facet normal 0.889232 -0.438522 -0.130251
    outer loop
      vertex 59.8044 -24.7718 -12.876
      vertex 60.8455 -25.203 -4.31661
      vertex 57.0353 -32.9293 -4.31661
    endloop
  endfacet
  facet normal 0.938865 -0.318696 -0.130252
    outer loop
      vertex 59.8044 -24.7718 -12.876
      vertex 62.5261 -16.7538 -12.876
      vertex 60.8455 -25.203 -4.31661
    endloop
  endfacet
  facet normal 0.938863 -0.318701 -0.130257
    outer loop
      vertex 62.5261 -16.7538 -12.876
      vertex 63.6146 -17.0455 -4.31661
      vertex 60.8455 -25.203 -4.31661
    endloop
  endfacet
  facet normal 0.972429 -0.19343 -0.130256
    outer loop
      vertex 62.5261 -16.7538 -12.876
      vertex 64.178 -8.4492 -12.876
      vertex 63.6146 -17.0455 -4.31661
    endloop
  endfacet
  facet normal 0.972428 -0.193433 -0.13026
    outer loop
      vertex 64.178 -8.4492 -12.876
      vertex 65.2953 -8.59628 -4.31661
      vertex 63.6146 -17.0455 -4.31661
    endloop
  endfacet
  facet normal 0.989357 -0.0648471 -0.13026
    outer loop
      vertex 64.178 -8.4492 -12.876
      vertex 64.7318 0 -12.876
      vertex 65.2953 -8.59628 -4.31661
    endloop
  endfacet
  facet normal 0.989358 -0.0648425 -0.130255
    outer loop
      vertex 64.7318 0 -12.876
      vertex 65.8587 0 -4.31661
      vertex 65.2953 -8.59628 -4.31661
    endloop
  endfacet
  facet normal 0.963996 0.0631867 -0.258299
    outer loop
      vertex 62.4974 0 -21.215
      vertex 61.9627 8.15755 -21.215
      vertex 64.7318 0 -12.876
    endloop
  endfacet
  facet normal 0.963996 0.0631848 -0.258301
    outer loop
      vertex 61.9627 8.15755 -21.215
      vertex 64.178 8.4492 -12.876
      vertex 64.7318 0 -12.876
    endloop
  endfacet
  facet normal 0.947501 0.188473 -0.2583
    outer loop
      vertex 61.9627 8.15755 -21.215
      vertex 60.3678 16.1755 -21.215
      vertex 64.178 8.4492 -12.876
    endloop
  endfacet
  facet normal 0.947501 0.188471 -0.258303
    outer loop
      vertex 60.3678 16.1755 -21.215
      vertex 62.5261 16.7538 -12.876
      vertex 64.178 8.4492 -12.876
    endloop
  endfacet
  facet normal 0.914798 0.310522 -0.258302
    outer loop
      vertex 60.3678 16.1755 -21.215
      vertex 57.7401 23.9167 -21.215
      vertex 62.5261 16.7538 -12.876
    endloop
  endfacet
  facet normal 0.914798 0.310527 -0.258298
    outer loop
      vertex 57.7401 23.9167 -21.215
      vertex 59.8044 24.7718 -12.876
      vertex 62.5261 16.7538 -12.876
    endloop
  endfacet
  facet normal 0.866435 0.427285 -0.258299
    outer loop
      vertex 57.7401 23.9167 -21.215
      vertex 54.1243 31.2487 -21.215
      vertex 59.8044 24.7718 -12.876
    endloop
  endfacet
  facet normal 0.866436 0.427279 -0.258304
    outer loop
      vertex 54.1243 31.2487 -21.215
      vertex 56.0594 32.3659 -12.876
      vertex 59.8044 24.7718 -12.876
    endloop
  endfacet
  facet normal 0.803253 0.536715 -0.258304
    outer loop
      vertex 54.1243 31.2487 -21.215
      vertex 49.5825 38.046 -21.215
      vertex 56.0594 32.3659 -12.876
    endloop
  endfacet
  facet normal 0.803252 0.536718 -0.258301
    outer loop
      vertex 49.5825 38.046 -21.215
      vertex 51.3552 39.4062 -12.876
      vertex 56.0594 32.3659 -12.876
    endloop
  endfacet
  facet normal 0.726324 0.636973 -0.2583
    outer loop
      vertex 49.5825 38.046 -21.215
      vertex 44.1923 44.1923 -21.215
      vertex 51.3552 39.4062 -12.876
    endloop
  endfacet
  facet normal 0.726326 0.636969 -0.258305
    outer loop
      vertex 44.1923 44.1923 -21.215
      vertex 45.7723 45.7723 -12.876
      vertex 51.3552 39.4062 -12.876
    endloop
  endfacet
  facet normal 0.636972 0.726323 -0.258305
    outer loop
      vertex 44.1923 44.1923 -21.215
      vertex 38.046 49.5825 -21.215
      vertex 45.7723 45.7723 -12.876
    endloop
  endfacet
  facet normal 0.636969 0.726327 -0.2583
    outer loop
      vertex 38.046 49.5825 -21.215
      vertex 39.4062 51.3552 -12.876
      vertex 45.7723 45.7723 -12.876
    endloop
  endfacet
  facet normal 0.536716 0.803254 -0.258301
    outer loop
      vertex 38.046 49.5825 -21.215
      vertex 31.2487 54.1243 -21.215
      vertex 39.4062 51.3552 -12.876
    endloop
  endfacet
  facet normal 0.536718 0.803252 -0.258304
    outer loop
      vertex 31.2487 54.1243 -21.215
      vertex 32.3659 56.0594 -12.876
      vertex 39.4062 51.3552 -12.876
    endloop
  endfacet
  facet normal 0.427285 0.866433 -0.258304
    outer loop
      vertex 31.2487 54.1243 -21.215
      vertex 23.9167 57.7401 -21.215
      vertex 32.3659 56.0594 -12.876
    endloop
  endfacet
  facet normal 0.42728 0.866437 -0.258299
    outer loop
      vertex 23.9167 57.7401 -21.215
      vertex 24.7718 59.8044 -12.876
      vertex 32.3659 56.0594 -12.876
    endloop
  endfacet
  facet normal 0.310523 0.914799 -0.258298
    outer loop
      vertex 23.9167 57.7401 -21.215
      vertex 16.1755 60.3678 -21.215
      vertex 24.7718 59.8044 -12.876
    endloop
  endfacet
  facet normal 0.310527 0.914797 -0.258302
    outer loop
      vertex 16.1755 60.3678 -21.215
      vertex 16.7538 62.5261 -12.876
      vertex 24.7718 59.8044 -12.876
    endloop
  endfacet
  facet normal 0.188473 0.947501 -0.258303
    outer loop
      vertex 16.1755 60.3678 -21.215
      vertex 8.15755 61.9627 -21.215
      vertex 16.7538 62.5261 -12.876
    endloop
  endfacet
  facet normal 0.188471 0.947502 -0.258301
    outer loop
      vertex 8.15755 61.9627 -21.215
      vertex 8.4492 64.178 -12.876
      vertex 16.7538 62.5261 -12.876
    endloop
  endfacet
  facet normal 0.0631867 0.963996 -0.258301
    outer loop
      vertex 8.15755 61.9627 -21.215
      vertex 0 62.4974 -21.215
      vertex 8.4492 64.178 -12.876
    endloop
  endfacet
  facet normal 0.0631848 0.963997 -0.258299
    outer loop
      vertex 0 62.4974 -21.215
      vertex 0 64.7318 -12.876
      vertex 8.4492 64.178 -12.876
    endloop
  endfacet
  facet normal -0.0631867 0.963996 -0.258299
    outer loop
      vertex 0 62.4974 -21.215
      vertex -8.15755 61.9627 -21.215
      vertex 0 64.7318 -12.876
    endloop
  endfacet
  facet normal -0.0631848 0.963996 -0.258301
    outer loop
      vertex -8.15755 61.9627 -21.215
      vertex -8.4492 64.178 -12.876
      vertex 0 64.7318 -12.876
    endloop
  endfacet
  facet normal -0.188473 0.947501 -0.2583
    outer loop
      vertex -8.15755 61.9627 -21.215
      vertex -16.1755 60.3678 -21.215
      vertex -8.4492 64.178 -12.876
    endloop
  endfacet
  facet normal -0.188471 0.947501 -0.258303
    outer loop
      vertex -16.1755 60.3678 -21.215
      vertex -16.7538 62.5261 -12.876
      vertex -8.4492 64.178 -12.876
    endloop
  endfacet
  facet normal -0.310522 0.914798 -0.258302
    outer loop
      vertex -16.1755 60.3678 -21.215
      vertex -23.9167 57.7401 -21.215
      vertex -16.7538 62.5261 -12.876
    endloop
  endfacet
  facet normal -0.310527 0.914798 -0.258298
    outer loop
      vertex -23.9167 57.7401 -21.215
      vertex -24.7718 59.8044 -12.876
      vertex -16.7538 62.5261 -12.876
    endloop
  endfacet
  facet normal -0.427285 0.866435 -0.258299
    outer loop
      vertex -23.9167 57.7401 -21.215
      vertex -31.2487 54.1243 -21.215
      vertex -24.7718 59.8044 -12.876
    endloop
  endfacet
  facet normal -0.427279 0.866436 -0.258304
    outer loop
      vertex -31.2487 54.1243 -21.215
      vertex -32.3659 56.0594 -12.876
      vertex -24.7718 59.8044 -12.876
    endloop
  endfacet
  facet normal -0.536715 0.803253 -0.258304
    outer loop
      vertex -31.2487 54.1243 -21.215
      vertex -38.046 49.5825 -21.215
      vertex -32.3659 56.0594 -12.876
    endloop
  endfacet
  facet normal -0.536718 0.803252 -0.258301
    outer loop
      vertex -38.046 49.5825 -21.215
      vertex -39.4062 51.3552 -12.876
      vertex -32.3659 56.0594 -12.876
    endloop
  endfacet
  facet normal -0.636973 0.726324 -0.2583
    outer loop
      vertex -38.046 49.5825 -21.215
      vertex -44.1923 44.1923 -21.215
      vertex -39.4062 51.3552 -12.876
    endloop
  endfacet
  facet normal -0.636969 0.726326 -0.258305
    outer loop
      vertex -44.1923 44.1923 -21.215
      vertex -45.7723 45.7723 -12.876
      vertex -39.4062 51.3552 -12.876
    endloop
  endfacet
  facet normal -0.726323 0.636972 -0.258305
    outer loop
      vertex -44.1923 44.1923 -21.215
      vertex -49.5825 38.046 -21.215
      vertex -45.7723 45.7723 -12.876
    endloop
  endfacet
  facet normal -0.726327 0.636969 -0.2583
    outer loop
      vertex -49.5825 38.046 -21.215
      vertex -51.3552 39.4062 -12.876
      vertex -45.7723 45.7723 -12.876
    endloop
  endfacet
  facet normal -0.803254 0.536716 -0.258301
    outer loop
      vertex -49.5825 38.046 -21.215
      vertex -54.1243 31.2487 -21.215
      vertex -51.3552 39.4062 -12.876
    endloop
  endfacet
  facet normal -0.803252 0.536718 -0.258304
    outer loop
      vertex -54.1243 31.2487 -21.215
      vertex -56.0594 32.3659 -12.876
      vertex -51.3552 39.4062 -12.876
    endloop
  endfacet
  facet normal -0.866433 0.427285 -0.258304
    outer loop
      vertex -54.1243 31.2487 -21.215
      vertex -57.7401 23.9167 -21.215
      vertex -56.0594 32.3659 -12.876
    endloop
  endfacet
  facet normal -0.866437 0.42728 -0.258299
    outer loop
      vertex -57.7401 23.9167 -21.215
      vertex -59.8044 24.7718 -12.876
      vertex -56.0594 32.3659 -12.876
    endloop
  endfacet
  facet normal -0.914799 0.310523 -0.258298
    outer loop
      vertex -57.7401 23.9167 -21.215
      vertex -60.3678 16.1755 -21.215
      vertex -59.8044 24.7718 -12.876
    endloop
  endfacet
  facet normal -0.914797 0.310527 -0.258302
    outer loop
      vertex -60.3678 16.1755 -21.215
      vertex -62.5261 16.7538 -12.876
      vertex -59.8044 24.7718 -12.876
    endloop
  endfacet
  facet normal -0.947501 0.188473 -0.258303
    outer loop
      vertex -60.3678 16.1755 -21.215
      vertex -61.9627 8.15755 -21.215
      vertex -62.5261 16.7538 -12.876
    endloop
  endfacet
  facet normal -0.947502 0.188471 -0.258301
    outer loop
      vertex -61.9627 8.15755 -21.215
      vertex -64.178 8.4492 -12.876
      vertex -62.5261 16.7538 -12.876
    endloop
  endfacet
  facet normal -0.963996 0.0631867 -0.258301
    outer loop
      vertex -61.9627 8.15755 -21.215
      vertex -62.4974 -0 -21.215
      vertex -64.178 8.4492 -12.876
    endloop
  endfacet
  facet normal -0.963997 0.0631848 -0.258299
    outer loop
      vertex -62.4974 -0 -21.215
      vertex -64.7318 -0 -12.876
      vertex -64.178 8.4492 -12.876
    endloop
  endfacet
  facet normal -0.963996 -0.0631867 -0.258299
    outer loop
      vertex -62.4974 -0 -21.215
      vertex -61.9627 -8.15755 -21.215
      vertex -64.7318 -0 -12.876
    endloop
  endfacet
  facet normal -0.963996 -0.0631848 -0.258301
    outer loop
      vertex -61.9627 -8.15755 -21.215
      vertex -64.178 -8.4492 -12.876
      vertex -64.7318 -0 -12.876
    endloop
  endfacet
  facet normal -0.947501 -0.188473 -0.2583
    outer loop
      vertex -61.9627 -8.15755 -21.215
      vertex -60.3678 -16.1755 -21.215
      vertex -64.178 -8.4492 -12.876
    endloop
  endfacet
  facet normal -0.947501 -0.188471 -0.258303
    outer loop
      vertex -60.3678 -16.1755 -21.215
      vertex -62.5261 -16.7538 -12.876
      vertex -64.178 -8.4492 -12.876
    endloop
  endfacet
  facet normal -0.914798 -0.310522 -0.258302
    outer loop
      vertex -60.3678 -16.1755 -21.215
      vertex -57.7401 -23.9167 -21.215
      vertex -62.5261 -16.7538 -12.876
    endloop
  endfacet
  facet normal -0.914798 -0.310527 -0.258298
    outer loop
      vertex -57.7401 -23.9167 -21.215
      vertex -59.8044 -24.7718 -12.876
      vertex -62.5261 -16.7538 -12.876
    endloop
  endfacet
  facet normal -0.866435 -0.427285 -0.258299
    outer loop
      vertex -57.7401 -23.9167 -21.215
      vertex -54.1243 -31.2487 -21.215
      vertex -59.8044 -24.7718 -12.876
    endloop
  endfacet
  facet normal -0.866436 -0.427279 -0.258304
    outer loop
      vertex -54.1243 -31.2487 -21.215
      vertex -56.0594 -32.3659 -12.876
      vertex -59.8044 -24.7718 -12.876
    endloop
  endfacet
  facet normal -0.803253 -0.536715 -0.258304
    outer loop
      vertex -54.1243 -31.2487 -21.215
      vertex -49.5825 -38.046 -21.215
      vertex -56.0594 -32.3659 -12.876
    endloop
  endfacet
  facet normal -0.803252 -0.536718 -0.258301
    outer loop
      vertex -49.5825 -38.046 -21.215
      vertex -51.3552 -39.4062 -12.876
      vertex -56.0594 -32.3659 -12.876
    endloop
  endfacet
  facet normal -0.726324 -0.636973 -0.2583
    outer loop
      vertex -49.5825 -38.046 -21.215
      vertex -44.1923 -44.1923 -21.215
      vertex -51.3552 -39.4062 -12.876
    endloop
  endfacet
  facet normal -0.726326 -0.636969 -0.258305
    outer loop
      vertex -44.1923 -44.1923 -21.215
      vertex -45.7723 -45.7723 -12.876
      vertex -51.3552 -39.4062 -12.876
    endloop
  endfacet
  facet normal -0.636972 -0.726323 -0.258305
    outer loop
      vertex -44.1923 -44.1923 -21.215
      vertex -38.046 -49.5825 -21.215
      vertex -45.7723 -45.7723 -12.876
    endloop
  endfacet
  facet normal -0.636969 -0.726327 -0.2583
    outer loop
      vertex -38.046 -49.5825 -21.215
      vertex -39.4062 -51.3552 -12.876
      vertex -45.7723 -45.7723 -12.876
    endloop
  endfacet
  facet normal -0.536716 -0.803254 -0.258301
    outer loop
      vertex -38.046 -49.5825 -21.215
      vertex -31.2487 -54.1243 -21.215
      vertex -39.4062 -51.3552 -12.876
    endloop
  endfacet
  facet normal -0.536718 -0.803252 -0.258304
    outer loop
      vertex -31.2487 -54.1243 -21.215
      vertex -32.3659 -56.0594 -12.876
      vertex -39.4062 -51.3552 -12.876
    endloop
  endfacet
  facet normal -0.427285 -0.866433 -0.258304
    outer loop
      vertex -31.2487 -54.1243 -21.215
      vertex -23.9167 -57.7401 -21.215
      vertex -32.3659 -56.0594 -12.876
    endloop
  endfacet
  facet normal -0.42728 -0.866437 -0.258299
    outer loop
      vertex -23.9167 -57.7401 -21.215
      vertex -24.7718 -59.8044 -12.876
      vertex -32.3659 -56.0594 -12.876
    endloop
  endfacet
  facet normal -0.310523 -0.914799 -0.258298
    outer loop
      vertex -23.9167 -57.7401 -21.215
      vertex -16.1755 -60.3678 -21.215
      vertex -24.7718 -59.8044 -12.876
    endloop
  endfacet
  facet normal -0.310527 -0.914797 -0.258302
    outer loop
      vertex -16.1755 -60.3678 -21.215
      vertex -16.7538 -62.5261 -12.876
      vertex -24.7718 -59.8044 -12.876
    endloop
  endfacet
  facet normal -0.188473 -0.947501 -0.258303
    outer loop
      vertex -16.1755 -60.3678 -21.215
      vertex -8.15755 -61.9627 -21.215
      vertex -16.7538 -62.5261 -12.876
    endloop
  endfacet
  facet normal -0.188471 -0.947502 -0.258301
    outer loop
      vertex -8.15755 -61.9627 -21.215
      vertex -8.4492 -64.178 -12.876
      vertex -16.7538 -62.5261 -12.876
    endloop
  endfacet
  facet normal -0.0631867 -0.963996 -0.258301
    outer loop
      vertex -8.15755 -61.9627 -21.215
      vertex -0 -62.4974 -21.215
      vertex -8.4492 -64.178 -12.876
    endloop
  endfacet
  facet normal -0.0631848 -0.963997 -0.258299
    outer loop
      vertex -0 -62.4974 -21.215
      vertex -0 -64.7318 -12.876
      vertex -8.4492 -64.178 -12.876
    endloop
  endfacet
  facet normal 0.0631867 -0.963996 -0.258299
    outer loop
      vertex -0 -62.4974 -21.215
      vertex 8.15755 -61.9627 -21.215
      vertex -0 -64.7318 -12.876
    endloop
  endfacet
  facet normal 0.0631848 -0.963996 -0.258301
    outer loop
      vertex 8.15755 -61.9627 -21.215
      vertex 8.4492 -64.178 -12.876
      vertex -0 -64.7318 -12.876
    endloop
  endfacet
  facet normal 0.188473 -0.947501 -0.2583
    outer loop
      vertex 8.15755 -61.9627 -21.215
      vertex 16.1755 -60.3678 -21.215
      vertex 8.4492 -64.178 -12.876
    endloop
  endfacet
  facet normal 0.188471 -0.947501 -0.258303
    outer loop
      vertex 16.1755 -60.3678 -21.215
      vertex 16.7538 -62.5261 -12.876
      vertex 8.4492 -64.178 -12.876
    endloop
  endfacet
  facet normal 0.310522 -0.914798 -0.258302
    outer loop
      vertex 16.1755 -60.3678 -21.215
      vertex 23.9167 -57.7401 -21.215
      vertex 16.7538 -62.5261 -12.876
    endloop
  endfacet
  facet normal 0.310527 -0.914798 -0.258298
    outer loop
      vertex 23.9167 -57.7401 -21.215
      vertex 24.7718 -59.8044 -12.876
      vertex 16.7538 -62.5261 -12.876
    endloop
  endfacet
  facet normal 0.427285 -0.866435 -0.258299
    outer loop
      vertex 23.9167 -57.7401 -21.215
      vertex 31.2487 -54.1243 -21.215
      vertex 24.7718 -59.8044 -12.876
    endloop
  endfacet
  facet normal 0.427279 -0.866436 -0.258304
    outer loop
      vertex 31.2487 -54.1243 -21.215
      vertex 32.3659 -56.0594 -12.876
      vertex 24.7718 -59.8044 -12.876
    endloop
  endfacet
  facet normal 0.536715 -0.803253 -0.258304
    outer loop
      vertex 31.2487 -54.1243 -21.215
      vertex 38.046 -49.5825 -21.215
      vertex 32.3659 -56.0594 -12.876
    endloop
  endfacet
  facet normal 0.536718 -0.803252 -0.258301
    outer loop
      vertex 38.046 -49.5825 -21.215
      vertex 39.4062 -51.3552 -12.876
      vertex 32.3659 -56.0594 -12.876
    endloop
  endfacet
  facet normal 0.636973 -0.726324 -0.2583
    outer loop
      vertex 38.046 -49.5825 -21.215
      vertex 44.1923 -44.1923 -21.215
      vertex 39.4062 -51.3552 -12.876
    endloop
  endfacet
  facet normal 0.636969 -0.726326 -0.258305
    outer loop
      vertex 44.1923 -44.1923 -21.215
      vertex 45.7723 -45.7723 -12.876
      vertex 39.4062 -51.3552 -12.876
    endloop
  endfacet
  facet normal 0.726323 -0.636972 -0.258305
    outer loop
      vertex 44.1923 -44.1923 -21.215
      vertex 49.5825 -38.046 -21.215
      vertex 45.7723 -45.7723 -12.876
    endloop
  endfacet
  facet normal 0.726327 -0.636969 -0.2583
    outer loop
      vertex 49.5825 -38.046 -21.215
      vertex 51.3552 -39.4062 -12.876
      vertex 45.7723 -45.7723 -12.876
    endloop
  endfacet
  facet normal 0.803254 -0.536716 -0.258301
    outer loop
      vertex 49.5825 -38.046 -21.215
      vertex 54.1243 -31.2487 -21.215
      vertex 51.3552 -39.4062 -12.876
    endloop
  endfacet
  facet normal 0.803252 -0.536718 -0.258304
    outer loop
      vertex 54.1243 -31.2487 -21.215
      vertex 56.0594 -32.3659 -12.876
      vertex 51.3552 -39.4062 -12.876
    endloop
  endfacet
  facet normal 0.866433 -0.427285 -0.258304
    outer loop
      vertex 54.1243 -31.2487 -21.215
      vertex 57.7401 -23.9167 -21.215
      vertex 56.0594 -32.3659 -12.876
    endloop
  endfacet
  facet normal 0.866437 -0.42728 -0.258299
    outer loop
      vertex 57.7401 -23.9167 -21.215
      vertex 59.8044 -24.7718 -12.876
      vertex 56.0594 -32.3659 -12.876
    endloop
  endfacet
  facet normal 0.914799 -0.310523 -0.258298
    outer loop
      vertex 57.7401 -23.9167 -21.215
      vertex 60.3678 -16.1755 -21.215
      vertex 59.8044 -24.7718 -12.876
    endloop
  endfacet
  facet normal 0.914797 -0.310527 -0.258302
    outer loop
      vertex 60.3678 -16.1755 -21.215
      vertex 62.5261 -16.7538 -12.876
      vertex 59.8044 -24.7718 -12.876
    endloop
  endfacet
  facet normal 0.947501 -0.188473 -0.258303
    outer loop
      vertex 60.3678 -16.1755 -21.215
      vertex 61.9627 -8.15755 -21.215
      vertex 62.5261 -16.7538 -12.876
    endloop
  endfacet
  facet normal 0.947502 -0.188471 -0.258301
    outer loop
      vertex 61.9627 -8.15755 -21.215
      vertex 64.178 -8.4492 -12.876
      vertex 62.5261 -16.7538 -12.876
    endloop
  endfacet
  facet normal 0.963996 -0.0631867 -0.258301
    outer loop
      vertex 61.9627 -8.15755 -21.215
      vertex 62.4974 0 -21.215
      vertex 64.178 -8.4492 -12.876
    endloop
  endfacet
  facet normal 0.963997 -0.0631848 -0.258299
    outer loop
      vertex 62.4974 0 -21.215
      vertex 64.7318 0 -12.876
      vertex 64.178 -8.4492 -12.876
    endloop
  endfacet
  facet normal 0.922191 0.0604424 -0.381983
    outer loop
      vertex 59.1936 0 -29.1911
      vertex 58.6872 7.72632 -29.1911
      vertex 62.4974 0 -21.215
    endloop
  endfacet
  facet normal 0.922192 0.0604466 -0.381979
    outer loop
      vertex 58.6872 7.72632 -29.1911
      vertex 61.9627 8.15755 -21.215
      vertex 62.4974 0 -21.215
    endloop
  endfacet
  facet normal 0.906412 0.180302 -0.381979
    outer loop
      vertex 58.6872 7.72632 -29.1911
      vertex 57.1766 15.3204 -29.1911
      vertex 61.9627 8.15755 -21.215
    endloop
  endfacet
  facet normal 0.906412 0.1803 -0.381981
    outer loop
      vertex 57.1766 15.3204 -29.1911
      vertex 60.3678 16.1755 -21.215
      vertex 61.9627 8.15755 -21.215
    endloop
  endfacet
  facet normal 0.875127 0.297056 -0.381981
    outer loop
      vertex 57.1766 15.3204 -29.1911
      vertex 54.6878 22.6524 -29.1911
      vertex 60.3678 16.1755 -21.215
    endloop
  endfacet
  facet normal 0.875127 0.297056 -0.381981
    outer loop
      vertex 54.6878 22.6524 -29.1911
      vertex 57.7401 23.9167 -21.215
      vertex 60.3678 16.1755 -21.215
    endloop
  endfacet
  facet normal 0.828863 0.40875 -0.381981
    outer loop
      vertex 54.6878 22.6524 -29.1911
      vertex 51.2632 29.5968 -29.1911
      vertex 57.7401 23.9167 -21.215
    endloop
  endfacet
  facet normal 0.828862 0.408756 -0.381976
    outer loop
      vertex 51.2632 29.5968 -29.1911
      vertex 54.1243 31.2487 -21.215
      vertex 57.7401 23.9167 -21.215
    endloop
  endfacet
  facet normal 0.768417 0.513448 -0.381977
    outer loop
      vertex 51.2632 29.5968 -29.1911
      vertex 46.9614 36.0348 -29.1911
      vertex 54.1243 31.2487 -21.215
    endloop
  endfacet
  facet normal 0.768419 0.51344 -0.381983
    outer loop
      vertex 46.9614 36.0348 -29.1911
      vertex 49.5825 38.046 -21.215
      vertex 54.1243 31.2487 -21.215
    endloop
  endfacet
  facet normal 0.694829 0.609345 -0.381983
    outer loop
      vertex 46.9614 36.0348 -29.1911
      vertex 41.8562 41.8562 -29.1911
      vertex 49.5825 38.046 -21.215
    endloop
  endfacet
  facet normal 0.694827 0.609351 -0.381977
    outer loop
      vertex 41.8562 41.8562 -29.1911
      vertex 44.1923 44.1923 -21.215
      vertex 49.5825 38.046 -21.215
    endloop
  endfacet
  facet normal 0.609347 0.694831 -0.381977
    outer loop
      vertex 41.8562 41.8562 -29.1911
      vertex 36.0348 46.9614 -29.1911
      vertex 44.1923 44.1923 -21.215
    endloop
  endfacet
  facet normal 0.60935 0.694825 -0.381983
    outer loop
      vertex 36.0348 46.9614 -29.1911
      vertex 38.046 49.5825 -21.215
      vertex 44.1923 44.1923 -21.215
    endloop
  endfacet
  facet normal 0.513446 0.768415 -0.381983
    outer loop
      vertex 36.0348 46.9614 -29.1911
      vertex 29.5968 51.2632 -29.1911
      vertex 38.046 49.5825 -21.215
    endloop
  endfacet
  facet normal 0.513442 0.768421 -0.381977
    outer loop
      vertex 29.5968 51.2632 -29.1911
      vertex 31.2487 54.1243 -21.215
      vertex 38.046 49.5825 -21.215
    endloop
  endfacet
  facet normal 0.408751 0.828865 -0.381976
    outer loop
      vertex 29.5968 51.2632 -29.1911
      vertex 22.6524 54.6878 -29.1911
      vertex 31.2487 54.1243 -21.215
    endloop
  endfacet
  facet normal 0.408755 0.82886 -0.381981
    outer loop
      vertex 22.6524 54.6878 -29.1911
      vertex 23.9167 57.7401 -21.215
      vertex 31.2487 54.1243 -21.215
    endloop
  endfacet
  facet normal 0.297056 0.875127 -0.381981
    outer loop
      vertex 22.6524 54.6878 -29.1911
      vertex 15.3204 57.1766 -29.1911
      vertex 23.9167 57.7401 -21.215
    endloop
  endfacet
  facet normal 0.297056 0.875127 -0.381981
    outer loop
      vertex 15.3204 57.1766 -29.1911
      vertex 16.1755 60.3678 -21.215
      vertex 23.9167 57.7401 -21.215
    endloop
  endfacet
  facet normal 0.180302 0.906412 -0.381981
    outer loop
      vertex 15.3204 57.1766 -29.1911
      vertex 7.72632 58.6872 -29.1911
      vertex 16.1755 60.3678 -21.215
    endloop
  endfacet
  facet normal 0.1803 0.906413 -0.381979
    outer loop
      vertex 7.72632 58.6872 -29.1911
      vertex 8.15755 61.9627 -21.215
      vertex 16.1755 60.3678 -21.215
    endloop
  endfacet
  facet normal 0.0604425 0.922192 -0.381979
    outer loop
      vertex 7.72632 58.6872 -29.1911
      vertex 0 59.1936 -29.1911
      vertex 8.15755 61.9627 -21.215
    endloop
  endfacet
  facet normal 0.0604465 0.922191 -0.381983
    outer loop
      vertex 0 59.1936 -29.1911
      vertex 0 62.4974 -21.215
      vertex 8.15755 61.9627 -21.215
    endloop
  endfacet
  facet normal -0.0604424 0.922191 -0.381983
    outer loop
      vertex 0 59.1936 -29.1911
      vertex -7.72632 58.6872 -29.1911
      vertex 0 62.4974 -21.215
    endloop
  endfacet
  facet normal -0.0604466 0.922192 -0.381979
    outer loop
      vertex -7.72632 58.6872 -29.1911
      vertex -8.15755 61.9627 -21.215
      vertex 0 62.4974 -21.215
    endloop
  endfacet
  facet normal -0.180302 0.906412 -0.381979
    outer loop
      vertex -7.72632 58.6872 -29.1911
      vertex -15.3204 57.1766 -29.1911
      vertex -8.15755 61.9627 -21.215
    endloop
  endfacet
  facet normal -0.1803 0.906412 -0.381981
    outer loop
      vertex -15.3204 57.1766 -29.1911
      vertex -16.1755 60.3678 -21.215
      vertex -8.15755 61.9627 -21.215
    endloop
  endfacet
  facet normal -0.297056 0.875127 -0.381981
    outer loop
      vertex -15.3204 57.1766 -29.1911
      vertex -22.6524 54.6878 -29.1911
      vertex -16.1755 60.3678 -21.215
    endloop
  endfacet
  facet normal -0.297056 0.875127 -0.381981
    outer loop
      vertex -22.6524 54.6878 -29.1911
      vertex -23.9167 57.7401 -21.215
      vertex -16.1755 60.3678 -21.215
    endloop
  endfacet
  facet normal -0.40875 0.828863 -0.381981
    outer loop
      vertex -22.6524 54.6878 -29.1911
      vertex -29.5968 51.2632 -29.1911
      vertex -23.9167 57.7401 -21.215
    endloop
  endfacet
  facet normal -0.408756 0.828862 -0.381976
    outer loop
      vertex -29.5968 51.2632 -29.1911
      vertex -31.2487 54.1243 -21.215
      vertex -23.9167 57.7401 -21.215
    endloop
  endfacet
  facet normal -0.513448 0.768417 -0.381977
    outer loop
      vertex -29.5968 51.2632 -29.1911
      vertex -36.0348 46.9614 -29.1911
      vertex -31.2487 54.1243 -21.215
    endloop
  endfacet
  facet normal -0.51344 0.768419 -0.381983
    outer loop
      vertex -36.0348 46.9614 -29.1911
      vertex -38.046 49.5825 -21.215
      vertex -31.2487 54.1243 -21.215
    endloop
  endfacet
  facet normal -0.609345 0.694829 -0.381983
    outer loop
      vertex -36.0348 46.9614 -29.1911
      vertex -41.8562 41.8562 -29.1911
      vertex -38.046 49.5825 -21.215
    endloop
  endfacet
  facet normal -0.609351 0.694827 -0.381977
    outer loop
      vertex -41.8562 41.8562 -29.1911
      vertex -44.1923 44.1923 -21.215
      vertex -38.046 49.5825 -21.215
    endloop
  endfacet
  facet normal -0.694831 0.609347 -0.381977
    outer loop
      vertex -41.8562 41.8562 -29.1911
      vertex -46.9614 36.0348 -29.1911
      vertex -44.1923 44.1923 -21.215
    endloop
  endfacet
  facet normal -0.694825 0.60935 -0.381983
    outer loop
      vertex -46.9614 36.0348 -29.1911
      vertex -49.5825 38.046 -21.215
      vertex -44.1923 44.1923 -21.215
    endloop
  endfacet
  facet normal -0.768415 0.513446 -0.381983
    outer loop
      vertex -46.9614 36.0348 -29.1911
      vertex -51.2632 29.5968 -29.1911
      vertex -49.5825 38.046 -21.215
    endloop
  endfacet
  facet normal -0.768421 0.513442 -0.381977
    outer loop
      vertex -51.2632 29.5968 -29.1911
      vertex -54.1243 31.2487 -21.215
      vertex -49.5825 38.046 -21.215
    endloop
  endfacet
  facet normal -0.828865 0.408751 -0.381976
    outer loop
      vertex -51.2632 29.5968 -29.1911
      vertex -54.6878 22.6524 -29.1911
      vertex -54.1243 31.2487 -21.215
    endloop
  endfacet
  facet normal -0.82886 0.408755 -0.381981
    outer loop
      vertex -54.6878 22.6524 -29.1911
      vertex -57.7401 23.9167 -21.215
      vertex -54.1243 31.2487 -21.215
    endloop
  endfacet
  facet normal -0.875127 0.297056 -0.381981
    outer loop
      vertex -54.6878 22.6524 -29.1911
      vertex -57.1766 15.3204 -29.1911
      vertex -57.7401 23.9167 -21.215
    endloop
  endfacet
  facet normal -0.875127 0.297056 -0.381981
    outer loop
      vertex -57.1766 15.3204 -29.1911
      vertex -60.3678 16.1755 -21.215
      vertex -57.7401 23.9167 -21.215
    endloop
  endfacet
  facet normal -0.906412 0.180302 -0.381981
    outer loop
      vertex -57.1766 15.3204 -29.1911
      vertex -58.6872 7.72632 -29.1911
      vertex -60.3678 16.1755 -21.215
    endloop
  endfacet
  facet normal -0.906413 0.1803 -0.381979
    outer loop
      vertex -58.6872 7.72632 -29.1911
      vertex -61.9627 8.15755 -21.215
      vertex -60.3678 16.1755 -21.215
    endloop
  endfacet
  facet normal -0.922192 0.0604425 -0.381979
    outer loop
      vertex -58.6872 7.72632 -29.1911
      vertex -59.1936 -0 -29.1911
      vertex -61.9627 8.15755 -21.215
    endloop
  endfacet
  facet normal -0.922191 0.0604465 -0.381983
    outer loop
      vertex -59.1936 -0 -29.1911
      vertex -62.4974 -0 -21.215
      vertex -61.9627 8.15755 -21.215
    endloop
  endfacet
  facet normal -0.922191 -0.0604424 -0.381983
    outer loop
      vertex -59.1936 -0 -29.1911
      vertex -58.6872 -7.72632 -29.1911
      vertex -62.4974 -0 -21.215
    endloop
  endfacet
  facet normal -0.922192 -0.0604466 -0.381979
    outer loop
      vertex -58.6872 -7.72632 -29.1911
      vertex -61.9627 -8.15755 -21.215
      vertex -62.4974 -0 -21.215
    endloop
  endfacet
  facet normal -0.906412 -0.180302 -0.381979
    outer loop
      vertex -58.6872 -7.72632 -29.1911
      vertex -57.1766 -15.3204 -29.1911
      vertex -61.9627 -8.15755 -21.215
    endloop
  endfacet
  facet normal -0.906412 -0.1803 -0.381981
    outer loop
      vertex -57.1766 -15.3204 -29.1911
      vertex -60.3678 -16.1755 -21.215
      vertex -61.9627 -8.15755 -21.215
    endloop
  endfacet
  facet normal -0.875127 -0.297056 -0.381981
    outer loop
      vertex -57.1766 -15.3204 -29.1911
      vertex -54.6878 -22.6524 -29.1911
      vertex -60.3678 -16.1755 -21.215
    endloop
  endfacet
  facet normal -0.875127 -0.297056 -0.381981
    outer loop
      vertex -54.6878 -22.6524 -29.1911
      vertex -57.7401 -23.9167 -21.215
      vertex -60.3678 -16.1755 -21.215
    endloop
  endfacet
  facet normal -0.828863 -0.40875 -0.381981
    outer loop
      vertex -54.6878 -22.6524 -29.1911
      vertex -51.2632 -29.5968 -29.1911
      vertex -57.7401 -23.9167 -21.215
    endloop
  endfacet
  facet normal -0.828862 -0.408756 -0.381976
    outer loop
      vertex -51.2632 -29.5968 -29.1911
      vertex -54.1243 -31.2487 -21.215
      vertex -57.7401 -23.9167 -21.215
    endloop
  endfacet
  facet normal -0.768417 -0.513448 -0.381977
    outer loop
      vertex -51.2632 -29.5968 -29.1911
      vertex -46.9614 -36.0348 -29.1911
      vertex -54.1243 -31.2487 -21.215
    endloop
  endfacet
  facet normal -0.768419 -0.51344 -0.381983
    outer loop
      vertex -46.9614 -36.0348 -29.1911
      vertex -49.5825 -38.046 -21.215
      vertex -54.1243 -31.2487 -21.215
    endloop
  endfacet
  facet normal -0.694829 -0.609345 -0.381983
    outer loop
      vertex -46.9614 -36.0348 -29.1911
      vertex -41.8562 -41.8562 -29.1911
      vertex -49.5825 -38.046 -21.215
    endloop
  endfacet
  facet normal -0.694827 -0.609351 -0.381977
    outer loop
      vertex -41.8562 -41.8562 -29.1911
      vertex -44.1923 -44.1923 -21.215
      vertex -49.5825 -38.046 -21.215
    endloop
  endfacet
  facet normal -0.609347 -0.694831 -0.381977
    outer loop
      vertex -41.8562 -41.8562 -29.1911
      vertex -36.0348 -46.9614 -29.1911
      vertex -44.1923 -44.1923 -21.215
    endloop
  endfacet
  facet normal -0.60935 -0.694825 -0.381983
    outer loop
      vertex -36.0348 -46.9614 -29.1911
      vertex -38.046 -49.5825 -21.215
      vertex -44.1923 -44.1923 -21.215
    endloop
  endfacet
  facet normal -0.513446 -0.768415 -0.381983
    outer loop
      vertex -36.0348 -46.9614 -29.1911
      vertex -29.5968 -51.2632 -29.1911
      vertex -38.046 -49.5825 -21.215
    endloop
  endfacet
  facet normal -0.513442 -0.768421 -0.381977
    outer loop
      vertex -29.5968 -51.2632 -29.1911
      vertex -31.2487 -54.1243 -21.215
      vertex -38.046 -49.5825 -21.215
    endloop
  endfacet
  facet normal -0.408751 -0.828865 -0.381976
    outer loop
      vertex -29.5968 -51.2632 -29.1911
      vertex -22.6524 -54.6878 -29.1911
      vertex -31.2487 -54.1243 -21.215
    endloop
  endfacet
  facet normal -0.408755 -0.82886 -0.381981
    outer loop
      vertex -22.6524 -54.6878 -29.1911
      vertex -23.9167 -57.7401 -21.215
      vertex -31.2487 -54.1243 -21.215
    endloop
  endfacet
  facet normal -0.297056 -0.875127 -0.381981
    outer loop
      vertex -22.6524 -54.6878 -29.1911
      vertex -15.3204 -57.1766 -29.1911
      vertex -23.9167 -57.7401 -21.215
    endloop
  endfacet
  facet normal -0.297056 -0.875127 -0.381981
    outer loop
      vertex -15.3204 -57.1766 -29.1911
      vertex -16.1755 -60.3678 -21.215
      vertex -23.9167 -57.7401 -21.215
    endloop
  endfacet
  facet normal -0.180302 -0.906412 -0.381981
    outer loop
      vertex -15.3204 -57.1766 -29.1911
      vertex -7.72632 -58.6872 -29.1911
      vertex -16.1755 -60.3678 -21.215
    endloop
  endfacet
  facet normal -0.1803 -0.906413 -0.381979
    outer loop
      vertex -7.72632 -58.6872 -29.1911
      vertex -8.15755 -61.9627 -21.215
      vertex -16.1755 -60.3678 -21.215
    endloop
  endfacet
  facet normal -0.0604425 -0.922192 -0.381979
    outer loop
      vertex -7.72632 -58.6872 -29.1911
      vertex -0 -59.1936 -29.1911
      vertex -8.15755 -61.9627 -21.215
    endloop
  endfacet
  facet normal -0.0604465 -0.922191 -0.381983
    outer loop
      vertex -0 -59.1936 -29.1911
      vertex -0 -62.4974 -21.215
      vertex -8.15755 -61.9627 -21.215
    endloop
  endfacet
  facet normal 0.0604424 -0.922191 -0.381983
    outer loop
      vertex -0 -59.1936 -29.1911
      vertex 7.72632 -58.6872 -29.1911
      vertex -0 -62.4974 -21.215
    endloop
  endfacet
  facet normal 0.0604466 -0.922192 -0.381979
    outer loop
      vertex 7.72632 -58.6872 -29.1911
      vertex 8.15755 -61.9627 -21.215
      vertex -0 -62.4974 -21.215
    endloop
  endfacet
  facet normal 0.180302 -0.906412 -0.381979
    outer loop
      vertex 7.72632 -58.6872 -29.1911
      vertex 15.3204 -57.1766 -29.1911
      vertex 8.15755 -61.9627 -21.215
    endloop
  endfacet
  facet normal 0.1803 -0.906412 -0.381981
    outer loop
      vertex 15.3204 -57.1766 -29.1911
      vertex 16.1755 -60.3678 -21.215
      vertex 8.15755 -61.9627 -21.215
    endloop
  endfacet
  facet normal 0.297056 -0.875127 -0.381981
    outer loop
      vertex 15.3204 -57.1766 -29.1911
      vertex 22.6524 -54.6878 -29.1911
      vertex 16.1755 -60.3678 -21.215
    endloop
  endfacet
  facet normal 0.297056 -0.875127 -0.381981
    outer loop
      vertex 22.6524 -54.6878 -29.1911
      vertex 23.9167 -57.7401 -21.215
      vertex 16.1755 -60.3678 -21.215
    endloop
  endfacet
  facet normal 0.40875 -0.828863 -0.381981
    outer loop
      vertex 22.6524 -54.6878 -29.1911
      vertex 29.5968 -51.2632 -29.1911
      vertex 23.9167 -57.7401 -21.215
    endloop
  endfacet
  facet normal 0.408756 -0.828862 -0.381976
    outer loop
      vertex 29.5968 -51.2632 -29.1911
      vertex 31.2487 -54.1243 -21.215
      vertex 23.9167 -57.7401 -21.215
    endloop
  endfacet
  facet normal 0.513448 -0.768417 -0.381977
    outer loop
      vertex 29.5968 -51.2632 -29.1911
      vertex 36.0348 -46.9614 -29.1911
      vertex 31.2487 -54.1243 -21.215
    endloop
  endfacet
  facet normal 0.51344 -0.768419 -0.381983
    outer loop
      vertex 36.0348 -46.9614 -29.1911
      vertex 38.046 -49.5825 -21.215
      vertex 31.2487 -54.1243 -21.215
    endloop
  endfacet
  facet normal 0.609345 -0.694829 -0.381983
    outer loop
      vertex 36.0348 -46.9614 -29.1911
      vertex 41.8562 -41.8562 -29.1911
      vertex 38.046 -49.5825 -21.215
    endloop
  endfacet
  facet normal 0.609351 -0.694827 -0.381977
    outer loop
      vertex 41.8562 -41.8562 -29.1911
      vertex 44.1923 -44.1923 -21.215
      vertex 38.046 -49.5825 -21.215
    endloop
  endfacet
  facet normal 0.694831 -0.609347 -0.381977
    outer loop
      vertex 41.8562 -41.8562 -29.1911
      vertex 46.9614 -36.0348 -29.1911
      vertex 44.1923 -44.1923 -21.215
    endloop
  endfacet
  facet normal 0.694825 -0.60935 -0.381983
    outer loop
      vertex 46.9614 -36.0348 -29.1911
      vertex 49.5825 -38.046 -21.215
      vertex 44.1923 -44.1923 -21.215
    endloop
  endfacet
  facet normal 0.768415 -0.513446 -0.381983
    outer loop
      vertex 46.9614 -36.0348 -29.1911
      vertex 51.2632 -29.5968 -29.1911
      vertex 49.5825 -38.046 -21.215
    endloop
  endfacet
  facet normal 0.768421 -0.513442 -0.381977
    outer loop
      vertex 51.2632 -29.5968 -29.1911
      vertex 54.1243 -31.2487 -21.215
      vertex 49.5825 -38.046 -21.215
    endloop
  endfacet
  facet normal 0.828865 -0.408751 -0.381976
    outer loop
      vertex 51.2632 -29.5968 -29.1911
      vertex 54.6878 -22.6524 -29.1911
      vertex 54.1243 -31.2487 -21.215
    endloop
  endfacet
  facet normal 0.82886 -0.408755 -0.381981
    outer loop
      vertex 54.6878 -22.6524 -29.1911
      vertex 57.7401 -23.9167 -21.215
      vertex 54.1243 -31.2487 -21.215
    endloop
  endfacet
  facet normal 0.875127 -0.297056 -0.381981
    outer loop
      vertex 54.6878 -22.6524 -29.1911
      vertex 57.1766 -15.3204 -29.1911
      vertex 57.7401 -23.9167 -21.215
    endloop
  endfacet
  facet normal 0.875127 -0.297056 -0.381981
    outer loop
      vertex 57.1766 -15.3204 -29.1911
      vertex 60.3678 -16.1755 -21.215
      vertex 57.7401 -23.9167 -21.215
    endloop
  endfacet
  facet normal 0.906412 -0.180302 -0.381981
    outer loop
      vertex 57.1766 -15.3204 -29.1911
      vertex 58.6872 -7.72632 -29.1911
      vertex 60.3678 -16.1755 -21.215
    endloop
  endfacet
  facet normal 0.906413 -0.1803 -0.381979
    outer loop
      vertex 58.6872 -7.72632 -29.1911
      vertex 61.9627 -8.15755 -21.215
      vertex 60.3678 -16.1755 -21.215
    endloop
  endfacet
  facet normal 0.922192 -0.0604425 -0.381979
    outer loop
      vertex 58.6872 -7.72632 -29.1911
      vertex 59.1936 0 -29.1911
      vertex 61.9627 -8.15755 -21.215
    endloop
  endfacet
  facet normal 0.922191 -0.0604465 -0.381983
    outer loop
      vertex 59.1936 0 -29.1911
      vertex 62.4974 0 -21.215
      vertex 61.9627 -8.15755 -21.215
    endloop
  endfacet
  facet normal 0.864631 0.0566733 -0.4992
    outer loop
      vertex 54.877 0 -36.6676
      vertex 54.4075 7.16289 -36.6676
      vertex 59.1936 0 -29.1911
    endloop
  endfacet
  facet normal 0.86463 0.0566698 -0.499202
    outer loop
      vertex 54.4075 7.16289 -36.6676
      vertex 58.6872 7.72632 -29.1911
      vertex 59.1936 0 -29.1911
    endloop
  endfacet
  facet normal 0.849836 0.169042 -0.499202
    outer loop
      vertex 54.4075 7.16289 -36.6676
      vertex 53.0071 14.2032 -36.6676
      vertex 58.6872 7.72632 -29.1911
    endloop
  endfacet
  facet normal 0.849837 0.169048 -0.499198
    outer loop
      vertex 53.0071 14.2032 -36.6676
      vertex 57.1766 15.3204 -29.1911
      vertex 58.6872 7.72632 -29.1911
    endloop
  endfacet
  facet normal 0.820502 0.278526 -0.499198
    outer loop
      vertex 53.0071 14.2032 -36.6676
      vertex 50.6997 21.0005 -36.6676
      vertex 57.1766 15.3204 -29.1911
    endloop
  endfacet
  facet normal 0.820501 0.278514 -0.499207
    outer loop
      vertex 50.6997 21.0005 -36.6676
      vertex 54.6878 22.6524 -29.1911
      vertex 57.1766 15.3204 -29.1911
    endloop
  endfacet
  facet normal 0.777128 0.383229 -0.499207
    outer loop
      vertex 50.6997 21.0005 -36.6676
      vertex 47.5249 27.4385 -36.6676
      vertex 54.6878 22.6524 -29.1911
    endloop
  endfacet
  facet normal 0.777128 0.383237 -0.499201
    outer loop
      vertex 47.5249 27.4385 -36.6676
      vertex 51.2632 29.5968 -29.1911
      vertex 54.6878 22.6524 -29.1911
    endloop
  endfacet
  facet normal 0.720453 0.4814 -0.499201
    outer loop
      vertex 47.5249 27.4385 -36.6676
      vertex 43.5368 33.407 -36.6676
      vertex 51.2632 29.5968 -29.1911
    endloop
  endfacet
  facet normal 0.720453 0.481399 -0.499202
    outer loop
      vertex 43.5368 33.407 -36.6676
      vertex 46.9614 36.0348 -29.1911
      vertex 51.2632 29.5968 -29.1911
    endloop
  endfacet
  facet normal 0.651462 0.57131 -0.499202
    outer loop
      vertex 43.5368 33.407 -36.6676
      vertex 38.8039 38.8039 -36.6676
      vertex 46.9614 36.0348 -29.1911
    endloop
  endfacet
  facet normal 0.651461 0.571312 -0.4992
    outer loop
      vertex 38.8039 38.8039 -36.6676
      vertex 41.8562 41.8562 -29.1911
      vertex 46.9614 36.0348 -29.1911
    endloop
  endfacet
  facet normal 0.571311 0.651462 -0.4992
    outer loop
      vertex 38.8039 38.8039 -36.6676
      vertex 33.407 43.5368 -36.6676
      vertex 41.8562 41.8562 -29.1911
    endloop
  endfacet
  facet normal 0.571312 0.65146 -0.499202
    outer loop
      vertex 33.407 43.5368 -36.6676
      vertex 36.0348 46.9614 -29.1911
      vertex 41.8562 41.8562 -29.1911
    endloop
  endfacet
  facet normal 0.4814 0.720452 -0.499202
    outer loop
      vertex 33.407 43.5368 -36.6676
      vertex 27.4385 47.5249 -36.6676
      vertex 36.0348 46.9614 -29.1911
    endloop
  endfacet
  facet normal 0.481399 0.720454 -0.499201
    outer loop
      vertex 27.4385 47.5249 -36.6676
      vertex 29.5968 51.2632 -29.1911
      vertex 36.0348 46.9614 -29.1911
    endloop
  endfacet
  facet normal 0.38323 0.777131 -0.499201
    outer loop
      vertex 27.4385 47.5249 -36.6676
      vertex 21.0005 50.6997 -36.6676
      vertex 29.5968 51.2632 -29.1911
    endloop
  endfacet
  facet normal 0.383236 0.777125 -0.499207
    outer loop
      vertex 21.0005 50.6997 -36.6676
      vertex 22.6524 54.6878 -29.1911
      vertex 29.5968 51.2632 -29.1911
    endloop
  endfacet
  facet normal 0.278525 0.820498 -0.499207
    outer loop
      vertex 21.0005 50.6997 -36.6676
      vertex 14.2032 53.0071 -36.6676
      vertex 22.6524 54.6878 -29.1911
    endloop
  endfacet
  facet normal 0.278515 0.820506 -0.499198
    outer loop
      vertex 14.2032 53.0071 -36.6676
      vertex 15.3204 57.1766 -29.1911
      vertex 22.6524 54.6878 -29.1911
    endloop
  endfacet
  facet normal 0.169043 0.849839 -0.499198
    outer loop
      vertex 14.2032 53.0071 -36.6676
      vertex 7.16289 54.4075 -36.6676
      vertex 15.3204 57.1766 -29.1911
    endloop
  endfacet
  facet normal 0.169048 0.849835 -0.499202
    outer loop
      vertex 7.16289 54.4075 -36.6676
      vertex 7.72632 58.6872 -29.1911
      vertex 15.3204 57.1766 -29.1911
    endloop
  endfacet
  facet normal 0.0566732 0.86463 -0.499203
    outer loop
      vertex 7.16289 54.4075 -36.6676
      vertex 0 54.877 -36.6676
      vertex 7.72632 58.6872 -29.1911
    endloop
  endfacet
  facet normal 0.0566699 0.864632 -0.4992
    outer loop
      vertex 0 54.877 -36.6676
      vertex 0 59.1936 -29.1911
      vertex 7.72632 58.6872 -29.1911
    endloop
  endfacet
  facet normal -0.0566733 0.864631 -0.4992
    outer loop
      vertex 0 54.877 -36.6676
      vertex -7.16289 54.4075 -36.6676
      vertex 0 59.1936 -29.1911
    endloop
  endfacet
  facet normal -0.0566698 0.86463 -0.499202
    outer loop
      vertex -7.16289 54.4075 -36.6676
      vertex -7.72632 58.6872 -29.1911
      vertex 0 59.1936 -29.1911
    endloop
  endfacet
  facet normal -0.169042 0.849836 -0.499202
    outer loop
      vertex -7.16289 54.4075 -36.6676
      vertex -14.2032 53.0071 -36.6676
      vertex -7.72632 58.6872 -29.1911
    endloop
  endfacet
  facet normal -0.169048 0.849837 -0.499198
    outer loop
      vertex -14.2032 53.0071 -36.6676
      vertex -15.3204 57.1766 -29.1911
      vertex -7.72632 58.6872 -29.1911
    endloop
  endfacet
  facet normal -0.278526 0.820502 -0.499198
    outer loop
      vertex -14.2032 53.0071 -36.6676
      vertex -21.0005 50.6997 -36.6676
      vertex -15.3204 57.1766 -29.1911
    endloop
  endfacet
  facet normal -0.278514 0.820501 -0.499207
    outer loop
      vertex -21.0005 50.6997 -36.6676
      vertex -22.6524 54.6878 -29.1911
      vertex -15.3204 57.1766 -29.1911
    endloop
  endfacet
  facet normal -0.383229 0.777128 -0.499207
    outer loop
      vertex -21.0005 50.6997 -36.6676
      vertex -27.4385 47.5249 -36.6676
      vertex -22.6524 54.6878 -29.1911
    endloop
  endfacet
  facet normal -0.383237 0.777128 -0.499201
    outer loop
      vertex -27.4385 47.5249 -36.6676
      vertex -29.5968 51.2632 -29.1911
      vertex -22.6524 54.6878 -29.1911
    endloop
  endfacet
  facet normal -0.4814 0.720453 -0.499201
    outer loop
      vertex -27.4385 47.5249 -36.6676
      vertex -33.407 43.5368 -36.6676
      vertex -29.5968 51.2632 -29.1911
    endloop
  endfacet
  facet normal -0.481399 0.720453 -0.499202
    outer loop
      vertex -33.407 43.5368 -36.6676
      vertex -36.0348 46.9614 -29.1911
      vertex -29.5968 51.2632 -29.1911
    endloop
  endfacet
  facet normal -0.57131 0.651462 -0.499202
    outer loop
      vertex -33.407 43.5368 -36.6676
      vertex -38.8039 38.8039 -36.6676
      vertex -36.0348 46.9614 -29.1911
    endloop
  endfacet
  facet normal -0.571312 0.651461 -0.4992
    outer loop
      vertex -38.8039 38.8039 -36.6676
      vertex -41.8562 41.8562 -29.1911
      vertex -36.0348 46.9614 -29.1911
    endloop
  endfacet
  facet normal -0.651462 0.571311 -0.4992
    outer loop
      vertex -38.8039 38.8039 -36.6676
      vertex -43.5368 33.407 -36.6676
      vertex -41.8562 41.8562 -29.1911
    endloop
  endfacet
  facet normal -0.65146 0.571312 -0.499202
    outer loop
      vertex -43.5368 33.407 -36.6676
      vertex -46.9614 36.0348 -29.1911
      vertex -41.8562 41.8562 -29.1911
    endloop
  endfacet
  facet normal -0.720452 0.4814 -0.499202
    outer loop
      vertex -43.5368 33.407 -36.6676
      vertex -47.5249 27.4385 -36.6676
      vertex -46.9614 36.0348 -29.1911
    endloop
  endfacet
  facet normal -0.720454 0.481399 -0.499201
    outer loop
      vertex -47.5249 27.4385 -36.6676
      vertex -51.2632 29.5968 -29.1911
      vertex -46.9614 36.0348 -29.1911
    endloop
  endfacet
  facet normal -0.777131 0.38323 -0.499201
    outer loop
      vertex -47.5249 27.4385 -36.6676
      vertex -50.6997 21.0005 -36.6676
      vertex -51.2632 29.5968 -29.1911
    endloop
  endfacet
  facet normal -0.777125 0.383236 -0.499207
    outer loop
      vertex -50.6997 21.0005 -36.6676
      vertex -54.6878 22.6524 -29.1911
      vertex -51.2632 29.5968 -29.1911
    endloop
  endfacet
  facet normal -0.820498 0.278525 -0.499207
    outer loop
      vertex -50.6997 21.0005 -36.6676
      vertex -53.0071 14.2032 -36.6676
      vertex -54.6878 22.6524 -29.1911
    endloop
  endfacet
  facet normal -0.820506 0.278515 -0.499198
    outer loop
      vertex -53.0071 14.2032 -36.6676
      vertex -57.1766 15.3204 -29.1911
      vertex -54.6878 22.6524 -29.1911
    endloop
  endfacet
  facet normal -0.849839 0.169043 -0.499198
    outer loop
      vertex -53.0071 14.2032 -36.6676
      vertex -54.4075 7.16289 -36.6676
      vertex -57.1766 15.3204 -29.1911
    endloop
  endfacet
  facet normal -0.849835 0.169048 -0.499202
    outer loop
      vertex -54.4075 7.16289 -36.6676
      vertex -58.6872 7.72632 -29.1911
      vertex -57.1766 15.3204 -29.1911
    endloop
  endfacet
  facet normal -0.86463 0.0566732 -0.499203
    outer loop
      vertex -54.4075 7.16289 -36.6676
      vertex -54.877 -0 -36.6676
      vertex -58.6872 7.72632 -29.1911
    endloop
  endfacet
  facet normal -0.864632 0.0566699 -0.4992
    outer loop
      vertex -54.877 -0 -36.6676
      vertex -59.1936 -0 -29.1911
      vertex -58.6872 7.72632 -29.1911
    endloop
  endfacet
  facet normal -0.864631 -0.0566733 -0.4992
    outer loop
      vertex -54.877 -0 -36.6676
      vertex -54.4075 -7.16289 -36.6676
      vertex -59.1936 -0 -29.1911
    endloop
  endfacet
  facet normal -0.86463 -0.0566698 -0.499202
    outer loop
      vertex -54.4075 -7.16289 -36.6676
      vertex -58.6872 -7.72632 -29.1911
      vertex -59.1936 -0 -29.1911
    endloop
  endfacet
  facet normal -0.849836 -0.169042 -0.499202
    outer loop
      vertex -54.4075 -7.16289 -36.6676
      vertex -53.0071 -14.2032 -36.6676
      vertex -58.6872 -7.72632 -29.1911
    endloop
  endfacet
  facet normal -0.849837 -0.169048 -0.499198
    outer loop
      vertex -53.0071 -14.2032 -36.6676
      vertex -57.1766 -15.3204 -29.1911
      vertex -58.6872 -7.72632 -29.1911
    endloop
  endfacet
  facet normal -0.820502 -0.278526 -0.499198
    outer loop
      vertex -53.0071 -14.2032 -36.6676
      vertex -50.6997 -21.0005 -36.6676
      vertex -57.1766 -15.3204 -29.1911
    endloop
  endfacet
  facet normal -0.820501 -0.278514 -0.499207
    outer loop
      vertex -50.6997 -21.0005 -36.6676
      vertex -54.6878 -22.6524 -29.1911
      vertex -57.1766 -15.3204 -29.1911
    endloop
  endfacet
  facet normal -0.777128 -0.383229 -0.499207
    outer loop
      vertex -50.6997 -21.0005 -36.6676
      vertex -47.5249 -27.4385 -36.6676
      vertex -54.6878 -22.6524 -29.1911
    endloop
  endfacet
  facet normal -0.777128 -0.383237 -0.499201
    outer loop
      vertex -47.5249 -27.4385 -36.6676
      vertex -51.2632 -29.5968 -29.1911
      vertex -54.6878 -22.6524 -29.1911
    endloop
  endfacet
  facet normal -0.720453 -0.4814 -0.499201
    outer loop
      vertex -47.5249 -27.4385 -36.6676
      vertex -43.5368 -33.407 -36.6676
      vertex -51.2632 -29.5968 -29.1911
    endloop
  endfacet
  facet normal -0.720453 -0.481399 -0.499202
    outer loop
      vertex -43.5368 -33.407 -36.6676
      vertex -46.9614 -36.0348 -29.1911
      vertex -51.2632 -29.5968 -29.1911
    endloop
  endfacet
  facet normal -0.651462 -0.57131 -0.499202
    outer loop
      vertex -43.5368 -33.407 -36.6676
      vertex -38.8039 -38.8039 -36.6676
      vertex -46.9614 -36.0348 -29.1911
    endloop
  endfacet
  facet normal -0.651461 -0.571312 -0.4992
    outer loop
      vertex -38.8039 -38.8039 -36.6676
      vertex -41.8562 -41.8562 -29.1911
      vertex -46.9614 -36.0348 -29.1911
    endloop
  endfacet
  facet normal -0.571311 -0.651462 -0.4992
    outer loop
      vertex -38.8039 -38.8039 -36.6676
      vertex -33.407 -43.5368 -36.6676
      vertex -41.8562 -41.8562 -29.1911
    endloop
  endfacet
  facet normal -0.571312 -0.65146 -0.499202
    outer loop
      vertex -33.407 -43.5368 -36.6676
      vertex -36.0348 -46.9614 -29.1911
      vertex -41.8562 -41.8562 -29.1911
    endloop
  endfacet
  facet normal -0.4814 -0.720452 -0.499202
    outer loop
      vertex -33.407 -43.5368 -36.6676
      vertex -27.4385 -47.5249 -36.6676
      vertex -36.0348 -46.9614 -29.1911
    endloop
  endfacet
  facet normal -0.481399 -0.720454 -0.499201
    outer loop
      vertex -27.4385 -47.5249 -36.6676
      vertex -29.5968 -51.2632 -29.1911
      vertex -36.0348 -46.9614 -29.1911
    endloop
  endfacet
  facet normal -0.38323 -0.777131 -0.499201
    outer loop
      vertex -27.4385 -47.5249 -36.6676
      vertex -21.0005 -50.6997 -36.6676
      vertex -29.5968 -51.2632 -29.1911
    endloop
  endfacet
  facet normal -0.383236 -0.777125 -0.499207
    outer loop
      vertex -21.0005 -50.6997 -36.6676
      vertex -22.6524 -54.6878 -29.1911
      vertex -29.5968 -51.2632 -29.1911
    endloop
  endfacet
  facet normal -0.278525 -0.820498 -0.499207
    outer loop
      vertex -21.0005 -50.6997 -36.6676
      vertex -14.2032 -53.0071 -36.6676
      vertex -22.6524 -54.6878 -29.1911
    endloop
  endfacet
  facet normal -0.278515 -0.820506 -0.499198
    outer loop
      vertex -14.2032 -53.0071 -36.6676
      vertex -15.3204 -57.1766 -29.1911
      vertex -22.6524 -54.6878 -29.1911
    endloop
  endfacet
  facet normal -0.169043 -0.849839 -0.499198
    outer loop
      vertex -14.2032 -53.0071 -36.6676
      vertex -7.16289 -54.4075 -36.6676
      vertex -15.3204 -57.1766 -29.1911
    endloop
  endfacet
  facet normal -0.169048 -0.849835 -0.499202
    outer loop
      vertex -7.16289 -54.4075 -36.6676
      vertex -7.72632 -58.6872 -29.1911
      vertex -15.3204 -57.1766 -29.1911
    endloop
  endfacet
  facet normal -0.0566732 -0.86463 -0.499203
    outer loop
      vertex -7.16289 -54.4075 -36.6676
      vertex -0 -54.877 -36.6676
      vertex -7.72632 -58.6872 -29.1911
    endloop
  endfacet
  facet normal -0.0566699 -0.864632 -0.4992
    outer loop
      vertex -0 -54.877 -36.6676
      vertex -0 -59.1936 -29.1911
      vertex -7.72632 -58.6872 -29.1911
    endloop
  endfacet
  facet normal 0.0566733 -0.864631 -0.4992
    outer loop
      vertex -0 -54.877 -36.6676
      vertex 7.16289 -54.4075 -36.6676
      vertex -0 -59.1936 -29.1911
    endloop
  endfacet
  facet normal 0.0566698 -0.86463 -0.499202
    outer loop
      vertex 7.16289 -54.4075 -36.6676
      vertex 7.72632 -58.6872 -29.1911
      vertex -0 -59.1936 -29.1911
    endloop
  endfacet
  facet normal 0.169042 -0.849836 -0.499202
    outer loop
      vertex 7.16289 -54.4075 -36.6676
      vertex 14.2032 -53.0071 -36.6676
      vertex 7.72632 -58.6872 -29.1911
    endloop
  endfacet
  facet normal 0.169048 -0.849837 -0.499198
    outer loop
      vertex 14.2032 -53.0071 -36.6676
      vertex 15.3204 -57.1766 -29.1911
      vertex 7.72632 -58.6872 -29.1911
    endloop
  endfacet
  facet normal 0.278526 -0.820502 -0.499198
    outer loop
      vertex 14.2032 -53.0071 -36.6676
      vertex 21.0005 -50.6997 -36.6676
      vertex 15.3204 -57.1766 -29.1911
    endloop
  endfacet
  facet normal 0.278514 -0.820501 -0.499207
    outer loop
      vertex 21.0005 -50.6997 -36.6676
      vertex 22.6524 -54.6878 -29.1911
      vertex 15.3204 -57.1766 -29.1911
    endloop
  endfacet
  facet normal 0.383229 -0.777128 -0.499207
    outer loop
      vertex 21.0005 -50.6997 -36.6676
      vertex 27.4385 -47.5249 -36.6676
      vertex 22.6524 -54.6878 -29.1911
    endloop
  endfacet
  facet normal 0.383237 -0.777128 -0.499201
    outer loop
      vertex 27.4385 -47.5249 -36.6676
      vertex 29.5968 -51.2632 -29.1911
      vertex 22.6524 -54.6878 -29.1911
    endloop
  endfacet
  facet normal 0.4814 -0.720453 -0.499201
    outer loop
      vertex 27.4385 -47.5249 -36.6676
      vertex 33.407 -43.5368 -36.6676
      vertex 29.5968 -51.2632 -29.1911
    endloop
  endfacet
  facet normal 0.481399 -0.720453 -0.499202
    outer loop
      vertex 33.407 -43.5368 -36.6676
      vertex 36.0348 -46.9614 -29.1911
      vertex 29.5968 -51.2632 -29.1911
    endloop
  endfacet
  facet normal 0.57131 -0.651462 -0.499202
    outer loop
      vertex 33.407 -43.5368 -36.6676
      vertex 38.8039 -38.8039 -36.6676
      vertex 36.0348 -46.9614 -29.1911
    endloop
  endfacet
  facet normal 0.571312 -0.651461 -0.4992
    outer loop
      vertex 38.8039 -38.8039 -36.6676
      vertex 41.8562 -41.8562 -29.1911
      vertex 36.0348 -46.9614 -29.1911
    endloop
  endfacet
  facet normal 0.651462 -0.571311 -0.4992
    outer loop
      vertex 38.8039 -38.8039 -36.6676
      vertex 43.5368 -33.407 -36.6676
      vertex 41.8562 -41.8562 -29.1911
    endloop
  endfacet
  facet normal 0.65146 -0.571312 -0.499202
    outer loop
      vertex 43.5368 -33.407 -36.6676
      vertex 46.9614 -36.0348 -29.1911
      vertex 41.8562 -41.8562 -29.1911
    endloop
  endfacet
  facet normal 0.720452 -0.4814 -0.499202
    outer loop
      vertex 43.5368 -33.407 -36.6676
      vertex 47.5249 -27.4385 -36.6676
      vertex 46.9614 -36.0348 -29.1911
    endloop
  endfacet
  facet normal 0.720454 -0.481399 -0.499201
    outer loop
      vertex 47.5249 -27.4385 -36.6676
      vertex 51.2632 -29.5968 -29.1911
      vertex 46.9614 -36.0348 -29.1911
    endloop
  endfacet
  facet normal 0.777131 -0.38323 -0.499201
    outer loop
      vertex 47.5249 -27.4385 -36.6676
      vertex 50.6997 -21.0005 -36.6676
      vertex 51.2632 -29.5968 -29.1911
    endloop
  endfacet
  facet normal 0.777125 -0.383236 -0.499207
    outer loop
      vertex 50.6997 -21.0005 -36.6676
      vertex 54.6878 -22.6524 -29.1911
      vertex 51.2632 -29.5968 -29.1911
    endloop
  endfacet
  facet normal 0.820498 -0.278525 -0.499207
    outer loop
      vertex 50.6997 -21.0005 -36.6676
      vertex 53.0071 -14.2032 -36.6676
      vertex 54.6878 -22.6524 -29.1911
    endloop
  endfacet
  facet normal 0.820506 -0.278515 -0.499198
    outer loop
      vertex 53.0071 -14.2032 -36.6676
      vertex 57.1766 -15.3204 -29.1911
      vertex 54.6878 -22.6524 -29.1911
    endloop
  endfacet
  facet normal 0.849839 -0.169043 -0.499198
    outer loop
      vertex 53.0071 -14.2032 -36.6676
      vertex 54.4075 -7.16289 -36.6676
      vertex 57.1766 -15.3204 -29.1911
    endloop
  endfacet
  facet normal 0.849835 -0.169048 -0.499202
    outer loop
      vertex 54.4075 -7.16289 -36.6676
      vertex 58.6872 -7.72632 -29.1911
      vertex 57.1766 -15.3204 -29.1911
    endloop
  endfacet
  facet normal 0.86463 -0.0566732 -0.499203
    outer loop
      vertex 54.4075 -7.16289 -36.6676
      vertex 54.877 0 -36.6676
      vertex 58.6872 -7.72632 -29.1911
    endloop
  endfacet
  facet normal 0.864632 -0.0566699 -0.4992
    outer loop
      vertex 54.877 0 -36.6676
      vertex 59.1936 0 -29.1911
      vertex 58.6872 -7.72632 -29.1911
    endloop
  endfacet
  facet normal 0.792282 0.0519266 -0.607942
    outer loop
      vertex 49.6214 0 -43.5168
      vertex 49.1969 6.4769 -43.5168
      vertex 54.877 0 -36.6676
    endloop
  endfacet
  facet normal 0.792284 0.0519311 -0.607939
    outer loop
      vertex 49.1969 6.4769 -43.5168
      vertex 54.4075 7.16289 -36.6676
      vertex 54.877 0 -36.6676
    endloop
  endfacet
  facet normal 0.778727 0.154899 -0.607939
    outer loop
      vertex 49.1969 6.4769 -43.5168
      vertex 47.9306 12.843 -43.5168
      vertex 54.4075 7.16289 -36.6676
    endloop
  endfacet
  facet normal 0.778727 0.154898 -0.60794
    outer loop
      vertex 47.9306 12.843 -43.5168
      vertex 53.0071 14.2032 -36.6676
      vertex 54.4075 7.16289 -36.6676
    endloop
  endfacet
  facet normal 0.751846 0.255219 -0.607939
    outer loop
      vertex 47.9306 12.843 -43.5168
      vertex 45.8442 18.9893 -43.5168
      vertex 53.0071 14.2032 -36.6676
    endloop
  endfacet
  facet normal 0.751847 0.255221 -0.607938
    outer loop
      vertex 45.8442 18.9893 -43.5168
      vertex 50.6997 21.0005 -36.6676
      vertex 53.0071 14.2032 -36.6676
    endloop
  endfacet
  facet normal 0.712103 0.351171 -0.607938
    outer loop
      vertex 45.8442 18.9893 -43.5168
      vertex 42.9734 24.8107 -43.5168
      vertex 50.6997 21.0005 -36.6676
    endloop
  endfacet
  facet normal 0.712103 0.351163 -0.607943
    outer loop
      vertex 42.9734 24.8107 -43.5168
      vertex 47.5249 27.4385 -36.6676
      vertex 50.6997 21.0005 -36.6676
    endloop
  endfacet
  facet normal 0.660171 0.441113 -0.607943
    outer loop
      vertex 42.9734 24.8107 -43.5168
      vertex 39.3673 30.2076 -43.5168
      vertex 47.5249 27.4385 -36.6676
    endloop
  endfacet
  facet normal 0.66017 0.44112 -0.607939
    outer loop
      vertex 39.3673 30.2076 -43.5168
      vertex 43.5368 33.407 -36.6676
      vertex 47.5249 27.4385 -36.6676
    endloop
  endfacet
  facet normal 0.596945 0.523514 -0.607939
    outer loop
      vertex 39.3673 30.2076 -43.5168
      vertex 35.0876 35.0876 -43.5168
      vertex 43.5368 33.407 -36.6676
    endloop
  endfacet
  facet normal 0.596948 0.523504 -0.607945
    outer loop
      vertex 35.0876 35.0876 -43.5168
      vertex 38.8039 38.8039 -36.6676
      vertex 43.5368 33.407 -36.6676
    endloop
  endfacet
  facet normal 0.523511 0.596942 -0.607945
    outer loop
      vertex 35.0876 35.0876 -43.5168
      vertex 30.2076 39.3673 -43.5168
      vertex 38.8039 38.8039 -36.6676
    endloop
  endfacet
  facet normal 0.523506 0.596952 -0.607939
    outer loop
      vertex 30.2076 39.3673 -43.5168
      vertex 33.407 43.5368 -36.6676
      vertex 38.8039 38.8039 -36.6676
    endloop
  endfacet
  facet normal 0.441114 0.660173 -0.607939
    outer loop
      vertex 30.2076 39.3673 -43.5168
      vertex 24.8107 42.9734 -43.5168
      vertex 33.407 43.5368 -36.6676
    endloop
  endfacet
  facet normal 0.441118 0.660167 -0.607943
    outer loop
      vertex 24.8107 42.9734 -43.5168
      vertex 27.4385 47.5249 -36.6676
      vertex 33.407 43.5368 -36.6676
    endloop
  endfacet
  facet normal 0.351169 0.7121 -0.607943
    outer loop
      vertex 24.8107 42.9734 -43.5168
      vertex 18.9893 45.8442 -43.5168
      vertex 27.4385 47.5249 -36.6676
    endloop
  endfacet
  facet normal 0.351164 0.712106 -0.607938
    outer loop
      vertex 18.9893 45.8442 -43.5168
      vertex 21.0005 50.6997 -36.6676
      vertex 27.4385 47.5249 -36.6676
    endloop
  endfacet
  facet normal 0.255219 0.751847 -0.607938
    outer loop
      vertex 18.9893 45.8442 -43.5168
      vertex 12.843 47.9306 -43.5168
      vertex 21.0005 50.6997 -36.6676
    endloop
  endfacet
  facet normal 0.25522 0.751846 -0.607939
    outer loop
      vertex 12.843 47.9306 -43.5168
      vertex 14.2032 53.0071 -36.6676
      vertex 21.0005 50.6997 -36.6676
    endloop
  endfacet
  facet normal 0.154899 0.778727 -0.60794
    outer loop
      vertex 12.843 47.9306 -43.5168
      vertex 6.4769 49.1969 -43.5168
      vertex 14.2032 53.0071 -36.6676
    endloop
  endfacet
  facet normal 0.154898 0.778728 -0.607939
    outer loop
      vertex 6.4769 49.1969 -43.5168
      vertex 7.16289 54.4075 -36.6676
      vertex 14.2032 53.0071 -36.6676
    endloop
  endfacet
  facet normal 0.0519268 0.792284 -0.607939
    outer loop
      vertex 6.4769 49.1969 -43.5168
      vertex 0 49.6214 -43.5168
      vertex 7.16289 54.4075 -36.6676
    endloop
  endfacet
  facet normal 0.051931 0.792282 -0.607942
    outer loop
      vertex 0 49.6214 -43.5168
      vertex 0 54.877 -36.6676
      vertex 7.16289 54.4075 -36.6676
    endloop
  endfacet
  facet normal -0.0519266 0.792282 -0.607942
    outer loop
      vertex 0 49.6214 -43.5168
      vertex -6.4769 49.1969 -43.5168
      vertex 0 54.877 -36.6676
    endloop
  endfacet
  facet normal -0.0519311 0.792284 -0.607939
    outer loop
      vertex -6.4769 49.1969 -43.5168
      vertex -7.16289 54.4075 -36.6676
      vertex 0 54.877 -36.6676
    endloop
  endfacet
  facet normal -0.154899 0.778727 -0.607939
    outer loop
      vertex -6.4769 49.1969 -43.5168
      vertex -12.843 47.9306 -43.5168
      vertex -7.16289 54.4075 -36.6676
    endloop
  endfacet
  facet normal -0.154898 0.778727 -0.60794
    outer loop
      vertex -12.843 47.9306 -43.5168
      vertex -14.2032 53.0071 -36.6676
      vertex -7.16289 54.4075 -36.6676
    endloop
  endfacet
  facet normal -0.255219 0.751846 -0.607939
    outer loop
      vertex -12.843 47.9306 -43.5168
      vertex -18.9893 45.8442 -43.5168
      vertex -14.2032 53.0071 -36.6676
    endloop
  endfacet
  facet normal -0.255221 0.751847 -0.607938
    outer loop
      vertex -18.9893 45.8442 -43.5168
      vertex -21.0005 50.6997 -36.6676
      vertex -14.2032 53.0071 -36.6676
    endloop
  endfacet
  facet normal -0.351171 0.712103 -0.607938
    outer loop
      vertex -18.9893 45.8442 -43.5168
      vertex -24.8107 42.9734 -43.5168
      vertex -21.0005 50.6997 -36.6676
    endloop
  endfacet
  facet normal -0.351163 0.712103 -0.607943
    outer loop
      vertex -24.8107 42.9734 -43.5168
      vertex -27.4385 47.5249 -36.6676
      vertex -21.0005 50.6997 -36.6676
    endloop
  endfacet
  facet normal -0.441113 0.660171 -0.607943
    outer loop
      vertex -24.8107 42.9734 -43.5168
      vertex -30.2076 39.3673 -43.5168
      vertex -27.4385 47.5249 -36.6676
    endloop
  endfacet
  facet normal -0.44112 0.66017 -0.607939
    outer loop
      vertex -30.2076 39.3673 -43.5168
      vertex -33.407 43.5368 -36.6676
      vertex -27.4385 47.5249 -36.6676
    endloop
  endfacet
  facet normal -0.523514 0.596945 -0.607939
    outer loop
      vertex -30.2076 39.3673 -43.5168
      vertex -35.0876 35.0876 -43.5168
      vertex -33.407 43.5368 -36.6676
    endloop
  endfacet
  facet normal -0.523504 0.596948 -0.607945
    outer loop
      vertex -35.0876 35.0876 -43.5168
      vertex -38.8039 38.8039 -36.6676
      vertex -33.407 43.5368 -36.6676
    endloop
  endfacet
  facet normal -0.596942 0.523511 -0.607945
    outer loop
      vertex -35.0876 35.0876 -43.5168
      vertex -39.3673 30.2076 -43.5168
      vertex -38.8039 38.8039 -36.6676
    endloop
  endfacet
  facet normal -0.596952 0.523506 -0.607939
    outer loop
      vertex -39.3673 30.2076 -43.5168
      vertex -43.5368 33.407 -36.6676
      vertex -38.8039 38.8039 -36.6676
    endloop
  endfacet
  facet normal -0.660173 0.441114 -0.607939
    outer loop
      vertex -39.3673 30.2076 -43.5168
      vertex -42.9734 24.8107 -43.5168
      vertex -43.5368 33.407 -36.6676
    endloop
  endfacet
  facet normal -0.660167 0.441118 -0.607943
    outer loop
      vertex -42.9734 24.8107 -43.5168
      vertex -47.5249 27.4385 -36.6676
      vertex -43.5368 33.407 -36.6676
    endloop
  endfacet
  facet normal -0.7121 0.351169 -0.607943
    outer loop
      vertex -42.9734 24.8107 -43.5168
      vertex -45.8442 18.9893 -43.5168
      vertex -47.5249 27.4385 -36.6676
    endloop
  endfacet
  facet normal -0.712106 0.351164 -0.607938
    outer loop
      vertex -45.8442 18.9893 -43.5168
      vertex -50.6997 21.0005 -36.6676
      vertex -47.5249 27.4385 -36.6676
    endloop
  endfacet
  facet normal -0.751847 0.255219 -0.607938
    outer loop
      vertex -45.8442 18.9893 -43.5168
      vertex -47.9306 12.843 -43.5168
      vertex -50.6997 21.0005 -36.6676
    endloop
  endfacet
  facet normal -0.751846 0.25522 -0.607939
    outer loop
      vertex -47.9306 12.843 -43.5168
      vertex -53.0071 14.2032 -36.6676
      vertex -50.6997 21.0005 -36.6676
    endloop
  endfacet
  facet normal -0.778727 0.154899 -0.60794
    outer loop
      vertex -47.9306 12.843 -43.5168
      vertex -49.1969 6.4769 -43.5168
      vertex -53.0071 14.2032 -36.6676
    endloop
  endfacet
  facet normal -0.778728 0.154898 -0.607939
    outer loop
      vertex -49.1969 6.4769 -43.5168
      vertex -54.4075 7.16289 -36.6676
      vertex -53.0071 14.2032 -36.6676
    endloop
  endfacet
  facet normal -0.792284 0.0519268 -0.607939
    outer loop
      vertex -49.1969 6.4769 -43.5168
      vertex -49.6214 -0 -43.5168
      vertex -54.4075 7.16289 -36.6676
    endloop
  endfacet
  facet normal -0.792282 0.051931 -0.607942
    outer loop
      vertex -49.6214 -0 -43.5168
      vertex -54.877 -0 -36.6676
      vertex -54.4075 7.16289 -36.6676
    endloop
  endfacet
  facet normal -0.792282 -0.0519266 -0.607942
    outer loop
      vertex -49.6214 -0 -43.5168
      vertex -49.1969 -6.4769 -43.5168
      vertex -54.877 -0 -36.6676
    endloop
  endfacet
  facet normal -0.792284 -0.0519311 -0.607939
    outer loop
      vertex -49.1969 -6.4769 -43.5168
      vertex -54.4075 -7.16289 -36.6676
      vertex -54.877 -0 -36.6676
    endloop
  endfacet
  facet normal -0.778727 -0.154899 -0.607939
    outer loop
      vertex -49.1969 -6.4769 -43.5168
      vertex -47.9306 -12.843 -43.5168
      vertex -54.4075 -7.16289 -36.6676
    endloop
  endfacet
  facet normal -0.778727 -0.154898 -0.60794
    outer loop
      vertex -47.9306 -12.843 -43.5168
      vertex -53.0071 -14.2032 -36.6676
      vertex -54.4075 -7.16289 -36.6676
    endloop
  endfacet
  facet normal -0.751846 -0.255219 -0.607939
    outer loop
      vertex -47.9306 -12.843 -43.5168
      vertex -45.8442 -18.9893 -43.5168
      vertex -53.0071 -14.2032 -36.6676
    endloop
  endfacet
  facet normal -0.751847 -0.255221 -0.607938
    outer loop
      vertex -45.8442 -18.9893 -43.5168
      vertex -50.6997 -21.0005 -36.6676
      vertex -53.0071 -14.2032 -36.6676
    endloop
  endfacet
  facet normal -0.712103 -0.351171 -0.607938
    outer loop
      vertex -45.8442 -18.9893 -43.5168
      vertex -42.9734 -24.8107 -43.5168
      vertex -50.6997 -21.0005 -36.6676
    endloop
  endfacet
  facet normal -0.712103 -0.351163 -0.607943
    outer loop
      vertex -42.9734 -24.8107 -43.5168
      vertex -47.5249 -27.4385 -36.6676
      vertex -50.6997 -21.0005 -36.6676
    endloop
  endfacet
  facet normal -0.660171 -0.441113 -0.607943
    outer loop
      vertex -42.9734 -24.8107 -43.5168
      vertex -39.3673 -30.2076 -43.5168
      vertex -47.5249 -27.4385 -36.6676
    endloop
  endfacet
  facet normal -0.66017 -0.44112 -0.607939
    outer loop
      vertex -39.3673 -30.2076 -43.5168
      vertex -43.5368 -33.407 -36.6676
      vertex -47.5249 -27.4385 -36.6676
    endloop
  endfacet
  facet normal -0.596945 -0.523514 -0.607939
    outer loop
      vertex -39.3673 -30.2076 -43.5168
      vertex -35.0876 -35.0876 -43.5168
      vertex -43.5368 -33.407 -36.6676
    endloop
  endfacet
  facet normal -0.596948 -0.523504 -0.607945
    outer loop
      vertex -35.0876 -35.0876 -43.5168
      vertex -38.8039 -38.8039 -36.6676
      vertex -43.5368 -33.407 -36.6676
    endloop
  endfacet
  facet normal -0.523511 -0.596942 -0.607945
    outer loop
      vertex -35.0876 -35.0876 -43.5168
      vertex -30.2076 -39.3673 -43.5168
      vertex -38.8039 -38.8039 -36.6676
    endloop
  endfacet
  facet normal -0.523506 -0.596952 -0.607939
    outer loop
      vertex -30.2076 -39.3673 -43.5168
      vertex -33.407 -43.5368 -36.6676
      vertex -38.8039 -38.8039 -36.6676
    endloop
  endfacet
  facet normal -0.441114 -0.660173 -0.607939
    outer loop
      vertex -30.2076 -39.3673 -43.5168
      vertex -24.8107 -42.9734 -43.5168
      vertex -33.407 -43.5368 -36.6676
    endloop
  endfacet
  facet normal -0.441118 -0.660167 -0.607943
    outer loop
      vertex -24.8107 -42.9734 -43.5168
      vertex -27.4385 -47.5249 -36.6676
      vertex -33.407 -43.5368 -36.6676
    endloop
  endfacet
  facet normal -0.351169 -0.7121 -0.607943
    outer loop
      vertex -24.8107 -42.9734 -43.5168
      vertex -18.9893 -45.8442 -43.5168
      vertex -27.4385 -47.5249 -36.6676
    endloop
  endfacet
  facet normal -0.351164 -0.712106 -0.607938
    outer loop
      vertex -18.9893 -45.8442 -43.5168
      vertex -21.0005 -50.6997 -36.6676
      vertex -27.4385 -47.5249 -36.6676
    endloop
  endfacet
  facet normal -0.255219 -0.751847 -0.607938
    outer loop
      vertex -18.9893 -45.8442 -43.5168
      vertex -12.843 -47.9306 -43.5168
      vertex -21.0005 -50.6997 -36.6676
    endloop
  endfacet
  facet normal -0.25522 -0.751846 -0.607939
    outer loop
      vertex -12.843 -47.9306 -43.5168
      vertex -14.2032 -53.0071 -36.6676
      vertex -21.0005 -50.6997 -36.6676
    endloop
  endfacet
  facet normal -0.154899 -0.778727 -0.60794
    outer loop
      vertex -12.843 -47.9306 -43.5168
      vertex -6.4769 -49.1969 -43.5168
      vertex -14.2032 -53.0071 -36.6676
    endloop
  endfacet
  facet normal -0.154898 -0.778728 -0.607939
    outer loop
      vertex -6.4769 -49.1969 -43.5168
      vertex -7.16289 -54.4075 -36.6676
      vertex -14.2032 -53.0071 -36.6676
    endloop
  endfacet
  facet normal -0.0519268 -0.792284 -0.607939
    outer loop
      vertex -6.4769 -49.1969 -43.5168
      vertex -0 -49.6214 -43.5168
      vertex -7.16289 -54.4075 -36.6676
    endloop
  endfacet
  facet normal -0.051931 -0.792282 -0.607942
    outer loop
      vertex -0 -49.6214 -43.5168
      vertex -0 -54.877 -36.6676
      vertex -7.16289 -54.4075 -36.6676
    endloop
  endfacet
  facet normal 0.0519266 -0.792282 -0.607942
    outer loop
      vertex -0 -49.6214 -43.5168
      vertex 6.4769 -49.1969 -43.5168
      vertex -0 -54.877 -36.6676
    endloop
  endfacet
  facet normal 0.0519311 -0.792284 -0.607939
    outer loop
      vertex 6.4769 -49.1969 -43.5168
      vertex 7.16289 -54.4075 -36.6676
      vertex -0 -54.877 -36.6676
    endloop
  endfacet
  facet normal 0.154899 -0.778727 -0.607939
    outer loop
      vertex 6.4769 -49.1969 -43.5168
      vertex 12.843 -47.9306 -43.5168
      vertex 7.16289 -54.4075 -36.6676
    endloop
  endfacet
  facet normal 0.154898 -0.778727 -0.60794
    outer loop
      vertex 12.843 -47.9306 -43.5168
      vertex 14.2032 -53.0071 -36.6676
      vertex 7.16289 -54.4075 -36.6676
    endloop
  endfacet
  facet normal 0.255219 -0.751846 -0.607939
    outer loop
      vertex 12.843 -47.9306 -43.5168
      vertex 18.9893 -45.8442 -43.5168
      vertex 14.2032 -53.0071 -36.6676
    endloop
  endfacet
  facet normal 0.255221 -0.751847 -0.607938
    outer loop
      vertex 18.9893 -45.8442 -43.5168
      vertex 21.0005 -50.6997 -36.6676
      vertex 14.2032 -53.0071 -36.6676
    endloop
  endfacet
  facet normal 0.351171 -0.712103 -0.607938
    outer loop
      vertex 18.9893 -45.8442 -43.5168
      vertex 24.8107 -42.9734 -43.5168
      vertex 21.0005 -50.6997 -36.6676
    endloop
  endfacet
  facet normal 0.351163 -0.712103 -0.607943
    outer loop
      vertex 24.8107 -42.9734 -43.5168
      vertex 27.4385 -47.5249 -36.6676
      vertex 21.0005 -50.6997 -36.6676
    endloop
  endfacet
  facet normal 0.441113 -0.660171 -0.607943
    outer loop
      vertex 24.8107 -42.9734 -43.5168
      vertex 30.2076 -39.3673 -43.5168
      vertex 27.4385 -47.5249 -36.6676
    endloop
  endfacet
  facet normal 0.44112 -0.66017 -0.607939
    outer loop
      vertex 30.2076 -39.3673 -43.5168
      vertex 33.407 -43.5368 -36.6676
      vertex 27.4385 -47.5249 -36.6676
    endloop
  endfacet
  facet normal 0.523514 -0.596945 -0.607939
    outer loop
      vertex 30.2076 -39.3673 -43.5168
      vertex 35.0876 -35.0876 -43.5168
      vertex 33.407 -43.5368 -36.6676
    endloop
  endfacet
  facet normal 0.523504 -0.596948 -0.607945
    outer loop
      vertex 35.0876 -35.0876 -43.5168
      vertex 38.8039 -38.8039 -36.6676
      vertex 33.407 -43.5368 -36.6676
    endloop
  endfacet
  facet normal 0.596942 -0.523511 -0.607945
    outer loop
      vertex 35.0876 -35.0876 -43.5168
      vertex 39.3673 -30.2076 -43.5168
      vertex 38.8039 -38.8039 -36.6676
    endloop
  endfacet
  facet normal 0.596952 -0.523506 -0.607939
    outer loop
      vertex 39.3673 -30.2076 -43.5168
      vertex 43.5368 -33.407 -36.6676
      vertex 38.8039 -38.8039 -36.6676
    endloop
  endfacet
  facet normal 0.660173 -0.441114 -0.607939
    outer loop
      vertex 39.3673 -30.2076 -43.5168
      vertex 42.9734 -24.8107 -43.5168
      vertex 43.5368 -33.407 -36.6676
    endloop
  endfacet
  facet normal 0.660167 -0.441118 -0.607943
    outer loop
      vertex 42.9734 -24.8107 -43.5168
      vertex 47.5249 -27.4385 -36.6676
      vertex 43.5368 -33.407 -36.6676
    endloop
  endfacet
  facet normal 0.7121 -0.351169 -0.607943
    outer loop
      vertex 42.9734 -24.8107 -43.5168
      vertex 45.8442 -18.9893 -43.5168
      vertex 47.5249 -27.4385 -36.6676
    endloop
  endfacet
  facet normal 0.712106 -0.351164 -0.607938
    outer loop
      vertex 45.8442 -18.9893 -43.5168
      vertex 50.6997 -21.0005 -36.6676
      vertex 47.5249 -27.4385 -36.6676
    endloop
  endfacet
  facet normal 0.751847 -0.255219 -0.607938
    outer loop
      vertex 45.8442 -18.9893 -43.5168
      vertex 47.9306 -12.843 -43.5168
      vertex 50.6997 -21.0005 -36.6676
    endloop
  endfacet
  facet normal 0.751846 -0.25522 -0.607939
    outer loop
      vertex 47.9306 -12.843 -43.5168
      vertex 53.0071 -14.2032 -36.6676
      vertex 50.6997 -21.0005 -36.6676
    endloop
  endfacet
  facet normal 0.778727 -0.154899 -0.60794
    outer loop
      vertex 47.9306 -12.843 -43.5168
      vertex 49.1969 -6.4769 -43.5168
      vertex 53.0071 -14.2032 -36.6676
    endloop
  endfacet
  facet normal 0.778728 -0.154898 -0.607939
    outer loop
      vertex 49.1969 -6.4769 -43.5168
      vertex 54.4075 -7.16289 -36.6676
      vertex 53.0071 -14.2032 -36.6676
    endloop
  endfacet
  facet normal 0.792284 -0.0519268 -0.607939
    outer loop
      vertex 49.1969 -6.4769 -43.5168
      vertex 49.6214 0 -43.5168
      vertex 54.4075 -7.16289 -36.6676
    endloop
  endfacet
  facet normal 0.792282 -0.051931 -0.607942
    outer loop
      vertex 49.6214 0 -43.5168
      vertex 54.877 0 -36.6676
      vertex 54.4075 -7.16289 -36.6676
    endloop
  endfacet
  facet normal 0.706349 0.0462974 -0.706349
    outer loop
      vertex 43.5168 0 -49.6214
      vertex 43.1445 5.68009 -49.6214
      vertex 49.6214 0 -43.5168
    endloop
  endfacet
  facet normal 0.706347 0.0462944 -0.70635
    outer loop
      vertex 43.1445 5.68009 -49.6214
      vertex 49.1969 6.4769 -43.5168
      vertex 49.6214 0 -43.5168
    endloop
  endfacet
  facet normal 0.694262 0.138096 -0.70635
    outer loop
      vertex 43.1445 5.68009 -49.6214
      vertex 42.034 11.263 -49.6214
      vertex 49.1969 6.4769 -43.5168
    endloop
  endfacet
  facet normal 0.694262 0.138098 -0.706349
    outer loop
      vertex 42.034 11.263 -49.6214
      vertex 47.9306 12.843 -43.5168
      vertex 49.1969 6.4769 -43.5168
    endloop
  endfacet
  facet normal 0.670298 0.227532 -0.706349
    outer loop
      vertex 42.034 11.263 -49.6214
      vertex 40.2043 16.6532 -49.6214
      vertex 47.9306 12.843 -43.5168
    endloop
  endfacet
  facet normal 0.670299 0.227537 -0.706347
    outer loop
      vertex 40.2043 16.6532 -49.6214
      vertex 45.8442 18.9893 -43.5168
      vertex 47.9306 12.843 -43.5168
    endloop
  endfacet
  facet normal 0.634866 0.31308 -0.706347
    outer loop
      vertex 40.2043 16.6532 -49.6214
      vertex 37.6867 21.7584 -49.6214
      vertex 45.8442 18.9893 -43.5168
    endloop
  endfacet
  facet normal 0.634866 0.313081 -0.706347
    outer loop
      vertex 37.6867 21.7584 -49.6214
      vertex 42.9734 24.8107 -43.5168
      vertex 45.8442 18.9893 -43.5168
    endloop
  endfacet
  facet normal 0.588569 0.39327 -0.706347
    outer loop
      vertex 37.6867 21.7584 -49.6214
      vertex 34.5242 26.4914 -49.6214
      vertex 42.9734 24.8107 -43.5168
    endloop
  endfacet
  facet normal 0.588569 0.39327 -0.706347
    outer loop
      vertex 34.5242 26.4914 -49.6214
      vertex 39.3673 30.2076 -43.5168
      vertex 42.9734 24.8107 -43.5168
    endloop
  endfacet
  facet normal 0.532196 0.466735 -0.706346
    outer loop
      vertex 34.5242 26.4914 -49.6214
      vertex 30.771 30.771 -49.6214
      vertex 39.3673 30.2076 -43.5168
    endloop
  endfacet
  facet normal 0.532198 0.466731 -0.706348
    outer loop
      vertex 30.771 30.771 -49.6214
      vertex 35.0876 35.0876 -43.5168
      vertex 39.3673 30.2076 -43.5168
    endloop
  endfacet
  facet normal 0.466734 0.532195 -0.706349
    outer loop
      vertex 30.771 30.771 -49.6214
      vertex 26.4914 34.5242 -49.6214
      vertex 35.0876 35.0876 -43.5168
    endloop
  endfacet
  facet normal 0.466732 0.532199 -0.706346
    outer loop
      vertex 26.4914 34.5242 -49.6214
      vertex 30.2076 39.3673 -43.5168
      vertex 35.0876 35.0876 -43.5168
    endloop
  endfacet
  facet normal 0.39327 0.588568 -0.706347
    outer loop
      vertex 26.4914 34.5242 -49.6214
      vertex 21.7584 37.6867 -49.6214
      vertex 30.2076 39.3673 -43.5168
    endloop
  endfacet
  facet normal 0.39327 0.588569 -0.706347
    outer loop
      vertex 21.7584 37.6867 -49.6214
      vertex 24.8107 42.9734 -43.5168
      vertex 30.2076 39.3673 -43.5168
    endloop
  endfacet
  facet normal 0.313081 0.634866 -0.706347
    outer loop
      vertex 21.7584 37.6867 -49.6214
      vertex 16.6532 40.2043 -49.6214
      vertex 24.8107 42.9734 -43.5168
    endloop
  endfacet
  facet normal 0.313081 0.634865 -0.706347
    outer loop
      vertex 16.6532 40.2043 -49.6214
      vertex 18.9893 45.8442 -43.5168
      vertex 24.8107 42.9734 -43.5168
    endloop
  endfacet
  facet normal 0.227533 0.6703 -0.706347
    outer loop
      vertex 16.6532 40.2043 -49.6214
      vertex 11.263 42.034 -49.6214
      vertex 18.9893 45.8442 -43.5168
    endloop
  endfacet
  facet normal 0.227536 0.670297 -0.706349
    outer loop
      vertex 11.263 42.034 -49.6214
      vertex 12.843 47.9306 -43.5168
      vertex 18.9893 45.8442 -43.5168
    endloop
  endfacet
  facet normal 0.138096 0.694262 -0.706349
    outer loop
      vertex 11.263 42.034 -49.6214
      vertex 5.68009 43.1445 -49.6214
      vertex 12.843 47.9306 -43.5168
    endloop
  endfacet
  facet normal 0.138098 0.694261 -0.70635
    outer loop
      vertex 5.68009 43.1445 -49.6214
      vertex 6.4769 49.1969 -43.5168
      vertex 12.843 47.9306 -43.5168
    endloop
  endfacet
  facet normal 0.0462973 0.706347 -0.70635
    outer loop
      vertex 5.68009 43.1445 -49.6214
      vertex 0 43.5168 -49.6214
      vertex 6.4769 49.1969 -43.5168
    endloop
  endfacet
  facet normal 0.0462945 0.706349 -0.706349
    outer loop
      vertex 0 43.5168 -49.6214
      vertex 0 49.6214 -43.5168
      vertex 6.4769 49.1969 -43.5168
    endloop
  endfacet
  facet normal -0.0462974 0.706349 -0.706349
    outer loop
      vertex 0 43.5168 -49.6214
      vertex -5.68009 43.1445 -49.6214
      vertex 0 49.6214 -43.5168
    endloop
  endfacet
  facet normal -0.0462944 0.706347 -0.70635
    outer loop
      vertex -5.68009 43.1445 -49.6214
      vertex -6.4769 49.1969 -43.5168
      vertex 0 49.6214 -43.5168
    endloop
  endfacet
  facet normal -0.138096 0.694262 -0.70635
    outer loop
      vertex -5.68009 43.1445 -49.6214
      vertex -11.263 42.034 -49.6214
      vertex -6.4769 49.1969 -43.5168
    endloop
  endfacet
  facet normal -0.138098 0.694262 -0.706349
    outer loop
      vertex -11.263 42.034 -49.6214
      vertex -12.843 47.9306 -43.5168
      vertex -6.4769 49.1969 -43.5168
    endloop
  endfacet
  facet normal -0.227532 0.670298 -0.706349
    outer loop
      vertex -11.263 42.034 -49.6214
      vertex -16.6532 40.2043 -49.6214
      vertex -12.843 47.9306 -43.5168
    endloop
  endfacet
  facet normal -0.227537 0.670299 -0.706347
    outer loop
      vertex -16.6532 40.2043 -49.6214
      vertex -18.9893 45.8442 -43.5168
      vertex -12.843 47.9306 -43.5168
    endloop
  endfacet
  facet normal -0.31308 0.634866 -0.706347
    outer loop
      vertex -16.6532 40.2043 -49.6214
      vertex -21.7584 37.6867 -49.6214
      vertex -18.9893 45.8442 -43.5168
    endloop
  endfacet
  facet normal -0.313081 0.634866 -0.706347
    outer loop
      vertex -21.7584 37.6867 -49.6214
      vertex -24.8107 42.9734 -43.5168
      vertex -18.9893 45.8442 -43.5168
    endloop
  endfacet
  facet normal -0.39327 0.588569 -0.706347
    outer loop
      vertex -21.7584 37.6867 -49.6214
      vertex -26.4914 34.5242 -49.6214
      vertex -24.8107 42.9734 -43.5168
    endloop
  endfacet
  facet normal -0.39327 0.588569 -0.706347
    outer loop
      vertex -26.4914 34.5242 -49.6214
      vertex -30.2076 39.3673 -43.5168
      vertex -24.8107 42.9734 -43.5168
    endloop
  endfacet
  facet normal -0.466735 0.532196 -0.706346
    outer loop
      vertex -26.4914 34.5242 -49.6214
      vertex -30.771 30.771 -49.6214
      vertex -30.2076 39.3673 -43.5168
    endloop
  endfacet
  facet normal -0.466731 0.532198 -0.706348
    outer loop
      vertex -30.771 30.771 -49.6214
      vertex -35.0876 35.0876 -43.5168
      vertex -30.2076 39.3673 -43.5168
    endloop
  endfacet
  facet normal -0.532195 0.466734 -0.706349
    outer loop
      vertex -30.771 30.771 -49.6214
      vertex -34.5242 26.4914 -49.6214
      vertex -35.0876 35.0876 -43.5168
    endloop
  endfacet
  facet normal -0.532199 0.466732 -0.706346
    outer loop
      vertex -34.5242 26.4914 -49.6214
      vertex -39.3673 30.2076 -43.5168
      vertex -35.0876 35.0876 -43.5168
    endloop
  endfacet
  facet normal -0.588568 0.39327 -0.706347
    outer loop
      vertex -34.5242 26.4914 -49.6214
      vertex -37.6867 21.7584 -49.6214
      vertex -39.3673 30.2076 -43.5168
    endloop
  endfacet
  facet normal -0.588569 0.39327 -0.706347
    outer loop
      vertex -37.6867 21.7584 -49.6214
      vertex -42.9734 24.8107 -43.5168
      vertex -39.3673 30.2076 -43.5168
    endloop
  endfacet
  facet normal -0.634866 0.313081 -0.706347
    outer loop
      vertex -37.6867 21.7584 -49.6214
      vertex -40.2043 16.6532 -49.6214
      vertex -42.9734 24.8107 -43.5168
    endloop
  endfacet
  facet normal -0.634865 0.313081 -0.706347
    outer loop
      vertex -40.2043 16.6532 -49.6214
      vertex -45.8442 18.9893 -43.5168
      vertex -42.9734 24.8107 -43.5168
    endloop
  endfacet
  facet normal -0.6703 0.227533 -0.706347
    outer loop
      vertex -40.2043 16.6532 -49.6214
      vertex -42.034 11.263 -49.6214
      vertex -45.8442 18.9893 -43.5168
    endloop
  endfacet
  facet normal -0.670297 0.227536 -0.706349
    outer loop
      vertex -42.034 11.263 -49.6214
      vertex -47.9306 12.843 -43.5168
      vertex -45.8442 18.9893 -43.5168
    endloop
  endfacet
  facet normal -0.694262 0.138096 -0.706349
    outer loop
      vertex -42.034 11.263 -49.6214
      vertex -43.1445 5.68009 -49.6214
      vertex -47.9306 12.843 -43.5168
    endloop
  endfacet
  facet normal -0.694261 0.138098 -0.70635
    outer loop
      vertex -43.1445 5.68009 -49.6214
      vertex -49.1969 6.4769 -43.5168
      vertex -47.9306 12.843 -43.5168
    endloop
  endfacet
  facet normal -0.706347 0.0462973 -0.70635
    outer loop
      vertex -43.1445 5.68009 -49.6214
      vertex -43.5168 -0 -49.6214
      vertex -49.1969 6.4769 -43.5168
    endloop
  endfacet
  facet normal -0.706349 0.0462945 -0.706349
    outer loop
      vertex -43.5168 -0 -49.6214
      vertex -49.6214 -0 -43.5168
      vertex -49.1969 6.4769 -43.5168
    endloop
  endfacet
  facet normal -0.706349 -0.0462974 -0.706349
    outer loop
      vertex -43.5168 -0 -49.6214
      vertex -43.1445 -5.68009 -49.6214
      vertex -49.6214 -0 -43.5168
    endloop
  endfacet
  facet normal -0.706347 -0.0462944 -0.70635
    outer loop
      vertex -43.1445 -5.68009 -49.6214
      vertex -49.1969 -6.4769 -43.5168
      vertex -49.6214 -0 -43.5168
    endloop
  endfacet
  facet normal -0.694262 -0.138096 -0.70635
    outer loop
      vertex -43.1445 -5.68009 -49.6214
      vertex -42.034 -11.263 -49.6214
      vertex -49.1969 -6.4769 -43.5168
    endloop
  endfacet
  facet normal -0.694262 -0.138098 -0.706349
    outer loop
      vertex -42.034 -11.263 -49.6214
      vertex -47.9306 -12.843 -43.5168
      vertex -49.1969 -6.4769 -43.5168
    endloop
  endfacet
  facet normal -0.670298 -0.227532 -0.706349
    outer loop
      vertex -42.034 -11.263 -49.6214
      vertex -40.2043 -16.6532 -49.6214
      vertex -47.9306 -12.843 -43.5168
    endloop
  endfacet
  facet normal -0.670299 -0.227537 -0.706347
    outer loop
      vertex -40.2043 -16.6532 -49.6214
      vertex -45.8442 -18.9893 -43.5168
      vertex -47.9306 -12.843 -43.5168
    endloop
  endfacet
  facet normal -0.634866 -0.31308 -0.706347
    outer loop
      vertex -40.2043 -16.6532 -49.6214
      vertex -37.6867 -21.7584 -49.6214
      vertex -45.8442 -18.9893 -43.5168
    endloop
  endfacet
  facet normal -0.634866 -0.313081 -0.706347
    outer loop
      vertex -37.6867 -21.7584 -49.6214
      vertex -42.9734 -24.8107 -43.5168
      vertex -45.8442 -18.9893 -43.5168
    endloop
  endfacet
  facet normal -0.588569 -0.39327 -0.706347
    outer loop
      vertex -37.6867 -21.7584 -49.6214
      vertex -34.5242 -26.4914 -49.6214
      vertex -42.9734 -24.8107 -43.5168
    endloop
  endfacet
  facet normal -0.588569 -0.39327 -0.706347
    outer loop
      vertex -34.5242 -26.4914 -49.6214
      vertex -39.3673 -30.2076 -43.5168
      vertex -42.9734 -24.8107 -43.5168
    endloop
  endfacet
  facet normal -0.532196 -0.466735 -0.706346
    outer loop
      vertex -34.5242 -26.4914 -49.6214
      vertex -30.771 -30.771 -49.6214
      vertex -39.3673 -30.2076 -43.5168
    endloop
  endfacet
  facet normal -0.532198 -0.466731 -0.706348
    outer loop
      vertex -30.771 -30.771 -49.6214
      vertex -35.0876 -35.0876 -43.5168
      vertex -39.3673 -30.2076 -43.5168
    endloop
  endfacet
  facet normal -0.466734 -0.532195 -0.706349
    outer loop
      vertex -30.771 -30.771 -49.6214
      vertex -26.4914 -34.5242 -49.6214
      vertex -35.0876 -35.0876 -43.5168
    endloop
  endfacet
  facet normal -0.466732 -0.532199 -0.706346
    outer loop
      vertex -26.4914 -34.5242 -49.6214
      vertex -30.2076 -39.3673 -43.5168
      vertex -35.0876 -35.0876 -43.5168
    endloop
  endfacet
  facet normal -0.39327 -0.588568 -0.706347
    outer loop
      vertex -26.4914 -34.5242 -49.6214
      vertex -21.7584 -37.6867 -49.6214
      vertex -30.2076 -39.3673 -43.5168
    endloop
  endfacet
  facet normal -0.39327 -0.588569 -0.706347
    outer loop
      vertex -21.7584 -37.6867 -49.6214
      vertex -24.8107 -42.9734 -43.5168
      vertex -30.2076 -39.3673 -43.5168
    endloop
  endfacet
  facet normal -0.313081 -0.634866 -0.706347
    outer loop
      vertex -21.7584 -37.6867 -49.6214
      vertex -16.6532 -40.2043 -49.6214
      vertex -24.8107 -42.9734 -43.5168
    endloop
  endfacet
  facet normal -0.313081 -0.634865 -0.706347
    outer loop
      vertex -16.6532 -40.2043 -49.6214
      vertex -18.9893 -45.8442 -43.5168
      vertex -24.8107 -42.9734 -43.5168
    endloop
  endfacet
  facet normal -0.227533 -0.6703 -0.706347
    outer loop
      vertex -16.6532 -40.2043 -49.6214
      vertex -11.263 -42.034 -49.6214
      vertex -18.9893 -45.8442 -43.5168
    endloop
  endfacet
  facet normal -0.227536 -0.670297 -0.706349
    outer loop
      vertex -11.263 -42.034 -49.6214
      vertex -12.843 -47.9306 -43.5168
      vertex -18.9893 -45.8442 -43.5168
    endloop
  endfacet
  facet normal -0.138096 -0.694262 -0.706349
    outer loop
      vertex -11.263 -42.034 -49.6214
      vertex -5.68009 -43.1445 -49.6214
      vertex -12.843 -47.9306 -43.5168
    endloop
  endfacet
  facet normal -0.138098 -0.694261 -0.70635
    outer loop
      vertex -5.68009 -43.1445 -49.6214
      vertex -6.4769 -49.1969 -43.5168
      vertex -12.843 -47.9306 -43.5168
    endloop
  endfacet
  facet normal -0.0462973 -0.706347 -0.70635
    outer loop
      vertex -5.68009 -43.1445 -49.6214
      vertex -0 -43.5168 -49.6214
      vertex -6.4769 -49.1969 -43.5168
    endloop
  endfacet
  facet normal -0.0462945 -0.706349 -0.706349
    outer loop
      vertex -0 -43.5168 -49.6214
      vertex -0 -49.6214 -43.5168
      vertex -6.4769 -49.1969 -43.5168
    endloop
  endfacet
  facet normal 0.0462974 -0.706349 -0.706349
    outer loop
      vertex -0 -43.5168 -49.6214
      vertex 5.68009 -43.1445 -49.6214
      vertex -0 -49.6214 -43.5168
    endloop
  endfacet
  facet normal 0.0462944 -0.706347 -0.70635
    outer loop
      vertex 5.68009 -43.1445 -49.6214
      vertex 6.4769 -49.1969 -43.5168
      vertex -0 -49.6214 -43.5168
    endloop
  endfacet
  facet normal 0.138096 -0.694262 -0.70635
    outer loop
      vertex 5.68009 -43.1445 -49.6214
      vertex 11.263 -42.034 -49.6214
      vertex 6.4769 -49.1969 -43.5168
    endloop
  endfacet
  facet normal 0.138098 -0.694262 -0.706349
    outer loop
      vertex 11.263 -42.034 -49.6214
      vertex 12.843 -47.9306 -43.5168
      vertex 6.4769 -49.1969 -43.5168
    endloop
  endfacet
  facet normal 0.227532 -0.670298 -0.706349
    outer loop
      vertex 11.263 -42.034 -49.6214
      vertex 16.6532 -40.2043 -49.6214
      vertex 12.843 -47.9306 -43.5168
    endloop
  endfacet
  facet normal 0.227537 -0.670299 -0.706347
    outer loop
      vertex 16.6532 -40.2043 -49.6214
      vertex 18.9893 -45.8442 -43.5168
      vertex 12.843 -47.9306 -43.5168
    endloop
  endfacet
  facet normal 0.31308 -0.634866 -0.706347
    outer loop
      vertex 16.6532 -40.2043 -49.6214
      vertex 21.7584 -37.6867 -49.6214
      vertex 18.9893 -45.8442 -43.5168
    endloop
  endfacet
  facet normal 0.313081 -0.634866 -0.706347
    outer loop
      vertex 21.7584 -37.6867 -49.6214
      vertex 24.8107 -42.9734 -43.5168
      vertex 18.9893 -45.8442 -43.5168
    endloop
  endfacet
  facet normal 0.39327 -0.588569 -0.706347
    outer loop
      vertex 21.7584 -37.6867 -49.6214
      vertex 26.4914 -34.5242 -49.6214
      vertex 24.8107 -42.9734 -43.5168
    endloop
  endfacet
  facet normal 0.39327 -0.588569 -0.706347
    outer loop
      vertex 26.4914 -34.5242 -49.6214
      vertex 30.2076 -39.3673 -43.5168
      vertex 24.8107 -42.9734 -43.5168
    endloop
  endfacet
  facet normal 0.466735 -0.532196 -0.706346
    outer loop
      vertex 26.4914 -34.5242 -49.6214
      vertex 30.771 -30.771 -49.6214
      vertex 30.2076 -39.3673 -43.5168
    endloop
  endfacet
  facet normal 0.466731 -0.532198 -0.706348
    outer loop
      vertex 30.771 -30.771 -49.6214
      vertex 35.0876 -35.0876 -43.5168
      vertex 30.2076 -39.3673 -43.5168
    endloop
  endfacet
  facet normal 0.532195 -0.466734 -0.706349
    outer loop
      vertex 30.771 -30.771 -49.6214
      vertex 34.5242 -26.4914 -49.6214
      vertex 35.0876 -35.0876 -43.5168
    endloop
  endfacet
  facet normal 0.532199 -0.466732 -0.706346
    outer loop
      vertex 34.5242 -26.4914 -49.6214
      vertex 39.3673 -30.2076 -43.5168
      vertex 35.0876 -35.0876 -43.5168
    endloop
  endfacet
  facet normal 0.588568 -0.39327 -0.706347
    outer loop
      vertex 34.5242 -26.4914 -49.6214
      vertex 37.6867 -21.7584 -49.6214
      vertex 39.3673 -30.2076 -43.5168
    endloop
  endfacet
  facet normal 0.588569 -0.39327 -0.706347
    outer loop
      vertex 37.6867 -21.7584 -49.6214
      vertex 42.9734 -24.8107 -43.5168
      vertex 39.3673 -30.2076 -43.5168
    endloop
  endfacet
  facet normal 0.634866 -0.313081 -0.706347
    outer loop
      vertex 37.6867 -21.7584 -49.6214
      vertex 40.2043 -16.6532 -49.6214
      vertex 42.9734 -24.8107 -43.5168
    endloop
  endfacet
  facet normal 0.634865 -0.313081 -0.706347
    outer loop
      vertex 40.2043 -16.6532 -49.6214
      vertex 45.8442 -18.9893 -43.5168
      vertex 42.9734 -24.8107 -43.5168
    endloop
  endfacet
  facet normal 0.6703 -0.227533 -0.706347
    outer loop
      vertex 40.2043 -16.6532 -49.6214
      vertex 42.034 -11.263 -49.6214
      vertex 45.8442 -18.9893 -43.5168
    endloop
  endfacet
  facet normal 0.670297 -0.227536 -0.706349
    outer loop
      vertex 42.034 -11.263 -49.6214
      vertex 47.9306 -12.843 -43.5168
      vertex 45.8442 -18.9893 -43.5168
    endloop
  endfacet
  facet normal 0.694262 -0.138096 -0.706349
    outer loop
      vertex 42.034 -11.263 -49.6214
      vertex 43.1445 -5.68009 -49.6214
      vertex 47.9306 -12.843 -43.5168
    endloop
  endfacet
  facet normal 0.694261 -0.138098 -0.70635
    outer loop
      vertex 43.1445 -5.68009 -49.6214
      vertex 49.1969 -6.4769 -43.5168
      vertex 47.9306 -12.843 -43.5168
    endloop
  endfacet
  facet normal 0.706347 -0.0462973 -0.70635
    outer loop
      vertex 43.1445 -5.68009 -49.6214
      vertex 43.5168 0 -49.6214
      vertex 49.1969 -6.4769 -43.5168
    endloop
  endfacet
  facet normal 0.706349 -0.0462945 -0.706349
    outer loop
      vertex 43.5168 0 -49.6214
      vertex 49.6214 0 -43.5168
      vertex 49.1969 -6.4769 -43.5168
    endloop
  endfacet
  facet normal 0.608279 0.0398691 -0.792721
    outer loop
      vertex 36.6676 0 -54.877
      vertex 36.3539 4.78609 -54.877
      vertex 43.5168 0 -49.6214
    endloop
  endfacet
  facet normal 0.608279 0.0398695 -0.792721
    outer loop
      vertex 36.3539 4.78609 -54.877
      vertex 43.1445 5.68009 -49.6214
      vertex 43.5168 0 -49.6214
    endloop
  endfacet
  facet normal 0.597872 0.118921 -0.792721
    outer loop
      vertex 36.3539 4.78609 -54.877
      vertex 35.4182 9.49028 -54.877
      vertex 43.1445 5.68009 -49.6214
    endloop
  endfacet
  facet normal 0.597872 0.118923 -0.792721
    outer loop
      vertex 35.4182 9.49028 -54.877
      vertex 42.034 11.263 -49.6214
      vertex 43.1445 5.68009 -49.6214
    endloop
  endfacet
  facet normal 0.577236 0.19594 -0.792721
    outer loop
      vertex 35.4182 9.49028 -54.877
      vertex 33.8765 14.0321 -54.877
      vertex 42.034 11.263 -49.6214
    endloop
  endfacet
  facet normal 0.577236 0.195942 -0.79272
    outer loop
      vertex 33.8765 14.0321 -54.877
      vertex 40.2043 16.6532 -49.6214
      vertex 42.034 11.263 -49.6214
    endloop
  endfacet
  facet normal 0.546719 0.269617 -0.79272
    outer loop
      vertex 33.8765 14.0321 -54.877
      vertex 31.7551 18.3338 -54.877
      vertex 40.2043 16.6532 -49.6214
    endloop
  endfacet
  facet normal 0.546719 0.269611 -0.792722
    outer loop
      vertex 31.7551 18.3338 -54.877
      vertex 37.6867 21.7584 -49.6214
      vertex 40.2043 16.6532 -49.6214
    endloop
  endfacet
  facet normal 0.50685 0.338667 -0.792722
    outer loop
      vertex 31.7551 18.3338 -54.877
      vertex 29.0904 22.3218 -54.877
      vertex 37.6867 21.7584 -49.6214
    endloop
  endfacet
  facet normal 0.50685 0.338667 -0.792722
    outer loop
      vertex 29.0904 22.3218 -54.877
      vertex 34.5242 26.4914 -49.6214
      vertex 37.6867 21.7584 -49.6214
    endloop
  endfacet
  facet normal 0.458307 0.401929 -0.792722
    outer loop
      vertex 29.0904 22.3218 -54.877
      vertex 25.9279 25.9279 -54.877
      vertex 34.5242 26.4914 -49.6214
    endloop
  endfacet
  facet normal 0.458306 0.401933 -0.79272
    outer loop
      vertex 25.9279 25.9279 -54.877
      vertex 30.771 30.771 -49.6214
      vertex 34.5242 26.4914 -49.6214
    endloop
  endfacet
  facet normal 0.40193 0.458308 -0.79272
    outer loop
      vertex 25.9279 25.9279 -54.877
      vertex 22.3218 29.0904 -54.877
      vertex 30.771 30.771 -49.6214
    endloop
  endfacet
  facet normal 0.401932 0.458304 -0.792722
    outer loop
      vertex 22.3218 29.0904 -54.877
      vertex 26.4914 34.5242 -49.6214
      vertex 30.771 30.771 -49.6214
    endloop
  endfacet
  facet normal 0.338667 0.50685 -0.792722
    outer loop
      vertex 22.3218 29.0904 -54.877
      vertex 18.3338 31.7551 -54.877
      vertex 26.4914 34.5242 -49.6214
    endloop
  endfacet
  facet normal 0.338667 0.50685 -0.792722
    outer loop
      vertex 18.3338 31.7551 -54.877
      vertex 21.7584 37.6867 -49.6214
      vertex 26.4914 34.5242 -49.6214
    endloop
  endfacet
  facet normal 0.269615 0.546717 -0.792722
    outer loop
      vertex 18.3338 31.7551 -54.877
      vertex 14.0321 33.8765 -54.877
      vertex 21.7584 37.6867 -49.6214
    endloop
  endfacet
  facet normal 0.269612 0.546721 -0.79272
    outer loop
      vertex 14.0321 33.8765 -54.877
      vertex 16.6532 40.2043 -49.6214
      vertex 21.7584 37.6867 -49.6214
    endloop
  endfacet
  facet normal 0.19594 0.577237 -0.79272
    outer loop
      vertex 14.0321 33.8765 -54.877
      vertex 9.49028 35.4182 -54.877
      vertex 16.6532 40.2043 -49.6214
    endloop
  endfacet
  facet normal 0.195942 0.577235 -0.792721
    outer loop
      vertex 9.49028 35.4182 -54.877
      vertex 11.263 42.034 -49.6214
      vertex 16.6532 40.2043 -49.6214
    endloop
  endfacet
  facet normal 0.118922 0.597873 -0.79272
    outer loop
      vertex 9.49028 35.4182 -54.877
      vertex 4.78609 36.3539 -54.877
      vertex 11.263 42.034 -49.6214
    endloop
  endfacet
  facet normal 0.118923 0.597872 -0.792721
    outer loop
      vertex 4.78609 36.3539 -54.877
      vertex 5.68009 43.1445 -49.6214
      vertex 11.263 42.034 -49.6214
    endloop
  endfacet
  facet normal 0.0398691 0.608279 -0.792721
    outer loop
      vertex 4.78609 36.3539 -54.877
      vertex 0 36.6676 -54.877
      vertex 5.68009 43.1445 -49.6214
    endloop
  endfacet
  facet normal 0.0398695 0.608279 -0.792721
    outer loop
      vertex 0 36.6676 -54.877
      vertex 0 43.5168 -49.6214
      vertex 5.68009 43.1445 -49.6214
    endloop
  endfacet
  facet normal -0.0398691 0.608279 -0.792721
    outer loop
      vertex 0 36.6676 -54.877
      vertex -4.78609 36.3539 -54.877
      vertex 0 43.5168 -49.6214
    endloop
  endfacet
  facet normal -0.0398695 0.608279 -0.792721
    outer loop
      vertex -4.78609 36.3539 -54.877
      vertex -5.68009 43.1445 -49.6214
      vertex 0 43.5168 -49.6214
    endloop
  endfacet
  facet normal -0.118921 0.597872 -0.792721
    outer loop
      vertex -4.78609 36.3539 -54.877
      vertex -9.49028 35.4182 -54.877
      vertex -5.68009 43.1445 -49.6214
    endloop
  endfacet
  facet normal -0.118923 0.597872 -0.792721
    outer loop
      vertex -9.49028 35.4182 -54.877
      vertex -11.263 42.034 -49.6214
      vertex -5.68009 43.1445 -49.6214
    endloop
  endfacet
  facet normal -0.19594 0.577236 -0.792721
    outer loop
      vertex -9.49028 35.4182 -54.877
      vertex -14.0321 33.8765 -54.877
      vertex -11.263 42.034 -49.6214
    endloop
  endfacet
  facet normal -0.195942 0.577236 -0.79272
    outer loop
      vertex -14.0321 33.8765 -54.877
      vertex -16.6532 40.2043 -49.6214
      vertex -11.263 42.034 -49.6214
    endloop
  endfacet
  facet normal -0.269617 0.546719 -0.79272
    outer loop
      vertex -14.0321 33.8765 -54.877
      vertex -18.3338 31.7551 -54.877
      vertex -16.6532 40.2043 -49.6214
    endloop
  endfacet
  facet normal -0.269611 0.546719 -0.792722
    outer loop
      vertex -18.3338 31.7551 -54.877
      vertex -21.7584 37.6867 -49.6214
      vertex -16.6532 40.2043 -49.6214
    endloop
  endfacet
  facet normal -0.338667 0.50685 -0.792722
    outer loop
      vertex -18.3338 31.7551 -54.877
      vertex -22.3218 29.0904 -54.877
      vertex -21.7584 37.6867 -49.6214
    endloop
  endfacet
  facet normal -0.338667 0.50685 -0.792722
    outer loop
      vertex -22.3218 29.0904 -54.877
      vertex -26.4914 34.5242 -49.6214
      vertex -21.7584 37.6867 -49.6214
    endloop
  endfacet
  facet normal -0.401929 0.458307 -0.792722
    outer loop
      vertex -22.3218 29.0904 -54.877
      vertex -25.9279 25.9279 -54.877
      vertex -26.4914 34.5242 -49.6214
    endloop
  endfacet
  facet normal -0.401933 0.458306 -0.79272
    outer loop
      vertex -25.9279 25.9279 -54.877
      vertex -30.771 30.771 -49.6214
      vertex -26.4914 34.5242 -49.6214
    endloop
  endfacet
  facet normal -0.458308 0.40193 -0.79272
    outer loop
      vertex -25.9279 25.9279 -54.877
      vertex -29.0904 22.3218 -54.877
      vertex -30.771 30.771 -49.6214
    endloop
  endfacet
  facet normal -0.458304 0.401932 -0.792722
    outer loop
      vertex -29.0904 22.3218 -54.877
      vertex -34.5242 26.4914 -49.6214
      vertex -30.771 30.771 -49.6214
    endloop
  endfacet
  facet normal -0.50685 0.338667 -0.792722
    outer loop
      vertex -29.0904 22.3218 -54.877
      vertex -31.7551 18.3338 -54.877
      vertex -34.5242 26.4914 -49.6214
    endloop
  endfacet
  facet normal -0.50685 0.338667 -0.792722
    outer loop
      vertex -31.7551 18.3338 -54.877
      vertex -37.6867 21.7584 -49.6214
      vertex -34.5242 26.4914 -49.6214
    endloop
  endfacet
  facet normal -0.546717 0.269615 -0.792722
    outer loop
      vertex -31.7551 18.3338 -54.877
      vertex -33.8765 14.0321 -54.877
      vertex -37.6867 21.7584 -49.6214
    endloop
  endfacet
  facet normal -0.546721 0.269612 -0.79272
    outer loop
      vertex -33.8765 14.0321 -54.877
      vertex -40.2043 16.6532 -49.6214
      vertex -37.6867 21.7584 -49.6214
    endloop
  endfacet
  facet normal -0.577237 0.19594 -0.79272
    outer loop
      vertex -33.8765 14.0321 -54.877
      vertex -35.4182 9.49028 -54.877
      vertex -40.2043 16.6532 -49.6214
    endloop
  endfacet
  facet normal -0.577235 0.195942 -0.792721
    outer loop
      vertex -35.4182 9.49028 -54.877
      vertex -42.034 11.263 -49.6214
      vertex -40.2043 16.6532 -49.6214
    endloop
  endfacet
  facet normal -0.597873 0.118922 -0.79272
    outer loop
      vertex -35.4182 9.49028 -54.877
      vertex -36.3539 4.78609 -54.877
      vertex -42.034 11.263 -49.6214
    endloop
  endfacet
  facet normal -0.597872 0.118923 -0.792721
    outer loop
      vertex -36.3539 4.78609 -54.877
      vertex -43.1445 5.68009 -49.6214
      vertex -42.034 11.263 -49.6214
    endloop
  endfacet
  facet normal -0.608279 0.0398691 -0.792721
    outer loop
      vertex -36.3539 4.78609 -54.877
      vertex -36.6676 -0 -54.877
      vertex -43.1445 5.68009 -49.6214
    endloop
  endfacet
  facet normal -0.608279 0.0398695 -0.792721
    outer loop
      vertex -36.6676 -0 -54.877
      vertex -43.5168 -0 -49.6214
      vertex -43.1445 5.68009 -49.6214
    endloop
  endfacet
  facet normal -0.608279 -0.0398691 -0.792721
    outer loop
      vertex -36.6676 -0 -54.877
      vertex -36.3539 -4.78609 -54.877
      vertex -43.5168 -0 -49.6214
    endloop
  endfacet
  facet normal -0.608279 -0.0398695 -0.792721
    outer loop
      vertex -36.3539 -4.78609 -54.877
      vertex -43.1445 -5.68009 -49.6214
      vertex -43.5168 -0 -49.6214
    endloop
  endfacet
  facet normal -0.597872 -0.118921 -0.792721
    outer loop
      vertex -36.3539 -4.78609 -54.877
      vertex -35.4182 -9.49028 -54.877
      vertex -43.1445 -5.68009 -49.6214
    endloop
  endfacet
  facet normal -0.597872 -0.118923 -0.792721
    outer loop
      vertex -35.4182 -9.49028 -54.877
      vertex -42.034 -11.263 -49.6214
      vertex -43.1445 -5.68009 -49.6214
    endloop
  endfacet
  facet normal -0.577236 -0.19594 -0.792721
    outer loop
      vertex -35.4182 -9.49028 -54.877
      vertex -33.8765 -14.0321 -54.877
      vertex -42.034 -11.263 -49.6214
    endloop
  endfacet
  facet normal -0.577236 -0.195942 -0.79272
    outer loop
      vertex -33.8765 -14.0321 -54.877
      vertex -40.2043 -16.6532 -49.6214
      vertex -42.034 -11.263 -49.6214
    endloop
  endfacet
  facet normal -0.546719 -0.269617 -0.79272
    outer loop
      vertex -33.8765 -14.0321 -54.877
      vertex -31.7551 -18.3338 -54.877
      vertex -40.2043 -16.6532 -49.6214
    endloop
  endfacet
  facet normal -0.546719 -0.269611 -0.792722
    outer loop
      vertex -31.7551 -18.3338 -54.877
      vertex -37.6867 -21.7584 -49.6214
      vertex -40.2043 -16.6532 -49.6214
    endloop
  endfacet
  facet normal -0.50685 -0.338667 -0.792722
    outer loop
      vertex -31.7551 -18.3338 -54.877
      vertex -29.0904 -22.3218 -54.877
      vertex -37.6867 -21.7584 -49.6214
    endloop
  endfacet
  facet normal -0.50685 -0.338667 -0.792722
    outer loop
      vertex -29.0904 -22.3218 -54.877
      vertex -34.5242 -26.4914 -49.6214
      vertex -37.6867 -21.7584 -49.6214
    endloop
  endfacet
  facet normal -0.458307 -0.401929 -0.792722
    outer loop
      vertex -29.0904 -22.3218 -54.877
      vertex -25.9279 -25.9279 -54.877
      vertex -34.5242 -26.4914 -49.6214
    endloop
  endfacet
  facet normal -0.458306 -0.401933 -0.79272
    outer loop
      vertex -25.9279 -25.9279 -54.877
      vertex -30.771 -30.771 -49.6214
      vertex -34.5242 -26.4914 -49.6214
    endloop
  endfacet
  facet normal -0.40193 -0.458308 -0.79272
    outer loop
      vertex -25.9279 -25.9279 -54.877
      vertex -22.3218 -29.0904 -54.877
      vertex -30.771 -30.771 -49.6214
    endloop
  endfacet
  facet normal -0.401932 -0.458304 -0.792722
    outer loop
      vertex -22.3218 -29.0904 -54.877
      vertex -26.4914 -34.5242 -49.6214
      vertex -30.771 -30.771 -49.6214
    endloop
  endfacet
  facet normal -0.338667 -0.50685 -0.792722
    outer loop
      vertex -22.3218 -29.0904 -54.877
      vertex -18.3338 -31.7551 -54.877
      vertex -26.4914 -34.5242 -49.6214
    endloop
  endfacet
  facet normal -0.338667 -0.50685 -0.792722
    outer loop
      vertex -18.3338 -31.7551 -54.877
      vertex -21.7584 -37.6867 -49.6214
      vertex -26.4914 -34.5242 -49.6214
    endloop
  endfacet
  facet normal -0.269615 -0.546717 -0.792722
    outer loop
      vertex -18.3338 -31.7551 -54.877
      vertex -14.0321 -33.8765 -54.877
      vertex -21.7584 -37.6867 -49.6214
    endloop
  endfacet
  facet normal -0.269612 -0.546721 -0.79272
    outer loop
      vertex -14.0321 -33.8765 -54.877
      vertex -16.6532 -40.2043 -49.6214
      vertex -21.7584 -37.6867 -49.6214
    endloop
  endfacet
  facet normal -0.19594 -0.577237 -0.79272
    outer loop
      vertex -14.0321 -33.8765 -54.877
      vertex -9.49028 -35.4182 -54.877
      vertex -16.6532 -40.2043 -49.6214
    endloop
  endfacet
  facet normal -0.195942 -0.577235 -0.792721
    outer loop
      vertex -9.49028 -35.4182 -54.877
      vertex -11.263 -42.034 -49.6214
      vertex -16.6532 -40.2043 -49.6214
    endloop
  endfacet
  facet normal -0.118922 -0.597873 -0.79272
    outer loop
      vertex -9.49028 -35.4182 -54.877
      vertex -4.78609 -36.3539 -54.877
      vertex -11.263 -42.034 -49.6214
    endloop
  endfacet
  facet normal -0.118923 -0.597872 -0.792721
    outer loop
      vertex -4.78609 -36.3539 -54.877
      vertex -5.68009 -43.1445 -49.6214
      vertex -11.263 -42.034 -49.6214
    endloop
  endfacet
  facet normal -0.0398691 -0.608279 -0.792721
    outer loop
      vertex -4.78609 -36.3539 -54.877
      vertex -0 -36.6676 -54.877
      vertex -5.68009 -43.1445 -49.6214
    endloop
  endfacet
  facet normal -0.0398695 -0.608279 -0.792721
    outer loop
      vertex -0 -36.6676 -54.877
      vertex -0 -43.5168 -49.6214
      vertex -5.68009 -43.1445 -49.6214
    endloop
  endfacet
  facet normal 0.0398691 -0.608279 -0.792721
    outer loop
      vertex -0 -36.6676 -54.877
      vertex 4.78609 -36.3539 -54.877
      vertex -0 -43.5168 -49.6214
    endloop
  endfacet
  facet normal 0.0398695 -0.608279 -0.792721
    outer loop
      vertex 4.78609 -36.3539 -54.877
      vertex 5.68009 -43.1445 -49.6214
      vertex -0 -43.5168 -49.6214
    endloop
  endfacet
  facet normal 0.118921 -0.597872 -0.792721
    outer loop
      vertex 4.78609 -36.3539 -54.877
      vertex 9.49028 -35.4182 -54.877
      vertex 5.68009 -43.1445 -49.6214
    endloop
  endfacet
  facet normal 0.118923 -0.597872 -0.792721
    outer loop
      vertex 9.49028 -35.4182 -54.877
      vertex 11.263 -42.034 -49.6214
      vertex 5.68009 -43.1445 -49.6214
    endloop
  endfacet
  facet normal 0.19594 -0.577236 -0.792721
    outer loop
      vertex 9.49028 -35.4182 -54.877
      vertex 14.0321 -33.8765 -54.877
      vertex 11.263 -42.034 -49.6214
    endloop
  endfacet
  facet normal 0.195942 -0.577236 -0.79272
    outer loop
      vertex 14.0321 -33.8765 -54.877
      vertex 16.6532 -40.2043 -49.6214
      vertex 11.263 -42.034 -49.6214
    endloop
  endfacet
  facet normal 0.269617 -0.546719 -0.79272
    outer loop
      vertex 14.0321 -33.8765 -54.877
      vertex 18.3338 -31.7551 -54.877
      vertex 16.6532 -40.2043 -49.6214
    endloop
  endfacet
  facet normal 0.269611 -0.546719 -0.792722
    outer loop
      vertex 18.3338 -31.7551 -54.877
      vertex 21.7584 -37.6867 -49.6214
      vertex 16.6532 -40.2043 -49.6214
    endloop
  endfacet
  facet normal 0.338667 -0.50685 -0.792722
    outer loop
      vertex 18.3338 -31.7551 -54.877
      vertex 22.3218 -29.0904 -54.877
      vertex 21.7584 -37.6867 -49.6214
    endloop
  endfacet
  facet normal 0.338667 -0.50685 -0.792722
    outer loop
      vertex 22.3218 -29.0904 -54.877
      vertex 26.4914 -34.5242 -49.6214
      vertex 21.7584 -37.6867 -49.6214
    endloop
  endfacet
  facet normal 0.401929 -0.458307 -0.792722
    outer loop
      vertex 22.3218 -29.0904 -54.877
      vertex 25.9279 -25.9279 -54.877
      vertex 26.4914 -34.5242 -49.6214
    endloop
  endfacet
  facet normal 0.401933 -0.458306 -0.79272
    outer loop
      vertex 25.9279 -25.9279 -54.877
      vertex 30.771 -30.771 -49.6214
      vertex 26.4914 -34.5242 -49.6214
    endloop
  endfacet
  facet normal 0.458308 -0.40193 -0.79272
    outer loop
      vertex 25.9279 -25.9279 -54.877
      vertex 29.0904 -22.3218 -54.877
      vertex 30.771 -30.771 -49.6214
    endloop
  endfacet
  facet normal 0.458304 -0.401932 -0.792722
    outer loop
      vertex 29.0904 -22.3218 -54.877
      vertex 34.5242 -26.4914 -49.6214
      vertex 30.771 -30.771 -49.6214
    endloop
  endfacet
  facet normal 0.50685 -0.338667 -0.792722
    outer loop
      vertex 29.0904 -22.3218 -54.877
      vertex 31.7551 -18.3338 -54.877
      vertex 34.5242 -26.4914 -49.6214
    endloop
  endfacet
  facet normal 0.50685 -0.338667 -0.792722
    outer loop
      vertex 31.7551 -18.3338 -54.877
      vertex 37.6867 -21.7584 -49.6214
      vertex 34.5242 -26.4914 -49.6214
    endloop
  endfacet
  facet normal 0.546717 -0.269615 -0.792722
    outer loop
      vertex 31.7551 -18.3338 -54.877
      vertex 33.8765 -14.0321 -54.877
      vertex 37.6867 -21.7584 -49.6214
    endloop
  endfacet
  facet normal 0.546721 -0.269612 -0.79272
    outer loop
      vertex 33.8765 -14.0321 -54.877
      vertex 40.2043 -16.6532 -49.6214
      vertex 37.6867 -21.7584 -49.6214
    endloop
  endfacet
  facet normal 0.577237 -0.19594 -0.79272
    outer loop
      vertex 33.8765 -14.0321 -54.877
      vertex 35.4182 -9.49028 -54.877
      vertex 40.2043 -16.6532 -49.6214
    endloop
  endfacet
  facet normal 0.577235 -0.195942 -0.792721
    outer loop
      vertex 35.4182 -9.49028 -54.877
      vertex 42.034 -11.263 -49.6214
      vertex 40.2043 -16.6532 -49.6214
    endloop
  endfacet
  facet normal 0.597873 -0.118922 -0.79272
    outer loop
      vertex 35.4182 -9.49028 -54.877
      vertex 36.3539 -4.78609 -54.877
      vertex 42.034 -11.263 -49.6214
    endloop
  endfacet
  facet normal 0.597872 -0.118923 -0.792721
    outer loop
      vertex 36.3539 -4.78609 -54.877
      vertex 43.1445 -5.68009 -49.6214
      vertex 42.034 -11.263 -49.6214
    endloop
  endfacet
  facet normal 0.608279 -0.0398691 -0.792721
    outer loop
      vertex 36.3539 -4.78609 -54.877
      vertex 36.6676 0 -54.877
      vertex 43.1445 -5.68009 -49.6214
    endloop
  endfacet
  facet normal 0.608279 -0.0398695 -0.792721
    outer loop
      vertex 36.6676 0 -54.877
      vertex 43.5168 0 -49.6214
      vertex 43.1445 -5.68009 -49.6214
    endloop
  endfacet
  facet normal 0.499735 0.0327631 -0.865558
    outer loop
      vertex 29.1911 0 -59.1936
      vertex 28.9413 3.8102 -59.1936
      vertex 36.6676 0 -54.877
    endloop
  endfacet
  facet normal 0.499732 0.0327545 -0.865561
    outer loop
      vertex 28.9413 3.8102 -59.1936
      vertex 36.3539 4.78609 -54.877
      vertex 36.6676 0 -54.877
    endloop
  endfacet
  facet normal 0.491182 0.0976987 -0.865561
    outer loop
      vertex 28.9413 3.8102 -59.1936
      vertex 28.1964 7.5552 -59.1936
      vertex 36.3539 4.78609 -54.877
    endloop
  endfacet
  facet normal 0.491182 0.0977 -0.86556
    outer loop
      vertex 28.1964 7.5552 -59.1936
      vertex 35.4182 9.49028 -54.877
      vertex 36.3539 4.78609 -54.877
    endloop
  endfacet
  facet normal 0.474226 0.160983 -0.86556
    outer loop
      vertex 28.1964 7.5552 -59.1936
      vertex 26.969 11.1709 -59.1936
      vertex 35.4182 9.49028 -54.877
    endloop
  endfacet
  facet normal 0.474225 0.160973 -0.865562
    outer loop
      vertex 26.969 11.1709 -59.1936
      vertex 33.8765 14.0321 -54.877
      vertex 35.4182 9.49028 -54.877
    endloop
  endfacet
  facet normal 0.449156 0.221496 -0.865563
    outer loop
      vertex 26.969 11.1709 -59.1936
      vertex 25.2802 14.5955 -59.1936
      vertex 33.8765 14.0321 -54.877
    endloop
  endfacet
  facet normal 0.449155 0.221503 -0.865561
    outer loop
      vertex 25.2802 14.5955 -59.1936
      vertex 31.7551 18.3338 -54.877
      vertex 33.8765 14.0321 -54.877
    endloop
  endfacet
  facet normal 0.416403 0.278232 -0.865561
    outer loop
      vertex 25.2802 14.5955 -59.1936
      vertex 23.1588 17.7704 -59.1936
      vertex 31.7551 18.3338 -54.877
    endloop
  endfacet
  facet normal 0.416403 0.278232 -0.865561
    outer loop
      vertex 23.1588 17.7704 -59.1936
      vertex 29.0904 22.3218 -54.877
      vertex 31.7551 18.3338 -54.877
    endloop
  endfacet
  facet normal 0.376526 0.330201 -0.865561
    outer loop
      vertex 23.1588 17.7704 -59.1936
      vertex 20.6412 20.6412 -59.1936
      vertex 29.0904 22.3218 -54.877
    endloop
  endfacet
  facet normal 0.376524 0.330207 -0.865559
    outer loop
      vertex 20.6412 20.6412 -59.1936
      vertex 25.9279 25.9279 -54.877
      vertex 29.0904 22.3218 -54.877
    endloop
  endfacet
  facet normal 0.330203 0.376528 -0.865559
    outer loop
      vertex 20.6412 20.6412 -59.1936
      vertex 17.7704 23.1588 -59.1936
      vertex 25.9279 25.9279 -54.877
    endloop
  endfacet
  facet normal 0.330205 0.376523 -0.865561
    outer loop
      vertex 17.7704 23.1588 -59.1936
      vertex 22.3218 29.0904 -54.877
      vertex 25.9279 25.9279 -54.877
    endloop
  endfacet
  facet normal 0.278232 0.416403 -0.865561
    outer loop
      vertex 17.7704 23.1588 -59.1936
      vertex 14.5955 25.2802 -59.1936
      vertex 22.3218 29.0904 -54.877
    endloop
  endfacet
  facet normal 0.278232 0.416403 -0.865561
    outer loop
      vertex 14.5955 25.2802 -59.1936
      vertex 18.3338 31.7551 -54.877
      vertex 22.3218 29.0904 -54.877
    endloop
  endfacet
  facet normal 0.221497 0.449159 -0.865561
    outer loop
      vertex 14.5955 25.2802 -59.1936
      vertex 11.1709 26.969 -59.1936
      vertex 18.3338 31.7551 -54.877
    endloop
  endfacet
  facet normal 0.221502 0.449153 -0.865562
    outer loop
      vertex 11.1709 26.969 -59.1936
      vertex 14.0321 33.8765 -54.877
      vertex 18.3338 31.7551 -54.877
    endloop
  endfacet
  facet normal 0.160981 0.474222 -0.865563
    outer loop
      vertex 11.1709 26.969 -59.1936
      vertex 7.5552 28.1964 -59.1936
      vertex 14.0321 33.8765 -54.877
    endloop
  endfacet
  facet normal 0.160975 0.474228 -0.865561
    outer loop
      vertex 7.5552 28.1964 -59.1936
      vertex 9.49028 35.4182 -54.877
      vertex 14.0321 33.8765 -54.877
    endloop
  endfacet
  facet normal 0.0976988 0.491183 -0.86556
    outer loop
      vertex 7.5552 28.1964 -59.1936
      vertex 3.8102 28.9413 -59.1936
      vertex 9.49028 35.4182 -54.877
    endloop
  endfacet
  facet normal 0.0976999 0.491182 -0.865561
    outer loop
      vertex 3.8102 28.9413 -59.1936
      vertex 4.78609 36.3539 -54.877
      vertex 9.49028 35.4182 -54.877
    endloop
  endfacet
  facet normal 0.0327628 0.499731 -0.865561
    outer loop
      vertex 3.8102 28.9413 -59.1936
      vertex 0 29.1911 -59.1936
      vertex 4.78609 36.3539 -54.877
    endloop
  endfacet
  facet normal 0.0327547 0.499735 -0.865559
    outer loop
      vertex 0 29.1911 -59.1936
      vertex 0 36.6676 -54.877
      vertex 4.78609 36.3539 -54.877
    endloop
  endfacet
  facet normal -0.0327631 0.499735 -0.865558
    outer loop
      vertex 0 29.1911 -59.1936
      vertex -3.8102 28.9413 -59.1936
      vertex 0 36.6676 -54.877
    endloop
  endfacet
  facet normal -0.0327545 0.499732 -0.865561
    outer loop
      vertex -3.8102 28.9413 -59.1936
      vertex -4.78609 36.3539 -54.877
      vertex 0 36.6676 -54.877
    endloop
  endfacet
  facet normal -0.0976987 0.491182 -0.865561
    outer loop
      vertex -3.8102 28.9413 -59.1936
      vertex -7.5552 28.1964 -59.1936
      vertex -4.78609 36.3539 -54.877
    endloop
  endfacet
  facet normal -0.0977 0.491182 -0.86556
    outer loop
      vertex -7.5552 28.1964 -59.1936
      vertex -9.49028 35.4182 -54.877
      vertex -4.78609 36.3539 -54.877
    endloop
  endfacet
  facet normal -0.160983 0.474226 -0.86556
    outer loop
      vertex -7.5552 28.1964 -59.1936
      vertex -11.1709 26.969 -59.1936
      vertex -9.49028 35.4182 -54.877
    endloop
  endfacet
  facet normal -0.160973 0.474225 -0.865562
    outer loop
      vertex -11.1709 26.969 -59.1936
      vertex -14.0321 33.8765 -54.877
      vertex -9.49028 35.4182 -54.877
    endloop
  endfacet
  facet normal -0.221496 0.449156 -0.865563
    outer loop
      vertex -11.1709 26.969 -59.1936
      vertex -14.5955 25.2802 -59.1936
      vertex -14.0321 33.8765 -54.877
    endloop
  endfacet
  facet normal -0.221503 0.449155 -0.865561
    outer loop
      vertex -14.5955 25.2802 -59.1936
      vertex -18.3338 31.7551 -54.877
      vertex -14.0321 33.8765 -54.877
    endloop
  endfacet
  facet normal -0.278232 0.416403 -0.865561
    outer loop
      vertex -14.5955 25.2802 -59.1936
      vertex -17.7704 23.1588 -59.1936
      vertex -18.3338 31.7551 -54.877
    endloop
  endfacet
  facet normal -0.278232 0.416403 -0.865561
    outer loop
      vertex -17.7704 23.1588 -59.1936
      vertex -22.3218 29.0904 -54.877
      vertex -18.3338 31.7551 -54.877
    endloop
  endfacet
  facet normal -0.330201 0.376526 -0.865561
    outer loop
      vertex -17.7704 23.1588 -59.1936
      vertex -20.6412 20.6412 -59.1936
      vertex -22.3218 29.0904 -54.877
    endloop
  endfacet
  facet normal -0.330207 0.376524 -0.865559
    outer loop
      vertex -20.6412 20.6412 -59.1936
      vertex -25.9279 25.9279 -54.877
      vertex -22.3218 29.0904 -54.877
    endloop
  endfacet
  facet normal -0.376528 0.330203 -0.865559
    outer loop
      vertex -20.6412 20.6412 -59.1936
      vertex -23.1588 17.7704 -59.1936
      vertex -25.9279 25.9279 -54.877
    endloop
  endfacet
  facet normal -0.376523 0.330205 -0.865561
    outer loop
      vertex -23.1588 17.7704 -59.1936
      vertex -29.0904 22.3218 -54.877
      vertex -25.9279 25.9279 -54.877
    endloop
  endfacet
  facet normal -0.416403 0.278232 -0.865561
    outer loop
      vertex -23.1588 17.7704 -59.1936
      vertex -25.2802 14.5955 -59.1936
      vertex -29.0904 22.3218 -54.877
    endloop
  endfacet
  facet normal -0.416403 0.278232 -0.865561
    outer loop
      vertex -25.2802 14.5955 -59.1936
      vertex -31.7551 18.3338 -54.877
      vertex -29.0904 22.3218 -54.877
    endloop
  endfacet
  facet normal -0.449159 0.221497 -0.865561
    outer loop
      vertex -25.2802 14.5955 -59.1936
      vertex -26.969 11.1709 -59.1936
      vertex -31.7551 18.3338 -54.877
    endloop
  endfacet
  facet normal -0.449153 0.221502 -0.865562
    outer loop
      vertex -26.969 11.1709 -59.1936
      vertex -33.8765 14.0321 -54.877
      vertex -31.7551 18.3338 -54.877
    endloop
  endfacet
  facet normal -0.474222 0.160981 -0.865563
    outer loop
      vertex -26.969 11.1709 -59.1936
      vertex -28.1964 7.5552 -59.1936
      vertex -33.8765 14.0321 -54.877
    endloop
  endfacet
  facet normal -0.474228 0.160975 -0.865561
    outer loop
      vertex -28.1964 7.5552 -59.1936
      vertex -35.4182 9.49028 -54.877
      vertex -33.8765 14.0321 -54.877
    endloop
  endfacet
  facet normal -0.491183 0.0976988 -0.86556
    outer loop
      vertex -28.1964 7.5552 -59.1936
      vertex -28.9413 3.8102 -59.1936
      vertex -35.4182 9.49028 -54.877
    endloop
  endfacet
  facet normal -0.491182 0.0976999 -0.865561
    outer loop
      vertex -28.9413 3.8102 -59.1936
      vertex -36.3539 4.78609 -54.877
      vertex -35.4182 9.49028 -54.877
    endloop
  endfacet
  facet normal -0.499731 0.0327628 -0.865561
    outer loop
      vertex -28.9413 3.8102 -59.1936
      vertex -29.1911 -0 -59.1936
      vertex -36.3539 4.78609 -54.877
    endloop
  endfacet
  facet normal -0.499735 0.0327547 -0.865559
    outer loop
      vertex -29.1911 -0 -59.1936
      vertex -36.6676 -0 -54.877
      vertex -36.3539 4.78609 -54.877
    endloop
  endfacet
  facet normal -0.499735 -0.0327631 -0.865558
    outer loop
      vertex -29.1911 -0 -59.1936
      vertex -28.9413 -3.8102 -59.1936
      vertex -36.6676 -0 -54.877
    endloop
  endfacet
  facet normal -0.499732 -0.0327545 -0.865561
    outer loop
      vertex -28.9413 -3.8102 -59.1936
      vertex -36.3539 -4.78609 -54.877
      vertex -36.6676 -0 -54.877
    endloop
  endfacet
  facet normal -0.491182 -0.0976987 -0.865561
    outer loop
      vertex -28.9413 -3.8102 -59.1936
      vertex -28.1964 -7.5552 -59.1936
      vertex -36.3539 -4.78609 -54.877
    endloop
  endfacet
  facet normal -0.491182 -0.0977 -0.86556
    outer loop
      vertex -28.1964 -7.5552 -59.1936
      vertex -35.4182 -9.49028 -54.877
      vertex -36.3539 -4.78609 -54.877
    endloop
  endfacet
  facet normal -0.474226 -0.160983 -0.86556
    outer loop
      vertex -28.1964 -7.5552 -59.1936
      vertex -26.969 -11.1709 -59.1936
      vertex -35.4182 -9.49028 -54.877
    endloop
  endfacet
  facet normal -0.474225 -0.160973 -0.865562
    outer loop
      vertex -26.969 -11.1709 -59.1936
      vertex -33.8765 -14.0321 -54.877
      vertex -35.4182 -9.49028 -54.877
    endloop
  endfacet
  facet normal -0.449156 -0.221496 -0.865563
    outer loop
      vertex -26.969 -11.1709 -59.1936
      vertex -25.2802 -14.5955 -59.1936
      vertex -33.8765 -14.0321 -54.877
    endloop
  endfacet
  facet normal -0.449155 -0.221503 -0.865561
    outer loop
      vertex -25.2802 -14.5955 -59.1936
      vertex -31.7551 -18.3338 -54.877
      vertex -33.8765 -14.0321 -54.877
    endloop
  endfacet
  facet normal -0.416403 -0.278232 -0.865561
    outer loop
      vertex -25.2802 -14.5955 -59.1936
      vertex -23.1588 -17.7704 -59.1936
      vertex -31.7551 -18.3338 -54.877
    endloop
  endfacet
  facet normal -0.416403 -0.278232 -0.865561
    outer loop
      vertex -23.1588 -17.7704 -59.1936
      vertex -29.0904 -22.3218 -54.877
      vertex -31.7551 -18.3338 -54.877
    endloop
  endfacet
  facet normal -0.376526 -0.330201 -0.865561
    outer loop
      vertex -23.1588 -17.7704 -59.1936
      vertex -20.6412 -20.6412 -59.1936
      vertex -29.0904 -22.3218 -54.877
    endloop
  endfacet
  facet normal -0.376524 -0.330207 -0.865559
    outer loop
      vertex -20.6412 -20.6412 -59.1936
      vertex -25.9279 -25.9279 -54.877
      vertex -29.0904 -22.3218 -54.877
    endloop
  endfacet
  facet normal -0.330203 -0.376528 -0.865559
    outer loop
      vertex -20.6412 -20.6412 -59.1936
      vertex -17.7704 -23.1588 -59.1936
      vertex -25.9279 -25.9279 -54.877
    endloop
  endfacet
  facet normal -0.330205 -0.376523 -0.865561
    outer loop
      vertex -17.7704 -23.1588 -59.1936
      vertex -22.3218 -29.0904 -54.877
      vertex -25.9279 -25.9279 -54.877
    endloop
  endfacet
  facet normal -0.278232 -0.416403 -0.865561
    outer loop
      vertex -17.7704 -23.1588 -59.1936
      vertex -14.5955 -25.2802 -59.1936
      vertex -22.3218 -29.0904 -54.877
    endloop
  endfacet
  facet normal -0.278232 -0.416403 -0.865561
    outer loop
      vertex -14.5955 -25.2802 -59.1936
      vertex -18.3338 -31.7551 -54.877
      vertex -22.3218 -29.0904 -54.877
    endloop
  endfacet
  facet normal -0.221497 -0.449159 -0.865561
    outer loop
      vertex -14.5955 -25.2802 -59.1936
      vertex -11.1709 -26.969 -59.1936
      vertex -18.3338 -31.7551 -54.877
    endloop
  endfacet
  facet normal -0.221502 -0.449153 -0.865562
    outer loop
      vertex -11.1709 -26.969 -59.1936
      vertex -14.0321 -33.8765 -54.877
      vertex -18.3338 -31.7551 -54.877
    endloop
  endfacet
  facet normal -0.160981 -0.474222 -0.865563
    outer loop
      vertex -11.1709 -26.969 -59.1936
      vertex -7.5552 -28.1964 -59.1936
      vertex -14.0321 -33.8765 -54.877
    endloop
  endfacet
  facet normal -0.160975 -0.474228 -0.865561
    outer loop
      vertex -7.5552 -28.1964 -59.1936
      vertex -9.49028 -35.4182 -54.877
      vertex -14.0321 -33.8765 -54.877
    endloop
  endfacet
  facet normal -0.0976988 -0.491183 -0.86556
    outer loop
      vertex -7.5552 -28.1964 -59.1936
      vertex -3.8102 -28.9413 -59.1936
      vertex -9.49028 -35.4182 -54.877
    endloop
  endfacet
  facet normal -0.0976999 -0.491182 -0.865561
    outer loop
      vertex -3.8102 -28.9413 -59.1936
      vertex -4.78609 -36.3539 -54.877
      vertex -9.49028 -35.4182 -54.877
    endloop
  endfacet
  facet normal -0.0327628 -0.499731 -0.865561
    outer loop
      vertex -3.8102 -28.9413 -59.1936
      vertex -0 -29.1911 -59.1936
      vertex -4.78609 -36.3539 -54.877
    endloop
  endfacet
  facet normal -0.0327547 -0.499735 -0.865559
    outer loop
      vertex -0 -29.1911 -59.1936
      vertex -0 -36.6676 -54.877
      vertex -4.78609 -36.3539 -54.877
    endloop
  endfacet
  facet normal 0.0327631 -0.499735 -0.865558
    outer loop
      vertex -0 -29.1911 -59.1936
      vertex 3.8102 -28.9413 -59.1936
      vertex -0 -36.6676 -54.877
    endloop
  endfacet
  facet normal 0.0327545 -0.499732 -0.865561
    outer loop
      vertex 3.8102 -28.9413 -59.1936
      vertex 4.78609 -36.3539 -54.877
      vertex -0 -36.6676 -54.877
    endloop
  endfacet
  facet normal 0.0976987 -0.491182 -0.865561
    outer loop
      vertex 3.8102 -28.9413 -59.1936
      vertex 7.5552 -28.1964 -59.1936
      vertex 4.78609 -36.3539 -54.877
    endloop
  endfacet
  facet normal 0.0977 -0.491182 -0.86556
    outer loop
      vertex 7.5552 -28.1964 -59.1936
      vertex 9.49028 -35.4182 -54.877
      vertex 4.78609 -36.3539 -54.877
    endloop
  endfacet
  facet normal 0.160983 -0.474226 -0.86556
    outer loop
      vertex 7.5552 -28.1964 -59.1936
      vertex 11.1709 -26.969 -59.1936
      vertex 9.49028 -35.4182 -54.877
    endloop
  endfacet
  facet normal 0.160973 -0.474225 -0.865562
    outer loop
      vertex 11.1709 -26.969 -59.1936
      vertex 14.0321 -33.8765 -54.877
      vertex 9.49028 -35.4182 -54.877
    endloop
  endfacet
  facet normal 0.221496 -0.449156 -0.865563
    outer loop
      vertex 11.1709 -26.969 -59.1936
      vertex 14.5955 -25.2802 -59.1936
      vertex 14.0321 -33.8765 -54.877
    endloop
  endfacet
  facet normal 0.221503 -0.449155 -0.865561
    outer loop
      vertex 14.5955 -25.2802 -59.1936
      vertex 18.3338 -31.7551 -54.877
      vertex 14.0321 -33.8765 -54.877
    endloop
  endfacet
  facet normal 0.278232 -0.416403 -0.865561
    outer loop
      vertex 14.5955 -25.2802 -59.1936
      vertex 17.7704 -23.1588 -59.1936
      vertex 18.3338 -31.7551 -54.877
    endloop
  endfacet
  facet normal 0.278232 -0.416403 -0.865561
    outer loop
      vertex 17.7704 -23.1588 -59.1936
      vertex 22.3218 -29.0904 -54.877
      vertex 18.3338 -31.7551 -54.877
    endloop
  endfacet
  facet normal 0.330201 -0.376526 -0.865561
    outer loop
      vertex 17.7704 -23.1588 -59.1936
      vertex 20.6412 -20.6412 -59.1936
      vertex 22.3218 -29.0904 -54.877
    endloop
  endfacet
  facet normal 0.330207 -0.376524 -0.865559
    outer loop
      vertex 20.6412 -20.6412 -59.1936
      vertex 25.9279 -25.9279 -54.877
      vertex 22.3218 -29.0904 -54.877
    endloop
  endfacet
  facet normal 0.376528 -0.330203 -0.865559
    outer loop
      vertex 20.6412 -20.6412 -59.1936
      vertex 23.1588 -17.7704 -59.1936
      vertex 25.9279 -25.9279 -54.877
    endloop
  endfacet
  facet normal 0.376523 -0.330205 -0.865561
    outer loop
      vertex 23.1588 -17.7704 -59.1936
      vertex 29.0904 -22.3218 -54.877
      vertex 25.9279 -25.9279 -54.877
    endloop
  endfacet
  facet normal 0.416403 -0.278232 -0.865561
    outer loop
      vertex 23.1588 -17.7704 -59.1936
      vertex 25.2802 -14.5955 -59.1936
      vertex 29.0904 -22.3218 -54.877
    endloop
  endfacet
  facet normal 0.416403 -0.278232 -0.865561
    outer loop
      vertex 25.2802 -14.5955 -59.1936
      vertex 31.7551 -18.3338 -54.877
      vertex 29.0904 -22.3218 -54.877
    endloop
  endfacet
  facet normal 0.449159 -0.221497 -0.865561
    outer loop
      vertex 25.2802 -14.5955 -59.1936
      vertex 26.969 -11.1709 -59.1936
      vertex 31.7551 -18.3338 -54.877
    endloop
  endfacet
  facet normal 0.449153 -0.221502 -0.865562
    outer loop
      vertex 26.969 -11.1709 -59.1936
      vertex 33.8765 -14.0321 -54.877
      vertex 31.7551 -18.3338 -54.877
    endloop
  endfacet
  facet normal 0.474222 -0.160981 -0.865563
    outer loop
      vertex 26.969 -11.1709 -59.1936
      vertex 28.1964 -7.5552 -59.1936
      vertex 33.8765 -14.0321 -54.877
    endloop
  endfacet
  facet normal 0.474228 -0.160975 -0.865561
    outer loop
      vertex 28.1964 -7.5552 -59.1936
      vertex 35.4182 -9.49028 -54.877
      vertex 33.8765 -14.0321 -54.877
    endloop
  endfacet
  facet normal 0.491183 -0.0976988 -0.86556
    outer loop
      vertex 28.1964 -7.5552 -59.1936
      vertex 28.9413 -3.8102 -59.1936
      vertex 35.4182 -9.49028 -54.877
    endloop
  endfacet
  facet normal 0.491182 -0.0976999 -0.865561
    outer loop
      vertex 28.9413 -3.8102 -59.1936
      vertex 36.3539 -4.78609 -54.877
      vertex 35.4182 -9.49028 -54.877
    endloop
  endfacet
  facet normal 0.499731 -0.0327628 -0.865561
    outer loop
      vertex 28.9413 -3.8102 -59.1936
      vertex 29.1911 0 -59.1936
      vertex 36.3539 -4.78609 -54.877
    endloop
  endfacet
  facet normal 0.499735 -0.0327547 -0.865559
    outer loop
      vertex 29.1911 0 -59.1936
      vertex 36.6676 0 -54.877
      vertex 36.3539 -4.78609 -54.877
    endloop
  endfacet
  facet normal 0.382562 0.0250749 -0.923589
    outer loop
      vertex 21.215 0 -62.4974
      vertex 21.0335 2.76911 -62.4974
      vertex 29.1911 0 -59.1936
    endloop
  endfacet
  facet normal 0.382564 0.0250812 -0.923588
    outer loop
      vertex 21.0335 2.76911 -62.4974
      vertex 28.9413 3.8102 -59.1936
      vertex 29.1911 0 -59.1936
    endloop
  endfacet
  facet normal 0.376019 0.0747965 -0.923588
    outer loop
      vertex 21.0335 2.76911 -62.4974
      vertex 20.4921 5.49085 -62.4974
      vertex 28.9413 3.8102 -59.1936
    endloop
  endfacet
  facet normal 0.376018 0.074792 -0.923589
    outer loop
      vertex 20.4921 5.49085 -62.4974
      vertex 28.1964 7.5552 -59.1936
      vertex 28.9413 3.8102 -59.1936
    endloop
  endfacet
  facet normal 0.363038 0.123233 -0.923589
    outer loop
      vertex 20.4921 5.49085 -62.4974
      vertex 19.6001 8.11863 -62.4974
      vertex 28.1964 7.5552 -59.1936
    endloop
  endfacet
  facet normal 0.363038 0.123238 -0.923588
    outer loop
      vertex 19.6001 8.11863 -62.4974
      vertex 26.969 11.1709 -59.1936
      vertex 28.1964 7.5552 -59.1936
    endloop
  endfacet
  facet normal 0.343847 0.16957 -0.923588
    outer loop
      vertex 19.6001 8.11863 -62.4974
      vertex 18.3727 10.6075 -62.4974
      vertex 26.969 11.1709 -59.1936
    endloop
  endfacet
  facet normal 0.343848 0.169564 -0.923589
    outer loop
      vertex 18.3727 10.6075 -62.4974
      vertex 25.2802 14.5955 -59.1936
      vertex 26.969 11.1709 -59.1936
    endloop
  endfacet
  facet normal 0.318776 0.212991 -0.923589
    outer loop
      vertex 18.3727 10.6075 -62.4974
      vertex 16.831 12.9149 -62.4974
      vertex 25.2802 14.5955 -59.1936
    endloop
  endfacet
  facet normal 0.318774 0.212998 -0.923588
    outer loop
      vertex 16.831 12.9149 -62.4974
      vertex 23.1588 17.7704 -59.1936
      vertex 25.2802 14.5955 -59.1936
    endloop
  endfacet
  facet normal 0.288247 0.252782 -0.923588
    outer loop
      vertex 16.831 12.9149 -62.4974
      vertex 15.0013 15.0013 -62.4974
      vertex 23.1588 17.7704 -59.1936
    endloop
  endfacet
  facet normal 0.288246 0.252783 -0.923588
    outer loop
      vertex 15.0013 15.0013 -62.4974
      vertex 20.6412 20.6412 -59.1936
      vertex 23.1588 17.7704 -59.1936
    endloop
  endfacet
  facet normal 0.252782 0.288247 -0.923588
    outer loop
      vertex 15.0013 15.0013 -62.4974
      vertex 12.9149 16.831 -62.4974
      vertex 20.6412 20.6412 -59.1936
    endloop
  endfacet
  facet normal 0.252783 0.288246 -0.923588
    outer loop
      vertex 12.9149 16.831 -62.4974
      vertex 17.7704 23.1588 -59.1936
      vertex 20.6412 20.6412 -59.1936
    endloop
  endfacet
  facet normal 0.212993 0.318778 -0.923588
    outer loop
      vertex 12.9149 16.831 -62.4974
      vertex 10.6075 18.3727 -62.4974
      vertex 17.7704 23.1588 -59.1936
    endloop
  endfacet
  facet normal 0.212997 0.318773 -0.923589
    outer loop
      vertex 10.6075 18.3727 -62.4974
      vertex 14.5955 25.2802 -59.1936
      vertex 17.7704 23.1588 -59.1936
    endloop
  endfacet
  facet normal 0.169569 0.343845 -0.923589
    outer loop
      vertex 10.6075 18.3727 -62.4974
      vertex 8.11863 19.6001 -62.4974
      vertex 14.5955 25.2802 -59.1936
    endloop
  endfacet
  facet normal 0.169565 0.343849 -0.923588
    outer loop
      vertex 8.11863 19.6001 -62.4974
      vertex 11.1709 26.969 -59.1936
      vertex 14.5955 25.2802 -59.1936
    endloop
  endfacet
  facet normal 0.123234 0.36304 -0.923588
    outer loop
      vertex 8.11863 19.6001 -62.4974
      vertex 5.49085 20.4921 -62.4974
      vertex 11.1709 26.969 -59.1936
    endloop
  endfacet
  facet normal 0.123238 0.363037 -0.923589
    outer loop
      vertex 5.49085 20.4921 -62.4974
      vertex 7.5552 28.1964 -59.1936
      vertex 11.1709 26.969 -59.1936
    endloop
  endfacet
  facet normal 0.0747961 0.376017 -0.923589
    outer loop
      vertex 5.49085 20.4921 -62.4974
      vertex 2.76911 21.0335 -62.4974
      vertex 7.5552 28.1964 -59.1936
    endloop
  endfacet
  facet normal 0.0747922 0.376019 -0.923588
    outer loop
      vertex 2.76911 21.0335 -62.4974
      vertex 3.8102 28.9413 -59.1936
      vertex 7.5552 28.1964 -59.1936
    endloop
  endfacet
  facet normal 0.025075 0.382565 -0.923588
    outer loop
      vertex 2.76911 21.0335 -62.4974
      vertex 0 21.215 -62.4974
      vertex 3.8102 28.9413 -59.1936
    endloop
  endfacet
  facet normal 0.0250811 0.382562 -0.923589
    outer loop
      vertex 0 21.215 -62.4974
      vertex 0 29.1911 -59.1936
      vertex 3.8102 28.9413 -59.1936
    endloop
  endfacet
  facet normal -0.0250749 0.382562 -0.923589
    outer loop
      vertex 0 21.215 -62.4974
      vertex -2.76911 21.0335 -62.4974
      vertex 0 29.1911 -59.1936
    endloop
  endfacet
  facet normal -0.0250812 0.382564 -0.923588
    outer loop
      vertex -2.76911 21.0335 -62.4974
      vertex -3.8102 28.9413 -59.1936
      vertex 0 29.1911 -59.1936
    endloop
  endfacet
  facet normal -0.0747965 0.376019 -0.923588
    outer loop
      vertex -2.76911 21.0335 -62.4974
      vertex -5.49085 20.4921 -62.4974
      vertex -3.8102 28.9413 -59.1936
    endloop
  endfacet
  facet normal -0.074792 0.376018 -0.923589
    outer loop
      vertex -5.49085 20.4921 -62.4974
      vertex -7.5552 28.1964 -59.1936
      vertex -3.8102 28.9413 -59.1936
    endloop
  endfacet
  facet normal -0.123233 0.363038 -0.923589
    outer loop
      vertex -5.49085 20.4921 -62.4974
      vertex -8.11863 19.6001 -62.4974
      vertex -7.5552 28.1964 -59.1936
    endloop
  endfacet
  facet normal -0.123238 0.363038 -0.923588
    outer loop
      vertex -8.11863 19.6001 -62.4974
      vertex -11.1709 26.969 -59.1936
      vertex -7.5552 28.1964 -59.1936
    endloop
  endfacet
  facet normal -0.16957 0.343847 -0.923588
    outer loop
      vertex -8.11863 19.6001 -62.4974
      vertex -10.6075 18.3727 -62.4974
      vertex -11.1709 26.969 -59.1936
    endloop
  endfacet
  facet normal -0.169564 0.343848 -0.923589
    outer loop
      vertex -10.6075 18.3727 -62.4974
      vertex -14.5955 25.2802 -59.1936
      vertex -11.1709 26.969 -59.1936
    endloop
  endfacet
  facet normal -0.212991 0.318776 -0.923589
    outer loop
      vertex -10.6075 18.3727 -62.4974
      vertex -12.9149 16.831 -62.4974
      vertex -14.5955 25.2802 -59.1936
    endloop
  endfacet
  facet normal -0.212998 0.318774 -0.923588
    outer loop
      vertex -12.9149 16.831 -62.4974
      vertex -17.7704 23.1588 -59.1936
      vertex -14.5955 25.2802 -59.1936
    endloop
  endfacet
  facet normal -0.252782 0.288247 -0.923588
    outer loop
      vertex -12.9149 16.831 -62.4974
      vertex -15.0013 15.0013 -62.4974
      vertex -17.7704 23.1588 -59.1936
    endloop
  endfacet
  facet normal -0.252783 0.288246 -0.923588
    outer loop
      vertex -15.0013 15.0013 -62.4974
      vertex -20.6412 20.6412 -59.1936
      vertex -17.7704 23.1588 -59.1936
    endloop
  endfacet
  facet normal -0.288247 0.252782 -0.923588
    outer loop
      vertex -15.0013 15.0013 -62.4974
      vertex -16.831 12.9149 -62.4974
      vertex -20.6412 20.6412 -59.1936
    endloop
  endfacet
  facet normal -0.288246 0.252783 -0.923588
    outer loop
      vertex -16.831 12.9149 -62.4974
      vertex -23.1588 17.7704 -59.1936
      vertex -20.6412 20.6412 -59.1936
    endloop
  endfacet
  facet normal -0.318778 0.212993 -0.923588
    outer loop
      vertex -16.831 12.9149 -62.4974
      vertex -18.3727 10.6075 -62.4974
      vertex -23.1588 17.7704 -59.1936
    endloop
  endfacet
  facet normal -0.318773 0.212997 -0.923589
    outer loop
      vertex -18.3727 10.6075 -62.4974
      vertex -25.2802 14.5955 -59.1936
      vertex -23.1588 17.7704 -59.1936
    endloop
  endfacet
  facet normal -0.343845 0.169569 -0.923589
    outer loop
      vertex -18.3727 10.6075 -62.4974
      vertex -19.6001 8.11863 -62.4974
      vertex -25.2802 14.5955 -59.1936
    endloop
  endfacet
  facet normal -0.343849 0.169565 -0.923588
    outer loop
      vertex -19.6001 8.11863 -62.4974
      vertex -26.969 11.1709 -59.1936
      vertex -25.2802 14.5955 -59.1936
    endloop
  endfacet
  facet normal -0.36304 0.123234 -0.923588
    outer loop
      vertex -19.6001 8.11863 -62.4974
      vertex -20.4921 5.49085 -62.4974
      vertex -26.969 11.1709 -59.1936
    endloop
  endfacet
  facet normal -0.363037 0.123238 -0.923589
    outer loop
      vertex -20.4921 5.49085 -62.4974
      vertex -28.1964 7.5552 -59.1936
      vertex -26.969 11.1709 -59.1936
    endloop
  endfacet
  facet normal -0.376017 0.0747961 -0.923589
    outer loop
      vertex -20.4921 5.49085 -62.4974
      vertex -21.0335 2.76911 -62.4974
      vertex -28.1964 7.5552 -59.1936
    endloop
  endfacet
  facet normal -0.376019 0.0747922 -0.923588
    outer loop
      vertex -21.0335 2.76911 -62.4974
      vertex -28.9413 3.8102 -59.1936
      vertex -28.1964 7.5552 -59.1936
    endloop
  endfacet
  facet normal -0.382565 0.025075 -0.923588
    outer loop
      vertex -21.0335 2.76911 -62.4974
      vertex -21.215 -0 -62.4974
      vertex -28.9413 3.8102 -59.1936
    endloop
  endfacet
  facet normal -0.382562 0.0250811 -0.923589
    outer loop
      vertex -21.215 -0 -62.4974
      vertex -29.1911 -0 -59.1936
      vertex -28.9413 3.8102 -59.1936
    endloop
  endfacet
  facet normal -0.382562 -0.0250749 -0.923589
    outer loop
      vertex -21.215 -0 -62.4974
      vertex -21.0335 -2.76911 -62.4974
      vertex -29.1911 -0 -59.1936
    endloop
  endfacet
  facet normal -0.382564 -0.0250812 -0.923588
    outer loop
      vertex -21.0335 -2.76911 -62.4974
      vertex -28.9413 -3.8102 -59.1936
      vertex -29.1911 -0 -59.1936
    endloop
  endfacet
  facet normal -0.376019 -0.0747965 -0.923588
    outer loop
      vertex -21.0335 -2.76911 -62.4974
      vertex -20.4921 -5.49085 -62.4974
      vertex -28.9413 -3.8102 -59.1936
    endloop
  endfacet
  facet normal -0.376018 -0.074792 -0.923589
    outer loop
      vertex -20.4921 -5.49085 -62.4974
      vertex -28.1964 -7.5552 -59.1936
      vertex -28.9413 -3.8102 -59.1936
    endloop
  endfacet
  facet normal -0.363038 -0.123233 -0.923589
    outer loop
      vertex -20.4921 -5.49085 -62.4974
      vertex -19.6001 -8.11863 -62.4974
      vertex -28.1964 -7.5552 -59.1936
    endloop
  endfacet
  facet normal -0.363038 -0.123238 -0.923588
    outer loop
      vertex -19.6001 -8.11863 -62.4974
      vertex -26.969 -11.1709 -59.1936
      vertex -28.1964 -7.5552 -59.1936
    endloop
  endfacet
  facet normal -0.343847 -0.16957 -0.923588
    outer loop
      vertex -19.6001 -8.11863 -62.4974
      vertex -18.3727 -10.6075 -62.4974
      vertex -26.969 -11.1709 -59.1936
    endloop
  endfacet
  facet normal -0.343848 -0.169564 -0.923589
    outer loop
      vertex -18.3727 -10.6075 -62.4974
      vertex -25.2802 -14.5955 -59.1936
      vertex -26.969 -11.1709 -59.1936
    endloop
  endfacet
  facet normal -0.318776 -0.212991 -0.923589
    outer loop
      vertex -18.3727 -10.6075 -62.4974
      vertex -16.831 -12.9149 -62.4974
      vertex -25.2802 -14.5955 -59.1936
    endloop
  endfacet
  facet normal -0.318774 -0.212998 -0.923588
    outer loop
      vertex -16.831 -12.9149 -62.4974
      vertex -23.1588 -17.7704 -59.1936
      vertex -25.2802 -14.5955 -59.1936
    endloop
  endfacet
  facet normal -0.288247 -0.252782 -0.923588
    outer loop
      vertex -16.831 -12.9149 -62.4974
      vertex -15.0013 -15.0013 -62.4974
      vertex -23.1588 -17.7704 -59.1936
    endloop
  endfacet
  facet normal -0.288246 -0.252783 -0.923588
    outer loop
      vertex -15.0013 -15.0013 -62.4974
      vertex -20.6412 -20.6412 -59.1936
      vertex -23.1588 -17.7704 -59.1936
    endloop
  endfacet
  facet normal -0.252782 -0.288247 -0.923588
    outer loop
      vertex -15.0013 -15.0013 -62.4974
      vertex -12.9149 -16.831 -62.4974
      vertex -20.6412 -20.6412 -59.1936
    endloop
  endfacet
  facet normal -0.252783 -0.288246 -0.923588
    outer loop
      vertex -12.9149 -16.831 -62.4974
      vertex -17.7704 -23.1588 -59.1936
      vertex -20.6412 -20.6412 -59.1936
    endloop
  endfacet
  facet normal -0.212993 -0.318778 -0.923588
    outer loop
      vertex -12.9149 -16.831 -62.4974
      vertex -10.6075 -18.3727 -62.4974
      vertex -17.7704 -23.1588 -59.1936
    endloop
  endfacet
  facet normal -0.212997 -0.318773 -0.923589
    outer loop
      vertex -10.6075 -18.3727 -62.4974
      vertex -14.5955 -25.2802 -59.1936
      vertex -17.7704 -23.1588 -59.1936
    endloop
  endfacet
  facet normal -0.169569 -0.343845 -0.923589
    outer loop
      vertex -10.6075 -18.3727 -62.4974
      vertex -8.11863 -19.6001 -62.4974
      vertex -14.5955 -25.2802 -59.1936
    endloop
  endfacet
  facet normal -0.169565 -0.343849 -0.923588
    outer loop
      vertex -8.11863 -19.6001 -62.4974
      vertex -11.1709 -26.969 -59.1936
      vertex -14.5955 -25.2802 -59.1936
    endloop
  endfacet
  facet normal -0.123234 -0.36304 -0.923588
    outer loop
      vertex -8.11863 -19.6001 -62.4974
      vertex -5.49085 -20.4921 -62.4974
      vertex -11.1709 -26.969 -59.1936
    endloop
  endfacet
  facet normal -0.123238 -0.363037 -0.923589
    outer loop
      vertex -5.49085 -20.4921 -62.4974
      vertex -7.5552 -28.1964 -59.1936
      vertex -11.1709 -26.969 -59.1936
    endloop
  endfacet
  facet normal -0.0747961 -0.376017 -0.923589
    outer loop
      vertex -5.49085 -20.4921 -62.4974
      vertex -2.76911 -21.0335 -62.4974
      vertex -7.5552 -28.1964 -59.1936
    endloop
  endfacet
  facet normal -0.0747922 -0.376019 -0.923588
    outer loop
      vertex -2.76911 -21.0335 -62.4974
      vertex -3.8102 -28.9413 -59.1936
      vertex -7.5552 -28.1964 -59.1936
    endloop
  endfacet
  facet normal -0.025075 -0.382565 -0.923588
    outer loop
      vertex -2.76911 -21.0335 -62.4974
      vertex -0 -21.215 -62.4974
      vertex -3.8102 -28.9413 -59.1936
    endloop
  endfacet
  facet normal -0.0250811 -0.382562 -0.923589
    outer loop
      vertex -0 -21.215 -62.4974
      vertex -0 -29.1911 -59.1936
      vertex -3.8102 -28.9413 -59.1936
    endloop
  endfacet
  facet normal 0.0250749 -0.382562 -0.923589
    outer loop
      vertex -0 -21.215 -62.4974
      vertex 2.76911 -21.0335 -62.4974
      vertex -0 -29.1911 -59.1936
    endloop
  endfacet
  facet normal 0.0250812 -0.382564 -0.923588
    outer loop
      vertex 2.76911 -21.0335 -62.4974
      vertex 3.8102 -28.9413 -59.1936
      vertex -0 -29.1911 -59.1936
    endloop
  endfacet
  facet normal 0.0747965 -0.376019 -0.923588
    outer loop
      vertex 2.76911 -21.0335 -62.4974
      vertex 5.49085 -20.4921 -62.4974
      vertex 3.8102 -28.9413 -59.1936
    endloop
  endfacet
  facet normal 0.074792 -0.376018 -0.923589
    outer loop
      vertex 5.49085 -20.4921 -62.4974
      vertex 7.5552 -28.1964 -59.1936
      vertex 3.8102 -28.9413 -59.1936
    endloop
  endfacet
  facet normal 0.123233 -0.363038 -0.923589
    outer loop
      vertex 5.49085 -20.4921 -62.4974
      vertex 8.11863 -19.6001 -62.4974
      vertex 7.5552 -28.1964 -59.1936
    endloop
  endfacet
  facet normal 0.123238 -0.363038 -0.923588
    outer loop
      vertex 8.11863 -19.6001 -62.4974
      vertex 11.1709 -26.969 -59.1936
      vertex 7.5552 -28.1964 -59.1936
    endloop
  endfacet
  facet normal 0.16957 -0.343847 -0.923588
    outer loop
      vertex 8.11863 -19.6001 -62.4974
      vertex 10.6075 -18.3727 -62.4974
      vertex 11.1709 -26.969 -59.1936
    endloop
  endfacet
  facet normal 0.169564 -0.343848 -0.923589
    outer loop
      vertex 10.6075 -18.3727 -62.4974
      vertex 14.5955 -25.2802 -59.1936
      vertex 11.1709 -26.969 -59.1936
    endloop
  endfacet
  facet normal 0.212991 -0.318776 -0.923589
    outer loop
      vertex 10.6075 -18.3727 -62.4974
      vertex 12.9149 -16.831 -62.4974
      vertex 14.5955 -25.2802 -59.1936
    endloop
  endfacet
  facet normal 0.212998 -0.318774 -0.923588
    outer loop
      vertex 12.9149 -16.831 -62.4974
      vertex 17.7704 -23.1588 -59.1936
      vertex 14.5955 -25.2802 -59.1936
    endloop
  endfacet
  facet normal 0.252782 -0.288247 -0.923588
    outer loop
      vertex 12.9149 -16.831 -62.4974
      vertex 15.0013 -15.0013 -62.4974
      vertex 17.7704 -23.1588 -59.1936
    endloop
  endfacet
  facet normal 0.252783 -0.288246 -0.923588
    outer loop
      vertex 15.0013 -15.0013 -62.4974
      vertex 20.6412 -20.6412 -59.1936
      vertex 17.7704 -23.1588 -59.1936
    endloop
  endfacet
  facet normal 0.288247 -0.252782 -0.923588
    outer loop
      vertex 15.0013 -15.0013 -62.4974
      vertex 16.831 -12.9149 -62.4974
      vertex 20.6412 -20.6412 -59.1936
    endloop
  endfacet
  facet normal 0.288246 -0.252783 -0.923588
    outer loop
      vertex 16.831 -12.9149 -62.4974
      vertex 23.1588 -17.7704 -59.1936
      vertex 20.6412 -20.6412 -59.1936
    endloop
  endfacet
  facet normal 0.318778 -0.212993 -0.923588
    outer loop
      vertex 16.831 -12.9149 -62.4974
      vertex 18.3727 -10.6075 -62.4974
      vertex 23.1588 -17.7704 -59.1936
    endloop
  endfacet
  facet normal 0.318773 -0.212997 -0.923589
    outer loop
      vertex 18.3727 -10.6075 -62.4974
      vertex 25.2802 -14.5955 -59.1936
      vertex 23.1588 -17.7704 -59.1936
    endloop
  endfacet
  facet normal 0.343845 -0.169569 -0.923589
    outer loop
      vertex 18.3727 -10.6075 -62.4974
      vertex 19.6001 -8.11863 -62.4974
      vertex 25.2802 -14.5955 -59.1936
    endloop
  endfacet
  facet normal 0.343849 -0.169565 -0.923588
    outer loop
      vertex 19.6001 -8.11863 -62.4974
      vertex 26.969 -11.1709 -59.1936
      vertex 25.2802 -14.5955 -59.1936
    endloop
  endfacet
  facet normal 0.36304 -0.123234 -0.923588
    outer loop
      vertex 19.6001 -8.11863 -62.4974
      vertex 20.4921 -5.49085 -62.4974
      vertex 26.969 -11.1709 -59.1936
    endloop
  endfacet
  facet normal 0.363037 -0.123238 -0.923589
    outer loop
      vertex 20.4921 -5.49085 -62.4974
      vertex 28.1964 -7.5552 -59.1936
      vertex 26.969 -11.1709 -59.1936
    endloop
  endfacet
  facet normal 0.376017 -0.0747961 -0.923589
    outer loop
      vertex 20.4921 -5.49085 -62.4974
      vertex 21.0335 -2.76911 -62.4974
      vertex 28.1964 -7.5552 -59.1936
    endloop
  endfacet
  facet normal 0.376019 -0.0747922 -0.923588
    outer loop
      vertex 21.0335 -2.76911 -62.4974
      vertex 28.9413 -3.8102 -59.1936
      vertex 28.1964 -7.5552 -59.1936
    endloop
  endfacet
  facet normal 0.382565 -0.025075 -0.923588
    outer loop
      vertex 21.0335 -2.76911 -62.4974
      vertex 21.215 0 -62.4974
      vertex 28.9413 -3.8102 -59.1936
    endloop
  endfacet
  facet normal 0.382562 -0.0250811 -0.923589
    outer loop
      vertex 21.215 0 -62.4974
      vertex 29.1911 0 -59.1936
      vertex 28.9413 -3.8102 -59.1936
    endloop
  endfacet
  facet normal 0.258779 0.0169681 -0.965788
    outer loop
      vertex 12.876 0 -64.7318
      vertex 12.7658 1.68065 -64.7318
      vertex 21.215 0 -62.4974
    endloop
  endfacet
  facet normal 0.258778 0.0169614 -0.965788
    outer loop
      vertex 12.7658 1.68065 -64.7318
      vertex 21.0335 2.76911 -62.4974
      vertex 21.215 0 -62.4974
    endloop
  endfacet
  facet normal 0.254349 0.0505961 -0.965788
    outer loop
      vertex 12.7658 1.68065 -64.7318
      vertex 12.4372 3.33254 -64.7318
      vertex 21.0335 2.76911 -62.4974
    endloop
  endfacet
  facet normal 0.254349 0.0505944 -0.965788
    outer loop
      vertex 12.4372 3.33254 -64.7318
      vertex 20.4921 5.49085 -62.4974
      vertex 21.0335 2.76911 -62.4974
    endloop
  endfacet
  facet normal 0.245569 0.0833613 -0.965788
    outer loop
      vertex 12.4372 3.33254 -64.7318
      vertex 11.8958 4.92742 -64.7318
      vertex 20.4921 5.49085 -62.4974
    endloop
  endfacet
  facet normal 0.24557 0.0833586 -0.965788
    outer loop
      vertex 11.8958 4.92742 -64.7318
      vertex 19.6001 8.11863 -62.4974
      vertex 20.4921 5.49085 -62.4974
    endloop
  endfacet
  facet normal 0.232589 0.114696 -0.965788
    outer loop
      vertex 11.8958 4.92742 -64.7318
      vertex 11.1509 6.43798 -64.7318
      vertex 19.6001 8.11863 -62.4974
    endloop
  endfacet
  facet normal 0.232588 0.114702 -0.965788
    outer loop
      vertex 11.1509 6.43798 -64.7318
      vertex 18.3727 10.6075 -62.4974
      vertex 19.6001 8.11863 -62.4974
    endloop
  endfacet
  facet normal 0.215629 0.144075 -0.965788
    outer loop
      vertex 11.1509 6.43798 -64.7318
      vertex 10.2152 7.83839 -64.7318
      vertex 18.3727 10.6075 -62.4974
    endloop
  endfacet
  facet normal 0.21563 0.144074 -0.965788
    outer loop
      vertex 10.2152 7.83839 -64.7318
      vertex 16.831 12.9149 -62.4974
      vertex 18.3727 10.6075 -62.4974
    endloop
  endfacet
  facet normal 0.194976 0.170991 -0.965788
    outer loop
      vertex 10.2152 7.83839 -64.7318
      vertex 9.10468 9.10468 -64.7318
      vertex 16.831 12.9149 -62.4974
    endloop
  endfacet
  facet normal 0.194977 0.170988 -0.965788
    outer loop
      vertex 9.10468 9.10468 -64.7318
      vertex 15.0013 15.0013 -62.4974
      vertex 16.831 12.9149 -62.4974
    endloop
  endfacet
  facet normal 0.17099 0.194975 -0.965788
    outer loop
      vertex 9.10468 9.10468 -64.7318
      vertex 7.83839 10.2152 -64.7318
      vertex 15.0013 15.0013 -62.4974
    endloop
  endfacet
  facet normal 0.170988 0.194978 -0.965788
    outer loop
      vertex 7.83839 10.2152 -64.7318
      vertex 12.9149 16.831 -62.4974
      vertex 15.0013 15.0013 -62.4974
    endloop
  endfacet
  facet normal 0.144075 0.215629 -0.965788
    outer loop
      vertex 7.83839 10.2152 -64.7318
      vertex 6.43798 11.1509 -64.7318
      vertex 12.9149 16.831 -62.4974
    endloop
  endfacet
  facet normal 0.144074 0.21563 -0.965788
    outer loop
      vertex 6.43798 11.1509 -64.7318
      vertex 10.6075 18.3727 -62.4974
      vertex 12.9149 16.831 -62.4974
    endloop
  endfacet
  facet normal 0.114697 0.232591 -0.965788
    outer loop
      vertex 6.43798 11.1509 -64.7318
      vertex 4.92742 11.8958 -64.7318
      vertex 10.6075 18.3727 -62.4974
    endloop
  endfacet
  facet normal 0.114702 0.232587 -0.965788
    outer loop
      vertex 4.92742 11.8958 -64.7318
      vertex 8.11863 19.6001 -62.4974
      vertex 10.6075 18.3727 -62.4974
    endloop
  endfacet
  facet normal 0.0833611 0.245569 -0.965788
    outer loop
      vertex 4.92742 11.8958 -64.7318
      vertex 3.33254 12.4372 -64.7318
      vertex 8.11863 19.6001 -62.4974
    endloop
  endfacet
  facet normal 0.0833588 0.24557 -0.965788
    outer loop
      vertex 3.33254 12.4372 -64.7318
      vertex 5.49085 20.4921 -62.4974
      vertex 8.11863 19.6001 -62.4974
    endloop
  endfacet
  facet normal 0.050596 0.254349 -0.965788
    outer loop
      vertex 3.33254 12.4372 -64.7318
      vertex 1.68065 12.7658 -64.7318
      vertex 5.49085 20.4921 -62.4974
    endloop
  endfacet
  facet normal 0.0505944 0.25435 -0.965788
    outer loop
      vertex 1.68065 12.7658 -64.7318
      vertex 2.76911 21.0335 -62.4974
      vertex 5.49085 20.4921 -62.4974
    endloop
  endfacet
  facet normal 0.016968 0.258777 -0.965788
    outer loop
      vertex 1.68065 12.7658 -64.7318
      vertex 0 12.876 -64.7318
      vertex 2.76911 21.0335 -62.4974
    endloop
  endfacet
  facet normal 0.0169615 0.258779 -0.965788
    outer loop
      vertex 0 12.876 -64.7318
      vertex 0 21.215 -62.4974
      vertex 2.76911 21.0335 -62.4974
    endloop
  endfacet
  facet normal -0.0169681 0.258779 -0.965788
    outer loop
      vertex 0 12.876 -64.7318
      vertex -1.68065 12.7658 -64.7318
      vertex 0 21.215 -62.4974
    endloop
  endfacet
  facet normal -0.0169614 0.258778 -0.965788
    outer loop
      vertex -1.68065 12.7658 -64.7318
      vertex -2.76911 21.0335 -62.4974
      vertex 0 21.215 -62.4974
    endloop
  endfacet
  facet normal -0.0505961 0.254349 -0.965788
    outer loop
      vertex -1.68065 12.7658 -64.7318
      vertex -3.33254 12.4372 -64.7318
      vertex -2.76911 21.0335 -62.4974
    endloop
  endfacet
  facet normal -0.0505944 0.254349 -0.965788
    outer loop
      vertex -3.33254 12.4372 -64.7318
      vertex -5.49085 20.4921 -62.4974
      vertex -2.76911 21.0335 -62.4974
    endloop
  endfacet
  facet normal -0.0833613 0.245569 -0.965788
    outer loop
      vertex -3.33254 12.4372 -64.7318
      vertex -4.92742 11.8958 -64.7318
      vertex -5.49085 20.4921 -62.4974
    endloop
  endfacet
  facet normal -0.0833586 0.24557 -0.965788
    outer loop
      vertex -4.92742 11.8958 -64.7318
      vertex -8.11863 19.6001 -62.4974
      vertex -5.49085 20.4921 -62.4974
    endloop
  endfacet
  facet normal -0.114696 0.232589 -0.965788
    outer loop
      vertex -4.92742 11.8958 -64.7318
      vertex -6.43798 11.1509 -64.7318
      vertex -8.11863 19.6001 -62.4974
    endloop
  endfacet
  facet normal -0.114702 0.232588 -0.965788
    outer loop
      vertex -6.43798 11.1509 -64.7318
      vertex -10.6075 18.3727 -62.4974
      vertex -8.11863 19.6001 -62.4974
    endloop
  endfacet
  facet normal -0.144075 0.215629 -0.965788
    outer loop
      vertex -6.43798 11.1509 -64.7318
      vertex -7.83839 10.2152 -64.7318
      vertex -10.6075 18.3727 -62.4974
    endloop
  endfacet
  facet normal -0.144074 0.21563 -0.965788
    outer loop
      vertex -7.83839 10.2152 -64.7318
      vertex -12.9149 16.831 -62.4974
      vertex -10.6075 18.3727 -62.4974
    endloop
  endfacet
  facet normal -0.170991 0.194976 -0.965788
    outer loop
      vertex -7.83839 10.2152 -64.7318
      vertex -9.10468 9.10468 -64.7318
      vertex -12.9149 16.831 -62.4974
    endloop
  endfacet
  facet normal -0.170988 0.194977 -0.965788
    outer loop
      vertex -9.10468 9.10468 -64.7318
      vertex -15.0013 15.0013 -62.4974
      vertex -12.9149 16.831 -62.4974
    endloop
  endfacet
  facet normal -0.194975 0.17099 -0.965788
    outer loop
      vertex -9.10468 9.10468 -64.7318
      vertex -10.2152 7.83839 -64.7318
      vertex -15.0013 15.0013 -62.4974
    endloop
  endfacet
  facet normal -0.194978 0.170988 -0.965788
    outer loop
      vertex -10.2152 7.83839 -64.7318
      vertex -16.831 12.9149 -62.4974
      vertex -15.0013 15.0013 -62.4974
    endloop
  endfacet
  facet normal -0.215629 0.144075 -0.965788
    outer loop
      vertex -10.2152 7.83839 -64.7318
      vertex -11.1509 6.43798 -64.7318
      vertex -16.831 12.9149 -62.4974
    endloop
  endfacet
  facet normal -0.21563 0.144074 -0.965788
    outer loop
      vertex -11.1509 6.43798 -64.7318
      vertex -18.3727 10.6075 -62.4974
      vertex -16.831 12.9149 -62.4974
    endloop
  endfacet
  facet normal -0.232591 0.114697 -0.965788
    outer loop
      vertex -11.1509 6.43798 -64.7318
      vertex -11.8958 4.92742 -64.7318
      vertex -18.3727 10.6075 -62.4974
    endloop
  endfacet
  facet normal -0.232587 0.114702 -0.965788
    outer loop
      vertex -11.8958 4.92742 -64.7318
      vertex -19.6001 8.11863 -62.4974
      vertex -18.3727 10.6075 -62.4974
    endloop
  endfacet
  facet normal -0.245569 0.0833611 -0.965788
    outer loop
      vertex -11.8958 4.92742 -64.7318
      vertex -12.4372 3.33254 -64.7318
      vertex -19.6001 8.11863 -62.4974
    endloop
  endfacet
  facet normal -0.24557 0.0833588 -0.965788
    outer loop
      vertex -12.4372 3.33254 -64.7318
      vertex -20.4921 5.49085 -62.4974
      vertex -19.6001 8.11863 -62.4974
    endloop
  endfacet
  facet normal -0.254349 0.050596 -0.965788
    outer loop
      vertex -12.4372 3.33254 -64.7318
      vertex -12.7658 1.68065 -64.7318
      vertex -20.4921 5.49085 -62.4974
    endloop
  endfacet
  facet normal -0.25435 0.0505944 -0.965788
    outer loop
      vertex -12.7658 1.68065 -64.7318
      vertex -21.0335 2.76911 -62.4974
      vertex -20.4921 5.49085 -62.4974
    endloop
  endfacet
  facet normal -0.258777 0.016968 -0.965788
    outer loop
      vertex -12.7658 1.68065 -64.7318
      vertex -12.876 -0 -64.7318
      vertex -21.0335 2.76911 -62.4974
    endloop
  endfacet
  facet normal -0.258779 0.0169615 -0.965788
    outer loop
      vertex -12.876 -0 -64.7318
      vertex -21.215 -0 -62.4974
      vertex -21.0335 2.76911 -62.4974
    endloop
  endfacet
  facet normal -0.258779 -0.0169681 -0.965788
    outer loop
      vertex -12.876 -0 -64.7318
      vertex -12.7658 -1.68065 -64.7318
      vertex -21.215 -0 -62.4974
    endloop
  endfacet
  facet normal -0.258778 -0.0169614 -0.965788
    outer loop
      vertex -12.7658 -1.68065 -64.7318
      vertex -21.0335 -2.76911 -62.4974
      vertex -21.215 -0 -62.4974
    endloop
  endfacet
  facet normal -0.254349 -0.0505961 -0.965788
    outer loop
      vertex -12.7658 -1.68065 -64.7318
      vertex -12.4372 -3.33254 -64.7318
      vertex -21.0335 -2.76911 -62.4974
    endloop
  endfacet
  facet normal -0.254349 -0.0505944 -0.965788
    outer loop
      vertex -12.4372 -3.33254 -64.7318
      vertex -20.4921 -5.49085 -62.4974
      vertex -21.0335 -2.76911 -62.4974
    endloop
  endfacet
  facet normal -0.245569 -0.0833613 -0.965788
    outer loop
      vertex -12.4372 -3.33254 -64.7318
      vertex -11.8958 -4.92742 -64.7318
      vertex -20.4921 -5.49085 -62.4974
    endloop
  endfacet
  facet normal -0.24557 -0.0833586 -0.965788
    outer loop
      vertex -11.8958 -4.92742 -64.7318
      vertex -19.6001 -8.11863 -62.4974
      vertex -20.4921 -5.49085 -62.4974
    endloop
  endfacet
  facet normal -0.232589 -0.114696 -0.965788
    outer loop
      vertex -11.8958 -4.92742 -64.7318
      vertex -11.1509 -6.43798 -64.7318
      vertex -19.6001 -8.11863 -62.4974
    endloop
  endfacet
  facet normal -0.232588 -0.114702 -0.965788
    outer loop
      vertex -11.1509 -6.43798 -64.7318
      vertex -18.3727 -10.6075 -62.4974
      vertex -19.6001 -8.11863 -62.4974
    endloop
  endfacet
  facet normal -0.215629 -0.144075 -0.965788
    outer loop
      vertex -11.1509 -6.43798 -64.7318
      vertex -10.2152 -7.83839 -64.7318
      vertex -18.3727 -10.6075 -62.4974
    endloop
  endfacet
  facet normal -0.21563 -0.144074 -0.965788
    outer loop
      vertex -10.2152 -7.83839 -64.7318
      vertex -16.831 -12.9149 -62.4974
      vertex -18.3727 -10.6075 -62.4974
    endloop
  endfacet
  facet normal -0.194976 -0.170991 -0.965788
    outer loop
      vertex -10.2152 -7.83839 -64.7318
      vertex -9.10468 -9.10468 -64.7318
      vertex -16.831 -12.9149 -62.4974
    endloop
  endfacet
  facet normal -0.194977 -0.170988 -0.965788
    outer loop
      vertex -9.10468 -9.10468 -64.7318
      vertex -15.0013 -15.0013 -62.4974
      vertex -16.831 -12.9149 -62.4974
    endloop
  endfacet
  facet normal -0.17099 -0.194975 -0.965788
    outer loop
      vertex -9.10468 -9.10468 -64.7318
      vertex -7.83839 -10.2152 -64.7318
      vertex -15.0013 -15.0013 -62.4974
    endloop
  endfacet
  facet normal -0.170988 -0.194978 -0.965788
    outer loop
      vertex -7.83839 -10.2152 -64.7318
      vertex -12.9149 -16.831 -62.4974
      vertex -15.0013 -15.0013 -62.4974
    endloop
  endfacet
  facet normal -0.144075 -0.215629 -0.965788
    outer loop
      vertex -7.83839 -10.2152 -64.7318
      vertex -6.43798 -11.1509 -64.7318
      vertex -12.9149 -16.831 -62.4974
    endloop
  endfacet
  facet normal -0.144074 -0.21563 -0.965788
    outer loop
      vertex -6.43798 -11.1509 -64.7318
      vertex -10.6075 -18.3727 -62.4974
      vertex -12.9149 -16.831 -62.4974
    endloop
  endfacet
  facet normal -0.114697 -0.232591 -0.965788
    outer loop
      vertex -6.43798 -11.1509 -64.7318
      vertex -4.92742 -11.8958 -64.7318
      vertex -10.6075 -18.3727 -62.4974
    endloop
  endfacet
  facet normal -0.114702 -0.232587 -0.965788
    outer loop
      vertex -4.92742 -11.8958 -64.7318
      vertex -8.11863 -19.6001 -62.4974
      vertex -10.6075 -18.3727 -62.4974
    endloop
  endfacet
  facet normal -0.0833611 -0.245569 -0.965788
    outer loop
      vertex -4.92742 -11.8958 -64.7318
      vertex -3.33254 -12.4372 -64.7318
      vertex -8.11863 -19.6001 -62.4974
    endloop
  endfacet
  facet normal -0.0833588 -0.24557 -0.965788
    outer loop
      vertex -3.33254 -12.4372 -64.7318
      vertex -5.49085 -20.4921 -62.4974
      vertex -8.11863 -19.6001 -62.4974
    endloop
  endfacet
  facet normal -0.050596 -0.254349 -0.965788
    outer loop
      vertex -3.33254 -12.4372 -64.7318
      vertex -1.68065 -12.7658 -64.7318
      vertex -5.49085 -20.4921 -62.4974
    endloop
  endfacet
  facet normal -0.0505944 -0.25435 -0.965788
    outer loop
      vertex -1.68065 -12.7658 -64.7318
      vertex -2.76911 -21.0335 -62.4974
      vertex -5.49085 -20.4921 -62.4974
    endloop
  endfacet
  facet normal -0.016968 -0.258777 -0.965788
    outer loop
      vertex -1.68065 -12.7658 -64.7318
      vertex -0 -12.876 -64.7318
      vertex -2.76911 -21.0335 -62.4974
    endloop
  endfacet
  facet normal -0.0169615 -0.258779 -0.965788
    outer loop
      vertex -0 -12.876 -64.7318
      vertex -0 -21.215 -62.4974
      vertex -2.76911 -21.0335 -62.4974
    endloop
  endfacet
  facet normal 0.0169681 -0.258779 -0.965788
    outer loop
      vertex -0 -12.876 -64.7318
      vertex 1.68065 -12.7658 -64.7318
      vertex -0 -21.215 -62.4974
    endloop
  endfacet
  facet normal 0.0169614 -0.258778 -0.965788
    outer loop
      vertex 1.68065 -12.7658 -64.7318
      vertex 2.76911 -21.0335 -62.4974
      vertex -0 -21.215 -62.4974
    endloop
  endfacet
  facet normal 0.0505961 -0.254349 -0.965788
    outer loop
      vertex 1.68065 -12.7658 -64.7318
      vertex 3.33254 -12.4372 -64.7318
      vertex 2.76911 -21.0335 -62.4974
    endloop
  endfacet
  facet normal 0.0505944 -0.254349 -0.965788
    outer loop
      vertex 3.33254 -12.4372 -64.7318
      vertex 5.49085 -20.4921 -62.4974
      vertex 2.76911 -21.0335 -62.4974
    endloop
  endfacet
  facet normal 0.0833613 -0.245569 -0.965788
    outer loop
      vertex 3.33254 -12.4372 -64.7318
      vertex 4.92742 -11.8958 -64.7318
      vertex 5.49085 -20.4921 -62.4974
    endloop
  endfacet
  facet normal 0.0833586 -0.24557 -0.965788
    outer loop
      vertex 4.92742 -11.8958 -64.7318
      vertex 8.11863 -19.6001 -62.4974
      vertex 5.49085 -20.4921 -62.4974
    endloop
  endfacet
  facet normal 0.114696 -0.232589 -0.965788
    outer loop
      vertex 4.92742 -11.8958 -64.7318
      vertex 6.43798 -11.1509 -64.7318
      vertex 8.11863 -19.6001 -62.4974
    endloop
  endfacet
  facet normal 0.114702 -0.232588 -0.965788
    outer loop
      vertex 6.43798 -11.1509 -64.7318
      vertex 10.6075 -18.3727 -62.4974
      vertex 8.11863 -19.6001 -62.4974
    endloop
  endfacet
  facet normal 0.144075 -0.215629 -0.965788
    outer loop
      vertex 6.43798 -11.1509 -64.7318
      vertex 7.83839 -10.2152 -64.7318
      vertex 10.6075 -18.3727 -62.4974
    endloop
  endfacet
  facet normal 0.144074 -0.21563 -0.965788
    outer loop
      vertex 7.83839 -10.2152 -64.7318
      vertex 12.9149 -16.831 -62.4974
      vertex 10.6075 -18.3727 -62.4974
    endloop
  endfacet
  facet normal 0.170991 -0.194976 -0.965788
    outer loop
      vertex 7.83839 -10.2152 -64.7318
      vertex 9.10468 -9.10468 -64.7318
      vertex 12.9149 -16.831 -62.4974
    endloop
  endfacet
  facet normal 0.170988 -0.194977 -0.965788
    outer loop
      vertex 9.10468 -9.10468 -64.7318
      vertex 15.0013 -15.0013 -62.4974
      vertex 12.9149 -16.831 -62.4974
    endloop
  endfacet
  facet normal 0.194975 -0.17099 -0.965788
    outer loop
      vertex 9.10468 -9.10468 -64.7318
      vertex 10.2152 -7.83839 -64.7318
      vertex 15.0013 -15.0013 -62.4974
    endloop
  endfacet
  facet normal 0.194978 -0.170988 -0.965788
    outer loop
      vertex 10.2152 -7.83839 -64.7318
      vertex 16.831 -12.9149 -62.4974
      vertex 15.0013 -15.0013 -62.4974
    endloop
  endfacet
  facet normal 0.215629 -0.144075 -0.965788
    outer loop
      vertex 10.2152 -7.83839 -64.7318
      vertex 11.1509 -6.43798 -64.7318
      vertex 16.831 -12.9149 -62.4974
    endloop
  endfacet
  facet normal 0.21563 -0.144074 -0.965788
    outer loop
      vertex 11.1509 -6.43798 -64.7318
      vertex 18.3727 -10.6075 -62.4974
      vertex 16.831 -12.9149 -62.4974
    endloop
  endfacet
  facet normal 0.232591 -0.114697 -0.965788
    outer loop
      vertex 11.1509 -6.43798 -64.7318
      vertex 11.8958 -4.92742 -64.7318
      vertex 18.3727 -10.6075 -62.4974
    endloop
  endfacet
  facet normal 0.232587 -0.114702 -0.965788
    outer loop
      vertex 11.8958 -4.92742 -64.7318
      vertex 19.6001 -8.11863 -62.4974
      vertex 18.3727 -10.6075 -62.4974
    endloop
  endfacet
  facet normal 0.245569 -0.0833611 -0.965788
    outer loop
      vertex 11.8958 -4.92742 -64.7318
      vertex 12.4372 -3.33254 -64.7318
      vertex 19.6001 -8.11863 -62.4974
    endloop
  endfacet
  facet normal 0.24557 -0.0833588 -0.965788
    outer loop
      vertex 12.4372 -3.33254 -64.7318
      vertex 20.4921 -5.49085 -62.4974
      vertex 19.6001 -8.11863 -62.4974
    endloop
  endfacet
  facet normal 0.254349 -0.050596 -0.965788
    outer loop
      vertex 12.4372 -3.33254 -64.7318
      vertex 12.7658 -1.68065 -64.7318
      vertex 20.4921 -5.49085 -62.4974
    endloop
  endfacet
  facet normal 0.25435 -0.0505944 -0.965788
    outer loop
      vertex 12.7658 -1.68065 -64.7318
      vertex 21.0335 -2.76911 -62.4974
      vertex 20.4921 -5.49085 -62.4974
    endloop
  endfacet
  facet normal 0.258777 -0.016968 -0.965788
    outer loop
      vertex 12.7658 -1.68065 -64.7318
      vertex 12.876 0 -64.7318
      vertex 21.0335 -2.76911 -62.4974
    endloop
  endfacet
  facet normal 0.258779 -0.0169615 -0.965788
    outer loop
      vertex 12.876 0 -64.7318
      vertex 21.215 0 -62.4974
      vertex 21.0335 -2.76911 -62.4974
    endloop
  endfacet
  facet normal 0.130525 0.00855528 -0.991408
    outer loop
      vertex 4.31661 0 -65.8587
      vertex 4.27968 0.56343 -65.8587
      vertex 12.876 0 -64.7318
    endloop
  endfacet
  facet normal 0.130526 0.00855855 -0.991408
    outer loop
      vertex 4.27968 0.56343 -65.8587
      vertex 12.7658 1.68065 -64.7318
      vertex 12.876 0 -64.7318
    endloop
  endfacet
  facet normal 0.128293 0.02552 -0.991408
    outer loop
      vertex 4.27968 0.56343 -65.8587
      vertex 4.16952 1.11722 -65.8587
      vertex 12.7658 1.68065 -64.7318
    endloop
  endfacet
  facet normal 0.128293 0.0255204 -0.991408
    outer loop
      vertex 4.16952 1.11722 -65.8587
      vertex 12.4372 3.33254 -64.7318
      vertex 12.7658 1.68065 -64.7318
    endloop
  endfacet
  facet normal 0.123864 0.0420472 -0.991408
    outer loop
      vertex 4.16952 1.11722 -65.8587
      vertex 3.98802 1.65189 -65.8587
      vertex 12.4372 3.33254 -64.7318
    endloop
  endfacet
  facet normal 0.123864 0.0420471 -0.991408
    outer loop
      vertex 3.98802 1.65189 -65.8587
      vertex 11.8958 4.92742 -64.7318
      vertex 12.4372 3.33254 -64.7318
    endloop
  endfacet
  facet normal 0.117317 0.0578535 -0.991408
    outer loop
      vertex 3.98802 1.65189 -65.8587
      vertex 3.73829 2.1583 -65.8587
      vertex 11.8958 4.92742 -64.7318
    endloop
  endfacet
  facet normal 0.117317 0.0578525 -0.991408
    outer loop
      vertex 3.73829 2.1583 -65.8587
      vertex 11.1509 6.43798 -64.7318
      vertex 11.8958 4.92742 -64.7318
    endloop
  endfacet
  facet normal 0.108761 0.0726725 -0.991408
    outer loop
      vertex 3.73829 2.1583 -65.8587
      vertex 3.42459 2.62778 -65.8587
      vertex 11.1509 6.43798 -64.7318
    endloop
  endfacet
  facet normal 0.108762 0.0726705 -0.991408
    outer loop
      vertex 3.42459 2.62778 -65.8587
      vertex 10.2152 7.83839 -64.7318
      vertex 11.1509 6.43798 -64.7318
    endloop
  endfacet
  facet normal 0.0983454 0.0862457 -0.991408
    outer loop
      vertex 3.42459 2.62778 -65.8587
      vertex 3.0523 3.0523 -65.8587
      vertex 10.2152 7.83839 -64.7318
    endloop
  endfacet
  facet normal 0.0983446 0.0862469 -0.991408
    outer loop
      vertex 3.0523 3.0523 -65.8587
      vertex 9.10468 9.10468 -64.7318
      vertex 10.2152 7.83839 -64.7318
    endloop
  endfacet
  facet normal 0.0862458 0.0983456 -0.991408
    outer loop
      vertex 3.0523 3.0523 -65.8587
      vertex 2.62778 3.42459 -65.8587
      vertex 9.10468 9.10468 -64.7318
    endloop
  endfacet
  facet normal 0.0862468 0.0983445 -0.991408
    outer loop
      vertex 2.62778 3.42459 -65.8587
      vertex 7.83839 10.2152 -64.7318
      vertex 9.10468 9.10468 -64.7318
    endloop
  endfacet
  facet normal 0.0726723 0.108761 -0.991408
    outer loop
      vertex 2.62778 3.42459 -65.8587
      vertex 2.1583 3.73829 -65.8587
      vertex 7.83839 10.2152 -64.7318
    endloop
  endfacet
  facet normal 0.0726706 0.108762 -0.991408
    outer loop
      vertex 2.1583 3.73829 -65.8587
      vertex 6.43798 11.1509 -64.7318
      vertex 7.83839 10.2152 -64.7318
    endloop
  endfacet
  facet normal 0.0578534 0.117317 -0.991408
    outer loop
      vertex 2.1583 3.73829 -65.8587
      vertex 1.65189 3.98802 -65.8587
      vertex 6.43798 11.1509 -64.7318
    endloop
  endfacet
  facet normal 0.0578525 0.117317 -0.991408
    outer loop
      vertex 1.65189 3.98802 -65.8587
      vertex 4.92742 11.8958 -64.7318
      vertex 6.43798 11.1509 -64.7318
    endloop
  endfacet
  facet normal 0.0420472 0.123864 -0.991408
    outer loop
      vertex 1.65189 3.98802 -65.8587
      vertex 1.11722 4.16952 -65.8587
      vertex 4.92742 11.8958 -64.7318
    endloop
  endfacet
  facet normal 0.0420471 0.123864 -0.991408
    outer loop
      vertex 1.11722 4.16952 -65.8587
      vertex 3.33254 12.4372 -64.7318
      vertex 4.92742 11.8958 -64.7318
    endloop
  endfacet
  facet normal 0.02552 0.128293 -0.991408
    outer loop
      vertex 1.11722 4.16952 -65.8587
      vertex 0.56343 4.27968 -65.8587
      vertex 3.33254 12.4372 -64.7318
    endloop
  endfacet
  facet normal 0.0255204 0.128293 -0.991408
    outer loop
      vertex 0.56343 4.27968 -65.8587
      vertex 1.68065 12.7658 -64.7318
      vertex 3.33254 12.4372 -64.7318
    endloop
  endfacet
  facet normal 0.00855532 0.130526 -0.991408
    outer loop
      vertex 0.56343 4.27968 -65.8587
      vertex 0 4.31661 -65.8587
      vertex 1.68065 12.7658 -64.7318
    endloop
  endfacet
  facet normal 0.00855853 0.130525 -0.991408
    outer loop
      vertex 0 4.31661 -65.8587
      vertex 0 12.876 -64.7318
      vertex 1.68065 12.7658 -64.7318
    endloop
  endfacet
  facet normal -0.00855528 0.130525 -0.991408
    outer loop
      vertex 0 4.31661 -65.8587
      vertex -0.56343 4.27968 -65.8587
      vertex 0 12.876 -64.7318
    endloop
  endfacet
  facet normal -0.00855855 0.130526 -0.991408
    outer loop
      vertex -0.56343 4.27968 -65.8587
      vertex -1.68065 12.7658 -64.7318
      vertex 0 12.876 -64.7318
    endloop
  endfacet
  facet normal -0.02552 0.128293 -0.991408
    outer loop
      vertex -0.56343 4.27968 -65.8587
      vertex -1.11722 4.16952 -65.8587
      vertex -1.68065 12.7658 -64.7318
    endloop
  endfacet
  facet normal -0.0255204 0.128293 -0.991408
    outer loop
      vertex -1.11722 4.16952 -65.8587
      vertex -3.33254 12.4372 -64.7318
      vertex -1.68065 12.7658 -64.7318
    endloop
  endfacet
  facet normal -0.0420472 0.123864 -0.991408
    outer loop
      vertex -1.11722 4.16952 -65.8587
      vertex -1.65189 3.98802 -65.8587
      vertex -3.33254 12.4372 -64.7318
    endloop
  endfacet
  facet normal -0.0420471 0.123864 -0.991408
    outer loop
      vertex -1.65189 3.98802 -65.8587
      vertex -4.92742 11.8958 -64.7318
      vertex -3.33254 12.4372 -64.7318
    endloop
  endfacet
  facet normal -0.0578535 0.117317 -0.991408
    outer loop
      vertex -1.65189 3.98802 -65.8587
      vertex -2.1583 3.73829 -65.8587
      vertex -4.92742 11.8958 -64.7318
    endloop
  endfacet
  facet normal -0.0578525 0.117317 -0.991408
    outer loop
      vertex -2.1583 3.73829 -65.8587
      vertex -6.43798 11.1509 -64.7318
      vertex -4.92742 11.8958 -64.7318
    endloop
  endfacet
  facet normal -0.0726725 0.108761 -0.991408
    outer loop
      vertex -2.1583 3.73829 -65.8587
      vertex -2.62778 3.42459 -65.8587
      vertex -6.43798 11.1509 -64.7318
    endloop
  endfacet
  facet normal -0.0726705 0.108762 -0.991408
    outer loop
      vertex -2.62778 3.42459 -65.8587
      vertex -7.83839 10.2152 -64.7318
      vertex -6.43798 11.1509 -64.7318
    endloop
  endfacet
  facet normal -0.0862457 0.0983454 -0.991408
    outer loop
      vertex -2.62778 3.42459 -65.8587
      vertex -3.0523 3.0523 -65.8587
      vertex -7.83839 10.2152 -64.7318
    endloop
  endfacet
  facet normal -0.0862469 0.0983446 -0.991408
    outer loop
      vertex -3.0523 3.0523 -65.8587
      vertex -9.10468 9.10468 -64.7318
      vertex -7.83839 10.2152 -64.7318
    endloop
  endfacet
  facet normal -0.0983456 0.0862458 -0.991408
    outer loop
      vertex -3.0523 3.0523 -65.8587
      vertex -3.42459 2.62778 -65.8587
      vertex -9.10468 9.10468 -64.7318
    endloop
  endfacet
  facet normal -0.0983445 0.0862468 -0.991408
    outer loop
      vertex -3.42459 2.62778 -65.8587
      vertex -10.2152 7.83839 -64.7318
      vertex -9.10468 9.10468 -64.7318
    endloop
  endfacet
  facet normal -0.108761 0.0726723 -0.991408
    outer loop
      vertex -3.42459 2.62778 -65.8587
      vertex -3.73829 2.1583 -65.8587
      vertex -10.2152 7.83839 -64.7318
    endloop
  endfacet
  facet normal -0.108762 0.0726706 -0.991408
    outer loop
      vertex -3.73829 2.1583 -65.8587
      vertex -11.1509 6.43798 -64.7318
      vertex -10.2152 7.83839 -64.7318
    endloop
  endfacet
  facet normal -0.117317 0.0578534 -0.991408
    outer loop
      vertex -3.73829 2.1583 -65.8587
      vertex -3.98802 1.65189 -65.8587
      vertex -11.1509 6.43798 -64.7318
    endloop
  endfacet
  facet normal -0.117317 0.0578525 -0.991408
    outer loop
      vertex -3.98802 1.65189 -65.8587
      vertex -11.8958 4.92742 -64.7318
      vertex -11.1509 6.43798 -64.7318
    endloop
  endfacet
  facet normal -0.123864 0.0420472 -0.991408
    outer loop
      vertex -3.98802 1.65189 -65.8587
      vertex -4.16952 1.11722 -65.8587
      vertex -11.8958 4.92742 -64.7318
    endloop
  endfacet
  facet normal -0.123864 0.0420471 -0.991408
    outer loop
      vertex -4.16952 1.11722 -65.8587
      vertex -12.4372 3.33254 -64.7318
      vertex -11.8958 4.92742 -64.7318
    endloop
  endfacet
  facet normal -0.128293 0.02552 -0.991408
    outer loop
      vertex -4.16952 1.11722 -65.8587
      vertex -4.27968 0.56343 -65.8587
      vertex -12.4372 3.33254 -64.7318
    endloop
  endfacet
  facet normal -0.128293 0.0255204 -0.991408
    outer loop
      vertex -4.27968 0.56343 -65.8587
      vertex -12.7658 1.68065 -64.7318
      vertex -12.4372 3.33254 -64.7318
    endloop
  endfacet
  facet normal -0.130526 0.00855532 -0.991408
    outer loop
      vertex -4.27968 0.56343 -65.8587
      vertex -4.31661 -0 -65.8587
      vertex -12.7658 1.68065 -64.7318
    endloop
  endfacet
  facet normal -0.130525 0.00855853 -0.991408
    outer loop
      vertex -4.31661 -0 -65.8587
      vertex -12.876 -0 -64.7318
      vertex -12.7658 1.68065 -64.7318
    endloop
  endfacet
  facet normal -0.130525 -0.00855528 -0.991408
    outer loop
      vertex -4.31661 -0 -65.8587
      vertex -4.27968 -0.56343 -65.8587
      vertex -12.876 -0 -64.7318
    endloop
  endfacet
  facet normal -0.130526 -0.00855855 -0.991408
    outer loop
      vertex -4.27968 -0.56343 -65.8587
      vertex -12.7658 -1.68065 -64.7318
      vertex -12.876 -0 -64.7318
    endloop
  endfacet
  facet normal -0.128293 -0.02552 -0.991408
    outer loop
      vertex -4.27968 -0.56343 -65.8587
      vertex -4.16952 -1.11722 -65.8587
      vertex -12.7658 -1.68065 -64.7318
    endloop
  endfacet
  facet normal -0.128293 -0.0255204 -0.991408
    outer loop
      vertex -4.16952 -1.11722 -65.8587
      vertex -12.4372 -3.33254 -64.7318
      vertex -12.7658 -1.68065 -64.7318
    endloop
  endfacet
  facet normal -0.123864 -0.0420472 -0.991408
    outer loop
      vertex -4.16952 -1.11722 -65.8587
      vertex -3.98802 -1.65189 -65.8587
      vertex -12.4372 -3.33254 -64.7318
    endloop
  endfacet
  facet normal -0.123864 -0.0420471 -0.991408
    outer loop
      vertex -3.98802 -1.65189 -65.8587
      vertex -11.8958 -4.92742 -64.7318
      vertex -12.4372 -3.33254 -64.7318
    endloop
  endfacet
  facet normal -0.117317 -0.0578535 -0.991408
    outer loop
      vertex -3.98802 -1.65189 -65.8587
      vertex -3.73829 -2.1583 -65.8587
      vertex -11.8958 -4.92742 -64.7318
    endloop
  endfacet
  facet normal -0.117317 -0.0578525 -0.991408
    outer loop
      vertex -3.73829 -2.1583 -65.8587
      vertex -11.1509 -6.43798 -64.7318
      vertex -11.8958 -4.92742 -64.7318
    endloop
  endfacet
  facet normal -0.108761 -0.0726725 -0.991408
    outer loop
      vertex -3.73829 -2.1583 -65.8587
      vertex -3.42459 -2.62778 -65.8587
      vertex -11.1509 -6.43798 -64.7318
    endloop
  endfacet
  facet normal -0.108762 -0.0726705 -0.991408
    outer loop
      vertex -3.42459 -2.62778 -65.8587
      vertex -10.2152 -7.83839 -64.7318
      vertex -11.1509 -6.43798 -64.7318
    endloop
  endfacet
  facet normal -0.0983454 -0.0862457 -0.991408
    outer loop
      vertex -3.42459 -2.62778 -65.8587
      vertex -3.0523 -3.0523 -65.8587
      vertex -10.2152 -7.83839 -64.7318
    endloop
  endfacet
  facet normal -0.0983446 -0.0862469 -0.991408
    outer loop
      vertex -3.0523 -3.0523 -65.8587
      vertex -9.10468 -9.10468 -64.7318
      vertex -10.2152 -7.83839 -64.7318
    endloop
  endfacet
  facet normal -0.0862458 -0.0983456 -0.991408
    outer loop
      vertex -3.0523 -3.0523 -65.8587
      vertex -2.62778 -3.42459 -65.8587
      vertex -9.10468 -9.10468 -64.7318
    endloop
  endfacet
  facet normal -0.0862468 -0.0983445 -0.991408
    outer loop
      vertex -2.62778 -3.42459 -65.8587
      vertex -7.83839 -10.2152 -64.7318
      vertex -9.10468 -9.10468 -64.7318
    endloop
  endfacet
  facet normal -0.0726723 -0.108761 -0.991408
    outer loop
      vertex -2.62778 -3.42459 -65.8587
      vertex -2.1583 -3.73829 -65.8587
      vertex -7.83839 -10.2152 -64.7318
    endloop
  endfacet
  facet normal -0.0726706 -0.108762 -0.991408
    outer loop
      vertex -2.1583 -3.73829 -65.8587
      vertex -6.43798 -11.1509 -64.7318
      vertex -7.83839 -10.2152 -64.7318
    endloop
  endfacet
  facet normal -0.0578534 -0.117317 -0.991408
    outer loop
      vertex -2.1583 -3.73829 -65.8587
      vertex -1.65189 -3.98802 -65.8587
      vertex -6.43798 -11.1509 -64.7318
    endloop
  endfacet
  facet normal -0.0578525 -0.117317 -0.991408
    outer loop
      vertex -1.65189 -3.98802 -65.8587
      vertex -4.92742 -11.8958 -64.7318
      vertex -6.43798 -11.1509 -64.7318
    endloop
  endfacet
  facet normal -0.0420472 -0.123864 -0.991408
    outer loop
      vertex -1.65189 -3.98802 -65.8587
      vertex -1.11722 -4.16952 -65.8587
      vertex -4.92742 -11.8958 -64.7318
    endloop
  endfacet
  facet normal -0.0420471 -0.123864 -0.991408
    outer loop
      vertex -1.11722 -4.16952 -65.8587
      vertex -3.33254 -12.4372 -64.7318
      vertex -4.92742 -11.8958 -64.7318
    endloop
  endfacet
  facet normal -0.02552 -0.128293 -0.991408
    outer loop
      vertex -1.11722 -4.16952 -65.8587
      vertex -0.56343 -4.27968 -65.8587
      vertex -3.33254 -12.4372 -64.7318
    endloop
  endfacet
  facet normal -0.0255204 -0.128293 -0.991408
    outer loop
      vertex -0.56343 -4.27968 -65.8587
      vertex -1.68065 -12.7658 -64.7318
      vertex -3.33254 -12.4372 -64.7318
    endloop
  endfacet
  facet normal -0.00855532 -0.130526 -0.991408
    outer loop
      vertex -0.56343 -4.27968 -65.8587
      vertex -0 -4.31661 -65.8587
      vertex -1.68065 -12.7658 -64.7318
    endloop
  endfacet
  facet normal -0.00855853 -0.130525 -0.991408
    outer loop
      vertex -0 -4.31661 -65.8587
      vertex -0 -12.876 -64.7318
      vertex -1.68065 -12.7658 -64.7318
    endloop
  endfacet
  facet normal 0.00855528 -0.130525 -0.991408
    outer loop
      vertex -0 -4.31661 -65.8587
      vertex 0.56343 -4.27968 -65.8587
      vertex -0 -12.876 -64.7318
    endloop
  endfacet
  facet normal 0.00855855 -0.130526 -0.991408
    outer loop
      vertex 0.56343 -4.27968 -65.8587
      vertex 1.68065 -12.7658 -64.7318
      vertex -0 -12.876 -64.7318
    endloop
  endfacet
  facet normal 0.02552 -0.128293 -0.991408
    outer loop
      vertex 0.56343 -4.27968 -65.8587
      vertex 1.11722 -4.16952 -65.8587
      vertex 1.68065 -12.7658 -64.7318
    endloop
  endfacet
  facet normal 0.0255204 -0.128293 -0.991408
    outer loop
      vertex 1.11722 -4.16952 -65.8587
      vertex 3.33254 -12.4372 -64.7318
      vertex 1.68065 -12.7658 -64.7318
    endloop
  endfacet
  facet normal 0.0420472 -0.123864 -0.991408
    outer loop
      vertex 1.11722 -4.16952 -65.8587
      vertex 1.65189 -3.98802 -65.8587
      vertex 3.33254 -12.4372 -64.7318
    endloop
  endfacet
  facet normal 0.0420471 -0.123864 -0.991408
    outer loop
      vertex 1.65189 -3.98802 -65.8587
      vertex 4.92742 -11.8958 -64.7318
      vertex 3.33254 -12.4372 -64.7318
    endloop
  endfacet
  facet normal 0.0578535 -0.117317 -0.991408
    outer loop
      vertex 1.65189 -3.98802 -65.8587
      vertex 2.1583 -3.73829 -65.8587
      vertex 4.92742 -11.8958 -64.7318
    endloop
  endfacet
  facet normal 0.0578525 -0.117317 -0.991408
    outer loop
      vertex 2.1583 -3.73829 -65.8587
      vertex 6.43798 -11.1509 -64.7318
      vertex 4.92742 -11.8958 -64.7318
    endloop
  endfacet
  facet normal 0.0726725 -0.108761 -0.991408
    outer loop
      vertex 2.1583 -3.73829 -65.8587
      vertex 2.62778 -3.42459 -65.8587
      vertex 6.43798 -11.1509 -64.7318
    endloop
  endfacet
  facet normal 0.0726705 -0.108762 -0.991408
    outer loop
      vertex 2.62778 -3.42459 -65.8587
      vertex 7.83839 -10.2152 -64.7318
      vertex 6.43798 -11.1509 -64.7318
    endloop
  endfacet
  facet normal 0.0862457 -0.0983454 -0.991408
    outer loop
      vertex 2.62778 -3.42459 -65.8587
      vertex 3.0523 -3.0523 -65.8587
      vertex 7.83839 -10.2152 -64.7318
    endloop
  endfacet
  facet normal 0.0862469 -0.0983446 -0.991408
    outer loop
      vertex 3.0523 -3.0523 -65.8587
      vertex 9.10468 -9.10468 -64.7318
      vertex 7.83839 -10.2152 -64.7318
    endloop
  endfacet
  facet normal 0.0983456 -0.0862458 -0.991408
    outer loop
      vertex 3.0523 -3.0523 -65.8587
      vertex 3.42459 -2.62778 -65.8587
      vertex 9.10468 -9.10468 -64.7318
    endloop
  endfacet
  facet normal 0.0983445 -0.0862468 -0.991408
    outer loop
      vertex 3.42459 -2.62778 -65.8587
      vertex 10.2152 -7.83839 -64.7318
      vertex 9.10468 -9.10468 -64.7318
    endloop
  endfacet
  facet normal 0.108761 -0.0726723 -0.991408
    outer loop
      vertex 3.42459 -2.62778 -65.8587
      vertex 3.73829 -2.1583 -65.8587
      vertex 10.2152 -7.83839 -64.7318
    endloop
  endfacet
  facet normal 0.108762 -0.0726706 -0.991408
    outer loop
      vertex 3.73829 -2.1583 -65.8587
      vertex 11.1509 -6.43798 -64.7318
      vertex 10.2152 -7.83839 -64.7318
    endloop
  endfacet
  facet normal 0.117317 -0.0578534 -0.991408
    outer loop
      vertex 3.73829 -2.1583 -65.8587
      vertex 3.98802 -1.65189 -65.8587
      vertex 11.1509 -6.43798 -64.7318
    endloop
  endfacet
  facet normal 0.117317 -0.0578525 -0.991408
    outer loop
      vertex 3.98802 -1.65189 -65.8587
      vertex 11.8958 -4.92742 -64.7318
      vertex 11.1509 -6.43798 -64.7318
    endloop
  endfacet
  facet normal 0.123864 -0.0420472 -0.991408
    outer loop
      vertex 3.98802 -1.65189 -65.8587
      vertex 4.16952 -1.11722 -65.8587
      vertex 11.8958 -4.92742 -64.7318
    endloop
  endfacet
  facet normal 0.123864 -0.0420471 -0.991408
    outer loop
      vertex 4.16952 -1.11722 -65.8587
      vertex 12.4372 -3.33254 -64.7318
      vertex 11.8958 -4.92742 -64.7318
    endloop
  endfacet
  facet normal 0.128293 -0.02552 -0.991408
    outer loop
      vertex 4.16952 -1.11722 -65.8587
      vertex 4.27968 -0.56343 -65.8587
      vertex 12.4372 -3.33254 -64.7318
    endloop
  endfacet
  facet normal 0.128293 -0.0255204 -0.991408
    outer loop
      vertex 4.27968 -0.56343 -65.8587
      vertex 12.7658 -1.68065 -64.7318
      vertex 12.4372 -3.33254 -64.7318
    endloop
  endfacet
  facet normal 0.130526 -0.00855532 -0.991408
    outer loop
      vertex 4.27968 -0.56343 -65.8587
      vertex 4.31661 0 -65.8587
      vertex 12.7658 -1.68065 -64.7318
    endloop
  endfacet
  facet normal 0.130525 -0.00855853 -0.991408
    outer loop
      vertex 4.31661 0 -65.8587
      vertex 12.876 0 -64.7318
      vertex 12.7658 -1.68065 -64.7318
    endloop
  endfacet
  facet normal 0 0 -1
    outer loop
      vertex 4.27968 -0.56343 -65.8587
      vertex 4.27968 0.56343 -65.8587
      vertex 4.31661 0 -65.8587
    endloop
  endfacet
  facet normal 0 0 -1
    outer loop
      vertex 4.16952 -1.11722 -65.8587
      vertex 4.27968 0.56343 -65.8587
      vertex 4.27968 -0.56343 -65.8587
    endloop
  endfacet
  facet normal 0 0 -1
    outer loop
      vertex 4.16952 -1.11722 -65.8587
      vertex 4.16952 1.11722 -65.8587
      vertex 4.27968 0.56343 -65.8587
    endloop
  endfacet
  facet normal 0 0 -1
    outer loop
      vertex 3.98802 -1.65189 -65.8587
      vertex 4.16952 1.11722 -65.8587
      vertex 4.16952 -1.11722 -65.8587
    endloop
  endfacet
  facet normal 0 0 -1
    outer loop
      vertex 3.98802 -1.65189 -65.8587
      vertex 3.98802 1.65189 -65.8587
      vertex 4.16952 1.11722 -65.8587
    endloop
  endfacet
  facet normal 0 0 -1
    outer loop
      vertex 3.73829 -2.1583 -65.8587
      vertex 3.98802 1.65189 -65.8587
      vertex 3.98802 -1.65189 -65.8587
    endloop
  endfacet
  facet normal 0 0 -1
    outer loop
      vertex 3.73829 -2.1583 -65.8587
      vertex 3.73829 2.1583 -65.8587
      vertex 3.98802 1.65189 -65.8587
    endloop
  endfacet
  facet normal 0 0 -1
    outer loop
      vertex 3.42459 -2.62778 -65.8587
      vertex 3.73829 2.1583 -65.8587
      vertex 3.73829 -2.1583 -65.8587
    endloop
  endfacet
  facet normal 0 0 -1
    outer loop
      vertex 3.42459 -2.62778 -65.8587
      vertex 3.42459 2.62778 -65.8587
      vertex 3.73829 2.1583 -65.8587
    endloop
  endfacet
  facet normal 0 0 -1
    outer loop
      vertex 3.0523 -3.0523 -65.8587
      vertex 3.42459 2.62778 -65.8587
      vertex 3.42459 -2.62778 -65.8587
    endloop
  endfacet
  facet normal 0 0 -1
    outer loop
      vertex 3.0523 -3.0523 -65.8587
      vertex 3.0523 3.0523 -65.8587
      vertex 3.42459 2.62778 -65.8587
    endloop
  endfacet
  facet normal 0 0 -1
    outer loop
      vertex 2.62778 -3.42459 -65.8587
      vertex 3.0523 3.0523 -65.8587
      vertex 3.0523 -3.0523 -65.8587
    endloop
  endfacet
  facet normal 0 0 -1
    outer loop
      vertex 2.62778 -3.42459 -65.8587
      vertex 2.62778 3.42459 -65.8587
      vertex 3.0523 3.0523 -65.8587
    endloop
  endfacet
  facet normal 0 0 -1
    outer loop
      vertex 2.1583 -3.73829 -65.8587
      vertex 2.62778 3.42459 -65.8587
      vertex 2.62778 -3.42459 -65.8587
    endloop
  endfacet
  facet normal 0 0 -1
    outer loop
      vertex 2.1583 -3.73829 -65.8587
      vertex 2.1583 3.73829 -65.8587
      vertex 2.62778 3.42459 -65.8587
    endloop
  endfacet
  facet normal 0 0 -1
    outer loop
      vertex 1.65189 -3.98802 -65.8587
      vertex 2.1583 3.73829 -65.8587
      vertex 2.1583 -3.73829 -65.8587
    endloop
  endfacet
  facet normal 0 0 -1
    outer loop
      vertex 1.65189 -3.98802 -65.8587
      vertex 1.65189 3.98802 -65.8587
      vertex 2.1583 3.73829 -65.8587
    endloop
  endfacet
  facet normal 0 0 -1
    outer loop
      vertex 1.11722 -4.16952 -65.8587
      vertex 1.65189 3.98802 -65.8587
      vertex 1.65189 -3.98802 -65.8587
    endloop
  endfacet
  facet normal 0 0 -1
    outer loop
      vertex 1.11722 -4.16952 -65.8587
      vertex 1.11722 4.16952 -65.8587
      vertex 1.65189 3.98802 -65.8587
    endloop
  endfacet
  facet normal 0 0 -1
    outer loop
      vertex 0.56343 -4.27968 -65.8587
      vertex 1.11722 4.16952 -65.8587
      vertex 1.11722 -4.16952 -65.8587
    endloop
  endfacet
  facet normal 0 0 -1
    outer loop
      vertex 0.56343 -4.27968 -65.8587
      vertex 0.56343 4.27968 -65.8587
      vertex 1.11722 4.16952 -65.8587
    endloop
  endfacet
  facet normal 0 0 -1
    outer loop
      vertex -0 -4.31661 -65.8587
      vertex 0.56343 4.27968 -65.8587
      vertex 0.56343 -4.27968 -65.8587
    endloop
  endfacet
  facet normal 0 0 -1
    outer loop
      vertex -0 -4.31661 -65.8587
      vertex 0 4.31661 -65.8587
      vertex 0.56343 4.27968 -65.8587
    endloop
  endfacet
  facet normal 0 0 -1
    outer loop
      vertex -0.56343 -4.27968 -65.8587
      vertex 0 4.31661 -65.8587
      vertex -0 -4.31661 -65.8587
    endloop
  endfacet
  facet normal 0 0 -1
    outer loop
      vertex -0.56343 -4.27968 -65.8587
      vertex -0.56343 4.27968 -65.8587
      vertex 0 4.31661 -65.8587
    endloop
  endfacet
  facet normal 0 0 -1
    outer loop
      vertex -1.11722 -4.16952 -65.8587
      vertex -0.56343 4.27968 -65.8587
      vertex -0.56343 -4.27968 -65.8587
    endloop
  endfacet
  facet normal 0 0 -1
    outer loop
      vertex -1.11722 -4.16952 -65.8587
      vertex -1.11722 4.16952 -65.8587
      vertex -0.56343 4.27968 -65.8587
    endloop
  endfacet
  facet normal 0 0 -1
    outer loop
      vertex -1.65189 -3.98802 -65.8587
      vertex -1.11722 4.16952 -65.8587
      vertex -1.11722 -4.16952 -65.8587
    endloop
  endfacet
  facet normal 0 0 -1
    outer loop
      vertex -1.65189 -3.98802 -65.8587
      vertex -1.65189 3.98802 -65.8587
      vertex -1.11722 4.16952 -65.8587
    endloop
  endfacet
  facet normal 0 0 -1
    outer loop
      vertex -2.1583 -3.73829 -65.8587
      vertex -1.65189 3.98802 -65.8587
      vertex -1.65189 -3.98802 -65.8587
    endloop
  endfacet
  facet normal 0 0 -1
    outer loop
      vertex -2.1583 -3.73829 -65.8587
      vertex -2.1583 3.73829 -65.8587
      vertex -1.65189 3.98802 -65.8587
    endloop
  endfacet
  facet normal 0 0 -1
    outer loop
      vertex -2.62778 -3.42459 -65.8587
      vertex -2.1583 3.73829 -65.8587
      vertex -2.1583 -3.73829 -65.8587
    endloop
  endfacet
  facet normal 0 0 -1
    outer loop
      vertex -2.62778 -3.42459 -65.8587
      vertex -2.62778 3.42459 -65.8587
      vertex -2.1583 3.73829 -65.8587
    endloop
  endfacet
  facet normal 0 0 -1
    outer loop
      vertex -3.0523 -3.0523 -65.8587
      vertex -2.62778 3.42459 -65.8587
      vertex -2.62778 -3.42459 -65.8587
    endloop
  endfacet
  facet normal 0 0 -1
    outer loop
      vertex -3.0523 -3.0523 -65.8587
      vertex -3.0523 3.0523 -65.8587
      vertex -2.62778 3.42459 -65.8587
    endloop
  endfacet
  facet normal 0 0 -1
    outer loop
      vertex -3.42459 -2.62778 -65.8587
      vertex -3.0523 3.0523 -65.8587
      vertex -3.0523 -3.0523 -65.8587
    endloop
  endfacet
  facet normal 0 0 -1
    outer loop
      vertex -3.42459 -2.62778 -65.8587
      vertex -3.42459 2.62778 -65.8587
      vertex -3.0523 3.0523 -65.8587
    endloop
  endfacet
  facet normal 0 0 -1
    outer loop
      vertex -3.73829 -2.1583 -65.8587
      vertex -3.42459 2.62778 -65.8587
      vertex -3.42459 -2.62778 -65.8587
    endloop
  endfacet
  facet normal 0 0 -1
    outer loop
      vertex -3.73829 -2.1583 -65.8587
      vertex -3.73829 2.1583 -65.8587
      vertex -3.42459 2.62778 -65.8587
    endloop
  endfacet
  facet normal 0 0 -1
    outer loop
      vertex -3.98802 -1.65189 -65.8587
      vertex -3.73829 2.1583 -65.8587
      vertex -3.73829 -2.1583 -65.8587
    endloop
  endfacet
  facet normal 0 0 -1
    outer loop
      vertex -3.98802 -1.65189 -65.8587
      vertex -3.98802 1.65189 -65.8587
      vertex -3.73829 2.1583 -65.8587
    endloop
  endfacet
  facet normal 0 0 -1
    outer loop
      vertex -4.16952 -1.11722 -65.8587
      vertex -3.98802 1.65189 -65.8587
      vertex -3.98802 -1.65189 -65.8587
    endloop
  endfacet
  facet normal 0 0 -1
    outer loop
      vertex -4.16952 -1.11722 -65.8587
      vertex -4.16952 1.11722 -65.8587
      vertex -3.98802 1.65189 -65.8587
    endloop
  endfacet
  facet normal 0 0 -1
    outer loop
      vertex -4.27968 -0.56343 -65.8587
      vertex -4.16952 1.11722 -65.8587
      vertex -4.16952 -1.11722 -65.8587
    endloop
  endfacet
  facet normal 0 0 -1
    outer loop
      vertex -4.27968 -0.56343 -65.8587
      vertex -4.27968 0.56343 -65.8587
      vertex -4.16952 1.11722 -65.8587
    endloop
  endfacet
  facet normal 0 -0 -1
    outer loop
      vertex -4.27968 0.56343 -65.8587
      vertex -4.27968 -0.56343 -65.8587
      vertex -4.31661 -0 -65.8587
    endloop
  endfacet
endsolid OpenSCAD_Model
