solid OpenSCAD_Model
  facet normal 1 -0 0
    outer loop
      vertex 80 -40 1.5
      vertex 80 40 -1.5
      vertex 80 40 1.5
    endloop
  endfacet
  facet normal 1 0 0
    outer loop
      vertex 80 40 -1.5
      vertex 80 -40 1.5
      vertex 80 -40 -1.5
    endloop
  endfacet
  facet normal 0 0 1
    outer loop
      vertex -56.8634 18.2351 1.5
      vertex 21.0592 29.5207 1.5
      vertex -56.8003 18.4209 1.5
    endloop
  endfacet
  facet normal 0 0 1
    outer loop
      vertex 21.0592 -29.5207 1.5
      vertex -56.7621 -18.6133 1.5
      vertex -56.7492 -18.8091 1.5
    endloop
  endfacet
  facet normal 0 0 1
    outer loop
      vertex 21.0592 29.5207 1.5
      vertex -56.8634 18.2351 1.5
      vertex 21.0592 -29.5207 1.5
    endloop
  endfacet
  facet normal 0 0 1
    outer loop
      vertex 21.0592 -29.5207 1.5
      vertex -56.8003 -18.4209 1.5
      vertex -56.7621 -18.6133 1.5
    endloop
  endfacet
  facet normal -0 0 1
    outer loop
      vertex -56.8634 -18.2351 1.5
      vertex 21.0592 -29.5207 1.5
      vertex -56.8634 18.2351 1.5
    endloop
  endfacet
  facet normal 0 0 1
    outer loop
      vertex 21.0592 -29.5207 1.5
      vertex -56.8634 -18.2351 1.5
      vertex -56.8003 -18.4209 1.5
    endloop
  endfacet
  facet normal -0 0 1
    outer loop
      vertex -56.9502 18.0591 1.5
      vertex -56.8634 -18.2351 1.5
      vertex -56.8634 18.2351 1.5
    endloop
  endfacet
  facet normal 0 0 1
    outer loop
      vertex -56.9502 18.0591 1.5
      vertex -56.9502 -18.0591 1.5
      vertex -56.8634 -18.2351 1.5
    endloop
  endfacet
  facet normal -0 0 1
    outer loop
      vertex -57.0592 17.896 1.5
      vertex -56.9502 -18.0591 1.5
      vertex -56.9502 18.0591 1.5
    endloop
  endfacet
  facet normal 0 0 1
    outer loop
      vertex -57.0592 17.896 1.5
      vertex -57.0592 -17.896 1.5
      vertex -56.9502 -18.0591 1.5
    endloop
  endfacet
  facet normal -0 0 1
    outer loop
      vertex -57.1886 17.7485 1.5
      vertex -57.0592 -17.896 1.5
      vertex -57.0592 17.896 1.5
    endloop
  endfacet
  facet normal 0 0 1
    outer loop
      vertex -57.1886 17.7485 1.5
      vertex -57.1886 -17.7485 1.5
      vertex -57.0592 -17.896 1.5
    endloop
  endfacet
  facet normal -0 0 1
    outer loop
      vertex -57.3361 17.6191 1.5
      vertex -57.1886 -17.7485 1.5
      vertex -57.1886 17.7485 1.5
    endloop
  endfacet
  facet normal 0 0 1
    outer loop
      vertex -57.3361 17.6191 1.5
      vertex -57.3361 -17.6191 1.5
      vertex -57.1886 -17.7485 1.5
    endloop
  endfacet
  facet normal -0 0 1
    outer loop
      vertex -57.4992 17.5101 1.5
      vertex -57.3361 -17.6191 1.5
      vertex -57.3361 17.6191 1.5
    endloop
  endfacet
  facet normal 0 0 1
    outer loop
      vertex -57.4992 17.5101 1.5
      vertex -57.4992 -17.5101 1.5
      vertex -57.3361 -17.6191 1.5
    endloop
  endfacet
  facet normal -0 0 1
    outer loop
      vertex -57.6752 17.4233 1.5
      vertex -57.4992 -17.5101 1.5
      vertex -57.4992 17.5101 1.5
    endloop
  endfacet
  facet normal 0 0 1
    outer loop
      vertex -57.6752 17.4233 1.5
      vertex -57.6752 -17.4233 1.5
      vertex -57.4992 -17.5101 1.5
    endloop
  endfacet
  facet normal -0 0 1
    outer loop
      vertex -57.861 17.3602 1.5
      vertex -57.6752 -17.4233 1.5
      vertex -57.6752 17.4233 1.5
    endloop
  endfacet
  facet normal 0 0 1
    outer loop
      vertex -57.861 17.3602 1.5
      vertex -57.861 -17.3602 1.5
      vertex -57.6752 -17.4233 1.5
    endloop
  endfacet
  facet normal -0 0 1
    outer loop
      vertex -58.0534 17.322 1.5
      vertex -57.861 -17.3602 1.5
      vertex -57.861 17.3602 1.5
    endloop
  endfacet
  facet normal 0 0 1
    outer loop
      vertex -58.0534 17.322 1.5
      vertex -58.0534 -17.322 1.5
      vertex -57.861 -17.3602 1.5
    endloop
  endfacet
  facet normal -0 0 1
    outer loop
      vertex -58.2492 17.3091 1.5
      vertex -58.0534 -17.322 1.5
      vertex -58.0534 17.322 1.5
    endloop
  endfacet
  facet normal 0 0 1
    outer loop
      vertex -58.2492 17.3091 1.5
      vertex -58.2492 -17.3091 1.5
      vertex -58.0534 -17.322 1.5
    endloop
  endfacet
  facet normal 0 0 1
    outer loop
      vertex -58.445 17.322 1.5
      vertex -58.2492 -17.3091 1.5
      vertex -58.2492 17.3091 1.5
    endloop
  endfacet
  facet normal 0 0 1
    outer loop
      vertex -58.445 17.322 1.5
      vertex -58.445 -17.322 1.5
      vertex -58.2492 -17.3091 1.5
    endloop
  endfacet
  facet normal 0 0 1
    outer loop
      vertex -58.6375 17.3602 1.5
      vertex -58.445 -17.322 1.5
      vertex -58.445 17.322 1.5
    endloop
  endfacet
  facet normal 0 0 1
    outer loop
      vertex -58.6375 17.3602 1.5
      vertex -58.6375 -17.3602 1.5
      vertex -58.445 -17.322 1.5
    endloop
  endfacet
  facet normal 0 0 1
    outer loop
      vertex -58.8232 17.4233 1.5
      vertex -58.6375 -17.3602 1.5
      vertex -58.6375 17.3602 1.5
    endloop
  endfacet
  facet normal 0 0 1
    outer loop
      vertex -58.8232 17.4233 1.5
      vertex -58.8232 -17.4233 1.5
      vertex -58.6375 -17.3602 1.5
    endloop
  endfacet
  facet normal 0 0 1
    outer loop
      vertex -58.9992 17.5101 1.5
      vertex -58.8232 -17.4233 1.5
      vertex -58.8232 17.4233 1.5
    endloop
  endfacet
  facet normal 0 0 1
    outer loop
      vertex -58.9992 17.5101 1.5
      vertex -58.9992 -17.5101 1.5
      vertex -58.8232 -17.4233 1.5
    endloop
  endfacet
  facet normal 0 0 1
    outer loop
      vertex -59.1624 17.6191 1.5
      vertex -58.9992 -17.5101 1.5
      vertex -58.9992 17.5101 1.5
    endloop
  endfacet
  facet normal 0 0 1
    outer loop
      vertex -59.1624 17.6191 1.5
      vertex -59.1624 -17.6191 1.5
      vertex -58.9992 -17.5101 1.5
    endloop
  endfacet
  facet normal 0 0 1
    outer loop
      vertex -59.3099 17.7485 1.5
      vertex -59.1624 -17.6191 1.5
      vertex -59.1624 17.6191 1.5
    endloop
  endfacet
  facet normal 0 0 1
    outer loop
      vertex -59.3099 17.7485 1.5
      vertex -59.3099 -17.7485 1.5
      vertex -59.1624 -17.6191 1.5
    endloop
  endfacet
  facet normal 0 0 1
    outer loop
      vertex -59.4393 17.896 1.5
      vertex -59.3099 -17.7485 1.5
      vertex -59.3099 17.7485 1.5
    endloop
  endfacet
  facet normal 0 0 1
    outer loop
      vertex -59.4393 17.896 1.5
      vertex -59.4393 -17.896 1.5
      vertex -59.3099 -17.7485 1.5
    endloop
  endfacet
  facet normal 0 0 1
    outer loop
      vertex -59.5483 18.0591 1.5
      vertex -59.4393 -17.896 1.5
      vertex -59.4393 17.896 1.5
    endloop
  endfacet
  facet normal 0 0 1
    outer loop
      vertex -59.5483 18.0591 1.5
      vertex -59.5483 -18.0591 1.5
      vertex -59.4393 -17.896 1.5
    endloop
  endfacet
  facet normal 0 0 1
    outer loop
      vertex -59.635 18.2351 1.5
      vertex -59.5483 -18.0591 1.5
      vertex -59.5483 18.0591 1.5
    endloop
  endfacet
  facet normal 0 0 1
    outer loop
      vertex -59.635 18.2351 1.5
      vertex -59.635 -18.2351 1.5
      vertex -59.5483 -18.0591 1.5
    endloop
  endfacet
  facet normal 0 0 1
    outer loop
      vertex -80 40 1.5
      vertex -59.635 18.2351 1.5
      vertex -59.6981 18.4209 1.5
    endloop
  endfacet
  facet normal 0 0 1
    outer loop
      vertex -59.635 18.2351 1.5
      vertex -80 40 1.5
      vertex -59.635 -18.2351 1.5
    endloop
  endfacet
  facet normal 0 0 1
    outer loop
      vertex -80 40 1.5
      vertex -59.6981 18.4209 1.5
      vertex -59.7364 18.6133 1.5
    endloop
  endfacet
  facet normal 0 0 1
    outer loop
      vertex -80 -40 1.5
      vertex -59.635 -18.2351 1.5
      vertex -80 40 1.5
    endloop
  endfacet
  facet normal 0 0 1
    outer loop
      vertex -80 40 1.5
      vertex -59.7364 18.6133 1.5
      vertex -59.7492 18.8091 1.5
    endloop
  endfacet
  facet normal 0 0 1
    outer loop
      vertex -59.635 -18.2351 1.5
      vertex -80 -40 1.5
      vertex -59.6981 -18.4209 1.5
    endloop
  endfacet
  facet normal 0 0 1
    outer loop
      vertex 70.701 0.75 1.5
      vertex 23.4393 29.5207 1.5
      vertex 70.6142 0.574024 1.5
    endloop
  endfacet
  facet normal 0 0 1
    outer loop
      vertex 70.5 0 1.5
      vertex 23.7364 -30.238 1.5
      vertex 23.7492 -30.4338 1.5
    endloop
  endfacet
  facet normal -0 0 1
    outer loop
      vertex 23.3099 29.3731 1.5
      vertex 70.6142 0.574024 1.5
      vertex 23.4393 29.5207 1.5
    endloop
  endfacet
  facet normal 0 0 1
    outer loop
      vertex 70.5 0 1.5
      vertex 23.6981 -30.0456 1.5
      vertex 23.7364 -30.238 1.5
    endloop
  endfacet
  facet normal 0 0 1
    outer loop
      vertex 70.6142 0.574024 1.5
      vertex 23.3099 29.3731 1.5
      vertex 70.5511 0.388228 1.5
    endloop
  endfacet
  facet normal 0 0 1
    outer loop
      vertex 70.5 0 1.5
      vertex 23.635 -29.8598 1.5
      vertex 23.6981 -30.0456 1.5
    endloop
  endfacet
  facet normal -0 0 1
    outer loop
      vertex 23.1624 29.2438 1.5
      vertex 70.5511 0.388228 1.5
      vertex 23.3099 29.3731 1.5
    endloop
  endfacet
  facet normal 0 0 1
    outer loop
      vertex 70.5 0 1.5
      vertex 23.5483 -29.6838 1.5
      vertex 23.635 -29.8598 1.5
    endloop
  endfacet
  facet normal 0 0 1
    outer loop
      vertex 70.5511 0.388228 1.5
      vertex 23.1624 29.2438 1.5
      vertex 70.5128 0.195788 1.5
    endloop
  endfacet
  facet normal 0 0 1
    outer loop
      vertex 70.5 0 1.5
      vertex 23.4393 -29.5207 1.5
      vertex 23.5483 -29.6838 1.5
    endloop
  endfacet
  facet normal -0 0 1
    outer loop
      vertex 22.9992 29.1348 1.5
      vertex 70.5128 0.195788 1.5
      vertex 23.1624 29.2438 1.5
    endloop
  endfacet
  facet normal 0 0 1
    outer loop
      vertex 70.5 0 1.5
      vertex 23.3099 -29.3731 1.5
      vertex 23.4393 -29.5207 1.5
    endloop
  endfacet
  facet normal 0 0 1
    outer loop
      vertex 70.5128 0.195788 1.5
      vertex 22.9992 29.1348 1.5
      vertex 70.5 0 1.5
    endloop
  endfacet
  facet normal 0 0 1
    outer loop
      vertex 70.5 0 1.5
      vertex 23.1624 -29.2438 1.5
      vertex 23.3099 -29.3731 1.5
    endloop
  endfacet
  facet normal 0 0 1
    outer loop
      vertex 22.9992 -29.1348 1.5
      vertex 70.5 0 1.5
      vertex 22.9992 29.1348 1.5
    endloop
  endfacet
  facet normal 0 0 1
    outer loop
      vertex 70.5 0 1.5
      vertex 22.9992 -29.1348 1.5
      vertex 23.1624 -29.2438 1.5
    endloop
  endfacet
  facet normal -0 0 1
    outer loop
      vertex 22.8232 29.048 1.5
      vertex 22.9992 -29.1348 1.5
      vertex 22.9992 29.1348 1.5
    endloop
  endfacet
  facet normal 0 0 1
    outer loop
      vertex 22.8232 29.048 1.5
      vertex 22.8232 -29.048 1.5
      vertex 22.9992 -29.1348 1.5
    endloop
  endfacet
  facet normal -0 0 1
    outer loop
      vertex 22.6375 28.9849 1.5
      vertex 22.8232 -29.048 1.5
      vertex 22.8232 29.048 1.5
    endloop
  endfacet
  facet normal 0 0 1
    outer loop
      vertex 22.6375 28.9849 1.5
      vertex 22.6375 -28.9849 1.5
      vertex 22.8232 -29.048 1.5
    endloop
  endfacet
  facet normal -0 0 1
    outer loop
      vertex 22.445 28.9466 1.5
      vertex 22.6375 -28.9849 1.5
      vertex 22.6375 28.9849 1.5
    endloop
  endfacet
  facet normal 0 0 1
    outer loop
      vertex 22.445 28.9466 1.5
      vertex 22.445 -28.9466 1.5
      vertex 22.6375 -28.9849 1.5
    endloop
  endfacet
  facet normal -0 0 1
    outer loop
      vertex 22.2492 28.9338 1.5
      vertex 22.445 -28.9466 1.5
      vertex 22.445 28.9466 1.5
    endloop
  endfacet
  facet normal 0 0 1
    outer loop
      vertex 22.2492 28.9338 1.5
      vertex 22.2492 -28.9338 1.5
      vertex 22.445 -28.9466 1.5
    endloop
  endfacet
  facet normal 0 0 1
    outer loop
      vertex 22.0534 28.9466 1.5
      vertex 22.2492 -28.9338 1.5
      vertex 22.2492 28.9338 1.5
    endloop
  endfacet
  facet normal 0 0 1
    outer loop
      vertex 22.0534 28.9466 1.5
      vertex 22.0534 -28.9466 1.5
      vertex 22.2492 -28.9338 1.5
    endloop
  endfacet
  facet normal 0 0 1
    outer loop
      vertex 21.861 28.9849 1.5
      vertex 22.0534 -28.9466 1.5
      vertex 22.0534 28.9466 1.5
    endloop
  endfacet
  facet normal 0 0 1
    outer loop
      vertex 21.861 28.9849 1.5
      vertex 21.861 -28.9849 1.5
      vertex 22.0534 -28.9466 1.5
    endloop
  endfacet
  facet normal 0 0 1
    outer loop
      vertex 21.6752 29.048 1.5
      vertex 21.861 -28.9849 1.5
      vertex 21.861 28.9849 1.5
    endloop
  endfacet
  facet normal 0 0 1
    outer loop
      vertex 21.6752 29.048 1.5
      vertex 21.6752 -29.048 1.5
      vertex 21.861 -28.9849 1.5
    endloop
  endfacet
  facet normal 0 0 1
    outer loop
      vertex 21.4992 29.1348 1.5
      vertex 21.6752 -29.048 1.5
      vertex 21.6752 29.048 1.5
    endloop
  endfacet
  facet normal 0 0 1
    outer loop
      vertex 21.4992 29.1348 1.5
      vertex 21.4992 -29.1348 1.5
      vertex 21.6752 -29.048 1.5
    endloop
  endfacet
  facet normal 0 0 1
    outer loop
      vertex 21.3361 29.2438 1.5
      vertex 21.4992 -29.1348 1.5
      vertex 21.4992 29.1348 1.5
    endloop
  endfacet
  facet normal 0 0 1
    outer loop
      vertex 21.3361 29.2438 1.5
      vertex 21.3361 -29.2438 1.5
      vertex 21.4992 -29.1348 1.5
    endloop
  endfacet
  facet normal 0 0 1
    outer loop
      vertex 21.1886 29.3731 1.5
      vertex 21.3361 -29.2438 1.5
      vertex 21.3361 29.2438 1.5
    endloop
  endfacet
  facet normal 0 0 1
    outer loop
      vertex 21.1886 29.3731 1.5
      vertex 21.1886 -29.3731 1.5
      vertex 21.3361 -29.2438 1.5
    endloop
  endfacet
  facet normal 0 0 1
    outer loop
      vertex 21.0592 29.5207 1.5
      vertex 21.1886 -29.3731 1.5
      vertex 21.1886 29.3731 1.5
    endloop
  endfacet
  facet normal 0 0 1
    outer loop
      vertex 21.0592 29.5207 1.5
      vertex 21.0592 -29.5207 1.5
      vertex 21.1886 -29.3731 1.5
    endloop
  endfacet
  facet normal 0 0 1
    outer loop
      vertex 20.8634 29.8598 1.5
      vertex -56.7621 18.6133 1.5
      vertex 20.9502 29.6838 1.5
    endloop
  endfacet
  facet normal 0 0 1
    outer loop
      vertex -56.8003 18.4209 1.5
      vertex 20.9502 29.6838 1.5
      vertex -56.7621 18.6133 1.5
    endloop
  endfacet
  facet normal 0 0 1
    outer loop
      vertex -56.7621 18.6133 1.5
      vertex 20.8634 29.8598 1.5
      vertex -56.7492 18.8091 1.5
    endloop
  endfacet
  facet normal 0 0 1
    outer loop
      vertex 20.9502 29.6838 1.5
      vertex -56.8003 18.4209 1.5
      vertex 21.0592 29.5207 1.5
    endloop
  endfacet
  facet normal 0 0 1
    outer loop
      vertex -56.7492 18.8091 1.5
      vertex 20.8634 29.8598 1.5
      vertex 20.8003 30.0456 1.5
    endloop
  endfacet
  facet normal 0 0 1
    outer loop
      vertex 21.0592 -29.5207 1.5
      vertex -56.7492 -18.8091 1.5
      vertex 20.9502 -29.6838 1.5
    endloop
  endfacet
  facet normal 0 0 1
    outer loop
      vertex -56.7621 19.0049 1.5
      vertex 20.8003 30.0456 1.5
      vertex 20.7621 30.238 1.5
    endloop
  endfacet
  facet normal 0 0 1
    outer loop
      vertex 20.9502 -29.6838 1.5
      vertex -56.7492 -18.8091 1.5
      vertex 20.8634 -29.8598 1.5
    endloop
  endfacet
  facet normal 0 0 1
    outer loop
      vertex -56.8003 19.1974 1.5
      vertex 20.7621 30.238 1.5
      vertex 20.7492 30.4338 1.5
    endloop
  endfacet
  facet normal 0 0 1
    outer loop
      vertex 20.8634 -29.8598 1.5
      vertex -56.7492 -18.8091 1.5
      vertex 20.8003 -30.0456 1.5
    endloop
  endfacet
  facet normal 0 0 1
    outer loop
      vertex 80 40 1.5
      vertex 73.5 0 1.5
      vertex 80 -40 1.5
    endloop
  endfacet
  facet normal 0 0 1
    outer loop
      vertex 80 40 1.5
      vertex 73.4872 0.195788 1.5
      vertex 73.5 0 1.5
    endloop
  endfacet
  facet normal 0 0 1
    outer loop
      vertex 80 40 1.5
      vertex 73.4489 0.388228 1.5
      vertex 73.4872 0.195788 1.5
    endloop
  endfacet
  facet normal 0 0 1
    outer loop
      vertex 80 40 1.5
      vertex 73.3858 0.574024 1.5
      vertex 73.4489 0.388228 1.5
    endloop
  endfacet
  facet normal 0 0 1
    outer loop
      vertex 80 40 1.5
      vertex 73.299 0.75 1.5
      vertex 73.3858 0.574024 1.5
    endloop
  endfacet
  facet normal 0 0 1
    outer loop
      vertex 80 40 1.5
      vertex 73.19 0.913141 1.5
      vertex 73.299 0.75 1.5
    endloop
  endfacet
  facet normal 0 0 1
    outer loop
      vertex 80 40 1.5
      vertex 73.0607 1.06066 1.5
      vertex 73.19 0.913141 1.5
    endloop
  endfacet
  facet normal 0 0 1
    outer loop
      vertex 80 40 1.5
      vertex 72.9131 1.19003 1.5
      vertex 73.0607 1.06066 1.5
    endloop
  endfacet
  facet normal 0 0 1
    outer loop
      vertex 80 40 1.5
      vertex 72.75 1.29904 1.5
      vertex 72.9131 1.19003 1.5
    endloop
  endfacet
  facet normal 0 0 1
    outer loop
      vertex 80 40 1.5
      vertex 72.574 1.38582 1.5
      vertex 72.75 1.29904 1.5
    endloop
  endfacet
  facet normal 0 0 1
    outer loop
      vertex 80 40 1.5
      vertex 72.3882 1.44889 1.5
      vertex 72.574 1.38582 1.5
    endloop
  endfacet
  facet normal 0 0 1
    outer loop
      vertex 80 40 1.5
      vertex 72.1958 1.48717 1.5
      vertex 72.3882 1.44889 1.5
    endloop
  endfacet
  facet normal 0 0 1
    outer loop
      vertex 80 40 1.5
      vertex 72 1.5 1.5
      vertex 72.1958 1.48717 1.5
    endloop
  endfacet
  facet normal 0 0 1
    outer loop
      vertex 80 40 1.5
      vertex 71.8042 1.48717 1.5
      vertex 72 1.5 1.5
    endloop
  endfacet
  facet normal 0 0 1
    outer loop
      vertex 80 40 1.5
      vertex 71.6118 1.44889 1.5
      vertex 71.8042 1.48717 1.5
    endloop
  endfacet
  facet normal 0 0 1
    outer loop
      vertex 80 40 1.5
      vertex 71.426 1.38582 1.5
      vertex 71.6118 1.44889 1.5
    endloop
  endfacet
  facet normal 0 0 1
    outer loop
      vertex 80 40 1.5
      vertex 71.25 1.29904 1.5
      vertex 71.426 1.38582 1.5
    endloop
  endfacet
  facet normal 0 0 1
    outer loop
      vertex 80 40 1.5
      vertex 71.0869 1.19003 1.5
      vertex 71.25 1.29904 1.5
    endloop
  endfacet
  facet normal 0 0 1
    outer loop
      vertex 23.7364 30.238 1.5
      vertex 80 40 1.5
      vertex 23.7492 30.4338 1.5
    endloop
  endfacet
  facet normal 0 0 1
    outer loop
      vertex 80 40 1.5
      vertex 23.7364 30.238 1.5
      vertex 71.0869 1.19003 1.5
    endloop
  endfacet
  facet normal -0 0 1
    outer loop
      vertex 23.6981 30.0456 1.5
      vertex 71.0869 1.19003 1.5
      vertex 23.7364 30.238 1.5
    endloop
  endfacet
  facet normal 0 0 1
    outer loop
      vertex 71.0869 1.19003 1.5
      vertex 23.6981 30.0456 1.5
      vertex 70.9393 1.06066 1.5
    endloop
  endfacet
  facet normal -0 0 1
    outer loop
      vertex 23.635 29.8598 1.5
      vertex 70.9393 1.06066 1.5
      vertex 23.6981 30.0456 1.5
    endloop
  endfacet
  facet normal 0 0 1
    outer loop
      vertex 70.81 0.913141 1.5
      vertex 23.5483 29.6838 1.5
      vertex 70.701 0.75 1.5
    endloop
  endfacet
  facet normal -0 0 1
    outer loop
      vertex 23.5483 29.6838 1.5
      vertex 70.81 0.913141 1.5
      vertex 23.635 29.8598 1.5
    endloop
  endfacet
  facet normal 0 0 1
    outer loop
      vertex 70.9393 1.06066 1.5
      vertex 23.635 29.8598 1.5
      vertex 70.81 0.913141 1.5
    endloop
  endfacet
  facet normal 0 0 1
    outer loop
      vertex 80 40 1.5
      vertex 23.7364 30.6296 1.5
      vertex 23.7492 30.4338 1.5
    endloop
  endfacet
  facet normal 0 0 1
    outer loop
      vertex 80 40 1.5
      vertex 23.6981 30.822 1.5
      vertex 23.7364 30.6296 1.5
    endloop
  endfacet
  facet normal 0 0 1
    outer loop
      vertex 80 40 1.5
      vertex 23.635 31.0078 1.5
      vertex 23.6981 30.822 1.5
    endloop
  endfacet
  facet normal 0 0 1
    outer loop
      vertex 80 40 1.5
      vertex 23.5483 31.1838 1.5
      vertex 23.635 31.0078 1.5
    endloop
  endfacet
  facet normal 0 0 1
    outer loop
      vertex 80 40 1.5
      vertex 23.4393 31.347 1.5
      vertex 23.5483 31.1838 1.5
    endloop
  endfacet
  facet normal 0 0 1
    outer loop
      vertex 80 40 1.5
      vertex 23.3099 31.4945 1.5
      vertex 23.4393 31.347 1.5
    endloop
  endfacet
  facet normal 0 0 1
    outer loop
      vertex 80 40 1.5
      vertex 23.1624 31.6238 1.5
      vertex 23.3099 31.4945 1.5
    endloop
  endfacet
  facet normal 0 0 1
    outer loop
      vertex 80 40 1.5
      vertex 22.9992 31.7328 1.5
      vertex 23.1624 31.6238 1.5
    endloop
  endfacet
  facet normal 0 0 1
    outer loop
      vertex 80 40 1.5
      vertex 22.8232 31.8196 1.5
      vertex 22.9992 31.7328 1.5
    endloop
  endfacet
  facet normal 0 0 1
    outer loop
      vertex 80 40 1.5
      vertex 22.6375 31.8827 1.5
      vertex 22.8232 31.8196 1.5
    endloop
  endfacet
  facet normal 0 0 1
    outer loop
      vertex 80 40 1.5
      vertex 22.445 31.921 1.5
      vertex 22.6375 31.8827 1.5
    endloop
  endfacet
  facet normal 0 0 1
    outer loop
      vertex 80 40 1.5
      vertex 22.2492 31.9338 1.5
      vertex 22.445 31.921 1.5
    endloop
  endfacet
  facet normal 0 0 1
    outer loop
      vertex 80 40 1.5
      vertex 22.0534 31.921 1.5
      vertex 22.2492 31.9338 1.5
    endloop
  endfacet
  facet normal -0 0 1
    outer loop
      vertex -56.7621 -19.0049 1.5
      vertex 20.8003 -30.0456 1.5
      vertex -56.7492 -18.8091 1.5
    endloop
  endfacet
  facet normal 0 0 1
    outer loop
      vertex -56.8634 19.3832 1.5
      vertex 20.7492 30.4338 1.5
      vertex 20.7621 30.6296 1.5
    endloop
  endfacet
  facet normal 0 0 1
    outer loop
      vertex -56.9502 19.5591 1.5
      vertex 20.7621 30.6296 1.5
      vertex 20.8003 30.822 1.5
    endloop
  endfacet
  facet normal 0 0 1
    outer loop
      vertex -57.0592 19.7223 1.5
      vertex 20.8003 30.822 1.5
      vertex 20.8634 31.0078 1.5
    endloop
  endfacet
  facet normal 0 0 1
    outer loop
      vertex -57.1886 19.8698 1.5
      vertex 20.8634 31.0078 1.5
      vertex 20.9502 31.1838 1.5
    endloop
  endfacet
  facet normal 0 0 1
    outer loop
      vertex -57.3361 19.9992 1.5
      vertex 20.9502 31.1838 1.5
      vertex 21.0592 31.347 1.5
    endloop
  endfacet
  facet normal 0 0 1
    outer loop
      vertex -57.4992 20.1082 1.5
      vertex 21.0592 31.347 1.5
      vertex 21.1886 31.4945 1.5
    endloop
  endfacet
  facet normal 0 0 1
    outer loop
      vertex -80 40 1.5
      vertex 21.1886 31.4945 1.5
      vertex 21.3361 31.6238 1.5
    endloop
  endfacet
  facet normal 0 0 1
    outer loop
      vertex -80 40 1.5
      vertex 21.3361 31.6238 1.5
      vertex 21.4992 31.7328 1.5
    endloop
  endfacet
  facet normal 0 0 1
    outer loop
      vertex -80 40 1.5
      vertex 21.4992 31.7328 1.5
      vertex 21.6752 31.8196 1.5
    endloop
  endfacet
  facet normal 0 0 1
    outer loop
      vertex -80 40 1.5
      vertex 21.6752 31.8196 1.5
      vertex 21.861 31.8827 1.5
    endloop
  endfacet
  facet normal 0 0 1
    outer loop
      vertex -80 40 1.5
      vertex 21.861 31.8827 1.5
      vertex 22.0534 31.921 1.5
    endloop
  endfacet
  facet normal 0 0 1
    outer loop
      vertex 20.8003 30.0456 1.5
      vertex -56.7621 19.0049 1.5
      vertex -56.7492 18.8091 1.5
    endloop
  endfacet
  facet normal 0 0 1
    outer loop
      vertex 20.7621 30.238 1.5
      vertex -56.8003 19.1974 1.5
      vertex -56.7621 19.0049 1.5
    endloop
  endfacet
  facet normal 0 0 1
    outer loop
      vertex 20.7492 30.4338 1.5
      vertex -56.8634 19.3832 1.5
      vertex -56.8003 19.1974 1.5
    endloop
  endfacet
  facet normal 0 0 1
    outer loop
      vertex 20.7621 30.6296 1.5
      vertex -56.9502 19.5591 1.5
      vertex -56.8634 19.3832 1.5
    endloop
  endfacet
  facet normal 0 0 1
    outer loop
      vertex 20.8003 30.822 1.5
      vertex -57.0592 19.7223 1.5
      vertex -56.9502 19.5591 1.5
    endloop
  endfacet
  facet normal 0 0 1
    outer loop
      vertex 20.8634 31.0078 1.5
      vertex -57.1886 19.8698 1.5
      vertex -57.0592 19.7223 1.5
    endloop
  endfacet
  facet normal 0 0 1
    outer loop
      vertex 20.9502 31.1838 1.5
      vertex -57.3361 19.9992 1.5
      vertex -57.1886 19.8698 1.5
    endloop
  endfacet
  facet normal 0 0 1
    outer loop
      vertex 21.0592 31.347 1.5
      vertex -57.4992 20.1082 1.5
      vertex -57.3361 19.9992 1.5
    endloop
  endfacet
  facet normal 0 0 1
    outer loop
      vertex 21.1886 31.4945 1.5
      vertex -80 40 1.5
      vertex -57.4992 20.1082 1.5
    endloop
  endfacet
  facet normal 0 0 1
    outer loop
      vertex -57.4992 20.1082 1.5
      vertex -80 40 1.5
      vertex -57.6752 20.1949 1.5
    endloop
  endfacet
  facet normal 0 0 1
    outer loop
      vertex -57.6752 20.1949 1.5
      vertex -80 40 1.5
      vertex -57.861 20.258 1.5
    endloop
  endfacet
  facet normal 0 0 1
    outer loop
      vertex -57.861 20.258 1.5
      vertex -80 40 1.5
      vertex -58.0534 20.2963 1.5
    endloop
  endfacet
  facet normal 0 0 1
    outer loop
      vertex -58.0534 20.2963 1.5
      vertex -80 40 1.5
      vertex -58.2492 20.3091 1.5
    endloop
  endfacet
  facet normal 0 0 1
    outer loop
      vertex -59.6981 -18.4209 1.5
      vertex -80 -40 1.5
      vertex -59.7364 -18.6133 1.5
    endloop
  endfacet
  facet normal 0 0 1
    outer loop
      vertex -59.7364 19.0049 1.5
      vertex -80 40 1.5
      vertex -59.7492 18.8091 1.5
    endloop
  endfacet
  facet normal 0 0 1
    outer loop
      vertex -59.6981 19.1974 1.5
      vertex -80 40 1.5
      vertex -59.7364 19.0049 1.5
    endloop
  endfacet
  facet normal 0 0 1
    outer loop
      vertex -59.635 19.3832 1.5
      vertex -80 40 1.5
      vertex -59.6981 19.1974 1.5
    endloop
  endfacet
  facet normal 0 0 1
    outer loop
      vertex -59.5483 19.5591 1.5
      vertex -80 40 1.5
      vertex -59.635 19.3832 1.5
    endloop
  endfacet
  facet normal 0 0 1
    outer loop
      vertex -59.4393 19.7223 1.5
      vertex -80 40 1.5
      vertex -59.5483 19.5591 1.5
    endloop
  endfacet
  facet normal 0 0 1
    outer loop
      vertex -59.3099 19.8698 1.5
      vertex -80 40 1.5
      vertex -59.4393 19.7223 1.5
    endloop
  endfacet
  facet normal 0 0 1
    outer loop
      vertex -59.1624 19.9992 1.5
      vertex -80 40 1.5
      vertex -59.3099 19.8698 1.5
    endloop
  endfacet
  facet normal 0 0 1
    outer loop
      vertex -58.9992 20.1082 1.5
      vertex -80 40 1.5
      vertex -59.1624 19.9992 1.5
    endloop
  endfacet
  facet normal 0 0 1
    outer loop
      vertex -58.8232 20.1949 1.5
      vertex -80 40 1.5
      vertex -58.9992 20.1082 1.5
    endloop
  endfacet
  facet normal 0 0 1
    outer loop
      vertex -58.6375 20.258 1.5
      vertex -80 40 1.5
      vertex -58.8232 20.1949 1.5
    endloop
  endfacet
  facet normal 0 0 1
    outer loop
      vertex -58.445 20.2963 1.5
      vertex -80 40 1.5
      vertex -58.6375 20.258 1.5
    endloop
  endfacet
  facet normal 0 0 1
    outer loop
      vertex -58.2492 20.3091 1.5
      vertex -80 40 1.5
      vertex -58.445 20.2963 1.5
    endloop
  endfacet
  facet normal -0 0 1
    outer loop
      vertex -80 40 1.5
      vertex 22.0534 31.921 1.5
      vertex 80 40 1.5
    endloop
  endfacet
  facet normal -0 0 1
    outer loop
      vertex 73.4872 -0.195788 1.5
      vertex 80 -40 1.5
      vertex 73.5 0 1.5
    endloop
  endfacet
  facet normal -0 0 1
    outer loop
      vertex 73.4489 -0.388228 1.5
      vertex 80 -40 1.5
      vertex 73.4872 -0.195788 1.5
    endloop
  endfacet
  facet normal -0 0 1
    outer loop
      vertex 73.3858 -0.574024 1.5
      vertex 80 -40 1.5
      vertex 73.4489 -0.388228 1.5
    endloop
  endfacet
  facet normal -0 0 1
    outer loop
      vertex 73.299 -0.75 1.5
      vertex 80 -40 1.5
      vertex 73.3858 -0.574024 1.5
    endloop
  endfacet
  facet normal -0 0 1
    outer loop
      vertex 73.19 -0.913141 1.5
      vertex 80 -40 1.5
      vertex 73.299 -0.75 1.5
    endloop
  endfacet
  facet normal -0 0 1
    outer loop
      vertex 73.0607 -1.06066 1.5
      vertex 80 -40 1.5
      vertex 73.19 -0.913141 1.5
    endloop
  endfacet
  facet normal -0 0 1
    outer loop
      vertex 72.9131 -1.19003 1.5
      vertex 80 -40 1.5
      vertex 73.0607 -1.06066 1.5
    endloop
  endfacet
  facet normal -0 0 1
    outer loop
      vertex 72.75 -1.29904 1.5
      vertex 80 -40 1.5
      vertex 72.9131 -1.19003 1.5
    endloop
  endfacet
  facet normal -0 0 1
    outer loop
      vertex 72.574 -1.38582 1.5
      vertex 80 -40 1.5
      vertex 72.75 -1.29904 1.5
    endloop
  endfacet
  facet normal -0 0 1
    outer loop
      vertex 72.3882 -1.44889 1.5
      vertex 80 -40 1.5
      vertex 72.574 -1.38582 1.5
    endloop
  endfacet
  facet normal -0 0 1
    outer loop
      vertex 72.1958 -1.48717 1.5
      vertex 80 -40 1.5
      vertex 72.3882 -1.44889 1.5
    endloop
  endfacet
  facet normal -0 0 1
    outer loop
      vertex 72 -1.5 1.5
      vertex 80 -40 1.5
      vertex 72.1958 -1.48717 1.5
    endloop
  endfacet
  facet normal 0 0 1
    outer loop
      vertex 71.8042 -1.48717 1.5
      vertex 80 -40 1.5
      vertex 72 -1.5 1.5
    endloop
  endfacet
  facet normal 0 0 1
    outer loop
      vertex 71.6118 -1.44889 1.5
      vertex 80 -40 1.5
      vertex 71.8042 -1.48717 1.5
    endloop
  endfacet
  facet normal 0 0 1
    outer loop
      vertex 71.426 -1.38582 1.5
      vertex 80 -40 1.5
      vertex 71.6118 -1.44889 1.5
    endloop
  endfacet
  facet normal 0 0 1
    outer loop
      vertex 71.25 -1.29904 1.5
      vertex 80 -40 1.5
      vertex 71.426 -1.38582 1.5
    endloop
  endfacet
  facet normal 0 0 1
    outer loop
      vertex 71.0869 -1.19003 1.5
      vertex 80 -40 1.5
      vertex 71.25 -1.29904 1.5
    endloop
  endfacet
  facet normal 0 0 1
    outer loop
      vertex 23.7492 -30.4338 1.5
      vertex 71.0869 -1.19003 1.5
      vertex 70.9393 -1.06066 1.5
    endloop
  endfacet
  facet normal 0 0 1
    outer loop
      vertex 23.7492 -30.4338 1.5
      vertex 70.9393 -1.06066 1.5
      vertex 70.81 -0.913141 1.5
    endloop
  endfacet
  facet normal 0 0 1
    outer loop
      vertex 23.7492 -30.4338 1.5
      vertex 70.81 -0.913141 1.5
      vertex 70.701 -0.75 1.5
    endloop
  endfacet
  facet normal 0 0 1
    outer loop
      vertex 23.7492 -30.4338 1.5
      vertex 70.701 -0.75 1.5
      vertex 70.6142 -0.574024 1.5
    endloop
  endfacet
  facet normal 0 0 1
    outer loop
      vertex 23.7492 -30.4338 1.5
      vertex 70.6142 -0.574024 1.5
      vertex 70.5511 -0.388228 1.5
    endloop
  endfacet
  facet normal -0 0 1
    outer loop
      vertex 23.4393 29.5207 1.5
      vertex 70.701 0.75 1.5
      vertex 23.5483 29.6838 1.5
    endloop
  endfacet
  facet normal 0 0 1
    outer loop
      vertex 70.5 0 1.5
      vertex 23.7492 -30.4338 1.5
      vertex 70.5128 -0.195788 1.5
    endloop
  endfacet
  facet normal 0 0 1
    outer loop
      vertex 70.5128 -0.195788 1.5
      vertex 23.7492 -30.4338 1.5
      vertex 70.5511 -0.388228 1.5
    endloop
  endfacet
  facet normal 0 0 1
    outer loop
      vertex 71.0869 -1.19003 1.5
      vertex 23.7492 -30.4338 1.5
      vertex 80 -40 1.5
    endloop
  endfacet
  facet normal -0 0 1
    outer loop
      vertex 23.7364 -30.6296 1.5
      vertex 80 -40 1.5
      vertex 23.7492 -30.4338 1.5
    endloop
  endfacet
  facet normal -0 0 1
    outer loop
      vertex 23.6981 -30.822 1.5
      vertex 80 -40 1.5
      vertex 23.7364 -30.6296 1.5
    endloop
  endfacet
  facet normal -0 0 1
    outer loop
      vertex 23.635 -31.0078 1.5
      vertex 80 -40 1.5
      vertex 23.6981 -30.822 1.5
    endloop
  endfacet
  facet normal -0 0 1
    outer loop
      vertex 23.5483 -31.1838 1.5
      vertex 80 -40 1.5
      vertex 23.635 -31.0078 1.5
    endloop
  endfacet
  facet normal -0 0 1
    outer loop
      vertex 23.4393 -31.347 1.5
      vertex 80 -40 1.5
      vertex 23.5483 -31.1838 1.5
    endloop
  endfacet
  facet normal -0 0 1
    outer loop
      vertex 23.3099 -31.4945 1.5
      vertex 80 -40 1.5
      vertex 23.4393 -31.347 1.5
    endloop
  endfacet
  facet normal -0 0 1
    outer loop
      vertex 23.1624 -31.6238 1.5
      vertex 80 -40 1.5
      vertex 23.3099 -31.4945 1.5
    endloop
  endfacet
  facet normal -0 0 1
    outer loop
      vertex 22.9992 -31.7328 1.5
      vertex 80 -40 1.5
      vertex 23.1624 -31.6238 1.5
    endloop
  endfacet
  facet normal -0 0 1
    outer loop
      vertex 22.8232 -31.8196 1.5
      vertex 80 -40 1.5
      vertex 22.9992 -31.7328 1.5
    endloop
  endfacet
  facet normal -0 0 1
    outer loop
      vertex 22.6375 -31.8827 1.5
      vertex 80 -40 1.5
      vertex 22.8232 -31.8196 1.5
    endloop
  endfacet
  facet normal -0 0 1
    outer loop
      vertex 22.445 -31.921 1.5
      vertex 80 -40 1.5
      vertex 22.6375 -31.8827 1.5
    endloop
  endfacet
  facet normal -0 0 1
    outer loop
      vertex 22.2492 -31.9338 1.5
      vertex 80 -40 1.5
      vertex 22.445 -31.921 1.5
    endloop
  endfacet
  facet normal 0 0 1
    outer loop
      vertex 22.0534 -31.921 1.5
      vertex 80 -40 1.5
      vertex 22.2492 -31.9338 1.5
    endloop
  endfacet
  facet normal 0 0 1
    outer loop
      vertex 20.8003 -30.0456 1.5
      vertex -56.7621 -19.0049 1.5
      vertex 20.7621 -30.238 1.5
    endloop
  endfacet
  facet normal -0 0 1
    outer loop
      vertex -56.8003 -19.1974 1.5
      vertex 20.7621 -30.238 1.5
      vertex -56.7621 -19.0049 1.5
    endloop
  endfacet
  facet normal 0 0 1
    outer loop
      vertex 20.7621 -30.238 1.5
      vertex -56.8003 -19.1974 1.5
      vertex 20.7492 -30.4338 1.5
    endloop
  endfacet
  facet normal -0 0 1
    outer loop
      vertex -56.8634 -19.3832 1.5
      vertex 20.7492 -30.4338 1.5
      vertex -56.8003 -19.1974 1.5
    endloop
  endfacet
  facet normal 0 0 1
    outer loop
      vertex 20.7492 -30.4338 1.5
      vertex -56.8634 -19.3832 1.5
      vertex 20.7621 -30.6296 1.5
    endloop
  endfacet
  facet normal -0 0 1
    outer loop
      vertex -56.9502 -19.5591 1.5
      vertex 20.7621 -30.6296 1.5
      vertex -56.8634 -19.3832 1.5
    endloop
  endfacet
  facet normal 0 0 1
    outer loop
      vertex 20.7621 -30.6296 1.5
      vertex -56.9502 -19.5591 1.5
      vertex 20.8003 -30.822 1.5
    endloop
  endfacet
  facet normal -0 0 1
    outer loop
      vertex -57.0592 -19.7223 1.5
      vertex 20.8003 -30.822 1.5
      vertex -56.9502 -19.5591 1.5
    endloop
  endfacet
  facet normal 0 0 1
    outer loop
      vertex 20.8003 -30.822 1.5
      vertex -57.0592 -19.7223 1.5
      vertex 20.8634 -31.0078 1.5
    endloop
  endfacet
  facet normal -0 0 1
    outer loop
      vertex -57.1886 -19.8698 1.5
      vertex 20.8634 -31.0078 1.5
      vertex -57.0592 -19.7223 1.5
    endloop
  endfacet
  facet normal 0 0 1
    outer loop
      vertex 20.8634 -31.0078 1.5
      vertex -57.1886 -19.8698 1.5
      vertex 20.9502 -31.1838 1.5
    endloop
  endfacet
  facet normal -0 0 1
    outer loop
      vertex -57.3361 -19.9992 1.5
      vertex 20.9502 -31.1838 1.5
      vertex -57.1886 -19.8698 1.5
    endloop
  endfacet
  facet normal 0 0 1
    outer loop
      vertex 20.9502 -31.1838 1.5
      vertex -57.3361 -19.9992 1.5
      vertex 21.0592 -31.347 1.5
    endloop
  endfacet
  facet normal -0 0 1
    outer loop
      vertex -57.4992 -20.1082 1.5
      vertex 21.0592 -31.347 1.5
      vertex -57.3361 -19.9992 1.5
    endloop
  endfacet
  facet normal 0 0 1
    outer loop
      vertex 21.0592 -31.347 1.5
      vertex -57.4992 -20.1082 1.5
      vertex 21.1886 -31.4945 1.5
    endloop
  endfacet
  facet normal 0 0 1
    outer loop
      vertex -80 -40 1.5
      vertex 21.1886 -31.4945 1.5
      vertex -57.4992 -20.1082 1.5
    endloop
  endfacet
  facet normal 0 0 1
    outer loop
      vertex 21.1886 -31.4945 1.5
      vertex -80 -40 1.5
      vertex 21.3361 -31.6238 1.5
    endloop
  endfacet
  facet normal 0 0 1
    outer loop
      vertex 21.3361 -31.6238 1.5
      vertex -80 -40 1.5
      vertex 21.4992 -31.7328 1.5
    endloop
  endfacet
  facet normal 0 0 1
    outer loop
      vertex 21.4992 -31.7328 1.5
      vertex -80 -40 1.5
      vertex 21.6752 -31.8196 1.5
    endloop
  endfacet
  facet normal 0 0 1
    outer loop
      vertex 21.6752 -31.8196 1.5
      vertex -80 -40 1.5
      vertex 21.861 -31.8827 1.5
    endloop
  endfacet
  facet normal 0 0 1
    outer loop
      vertex -80 -40 1.5
      vertex -57.4992 -20.1082 1.5
      vertex -57.6752 -20.1949 1.5
    endloop
  endfacet
  facet normal 0 0 1
    outer loop
      vertex -80 -40 1.5
      vertex -57.6752 -20.1949 1.5
      vertex -57.861 -20.258 1.5
    endloop
  endfacet
  facet normal 0 0 1
    outer loop
      vertex -80 -40 1.5
      vertex -57.861 -20.258 1.5
      vertex -58.0534 -20.2963 1.5
    endloop
  endfacet
  facet normal 0 0 1
    outer loop
      vertex -80 -40 1.5
      vertex -58.0534 -20.2963 1.5
      vertex -58.2492 -20.3091 1.5
    endloop
  endfacet
  facet normal 0 0 1
    outer loop
      vertex -80 -40 1.5
      vertex -58.2492 -20.3091 1.5
      vertex -58.445 -20.2963 1.5
    endloop
  endfacet
  facet normal 0 0 1
    outer loop
      vertex -59.7364 -18.6133 1.5
      vertex -80 -40 1.5
      vertex -59.7492 -18.8091 1.5
    endloop
  endfacet
  facet normal 0 0 1
    outer loop
      vertex -59.7492 -18.8091 1.5
      vertex -80 -40 1.5
      vertex -59.7364 -19.0049 1.5
    endloop
  endfacet
  facet normal 0 0 1
    outer loop
      vertex -59.7364 -19.0049 1.5
      vertex -80 -40 1.5
      vertex -59.6981 -19.1974 1.5
    endloop
  endfacet
  facet normal 0 0 1
    outer loop
      vertex 22.0534 -31.921 1.5
      vertex -80 -40 1.5
      vertex 80 -40 1.5
    endloop
  endfacet
  facet normal 0 0 1
    outer loop
      vertex 21.861 -31.8827 1.5
      vertex -80 -40 1.5
      vertex 22.0534 -31.921 1.5
    endloop
  endfacet
  facet normal 0 0 1
    outer loop
      vertex -58.6375 -20.258 1.5
      vertex -80 -40 1.5
      vertex -58.445 -20.2963 1.5
    endloop
  endfacet
  facet normal 0 0 1
    outer loop
      vertex -58.8232 -20.1949 1.5
      vertex -80 -40 1.5
      vertex -58.6375 -20.258 1.5
    endloop
  endfacet
  facet normal 0 0 1
    outer loop
      vertex -58.9992 -20.1082 1.5
      vertex -80 -40 1.5
      vertex -58.8232 -20.1949 1.5
    endloop
  endfacet
  facet normal 0 0 1
    outer loop
      vertex -59.1624 -19.9992 1.5
      vertex -80 -40 1.5
      vertex -58.9992 -20.1082 1.5
    endloop
  endfacet
  facet normal 0 0 1
    outer loop
      vertex -59.3099 -19.8698 1.5
      vertex -80 -40 1.5
      vertex -59.1624 -19.9992 1.5
    endloop
  endfacet
  facet normal 0 0 1
    outer loop
      vertex -59.4393 -19.7223 1.5
      vertex -80 -40 1.5
      vertex -59.3099 -19.8698 1.5
    endloop
  endfacet
  facet normal 0 0 1
    outer loop
      vertex -59.5483 -19.5591 1.5
      vertex -80 -40 1.5
      vertex -59.4393 -19.7223 1.5
    endloop
  endfacet
  facet normal 0 0 1
    outer loop
      vertex -59.635 -19.3832 1.5
      vertex -80 -40 1.5
      vertex -59.5483 -19.5591 1.5
    endloop
  endfacet
  facet normal 0 0 1
    outer loop
      vertex -59.6981 -19.1974 1.5
      vertex -80 -40 1.5
      vertex -59.635 -19.3832 1.5
    endloop
  endfacet
  facet normal 0 0 -1
    outer loop
      vertex -56.8634 -18.2351 -1.5
      vertex 21.0592 -29.5207 -1.5
      vertex -56.8003 -18.4209 -1.5
    endloop
  endfacet
  facet normal 0 0 -1
    outer loop
      vertex 21.0592 29.5207 -1.5
      vertex -56.7621 18.6133 -1.5
      vertex -56.7492 18.8091 -1.5
    endloop
  endfacet
  facet normal 0 0 -1
    outer loop
      vertex 21.0592 -29.5207 -1.5
      vertex -56.8634 -18.2351 -1.5
      vertex 21.0592 29.5207 -1.5
    endloop
  endfacet
  facet normal 0 0 -1
    outer loop
      vertex 21.0592 29.5207 -1.5
      vertex -56.8003 18.4209 -1.5
      vertex -56.7621 18.6133 -1.5
    endloop
  endfacet
  facet normal 0 0 -1
    outer loop
      vertex -56.8634 18.2351 -1.5
      vertex 21.0592 29.5207 -1.5
      vertex -56.8634 -18.2351 -1.5
    endloop
  endfacet
  facet normal 0 0 -1
    outer loop
      vertex 21.0592 29.5207 -1.5
      vertex -56.8634 18.2351 -1.5
      vertex -56.8003 18.4209 -1.5
    endloop
  endfacet
  facet normal 0 0 -1
    outer loop
      vertex -56.9502 -18.0591 -1.5
      vertex -56.8634 18.2351 -1.5
      vertex -56.8634 -18.2351 -1.5
    endloop
  endfacet
  facet normal 0 0 -1
    outer loop
      vertex -56.9502 -18.0591 -1.5
      vertex -56.9502 18.0591 -1.5
      vertex -56.8634 18.2351 -1.5
    endloop
  endfacet
  facet normal 0 0 -1
    outer loop
      vertex -57.0592 -17.896 -1.5
      vertex -56.9502 18.0591 -1.5
      vertex -56.9502 -18.0591 -1.5
    endloop
  endfacet
  facet normal 0 0 -1
    outer loop
      vertex -57.0592 -17.896 -1.5
      vertex -57.0592 17.896 -1.5
      vertex -56.9502 18.0591 -1.5
    endloop
  endfacet
  facet normal 0 0 -1
    outer loop
      vertex -57.1886 -17.7485 -1.5
      vertex -57.0592 17.896 -1.5
      vertex -57.0592 -17.896 -1.5
    endloop
  endfacet
  facet normal 0 0 -1
    outer loop
      vertex -57.1886 -17.7485 -1.5
      vertex -57.1886 17.7485 -1.5
      vertex -57.0592 17.896 -1.5
    endloop
  endfacet
  facet normal 0 0 -1
    outer loop
      vertex -57.3361 -17.6191 -1.5
      vertex -57.1886 17.7485 -1.5
      vertex -57.1886 -17.7485 -1.5
    endloop
  endfacet
  facet normal 0 0 -1
    outer loop
      vertex -57.3361 -17.6191 -1.5
      vertex -57.3361 17.6191 -1.5
      vertex -57.1886 17.7485 -1.5
    endloop
  endfacet
  facet normal 0 0 -1
    outer loop
      vertex -57.4992 -17.5101 -1.5
      vertex -57.3361 17.6191 -1.5
      vertex -57.3361 -17.6191 -1.5
    endloop
  endfacet
  facet normal 0 0 -1
    outer loop
      vertex -57.4992 -17.5101 -1.5
      vertex -57.4992 17.5101 -1.5
      vertex -57.3361 17.6191 -1.5
    endloop
  endfacet
  facet normal 0 0 -1
    outer loop
      vertex -57.6752 -17.4233 -1.5
      vertex -57.4992 17.5101 -1.5
      vertex -57.4992 -17.5101 -1.5
    endloop
  endfacet
  facet normal 0 0 -1
    outer loop
      vertex -57.6752 -17.4233 -1.5
      vertex -57.6752 17.4233 -1.5
      vertex -57.4992 17.5101 -1.5
    endloop
  endfacet
  facet normal 0 0 -1
    outer loop
      vertex -57.861 -17.3602 -1.5
      vertex -57.6752 17.4233 -1.5
      vertex -57.6752 -17.4233 -1.5
    endloop
  endfacet
  facet normal 0 0 -1
    outer loop
      vertex -57.861 -17.3602 -1.5
      vertex -57.861 17.3602 -1.5
      vertex -57.6752 17.4233 -1.5
    endloop
  endfacet
  facet normal 0 0 -1
    outer loop
      vertex -58.0534 -17.322 -1.5
      vertex -57.861 17.3602 -1.5
      vertex -57.861 -17.3602 -1.5
    endloop
  endfacet
  facet normal 0 0 -1
    outer loop
      vertex -58.0534 -17.322 -1.5
      vertex -58.0534 17.322 -1.5
      vertex -57.861 17.3602 -1.5
    endloop
  endfacet
  facet normal 0 0 -1
    outer loop
      vertex -58.2492 -17.3091 -1.5
      vertex -58.0534 17.322 -1.5
      vertex -58.0534 -17.322 -1.5
    endloop
  endfacet
  facet normal 0 0 -1
    outer loop
      vertex -58.2492 -17.3091 -1.5
      vertex -58.2492 17.3091 -1.5
      vertex -58.0534 17.322 -1.5
    endloop
  endfacet
  facet normal 0 0 -1
    outer loop
      vertex -58.445 -17.322 -1.5
      vertex -58.2492 17.3091 -1.5
      vertex -58.2492 -17.3091 -1.5
    endloop
  endfacet
  facet normal 0 0 -1
    outer loop
      vertex -58.445 -17.322 -1.5
      vertex -58.445 17.322 -1.5
      vertex -58.2492 17.3091 -1.5
    endloop
  endfacet
  facet normal 0 0 -1
    outer loop
      vertex -58.6375 -17.3602 -1.5
      vertex -58.445 17.322 -1.5
      vertex -58.445 -17.322 -1.5
    endloop
  endfacet
  facet normal 0 0 -1
    outer loop
      vertex -58.6375 -17.3602 -1.5
      vertex -58.6375 17.3602 -1.5
      vertex -58.445 17.322 -1.5
    endloop
  endfacet
  facet normal 0 0 -1
    outer loop
      vertex -58.8232 -17.4233 -1.5
      vertex -58.6375 17.3602 -1.5
      vertex -58.6375 -17.3602 -1.5
    endloop
  endfacet
  facet normal 0 0 -1
    outer loop
      vertex -58.8232 -17.4233 -1.5
      vertex -58.8232 17.4233 -1.5
      vertex -58.6375 17.3602 -1.5
    endloop
  endfacet
  facet normal 0 0 -1
    outer loop
      vertex -58.9992 -17.5101 -1.5
      vertex -58.8232 17.4233 -1.5
      vertex -58.8232 -17.4233 -1.5
    endloop
  endfacet
  facet normal 0 0 -1
    outer loop
      vertex -58.9992 -17.5101 -1.5
      vertex -58.9992 17.5101 -1.5
      vertex -58.8232 17.4233 -1.5
    endloop
  endfacet
  facet normal 0 0 -1
    outer loop
      vertex -59.1624 -17.6191 -1.5
      vertex -58.9992 17.5101 -1.5
      vertex -58.9992 -17.5101 -1.5
    endloop
  endfacet
  facet normal 0 0 -1
    outer loop
      vertex -59.1624 -17.6191 -1.5
      vertex -59.1624 17.6191 -1.5
      vertex -58.9992 17.5101 -1.5
    endloop
  endfacet
  facet normal 0 0 -1
    outer loop
      vertex -59.3099 -17.7485 -1.5
      vertex -59.1624 17.6191 -1.5
      vertex -59.1624 -17.6191 -1.5
    endloop
  endfacet
  facet normal 0 0 -1
    outer loop
      vertex -59.3099 -17.7485 -1.5
      vertex -59.3099 17.7485 -1.5
      vertex -59.1624 17.6191 -1.5
    endloop
  endfacet
  facet normal 0 0 -1
    outer loop
      vertex -59.4393 -17.896 -1.5
      vertex -59.3099 17.7485 -1.5
      vertex -59.3099 -17.7485 -1.5
    endloop
  endfacet
  facet normal 0 0 -1
    outer loop
      vertex -59.4393 -17.896 -1.5
      vertex -59.4393 17.896 -1.5
      vertex -59.3099 17.7485 -1.5
    endloop
  endfacet
  facet normal 0 0 -1
    outer loop
      vertex -59.5483 -18.0591 -1.5
      vertex -59.4393 17.896 -1.5
      vertex -59.4393 -17.896 -1.5
    endloop
  endfacet
  facet normal 0 0 -1
    outer loop
      vertex -59.5483 -18.0591 -1.5
      vertex -59.5483 18.0591 -1.5
      vertex -59.4393 17.896 -1.5
    endloop
  endfacet
  facet normal 0 0 -1
    outer loop
      vertex -59.635 -18.2351 -1.5
      vertex -59.5483 18.0591 -1.5
      vertex -59.5483 -18.0591 -1.5
    endloop
  endfacet
  facet normal 0 0 -1
    outer loop
      vertex -59.635 -18.2351 -1.5
      vertex -59.635 18.2351 -1.5
      vertex -59.5483 18.0591 -1.5
    endloop
  endfacet
  facet normal 0 0 -1
    outer loop
      vertex -80 -40 -1.5
      vertex -59.635 -18.2351 -1.5
      vertex -59.6981 -18.4209 -1.5
    endloop
  endfacet
  facet normal -0 0 -1
    outer loop
      vertex -59.635 -18.2351 -1.5
      vertex -80 -40 -1.5
      vertex -59.635 18.2351 -1.5
    endloop
  endfacet
  facet normal 0 0 -1
    outer loop
      vertex -80 -40 -1.5
      vertex -59.6981 -18.4209 -1.5
      vertex -59.7364 -18.6133 -1.5
    endloop
  endfacet
  facet normal 0 0 -1
    outer loop
      vertex -80 40 -1.5
      vertex -59.635 18.2351 -1.5
      vertex -80 -40 -1.5
    endloop
  endfacet
  facet normal 0 0 -1
    outer loop
      vertex -80 -40 -1.5
      vertex -59.7364 -18.6133 -1.5
      vertex -59.7492 -18.8091 -1.5
    endloop
  endfacet
  facet normal 0 0 -1
    outer loop
      vertex -59.635 18.2351 -1.5
      vertex -80 40 -1.5
      vertex -59.6981 18.4209 -1.5
    endloop
  endfacet
  facet normal -0 0 -1
    outer loop
      vertex 70.701 -0.75 -1.5
      vertex 23.4393 -29.5207 -1.5
      vertex 70.6142 -0.574024 -1.5
    endloop
  endfacet
  facet normal 0 0 -1
    outer loop
      vertex 70.5 0 -1.5
      vertex 23.7364 30.238 -1.5
      vertex 23.7492 30.4338 -1.5
    endloop
  endfacet
  facet normal 0 0 -1
    outer loop
      vertex 23.3099 -29.3731 -1.5
      vertex 70.6142 -0.574024 -1.5
      vertex 23.4393 -29.5207 -1.5
    endloop
  endfacet
  facet normal 0 0 -1
    outer loop
      vertex 70.5 0 -1.5
      vertex 23.6981 30.0456 -1.5
      vertex 23.7364 30.238 -1.5
    endloop
  endfacet
  facet normal -0 0 -1
    outer loop
      vertex 70.6142 -0.574024 -1.5
      vertex 23.3099 -29.3731 -1.5
      vertex 70.5511 -0.388228 -1.5
    endloop
  endfacet
  facet normal 0 0 -1
    outer loop
      vertex 70.5 0 -1.5
      vertex 23.635 29.8598 -1.5
      vertex 23.6981 30.0456 -1.5
    endloop
  endfacet
  facet normal 0 0 -1
    outer loop
      vertex 23.1624 -29.2438 -1.5
      vertex 70.5511 -0.388228 -1.5
      vertex 23.3099 -29.3731 -1.5
    endloop
  endfacet
  facet normal 0 0 -1
    outer loop
      vertex 70.5 0 -1.5
      vertex 23.5483 29.6838 -1.5
      vertex 23.635 29.8598 -1.5
    endloop
  endfacet
  facet normal -0 0 -1
    outer loop
      vertex 70.5511 -0.388228 -1.5
      vertex 23.1624 -29.2438 -1.5
      vertex 70.5128 -0.195788 -1.5
    endloop
  endfacet
  facet normal 0 0 -1
    outer loop
      vertex 70.5 0 -1.5
      vertex 23.4393 29.5207 -1.5
      vertex 23.5483 29.6838 -1.5
    endloop
  endfacet
  facet normal 0 0 -1
    outer loop
      vertex 22.9992 -29.1348 -1.5
      vertex 70.5128 -0.195788 -1.5
      vertex 23.1624 -29.2438 -1.5
    endloop
  endfacet
  facet normal 0 0 -1
    outer loop
      vertex 70.5 0 -1.5
      vertex 23.3099 29.3731 -1.5
      vertex 23.4393 29.5207 -1.5
    endloop
  endfacet
  facet normal -0 0 -1
    outer loop
      vertex 70.5128 -0.195788 -1.5
      vertex 22.9992 -29.1348 -1.5
      vertex 70.5 0 -1.5
    endloop
  endfacet
  facet normal 0 0 -1
    outer loop
      vertex 70.5 0 -1.5
      vertex 23.1624 29.2438 -1.5
      vertex 23.3099 29.3731 -1.5
    endloop
  endfacet
  facet normal 0 0 -1
    outer loop
      vertex 22.9992 29.1348 -1.5
      vertex 70.5 0 -1.5
      vertex 22.9992 -29.1348 -1.5
    endloop
  endfacet
  facet normal 0 0 -1
    outer loop
      vertex 70.5 0 -1.5
      vertex 22.9992 29.1348 -1.5
      vertex 23.1624 29.2438 -1.5
    endloop
  endfacet
  facet normal 0 0 -1
    outer loop
      vertex 22.8232 -29.048 -1.5
      vertex 22.9992 29.1348 -1.5
      vertex 22.9992 -29.1348 -1.5
    endloop
  endfacet
  facet normal 0 0 -1
    outer loop
      vertex 22.8232 -29.048 -1.5
      vertex 22.8232 29.048 -1.5
      vertex 22.9992 29.1348 -1.5
    endloop
  endfacet
  facet normal 0 0 -1
    outer loop
      vertex 22.6375 -28.9849 -1.5
      vertex 22.8232 29.048 -1.5
      vertex 22.8232 -29.048 -1.5
    endloop
  endfacet
  facet normal 0 0 -1
    outer loop
      vertex 22.6375 -28.9849 -1.5
      vertex 22.6375 28.9849 -1.5
      vertex 22.8232 29.048 -1.5
    endloop
  endfacet
  facet normal 0 0 -1
    outer loop
      vertex 22.445 -28.9466 -1.5
      vertex 22.6375 28.9849 -1.5
      vertex 22.6375 -28.9849 -1.5
    endloop
  endfacet
  facet normal 0 0 -1
    outer loop
      vertex 22.445 -28.9466 -1.5
      vertex 22.445 28.9466 -1.5
      vertex 22.6375 28.9849 -1.5
    endloop
  endfacet
  facet normal 0 0 -1
    outer loop
      vertex 22.2492 -28.9338 -1.5
      vertex 22.445 28.9466 -1.5
      vertex 22.445 -28.9466 -1.5
    endloop
  endfacet
  facet normal 0 0 -1
    outer loop
      vertex 22.2492 -28.9338 -1.5
      vertex 22.2492 28.9338 -1.5
      vertex 22.445 28.9466 -1.5
    endloop
  endfacet
  facet normal 0 0 -1
    outer loop
      vertex 22.0534 -28.9466 -1.5
      vertex 22.2492 28.9338 -1.5
      vertex 22.2492 -28.9338 -1.5
    endloop
  endfacet
  facet normal 0 0 -1
    outer loop
      vertex 22.0534 -28.9466 -1.5
      vertex 22.0534 28.9466 -1.5
      vertex 22.2492 28.9338 -1.5
    endloop
  endfacet
  facet normal 0 0 -1
    outer loop
      vertex 21.861 -28.9849 -1.5
      vertex 22.0534 28.9466 -1.5
      vertex 22.0534 -28.9466 -1.5
    endloop
  endfacet
  facet normal 0 0 -1
    outer loop
      vertex 21.861 -28.9849 -1.5
      vertex 21.861 28.9849 -1.5
      vertex 22.0534 28.9466 -1.5
    endloop
  endfacet
  facet normal 0 0 -1
    outer loop
      vertex 21.6752 -29.048 -1.5
      vertex 21.861 28.9849 -1.5
      vertex 21.861 -28.9849 -1.5
    endloop
  endfacet
  facet normal 0 0 -1
    outer loop
      vertex 21.6752 -29.048 -1.5
      vertex 21.6752 29.048 -1.5
      vertex 21.861 28.9849 -1.5
    endloop
  endfacet
  facet normal 0 0 -1
    outer loop
      vertex 21.4992 -29.1348 -1.5
      vertex 21.6752 29.048 -1.5
      vertex 21.6752 -29.048 -1.5
    endloop
  endfacet
  facet normal 0 0 -1
    outer loop
      vertex 21.4992 -29.1348 -1.5
      vertex 21.4992 29.1348 -1.5
      vertex 21.6752 29.048 -1.5
    endloop
  endfacet
  facet normal 0 0 -1
    outer loop
      vertex 21.3361 -29.2438 -1.5
      vertex 21.4992 29.1348 -1.5
      vertex 21.4992 -29.1348 -1.5
    endloop
  endfacet
  facet normal 0 0 -1
    outer loop
      vertex 21.3361 -29.2438 -1.5
      vertex 21.3361 29.2438 -1.5
      vertex 21.4992 29.1348 -1.5
    endloop
  endfacet
  facet normal 0 0 -1
    outer loop
      vertex 21.1886 -29.3731 -1.5
      vertex 21.3361 29.2438 -1.5
      vertex 21.3361 -29.2438 -1.5
    endloop
  endfacet
  facet normal 0 0 -1
    outer loop
      vertex 21.1886 -29.3731 -1.5
      vertex 21.1886 29.3731 -1.5
      vertex 21.3361 29.2438 -1.5
    endloop
  endfacet
  facet normal 0 0 -1
    outer loop
      vertex 21.0592 -29.5207 -1.5
      vertex 21.1886 29.3731 -1.5
      vertex 21.1886 -29.3731 -1.5
    endloop
  endfacet
  facet normal 0 0 -1
    outer loop
      vertex 21.0592 -29.5207 -1.5
      vertex 21.0592 29.5207 -1.5
      vertex 21.1886 29.3731 -1.5
    endloop
  endfacet
  facet normal 0 0 -1
    outer loop
      vertex 20.8634 -29.8598 -1.5
      vertex -56.7621 -18.6133 -1.5
      vertex 20.9502 -29.6838 -1.5
    endloop
  endfacet
  facet normal 0 0 -1
    outer loop
      vertex -56.8003 -18.4209 -1.5
      vertex 20.9502 -29.6838 -1.5
      vertex -56.7621 -18.6133 -1.5
    endloop
  endfacet
  facet normal 0 0 -1
    outer loop
      vertex -56.7621 -18.6133 -1.5
      vertex 20.8634 -29.8598 -1.5
      vertex -56.7492 -18.8091 -1.5
    endloop
  endfacet
  facet normal 0 0 -1
    outer loop
      vertex 20.9502 -29.6838 -1.5
      vertex -56.8003 -18.4209 -1.5
      vertex 21.0592 -29.5207 -1.5
    endloop
  endfacet
  facet normal 0 0 -1
    outer loop
      vertex -56.7492 -18.8091 -1.5
      vertex 20.8634 -29.8598 -1.5
      vertex 20.8003 -30.0456 -1.5
    endloop
  endfacet
  facet normal -0 0 -1
    outer loop
      vertex 21.0592 29.5207 -1.5
      vertex -56.7492 18.8091 -1.5
      vertex 20.9502 29.6838 -1.5
    endloop
  endfacet
  facet normal 0 0 -1
    outer loop
      vertex -56.7621 -19.0049 -1.5
      vertex 20.8003 -30.0456 -1.5
      vertex 20.7621 -30.238 -1.5
    endloop
  endfacet
  facet normal -0 0 -1
    outer loop
      vertex 20.9502 29.6838 -1.5
      vertex -56.7492 18.8091 -1.5
      vertex 20.8634 29.8598 -1.5
    endloop
  endfacet
  facet normal 0 0 -1
    outer loop
      vertex -56.8003 -19.1974 -1.5
      vertex 20.7621 -30.238 -1.5
      vertex 20.7492 -30.4338 -1.5
    endloop
  endfacet
  facet normal -0 0 -1
    outer loop
      vertex 20.8634 29.8598 -1.5
      vertex -56.7492 18.8091 -1.5
      vertex 20.8003 30.0456 -1.5
    endloop
  endfacet
  facet normal 0 0 -1
    outer loop
      vertex 80 -40 -1.5
      vertex 73.5 0 -1.5
      vertex 80 40 -1.5
    endloop
  endfacet
  facet normal 0 0 -1
    outer loop
      vertex 80 -40 -1.5
      vertex 73.4872 -0.195788 -1.5
      vertex 73.5 0 -1.5
    endloop
  endfacet
  facet normal 0 0 -1
    outer loop
      vertex 80 -40 -1.5
      vertex 73.4489 -0.388228 -1.5
      vertex 73.4872 -0.195788 -1.5
    endloop
  endfacet
  facet normal 0 0 -1
    outer loop
      vertex 80 -40 -1.5
      vertex 73.3858 -0.574024 -1.5
      vertex 73.4489 -0.388228 -1.5
    endloop
  endfacet
  facet normal 0 0 -1
    outer loop
      vertex 80 -40 -1.5
      vertex 73.299 -0.75 -1.5
      vertex 73.3858 -0.574024 -1.5
    endloop
  endfacet
  facet normal 0 0 -1
    outer loop
      vertex 80 -40 -1.5
      vertex 73.19 -0.913141 -1.5
      vertex 73.299 -0.75 -1.5
    endloop
  endfacet
  facet normal 0 0 -1
    outer loop
      vertex 80 -40 -1.5
      vertex 73.0607 -1.06066 -1.5
      vertex 73.19 -0.913141 -1.5
    endloop
  endfacet
  facet normal 0 0 -1
    outer loop
      vertex 80 -40 -1.5
      vertex 72.9131 -1.19003 -1.5
      vertex 73.0607 -1.06066 -1.5
    endloop
  endfacet
  facet normal 0 0 -1
    outer loop
      vertex 80 -40 -1.5
      vertex 72.75 -1.29904 -1.5
      vertex 72.9131 -1.19003 -1.5
    endloop
  endfacet
  facet normal 0 0 -1
    outer loop
      vertex 80 -40 -1.5
      vertex 72.574 -1.38582 -1.5
      vertex 72.75 -1.29904 -1.5
    endloop
  endfacet
  facet normal 0 0 -1
    outer loop
      vertex 80 -40 -1.5
      vertex 72.3882 -1.44889 -1.5
      vertex 72.574 -1.38582 -1.5
    endloop
  endfacet
  facet normal 0 0 -1
    outer loop
      vertex 80 -40 -1.5
      vertex 72.1958 -1.48717 -1.5
      vertex 72.3882 -1.44889 -1.5
    endloop
  endfacet
  facet normal 0 0 -1
    outer loop
      vertex 80 -40 -1.5
      vertex 72 -1.5 -1.5
      vertex 72.1958 -1.48717 -1.5
    endloop
  endfacet
  facet normal 0 0 -1
    outer loop
      vertex 80 -40 -1.5
      vertex 71.8042 -1.48717 -1.5
      vertex 72 -1.5 -1.5
    endloop
  endfacet
  facet normal 0 0 -1
    outer loop
      vertex 80 -40 -1.5
      vertex 71.6118 -1.44889 -1.5
      vertex 71.8042 -1.48717 -1.5
    endloop
  endfacet
  facet normal 0 0 -1
    outer loop
      vertex 80 -40 -1.5
      vertex 71.426 -1.38582 -1.5
      vertex 71.6118 -1.44889 -1.5
    endloop
  endfacet
  facet normal 0 0 -1
    outer loop
      vertex 80 -40 -1.5
      vertex 71.25 -1.29904 -1.5
      vertex 71.426 -1.38582 -1.5
    endloop
  endfacet
  facet normal 0 0 -1
    outer loop
      vertex 80 -40 -1.5
      vertex 71.0869 -1.19003 -1.5
      vertex 71.25 -1.29904 -1.5
    endloop
  endfacet
  facet normal 0 0 -1
    outer loop
      vertex 23.7364 -30.238 -1.5
      vertex 80 -40 -1.5
      vertex 23.7492 -30.4338 -1.5
    endloop
  endfacet
  facet normal 0 0 -1
    outer loop
      vertex 80 -40 -1.5
      vertex 23.7364 -30.238 -1.5
      vertex 71.0869 -1.19003 -1.5
    endloop
  endfacet
  facet normal 0 0 -1
    outer loop
      vertex 23.6981 -30.0456 -1.5
      vertex 71.0869 -1.19003 -1.5
      vertex 23.7364 -30.238 -1.5
    endloop
  endfacet
  facet normal -0 0 -1
    outer loop
      vertex 71.0869 -1.19003 -1.5
      vertex 23.6981 -30.0456 -1.5
      vertex 70.9393 -1.06066 -1.5
    endloop
  endfacet
  facet normal 0 0 -1
    outer loop
      vertex 23.635 -29.8598 -1.5
      vertex 70.9393 -1.06066 -1.5
      vertex 23.6981 -30.0456 -1.5
    endloop
  endfacet
  facet normal -0 0 -1
    outer loop
      vertex 70.81 -0.913141 -1.5
      vertex 23.5483 -29.6838 -1.5
      vertex 70.701 -0.75 -1.5
    endloop
  endfacet
  facet normal 0 0 -1
    outer loop
      vertex 23.5483 -29.6838 -1.5
      vertex 70.81 -0.913141 -1.5
      vertex 23.635 -29.8598 -1.5
    endloop
  endfacet
  facet normal -0 0 -1
    outer loop
      vertex 70.9393 -1.06066 -1.5
      vertex 23.635 -29.8598 -1.5
      vertex 70.81 -0.913141 -1.5
    endloop
  endfacet
  facet normal 0 0 -1
    outer loop
      vertex 80 -40 -1.5
      vertex 23.7364 -30.6296 -1.5
      vertex 23.7492 -30.4338 -1.5
    endloop
  endfacet
  facet normal 0 0 -1
    outer loop
      vertex 80 -40 -1.5
      vertex 23.6981 -30.822 -1.5
      vertex 23.7364 -30.6296 -1.5
    endloop
  endfacet
  facet normal 0 0 -1
    outer loop
      vertex 80 -40 -1.5
      vertex 23.635 -31.0078 -1.5
      vertex 23.6981 -30.822 -1.5
    endloop
  endfacet
  facet normal 0 0 -1
    outer loop
      vertex 80 -40 -1.5
      vertex 23.5483 -31.1838 -1.5
      vertex 23.635 -31.0078 -1.5
    endloop
  endfacet
  facet normal 0 0 -1
    outer loop
      vertex 80 -40 -1.5
      vertex 23.4393 -31.347 -1.5
      vertex 23.5483 -31.1838 -1.5
    endloop
  endfacet
  facet normal 0 0 -1
    outer loop
      vertex 80 -40 -1.5
      vertex 23.3099 -31.4945 -1.5
      vertex 23.4393 -31.347 -1.5
    endloop
  endfacet
  facet normal 0 0 -1
    outer loop
      vertex 80 -40 -1.5
      vertex 23.1624 -31.6238 -1.5
      vertex 23.3099 -31.4945 -1.5
    endloop
  endfacet
  facet normal 0 0 -1
    outer loop
      vertex 80 -40 -1.5
      vertex 22.9992 -31.7328 -1.5
      vertex 23.1624 -31.6238 -1.5
    endloop
  endfacet
  facet normal 0 0 -1
    outer loop
      vertex 80 -40 -1.5
      vertex 22.8232 -31.8196 -1.5
      vertex 22.9992 -31.7328 -1.5
    endloop
  endfacet
  facet normal 0 0 -1
    outer loop
      vertex 80 -40 -1.5
      vertex 22.6375 -31.8827 -1.5
      vertex 22.8232 -31.8196 -1.5
    endloop
  endfacet
  facet normal 0 0 -1
    outer loop
      vertex 80 -40 -1.5
      vertex 22.445 -31.921 -1.5
      vertex 22.6375 -31.8827 -1.5
    endloop
  endfacet
  facet normal 0 0 -1
    outer loop
      vertex 80 -40 -1.5
      vertex 22.2492 -31.9338 -1.5
      vertex 22.445 -31.921 -1.5
    endloop
  endfacet
  facet normal 0 0 -1
    outer loop
      vertex 80 -40 -1.5
      vertex 22.0534 -31.921 -1.5
      vertex 22.2492 -31.9338 -1.5
    endloop
  endfacet
  facet normal 0 0 -1
    outer loop
      vertex -56.7621 19.0049 -1.5
      vertex 20.8003 30.0456 -1.5
      vertex -56.7492 18.8091 -1.5
    endloop
  endfacet
  facet normal 0 0 -1
    outer loop
      vertex -56.8634 -19.3832 -1.5
      vertex 20.7492 -30.4338 -1.5
      vertex 20.7621 -30.6296 -1.5
    endloop
  endfacet
  facet normal 0 0 -1
    outer loop
      vertex -56.9502 -19.5591 -1.5
      vertex 20.7621 -30.6296 -1.5
      vertex 20.8003 -30.822 -1.5
    endloop
  endfacet
  facet normal 0 0 -1
    outer loop
      vertex -57.0592 -19.7223 -1.5
      vertex 20.8003 -30.822 -1.5
      vertex 20.8634 -31.0078 -1.5
    endloop
  endfacet
  facet normal 0 0 -1
    outer loop
      vertex -57.1886 -19.8698 -1.5
      vertex 20.8634 -31.0078 -1.5
      vertex 20.9502 -31.1838 -1.5
    endloop
  endfacet
  facet normal 0 0 -1
    outer loop
      vertex -57.3361 -19.9992 -1.5
      vertex 20.9502 -31.1838 -1.5
      vertex 21.0592 -31.347 -1.5
    endloop
  endfacet
  facet normal 0 0 -1
    outer loop
      vertex -57.4992 -20.1082 -1.5
      vertex 21.0592 -31.347 -1.5
      vertex 21.1886 -31.4945 -1.5
    endloop
  endfacet
  facet normal 0 0 -1
    outer loop
      vertex -80 -40 -1.5
      vertex 21.1886 -31.4945 -1.5
      vertex 21.3361 -31.6238 -1.5
    endloop
  endfacet
  facet normal 0 0 -1
    outer loop
      vertex -80 -40 -1.5
      vertex 21.3361 -31.6238 -1.5
      vertex 21.4992 -31.7328 -1.5
    endloop
  endfacet
  facet normal 0 0 -1
    outer loop
      vertex -80 -40 -1.5
      vertex 21.4992 -31.7328 -1.5
      vertex 21.6752 -31.8196 -1.5
    endloop
  endfacet
  facet normal 0 0 -1
    outer loop
      vertex -80 -40 -1.5
      vertex 21.6752 -31.8196 -1.5
      vertex 21.861 -31.8827 -1.5
    endloop
  endfacet
  facet normal 0 0 -1
    outer loop
      vertex -80 -40 -1.5
      vertex 21.861 -31.8827 -1.5
      vertex 22.0534 -31.921 -1.5
    endloop
  endfacet
  facet normal 0 0 -1
    outer loop
      vertex 20.8003 -30.0456 -1.5
      vertex -56.7621 -19.0049 -1.5
      vertex -56.7492 -18.8091 -1.5
    endloop
  endfacet
  facet normal 0 0 -1
    outer loop
      vertex 20.7621 -30.238 -1.5
      vertex -56.8003 -19.1974 -1.5
      vertex -56.7621 -19.0049 -1.5
    endloop
  endfacet
  facet normal 0 0 -1
    outer loop
      vertex 20.7492 -30.4338 -1.5
      vertex -56.8634 -19.3832 -1.5
      vertex -56.8003 -19.1974 -1.5
    endloop
  endfacet
  facet normal 0 0 -1
    outer loop
      vertex 20.7621 -30.6296 -1.5
      vertex -56.9502 -19.5591 -1.5
      vertex -56.8634 -19.3832 -1.5
    endloop
  endfacet
  facet normal 0 0 -1
    outer loop
      vertex 20.8003 -30.822 -1.5
      vertex -57.0592 -19.7223 -1.5
      vertex -56.9502 -19.5591 -1.5
    endloop
  endfacet
  facet normal 0 0 -1
    outer loop
      vertex 20.8634 -31.0078 -1.5
      vertex -57.1886 -19.8698 -1.5
      vertex -57.0592 -19.7223 -1.5
    endloop
  endfacet
  facet normal 0 0 -1
    outer loop
      vertex 20.9502 -31.1838 -1.5
      vertex -57.3361 -19.9992 -1.5
      vertex -57.1886 -19.8698 -1.5
    endloop
  endfacet
  facet normal 0 0 -1
    outer loop
      vertex 21.0592 -31.347 -1.5
      vertex -57.4992 -20.1082 -1.5
      vertex -57.3361 -19.9992 -1.5
    endloop
  endfacet
  facet normal -0 0 -1
    outer loop
      vertex 21.1886 -31.4945 -1.5
      vertex -80 -40 -1.5
      vertex -57.4992 -20.1082 -1.5
    endloop
  endfacet
  facet normal 0 0 -1
    outer loop
      vertex -57.4992 -20.1082 -1.5
      vertex -80 -40 -1.5
      vertex -57.6752 -20.1949 -1.5
    endloop
  endfacet
  facet normal 0 0 -1
    outer loop
      vertex -57.6752 -20.1949 -1.5
      vertex -80 -40 -1.5
      vertex -57.861 -20.258 -1.5
    endloop
  endfacet
  facet normal 0 0 -1
    outer loop
      vertex -57.861 -20.258 -1.5
      vertex -80 -40 -1.5
      vertex -58.0534 -20.2963 -1.5
    endloop
  endfacet
  facet normal 0 0 -1
    outer loop
      vertex -58.0534 -20.2963 -1.5
      vertex -80 -40 -1.5
      vertex -58.2492 -20.3091 -1.5
    endloop
  endfacet
  facet normal 0 0 -1
    outer loop
      vertex -59.6981 18.4209 -1.5
      vertex -80 40 -1.5
      vertex -59.7364 18.6133 -1.5
    endloop
  endfacet
  facet normal -0 0 -1
    outer loop
      vertex -59.7364 -19.0049 -1.5
      vertex -80 -40 -1.5
      vertex -59.7492 -18.8091 -1.5
    endloop
  endfacet
  facet normal -0 0 -1
    outer loop
      vertex -59.6981 -19.1974 -1.5
      vertex -80 -40 -1.5
      vertex -59.7364 -19.0049 -1.5
    endloop
  endfacet
  facet normal -0 0 -1
    outer loop
      vertex -59.635 -19.3832 -1.5
      vertex -80 -40 -1.5
      vertex -59.6981 -19.1974 -1.5
    endloop
  endfacet
  facet normal -0 0 -1
    outer loop
      vertex -59.5483 -19.5591 -1.5
      vertex -80 -40 -1.5
      vertex -59.635 -19.3832 -1.5
    endloop
  endfacet
  facet normal -0 0 -1
    outer loop
      vertex -59.4393 -19.7223 -1.5
      vertex -80 -40 -1.5
      vertex -59.5483 -19.5591 -1.5
    endloop
  endfacet
  facet normal -0 0 -1
    outer loop
      vertex -59.3099 -19.8698 -1.5
      vertex -80 -40 -1.5
      vertex -59.4393 -19.7223 -1.5
    endloop
  endfacet
  facet normal -0 0 -1
    outer loop
      vertex -59.1624 -19.9992 -1.5
      vertex -80 -40 -1.5
      vertex -59.3099 -19.8698 -1.5
    endloop
  endfacet
  facet normal -0 0 -1
    outer loop
      vertex -58.9992 -20.1082 -1.5
      vertex -80 -40 -1.5
      vertex -59.1624 -19.9992 -1.5
    endloop
  endfacet
  facet normal -0 0 -1
    outer loop
      vertex -58.8232 -20.1949 -1.5
      vertex -80 -40 -1.5
      vertex -58.9992 -20.1082 -1.5
    endloop
  endfacet
  facet normal -0 0 -1
    outer loop
      vertex -58.6375 -20.258 -1.5
      vertex -80 -40 -1.5
      vertex -58.8232 -20.1949 -1.5
    endloop
  endfacet
  facet normal -0 0 -1
    outer loop
      vertex -58.445 -20.2963 -1.5
      vertex -80 -40 -1.5
      vertex -58.6375 -20.258 -1.5
    endloop
  endfacet
  facet normal -0 0 -1
    outer loop
      vertex -58.2492 -20.3091 -1.5
      vertex -80 -40 -1.5
      vertex -58.445 -20.2963 -1.5
    endloop
  endfacet
  facet normal 0 0 -1
    outer loop
      vertex -80 -40 -1.5
      vertex 22.0534 -31.921 -1.5
      vertex 80 -40 -1.5
    endloop
  endfacet
  facet normal 0 0 -1
    outer loop
      vertex 73.4872 0.195788 -1.5
      vertex 80 40 -1.5
      vertex 73.5 0 -1.5
    endloop
  endfacet
  facet normal 0 0 -1
    outer loop
      vertex 73.4489 0.388228 -1.5
      vertex 80 40 -1.5
      vertex 73.4872 0.195788 -1.5
    endloop
  endfacet
  facet normal 0 0 -1
    outer loop
      vertex 73.3858 0.574024 -1.5
      vertex 80 40 -1.5
      vertex 73.4489 0.388228 -1.5
    endloop
  endfacet
  facet normal 0 0 -1
    outer loop
      vertex 73.299 0.75 -1.5
      vertex 80 40 -1.5
      vertex 73.3858 0.574024 -1.5
    endloop
  endfacet
  facet normal 0 0 -1
    outer loop
      vertex 73.19 0.913141 -1.5
      vertex 80 40 -1.5
      vertex 73.299 0.75 -1.5
    endloop
  endfacet
  facet normal 0 0 -1
    outer loop
      vertex 73.0607 1.06066 -1.5
      vertex 80 40 -1.5
      vertex 73.19 0.913141 -1.5
    endloop
  endfacet
  facet normal 0 0 -1
    outer loop
      vertex 72.9131 1.19003 -1.5
      vertex 80 40 -1.5
      vertex 73.0607 1.06066 -1.5
    endloop
  endfacet
  facet normal 0 0 -1
    outer loop
      vertex 72.75 1.29904 -1.5
      vertex 80 40 -1.5
      vertex 72.9131 1.19003 -1.5
    endloop
  endfacet
  facet normal 0 0 -1
    outer loop
      vertex 72.574 1.38582 -1.5
      vertex 80 40 -1.5
      vertex 72.75 1.29904 -1.5
    endloop
  endfacet
  facet normal 0 0 -1
    outer loop
      vertex 72.3882 1.44889 -1.5
      vertex 80 40 -1.5
      vertex 72.574 1.38582 -1.5
    endloop
  endfacet
  facet normal 0 0 -1
    outer loop
      vertex 72.1958 1.48717 -1.5
      vertex 80 40 -1.5
      vertex 72.3882 1.44889 -1.5
    endloop
  endfacet
  facet normal 0 0 -1
    outer loop
      vertex 72 1.5 -1.5
      vertex 80 40 -1.5
      vertex 72.1958 1.48717 -1.5
    endloop
  endfacet
  facet normal 0 0 -1
    outer loop
      vertex 71.8042 1.48717 -1.5
      vertex 80 40 -1.5
      vertex 72 1.5 -1.5
    endloop
  endfacet
  facet normal 0 0 -1
    outer loop
      vertex 71.6118 1.44889 -1.5
      vertex 80 40 -1.5
      vertex 71.8042 1.48717 -1.5
    endloop
  endfacet
  facet normal 0 0 -1
    outer loop
      vertex 71.426 1.38582 -1.5
      vertex 80 40 -1.5
      vertex 71.6118 1.44889 -1.5
    endloop
  endfacet
  facet normal 0 0 -1
    outer loop
      vertex 71.25 1.29904 -1.5
      vertex 80 40 -1.5
      vertex 71.426 1.38582 -1.5
    endloop
  endfacet
  facet normal 0 0 -1
    outer loop
      vertex 71.0869 1.19003 -1.5
      vertex 80 40 -1.5
      vertex 71.25 1.29904 -1.5
    endloop
  endfacet
  facet normal 0 0 -1
    outer loop
      vertex 23.7492 30.4338 -1.5
      vertex 71.0869 1.19003 -1.5
      vertex 70.9393 1.06066 -1.5
    endloop
  endfacet
  facet normal 0 0 -1
    outer loop
      vertex 23.7492 30.4338 -1.5
      vertex 70.9393 1.06066 -1.5
      vertex 70.81 0.913141 -1.5
    endloop
  endfacet
  facet normal 0 0 -1
    outer loop
      vertex 23.7492 30.4338 -1.5
      vertex 70.81 0.913141 -1.5
      vertex 70.701 0.75 -1.5
    endloop
  endfacet
  facet normal 0 0 -1
    outer loop
      vertex 23.7492 30.4338 -1.5
      vertex 70.701 0.75 -1.5
      vertex 70.6142 0.574024 -1.5
    endloop
  endfacet
  facet normal 0 0 -1
    outer loop
      vertex 23.7492 30.4338 -1.5
      vertex 70.6142 0.574024 -1.5
      vertex 70.5511 0.388228 -1.5
    endloop
  endfacet
  facet normal 0 0 -1
    outer loop
      vertex 23.4393 -29.5207 -1.5
      vertex 70.701 -0.75 -1.5
      vertex 23.5483 -29.6838 -1.5
    endloop
  endfacet
  facet normal 0 0 -1
    outer loop
      vertex 70.5 0 -1.5
      vertex 23.7492 30.4338 -1.5
      vertex 70.5128 0.195788 -1.5
    endloop
  endfacet
  facet normal 0 0 -1
    outer loop
      vertex 70.5128 0.195788 -1.5
      vertex 23.7492 30.4338 -1.5
      vertex 70.5511 0.388228 -1.5
    endloop
  endfacet
  facet normal 0 0 -1
    outer loop
      vertex 71.0869 1.19003 -1.5
      vertex 23.7492 30.4338 -1.5
      vertex 80 40 -1.5
    endloop
  endfacet
  facet normal 0 0 -1
    outer loop
      vertex 23.7364 30.6296 -1.5
      vertex 80 40 -1.5
      vertex 23.7492 30.4338 -1.5
    endloop
  endfacet
  facet normal 0 0 -1
    outer loop
      vertex 23.6981 30.822 -1.5
      vertex 80 40 -1.5
      vertex 23.7364 30.6296 -1.5
    endloop
  endfacet
  facet normal 0 0 -1
    outer loop
      vertex 23.635 31.0078 -1.5
      vertex 80 40 -1.5
      vertex 23.6981 30.822 -1.5
    endloop
  endfacet
  facet normal 0 0 -1
    outer loop
      vertex 23.5483 31.1838 -1.5
      vertex 80 40 -1.5
      vertex 23.635 31.0078 -1.5
    endloop
  endfacet
  facet normal 0 0 -1
    outer loop
      vertex 23.4393 31.347 -1.5
      vertex 80 40 -1.5
      vertex 23.5483 31.1838 -1.5
    endloop
  endfacet
  facet normal 0 0 -1
    outer loop
      vertex 23.3099 31.4945 -1.5
      vertex 80 40 -1.5
      vertex 23.4393 31.347 -1.5
    endloop
  endfacet
  facet normal 0 0 -1
    outer loop
      vertex 23.1624 31.6238 -1.5
      vertex 80 40 -1.5
      vertex 23.3099 31.4945 -1.5
    endloop
  endfacet
  facet normal 0 0 -1
    outer loop
      vertex 22.9992 31.7328 -1.5
      vertex 80 40 -1.5
      vertex 23.1624 31.6238 -1.5
    endloop
  endfacet
  facet normal 0 0 -1
    outer loop
      vertex 22.8232 31.8196 -1.5
      vertex 80 40 -1.5
      vertex 22.9992 31.7328 -1.5
    endloop
  endfacet
  facet normal 0 0 -1
    outer loop
      vertex 22.6375 31.8827 -1.5
      vertex 80 40 -1.5
      vertex 22.8232 31.8196 -1.5
    endloop
  endfacet
  facet normal 0 0 -1
    outer loop
      vertex 22.445 31.921 -1.5
      vertex 80 40 -1.5
      vertex 22.6375 31.8827 -1.5
    endloop
  endfacet
  facet normal 0 0 -1
    outer loop
      vertex 22.2492 31.9338 -1.5
      vertex 80 40 -1.5
      vertex 22.445 31.921 -1.5
    endloop
  endfacet
  facet normal 0 0 -1
    outer loop
      vertex 22.0534 31.921 -1.5
      vertex 80 40 -1.5
      vertex 22.2492 31.9338 -1.5
    endloop
  endfacet
  facet normal -0 0 -1
    outer loop
      vertex 20.8003 30.0456 -1.5
      vertex -56.7621 19.0049 -1.5
      vertex 20.7621 30.238 -1.5
    endloop
  endfacet
  facet normal 0 0 -1
    outer loop
      vertex -56.8003 19.1974 -1.5
      vertex 20.7621 30.238 -1.5
      vertex -56.7621 19.0049 -1.5
    endloop
  endfacet
  facet normal -0 0 -1
    outer loop
      vertex 20.7621 30.238 -1.5
      vertex -56.8003 19.1974 -1.5
      vertex 20.7492 30.4338 -1.5
    endloop
  endfacet
  facet normal 0 0 -1
    outer loop
      vertex -56.8634 19.3832 -1.5
      vertex 20.7492 30.4338 -1.5
      vertex -56.8003 19.1974 -1.5
    endloop
  endfacet
  facet normal -0 0 -1
    outer loop
      vertex 20.7492 30.4338 -1.5
      vertex -56.8634 19.3832 -1.5
      vertex 20.7621 30.6296 -1.5
    endloop
  endfacet
  facet normal 0 0 -1
    outer loop
      vertex -56.9502 19.5591 -1.5
      vertex 20.7621 30.6296 -1.5
      vertex -56.8634 19.3832 -1.5
    endloop
  endfacet
  facet normal -0 0 -1
    outer loop
      vertex 20.7621 30.6296 -1.5
      vertex -56.9502 19.5591 -1.5
      vertex 20.8003 30.822 -1.5
    endloop
  endfacet
  facet normal 0 0 -1
    outer loop
      vertex -57.0592 19.7223 -1.5
      vertex 20.8003 30.822 -1.5
      vertex -56.9502 19.5591 -1.5
    endloop
  endfacet
  facet normal -0 0 -1
    outer loop
      vertex 20.8003 30.822 -1.5
      vertex -57.0592 19.7223 -1.5
      vertex 20.8634 31.0078 -1.5
    endloop
  endfacet
  facet normal 0 0 -1
    outer loop
      vertex -57.1886 19.8698 -1.5
      vertex 20.8634 31.0078 -1.5
      vertex -57.0592 19.7223 -1.5
    endloop
  endfacet
  facet normal -0 0 -1
    outer loop
      vertex 20.8634 31.0078 -1.5
      vertex -57.1886 19.8698 -1.5
      vertex 20.9502 31.1838 -1.5
    endloop
  endfacet
  facet normal 0 0 -1
    outer loop
      vertex -57.3361 19.9992 -1.5
      vertex 20.9502 31.1838 -1.5
      vertex -57.1886 19.8698 -1.5
    endloop
  endfacet
  facet normal -0 0 -1
    outer loop
      vertex 20.9502 31.1838 -1.5
      vertex -57.3361 19.9992 -1.5
      vertex 21.0592 31.347 -1.5
    endloop
  endfacet
  facet normal 0 0 -1
    outer loop
      vertex -57.4992 20.1082 -1.5
      vertex 21.0592 31.347 -1.5
      vertex -57.3361 19.9992 -1.5
    endloop
  endfacet
  facet normal -0 0 -1
    outer loop
      vertex 21.0592 31.347 -1.5
      vertex -57.4992 20.1082 -1.5
      vertex 21.1886 31.4945 -1.5
    endloop
  endfacet
  facet normal 0 0 -1
    outer loop
      vertex -80 40 -1.5
      vertex 21.1886 31.4945 -1.5
      vertex -57.4992 20.1082 -1.5
    endloop
  endfacet
  facet normal 0 0 -1
    outer loop
      vertex 21.1886 31.4945 -1.5
      vertex -80 40 -1.5
      vertex 21.3361 31.6238 -1.5
    endloop
  endfacet
  facet normal 0 0 -1
    outer loop
      vertex 21.3361 31.6238 -1.5
      vertex -80 40 -1.5
      vertex 21.4992 31.7328 -1.5
    endloop
  endfacet
  facet normal 0 0 -1
    outer loop
      vertex 21.4992 31.7328 -1.5
      vertex -80 40 -1.5
      vertex 21.6752 31.8196 -1.5
    endloop
  endfacet
  facet normal 0 0 -1
    outer loop
      vertex 21.6752 31.8196 -1.5
      vertex -80 40 -1.5
      vertex 21.861 31.8827 -1.5
    endloop
  endfacet
  facet normal 0 0 -1
    outer loop
      vertex -80 40 -1.5
      vertex -57.4992 20.1082 -1.5
      vertex -57.6752 20.1949 -1.5
    endloop
  endfacet
  facet normal 0 0 -1
    outer loop
      vertex -80 40 -1.5
      vertex -57.6752 20.1949 -1.5
      vertex -57.861 20.258 -1.5
    endloop
  endfacet
  facet normal 0 0 -1
    outer loop
      vertex -80 40 -1.5
      vertex -57.861 20.258 -1.5
      vertex -58.0534 20.2963 -1.5
    endloop
  endfacet
  facet normal 0 0 -1
    outer loop
      vertex -80 40 -1.5
      vertex -58.0534 20.2963 -1.5
      vertex -58.2492 20.3091 -1.5
    endloop
  endfacet
  facet normal 0 0 -1
    outer loop
      vertex -80 40 -1.5
      vertex -58.2492 20.3091 -1.5
      vertex -58.445 20.2963 -1.5
    endloop
  endfacet
  facet normal 0 0 -1
    outer loop
      vertex -59.7364 18.6133 -1.5
      vertex -80 40 -1.5
      vertex -59.7492 18.8091 -1.5
    endloop
  endfacet
  facet normal 0 0 -1
    outer loop
      vertex -59.7492 18.8091 -1.5
      vertex -80 40 -1.5
      vertex -59.7364 19.0049 -1.5
    endloop
  endfacet
  facet normal 0 0 -1
    outer loop
      vertex -59.7364 19.0049 -1.5
      vertex -80 40 -1.5
      vertex -59.6981 19.1974 -1.5
    endloop
  endfacet
  facet normal 0 0 -1
    outer loop
      vertex 22.0534 31.921 -1.5
      vertex -80 40 -1.5
      vertex 80 40 -1.5
    endloop
  endfacet
  facet normal 0 0 -1
    outer loop
      vertex 21.861 31.8827 -1.5
      vertex -80 40 -1.5
      vertex 22.0534 31.921 -1.5
    endloop
  endfacet
  facet normal 0 0 -1
    outer loop
      vertex -58.6375 20.258 -1.5
      vertex -80 40 -1.5
      vertex -58.445 20.2963 -1.5
    endloop
  endfacet
  facet normal 0 0 -1
    outer loop
      vertex -58.8232 20.1949 -1.5
      vertex -80 40 -1.5
      vertex -58.6375 20.258 -1.5
    endloop
  endfacet
  facet normal 0 0 -1
    outer loop
      vertex -58.9992 20.1082 -1.5
      vertex -80 40 -1.5
      vertex -58.8232 20.1949 -1.5
    endloop
  endfacet
  facet normal 0 0 -1
    outer loop
      vertex -59.1624 19.9992 -1.5
      vertex -80 40 -1.5
      vertex -58.9992 20.1082 -1.5
    endloop
  endfacet
  facet normal 0 0 -1
    outer loop
      vertex -59.3099 19.8698 -1.5
      vertex -80 40 -1.5
      vertex -59.1624 19.9992 -1.5
    endloop
  endfacet
  facet normal 0 0 -1
    outer loop
      vertex -59.4393 19.7223 -1.5
      vertex -80 40 -1.5
      vertex -59.3099 19.8698 -1.5
    endloop
  endfacet
  facet normal 0 0 -1
    outer loop
      vertex -59.5483 19.5591 -1.5
      vertex -80 40 -1.5
      vertex -59.4393 19.7223 -1.5
    endloop
  endfacet
  facet normal 0 0 -1
    outer loop
      vertex -59.635 19.3832 -1.5
      vertex -80 40 -1.5
      vertex -59.5483 19.5591 -1.5
    endloop
  endfacet
  facet normal 0 0 -1
    outer loop
      vertex -59.6981 19.1974 -1.5
      vertex -80 40 -1.5
      vertex -59.635 19.3832 -1.5
    endloop
  endfacet
  facet normal -1 0 0
    outer loop
      vertex -80 -40 -1.5
      vertex -80 40 1.5
      vertex -80 40 -1.5
    endloop
  endfacet
  facet normal -1 -0 0
    outer loop
      vertex -80 40 1.5
      vertex -80 -40 -1.5
      vertex -80 -40 1.5
    endloop
  endfacet
  facet normal 0 1 -0
    outer loop
      vertex 80 40 -1.5
      vertex -80 40 1.5
      vertex 80 40 1.5
    endloop
  endfacet
  facet normal 0 1 0
    outer loop
      vertex -80 40 1.5
      vertex 80 40 -1.5
      vertex -80 40 -1.5
    endloop
  endfacet
  facet normal 0 -1 0
    outer loop
      vertex -80 -40 -1.5
      vertex 80 -40 1.5
      vertex -80 -40 1.5
    endloop
  endfacet
  facet normal 0 -1 -0
    outer loop
      vertex 80 -40 1.5
      vertex -80 -40 -1.5
      vertex 80 -40 -1.5
    endloop
  endfacet
  facet normal -0.980764 -0.195195 0
    outer loop
      vertex 73.4872 0.195788 -1.5
      vertex 73.4489 0.388228 1.5
      vertex 73.4489 0.388228 -1.5
    endloop
  endfacet
  facet normal -0.980764 -0.195195 0
    outer loop
      vertex 73.4489 0.388228 1.5
      vertex 73.4872 0.195788 -1.5
      vertex 73.4872 0.195788 1.5
    endloop
  endfacet
  facet normal -0.99787 -0.0652376 0
    outer loop
      vertex 73.5 0 -1.5
      vertex 73.4872 0.195788 1.5
      vertex 73.4872 0.195788 -1.5
    endloop
  endfacet
  facet normal -0.99787 -0.0652376 0
    outer loop
      vertex 73.4872 0.195788 1.5
      vertex 73.5 0 -1.5
      vertex 73.5 0 1.5
    endloop
  endfacet
  facet normal -0.442233 -0.8969 0
    outer loop
      vertex 72.574 1.38582 -1.5
      vertex 72.75 1.29904 1.5
      vertex 72.574 1.38582 1.5
    endloop
  endfacet
  facet normal -0.442233 -0.8969 -0
    outer loop
      vertex 72.75 1.29904 1.5
      vertex 72.574 1.38582 -1.5
      vertex 72.75 1.29904 -1.5
    endloop
  endfacet
  facet normal 0.896836 0.442363 0
    outer loop
      vertex 70.701 -0.75 1.5
      vertex 70.6142 -0.574024 -1.5
      vertex 70.6142 -0.574024 1.5
    endloop
  endfacet
  facet normal 0.896836 0.442363 0
    outer loop
      vertex 70.6142 -0.574024 -1.5
      vertex 70.701 -0.75 1.5
      vertex 70.701 -0.75 -1.5
    endloop
  endfacet
  facet normal -0.321437 -0.946931 0
    outer loop
      vertex 72.3882 1.44889 -1.5
      vertex 72.574 1.38582 1.5
      vertex 72.3882 1.44889 1.5
    endloop
  endfacet
  facet normal -0.321437 -0.946931 -0
    outer loop
      vertex 72.574 1.38582 1.5
      vertex 72.3882 1.44889 -1.5
      vertex 72.574 1.38582 -1.5
    endloop
  endfacet
  facet normal 0.99787 -0.0652376 0
    outer loop
      vertex 70.5 0 1.5
      vertex 70.5128 0.195788 -1.5
      vertex 70.5128 0.195788 1.5
    endloop
  endfacet
  facet normal 0.99787 -0.0652376 0
    outer loop
      vertex 70.5128 0.195788 -1.5
      vertex 70.5 0 1.5
      vertex 70.5 0 -1.5
    endloop
  endfacet
  facet normal -0.659139 -0.752021 0
    outer loop
      vertex 72.9131 1.19003 -1.5
      vertex 73.0607 1.06066 1.5
      vertex 72.9131 1.19003 1.5
    endloop
  endfacet
  facet normal -0.659139 -0.752021 -0
    outer loop
      vertex 73.0607 1.06066 1.5
      vertex 72.9131 1.19003 -1.5
      vertex 73.0607 1.06066 -1.5
    endloop
  endfacet
  facet normal 0.0653858 -0.99786 0
    outer loop
      vertex 71.8042 1.48717 -1.5
      vertex 72 1.5 1.5
      vertex 71.8042 1.48717 1.5
    endloop
  endfacet
  facet normal 0.0653858 -0.99786 0
    outer loop
      vertex 72 1.5 1.5
      vertex 71.8042 1.48717 -1.5
      vertex 72 1.5 -1.5
    endloop
  endfacet
  facet normal 0.195136 0.980776 -0
    outer loop
      vertex 71.8042 -1.48717 -1.5
      vertex 71.6118 -1.44889 1.5
      vertex 71.8042 -1.48717 1.5
    endloop
  endfacet
  facet normal 0.195136 0.980776 0
    outer loop
      vertex 71.6118 -1.44889 1.5
      vertex 71.8042 -1.48717 -1.5
      vertex 71.6118 -1.44889 -1.5
    endloop
  endfacet
  facet normal 0.555676 -0.831399 0
    outer loop
      vertex 71.0869 1.19003 -1.5
      vertex 71.25 1.29904 1.5
      vertex 71.0869 1.19003 1.5
    endloop
  endfacet
  facet normal 0.555676 -0.831399 0
    outer loop
      vertex 71.25 1.29904 1.5
      vertex 71.0869 1.19003 -1.5
      vertex 71.25 1.29904 -1.5
    endloop
  endfacet
  facet normal 0.99787 0.0652376 0
    outer loop
      vertex 70.5128 -0.195788 1.5
      vertex 70.5 0 -1.5
      vertex 70.5 0 1.5
    endloop
  endfacet
  facet normal 0.99787 0.0652376 0
    outer loop
      vertex 70.5 0 -1.5
      vertex 70.5128 -0.195788 1.5
      vertex 70.5128 -0.195788 -1.5
    endloop
  endfacet
  facet normal 0.946882 -0.32158 0
    outer loop
      vertex 70.5511 0.388228 1.5
      vertex 70.6142 0.574024 -1.5
      vertex 70.6142 0.574024 1.5
    endloop
  endfacet
  facet normal 0.946882 -0.32158 0
    outer loop
      vertex 70.6142 0.574024 -1.5
      vertex 70.5511 0.388228 1.5
      vertex 70.5511 0.388228 -1.5
    endloop
  endfacet
  facet normal -0.831487 0.555544 0
    outer loop
      vertex 73.19 -0.913141 -1.5
      vertex 73.299 -0.75 1.5
      vertex 73.299 -0.75 -1.5
    endloop
  endfacet
  facet normal -0.831487 0.555544 0
    outer loop
      vertex 73.299 -0.75 1.5
      vertex 73.19 -0.913141 -1.5
      vertex 73.19 -0.913141 1.5
    endloop
  endfacet
  facet normal -0.896836 -0.442363 0
    outer loop
      vertex 73.3858 0.574024 -1.5
      vertex 73.299 0.75 1.5
      vertex 73.299 0.75 -1.5
    endloop
  endfacet
  facet normal -0.896836 -0.442363 0
    outer loop
      vertex 73.299 0.75 1.5
      vertex 73.3858 0.574024 -1.5
      vertex 73.3858 0.574024 1.5
    endloop
  endfacet
  facet normal -0.831487 -0.555544 0
    outer loop
      vertex 73.299 0.75 -1.5
      vertex 73.19 0.913141 1.5
      vertex 73.19 0.913141 -1.5
    endloop
  endfacet
  facet normal -0.831487 -0.555544 0
    outer loop
      vertex 73.19 0.913141 1.5
      vertex 73.299 0.75 -1.5
      vertex 73.299 0.75 1.5
    endloop
  endfacet
  facet normal 0.752018 0.659142 0
    outer loop
      vertex 70.9393 -1.06066 1.5
      vertex 70.81 -0.913141 -1.5
      vertex 70.81 -0.913141 1.5
    endloop
  endfacet
  facet normal 0.752018 0.659142 0
    outer loop
      vertex 70.81 -0.913141 -1.5
      vertex 70.9393 -1.06066 1.5
      vertex 70.9393 -1.06066 -1.5
    endloop
  endfacet
  facet normal 0.442233 -0.8969 0
    outer loop
      vertex 71.25 1.29904 -1.5
      vertex 71.426 1.38582 1.5
      vertex 71.25 1.29904 1.5
    endloop
  endfacet
  facet normal 0.442233 -0.8969 0
    outer loop
      vertex 71.426 1.38582 1.5
      vertex 71.25 1.29904 -1.5
      vertex 71.426 1.38582 -1.5
    endloop
  endfacet
  facet normal 0.752018 -0.659142 0
    outer loop
      vertex 70.81 0.913141 1.5
      vertex 70.9393 1.06066 -1.5
      vertex 70.9393 1.06066 1.5
    endloop
  endfacet
  facet normal 0.752018 -0.659142 0
    outer loop
      vertex 70.9393 1.06066 -1.5
      vertex 70.81 0.913141 1.5
      vertex 70.81 0.913141 -1.5
    endloop
  endfacet
  facet normal -0.946882 0.32158 0
    outer loop
      vertex 73.3858 -0.574024 -1.5
      vertex 73.4489 -0.388228 1.5
      vertex 73.4489 -0.388228 -1.5
    endloop
  endfacet
  facet normal -0.946882 0.32158 0
    outer loop
      vertex 73.4489 -0.388228 1.5
      vertex 73.3858 -0.574024 -1.5
      vertex 73.3858 -0.574024 1.5
    endloop
  endfacet
  facet normal -0.321437 0.946931 0
    outer loop
      vertex 72.574 -1.38582 -1.5
      vertex 72.3882 -1.44889 1.5
      vertex 72.574 -1.38582 1.5
    endloop
  endfacet
  facet normal -0.321437 0.946931 0
    outer loop
      vertex 72.3882 -1.44889 1.5
      vertex 72.574 -1.38582 -1.5
      vertex 72.3882 -1.44889 -1.5
    endloop
  endfacet
  facet normal -0.99787 0.0652376 0
    outer loop
      vertex 73.4872 -0.195788 -1.5
      vertex 73.5 0 1.5
      vertex 73.5 0 -1.5
    endloop
  endfacet
  facet normal -0.99787 0.0652376 0
    outer loop
      vertex 73.5 0 1.5
      vertex 73.4872 -0.195788 -1.5
      vertex 73.4872 -0.195788 1.5
    endloop
  endfacet
  facet normal -0.195136 -0.980776 0
    outer loop
      vertex 72.1958 1.48717 -1.5
      vertex 72.3882 1.44889 1.5
      vertex 72.1958 1.48717 1.5
    endloop
  endfacet
  facet normal -0.195136 -0.980776 -0
    outer loop
      vertex 72.3882 1.44889 1.5
      vertex 72.1958 1.48717 -1.5
      vertex 72.3882 1.44889 -1.5
    endloop
  endfacet
  facet normal -0.195136 0.980776 0
    outer loop
      vertex 72.3882 -1.44889 -1.5
      vertex 72.1958 -1.48717 1.5
      vertex 72.3882 -1.44889 1.5
    endloop
  endfacet
  facet normal -0.195136 0.980776 0
    outer loop
      vertex 72.1958 -1.48717 1.5
      vertex 72.3882 -1.44889 -1.5
      vertex 72.1958 -1.48717 -1.5
    endloop
  endfacet
  facet normal -0.980764 0.195195 0
    outer loop
      vertex 73.4489 -0.388228 -1.5
      vertex 73.4872 -0.195788 1.5
      vertex 73.4872 -0.195788 -1.5
    endloop
  endfacet
  facet normal -0.980764 0.195195 0
    outer loop
      vertex 73.4872 -0.195788 1.5
      vertex 73.4489 -0.388228 -1.5
      vertex 73.4489 -0.388228 1.5
    endloop
  endfacet
  facet normal -0.555676 -0.831399 0
    outer loop
      vertex 72.75 1.29904 -1.5
      vertex 72.9131 1.19003 1.5
      vertex 72.75 1.29904 1.5
    endloop
  endfacet
  facet normal -0.555676 -0.831399 -0
    outer loop
      vertex 72.9131 1.19003 1.5
      vertex 72.75 1.29904 -1.5
      vertex 72.9131 1.19003 -1.5
    endloop
  endfacet
  facet normal 0.980764 0.195195 0
    outer loop
      vertex 70.5511 -0.388228 1.5
      vertex 70.5128 -0.195788 -1.5
      vertex 70.5128 -0.195788 1.5
    endloop
  endfacet
  facet normal 0.980764 0.195195 0
    outer loop
      vertex 70.5128 -0.195788 -1.5
      vertex 70.5511 -0.388228 1.5
      vertex 70.5511 -0.388228 -1.5
    endloop
  endfacet
  facet normal -0.555676 0.831399 0
    outer loop
      vertex 72.9131 -1.19003 -1.5
      vertex 72.75 -1.29904 1.5
      vertex 72.9131 -1.19003 1.5
    endloop
  endfacet
  facet normal -0.555676 0.831399 0
    outer loop
      vertex 72.75 -1.29904 1.5
      vertex 72.9131 -1.19003 -1.5
      vertex 72.75 -1.29904 -1.5
    endloop
  endfacet
  facet normal -0.0653858 -0.99786 0
    outer loop
      vertex 72 1.5 -1.5
      vertex 72.1958 1.48717 1.5
      vertex 72 1.5 1.5
    endloop
  endfacet
  facet normal -0.0653858 -0.99786 -0
    outer loop
      vertex 72.1958 1.48717 1.5
      vertex 72 1.5 -1.5
      vertex 72.1958 1.48717 -1.5
    endloop
  endfacet
  facet normal -0.896836 0.442363 0
    outer loop
      vertex 73.299 -0.75 -1.5
      vertex 73.3858 -0.574024 1.5
      vertex 73.3858 -0.574024 -1.5
    endloop
  endfacet
  facet normal -0.896836 0.442363 0
    outer loop
      vertex 73.3858 -0.574024 1.5
      vertex 73.299 -0.75 -1.5
      vertex 73.299 -0.75 1.5
    endloop
  endfacet
  facet normal 0.195136 -0.980776 0
    outer loop
      vertex 71.6118 1.44889 -1.5
      vertex 71.8042 1.48717 1.5
      vertex 71.6118 1.44889 1.5
    endloop
  endfacet
  facet normal 0.195136 -0.980776 0
    outer loop
      vertex 71.8042 1.48717 1.5
      vertex 71.6118 1.44889 -1.5
      vertex 71.8042 1.48717 -1.5
    endloop
  endfacet
  facet normal -0.752018 0.659142 0
    outer loop
      vertex 73.0607 -1.06066 -1.5
      vertex 73.19 -0.913141 1.5
      vertex 73.19 -0.913141 -1.5
    endloop
  endfacet
  facet normal -0.752018 0.659142 0
    outer loop
      vertex 73.19 -0.913141 1.5
      vertex 73.0607 -1.06066 -1.5
      vertex 73.0607 -1.06066 1.5
    endloop
  endfacet
  facet normal -0.442233 0.8969 0
    outer loop
      vertex 72.75 -1.29904 -1.5
      vertex 72.574 -1.38582 1.5
      vertex 72.75 -1.29904 1.5
    endloop
  endfacet
  facet normal -0.442233 0.8969 0
    outer loop
      vertex 72.574 -1.38582 1.5
      vertex 72.75 -1.29904 -1.5
      vertex 72.574 -1.38582 -1.5
    endloop
  endfacet
  facet normal -0.0653858 0.99786 0
    outer loop
      vertex 72.1958 -1.48717 -1.5
      vertex 72 -1.5 1.5
      vertex 72.1958 -1.48717 1.5
    endloop
  endfacet
  facet normal -0.0653858 0.99786 0
    outer loop
      vertex 72 -1.5 1.5
      vertex 72.1958 -1.48717 -1.5
      vertex 72 -1.5 -1.5
    endloop
  endfacet
  facet normal 0.980764 -0.195195 0
    outer loop
      vertex 70.5128 0.195788 1.5
      vertex 70.5511 0.388228 -1.5
      vertex 70.5511 0.388228 1.5
    endloop
  endfacet
  facet normal 0.980764 -0.195195 0
    outer loop
      vertex 70.5511 0.388228 -1.5
      vertex 70.5128 0.195788 1.5
      vertex 70.5128 0.195788 -1.5
    endloop
  endfacet
  facet normal -0.946882 -0.32158 0
    outer loop
      vertex 73.4489 0.388228 -1.5
      vertex 73.3858 0.574024 1.5
      vertex 73.3858 0.574024 -1.5
    endloop
  endfacet
  facet normal -0.946882 -0.32158 0
    outer loop
      vertex 73.3858 0.574024 1.5
      vertex 73.4489 0.388228 -1.5
      vertex 73.4489 0.388228 1.5
    endloop
  endfacet
  facet normal -0.659139 0.752021 0
    outer loop
      vertex 73.0607 -1.06066 -1.5
      vertex 72.9131 -1.19003 1.5
      vertex 73.0607 -1.06066 1.5
    endloop
  endfacet
  facet normal -0.659139 0.752021 0
    outer loop
      vertex 72.9131 -1.19003 1.5
      vertex 73.0607 -1.06066 -1.5
      vertex 72.9131 -1.19003 -1.5
    endloop
  endfacet
  facet normal 0.0653858 0.99786 -0
    outer loop
      vertex 72 -1.5 -1.5
      vertex 71.8042 -1.48717 1.5
      vertex 72 -1.5 1.5
    endloop
  endfacet
  facet normal 0.0653858 0.99786 0
    outer loop
      vertex 71.8042 -1.48717 1.5
      vertex 72 -1.5 -1.5
      vertex 71.8042 -1.48717 -1.5
    endloop
  endfacet
  facet normal -0.752018 -0.659142 0
    outer loop
      vertex 73.19 0.913141 -1.5
      vertex 73.0607 1.06066 1.5
      vertex 73.0607 1.06066 -1.5
    endloop
  endfacet
  facet normal -0.752018 -0.659142 0
    outer loop
      vertex 73.0607 1.06066 1.5
      vertex 73.19 0.913141 -1.5
      vertex 73.19 0.913141 1.5
    endloop
  endfacet
  facet normal 0.831487 0.555544 0
    outer loop
      vertex 70.81 -0.913141 1.5
      vertex 70.701 -0.75 -1.5
      vertex 70.701 -0.75 1.5
    endloop
  endfacet
  facet normal 0.831487 0.555544 0
    outer loop
      vertex 70.701 -0.75 -1.5
      vertex 70.81 -0.913141 1.5
      vertex 70.81 -0.913141 -1.5
    endloop
  endfacet
  facet normal 0.321437 -0.946931 0
    outer loop
      vertex 71.426 1.38582 -1.5
      vertex 71.6118 1.44889 1.5
      vertex 71.426 1.38582 1.5
    endloop
  endfacet
  facet normal 0.321437 -0.946931 0
    outer loop
      vertex 71.6118 1.44889 1.5
      vertex 71.426 1.38582 -1.5
      vertex 71.6118 1.44889 -1.5
    endloop
  endfacet
  facet normal 0.555676 0.831399 -0
    outer loop
      vertex 71.25 -1.29904 -1.5
      vertex 71.0869 -1.19003 1.5
      vertex 71.25 -1.29904 1.5
    endloop
  endfacet
  facet normal 0.555676 0.831399 0
    outer loop
      vertex 71.0869 -1.19003 1.5
      vertex 71.25 -1.29904 -1.5
      vertex 71.0869 -1.19003 -1.5
    endloop
  endfacet
  facet normal 0.442233 0.8969 -0
    outer loop
      vertex 71.426 -1.38582 -1.5
      vertex 71.25 -1.29904 1.5
      vertex 71.426 -1.38582 1.5
    endloop
  endfacet
  facet normal 0.442233 0.8969 0
    outer loop
      vertex 71.25 -1.29904 1.5
      vertex 71.426 -1.38582 -1.5
      vertex 71.25 -1.29904 -1.5
    endloop
  endfacet
  facet normal 0.946882 0.32158 0
    outer loop
      vertex 70.6142 -0.574024 1.5
      vertex 70.5511 -0.388228 -1.5
      vertex 70.5511 -0.388228 1.5
    endloop
  endfacet
  facet normal 0.946882 0.32158 0
    outer loop
      vertex 70.5511 -0.388228 -1.5
      vertex 70.6142 -0.574024 1.5
      vertex 70.6142 -0.574024 -1.5
    endloop
  endfacet
  facet normal 0.831487 -0.555544 0
    outer loop
      vertex 70.701 0.75 1.5
      vertex 70.81 0.913141 -1.5
      vertex 70.81 0.913141 1.5
    endloop
  endfacet
  facet normal 0.831487 -0.555544 0
    outer loop
      vertex 70.81 0.913141 -1.5
      vertex 70.701 0.75 1.5
      vertex 70.701 0.75 -1.5
    endloop
  endfacet
  facet normal 0.321437 0.946931 -0
    outer loop
      vertex 71.6118 -1.44889 -1.5
      vertex 71.426 -1.38582 1.5
      vertex 71.6118 -1.44889 1.5
    endloop
  endfacet
  facet normal 0.321437 0.946931 0
    outer loop
      vertex 71.426 -1.38582 1.5
      vertex 71.6118 -1.44889 -1.5
      vertex 71.426 -1.38582 -1.5
    endloop
  endfacet
  facet normal 0.659139 -0.752021 0
    outer loop
      vertex 70.9393 1.06066 -1.5
      vertex 71.0869 1.19003 1.5
      vertex 70.9393 1.06066 1.5
    endloop
  endfacet
  facet normal 0.659139 -0.752021 0
    outer loop
      vertex 71.0869 1.19003 1.5
      vertex 70.9393 1.06066 -1.5
      vertex 71.0869 1.19003 -1.5
    endloop
  endfacet
  facet normal 0.896836 -0.442363 0
    outer loop
      vertex 70.6142 0.574024 1.5
      vertex 70.701 0.75 -1.5
      vertex 70.701 0.75 1.5
    endloop
  endfacet
  facet normal 0.896836 -0.442363 0
    outer loop
      vertex 70.701 0.75 -1.5
      vertex 70.6142 0.574024 1.5
      vertex 70.6142 0.574024 -1.5
    endloop
  endfacet
  facet normal 0.659139 0.752021 -0
    outer loop
      vertex 71.0869 -1.19003 -1.5
      vertex 70.9393 -1.06066 1.5
      vertex 71.0869 -1.19003 1.5
    endloop
  endfacet
  facet normal 0.659139 0.752021 0
    outer loop
      vertex 70.9393 -1.06066 1.5
      vertex 71.0869 -1.19003 -1.5
      vertex 70.9393 -1.06066 -1.5
    endloop
  endfacet
  facet normal 0.89686 -0.442315 0
    outer loop
      vertex 20.8634 31.0078 1.5
      vertex 20.9502 31.1838 -1.5
      vertex 20.9502 31.1838 1.5
    endloop
  endfacet
  facet normal 0.89686 -0.442315 0
    outer loop
      vertex 20.9502 31.1838 -1.5
      vertex 20.8634 31.0078 1.5
      vertex 20.8634 31.0078 -1.5
    endloop
  endfacet
  facet normal -0.980757 -0.195234 0
    outer loop
      vertex 23.7364 30.6296 -1.5
      vertex 23.6981 30.822 1.5
      vertex 23.6981 30.822 -1.5
    endloop
  endfacet
  facet normal -0.980757 -0.195234 0
    outer loop
      vertex 23.6981 30.822 1.5
      vertex 23.7364 30.6296 -1.5
      vertex 23.7364 30.6296 1.5
    endloop
  endfacet
  facet normal -0.99787 -0.0652336 0
    outer loop
      vertex 23.7492 30.4338 -1.5
      vertex 23.7364 30.6296 1.5
      vertex 23.7364 30.6296 -1.5
    endloop
  endfacet
  facet normal -0.99787 -0.0652336 0
    outer loop
      vertex 23.7364 30.6296 1.5
      vertex 23.7492 30.4338 -1.5
      vertex 23.7492 30.4338 1.5
    endloop
  endfacet
  facet normal 0.0652336 0.99787 -0
    outer loop
      vertex 22.2492 28.9338 -1.5
      vertex 22.0534 28.9466 1.5
      vertex 22.2492 28.9338 1.5
    endloop
  endfacet
  facet normal 0.0652336 0.99787 0
    outer loop
      vertex 22.0534 28.9466 1.5
      vertex 22.2492 28.9338 -1.5
      vertex 22.0534 28.9466 -1.5
    endloop
  endfacet
  facet normal 0.980854 0.194743 0
    outer loop
      vertex 20.8003 30.0456 1.5
      vertex 20.7621 30.238 -1.5
      vertex 20.7621 30.238 1.5
    endloop
  endfacet
  facet normal 0.980854 0.194743 0
    outer loop
      vertex 20.7621 30.238 -1.5
      vertex 20.8003 30.0456 1.5
      vertex 20.8003 30.0456 -1.5
    endloop
  endfacet
  facet normal -0.897062 -0.441905 0
    outer loop
      vertex 23.635 31.0078 -1.5
      vertex 23.5483 31.1838 1.5
      vertex 23.5483 31.1838 -1.5
    endloop
  endfacet
  facet normal -0.897062 -0.441905 0
    outer loop
      vertex 23.5483 31.1838 1.5
      vertex 23.635 31.0078 -1.5
      vertex 23.635 31.0078 1.5
    endloop
  endfacet
  facet normal -0.65919 -0.751976 0
    outer loop
      vertex 23.1624 31.6238 -1.5
      vertex 23.3099 31.4945 1.5
      vertex 23.1624 31.6238 1.5
    endloop
  endfacet
  facet normal -0.65919 -0.751976 -0
    outer loop
      vertex 23.3099 31.4945 1.5
      vertex 23.1624 31.6238 -1.5
      vertex 23.3099 31.4945 -1.5
    endloop
  endfacet
  facet normal -0.442315 0.89686 0
    outer loop
      vertex 22.9992 29.1348 -1.5
      vertex 22.8232 29.048 1.5
      vertex 22.9992 29.1348 1.5
    endloop
  endfacet
  facet normal -0.442315 0.89686 0
    outer loop
      vertex 22.8232 29.048 1.5
      vertex 22.9992 29.1348 -1.5
      vertex 22.8232 29.048 -1.5
    endloop
  endfacet
  facet normal -0.195136 0.980776 0
    outer loop
      vertex 22.6375 28.9849 -1.5
      vertex 22.445 28.9466 1.5
      vertex 22.6375 28.9849 1.5
    endloop
  endfacet
  facet normal -0.195136 0.980776 0
    outer loop
      vertex 22.445 28.9466 1.5
      vertex 22.6375 28.9849 -1.5
      vertex 22.445 28.9466 -1.5
    endloop
  endfacet
  facet normal -0.897062 0.441905 0
    outer loop
      vertex 23.5483 29.6838 -1.5
      vertex 23.635 29.8598 1.5
      vertex 23.635 29.8598 -1.5
    endloop
  endfacet
  facet normal -0.897062 0.441905 0
    outer loop
      vertex 23.635 29.8598 1.5
      vertex 23.5483 29.6838 -1.5
      vertex 23.5483 29.6838 1.5
    endloop
  endfacet
  facet normal 0.321574 -0.946885 0
    outer loop
      vertex 21.6752 31.8196 -1.5
      vertex 21.861 31.8827 1.5
      vertex 21.6752 31.8196 1.5
    endloop
  endfacet
  facet normal 0.321574 -0.946885 0
    outer loop
      vertex 21.861 31.8827 1.5
      vertex 21.6752 31.8196 -1.5
      vertex 21.861 31.8827 -1.5
    endloop
  endfacet
  facet normal -0.99787 0.0652336 0
    outer loop
      vertex 23.7364 30.238 -1.5
      vertex 23.7492 30.4338 1.5
      vertex 23.7492 30.4338 -1.5
    endloop
  endfacet
  facet normal -0.99787 0.0652336 0
    outer loop
      vertex 23.7492 30.4338 1.5
      vertex 23.7364 30.238 -1.5
      vertex 23.7364 30.238 1.5
    endloop
  endfacet
  facet normal -0.980757 0.195234 0
    outer loop
      vertex 23.6981 30.0456 -1.5
      vertex 23.7364 30.238 1.5
      vertex 23.7364 30.238 -1.5
    endloop
  endfacet
  facet normal -0.980757 0.195234 0
    outer loop
      vertex 23.7364 30.238 1.5
      vertex 23.6981 30.0456 -1.5
      vertex 23.6981 30.0456 1.5
    endloop
  endfacet
  facet normal -0.83158 -0.555406 0
    outer loop
      vertex 23.5483 31.1838 -1.5
      vertex 23.4393 31.347 1.5
      vertex 23.4393 31.347 -1.5
    endloop
  endfacet
  facet normal -0.83158 -0.555406 0
    outer loop
      vertex 23.4393 31.347 1.5
      vertex 23.5483 31.1838 -1.5
      vertex 23.5483 31.1838 1.5
    endloop
  endfacet
  facet normal 0.980854 -0.194743 0
    outer loop
      vertex 20.7621 30.6296 1.5
      vertex 20.8003 30.822 -1.5
      vertex 20.8003 30.822 1.5
    endloop
  endfacet
  facet normal 0.980854 -0.194743 0
    outer loop
      vertex 20.8003 30.822 -1.5
      vertex 20.7621 30.6296 1.5
      vertex 20.7621 30.6296 -1.5
    endloop
  endfacet
  facet normal -0.321729 -0.946832 0
    outer loop
      vertex 22.6375 31.8827 -1.5
      vertex 22.8232 31.8196 1.5
      vertex 22.6375 31.8827 1.5
    endloop
  endfacet
  facet normal -0.321729 -0.946832 -0
    outer loop
      vertex 22.8232 31.8196 1.5
      vertex 22.6375 31.8827 -1.5
      vertex 22.8232 31.8196 -1.5
    endloop
  endfacet
  facet normal 0.946885 0.321574 0
    outer loop
      vertex 20.8634 29.8598 1.5
      vertex 20.8003 30.0456 -1.5
      vertex 20.8003 30.0456 1.5
    endloop
  endfacet
  facet normal 0.946885 0.321574 0
    outer loop
      vertex 20.8003 30.0456 -1.5
      vertex 20.8634 29.8598 1.5
      vertex 20.8634 29.8598 -1.5
    endloop
  endfacet
  facet normal 0.555641 0.831422 -0
    outer loop
      vertex 21.4992 29.1348 -1.5
      vertex 21.3361 29.2438 1.5
      vertex 21.4992 29.1348 1.5
    endloop
  endfacet
  facet normal 0.555641 0.831422 0
    outer loop
      vertex 21.3361 29.2438 1.5
      vertex 21.4992 29.1348 -1.5
      vertex 21.3361 29.2438 -1.5
    endloop
  endfacet
  facet normal -0.442315 -0.89686 0
    outer loop
      vertex 22.8232 31.8196 -1.5
      vertex 22.9992 31.7328 1.5
      vertex 22.8232 31.8196 1.5
    endloop
  endfacet
  facet normal -0.442315 -0.89686 -0
    outer loop
      vertex 22.9992 31.7328 1.5
      vertex 22.8232 31.8196 -1.5
      vertex 22.9992 31.7328 -1.5
    endloop
  endfacet
  facet normal 0.555641 -0.831422 0
    outer loop
      vertex 21.3361 31.6238 -1.5
      vertex 21.4992 31.7328 1.5
      vertex 21.3361 31.6238 1.5
    endloop
  endfacet
  facet normal 0.555641 -0.831422 0
    outer loop
      vertex 21.4992 31.7328 1.5
      vertex 21.3361 31.6238 -1.5
      vertex 21.4992 31.7328 -1.5
    endloop
  endfacet
  facet normal -0.751945 0.659226 0
    outer loop
      vertex 23.3099 29.3731 -1.5
      vertex 23.4393 29.5207 1.5
      vertex 23.4393 29.5207 -1.5
    endloop
  endfacet
  facet normal -0.751945 0.659226 0
    outer loop
      vertex 23.4393 29.5207 1.5
      vertex 23.3099 29.3731 -1.5
      vertex 23.3099 29.3731 1.5
    endloop
  endfacet
  facet normal 0.751945 0.659226 0
    outer loop
      vertex 21.1886 29.3731 1.5
      vertex 21.0592 29.5207 -1.5
      vertex 21.0592 29.5207 1.5
    endloop
  endfacet
  facet normal 0.751945 0.659226 0
    outer loop
      vertex 21.0592 29.5207 -1.5
      vertex 21.1886 29.3731 1.5
      vertex 21.1886 29.3731 -1.5
    endloop
  endfacet
  facet normal 0.442315 0.89686 -0
    outer loop
      vertex 21.6752 29.048 -1.5
      vertex 21.4992 29.1348 1.5
      vertex 21.6752 29.048 1.5
    endloop
  endfacet
  facet normal 0.442315 0.89686 0
    outer loop
      vertex 21.4992 29.1348 1.5
      vertex 21.6752 29.048 -1.5
      vertex 21.4992 29.1348 -1.5
    endloop
  endfacet
  facet normal -0.65919 0.751976 0
    outer loop
      vertex 23.3099 29.3731 -1.5
      vertex 23.1624 29.2438 1.5
      vertex 23.3099 29.3731 1.5
    endloop
  endfacet
  facet normal -0.65919 0.751976 0
    outer loop
      vertex 23.1624 29.2438 1.5
      vertex 23.3099 29.3731 -1.5
      vertex 23.1624 29.2438 -1.5
    endloop
  endfacet
  facet normal -0.321729 0.946832 0
    outer loop
      vertex 22.8232 29.048 -1.5
      vertex 22.6375 28.9849 1.5
      vertex 22.8232 29.048 1.5
    endloop
  endfacet
  facet normal -0.321729 0.946832 0
    outer loop
      vertex 22.6375 28.9849 1.5
      vertex 22.8232 29.048 -1.5
      vertex 22.6375 28.9849 -1.5
    endloop
  endfacet
  facet normal 0.997837 0.065741 0
    outer loop
      vertex 20.7621 30.238 1.5
      vertex 20.7492 30.4338 -1.5
      vertex 20.7492 30.4338 1.5
    endloop
  endfacet
  facet normal 0.997837 0.065741 0
    outer loop
      vertex 20.7492 30.4338 -1.5
      vertex 20.7621 30.238 1.5
      vertex 20.7621 30.238 -1.5
    endloop
  endfacet
  facet normal 0.65919 -0.751976 0
    outer loop
      vertex 21.1886 31.4945 -1.5
      vertex 21.3361 31.6238 1.5
      vertex 21.1886 31.4945 1.5
    endloop
  endfacet
  facet normal 0.65919 -0.751976 0
    outer loop
      vertex 21.3361 31.6238 1.5
      vertex 21.1886 31.4945 -1.5
      vertex 21.3361 31.6238 -1.5
    endloop
  endfacet
  facet normal -0.555406 -0.83158 0
    outer loop
      vertex 22.9992 31.7328 -1.5
      vertex 23.1624 31.6238 1.5
      vertex 22.9992 31.7328 1.5
    endloop
  endfacet
  facet normal -0.555406 -0.83158 -0
    outer loop
      vertex 23.1624 31.6238 1.5
      vertex 22.9992 31.7328 -1.5
      vertex 23.1624 31.6238 -1.5
    endloop
  endfacet
  facet normal -0.555406 0.83158 0
    outer loop
      vertex 23.1624 29.2438 -1.5
      vertex 22.9992 29.1348 1.5
      vertex 23.1624 29.2438 1.5
    endloop
  endfacet
  facet normal -0.555406 0.83158 0
    outer loop
      vertex 22.9992 29.1348 1.5
      vertex 23.1624 29.2438 -1.5
      vertex 22.9992 29.1348 -1.5
    endloop
  endfacet
  facet normal 0.442315 -0.89686 0
    outer loop
      vertex 21.4992 31.7328 -1.5
      vertex 21.6752 31.8196 1.5
      vertex 21.4992 31.7328 1.5
    endloop
  endfacet
  facet normal 0.442315 -0.89686 0
    outer loop
      vertex 21.6752 31.8196 1.5
      vertex 21.4992 31.7328 -1.5
      vertex 21.6752 31.8196 -1.5
    endloop
  endfacet
  facet normal 0.195234 0.980757 -0
    outer loop
      vertex 22.0534 28.9466 -1.5
      vertex 21.861 28.9849 1.5
      vertex 22.0534 28.9466 1.5
    endloop
  endfacet
  facet normal 0.195234 0.980757 0
    outer loop
      vertex 21.861 28.9849 1.5
      vertex 22.0534 28.9466 -1.5
      vertex 21.861 28.9849 -1.5
    endloop
  endfacet
  facet normal 0.831422 0.555641 0
    outer loop
      vertex 21.0592 29.5207 1.5
      vertex 20.9502 29.6838 -1.5
      vertex 20.9502 29.6838 1.5
    endloop
  endfacet
  facet normal 0.831422 0.555641 0
    outer loop
      vertex 20.9502 29.6838 -1.5
      vertex 21.0592 29.5207 1.5
      vertex 21.0592 29.5207 -1.5
    endloop
  endfacet
  facet normal -0.831422 0.555641 0
    outer loop
      vertex 23.4393 29.5207 -1.5
      vertex 23.5483 29.6838 1.5
      vertex 23.5483 29.6838 -1.5
    endloop
  endfacet
  facet normal -0.831422 0.555641 0
    outer loop
      vertex 23.5483 29.6838 1.5
      vertex 23.4393 29.5207 -1.5
      vertex 23.4393 29.5207 1.5
    endloop
  endfacet
  facet normal 0.83158 -0.555406 0
    outer loop
      vertex 20.9502 31.1838 1.5
      vertex 21.0592 31.347 -1.5
      vertex 21.0592 31.347 1.5
    endloop
  endfacet
  facet normal 0.83158 -0.555406 0
    outer loop
      vertex 21.0592 31.347 -1.5
      vertex 20.9502 31.1838 1.5
      vertex 20.9502 31.1838 -1.5
    endloop
  endfacet
  facet normal 0.65919 0.751976 -0
    outer loop
      vertex 21.3361 29.2438 -1.5
      vertex 21.1886 29.3731 1.5
      vertex 21.3361 29.2438 1.5
    endloop
  endfacet
  facet normal 0.65919 0.751976 0
    outer loop
      vertex 21.1886 29.3731 1.5
      vertex 21.3361 29.2438 -1.5
      vertex 21.1886 29.3731 -1.5
    endloop
  endfacet
  facet normal 0.195234 -0.980757 0
    outer loop
      vertex 21.861 31.8827 -1.5
      vertex 22.0534 31.921 1.5
      vertex 21.861 31.8827 1.5
    endloop
  endfacet
  facet normal 0.195234 -0.980757 0
    outer loop
      vertex 22.0534 31.921 1.5
      vertex 21.861 31.8827 -1.5
      vertex 22.0534 31.921 -1.5
    endloop
  endfacet
  facet normal -0.195136 -0.980776 0
    outer loop
      vertex 22.445 31.921 -1.5
      vertex 22.6375 31.8827 1.5
      vertex 22.445 31.921 1.5
    endloop
  endfacet
  facet normal -0.195136 -0.980776 -0
    outer loop
      vertex 22.6375 31.8827 1.5
      vertex 22.445 31.921 -1.5
      vertex 22.6375 31.8827 -1.5
    endloop
  endfacet
  facet normal 0.0652336 -0.99787 0
    outer loop
      vertex 22.0534 31.921 -1.5
      vertex 22.2492 31.9338 1.5
      vertex 22.0534 31.921 1.5
    endloop
  endfacet
  facet normal 0.0652336 -0.99787 0
    outer loop
      vertex 22.2492 31.9338 1.5
      vertex 22.0534 31.921 -1.5
      vertex 22.2492 31.9338 -1.5
    endloop
  endfacet
  facet normal -0.751724 -0.659478 0
    outer loop
      vertex 23.4393 31.347 -1.5
      vertex 23.3099 31.4945 1.5
      vertex 23.3099 31.4945 -1.5
    endloop
  endfacet
  facet normal -0.751724 -0.659478 0
    outer loop
      vertex 23.3099 31.4945 1.5
      vertex 23.4393 31.347 -1.5
      vertex 23.4393 31.347 1.5
    endloop
  endfacet
  facet normal -0.946885 -0.321574 0
    outer loop
      vertex 23.6981 30.822 -1.5
      vertex 23.635 31.0078 1.5
      vertex 23.635 31.0078 -1.5
    endloop
  endfacet
  facet normal -0.946885 -0.321574 0
    outer loop
      vertex 23.635 31.0078 1.5
      vertex 23.6981 30.822 -1.5
      vertex 23.6981 30.822 1.5
    endloop
  endfacet
  facet normal 0.751724 -0.659478 0
    outer loop
      vertex 21.0592 31.347 1.5
      vertex 21.1886 31.4945 -1.5
      vertex 21.1886 31.4945 1.5
    endloop
  endfacet
  facet normal 0.751724 -0.659478 0
    outer loop
      vertex 21.1886 31.4945 -1.5
      vertex 21.0592 31.347 1.5
      vertex 21.0592 31.347 -1.5
    endloop
  endfacet
  facet normal -0.0652336 0.99787 0
    outer loop
      vertex 22.445 28.9466 -1.5
      vertex 22.2492 28.9338 1.5
      vertex 22.445 28.9466 1.5
    endloop
  endfacet
  facet normal -0.0652336 0.99787 0
    outer loop
      vertex 22.2492 28.9338 1.5
      vertex 22.445 28.9466 -1.5
      vertex 22.2492 28.9338 -1.5
    endloop
  endfacet
  facet normal 0.89686 0.442315 0
    outer loop
      vertex 20.9502 29.6838 1.5
      vertex 20.8634 29.8598 -1.5
      vertex 20.8634 29.8598 1.5
    endloop
  endfacet
  facet normal 0.89686 0.442315 0
    outer loop
      vertex 20.8634 29.8598 -1.5
      vertex 20.9502 29.6838 1.5
      vertex 20.9502 29.6838 -1.5
    endloop
  endfacet
  facet normal 0.321574 0.946885 -0
    outer loop
      vertex 21.861 28.9849 -1.5
      vertex 21.6752 29.048 1.5
      vertex 21.861 28.9849 1.5
    endloop
  endfacet
  facet normal 0.321574 0.946885 0
    outer loop
      vertex 21.6752 29.048 1.5
      vertex 21.861 28.9849 -1.5
      vertex 21.6752 29.048 -1.5
    endloop
  endfacet
  facet normal 0.997837 -0.065741 0
    outer loop
      vertex 20.7492 30.4338 1.5
      vertex 20.7621 30.6296 -1.5
      vertex 20.7621 30.6296 1.5
    endloop
  endfacet
  facet normal 0.997837 -0.065741 0
    outer loop
      vertex 20.7621 30.6296 -1.5
      vertex 20.7492 30.4338 1.5
      vertex 20.7492 30.4338 -1.5
    endloop
  endfacet
  facet normal -0.0652336 -0.99787 0
    outer loop
      vertex 22.2492 31.9338 -1.5
      vertex 22.445 31.921 1.5
      vertex 22.2492 31.9338 1.5
    endloop
  endfacet
  facet normal -0.0652336 -0.99787 -0
    outer loop
      vertex 22.445 31.921 1.5
      vertex 22.2492 31.9338 -1.5
      vertex 22.445 31.921 -1.5
    endloop
  endfacet
  facet normal -0.946885 0.321574 0
    outer loop
      vertex 23.635 29.8598 -1.5
      vertex 23.6981 30.0456 1.5
      vertex 23.6981 30.0456 -1.5
    endloop
  endfacet
  facet normal -0.946885 0.321574 0
    outer loop
      vertex 23.6981 30.0456 1.5
      vertex 23.635 29.8598 -1.5
      vertex 23.635 29.8598 1.5
    endloop
  endfacet
  facet normal 0.946885 -0.321574 0
    outer loop
      vertex 20.8003 30.822 1.5
      vertex 20.8634 31.0078 -1.5
      vertex 20.8634 31.0078 1.5
    endloop
  endfacet
  facet normal 0.946885 -0.321574 0
    outer loop
      vertex 20.8634 31.0078 -1.5
      vertex 20.8003 30.822 1.5
      vertex 20.8003 30.822 -1.5
    endloop
  endfacet
  facet normal -0.89676 -0.442517 0
    outer loop
      vertex -56.8634 19.3832 -1.5
      vertex -56.9502 19.5591 1.5
      vertex -56.9502 19.5591 -1.5
    endloop
  endfacet
  facet normal -0.89676 -0.442517 0
    outer loop
      vertex -56.9502 19.5591 1.5
      vertex -56.8634 19.3832 -1.5
      vertex -56.8634 19.3832 1.5
    endloop
  endfacet
  facet normal -0.980874 -0.194646 0
    outer loop
      vertex -56.7621 19.0049 -1.5
      vertex -56.8003 19.1974 1.5
      vertex -56.8003 19.1974 -1.5
    endloop
  endfacet
  facet normal -0.980874 -0.194646 0
    outer loop
      vertex -56.8003 19.1974 1.5
      vertex -56.7621 19.0049 -1.5
      vertex -56.7621 19.0049 1.5
    endloop
  endfacet
  facet normal -0.997837 -0.065741 0
    outer loop
      vertex -56.7492 18.8091 -1.5
      vertex -56.7621 19.0049 1.5
      vertex -56.7621 19.0049 -1.5
    endloop
  endfacet
  facet normal -0.997837 -0.065741 0
    outer loop
      vertex -56.7621 19.0049 1.5
      vertex -56.7492 18.8091 -1.5
      vertex -56.7492 18.8091 1.5
    endloop
  endfacet
  facet normal -0.751724 -0.659478 0
    outer loop
      vertex -57.0592 19.7223 -1.5
      vertex -57.1886 19.8698 1.5
      vertex -57.1886 19.8698 -1.5
    endloop
  endfacet
  facet normal -0.751724 -0.659478 0
    outer loop
      vertex -57.1886 19.8698 1.5
      vertex -57.0592 19.7223 -1.5
      vertex -57.0592 19.7223 1.5
    endloop
  endfacet
  facet normal 0.99787 0.0652336 0
    outer loop
      vertex -59.7364 18.6133 1.5
      vertex -59.7492 18.8091 -1.5
      vertex -59.7492 18.8091 1.5
    endloop
  endfacet
  facet normal 0.99787 0.0652336 0
    outer loop
      vertex -59.7492 18.8091 -1.5
      vertex -59.7364 18.6133 1.5
      vertex -59.7364 18.6133 -1.5
    endloop
  endfacet
  facet normal -0.89686 0.442315 0
    outer loop
      vertex -56.9502 18.0591 -1.5
      vertex -56.8634 18.2351 1.5
      vertex -56.8634 18.2351 -1.5
    endloop
  endfacet
  facet normal -0.89686 0.442315 0
    outer loop
      vertex -56.8634 18.2351 1.5
      vertex -56.9502 18.0591 -1.5
      vertex -56.9502 18.0591 1.5
    endloop
  endfacet
  facet normal 0.441905 -0.897062 0
    outer loop
      vertex -58.9992 20.1082 -1.5
      vertex -58.8232 20.1949 1.5
      vertex -58.9992 20.1082 1.5
    endloop
  endfacet
  facet normal 0.441905 -0.897062 0
    outer loop
      vertex -58.8232 20.1949 1.5
      vertex -58.9992 20.1082 -1.5
      vertex -58.8232 20.1949 -1.5
    endloop
  endfacet
  facet normal 0.065741 0.997837 -0
    outer loop
      vertex -58.2492 17.3091 -1.5
      vertex -58.445 17.322 1.5
      vertex -58.2492 17.3091 1.5
    endloop
  endfacet
  facet normal 0.065741 0.997837 0
    outer loop
      vertex -58.445 17.322 1.5
      vertex -58.2492 17.3091 -1.5
      vertex -58.445 17.322 -1.5
    endloop
  endfacet
  facet normal 0.555406 -0.83158 0
    outer loop
      vertex -59.1624 19.9992 -1.5
      vertex -58.9992 20.1082 1.5
      vertex -59.1624 19.9992 1.5
    endloop
  endfacet
  facet normal 0.555406 -0.83158 0
    outer loop
      vertex -58.9992 20.1082 1.5
      vertex -59.1624 19.9992 -1.5
      vertex -58.9992 20.1082 -1.5
    endloop
  endfacet
  facet normal 0.946885 -0.321574 0
    outer loop
      vertex -59.6981 19.1974 1.5
      vertex -59.635 19.3832 -1.5
      vertex -59.635 19.3832 1.5
    endloop
  endfacet
  facet normal 0.946885 -0.321574 0
    outer loop
      vertex -59.635 19.3832 -1.5
      vertex -59.6981 19.1974 1.5
      vertex -59.6981 19.1974 -1.5
    endloop
  endfacet
  facet normal -0.997837 0.065741 0
    outer loop
      vertex -56.7621 18.6133 -1.5
      vertex -56.7492 18.8091 1.5
      vertex -56.7492 18.8091 -1.5
    endloop
  endfacet
  facet normal -0.997837 0.065741 0
    outer loop
      vertex -56.7492 18.8091 1.5
      vertex -56.7621 18.6133 -1.5
      vertex -56.7621 18.6133 1.5
    endloop
  endfacet
  facet normal -0.659478 -0.751724 0
    outer loop
      vertex -57.3361 19.9992 -1.5
      vertex -57.1886 19.8698 1.5
      vertex -57.3361 19.9992 1.5
    endloop
  endfacet
  facet normal -0.659478 -0.751724 -0
    outer loop
      vertex -57.1886 19.8698 1.5
      vertex -57.3361 19.9992 -1.5
      vertex -57.1886 19.8698 -1.5
    endloop
  endfacet
  facet normal 0.751724 -0.659478 0
    outer loop
      vertex -59.4393 19.7223 1.5
      vertex -59.3099 19.8698 -1.5
      vertex -59.3099 19.8698 1.5
    endloop
  endfacet
  facet normal 0.751724 -0.659478 0
    outer loop
      vertex -59.3099 19.8698 -1.5
      vertex -59.4393 19.7223 1.5
      vertex -59.4393 19.7223 -1.5
    endloop
  endfacet
  facet normal -0.441905 -0.897062 0
    outer loop
      vertex -57.6752 20.1949 -1.5
      vertex -57.4992 20.1082 1.5
      vertex -57.6752 20.1949 1.5
    endloop
  endfacet
  facet normal -0.441905 -0.897062 -0
    outer loop
      vertex -57.4992 20.1082 1.5
      vertex -57.6752 20.1949 -1.5
      vertex -57.4992 20.1082 -1.5
    endloop
  endfacet
  facet normal 0.83158 -0.555406 0
    outer loop
      vertex -59.5483 19.5591 1.5
      vertex -59.4393 19.7223 -1.5
      vertex -59.4393 19.7223 1.5
    endloop
  endfacet
  facet normal 0.83158 -0.555406 0
    outer loop
      vertex -59.4393 19.7223 -1.5
      vertex -59.5483 19.5591 1.5
      vertex -59.5483 19.5591 -1.5
    endloop
  endfacet
  facet normal 0.321729 0.946832 -0
    outer loop
      vertex -58.6375 17.3602 -1.5
      vertex -58.8232 17.4233 1.5
      vertex -58.6375 17.3602 1.5
    endloop
  endfacet
  facet normal 0.321729 0.946832 0
    outer loop
      vertex -58.8232 17.4233 1.5
      vertex -58.6375 17.3602 -1.5
      vertex -58.8232 17.4233 -1.5
    endloop
  endfacet
  facet normal 0.980776 -0.195136 0
    outer loop
      vertex -59.7364 19.0049 1.5
      vertex -59.6981 19.1974 -1.5
      vertex -59.6981 19.1974 1.5
    endloop
  endfacet
  facet normal 0.980776 -0.195136 0
    outer loop
      vertex -59.6981 19.1974 -1.5
      vertex -59.7364 19.0049 1.5
      vertex -59.7364 19.0049 -1.5
    endloop
  endfacet
  facet normal -0.194743 0.980854 0
    outer loop
      vertex -57.861 17.3602 -1.5
      vertex -58.0534 17.322 1.5
      vertex -57.861 17.3602 1.5
    endloop
  endfacet
  facet normal -0.194743 0.980854 0
    outer loop
      vertex -58.0534 17.322 1.5
      vertex -57.861 17.3602 -1.5
      vertex -58.0534 17.322 -1.5
    endloop
  endfacet
  facet normal -0.946885 -0.321574 0
    outer loop
      vertex -56.8003 19.1974 -1.5
      vertex -56.8634 19.3832 1.5
      vertex -56.8634 19.3832 -1.5
    endloop
  endfacet
  facet normal -0.946885 -0.321574 0
    outer loop
      vertex -56.8634 19.3832 1.5
      vertex -56.8003 19.1974 -1.5
      vertex -56.8003 19.1974 1.5
    endloop
  endfacet
  facet normal -0.83158 -0.555406 0
    outer loop
      vertex -56.9502 19.5591 -1.5
      vertex -57.0592 19.7223 1.5
      vertex -57.0592 19.7223 -1.5
    endloop
  endfacet
  facet normal -0.83158 -0.555406 0
    outer loop
      vertex -57.0592 19.7223 1.5
      vertex -56.9502 19.5591 -1.5
      vertex -56.9502 19.5591 1.5
    endloop
  endfacet
  facet normal -0.946885 0.321574 0
    outer loop
      vertex -56.8634 18.2351 -1.5
      vertex -56.8003 18.4209 1.5
      vertex -56.8003 18.4209 -1.5
    endloop
  endfacet
  facet normal -0.946885 0.321574 0
    outer loop
      vertex -56.8003 18.4209 1.5
      vertex -56.8634 18.2351 -1.5
      vertex -56.8634 18.2351 1.5
    endloop
  endfacet
  facet normal -0.980854 0.194743 0
    outer loop
      vertex -56.8003 18.4209 -1.5
      vertex -56.7621 18.6133 1.5
      vertex -56.7621 18.6133 -1.5
    endloop
  endfacet
  facet normal -0.980854 0.194743 0
    outer loop
      vertex -56.7621 18.6133 1.5
      vertex -56.8003 18.4209 -1.5
      vertex -56.8003 18.4209 1.5
    endloop
  endfacet
  facet normal -0.321574 -0.946885 0
    outer loop
      vertex -57.861 20.258 -1.5
      vertex -57.6752 20.1949 1.5
      vertex -57.861 20.258 1.5
    endloop
  endfacet
  facet normal -0.321574 -0.946885 -0
    outer loop
      vertex -57.6752 20.1949 1.5
      vertex -57.861 20.258 -1.5
      vertex -57.6752 20.1949 -1.5
    endloop
  endfacet
  facet normal 0.946885 0.321574 0
    outer loop
      vertex -59.635 18.2351 1.5
      vertex -59.6981 18.4209 -1.5
      vertex -59.6981 18.4209 1.5
    endloop
  endfacet
  facet normal 0.946885 0.321574 0
    outer loop
      vertex -59.6981 18.4209 -1.5
      vertex -59.635 18.2351 1.5
      vertex -59.635 18.2351 -1.5
    endloop
  endfacet
  facet normal 0.751724 0.659478 0
    outer loop
      vertex -59.3099 17.7485 1.5
      vertex -59.4393 17.896 -1.5
      vertex -59.4393 17.896 1.5
    endloop
  endfacet
  facet normal 0.751724 0.659478 0
    outer loop
      vertex -59.4393 17.896 -1.5
      vertex -59.3099 17.7485 1.5
      vertex -59.3099 17.7485 -1.5
    endloop
  endfacet
  facet normal 0.980757 0.195234 0
    outer loop
      vertex -59.6981 18.4209 1.5
      vertex -59.7364 18.6133 -1.5
      vertex -59.7364 18.6133 1.5
    endloop
  endfacet
  facet normal 0.980757 0.195234 0
    outer loop
      vertex -59.7364 18.6133 -1.5
      vertex -59.6981 18.4209 1.5
      vertex -59.6981 18.4209 -1.5
    endloop
  endfacet
  facet normal 0.194646 0.980874 -0
    outer loop
      vertex -58.445 17.322 -1.5
      vertex -58.6375 17.3602 1.5
      vertex -58.445 17.322 1.5
    endloop
  endfacet
  facet normal 0.194646 0.980874 0
    outer loop
      vertex -58.6375 17.3602 1.5
      vertex -58.445 17.322 -1.5
      vertex -58.6375 17.3602 -1.5
    endloop
  endfacet
  facet normal -0.065741 0.997837 0
    outer loop
      vertex -58.0534 17.322 -1.5
      vertex -58.2492 17.3091 1.5
      vertex -58.0534 17.322 1.5
    endloop
  endfacet
  facet normal -0.065741 0.997837 0
    outer loop
      vertex -58.2492 17.3091 1.5
      vertex -58.0534 17.322 -1.5
      vertex -58.2492 17.3091 -1.5
    endloop
  endfacet
  facet normal 0.195136 -0.980776 0
    outer loop
      vertex -58.6375 20.258 -1.5
      vertex -58.445 20.2963 1.5
      vertex -58.6375 20.258 1.5
    endloop
  endfacet
  facet normal 0.195136 -0.980776 0
    outer loop
      vertex -58.445 20.2963 1.5
      vertex -58.6375 20.258 -1.5
      vertex -58.445 20.2963 -1.5
    endloop
  endfacet
  facet normal -0.195234 -0.980757 0
    outer loop
      vertex -58.0534 20.2963 -1.5
      vertex -57.861 20.258 1.5
      vertex -58.0534 20.2963 1.5
    endloop
  endfacet
  facet normal -0.195234 -0.980757 -0
    outer loop
      vertex -57.861 20.258 1.5
      vertex -58.0534 20.2963 -1.5
      vertex -57.861 20.258 -1.5
    endloop
  endfacet
  facet normal 0.659478 -0.751724 0
    outer loop
      vertex -59.3099 19.8698 -1.5
      vertex -59.1624 19.9992 1.5
      vertex -59.3099 19.8698 1.5
    endloop
  endfacet
  facet normal 0.659478 -0.751724 0
    outer loop
      vertex -59.1624 19.9992 1.5
      vertex -59.3099 19.8698 -1.5
      vertex -59.1624 19.9992 -1.5
    endloop
  endfacet
  facet normal 0.321729 -0.946832 0
    outer loop
      vertex -58.8232 20.1949 -1.5
      vertex -58.6375 20.258 1.5
      vertex -58.8232 20.1949 1.5
    endloop
  endfacet
  facet normal 0.321729 -0.946832 0
    outer loop
      vertex -58.6375 20.258 1.5
      vertex -58.8232 20.1949 -1.5
      vertex -58.6375 20.258 -1.5
    endloop
  endfacet
  facet normal -0.555641 -0.831422 0
    outer loop
      vertex -57.4992 20.1082 -1.5
      vertex -57.3361 19.9992 1.5
      vertex -57.4992 20.1082 1.5
    endloop
  endfacet
  facet normal -0.555641 -0.831422 -0
    outer loop
      vertex -57.3361 19.9992 1.5
      vertex -57.4992 20.1082 -1.5
      vertex -57.3361 19.9992 -1.5
    endloop
  endfacet
  facet normal -0.831422 0.555641 0
    outer loop
      vertex -57.0592 17.896 -1.5
      vertex -56.9502 18.0591 1.5
      vertex -56.9502 18.0591 -1.5
    endloop
  endfacet
  facet normal -0.831422 0.555641 0
    outer loop
      vertex -56.9502 18.0591 1.5
      vertex -57.0592 17.896 -1.5
      vertex -57.0592 17.896 1.5
    endloop
  endfacet
  facet normal 0.897062 0.441905 0
    outer loop
      vertex -59.5483 18.0591 1.5
      vertex -59.635 18.2351 -1.5
      vertex -59.635 18.2351 1.5
    endloop
  endfacet
  facet normal 0.897062 0.441905 0
    outer loop
      vertex -59.635 18.2351 -1.5
      vertex -59.5483 18.0591 1.5
      vertex -59.5483 18.0591 -1.5
    endloop
  endfacet
  facet normal -0.442315 0.89686 0
    outer loop
      vertex -57.4992 17.5101 -1.5
      vertex -57.6752 17.4233 1.5
      vertex -57.4992 17.5101 1.5
    endloop
  endfacet
  facet normal -0.442315 0.89686 0
    outer loop
      vertex -57.6752 17.4233 1.5
      vertex -57.4992 17.5101 -1.5
      vertex -57.6752 17.4233 -1.5
    endloop
  endfacet
  facet normal 0.442315 0.89686 -0
    outer loop
      vertex -58.8232 17.4233 -1.5
      vertex -58.9992 17.5101 1.5
      vertex -58.8232 17.4233 1.5
    endloop
  endfacet
  facet normal 0.442315 0.89686 0
    outer loop
      vertex -58.9992 17.5101 1.5
      vertex -58.8232 17.4233 -1.5
      vertex -58.9992 17.5101 -1.5
    endloop
  endfacet
  facet normal -0.321574 0.946885 0
    outer loop
      vertex -57.6752 17.4233 -1.5
      vertex -57.861 17.3602 1.5
      vertex -57.6752 17.4233 1.5
    endloop
  endfacet
  facet normal -0.321574 0.946885 0
    outer loop
      vertex -57.861 17.3602 1.5
      vertex -57.6752 17.4233 -1.5
      vertex -57.861 17.3602 -1.5
    endloop
  endfacet
  facet normal 0.659478 0.751724 -0
    outer loop
      vertex -59.1624 17.6191 -1.5
      vertex -59.3099 17.7485 1.5
      vertex -59.1624 17.6191 1.5
    endloop
  endfacet
  facet normal 0.659478 0.751724 0
    outer loop
      vertex -59.3099 17.7485 1.5
      vertex -59.1624 17.6191 -1.5
      vertex -59.3099 17.7485 -1.5
    endloop
  endfacet
  facet normal 0.99787 -0.0652336 0
    outer loop
      vertex -59.7492 18.8091 1.5
      vertex -59.7364 19.0049 -1.5
      vertex -59.7364 19.0049 1.5
    endloop
  endfacet
  facet normal 0.99787 -0.0652336 0
    outer loop
      vertex -59.7364 19.0049 -1.5
      vertex -59.7492 18.8091 1.5
      vertex -59.7492 18.8091 -1.5
    endloop
  endfacet
  facet normal 0.896962 -0.442107 0
    outer loop
      vertex -59.635 19.3832 1.5
      vertex -59.5483 19.5591 -1.5
      vertex -59.5483 19.5591 1.5
    endloop
  endfacet
  facet normal 0.896962 -0.442107 0
    outer loop
      vertex -59.5483 19.5591 -1.5
      vertex -59.635 19.3832 1.5
      vertex -59.635 19.3832 -1.5
    endloop
  endfacet
  facet normal -0.0652336 -0.99787 0
    outer loop
      vertex -58.2492 20.3091 -1.5
      vertex -58.0534 20.2963 1.5
      vertex -58.2492 20.3091 1.5
    endloop
  endfacet
  facet normal -0.0652336 -0.99787 -0
    outer loop
      vertex -58.0534 20.2963 1.5
      vertex -58.2492 20.3091 -1.5
      vertex -58.0534 20.2963 -1.5
    endloop
  endfacet
  facet normal -0.555641 0.831422 0
    outer loop
      vertex -57.3361 17.6191 -1.5
      vertex -57.4992 17.5101 1.5
      vertex -57.3361 17.6191 1.5
    endloop
  endfacet
  facet normal -0.555641 0.831422 0
    outer loop
      vertex -57.4992 17.5101 1.5
      vertex -57.3361 17.6191 -1.5
      vertex -57.4992 17.5101 -1.5
    endloop
  endfacet
  facet normal 0.831422 0.555641 0
    outer loop
      vertex -59.4393 17.896 1.5
      vertex -59.5483 18.0591 -1.5
      vertex -59.5483 18.0591 1.5
    endloop
  endfacet
  facet normal 0.831422 0.555641 0
    outer loop
      vertex -59.5483 18.0591 -1.5
      vertex -59.4393 17.896 1.5
      vertex -59.4393 17.896 -1.5
    endloop
  endfacet
  facet normal 0.0652336 -0.99787 0
    outer loop
      vertex -58.445 20.2963 -1.5
      vertex -58.2492 20.3091 1.5
      vertex -58.445 20.2963 1.5
    endloop
  endfacet
  facet normal 0.0652336 -0.99787 0
    outer loop
      vertex -58.2492 20.3091 1.5
      vertex -58.445 20.2963 -1.5
      vertex -58.2492 20.3091 -1.5
    endloop
  endfacet
  facet normal -0.751724 0.659478 0
    outer loop
      vertex -57.1886 17.7485 -1.5
      vertex -57.0592 17.896 1.5
      vertex -57.0592 17.896 -1.5
    endloop
  endfacet
  facet normal -0.751724 0.659478 0
    outer loop
      vertex -57.0592 17.896 1.5
      vertex -57.1886 17.7485 -1.5
      vertex -57.1886 17.7485 1.5
    endloop
  endfacet
  facet normal -0.659478 0.751724 0
    outer loop
      vertex -57.1886 17.7485 -1.5
      vertex -57.3361 17.6191 1.5
      vertex -57.1886 17.7485 1.5
    endloop
  endfacet
  facet normal -0.659478 0.751724 0
    outer loop
      vertex -57.3361 17.6191 1.5
      vertex -57.1886 17.7485 -1.5
      vertex -57.3361 17.6191 -1.5
    endloop
  endfacet
  facet normal 0.555406 0.83158 -0
    outer loop
      vertex -58.9992 17.5101 -1.5
      vertex -59.1624 17.6191 1.5
      vertex -58.9992 17.5101 1.5
    endloop
  endfacet
  facet normal 0.555406 0.83158 0
    outer loop
      vertex -59.1624 17.6191 1.5
      vertex -58.9992 17.5101 -1.5
      vertex -59.1624 17.6191 -1.5
    endloop
  endfacet
  facet normal -0.89686 -0.442315 0
    outer loop
      vertex -56.8634 -18.2351 -1.5
      vertex -56.9502 -18.0591 1.5
      vertex -56.9502 -18.0591 -1.5
    endloop
  endfacet
  facet normal -0.89686 -0.442315 0
    outer loop
      vertex -56.9502 -18.0591 1.5
      vertex -56.8634 -18.2351 -1.5
      vertex -56.8634 -18.2351 1.5
    endloop
  endfacet
  facet normal -0.980854 -0.194743 0
    outer loop
      vertex -56.7621 -18.6133 -1.5
      vertex -56.8003 -18.4209 1.5
      vertex -56.8003 -18.4209 -1.5
    endloop
  endfacet
  facet normal -0.980854 -0.194743 0
    outer loop
      vertex -56.8003 -18.4209 1.5
      vertex -56.7621 -18.6133 -1.5
      vertex -56.7621 -18.6133 1.5
    endloop
  endfacet
  facet normal -0.997837 -0.065741 0
    outer loop
      vertex -56.7492 -18.8091 -1.5
      vertex -56.7621 -18.6133 1.5
      vertex -56.7621 -18.6133 -1.5
    endloop
  endfacet
  facet normal -0.997837 -0.065741 0
    outer loop
      vertex -56.7621 -18.6133 1.5
      vertex -56.7492 -18.8091 -1.5
      vertex -56.7492 -18.8091 1.5
    endloop
  endfacet
  facet normal 0.0652336 0.99787 -0
    outer loop
      vertex -58.2492 -20.3091 -1.5
      vertex -58.445 -20.2963 1.5
      vertex -58.2492 -20.3091 1.5
    endloop
  endfacet
  facet normal 0.0652336 0.99787 0
    outer loop
      vertex -58.445 -20.2963 1.5
      vertex -58.2492 -20.3091 -1.5
      vertex -58.445 -20.2963 -1.5
    endloop
  endfacet
  facet normal 0.659478 0.751724 -0
    outer loop
      vertex -59.1624 -19.9992 -1.5
      vertex -59.3099 -19.8698 1.5
      vertex -59.1624 -19.9992 1.5
    endloop
  endfacet
  facet normal 0.659478 0.751724 0
    outer loop
      vertex -59.3099 -19.8698 1.5
      vertex -59.1624 -19.9992 -1.5
      vertex -59.3099 -19.8698 -1.5
    endloop
  endfacet
  facet normal -0.555641 -0.831422 0
    outer loop
      vertex -57.4992 -17.5101 -1.5
      vertex -57.3361 -17.6191 1.5
      vertex -57.4992 -17.5101 1.5
    endloop
  endfacet
  facet normal -0.555641 -0.831422 -0
    outer loop
      vertex -57.3361 -17.6191 1.5
      vertex -57.4992 -17.5101 -1.5
      vertex -57.3361 -17.6191 -1.5
    endloop
  endfacet
  facet normal -0.442315 -0.89686 0
    outer loop
      vertex -57.6752 -17.4233 -1.5
      vertex -57.4992 -17.5101 1.5
      vertex -57.6752 -17.4233 1.5
    endloop
  endfacet
  facet normal -0.442315 -0.89686 -0
    outer loop
      vertex -57.4992 -17.5101 1.5
      vertex -57.6752 -17.4233 -1.5
      vertex -57.4992 -17.5101 -1.5
    endloop
  endfacet
  facet normal -0.980874 0.194646 0
    outer loop
      vertex -56.8003 -19.1974 -1.5
      vertex -56.7621 -19.0049 1.5
      vertex -56.7621 -19.0049 -1.5
    endloop
  endfacet
  facet normal -0.980874 0.194646 0
    outer loop
      vertex -56.7621 -19.0049 1.5
      vertex -56.8003 -19.1974 -1.5
      vertex -56.8003 -19.1974 1.5
    endloop
  endfacet
  facet normal -0.83158 0.555406 0
    outer loop
      vertex -57.0592 -19.7223 -1.5
      vertex -56.9502 -19.5591 1.5
      vertex -56.9502 -19.5591 -1.5
    endloop
  endfacet
  facet normal -0.83158 0.555406 0
    outer loop
      vertex -56.9502 -19.5591 1.5
      vertex -57.0592 -19.7223 -1.5
      vertex -57.0592 -19.7223 1.5
    endloop
  endfacet
  facet normal -0.997837 0.065741 0
    outer loop
      vertex -56.7621 -19.0049 -1.5
      vertex -56.7492 -18.8091 1.5
      vertex -56.7492 -18.8091 -1.5
    endloop
  endfacet
  facet normal -0.997837 0.065741 0
    outer loop
      vertex -56.7492 -18.8091 1.5
      vertex -56.7621 -19.0049 -1.5
      vertex -56.7621 -19.0049 1.5
    endloop
  endfacet
  facet normal 0.195136 0.980776 -0
    outer loop
      vertex -58.445 -20.2963 -1.5
      vertex -58.6375 -20.258 1.5
      vertex -58.445 -20.2963 1.5
    endloop
  endfacet
  facet normal 0.195136 0.980776 0
    outer loop
      vertex -58.6375 -20.258 1.5
      vertex -58.445 -20.2963 -1.5
      vertex -58.6375 -20.258 -1.5
    endloop
  endfacet
  facet normal -0.321574 0.946885 0
    outer loop
      vertex -57.6752 -20.1949 -1.5
      vertex -57.861 -20.258 1.5
      vertex -57.6752 -20.1949 1.5
    endloop
  endfacet
  facet normal -0.321574 0.946885 0
    outer loop
      vertex -57.861 -20.258 1.5
      vertex -57.6752 -20.1949 -1.5
      vertex -57.861 -20.258 -1.5
    endloop
  endfacet
  facet normal 0.065741 -0.997837 0
    outer loop
      vertex -58.445 -17.322 -1.5
      vertex -58.2492 -17.3091 1.5
      vertex -58.445 -17.322 1.5
    endloop
  endfacet
  facet normal 0.065741 -0.997837 0
    outer loop
      vertex -58.2492 -17.3091 1.5
      vertex -58.445 -17.322 -1.5
      vertex -58.2492 -17.3091 -1.5
    endloop
  endfacet
  facet normal -0.321574 -0.946885 0
    outer loop
      vertex -57.861 -17.3602 -1.5
      vertex -57.6752 -17.4233 1.5
      vertex -57.861 -17.3602 1.5
    endloop
  endfacet
  facet normal -0.321574 -0.946885 -0
    outer loop
      vertex -57.6752 -17.4233 1.5
      vertex -57.861 -17.3602 -1.5
      vertex -57.6752 -17.4233 -1.5
    endloop
  endfacet
  facet normal -0.946885 0.321574 0
    outer loop
      vertex -56.8634 -19.3832 -1.5
      vertex -56.8003 -19.1974 1.5
      vertex -56.8003 -19.1974 -1.5
    endloop
  endfacet
  facet normal -0.946885 0.321574 0
    outer loop
      vertex -56.8003 -19.1974 1.5
      vertex -56.8634 -19.3832 -1.5
      vertex -56.8634 -19.3832 1.5
    endloop
  endfacet
  facet normal -0.89676 0.442517 0
    outer loop
      vertex -56.9502 -19.5591 -1.5
      vertex -56.8634 -19.3832 1.5
      vertex -56.8634 -19.3832 -1.5
    endloop
  endfacet
  facet normal -0.89676 0.442517 0
    outer loop
      vertex -56.8634 -19.3832 1.5
      vertex -56.9502 -19.5591 -1.5
      vertex -56.9502 -19.5591 1.5
    endloop
  endfacet
  facet normal 0.321729 0.946832 -0
    outer loop
      vertex -58.6375 -20.258 -1.5
      vertex -58.8232 -20.1949 1.5
      vertex -58.6375 -20.258 1.5
    endloop
  endfacet
  facet normal 0.321729 0.946832 0
    outer loop
      vertex -58.8232 -20.1949 1.5
      vertex -58.6375 -20.258 -1.5
      vertex -58.8232 -20.1949 -1.5
    endloop
  endfacet
  facet normal 0.83158 0.555406 0
    outer loop
      vertex -59.4393 -19.7223 1.5
      vertex -59.5483 -19.5591 -1.5
      vertex -59.5483 -19.5591 1.5
    endloop
  endfacet
  facet normal 0.83158 0.555406 0
    outer loop
      vertex -59.5483 -19.5591 -1.5
      vertex -59.4393 -19.7223 1.5
      vertex -59.4393 -19.7223 -1.5
    endloop
  endfacet
  facet normal -0.946885 -0.321574 0
    outer loop
      vertex -56.8003 -18.4209 -1.5
      vertex -56.8634 -18.2351 1.5
      vertex -56.8634 -18.2351 -1.5
    endloop
  endfacet
  facet normal -0.946885 -0.321574 0
    outer loop
      vertex -56.8634 -18.2351 1.5
      vertex -56.8003 -18.4209 -1.5
      vertex -56.8003 -18.4209 1.5
    endloop
  endfacet
  facet normal 0.751724 0.659478 0
    outer loop
      vertex -59.3099 -19.8698 1.5
      vertex -59.4393 -19.7223 -1.5
      vertex -59.4393 -19.7223 1.5
    endloop
  endfacet
  facet normal 0.751724 0.659478 0
    outer loop
      vertex -59.4393 -19.7223 -1.5
      vertex -59.3099 -19.8698 1.5
      vertex -59.3099 -19.8698 -1.5
    endloop
  endfacet
  facet normal -0.195234 0.980757 0
    outer loop
      vertex -57.861 -20.258 -1.5
      vertex -58.0534 -20.2963 1.5
      vertex -57.861 -20.258 1.5
    endloop
  endfacet
  facet normal -0.195234 0.980757 0
    outer loop
      vertex -58.0534 -20.2963 1.5
      vertex -57.861 -20.258 -1.5
      vertex -58.0534 -20.2963 -1.5
    endloop
  endfacet
  facet normal 0.659478 -0.751724 0
    outer loop
      vertex -59.3099 -17.7485 -1.5
      vertex -59.1624 -17.6191 1.5
      vertex -59.3099 -17.7485 1.5
    endloop
  endfacet
  facet normal 0.659478 -0.751724 0
    outer loop
      vertex -59.1624 -17.6191 1.5
      vertex -59.3099 -17.7485 -1.5
      vertex -59.1624 -17.6191 -1.5
    endloop
  endfacet
  facet normal -0.0652336 0.99787 0
    outer loop
      vertex -58.0534 -20.2963 -1.5
      vertex -58.2492 -20.3091 1.5
      vertex -58.0534 -20.2963 1.5
    endloop
  endfacet
  facet normal -0.0652336 0.99787 0
    outer loop
      vertex -58.2492 -20.3091 1.5
      vertex -58.0534 -20.2963 -1.5
      vertex -58.2492 -20.3091 -1.5
    endloop
  endfacet
  facet normal -0.831422 -0.555641 0
    outer loop
      vertex -56.9502 -18.0591 -1.5
      vertex -57.0592 -17.896 1.5
      vertex -57.0592 -17.896 -1.5
    endloop
  endfacet
  facet normal -0.831422 -0.555641 0
    outer loop
      vertex -57.0592 -17.896 1.5
      vertex -56.9502 -18.0591 -1.5
      vertex -56.9502 -18.0591 1.5
    endloop
  endfacet
  facet normal 0.441905 0.897062 -0
    outer loop
      vertex -58.8232 -20.1949 -1.5
      vertex -58.9992 -20.1082 1.5
      vertex -58.8232 -20.1949 1.5
    endloop
  endfacet
  facet normal 0.441905 0.897062 0
    outer loop
      vertex -58.9992 -20.1082 1.5
      vertex -58.8232 -20.1949 -1.5
      vertex -58.9992 -20.1082 -1.5
    endloop
  endfacet
  facet normal -0.751724 -0.659478 0
    outer loop
      vertex -57.0592 -17.896 -1.5
      vertex -57.1886 -17.7485 1.5
      vertex -57.1886 -17.7485 -1.5
    endloop
  endfacet
  facet normal -0.751724 -0.659478 0
    outer loop
      vertex -57.1886 -17.7485 1.5
      vertex -57.0592 -17.896 -1.5
      vertex -57.0592 -17.896 1.5
    endloop
  endfacet
  facet normal -0.065741 -0.997837 0
    outer loop
      vertex -58.2492 -17.3091 -1.5
      vertex -58.0534 -17.322 1.5
      vertex -58.2492 -17.3091 1.5
    endloop
  endfacet
  facet normal -0.065741 -0.997837 -0
    outer loop
      vertex -58.0534 -17.322 1.5
      vertex -58.2492 -17.3091 -1.5
      vertex -58.0534 -17.322 -1.5
    endloop
  endfacet
  facet normal 0.946885 0.321574 0
    outer loop
      vertex -59.635 -19.3832 1.5
      vertex -59.6981 -19.1974 -1.5
      vertex -59.6981 -19.1974 1.5
    endloop
  endfacet
  facet normal 0.946885 0.321574 0
    outer loop
      vertex -59.6981 -19.1974 -1.5
      vertex -59.635 -19.3832 1.5
      vertex -59.635 -19.3832 -1.5
    endloop
  endfacet
  facet normal -0.555641 0.831422 0
    outer loop
      vertex -57.3361 -19.9992 -1.5
      vertex -57.4992 -20.1082 1.5
      vertex -57.3361 -19.9992 1.5
    endloop
  endfacet
  facet normal -0.555641 0.831422 0
    outer loop
      vertex -57.4992 -20.1082 1.5
      vertex -57.3361 -19.9992 -1.5
      vertex -57.4992 -20.1082 -1.5
    endloop
  endfacet
  facet normal 0.555406 0.83158 -0
    outer loop
      vertex -58.9992 -20.1082 -1.5
      vertex -59.1624 -19.9992 1.5
      vertex -58.9992 -20.1082 1.5
    endloop
  endfacet
  facet normal 0.555406 0.83158 0
    outer loop
      vertex -59.1624 -19.9992 1.5
      vertex -58.9992 -20.1082 -1.5
      vertex -59.1624 -19.9992 -1.5
    endloop
  endfacet
  facet normal -0.441905 0.897062 0
    outer loop
      vertex -57.4992 -20.1082 -1.5
      vertex -57.6752 -20.1949 1.5
      vertex -57.4992 -20.1082 1.5
    endloop
  endfacet
  facet normal -0.441905 0.897062 0
    outer loop
      vertex -57.6752 -20.1949 1.5
      vertex -57.4992 -20.1082 -1.5
      vertex -57.6752 -20.1949 -1.5
    endloop
  endfacet
  facet normal 0.321729 -0.946832 0
    outer loop
      vertex -58.8232 -17.4233 -1.5
      vertex -58.6375 -17.3602 1.5
      vertex -58.8232 -17.4233 1.5
    endloop
  endfacet
  facet normal 0.321729 -0.946832 0
    outer loop
      vertex -58.6375 -17.3602 1.5
      vertex -58.8232 -17.4233 -1.5
      vertex -58.6375 -17.3602 -1.5
    endloop
  endfacet
  facet normal 0.194646 -0.980874 0
    outer loop
      vertex -58.6375 -17.3602 -1.5
      vertex -58.445 -17.322 1.5
      vertex -58.6375 -17.3602 1.5
    endloop
  endfacet
  facet normal 0.194646 -0.980874 0
    outer loop
      vertex -58.445 -17.322 1.5
      vertex -58.6375 -17.3602 -1.5
      vertex -58.445 -17.322 -1.5
    endloop
  endfacet
  facet normal 0.99787 -0.0652336 0
    outer loop
      vertex -59.7492 -18.8091 1.5
      vertex -59.7364 -18.6133 -1.5
      vertex -59.7364 -18.6133 1.5
    endloop
  endfacet
  facet normal 0.99787 -0.0652336 0
    outer loop
      vertex -59.7364 -18.6133 -1.5
      vertex -59.7492 -18.8091 1.5
      vertex -59.7492 -18.8091 -1.5
    endloop
  endfacet
  facet normal 0.980757 -0.195234 0
    outer loop
      vertex -59.7364 -18.6133 1.5
      vertex -59.6981 -18.4209 -1.5
      vertex -59.6981 -18.4209 1.5
    endloop
  endfacet
  facet normal 0.980757 -0.195234 0
    outer loop
      vertex -59.6981 -18.4209 -1.5
      vertex -59.7364 -18.6133 1.5
      vertex -59.7364 -18.6133 -1.5
    endloop
  endfacet
  facet normal 0.896962 0.442107 0
    outer loop
      vertex -59.5483 -19.5591 1.5
      vertex -59.635 -19.3832 -1.5
      vertex -59.635 -19.3832 1.5
    endloop
  endfacet
  facet normal 0.896962 0.442107 0
    outer loop
      vertex -59.635 -19.3832 -1.5
      vertex -59.5483 -19.5591 1.5
      vertex -59.5483 -19.5591 -1.5
    endloop
  endfacet
  facet normal -0.194743 -0.980854 0
    outer loop
      vertex -58.0534 -17.322 -1.5
      vertex -57.861 -17.3602 1.5
      vertex -58.0534 -17.322 1.5
    endloop
  endfacet
  facet normal -0.194743 -0.980854 -0
    outer loop
      vertex -57.861 -17.3602 1.5
      vertex -58.0534 -17.322 -1.5
      vertex -57.861 -17.3602 -1.5
    endloop
  endfacet
  facet normal 0.99787 0.0652336 0
    outer loop
      vertex -59.7364 -19.0049 1.5
      vertex -59.7492 -18.8091 -1.5
      vertex -59.7492 -18.8091 1.5
    endloop
  endfacet
  facet normal 0.99787 0.0652336 0
    outer loop
      vertex -59.7492 -18.8091 -1.5
      vertex -59.7364 -19.0049 1.5
      vertex -59.7364 -19.0049 -1.5
    endloop
  endfacet
  facet normal 0.555406 -0.83158 0
    outer loop
      vertex -59.1624 -17.6191 -1.5
      vertex -58.9992 -17.5101 1.5
      vertex -59.1624 -17.6191 1.5
    endloop
  endfacet
  facet normal 0.555406 -0.83158 0
    outer loop
      vertex -58.9992 -17.5101 1.5
      vertex -59.1624 -17.6191 -1.5
      vertex -58.9992 -17.5101 -1.5
    endloop
  endfacet
  facet normal 0.980776 0.195136 0
    outer loop
      vertex -59.6981 -19.1974 1.5
      vertex -59.7364 -19.0049 -1.5
      vertex -59.7364 -19.0049 1.5
    endloop
  endfacet
  facet normal 0.980776 0.195136 0
    outer loop
      vertex -59.7364 -19.0049 -1.5
      vertex -59.6981 -19.1974 1.5
      vertex -59.6981 -19.1974 -1.5
    endloop
  endfacet
  facet normal -0.659478 -0.751724 0
    outer loop
      vertex -57.3361 -17.6191 -1.5
      vertex -57.1886 -17.7485 1.5
      vertex -57.3361 -17.6191 1.5
    endloop
  endfacet
  facet normal -0.659478 -0.751724 -0
    outer loop
      vertex -57.1886 -17.7485 1.5
      vertex -57.3361 -17.6191 -1.5
      vertex -57.1886 -17.7485 -1.5
    endloop
  endfacet
  facet normal 0.442315 -0.89686 0
    outer loop
      vertex -58.9992 -17.5101 -1.5
      vertex -58.8232 -17.4233 1.5
      vertex -58.9992 -17.5101 1.5
    endloop
  endfacet
  facet normal 0.442315 -0.89686 0
    outer loop
      vertex -58.8232 -17.4233 1.5
      vertex -58.9992 -17.5101 -1.5
      vertex -58.8232 -17.4233 -1.5
    endloop
  endfacet
  facet normal 0.946885 -0.321574 0
    outer loop
      vertex -59.6981 -18.4209 1.5
      vertex -59.635 -18.2351 -1.5
      vertex -59.635 -18.2351 1.5
    endloop
  endfacet
  facet normal 0.946885 -0.321574 0
    outer loop
      vertex -59.635 -18.2351 -1.5
      vertex -59.6981 -18.4209 1.5
      vertex -59.6981 -18.4209 -1.5
    endloop
  endfacet
  facet normal 0.831422 -0.555641 0
    outer loop
      vertex -59.5483 -18.0591 1.5
      vertex -59.4393 -17.896 -1.5
      vertex -59.4393 -17.896 1.5
    endloop
  endfacet
  facet normal 0.831422 -0.555641 0
    outer loop
      vertex -59.4393 -17.896 -1.5
      vertex -59.5483 -18.0591 1.5
      vertex -59.5483 -18.0591 -1.5
    endloop
  endfacet
  facet normal 0.897062 -0.441905 0
    outer loop
      vertex -59.635 -18.2351 1.5
      vertex -59.5483 -18.0591 -1.5
      vertex -59.5483 -18.0591 1.5
    endloop
  endfacet
  facet normal 0.897062 -0.441905 0
    outer loop
      vertex -59.5483 -18.0591 -1.5
      vertex -59.635 -18.2351 1.5
      vertex -59.635 -18.2351 -1.5
    endloop
  endfacet
  facet normal -0.659478 0.751724 0
    outer loop
      vertex -57.1886 -19.8698 -1.5
      vertex -57.3361 -19.9992 1.5
      vertex -57.1886 -19.8698 1.5
    endloop
  endfacet
  facet normal -0.659478 0.751724 0
    outer loop
      vertex -57.3361 -19.9992 1.5
      vertex -57.1886 -19.8698 -1.5
      vertex -57.3361 -19.9992 -1.5
    endloop
  endfacet
  facet normal -0.751724 0.659478 0
    outer loop
      vertex -57.1886 -19.8698 -1.5
      vertex -57.0592 -19.7223 1.5
      vertex -57.0592 -19.7223 -1.5
    endloop
  endfacet
  facet normal -0.751724 0.659478 0
    outer loop
      vertex -57.0592 -19.7223 1.5
      vertex -57.1886 -19.8698 -1.5
      vertex -57.1886 -19.8698 1.5
    endloop
  endfacet
  facet normal 0.751724 -0.659478 0
    outer loop
      vertex -59.4393 -17.896 1.5
      vertex -59.3099 -17.7485 -1.5
      vertex -59.3099 -17.7485 1.5
    endloop
  endfacet
  facet normal 0.751724 -0.659478 0
    outer loop
      vertex -59.3099 -17.7485 -1.5
      vertex -59.4393 -17.896 1.5
      vertex -59.4393 -17.896 -1.5
    endloop
  endfacet
  facet normal 0.89686 -0.442315 0
    outer loop
      vertex 20.8634 -29.8598 1.5
      vertex 20.9502 -29.6838 -1.5
      vertex 20.9502 -29.6838 1.5
    endloop
  endfacet
  facet normal 0.89686 -0.442315 0
    outer loop
      vertex 20.9502 -29.6838 -1.5
      vertex 20.8634 -29.8598 1.5
      vertex 20.8634 -29.8598 -1.5
    endloop
  endfacet
  facet normal -0.980757 -0.195234 0
    outer loop
      vertex 23.7364 -30.238 -1.5
      vertex 23.6981 -30.0456 1.5
      vertex 23.6981 -30.0456 -1.5
    endloop
  endfacet
  facet normal -0.980757 -0.195234 0
    outer loop
      vertex 23.6981 -30.0456 1.5
      vertex 23.7364 -30.238 -1.5
      vertex 23.7364 -30.238 1.5
    endloop
  endfacet
  facet normal -0.99787 -0.0652336 0
    outer loop
      vertex 23.7492 -30.4338 -1.5
      vertex 23.7364 -30.238 1.5
      vertex 23.7364 -30.238 -1.5
    endloop
  endfacet
  facet normal -0.99787 -0.0652336 0
    outer loop
      vertex 23.7364 -30.238 1.5
      vertex 23.7492 -30.4338 -1.5
      vertex 23.7492 -30.4338 1.5
    endloop
  endfacet
  facet normal 0.0652336 0.99787 -0
    outer loop
      vertex 22.2492 -31.9338 -1.5
      vertex 22.0534 -31.921 1.5
      vertex 22.2492 -31.9338 1.5
    endloop
  endfacet
  facet normal 0.0652336 0.99787 0
    outer loop
      vertex 22.0534 -31.921 1.5
      vertex 22.2492 -31.9338 -1.5
      vertex 22.0534 -31.921 -1.5
    endloop
  endfacet
  facet normal 0.980854 0.194743 0
    outer loop
      vertex 20.8003 -30.822 1.5
      vertex 20.7621 -30.6296 -1.5
      vertex 20.7621 -30.6296 1.5
    endloop
  endfacet
  facet normal 0.980854 0.194743 0
    outer loop
      vertex 20.7621 -30.6296 -1.5
      vertex 20.8003 -30.822 1.5
      vertex 20.8003 -30.822 -1.5
    endloop
  endfacet
  facet normal -0.897062 -0.441905 0
    outer loop
      vertex 23.635 -29.8598 -1.5
      vertex 23.5483 -29.6838 1.5
      vertex 23.5483 -29.6838 -1.5
    endloop
  endfacet
  facet normal -0.897062 -0.441905 0
    outer loop
      vertex 23.5483 -29.6838 1.5
      vertex 23.635 -29.8598 -1.5
      vertex 23.635 -29.8598 1.5
    endloop
  endfacet
  facet normal -0.65919 -0.751976 0
    outer loop
      vertex 23.1624 -29.2438 -1.5
      vertex 23.3099 -29.3731 1.5
      vertex 23.1624 -29.2438 1.5
    endloop
  endfacet
  facet normal -0.65919 -0.751976 -0
    outer loop
      vertex 23.3099 -29.3731 1.5
      vertex 23.1624 -29.2438 -1.5
      vertex 23.3099 -29.3731 -1.5
    endloop
  endfacet
  facet normal -0.442315 0.89686 0
    outer loop
      vertex 22.9992 -31.7328 -1.5
      vertex 22.8232 -31.8196 1.5
      vertex 22.9992 -31.7328 1.5
    endloop
  endfacet
  facet normal -0.442315 0.89686 0
    outer loop
      vertex 22.8232 -31.8196 1.5
      vertex 22.9992 -31.7328 -1.5
      vertex 22.8232 -31.8196 -1.5
    endloop
  endfacet
  facet normal -0.195136 0.980776 0
    outer loop
      vertex 22.6375 -31.8827 -1.5
      vertex 22.445 -31.921 1.5
      vertex 22.6375 -31.8827 1.5
    endloop
  endfacet
  facet normal -0.195136 0.980776 0
    outer loop
      vertex 22.445 -31.921 1.5
      vertex 22.6375 -31.8827 -1.5
      vertex 22.445 -31.921 -1.5
    endloop
  endfacet
  facet normal -0.897062 0.441905 0
    outer loop
      vertex 23.5483 -31.1838 -1.5
      vertex 23.635 -31.0078 1.5
      vertex 23.635 -31.0078 -1.5
    endloop
  endfacet
  facet normal -0.897062 0.441905 0
    outer loop
      vertex 23.635 -31.0078 1.5
      vertex 23.5483 -31.1838 -1.5
      vertex 23.5483 -31.1838 1.5
    endloop
  endfacet
  facet normal 0.321574 -0.946885 0
    outer loop
      vertex 21.6752 -29.048 -1.5
      vertex 21.861 -28.9849 1.5
      vertex 21.6752 -29.048 1.5
    endloop
  endfacet
  facet normal 0.321574 -0.946885 0
    outer loop
      vertex 21.861 -28.9849 1.5
      vertex 21.6752 -29.048 -1.5
      vertex 21.861 -28.9849 -1.5
    endloop
  endfacet
  facet normal -0.99787 0.0652336 0
    outer loop
      vertex 23.7364 -30.6296 -1.5
      vertex 23.7492 -30.4338 1.5
      vertex 23.7492 -30.4338 -1.5
    endloop
  endfacet
  facet normal -0.99787 0.0652336 0
    outer loop
      vertex 23.7492 -30.4338 1.5
      vertex 23.7364 -30.6296 -1.5
      vertex 23.7364 -30.6296 1.5
    endloop
  endfacet
  facet normal 0.321574 0.946885 -0
    outer loop
      vertex 21.861 -31.8827 -1.5
      vertex 21.6752 -31.8196 1.5
      vertex 21.861 -31.8827 1.5
    endloop
  endfacet
  facet normal 0.321574 0.946885 0
    outer loop
      vertex 21.6752 -31.8196 1.5
      vertex 21.861 -31.8827 -1.5
      vertex 21.6752 -31.8196 -1.5
    endloop
  endfacet
  facet normal -0.980757 0.195234 0
    outer loop
      vertex 23.6981 -30.822 -1.5
      vertex 23.7364 -30.6296 1.5
      vertex 23.7364 -30.6296 -1.5
    endloop
  endfacet
  facet normal -0.980757 0.195234 0
    outer loop
      vertex 23.7364 -30.6296 1.5
      vertex 23.6981 -30.822 -1.5
      vertex 23.6981 -30.822 1.5
    endloop
  endfacet
  facet normal -0.831422 -0.555641 0
    outer loop
      vertex 23.5483 -29.6838 -1.5
      vertex 23.4393 -29.5207 1.5
      vertex 23.4393 -29.5207 -1.5
    endloop
  endfacet
  facet normal -0.831422 -0.555641 0
    outer loop
      vertex 23.4393 -29.5207 1.5
      vertex 23.5483 -29.6838 -1.5
      vertex 23.5483 -29.6838 1.5
    endloop
  endfacet
  facet normal 0.980854 -0.194743 0
    outer loop
      vertex 20.7621 -30.238 1.5
      vertex 20.8003 -30.0456 -1.5
      vertex 20.8003 -30.0456 1.5
    endloop
  endfacet
  facet normal 0.980854 -0.194743 0
    outer loop
      vertex 20.8003 -30.0456 -1.5
      vertex 20.7621 -30.238 1.5
      vertex 20.7621 -30.238 -1.5
    endloop
  endfacet
  facet normal -0.321729 -0.946832 0
    outer loop
      vertex 22.6375 -28.9849 -1.5
      vertex 22.8232 -29.048 1.5
      vertex 22.6375 -28.9849 1.5
    endloop
  endfacet
  facet normal -0.321729 -0.946832 -0
    outer loop
      vertex 22.8232 -29.048 1.5
      vertex 22.6375 -28.9849 -1.5
      vertex 22.8232 -29.048 -1.5
    endloop
  endfacet
  facet normal 0.946885 0.321574 0
    outer loop
      vertex 20.8634 -31.0078 1.5
      vertex 20.8003 -30.822 -1.5
      vertex 20.8003 -30.822 1.5
    endloop
  endfacet
  facet normal 0.946885 0.321574 0
    outer loop
      vertex 20.8003 -30.822 -1.5
      vertex 20.8634 -31.0078 1.5
      vertex 20.8634 -31.0078 -1.5
    endloop
  endfacet
  facet normal -0.442315 -0.89686 0
    outer loop
      vertex 22.8232 -29.048 -1.5
      vertex 22.9992 -29.1348 1.5
      vertex 22.8232 -29.048 1.5
    endloop
  endfacet
  facet normal -0.442315 -0.89686 -0
    outer loop
      vertex 22.9992 -29.1348 1.5
      vertex 22.8232 -29.048 -1.5
      vertex 22.9992 -29.1348 -1.5
    endloop
  endfacet
  facet normal -0.0652336 0.99787 0
    outer loop
      vertex 22.445 -31.921 -1.5
      vertex 22.2492 -31.9338 1.5
      vertex 22.445 -31.921 1.5
    endloop
  endfacet
  facet normal -0.0652336 0.99787 0
    outer loop
      vertex 22.2492 -31.9338 1.5
      vertex 22.445 -31.921 -1.5
      vertex 22.2492 -31.9338 -1.5
    endloop
  endfacet
  facet normal 0.555641 -0.831422 0
    outer loop
      vertex 21.3361 -29.2438 -1.5
      vertex 21.4992 -29.1348 1.5
      vertex 21.3361 -29.2438 1.5
    endloop
  endfacet
  facet normal 0.555641 -0.831422 0
    outer loop
      vertex 21.4992 -29.1348 1.5
      vertex 21.3361 -29.2438 -1.5
      vertex 21.4992 -29.1348 -1.5
    endloop
  endfacet
  facet normal -0.751724 0.659478 0
    outer loop
      vertex 23.3099 -31.4945 -1.5
      vertex 23.4393 -31.347 1.5
      vertex 23.4393 -31.347 -1.5
    endloop
  endfacet
  facet normal -0.751724 0.659478 0
    outer loop
      vertex 23.4393 -31.347 1.5
      vertex 23.3099 -31.4945 -1.5
      vertex 23.3099 -31.4945 1.5
    endloop
  endfacet
  facet normal 0.751724 0.659478 0
    outer loop
      vertex 21.1886 -31.4945 1.5
      vertex 21.0592 -31.347 -1.5
      vertex 21.0592 -31.347 1.5
    endloop
  endfacet
  facet normal 0.751724 0.659478 0
    outer loop
      vertex 21.0592 -31.347 -1.5
      vertex 21.1886 -31.4945 1.5
      vertex 21.1886 -31.4945 -1.5
    endloop
  endfacet
  facet normal 0.442315 0.89686 -0
    outer loop
      vertex 21.6752 -31.8196 -1.5
      vertex 21.4992 -31.7328 1.5
      vertex 21.6752 -31.8196 1.5
    endloop
  endfacet
  facet normal 0.442315 0.89686 0
    outer loop
      vertex 21.4992 -31.7328 1.5
      vertex 21.6752 -31.8196 -1.5
      vertex 21.4992 -31.7328 -1.5
    endloop
  endfacet
  facet normal -0.65919 0.751976 0
    outer loop
      vertex 23.3099 -31.4945 -1.5
      vertex 23.1624 -31.6238 1.5
      vertex 23.3099 -31.4945 1.5
    endloop
  endfacet
  facet normal -0.65919 0.751976 0
    outer loop
      vertex 23.1624 -31.6238 1.5
      vertex 23.3099 -31.4945 -1.5
      vertex 23.1624 -31.6238 -1.5
    endloop
  endfacet
  facet normal -0.321729 0.946832 0
    outer loop
      vertex 22.8232 -31.8196 -1.5
      vertex 22.6375 -31.8827 1.5
      vertex 22.8232 -31.8196 1.5
    endloop
  endfacet
  facet normal -0.321729 0.946832 0
    outer loop
      vertex 22.6375 -31.8827 1.5
      vertex 22.8232 -31.8196 -1.5
      vertex 22.6375 -31.8827 -1.5
    endloop
  endfacet
  facet normal 0.997837 0.065741 0
    outer loop
      vertex 20.7621 -30.6296 1.5
      vertex 20.7492 -30.4338 -1.5
      vertex 20.7492 -30.4338 1.5
    endloop
  endfacet
  facet normal 0.997837 0.065741 0
    outer loop
      vertex 20.7492 -30.4338 -1.5
      vertex 20.7621 -30.6296 1.5
      vertex 20.7621 -30.6296 -1.5
    endloop
  endfacet
  facet normal 0.65919 -0.751976 0
    outer loop
      vertex 21.1886 -29.3731 -1.5
      vertex 21.3361 -29.2438 1.5
      vertex 21.1886 -29.3731 1.5
    endloop
  endfacet
  facet normal 0.65919 -0.751976 0
    outer loop
      vertex 21.3361 -29.2438 1.5
      vertex 21.1886 -29.3731 -1.5
      vertex 21.3361 -29.2438 -1.5
    endloop
  endfacet
  facet normal -0.555406 -0.83158 0
    outer loop
      vertex 22.9992 -29.1348 -1.5
      vertex 23.1624 -29.2438 1.5
      vertex 22.9992 -29.1348 1.5
    endloop
  endfacet
  facet normal -0.555406 -0.83158 -0
    outer loop
      vertex 23.1624 -29.2438 1.5
      vertex 22.9992 -29.1348 -1.5
      vertex 23.1624 -29.2438 -1.5
    endloop
  endfacet
  facet normal -0.555406 0.83158 0
    outer loop
      vertex 23.1624 -31.6238 -1.5
      vertex 22.9992 -31.7328 1.5
      vertex 23.1624 -31.6238 1.5
    endloop
  endfacet
  facet normal -0.555406 0.83158 0
    outer loop
      vertex 22.9992 -31.7328 1.5
      vertex 23.1624 -31.6238 -1.5
      vertex 22.9992 -31.7328 -1.5
    endloop
  endfacet
  facet normal 0.442315 -0.89686 0
    outer loop
      vertex 21.4992 -29.1348 -1.5
      vertex 21.6752 -29.048 1.5
      vertex 21.4992 -29.1348 1.5
    endloop
  endfacet
  facet normal 0.442315 -0.89686 0
    outer loop
      vertex 21.6752 -29.048 1.5
      vertex 21.4992 -29.1348 -1.5
      vertex 21.6752 -29.048 -1.5
    endloop
  endfacet
  facet normal 0.83158 0.555406 0
    outer loop
      vertex 21.0592 -31.347 1.5
      vertex 20.9502 -31.1838 -1.5
      vertex 20.9502 -31.1838 1.5
    endloop
  endfacet
  facet normal 0.83158 0.555406 0
    outer loop
      vertex 20.9502 -31.1838 -1.5
      vertex 21.0592 -31.347 1.5
      vertex 21.0592 -31.347 -1.5
    endloop
  endfacet
  facet normal -0.83158 0.555406 0
    outer loop
      vertex 23.4393 -31.347 -1.5
      vertex 23.5483 -31.1838 1.5
      vertex 23.5483 -31.1838 -1.5
    endloop
  endfacet
  facet normal -0.83158 0.555406 0
    outer loop
      vertex 23.5483 -31.1838 1.5
      vertex 23.4393 -31.347 -1.5
      vertex 23.4393 -31.347 1.5
    endloop
  endfacet
  facet normal 0.831422 -0.555641 0
    outer loop
      vertex 20.9502 -29.6838 1.5
      vertex 21.0592 -29.5207 -1.5
      vertex 21.0592 -29.5207 1.5
    endloop
  endfacet
  facet normal 0.831422 -0.555641 0
    outer loop
      vertex 21.0592 -29.5207 -1.5
      vertex 20.9502 -29.6838 1.5
      vertex 20.9502 -29.6838 -1.5
    endloop
  endfacet
  facet normal 0.65919 0.751976 -0
    outer loop
      vertex 21.3361 -31.6238 -1.5
      vertex 21.1886 -31.4945 1.5
      vertex 21.3361 -31.6238 1.5
    endloop
  endfacet
  facet normal 0.65919 0.751976 0
    outer loop
      vertex 21.1886 -31.4945 1.5
      vertex 21.3361 -31.6238 -1.5
      vertex 21.1886 -31.4945 -1.5
    endloop
  endfacet
  facet normal 0.195234 -0.980757 0
    outer loop
      vertex 21.861 -28.9849 -1.5
      vertex 22.0534 -28.9466 1.5
      vertex 21.861 -28.9849 1.5
    endloop
  endfacet
  facet normal 0.195234 -0.980757 0
    outer loop
      vertex 22.0534 -28.9466 1.5
      vertex 21.861 -28.9849 -1.5
      vertex 22.0534 -28.9466 -1.5
    endloop
  endfacet
  facet normal -0.195136 -0.980776 0
    outer loop
      vertex 22.445 -28.9466 -1.5
      vertex 22.6375 -28.9849 1.5
      vertex 22.445 -28.9466 1.5
    endloop
  endfacet
  facet normal -0.195136 -0.980776 -0
    outer loop
      vertex 22.6375 -28.9849 1.5
      vertex 22.445 -28.9466 -1.5
      vertex 22.6375 -28.9849 -1.5
    endloop
  endfacet
  facet normal 0.195234 0.980757 -0
    outer loop
      vertex 22.0534 -31.921 -1.5
      vertex 21.861 -31.8827 1.5
      vertex 22.0534 -31.921 1.5
    endloop
  endfacet
  facet normal 0.195234 0.980757 0
    outer loop
      vertex 21.861 -31.8827 1.5
      vertex 22.0534 -31.921 -1.5
      vertex 21.861 -31.8827 -1.5
    endloop
  endfacet
  facet normal 0.0652336 -0.99787 0
    outer loop
      vertex 22.0534 -28.9466 -1.5
      vertex 22.2492 -28.9338 1.5
      vertex 22.0534 -28.9466 1.5
    endloop
  endfacet
  facet normal 0.0652336 -0.99787 0
    outer loop
      vertex 22.2492 -28.9338 1.5
      vertex 22.0534 -28.9466 -1.5
      vertex 22.2492 -28.9338 -1.5
    endloop
  endfacet
  facet normal -0.751945 -0.659226 0
    outer loop
      vertex 23.4393 -29.5207 -1.5
      vertex 23.3099 -29.3731 1.5
      vertex 23.3099 -29.3731 -1.5
    endloop
  endfacet
  facet normal -0.751945 -0.659226 0
    outer loop
      vertex 23.3099 -29.3731 1.5
      vertex 23.4393 -29.5207 -1.5
      vertex 23.4393 -29.5207 1.5
    endloop
  endfacet
  facet normal -0.946885 -0.321574 0
    outer loop
      vertex 23.6981 -30.0456 -1.5
      vertex 23.635 -29.8598 1.5
      vertex 23.635 -29.8598 -1.5
    endloop
  endfacet
  facet normal -0.946885 -0.321574 0
    outer loop
      vertex 23.635 -29.8598 1.5
      vertex 23.6981 -30.0456 -1.5
      vertex 23.6981 -30.0456 1.5
    endloop
  endfacet
  facet normal 0.751945 -0.659226 0
    outer loop
      vertex 21.0592 -29.5207 1.5
      vertex 21.1886 -29.3731 -1.5
      vertex 21.1886 -29.3731 1.5
    endloop
  endfacet
  facet normal 0.751945 -0.659226 0
    outer loop
      vertex 21.1886 -29.3731 -1.5
      vertex 21.0592 -29.5207 1.5
      vertex 21.0592 -29.5207 -1.5
    endloop
  endfacet
  facet normal 0.89686 0.442315 0
    outer loop
      vertex 20.9502 -31.1838 1.5
      vertex 20.8634 -31.0078 -1.5
      vertex 20.8634 -31.0078 1.5
    endloop
  endfacet
  facet normal 0.89686 0.442315 0
    outer loop
      vertex 20.8634 -31.0078 -1.5
      vertex 20.9502 -31.1838 1.5
      vertex 20.9502 -31.1838 -1.5
    endloop
  endfacet
  facet normal 0.997837 -0.065741 0
    outer loop
      vertex 20.7492 -30.4338 1.5
      vertex 20.7621 -30.238 -1.5
      vertex 20.7621 -30.238 1.5
    endloop
  endfacet
  facet normal 0.997837 -0.065741 0
    outer loop
      vertex 20.7621 -30.238 -1.5
      vertex 20.7492 -30.4338 1.5
      vertex 20.7492 -30.4338 -1.5
    endloop
  endfacet
  facet normal -0.0652336 -0.99787 0
    outer loop
      vertex 22.2492 -28.9338 -1.5
      vertex 22.445 -28.9466 1.5
      vertex 22.2492 -28.9338 1.5
    endloop
  endfacet
  facet normal -0.0652336 -0.99787 -0
    outer loop
      vertex 22.445 -28.9466 1.5
      vertex 22.2492 -28.9338 -1.5
      vertex 22.445 -28.9466 -1.5
    endloop
  endfacet
  facet normal 0.946885 -0.321574 0
    outer loop
      vertex 20.8003 -30.0456 1.5
      vertex 20.8634 -29.8598 -1.5
      vertex 20.8634 -29.8598 1.5
    endloop
  endfacet
  facet normal 0.946885 -0.321574 0
    outer loop
      vertex 20.8634 -29.8598 -1.5
      vertex 20.8003 -30.0456 1.5
      vertex 20.8003 -30.0456 -1.5
    endloop
  endfacet
  facet normal -0.946885 0.321574 0
    outer loop
      vertex 23.635 -31.0078 -1.5
      vertex 23.6981 -30.822 1.5
      vertex 23.6981 -30.822 -1.5
    endloop
  endfacet
  facet normal -0.946885 0.321574 0
    outer loop
      vertex 23.6981 -30.822 1.5
      vertex 23.635 -31.0078 -1.5
      vertex 23.635 -31.0078 1.5
    endloop
  endfacet
  facet normal 0.555641 0.831422 -0
    outer loop
      vertex 21.4992 -31.7328 -1.5
      vertex 21.3361 -31.6238 1.5
      vertex 21.4992 -31.7328 1.5
    endloop
  endfacet
  facet normal 0.555641 0.831422 0
    outer loop
      vertex 21.3361 -31.6238 1.5
      vertex 21.4992 -31.7328 -1.5
      vertex 21.3361 -31.6238 -1.5
    endloop
  endfacet
endsolid OpenSCAD_Model
