solid OpenSCAD_Model
  facet normal 0 0 1
    outer loop
      vertex 0.194531 0.0256105 2.99358
      vertex 0.194531 -0.0256105 2.99358
      vertex 0.196209 0 2.99358
    endloop
  endfacet
  facet normal 0 0 1
    outer loop
      vertex 0.189524 0.0507827 2.99358
      vertex 0.194531 -0.0256105 2.99358
      vertex 0.194531 0.0256105 2.99358
    endloop
  endfacet
  facet normal 0 0 1
    outer loop
      vertex 0.189524 0.0507827 2.99358
      vertex 0.189524 -0.0507827 2.99358
      vertex 0.194531 -0.0256105 2.99358
    endloop
  endfacet
  facet normal 0 0 1
    outer loop
      vertex 0.181274 0.0750861 2.99358
      vertex 0.189524 -0.0507827 2.99358
      vertex 0.189524 0.0507827 2.99358
    endloop
  endfacet
  facet normal 0 0 1
    outer loop
      vertex 0.181274 0.0750861 2.99358
      vertex 0.181274 -0.0750861 2.99358
      vertex 0.189524 -0.0507827 2.99358
    endloop
  endfacet
  facet normal 0 0 1
    outer loop
      vertex 0.169922 0.0981047 2.99358
      vertex 0.181274 -0.0750861 2.99358
      vertex 0.181274 0.0750861 2.99358
    endloop
  endfacet
  facet normal 0 0 1
    outer loop
      vertex 0.169922 0.0981047 2.99358
      vertex 0.169922 -0.0981047 2.99358
      vertex 0.181274 -0.0750861 2.99358
    endloop
  endfacet
  facet normal 0 0 1
    outer loop
      vertex 0.155663 0.119445 2.99358
      vertex 0.169922 -0.0981047 2.99358
      vertex 0.169922 0.0981047 2.99358
    endloop
  endfacet
  facet normal 0 0 1
    outer loop
      vertex 0.155663 0.119445 2.99358
      vertex 0.155663 -0.119445 2.99358
      vertex 0.169922 -0.0981047 2.99358
    endloop
  endfacet
  facet normal 0 0 1
    outer loop
      vertex 0.138741 0.138741 2.99358
      vertex 0.155663 -0.119445 2.99358
      vertex 0.155663 0.119445 2.99358
    endloop
  endfacet
  facet normal 0 0 1
    outer loop
      vertex 0.138741 0.138741 2.99358
      vertex 0.138741 -0.138741 2.99358
      vertex 0.155663 -0.119445 2.99358
    endloop
  endfacet
  facet normal 0 0 1
    outer loop
      vertex 0.119445 0.155663 2.99358
      vertex 0.138741 -0.138741 2.99358
      vertex 0.138741 0.138741 2.99358
    endloop
  endfacet
  facet normal 0 0 1
    outer loop
      vertex 0.119445 0.155663 2.99358
      vertex 0.119445 -0.155663 2.99358
      vertex 0.138741 -0.138741 2.99358
    endloop
  endfacet
  facet normal 0 0 1
    outer loop
      vertex 0.0981047 0.169922 2.99358
      vertex 0.119445 -0.155663 2.99358
      vertex 0.119445 0.155663 2.99358
    endloop
  endfacet
  facet normal 0 0 1
    outer loop
      vertex 0.0981047 0.169922 2.99358
      vertex 0.0981047 -0.169922 2.99358
      vertex 0.119445 -0.155663 2.99358
    endloop
  endfacet
  facet normal 0 0 1
    outer loop
      vertex 0.0750861 0.181274 2.99358
      vertex 0.0981047 -0.169922 2.99358
      vertex 0.0981047 0.169922 2.99358
    endloop
  endfacet
  facet normal 0 0 1
    outer loop
      vertex 0.0750861 0.181274 2.99358
      vertex 0.0750861 -0.181274 2.99358
      vertex 0.0981047 -0.169922 2.99358
    endloop
  endfacet
  facet normal 0 0 1
    outer loop
      vertex 0.0507827 0.189524 2.99358
      vertex 0.0750861 -0.181274 2.99358
      vertex 0.0750861 0.181274 2.99358
    endloop
  endfacet
  facet normal 0 0 1
    outer loop
      vertex 0.0507827 0.189524 2.99358
      vertex 0.0507827 -0.189524 2.99358
      vertex 0.0750861 -0.181274 2.99358
    endloop
  endfacet
  facet normal 0 0 1
    outer loop
      vertex 0.0256105 0.194531 2.99358
      vertex 0.0507827 -0.189524 2.99358
      vertex 0.0507827 0.189524 2.99358
    endloop
  endfacet
  facet normal 0 0 1
    outer loop
      vertex 0.0256105 0.194531 2.99358
      vertex 0.0256105 -0.194531 2.99358
      vertex 0.0507827 -0.189524 2.99358
    endloop
  endfacet
  facet normal 0 0 1
    outer loop
      vertex 0 0.196209 2.99358
      vertex 0.0256105 -0.194531 2.99358
      vertex 0.0256105 0.194531 2.99358
    endloop
  endfacet
  facet normal 0 0 1
    outer loop
      vertex 0 0.196209 2.99358
      vertex -0 -0.196209 2.99358
      vertex 0.0256105 -0.194531 2.99358
    endloop
  endfacet
  facet normal -0 0 1
    outer loop
      vertex -0.0256105 0.194531 2.99358
      vertex -0 -0.196209 2.99358
      vertex 0 0.196209 2.99358
    endloop
  endfacet
  facet normal 0 0 1
    outer loop
      vertex -0.0256105 0.194531 2.99358
      vertex -0.0256105 -0.194531 2.99358
      vertex -0 -0.196209 2.99358
    endloop
  endfacet
  facet normal -0 0 1
    outer loop
      vertex -0.0507827 0.189524 2.99358
      vertex -0.0256105 -0.194531 2.99358
      vertex -0.0256105 0.194531 2.99358
    endloop
  endfacet
  facet normal 0 0 1
    outer loop
      vertex -0.0507827 0.189524 2.99358
      vertex -0.0507827 -0.189524 2.99358
      vertex -0.0256105 -0.194531 2.99358
    endloop
  endfacet
  facet normal -0 0 1
    outer loop
      vertex -0.0750861 0.181274 2.99358
      vertex -0.0507827 -0.189524 2.99358
      vertex -0.0507827 0.189524 2.99358
    endloop
  endfacet
  facet normal 0 0 1
    outer loop
      vertex -0.0750861 0.181274 2.99358
      vertex -0.0750861 -0.181274 2.99358
      vertex -0.0507827 -0.189524 2.99358
    endloop
  endfacet
  facet normal -0 0 1
    outer loop
      vertex -0.0981047 0.169922 2.99358
      vertex -0.0750861 -0.181274 2.99358
      vertex -0.0750861 0.181274 2.99358
    endloop
  endfacet
  facet normal 0 0 1
    outer loop
      vertex -0.0981047 0.169922 2.99358
      vertex -0.0981047 -0.169922 2.99358
      vertex -0.0750861 -0.181274 2.99358
    endloop
  endfacet
  facet normal -0 0 1
    outer loop
      vertex -0.119445 0.155663 2.99358
      vertex -0.0981047 -0.169922 2.99358
      vertex -0.0981047 0.169922 2.99358
    endloop
  endfacet
  facet normal 0 0 1
    outer loop
      vertex -0.119445 0.155663 2.99358
      vertex -0.119445 -0.155663 2.99358
      vertex -0.0981047 -0.169922 2.99358
    endloop
  endfacet
  facet normal -0 0 1
    outer loop
      vertex -0.138741 0.138741 2.99358
      vertex -0.119445 -0.155663 2.99358
      vertex -0.119445 0.155663 2.99358
    endloop
  endfacet
  facet normal 0 0 1
    outer loop
      vertex -0.138741 0.138741 2.99358
      vertex -0.138741 -0.138741 2.99358
      vertex -0.119445 -0.155663 2.99358
    endloop
  endfacet
  facet normal -0 0 1
    outer loop
      vertex -0.155663 0.119445 2.99358
      vertex -0.138741 -0.138741 2.99358
      vertex -0.138741 0.138741 2.99358
    endloop
  endfacet
  facet normal 0 0 1
    outer loop
      vertex -0.155663 0.119445 2.99358
      vertex -0.155663 -0.119445 2.99358
      vertex -0.138741 -0.138741 2.99358
    endloop
  endfacet
  facet normal -0 0 1
    outer loop
      vertex -0.169922 0.0981047 2.99358
      vertex -0.155663 -0.119445 2.99358
      vertex -0.155663 0.119445 2.99358
    endloop
  endfacet
  facet normal 0 0 1
    outer loop
      vertex -0.169922 0.0981047 2.99358
      vertex -0.169922 -0.0981047 2.99358
      vertex -0.155663 -0.119445 2.99358
    endloop
  endfacet
  facet normal -0 0 1
    outer loop
      vertex -0.181274 0.0750861 2.99358
      vertex -0.169922 -0.0981047 2.99358
      vertex -0.169922 0.0981047 2.99358
    endloop
  endfacet
  facet normal 0 0 1
    outer loop
      vertex -0.181274 0.0750861 2.99358
      vertex -0.181274 -0.0750861 2.99358
      vertex -0.169922 -0.0981047 2.99358
    endloop
  endfacet
  facet normal -0 0 1
    outer loop
      vertex -0.189524 0.0507827 2.99358
      vertex -0.181274 -0.0750861 2.99358
      vertex -0.181274 0.0750861 2.99358
    endloop
  endfacet
  facet normal 0 0 1
    outer loop
      vertex -0.189524 0.0507827 2.99358
      vertex -0.189524 -0.0507827 2.99358
      vertex -0.181274 -0.0750861 2.99358
    endloop
  endfacet
  facet normal -0 0 1
    outer loop
      vertex -0.194531 0.0256105 2.99358
      vertex -0.189524 -0.0507827 2.99358
      vertex -0.189524 0.0507827 2.99358
    endloop
  endfacet
  facet normal 0 0 1
    outer loop
      vertex -0.194531 0.0256105 2.99358
      vertex -0.194531 -0.0256105 2.99358
      vertex -0.189524 -0.0507827 2.99358
    endloop
  endfacet
  facet normal 0 -0 1
    outer loop
      vertex -0.194531 -0.0256105 2.99358
      vertex -0.194531 0.0256105 2.99358
      vertex -0.196209 -0 2.99358
    endloop
  endfacet
  facet normal 0.130519 0.00855454 0.991409
    outer loop
      vertex 0.585271 0 2.94236
      vertex 0.580264 0.0763932 2.94236
      vertex 0.196209 0 2.99358
    endloop
  endfacet
  facet normal 0.13052 0.00855164 0.991409
    outer loop
      vertex 0.580264 0.0763932 2.94236
      vertex 0.194531 0.0256105 2.99358
      vertex 0.196209 0 2.99358
    endloop
  endfacet
  facet normal 0.128286 0.0255185 0.991409
    outer loop
      vertex 0.580264 0.0763932 2.94236
      vertex 0.565328 0.151479 2.94236
      vertex 0.194531 0.0256105 2.99358
    endloop
  endfacet
  facet normal 0.128286 0.0255174 0.991409
    outer loop
      vertex 0.565328 0.151479 2.94236
      vertex 0.189524 0.0507827 2.99358
      vertex 0.194531 0.0256105 2.99358
    endloop
  endfacet
  facet normal 0.123858 0.0420435 0.991409
    outer loop
      vertex 0.565328 0.151479 2.94236
      vertex 0.54072 0.223973 2.94236
      vertex 0.189524 0.0507827 2.99358
    endloop
  endfacet
  facet normal 0.123858 0.0420445 0.991409
    outer loop
      vertex 0.54072 0.223973 2.94236
      vertex 0.181274 0.0750861 2.99358
      vertex 0.189524 0.0507827 2.99358
    endloop
  endfacet
  facet normal 0.11731 0.0578505 0.991409
    outer loop
      vertex 0.54072 0.223973 2.94236
      vertex 0.50686 0.292635 2.94236
      vertex 0.181274 0.0750861 2.99358
    endloop
  endfacet
  facet normal 0.117309 0.0578528 0.991409
    outer loop
      vertex 0.50686 0.292635 2.94236
      vertex 0.169922 0.0981047 2.99358
      vertex 0.181274 0.0750861 2.99358
    endloop
  endfacet
  facet normal 0.108755 0.0726681 0.991409
    outer loop
      vertex 0.50686 0.292635 2.94236
      vertex 0.464327 0.35629 2.94236
      vertex 0.169922 0.0981047 2.99358
    endloop
  endfacet
  facet normal 0.108756 0.0726676 0.991409
    outer loop
      vertex 0.464327 0.35629 2.94236
      vertex 0.155663 0.119445 2.99358
      vertex 0.169922 0.0981047 2.99358
    endloop
  endfacet
  facet normal 0.0983399 0.086242 0.991409
    outer loop
      vertex 0.464327 0.35629 2.94236
      vertex 0.413849 0.413849 2.94236
      vertex 0.155663 0.119445 2.99358
    endloop
  endfacet
  facet normal 0.0983404 0.0862415 0.991409
    outer loop
      vertex 0.413849 0.413849 2.94236
      vertex 0.138741 0.138741 2.99358
      vertex 0.155663 0.119445 2.99358
    endloop
  endfacet
  facet normal 0.086242 0.0983399 0.991409
    outer loop
      vertex 0.413849 0.413849 2.94236
      vertex 0.35629 0.464327 2.94236
      vertex 0.138741 0.138741 2.99358
    endloop
  endfacet
  facet normal 0.0862414 0.0983403 0.991409
    outer loop
      vertex 0.35629 0.464327 2.94236
      vertex 0.119445 0.155663 2.99358
      vertex 0.138741 0.138741 2.99358
    endloop
  endfacet
  facet normal 0.0726682 0.108755 0.991409
    outer loop
      vertex 0.35629 0.464327 2.94236
      vertex 0.292635 0.50686 2.94236
      vertex 0.119445 0.155663 2.99358
    endloop
  endfacet
  facet normal 0.0726676 0.108756 0.991409
    outer loop
      vertex 0.292635 0.50686 2.94236
      vertex 0.0981047 0.169922 2.99358
      vertex 0.119445 0.155663 2.99358
    endloop
  endfacet
  facet normal 0.0578504 0.11731 0.991409
    outer loop
      vertex 0.292635 0.50686 2.94236
      vertex 0.223973 0.54072 2.94236
      vertex 0.0981047 0.169922 2.99358
    endloop
  endfacet
  facet normal 0.0578531 0.117309 0.991409
    outer loop
      vertex 0.223973 0.54072 2.94236
      vertex 0.0750861 0.181274 2.99358
      vertex 0.0981047 0.169922 2.99358
    endloop
  endfacet
  facet normal 0.0420434 0.123858 0.991409
    outer loop
      vertex 0.223973 0.54072 2.94236
      vertex 0.151479 0.565328 2.94236
      vertex 0.0750861 0.181274 2.99358
    endloop
  endfacet
  facet normal 0.0420446 0.123858 0.991409
    outer loop
      vertex 0.151479 0.565328 2.94236
      vertex 0.0507827 0.189524 2.99358
      vertex 0.0750861 0.181274 2.99358
    endloop
  endfacet
  facet normal 0.0255185 0.128286 0.991409
    outer loop
      vertex 0.151479 0.565328 2.94236
      vertex 0.0763932 0.580264 2.94236
      vertex 0.0507827 0.189524 2.99358
    endloop
  endfacet
  facet normal 0.0255173 0.128286 0.991409
    outer loop
      vertex 0.0763932 0.580264 2.94236
      vertex 0.0256105 0.194531 2.99358
      vertex 0.0507827 0.189524 2.99358
    endloop
  endfacet
  facet normal 0.00855455 0.130519 0.991409
    outer loop
      vertex 0.0763932 0.580264 2.94236
      vertex 0 0.585271 2.94236
      vertex 0.0256105 0.194531 2.99358
    endloop
  endfacet
  facet normal 0.0085516 0.130519 0.991409
    outer loop
      vertex 0 0.585271 2.94236
      vertex 0 0.196209 2.99358
      vertex 0.0256105 0.194531 2.99358
    endloop
  endfacet
  facet normal -0.00855454 0.130519 0.991409
    outer loop
      vertex 0 0.585271 2.94236
      vertex -0.0763932 0.580264 2.94236
      vertex 0 0.196209 2.99358
    endloop
  endfacet
  facet normal -0.00855164 0.13052 0.991409
    outer loop
      vertex -0.0763932 0.580264 2.94236
      vertex -0.0256105 0.194531 2.99358
      vertex 0 0.196209 2.99358
    endloop
  endfacet
  facet normal -0.0255185 0.128286 0.991409
    outer loop
      vertex -0.0763932 0.580264 2.94236
      vertex -0.151479 0.565328 2.94236
      vertex -0.0256105 0.194531 2.99358
    endloop
  endfacet
  facet normal -0.0255174 0.128286 0.991409
    outer loop
      vertex -0.151479 0.565328 2.94236
      vertex -0.0507827 0.189524 2.99358
      vertex -0.0256105 0.194531 2.99358
    endloop
  endfacet
  facet normal -0.0420435 0.123858 0.991409
    outer loop
      vertex -0.151479 0.565328 2.94236
      vertex -0.223973 0.54072 2.94236
      vertex -0.0507827 0.189524 2.99358
    endloop
  endfacet
  facet normal -0.0420445 0.123858 0.991409
    outer loop
      vertex -0.223973 0.54072 2.94236
      vertex -0.0750861 0.181274 2.99358
      vertex -0.0507827 0.189524 2.99358
    endloop
  endfacet
  facet normal -0.0578505 0.11731 0.991409
    outer loop
      vertex -0.223973 0.54072 2.94236
      vertex -0.292635 0.50686 2.94236
      vertex -0.0750861 0.181274 2.99358
    endloop
  endfacet
  facet normal -0.0578528 0.117309 0.991409
    outer loop
      vertex -0.292635 0.50686 2.94236
      vertex -0.0981047 0.169922 2.99358
      vertex -0.0750861 0.181274 2.99358
    endloop
  endfacet
  facet normal -0.0726681 0.108755 0.991409
    outer loop
      vertex -0.292635 0.50686 2.94236
      vertex -0.35629 0.464327 2.94236
      vertex -0.0981047 0.169922 2.99358
    endloop
  endfacet
  facet normal -0.0726676 0.108756 0.991409
    outer loop
      vertex -0.35629 0.464327 2.94236
      vertex -0.119445 0.155663 2.99358
      vertex -0.0981047 0.169922 2.99358
    endloop
  endfacet
  facet normal -0.086242 0.0983399 0.991409
    outer loop
      vertex -0.35629 0.464327 2.94236
      vertex -0.413849 0.413849 2.94236
      vertex -0.119445 0.155663 2.99358
    endloop
  endfacet
  facet normal -0.0862415 0.0983404 0.991409
    outer loop
      vertex -0.413849 0.413849 2.94236
      vertex -0.138741 0.138741 2.99358
      vertex -0.119445 0.155663 2.99358
    endloop
  endfacet
  facet normal -0.0983399 0.086242 0.991409
    outer loop
      vertex -0.413849 0.413849 2.94236
      vertex -0.464327 0.35629 2.94236
      vertex -0.138741 0.138741 2.99358
    endloop
  endfacet
  facet normal -0.0983403 0.0862414 0.991409
    outer loop
      vertex -0.464327 0.35629 2.94236
      vertex -0.155663 0.119445 2.99358
      vertex -0.138741 0.138741 2.99358
    endloop
  endfacet
  facet normal -0.108755 0.0726682 0.991409
    outer loop
      vertex -0.464327 0.35629 2.94236
      vertex -0.50686 0.292635 2.94236
      vertex -0.155663 0.119445 2.99358
    endloop
  endfacet
  facet normal -0.108756 0.0726676 0.991409
    outer loop
      vertex -0.50686 0.292635 2.94236
      vertex -0.169922 0.0981047 2.99358
      vertex -0.155663 0.119445 2.99358
    endloop
  endfacet
  facet normal -0.11731 0.0578504 0.991409
    outer loop
      vertex -0.50686 0.292635 2.94236
      vertex -0.54072 0.223973 2.94236
      vertex -0.169922 0.0981047 2.99358
    endloop
  endfacet
  facet normal -0.117309 0.0578531 0.991409
    outer loop
      vertex -0.54072 0.223973 2.94236
      vertex -0.181274 0.0750861 2.99358
      vertex -0.169922 0.0981047 2.99358
    endloop
  endfacet
  facet normal -0.123858 0.0420434 0.991409
    outer loop
      vertex -0.54072 0.223973 2.94236
      vertex -0.565328 0.151479 2.94236
      vertex -0.181274 0.0750861 2.99358
    endloop
  endfacet
  facet normal -0.123858 0.0420446 0.991409
    outer loop
      vertex -0.565328 0.151479 2.94236
      vertex -0.189524 0.0507827 2.99358
      vertex -0.181274 0.0750861 2.99358
    endloop
  endfacet
  facet normal -0.128286 0.0255185 0.991409
    outer loop
      vertex -0.565328 0.151479 2.94236
      vertex -0.580264 0.0763932 2.94236
      vertex -0.189524 0.0507827 2.99358
    endloop
  endfacet
  facet normal -0.128286 0.0255173 0.991409
    outer loop
      vertex -0.580264 0.0763932 2.94236
      vertex -0.194531 0.0256105 2.99358
      vertex -0.189524 0.0507827 2.99358
    endloop
  endfacet
  facet normal -0.130519 0.00855455 0.991409
    outer loop
      vertex -0.580264 0.0763932 2.94236
      vertex -0.585271 -0 2.94236
      vertex -0.194531 0.0256105 2.99358
    endloop
  endfacet
  facet normal -0.130519 0.0085516 0.991409
    outer loop
      vertex -0.585271 -0 2.94236
      vertex -0.196209 -0 2.99358
      vertex -0.194531 0.0256105 2.99358
    endloop
  endfacet
  facet normal -0.130519 -0.00855454 0.991409
    outer loop
      vertex -0.585271 -0 2.94236
      vertex -0.580264 -0.0763932 2.94236
      vertex -0.196209 -0 2.99358
    endloop
  endfacet
  facet normal -0.13052 -0.00855164 0.991409
    outer loop
      vertex -0.580264 -0.0763932 2.94236
      vertex -0.194531 -0.0256105 2.99358
      vertex -0.196209 -0 2.99358
    endloop
  endfacet
  facet normal -0.128286 -0.0255185 0.991409
    outer loop
      vertex -0.580264 -0.0763932 2.94236
      vertex -0.565328 -0.151479 2.94236
      vertex -0.194531 -0.0256105 2.99358
    endloop
  endfacet
  facet normal -0.128286 -0.0255174 0.991409
    outer loop
      vertex -0.565328 -0.151479 2.94236
      vertex -0.189524 -0.0507827 2.99358
      vertex -0.194531 -0.0256105 2.99358
    endloop
  endfacet
  facet normal -0.123858 -0.0420435 0.991409
    outer loop
      vertex -0.565328 -0.151479 2.94236
      vertex -0.54072 -0.223973 2.94236
      vertex -0.189524 -0.0507827 2.99358
    endloop
  endfacet
  facet normal -0.123858 -0.0420445 0.991409
    outer loop
      vertex -0.54072 -0.223973 2.94236
      vertex -0.181274 -0.0750861 2.99358
      vertex -0.189524 -0.0507827 2.99358
    endloop
  endfacet
  facet normal -0.11731 -0.0578505 0.991409
    outer loop
      vertex -0.54072 -0.223973 2.94236
      vertex -0.50686 -0.292635 2.94236
      vertex -0.181274 -0.0750861 2.99358
    endloop
  endfacet
  facet normal -0.117309 -0.0578528 0.991409
    outer loop
      vertex -0.50686 -0.292635 2.94236
      vertex -0.169922 -0.0981047 2.99358
      vertex -0.181274 -0.0750861 2.99358
    endloop
  endfacet
  facet normal -0.108755 -0.0726681 0.991409
    outer loop
      vertex -0.50686 -0.292635 2.94236
      vertex -0.464327 -0.35629 2.94236
      vertex -0.169922 -0.0981047 2.99358
    endloop
  endfacet
  facet normal -0.108756 -0.0726676 0.991409
    outer loop
      vertex -0.464327 -0.35629 2.94236
      vertex -0.155663 -0.119445 2.99358
      vertex -0.169922 -0.0981047 2.99358
    endloop
  endfacet
  facet normal -0.0983399 -0.086242 0.991409
    outer loop
      vertex -0.464327 -0.35629 2.94236
      vertex -0.413849 -0.413849 2.94236
      vertex -0.155663 -0.119445 2.99358
    endloop
  endfacet
  facet normal -0.0983404 -0.0862415 0.991409
    outer loop
      vertex -0.413849 -0.413849 2.94236
      vertex -0.138741 -0.138741 2.99358
      vertex -0.155663 -0.119445 2.99358
    endloop
  endfacet
  facet normal -0.086242 -0.0983399 0.991409
    outer loop
      vertex -0.413849 -0.413849 2.94236
      vertex -0.35629 -0.464327 2.94236
      vertex -0.138741 -0.138741 2.99358
    endloop
  endfacet
  facet normal -0.0862414 -0.0983403 0.991409
    outer loop
      vertex -0.35629 -0.464327 2.94236
      vertex -0.119445 -0.155663 2.99358
      vertex -0.138741 -0.138741 2.99358
    endloop
  endfacet
  facet normal -0.0726682 -0.108755 0.991409
    outer loop
      vertex -0.35629 -0.464327 2.94236
      vertex -0.292635 -0.50686 2.94236
      vertex -0.119445 -0.155663 2.99358
    endloop
  endfacet
  facet normal -0.0726676 -0.108756 0.991409
    outer loop
      vertex -0.292635 -0.50686 2.94236
      vertex -0.0981047 -0.169922 2.99358
      vertex -0.119445 -0.155663 2.99358
    endloop
  endfacet
  facet normal -0.0578504 -0.11731 0.991409
    outer loop
      vertex -0.292635 -0.50686 2.94236
      vertex -0.223973 -0.54072 2.94236
      vertex -0.0981047 -0.169922 2.99358
    endloop
  endfacet
  facet normal -0.0578531 -0.117309 0.991409
    outer loop
      vertex -0.223973 -0.54072 2.94236
      vertex -0.0750861 -0.181274 2.99358
      vertex -0.0981047 -0.169922 2.99358
    endloop
  endfacet
  facet normal -0.0420434 -0.123858 0.991409
    outer loop
      vertex -0.223973 -0.54072 2.94236
      vertex -0.151479 -0.565328 2.94236
      vertex -0.0750861 -0.181274 2.99358
    endloop
  endfacet
  facet normal -0.0420446 -0.123858 0.991409
    outer loop
      vertex -0.151479 -0.565328 2.94236
      vertex -0.0507827 -0.189524 2.99358
      vertex -0.0750861 -0.181274 2.99358
    endloop
  endfacet
  facet normal -0.0255185 -0.128286 0.991409
    outer loop
      vertex -0.151479 -0.565328 2.94236
      vertex -0.0763932 -0.580264 2.94236
      vertex -0.0507827 -0.189524 2.99358
    endloop
  endfacet
  facet normal -0.0255173 -0.128286 0.991409
    outer loop
      vertex -0.0763932 -0.580264 2.94236
      vertex -0.0256105 -0.194531 2.99358
      vertex -0.0507827 -0.189524 2.99358
    endloop
  endfacet
  facet normal -0.00855455 -0.130519 0.991409
    outer loop
      vertex -0.0763932 -0.580264 2.94236
      vertex -0 -0.585271 2.94236
      vertex -0.0256105 -0.194531 2.99358
    endloop
  endfacet
  facet normal -0.0085516 -0.130519 0.991409
    outer loop
      vertex -0 -0.585271 2.94236
      vertex -0 -0.196209 2.99358
      vertex -0.0256105 -0.194531 2.99358
    endloop
  endfacet
  facet normal 0.00855454 -0.130519 0.991409
    outer loop
      vertex -0 -0.585271 2.94236
      vertex 0.0763932 -0.580264 2.94236
      vertex -0 -0.196209 2.99358
    endloop
  endfacet
  facet normal 0.00855164 -0.13052 0.991409
    outer loop
      vertex 0.0763932 -0.580264 2.94236
      vertex 0.0256105 -0.194531 2.99358
      vertex -0 -0.196209 2.99358
    endloop
  endfacet
  facet normal 0.0255185 -0.128286 0.991409
    outer loop
      vertex 0.0763932 -0.580264 2.94236
      vertex 0.151479 -0.565328 2.94236
      vertex 0.0256105 -0.194531 2.99358
    endloop
  endfacet
  facet normal 0.0255174 -0.128286 0.991409
    outer loop
      vertex 0.151479 -0.565328 2.94236
      vertex 0.0507827 -0.189524 2.99358
      vertex 0.0256105 -0.194531 2.99358
    endloop
  endfacet
  facet normal 0.0420435 -0.123858 0.991409
    outer loop
      vertex 0.151479 -0.565328 2.94236
      vertex 0.223973 -0.54072 2.94236
      vertex 0.0507827 -0.189524 2.99358
    endloop
  endfacet
  facet normal 0.0420445 -0.123858 0.991409
    outer loop
      vertex 0.223973 -0.54072 2.94236
      vertex 0.0750861 -0.181274 2.99358
      vertex 0.0507827 -0.189524 2.99358
    endloop
  endfacet
  facet normal 0.0578505 -0.11731 0.991409
    outer loop
      vertex 0.223973 -0.54072 2.94236
      vertex 0.292635 -0.50686 2.94236
      vertex 0.0750861 -0.181274 2.99358
    endloop
  endfacet
  facet normal 0.0578528 -0.117309 0.991409
    outer loop
      vertex 0.292635 -0.50686 2.94236
      vertex 0.0981047 -0.169922 2.99358
      vertex 0.0750861 -0.181274 2.99358
    endloop
  endfacet
  facet normal 0.0726681 -0.108755 0.991409
    outer loop
      vertex 0.292635 -0.50686 2.94236
      vertex 0.35629 -0.464327 2.94236
      vertex 0.0981047 -0.169922 2.99358
    endloop
  endfacet
  facet normal 0.0726676 -0.108756 0.991409
    outer loop
      vertex 0.35629 -0.464327 2.94236
      vertex 0.119445 -0.155663 2.99358
      vertex 0.0981047 -0.169922 2.99358
    endloop
  endfacet
  facet normal 0.086242 -0.0983399 0.991409
    outer loop
      vertex 0.35629 -0.464327 2.94236
      vertex 0.413849 -0.413849 2.94236
      vertex 0.119445 -0.155663 2.99358
    endloop
  endfacet
  facet normal 0.0862415 -0.0983404 0.991409
    outer loop
      vertex 0.413849 -0.413849 2.94236
      vertex 0.138741 -0.138741 2.99358
      vertex 0.119445 -0.155663 2.99358
    endloop
  endfacet
  facet normal 0.0983399 -0.086242 0.991409
    outer loop
      vertex 0.413849 -0.413849 2.94236
      vertex 0.464327 -0.35629 2.94236
      vertex 0.138741 -0.138741 2.99358
    endloop
  endfacet
  facet normal 0.0983403 -0.0862414 0.991409
    outer loop
      vertex 0.464327 -0.35629 2.94236
      vertex 0.155663 -0.119445 2.99358
      vertex 0.138741 -0.138741 2.99358
    endloop
  endfacet
  facet normal 0.108755 -0.0726682 0.991409
    outer loop
      vertex 0.464327 -0.35629 2.94236
      vertex 0.50686 -0.292635 2.94236
      vertex 0.155663 -0.119445 2.99358
    endloop
  endfacet
  facet normal 0.108756 -0.0726676 0.991409
    outer loop
      vertex 0.50686 -0.292635 2.94236
      vertex 0.169922 -0.0981047 2.99358
      vertex 0.155663 -0.119445 2.99358
    endloop
  endfacet
  facet normal 0.11731 -0.0578504 0.991409
    outer loop
      vertex 0.50686 -0.292635 2.94236
      vertex 0.54072 -0.223973 2.94236
      vertex 0.169922 -0.0981047 2.99358
    endloop
  endfacet
  facet normal 0.117309 -0.0578531 0.991409
    outer loop
      vertex 0.54072 -0.223973 2.94236
      vertex 0.181274 -0.0750861 2.99358
      vertex 0.169922 -0.0981047 2.99358
    endloop
  endfacet
  facet normal 0.123858 -0.0420434 0.991409
    outer loop
      vertex 0.54072 -0.223973 2.94236
      vertex 0.565328 -0.151479 2.94236
      vertex 0.181274 -0.0750861 2.99358
    endloop
  endfacet
  facet normal 0.123858 -0.0420446 0.991409
    outer loop
      vertex 0.565328 -0.151479 2.94236
      vertex 0.189524 -0.0507827 2.99358
      vertex 0.181274 -0.0750861 2.99358
    endloop
  endfacet
  facet normal 0.128286 -0.0255185 0.991409
    outer loop
      vertex 0.565328 -0.151479 2.94236
      vertex 0.580264 -0.0763932 2.94236
      vertex 0.189524 -0.0507827 2.99358
    endloop
  endfacet
  facet normal 0.128286 -0.0255173 0.991409
    outer loop
      vertex 0.580264 -0.0763932 2.94236
      vertex 0.194531 -0.0256105 2.99358
      vertex 0.189524 -0.0507827 2.99358
    endloop
  endfacet
  facet normal 0.130519 -0.00855455 0.991409
    outer loop
      vertex 0.580264 -0.0763932 2.94236
      vertex 0.585271 0 2.94236
      vertex 0.194531 -0.0256105 2.99358
    endloop
  endfacet
  facet normal 0.130519 -0.0085516 0.991409
    outer loop
      vertex 0.585271 0 2.94236
      vertex 0.196209 0 2.99358
      vertex 0.194531 -0.0256105 2.99358
    endloop
  endfacet
  facet normal 0.258793 0.0169604 0.965784
    outer loop
      vertex 0.964318 0 2.84079
      vertex 0.956069 0.125869 2.84079
      vertex 0.585271 0 2.94236
    endloop
  endfacet
  facet normal 0.258792 0.0169619 0.965784
    outer loop
      vertex 0.956069 0.125869 2.84079
      vertex 0.580264 0.0763932 2.94236
      vertex 0.585271 0 2.94236
    endloop
  endfacet
  facet normal 0.254364 0.0505973 0.965784
    outer loop
      vertex 0.956069 0.125869 2.84079
      vertex 0.93146 0.249584 2.84079
      vertex 0.580264 0.0763932 2.94236
    endloop
  endfacet
  facet normal 0.254364 0.0505979 0.965784
    outer loop
      vertex 0.93146 0.249584 2.84079
      vertex 0.565328 0.151479 2.94236
      vertex 0.580264 0.0763932 2.94236
    endloop
  endfacet
  facet normal 0.245584 0.0833644 0.965784
    outer loop
      vertex 0.93146 0.249584 2.84079
      vertex 0.890914 0.369029 2.84079
      vertex 0.565328 0.151479 2.94236
    endloop
  endfacet
  facet normal 0.245585 0.0833634 0.965784
    outer loop
      vertex 0.890914 0.369029 2.84079
      vertex 0.54072 0.223973 2.94236
      vertex 0.565328 0.151479 2.94236
    endloop
  endfacet
  facet normal 0.232602 0.114707 0.965784
    outer loop
      vertex 0.890914 0.369029 2.84079
      vertex 0.835124 0.482159 2.84079
      vertex 0.54072 0.223973 2.94236
    endloop
  endfacet
  facet normal 0.232603 0.114706 0.965784
    outer loop
      vertex 0.835124 0.482159 2.84079
      vertex 0.50686 0.292635 2.94236
      vertex 0.54072 0.223973 2.94236
    endloop
  endfacet
  facet normal 0.21564 0.144086 0.965784
    outer loop
      vertex 0.835124 0.482159 2.84079
      vertex 0.765045 0.58704 2.84079
      vertex 0.50686 0.292635 2.94236
    endloop
  endfacet
  facet normal 0.21564 0.144086 0.965784
    outer loop
      vertex 0.765045 0.58704 2.84079
      vertex 0.464327 0.35629 2.94236
      vertex 0.50686 0.292635 2.94236
    endloop
  endfacet
  facet normal 0.194988 0.171 0.965784
    outer loop
      vertex 0.765045 0.58704 2.84079
      vertex 0.681876 0.681876 2.84079
      vertex 0.464327 0.35629 2.94236
    endloop
  endfacet
  facet normal 0.194988 0.171 0.965784
    outer loop
      vertex 0.681876 0.681876 2.84079
      vertex 0.413849 0.413849 2.94236
      vertex 0.464327 0.35629 2.94236
    endloop
  endfacet
  facet normal 0.171 0.194988 0.965784
    outer loop
      vertex 0.681876 0.681876 2.84079
      vertex 0.58704 0.765045 2.84079
      vertex 0.413849 0.413849 2.94236
    endloop
  endfacet
  facet normal 0.171 0.194988 0.965784
    outer loop
      vertex 0.58704 0.765045 2.84079
      vertex 0.35629 0.464327 2.94236
      vertex 0.413849 0.413849 2.94236
    endloop
  endfacet
  facet normal 0.144086 0.21564 0.965784
    outer loop
      vertex 0.58704 0.765045 2.84079
      vertex 0.482159 0.835124 2.84079
      vertex 0.35629 0.464327 2.94236
    endloop
  endfacet
  facet normal 0.144086 0.21564 0.965784
    outer loop
      vertex 0.482159 0.835124 2.84079
      vertex 0.292635 0.50686 2.94236
      vertex 0.35629 0.464327 2.94236
    endloop
  endfacet
  facet normal 0.114708 0.232602 0.965784
    outer loop
      vertex 0.482159 0.835124 2.84079
      vertex 0.369029 0.890914 2.84079
      vertex 0.292635 0.50686 2.94236
    endloop
  endfacet
  facet normal 0.114706 0.232602 0.965784
    outer loop
      vertex 0.369029 0.890914 2.84079
      vertex 0.223973 0.54072 2.94236
      vertex 0.292635 0.50686 2.94236
    endloop
  endfacet
  facet normal 0.0833644 0.245584 0.965784
    outer loop
      vertex 0.369029 0.890914 2.84079
      vertex 0.249584 0.93146 2.84079
      vertex 0.223973 0.54072 2.94236
    endloop
  endfacet
  facet normal 0.0833633 0.245584 0.965784
    outer loop
      vertex 0.249584 0.93146 2.84079
      vertex 0.151479 0.565328 2.94236
      vertex 0.223973 0.54072 2.94236
    endloop
  endfacet
  facet normal 0.0505973 0.254364 0.965784
    outer loop
      vertex 0.249584 0.93146 2.84079
      vertex 0.125869 0.956069 2.84079
      vertex 0.151479 0.565328 2.94236
    endloop
  endfacet
  facet normal 0.0505979 0.254364 0.965784
    outer loop
      vertex 0.125869 0.956069 2.84079
      vertex 0.0763932 0.580264 2.94236
      vertex 0.151479 0.565328 2.94236
    endloop
  endfacet
  facet normal 0.0169603 0.258793 0.965784
    outer loop
      vertex 0.125869 0.956069 2.84079
      vertex 0 0.964318 2.84079
      vertex 0.0763932 0.580264 2.94236
    endloop
  endfacet
  facet normal 0.0169619 0.258793 0.965784
    outer loop
      vertex 0 0.964318 2.84079
      vertex 0 0.585271 2.94236
      vertex 0.0763932 0.580264 2.94236
    endloop
  endfacet
  facet normal -0.0169604 0.258793 0.965784
    outer loop
      vertex 0 0.964318 2.84079
      vertex -0.125869 0.956069 2.84079
      vertex 0 0.585271 2.94236
    endloop
  endfacet
  facet normal -0.0169619 0.258792 0.965784
    outer loop
      vertex -0.125869 0.956069 2.84079
      vertex -0.0763932 0.580264 2.94236
      vertex 0 0.585271 2.94236
    endloop
  endfacet
  facet normal -0.0505973 0.254364 0.965784
    outer loop
      vertex -0.125869 0.956069 2.84079
      vertex -0.249584 0.93146 2.84079
      vertex -0.0763932 0.580264 2.94236
    endloop
  endfacet
  facet normal -0.0505979 0.254364 0.965784
    outer loop
      vertex -0.249584 0.93146 2.84079
      vertex -0.151479 0.565328 2.94236
      vertex -0.0763932 0.580264 2.94236
    endloop
  endfacet
  facet normal -0.0833644 0.245584 0.965784
    outer loop
      vertex -0.249584 0.93146 2.84079
      vertex -0.369029 0.890914 2.84079
      vertex -0.151479 0.565328 2.94236
    endloop
  endfacet
  facet normal -0.0833634 0.245585 0.965784
    outer loop
      vertex -0.369029 0.890914 2.84079
      vertex -0.223973 0.54072 2.94236
      vertex -0.151479 0.565328 2.94236
    endloop
  endfacet
  facet normal -0.114707 0.232602 0.965784
    outer loop
      vertex -0.369029 0.890914 2.84079
      vertex -0.482159 0.835124 2.84079
      vertex -0.223973 0.54072 2.94236
    endloop
  endfacet
  facet normal -0.114706 0.232603 0.965784
    outer loop
      vertex -0.482159 0.835124 2.84079
      vertex -0.292635 0.50686 2.94236
      vertex -0.223973 0.54072 2.94236
    endloop
  endfacet
  facet normal -0.144086 0.21564 0.965784
    outer loop
      vertex -0.482159 0.835124 2.84079
      vertex -0.58704 0.765045 2.84079
      vertex -0.292635 0.50686 2.94236
    endloop
  endfacet
  facet normal -0.144086 0.21564 0.965784
    outer loop
      vertex -0.58704 0.765045 2.84079
      vertex -0.35629 0.464327 2.94236
      vertex -0.292635 0.50686 2.94236
    endloop
  endfacet
  facet normal -0.171 0.194988 0.965784
    outer loop
      vertex -0.58704 0.765045 2.84079
      vertex -0.681876 0.681876 2.84079
      vertex -0.35629 0.464327 2.94236
    endloop
  endfacet
  facet normal -0.171 0.194988 0.965784
    outer loop
      vertex -0.681876 0.681876 2.84079
      vertex -0.413849 0.413849 2.94236
      vertex -0.35629 0.464327 2.94236
    endloop
  endfacet
  facet normal -0.194988 0.171 0.965784
    outer loop
      vertex -0.681876 0.681876 2.84079
      vertex -0.765045 0.58704 2.84079
      vertex -0.413849 0.413849 2.94236
    endloop
  endfacet
  facet normal -0.194988 0.171 0.965784
    outer loop
      vertex -0.765045 0.58704 2.84079
      vertex -0.464327 0.35629 2.94236
      vertex -0.413849 0.413849 2.94236
    endloop
  endfacet
  facet normal -0.21564 0.144086 0.965784
    outer loop
      vertex -0.765045 0.58704 2.84079
      vertex -0.835124 0.482159 2.84079
      vertex -0.464327 0.35629 2.94236
    endloop
  endfacet
  facet normal -0.21564 0.144086 0.965784
    outer loop
      vertex -0.835124 0.482159 2.84079
      vertex -0.50686 0.292635 2.94236
      vertex -0.464327 0.35629 2.94236
    endloop
  endfacet
  facet normal -0.232602 0.114708 0.965784
    outer loop
      vertex -0.835124 0.482159 2.84079
      vertex -0.890914 0.369029 2.84079
      vertex -0.50686 0.292635 2.94236
    endloop
  endfacet
  facet normal -0.232602 0.114706 0.965784
    outer loop
      vertex -0.890914 0.369029 2.84079
      vertex -0.54072 0.223973 2.94236
      vertex -0.50686 0.292635 2.94236
    endloop
  endfacet
  facet normal -0.245584 0.0833644 0.965784
    outer loop
      vertex -0.890914 0.369029 2.84079
      vertex -0.93146 0.249584 2.84079
      vertex -0.54072 0.223973 2.94236
    endloop
  endfacet
  facet normal -0.245584 0.0833633 0.965784
    outer loop
      vertex -0.93146 0.249584 2.84079
      vertex -0.565328 0.151479 2.94236
      vertex -0.54072 0.223973 2.94236
    endloop
  endfacet
  facet normal -0.254364 0.0505973 0.965784
    outer loop
      vertex -0.93146 0.249584 2.84079
      vertex -0.956069 0.125869 2.84079
      vertex -0.565328 0.151479 2.94236
    endloop
  endfacet
  facet normal -0.254364 0.0505979 0.965784
    outer loop
      vertex -0.956069 0.125869 2.84079
      vertex -0.580264 0.0763932 2.94236
      vertex -0.565328 0.151479 2.94236
    endloop
  endfacet
  facet normal -0.258793 0.0169603 0.965784
    outer loop
      vertex -0.956069 0.125869 2.84079
      vertex -0.964318 -0 2.84079
      vertex -0.580264 0.0763932 2.94236
    endloop
  endfacet
  facet normal -0.258793 0.0169619 0.965784
    outer loop
      vertex -0.964318 -0 2.84079
      vertex -0.585271 -0 2.94236
      vertex -0.580264 0.0763932 2.94236
    endloop
  endfacet
  facet normal -0.258793 -0.0169604 0.965784
    outer loop
      vertex -0.964318 -0 2.84079
      vertex -0.956069 -0.125869 2.84079
      vertex -0.585271 -0 2.94236
    endloop
  endfacet
  facet normal -0.258792 -0.0169619 0.965784
    outer loop
      vertex -0.956069 -0.125869 2.84079
      vertex -0.580264 -0.0763932 2.94236
      vertex -0.585271 -0 2.94236
    endloop
  endfacet
  facet normal -0.254364 -0.0505973 0.965784
    outer loop
      vertex -0.956069 -0.125869 2.84079
      vertex -0.93146 -0.249584 2.84079
      vertex -0.580264 -0.0763932 2.94236
    endloop
  endfacet
  facet normal -0.254364 -0.0505979 0.965784
    outer loop
      vertex -0.93146 -0.249584 2.84079
      vertex -0.565328 -0.151479 2.94236
      vertex -0.580264 -0.0763932 2.94236
    endloop
  endfacet
  facet normal -0.245584 -0.0833644 0.965784
    outer loop
      vertex -0.93146 -0.249584 2.84079
      vertex -0.890914 -0.369029 2.84079
      vertex -0.565328 -0.151479 2.94236
    endloop
  endfacet
  facet normal -0.245585 -0.0833634 0.965784
    outer loop
      vertex -0.890914 -0.369029 2.84079
      vertex -0.54072 -0.223973 2.94236
      vertex -0.565328 -0.151479 2.94236
    endloop
  endfacet
  facet normal -0.232602 -0.114707 0.965784
    outer loop
      vertex -0.890914 -0.369029 2.84079
      vertex -0.835124 -0.482159 2.84079
      vertex -0.54072 -0.223973 2.94236
    endloop
  endfacet
  facet normal -0.232603 -0.114706 0.965784
    outer loop
      vertex -0.835124 -0.482159 2.84079
      vertex -0.50686 -0.292635 2.94236
      vertex -0.54072 -0.223973 2.94236
    endloop
  endfacet
  facet normal -0.21564 -0.144086 0.965784
    outer loop
      vertex -0.835124 -0.482159 2.84079
      vertex -0.765045 -0.58704 2.84079
      vertex -0.50686 -0.292635 2.94236
    endloop
  endfacet
  facet normal -0.21564 -0.144086 0.965784
    outer loop
      vertex -0.765045 -0.58704 2.84079
      vertex -0.464327 -0.35629 2.94236
      vertex -0.50686 -0.292635 2.94236
    endloop
  endfacet
  facet normal -0.194988 -0.171 0.965784
    outer loop
      vertex -0.765045 -0.58704 2.84079
      vertex -0.681876 -0.681876 2.84079
      vertex -0.464327 -0.35629 2.94236
    endloop
  endfacet
  facet normal -0.194988 -0.171 0.965784
    outer loop
      vertex -0.681876 -0.681876 2.84079
      vertex -0.413849 -0.413849 2.94236
      vertex -0.464327 -0.35629 2.94236
    endloop
  endfacet
  facet normal -0.171 -0.194988 0.965784
    outer loop
      vertex -0.681876 -0.681876 2.84079
      vertex -0.58704 -0.765045 2.84079
      vertex -0.413849 -0.413849 2.94236
    endloop
  endfacet
  facet normal -0.171 -0.194988 0.965784
    outer loop
      vertex -0.58704 -0.765045 2.84079
      vertex -0.35629 -0.464327 2.94236
      vertex -0.413849 -0.413849 2.94236
    endloop
  endfacet
  facet normal -0.144086 -0.21564 0.965784
    outer loop
      vertex -0.58704 -0.765045 2.84079
      vertex -0.482159 -0.835124 2.84079
      vertex -0.35629 -0.464327 2.94236
    endloop
  endfacet
  facet normal -0.144086 -0.21564 0.965784
    outer loop
      vertex -0.482159 -0.835124 2.84079
      vertex -0.292635 -0.50686 2.94236
      vertex -0.35629 -0.464327 2.94236
    endloop
  endfacet
  facet normal -0.114708 -0.232602 0.965784
    outer loop
      vertex -0.482159 -0.835124 2.84079
      vertex -0.369029 -0.890914 2.84079
      vertex -0.292635 -0.50686 2.94236
    endloop
  endfacet
  facet normal -0.114706 -0.232602 0.965784
    outer loop
      vertex -0.369029 -0.890914 2.84079
      vertex -0.223973 -0.54072 2.94236
      vertex -0.292635 -0.50686 2.94236
    endloop
  endfacet
  facet normal -0.0833644 -0.245584 0.965784
    outer loop
      vertex -0.369029 -0.890914 2.84079
      vertex -0.249584 -0.93146 2.84079
      vertex -0.223973 -0.54072 2.94236
    endloop
  endfacet
  facet normal -0.0833633 -0.245584 0.965784
    outer loop
      vertex -0.249584 -0.93146 2.84079
      vertex -0.151479 -0.565328 2.94236
      vertex -0.223973 -0.54072 2.94236
    endloop
  endfacet
  facet normal -0.0505973 -0.254364 0.965784
    outer loop
      vertex -0.249584 -0.93146 2.84079
      vertex -0.125869 -0.956069 2.84079
      vertex -0.151479 -0.565328 2.94236
    endloop
  endfacet
  facet normal -0.0505979 -0.254364 0.965784
    outer loop
      vertex -0.125869 -0.956069 2.84079
      vertex -0.0763932 -0.580264 2.94236
      vertex -0.151479 -0.565328 2.94236
    endloop
  endfacet
  facet normal -0.0169603 -0.258793 0.965784
    outer loop
      vertex -0.125869 -0.956069 2.84079
      vertex -0 -0.964318 2.84079
      vertex -0.0763932 -0.580264 2.94236
    endloop
  endfacet
  facet normal -0.0169619 -0.258793 0.965784
    outer loop
      vertex -0 -0.964318 2.84079
      vertex -0 -0.585271 2.94236
      vertex -0.0763932 -0.580264 2.94236
    endloop
  endfacet
  facet normal 0.0169604 -0.258793 0.965784
    outer loop
      vertex -0 -0.964318 2.84079
      vertex 0.125869 -0.956069 2.84079
      vertex -0 -0.585271 2.94236
    endloop
  endfacet
  facet normal 0.0169619 -0.258792 0.965784
    outer loop
      vertex 0.125869 -0.956069 2.84079
      vertex 0.0763932 -0.580264 2.94236
      vertex -0 -0.585271 2.94236
    endloop
  endfacet
  facet normal 0.0505973 -0.254364 0.965784
    outer loop
      vertex 0.125869 -0.956069 2.84079
      vertex 0.249584 -0.93146 2.84079
      vertex 0.0763932 -0.580264 2.94236
    endloop
  endfacet
  facet normal 0.0505979 -0.254364 0.965784
    outer loop
      vertex 0.249584 -0.93146 2.84079
      vertex 0.151479 -0.565328 2.94236
      vertex 0.0763932 -0.580264 2.94236
    endloop
  endfacet
  facet normal 0.0833644 -0.245584 0.965784
    outer loop
      vertex 0.249584 -0.93146 2.84079
      vertex 0.369029 -0.890914 2.84079
      vertex 0.151479 -0.565328 2.94236
    endloop
  endfacet
  facet normal 0.0833634 -0.245585 0.965784
    outer loop
      vertex 0.369029 -0.890914 2.84079
      vertex 0.223973 -0.54072 2.94236
      vertex 0.151479 -0.565328 2.94236
    endloop
  endfacet
  facet normal 0.114707 -0.232602 0.965784
    outer loop
      vertex 0.369029 -0.890914 2.84079
      vertex 0.482159 -0.835124 2.84079
      vertex 0.223973 -0.54072 2.94236
    endloop
  endfacet
  facet normal 0.114706 -0.232603 0.965784
    outer loop
      vertex 0.482159 -0.835124 2.84079
      vertex 0.292635 -0.50686 2.94236
      vertex 0.223973 -0.54072 2.94236
    endloop
  endfacet
  facet normal 0.144086 -0.21564 0.965784
    outer loop
      vertex 0.482159 -0.835124 2.84079
      vertex 0.58704 -0.765045 2.84079
      vertex 0.292635 -0.50686 2.94236
    endloop
  endfacet
  facet normal 0.144086 -0.21564 0.965784
    outer loop
      vertex 0.58704 -0.765045 2.84079
      vertex 0.35629 -0.464327 2.94236
      vertex 0.292635 -0.50686 2.94236
    endloop
  endfacet
  facet normal 0.171 -0.194988 0.965784
    outer loop
      vertex 0.58704 -0.765045 2.84079
      vertex 0.681876 -0.681876 2.84079
      vertex 0.35629 -0.464327 2.94236
    endloop
  endfacet
  facet normal 0.171 -0.194988 0.965784
    outer loop
      vertex 0.681876 -0.681876 2.84079
      vertex 0.413849 -0.413849 2.94236
      vertex 0.35629 -0.464327 2.94236
    endloop
  endfacet
  facet normal 0.194988 -0.171 0.965784
    outer loop
      vertex 0.681876 -0.681876 2.84079
      vertex 0.765045 -0.58704 2.84079
      vertex 0.413849 -0.413849 2.94236
    endloop
  endfacet
  facet normal 0.194988 -0.171 0.965784
    outer loop
      vertex 0.765045 -0.58704 2.84079
      vertex 0.464327 -0.35629 2.94236
      vertex 0.413849 -0.413849 2.94236
    endloop
  endfacet
  facet normal 0.21564 -0.144086 0.965784
    outer loop
      vertex 0.765045 -0.58704 2.84079
      vertex 0.835124 -0.482159 2.84079
      vertex 0.464327 -0.35629 2.94236
    endloop
  endfacet
  facet normal 0.21564 -0.144086 0.965784
    outer loop
      vertex 0.835124 -0.482159 2.84079
      vertex 0.50686 -0.292635 2.94236
      vertex 0.464327 -0.35629 2.94236
    endloop
  endfacet
  facet normal 0.232602 -0.114708 0.965784
    outer loop
      vertex 0.835124 -0.482159 2.84079
      vertex 0.890914 -0.369029 2.84079
      vertex 0.50686 -0.292635 2.94236
    endloop
  endfacet
  facet normal 0.232602 -0.114706 0.965784
    outer loop
      vertex 0.890914 -0.369029 2.84079
      vertex 0.54072 -0.223973 2.94236
      vertex 0.50686 -0.292635 2.94236
    endloop
  endfacet
  facet normal 0.245584 -0.0833644 0.965784
    outer loop
      vertex 0.890914 -0.369029 2.84079
      vertex 0.93146 -0.249584 2.84079
      vertex 0.54072 -0.223973 2.94236
    endloop
  endfacet
  facet normal 0.245584 -0.0833633 0.965784
    outer loop
      vertex 0.93146 -0.249584 2.84079
      vertex 0.565328 -0.151479 2.94236
      vertex 0.54072 -0.223973 2.94236
    endloop
  endfacet
  facet normal 0.254364 -0.0505973 0.965784
    outer loop
      vertex 0.93146 -0.249584 2.84079
      vertex 0.956069 -0.125869 2.84079
      vertex 0.565328 -0.151479 2.94236
    endloop
  endfacet
  facet normal 0.254364 -0.0505979 0.965784
    outer loop
      vertex 0.956069 -0.125869 2.84079
      vertex 0.580264 -0.0763932 2.94236
      vertex 0.565328 -0.151479 2.94236
    endloop
  endfacet
  facet normal 0.258793 -0.0169603 0.965784
    outer loop
      vertex 0.956069 -0.125869 2.84079
      vertex 0.964318 0 2.84079
      vertex 0.580264 -0.0763932 2.94236
    endloop
  endfacet
  facet normal 0.258793 -0.0169619 0.965784
    outer loop
      vertex 0.964318 0 2.84079
      vertex 0.585271 0 2.94236
      vertex 0.580264 -0.0763932 2.94236
    endloop
  endfacet
  facet normal 0.382554 0.0250926 0.923592
    outer loop
      vertex 1.32687 0 2.69062
      vertex 1.31551 0.173191 2.69062
      vertex 0.964318 0 2.84079
    endloop
  endfacet
  facet normal 0.382563 0.0250718 0.923589
    outer loop
      vertex 1.31551 0.173191 2.69062
      vertex 0.956069 0.125869 2.84079
      vertex 0.964318 0 2.84079
    endloop
  endfacet
  facet normal 0.376017 0.0747939 0.923589
    outer loop
      vertex 1.31551 0.173191 2.69062
      vertex 1.28165 0.343418 2.69062
      vertex 0.956069 0.125869 2.84079
    endloop
  endfacet
  facet normal 0.376016 0.0747959 0.923589
    outer loop
      vertex 1.28165 0.343418 2.69062
      vertex 0.93146 0.249584 2.84079
      vertex 0.956069 0.125869 2.84079
    endloop
  endfacet
  facet normal 0.363037 0.123234 0.923589
    outer loop
      vertex 1.28165 0.343418 2.69062
      vertex 1.22586 0.50777 2.69062
      vertex 0.93146 0.249584 2.84079
    endloop
  endfacet
  facet normal 0.363037 0.123234 0.923589
    outer loop
      vertex 1.22586 0.50777 2.69062
      vertex 0.890914 0.369029 2.84079
      vertex 0.93146 0.249584 2.84079
    endloop
  endfacet
  facet normal 0.343849 0.169558 0.92359
    outer loop
      vertex 1.22586 0.50777 2.69062
      vertex 1.1491 0.663433 2.69062
      vertex 0.890914 0.369029 2.84079
    endloop
  endfacet
  facet normal 0.343841 0.169565 0.923591
    outer loop
      vertex 1.1491 0.663433 2.69062
      vertex 0.835124 0.482159 2.84079
      vertex 0.890914 0.369029 2.84079
    endloop
  endfacet
  facet normal 0.318764 0.213 0.923591
    outer loop
      vertex 1.1491 0.663433 2.69062
      vertex 1.05267 0.807745 2.69062
      vertex 0.835124 0.482159 2.84079
    endloop
  endfacet
  facet normal 0.318771 0.212995 0.92359
    outer loop
      vertex 1.05267 0.807745 2.69062
      vertex 0.765045 0.58704 2.84079
      vertex 0.835124 0.482159 2.84079
    endloop
  endfacet
  facet normal 0.288245 0.252776 0.92359
    outer loop
      vertex 1.05267 0.807745 2.69062
      vertex 0.938236 0.938236 2.69062
      vertex 0.765045 0.58704 2.84079
    endloop
  endfacet
  facet normal 0.28824 0.25278 0.923591
    outer loop
      vertex 0.938236 0.938236 2.69062
      vertex 0.681876 0.681876 2.84079
      vertex 0.765045 0.58704 2.84079
    endloop
  endfacet
  facet normal 0.252775 0.288244 0.923591
    outer loop
      vertex 0.938236 0.938236 2.69062
      vertex 0.807745 1.05267 2.69062
      vertex 0.681876 0.681876 2.84079
    endloop
  endfacet
  facet normal 0.252781 0.288241 0.92359
    outer loop
      vertex 0.807745 1.05267 2.69062
      vertex 0.58704 0.765045 2.84079
      vertex 0.681876 0.681876 2.84079
    endloop
  endfacet
  facet normal 0.213001 0.318766 0.92359
    outer loop
      vertex 0.807745 1.05267 2.69062
      vertex 0.663433 1.1491 2.69062
      vertex 0.58704 0.765045 2.84079
    endloop
  endfacet
  facet normal 0.212993 0.318768 0.923591
    outer loop
      vertex 0.663433 1.1491 2.69062
      vertex 0.482159 0.835124 2.84079
      vertex 0.58704 0.765045 2.84079
    endloop
  endfacet
  facet normal 0.169556 0.343846 0.923591
    outer loop
      vertex 0.663433 1.1491 2.69062
      vertex 0.50777 1.22586 2.69062
      vertex 0.482159 0.835124 2.84079
    endloop
  endfacet
  facet normal 0.169567 0.343845 0.92359
    outer loop
      vertex 0.50777 1.22586 2.69062
      vertex 0.369029 0.890914 2.84079
      vertex 0.482159 0.835124 2.84079
    endloop
  endfacet
  facet normal 0.123234 0.363037 0.923589
    outer loop
      vertex 0.50777 1.22586 2.69062
      vertex 0.343418 1.28165 2.69062
      vertex 0.369029 0.890914 2.84079
    endloop
  endfacet
  facet normal 0.123234 0.363037 0.92359
    outer loop
      vertex 0.343418 1.28165 2.69062
      vertex 0.249584 0.93146 2.84079
      vertex 0.369029 0.890914 2.84079
    endloop
  endfacet
  facet normal 0.0747938 0.376017 0.923589
    outer loop
      vertex 0.343418 1.28165 2.69062
      vertex 0.173191 1.31551 2.69062
      vertex 0.249584 0.93146 2.84079
    endloop
  endfacet
  facet normal 0.0747961 0.376017 0.923589
    outer loop
      vertex 0.173191 1.31551 2.69062
      vertex 0.125869 0.956069 2.84079
      vertex 0.249584 0.93146 2.84079
    endloop
  endfacet
  facet normal 0.025093 0.382561 0.92359
    outer loop
      vertex 0.173191 1.31551 2.69062
      vertex 0 1.32687 2.69062
      vertex 0.125869 0.956069 2.84079
    endloop
  endfacet
  facet normal 0.0250712 0.382555 0.923593
    outer loop
      vertex 0 1.32687 2.69062
      vertex 0 0.964318 2.84079
      vertex 0.125869 0.956069 2.84079
    endloop
  endfacet
  facet normal -0.0250926 0.382554 0.923592
    outer loop
      vertex 0 1.32687 2.69062
      vertex -0.173191 1.31551 2.69062
      vertex 0 0.964318 2.84079
    endloop
  endfacet
  facet normal -0.0250718 0.382563 0.923589
    outer loop
      vertex -0.173191 1.31551 2.69062
      vertex -0.125869 0.956069 2.84079
      vertex 0 0.964318 2.84079
    endloop
  endfacet
  facet normal -0.0747939 0.376017 0.923589
    outer loop
      vertex -0.173191 1.31551 2.69062
      vertex -0.343418 1.28165 2.69062
      vertex -0.125869 0.956069 2.84079
    endloop
  endfacet
  facet normal -0.0747959 0.376016 0.923589
    outer loop
      vertex -0.343418 1.28165 2.69062
      vertex -0.249584 0.93146 2.84079
      vertex -0.125869 0.956069 2.84079
    endloop
  endfacet
  facet normal -0.123234 0.363037 0.923589
    outer loop
      vertex -0.343418 1.28165 2.69062
      vertex -0.50777 1.22586 2.69062
      vertex -0.249584 0.93146 2.84079
    endloop
  endfacet
  facet normal -0.123234 0.363037 0.923589
    outer loop
      vertex -0.50777 1.22586 2.69062
      vertex -0.369029 0.890914 2.84079
      vertex -0.249584 0.93146 2.84079
    endloop
  endfacet
  facet normal -0.169558 0.343849 0.92359
    outer loop
      vertex -0.50777 1.22586 2.69062
      vertex -0.663433 1.1491 2.69062
      vertex -0.369029 0.890914 2.84079
    endloop
  endfacet
  facet normal -0.169565 0.343841 0.923591
    outer loop
      vertex -0.663433 1.1491 2.69062
      vertex -0.482159 0.835124 2.84079
      vertex -0.369029 0.890914 2.84079
    endloop
  endfacet
  facet normal -0.213 0.318764 0.923591
    outer loop
      vertex -0.663433 1.1491 2.69062
      vertex -0.807745 1.05267 2.69062
      vertex -0.482159 0.835124 2.84079
    endloop
  endfacet
  facet normal -0.212995 0.318771 0.92359
    outer loop
      vertex -0.807745 1.05267 2.69062
      vertex -0.58704 0.765045 2.84079
      vertex -0.482159 0.835124 2.84079
    endloop
  endfacet
  facet normal -0.252776 0.288245 0.92359
    outer loop
      vertex -0.807745 1.05267 2.69062
      vertex -0.938236 0.938236 2.69062
      vertex -0.58704 0.765045 2.84079
    endloop
  endfacet
  facet normal -0.25278 0.28824 0.923591
    outer loop
      vertex -0.938236 0.938236 2.69062
      vertex -0.681876 0.681876 2.84079
      vertex -0.58704 0.765045 2.84079
    endloop
  endfacet
  facet normal -0.288244 0.252775 0.923591
    outer loop
      vertex -0.938236 0.938236 2.69062
      vertex -1.05267 0.807745 2.69062
      vertex -0.681876 0.681876 2.84079
    endloop
  endfacet
  facet normal -0.288241 0.252781 0.92359
    outer loop
      vertex -1.05267 0.807745 2.69062
      vertex -0.765045 0.58704 2.84079
      vertex -0.681876 0.681876 2.84079
    endloop
  endfacet
  facet normal -0.318766 0.213001 0.92359
    outer loop
      vertex -1.05267 0.807745 2.69062
      vertex -1.1491 0.663433 2.69062
      vertex -0.765045 0.58704 2.84079
    endloop
  endfacet
  facet normal -0.318768 0.212993 0.923591
    outer loop
      vertex -1.1491 0.663433 2.69062
      vertex -0.835124 0.482159 2.84079
      vertex -0.765045 0.58704 2.84079
    endloop
  endfacet
  facet normal -0.343846 0.169556 0.923591
    outer loop
      vertex -1.1491 0.663433 2.69062
      vertex -1.22586 0.50777 2.69062
      vertex -0.835124 0.482159 2.84079
    endloop
  endfacet
  facet normal -0.343845 0.169567 0.92359
    outer loop
      vertex -1.22586 0.50777 2.69062
      vertex -0.890914 0.369029 2.84079
      vertex -0.835124 0.482159 2.84079
    endloop
  endfacet
  facet normal -0.363037 0.123234 0.923589
    outer loop
      vertex -1.22586 0.50777 2.69062
      vertex -1.28165 0.343418 2.69062
      vertex -0.890914 0.369029 2.84079
    endloop
  endfacet
  facet normal -0.363037 0.123234 0.92359
    outer loop
      vertex -1.28165 0.343418 2.69062
      vertex -0.93146 0.249584 2.84079
      vertex -0.890914 0.369029 2.84079
    endloop
  endfacet
  facet normal -0.376017 0.0747938 0.923589
    outer loop
      vertex -1.28165 0.343418 2.69062
      vertex -1.31551 0.173191 2.69062
      vertex -0.93146 0.249584 2.84079
    endloop
  endfacet
  facet normal -0.376017 0.0747961 0.923589
    outer loop
      vertex -1.31551 0.173191 2.69062
      vertex -0.956069 0.125869 2.84079
      vertex -0.93146 0.249584 2.84079
    endloop
  endfacet
  facet normal -0.382561 0.025093 0.92359
    outer loop
      vertex -1.31551 0.173191 2.69062
      vertex -1.32687 -0 2.69062
      vertex -0.956069 0.125869 2.84079
    endloop
  endfacet
  facet normal -0.382555 0.0250712 0.923593
    outer loop
      vertex -1.32687 -0 2.69062
      vertex -0.964318 -0 2.84079
      vertex -0.956069 0.125869 2.84079
    endloop
  endfacet
  facet normal -0.382554 -0.0250926 0.923592
    outer loop
      vertex -1.32687 -0 2.69062
      vertex -1.31551 -0.173191 2.69062
      vertex -0.964318 -0 2.84079
    endloop
  endfacet
  facet normal -0.382563 -0.0250718 0.923589
    outer loop
      vertex -1.31551 -0.173191 2.69062
      vertex -0.956069 -0.125869 2.84079
      vertex -0.964318 -0 2.84079
    endloop
  endfacet
  facet normal -0.376017 -0.0747939 0.923589
    outer loop
      vertex -1.31551 -0.173191 2.69062
      vertex -1.28165 -0.343418 2.69062
      vertex -0.956069 -0.125869 2.84079
    endloop
  endfacet
  facet normal -0.376016 -0.0747959 0.923589
    outer loop
      vertex -1.28165 -0.343418 2.69062
      vertex -0.93146 -0.249584 2.84079
      vertex -0.956069 -0.125869 2.84079
    endloop
  endfacet
  facet normal -0.363037 -0.123234 0.923589
    outer loop
      vertex -1.28165 -0.343418 2.69062
      vertex -1.22586 -0.50777 2.69062
      vertex -0.93146 -0.249584 2.84079
    endloop
  endfacet
  facet normal -0.363037 -0.123234 0.923589
    outer loop
      vertex -1.22586 -0.50777 2.69062
      vertex -0.890914 -0.369029 2.84079
      vertex -0.93146 -0.249584 2.84079
    endloop
  endfacet
  facet normal -0.343849 -0.169558 0.92359
    outer loop
      vertex -1.22586 -0.50777 2.69062
      vertex -1.1491 -0.663433 2.69062
      vertex -0.890914 -0.369029 2.84079
    endloop
  endfacet
  facet normal -0.343841 -0.169565 0.923591
    outer loop
      vertex -1.1491 -0.663433 2.69062
      vertex -0.835124 -0.482159 2.84079
      vertex -0.890914 -0.369029 2.84079
    endloop
  endfacet
  facet normal -0.318764 -0.213 0.923591
    outer loop
      vertex -1.1491 -0.663433 2.69062
      vertex -1.05267 -0.807745 2.69062
      vertex -0.835124 -0.482159 2.84079
    endloop
  endfacet
  facet normal -0.318771 -0.212995 0.92359
    outer loop
      vertex -1.05267 -0.807745 2.69062
      vertex -0.765045 -0.58704 2.84079
      vertex -0.835124 -0.482159 2.84079
    endloop
  endfacet
  facet normal -0.288245 -0.252776 0.92359
    outer loop
      vertex -1.05267 -0.807745 2.69062
      vertex -0.938236 -0.938236 2.69062
      vertex -0.765045 -0.58704 2.84079
    endloop
  endfacet
  facet normal -0.28824 -0.25278 0.923591
    outer loop
      vertex -0.938236 -0.938236 2.69062
      vertex -0.681876 -0.681876 2.84079
      vertex -0.765045 -0.58704 2.84079
    endloop
  endfacet
  facet normal -0.252775 -0.288244 0.923591
    outer loop
      vertex -0.938236 -0.938236 2.69062
      vertex -0.807745 -1.05267 2.69062
      vertex -0.681876 -0.681876 2.84079
    endloop
  endfacet
  facet normal -0.252781 -0.288241 0.92359
    outer loop
      vertex -0.807745 -1.05267 2.69062
      vertex -0.58704 -0.765045 2.84079
      vertex -0.681876 -0.681876 2.84079
    endloop
  endfacet
  facet normal -0.213001 -0.318766 0.92359
    outer loop
      vertex -0.807745 -1.05267 2.69062
      vertex -0.663433 -1.1491 2.69062
      vertex -0.58704 -0.765045 2.84079
    endloop
  endfacet
  facet normal -0.212993 -0.318768 0.923591
    outer loop
      vertex -0.663433 -1.1491 2.69062
      vertex -0.482159 -0.835124 2.84079
      vertex -0.58704 -0.765045 2.84079
    endloop
  endfacet
  facet normal -0.169556 -0.343846 0.923591
    outer loop
      vertex -0.663433 -1.1491 2.69062
      vertex -0.50777 -1.22586 2.69062
      vertex -0.482159 -0.835124 2.84079
    endloop
  endfacet
  facet normal -0.169567 -0.343845 0.92359
    outer loop
      vertex -0.50777 -1.22586 2.69062
      vertex -0.369029 -0.890914 2.84079
      vertex -0.482159 -0.835124 2.84079
    endloop
  endfacet
  facet normal -0.123234 -0.363037 0.923589
    outer loop
      vertex -0.50777 -1.22586 2.69062
      vertex -0.343418 -1.28165 2.69062
      vertex -0.369029 -0.890914 2.84079
    endloop
  endfacet
  facet normal -0.123234 -0.363037 0.92359
    outer loop
      vertex -0.343418 -1.28165 2.69062
      vertex -0.249584 -0.93146 2.84079
      vertex -0.369029 -0.890914 2.84079
    endloop
  endfacet
  facet normal -0.0747938 -0.376017 0.923589
    outer loop
      vertex -0.343418 -1.28165 2.69062
      vertex -0.173191 -1.31551 2.69062
      vertex -0.249584 -0.93146 2.84079
    endloop
  endfacet
  facet normal -0.0747961 -0.376017 0.923589
    outer loop
      vertex -0.173191 -1.31551 2.69062
      vertex -0.125869 -0.956069 2.84079
      vertex -0.249584 -0.93146 2.84079
    endloop
  endfacet
  facet normal -0.025093 -0.382561 0.92359
    outer loop
      vertex -0.173191 -1.31551 2.69062
      vertex -0 -1.32687 2.69062
      vertex -0.125869 -0.956069 2.84079
    endloop
  endfacet
  facet normal -0.0250712 -0.382555 0.923593
    outer loop
      vertex -0 -1.32687 2.69062
      vertex -0 -0.964318 2.84079
      vertex -0.125869 -0.956069 2.84079
    endloop
  endfacet
  facet normal 0.0250926 -0.382554 0.923592
    outer loop
      vertex -0 -1.32687 2.69062
      vertex 0.173191 -1.31551 2.69062
      vertex -0 -0.964318 2.84079
    endloop
  endfacet
  facet normal 0.0250718 -0.382563 0.923589
    outer loop
      vertex 0.173191 -1.31551 2.69062
      vertex 0.125869 -0.956069 2.84079
      vertex -0 -0.964318 2.84079
    endloop
  endfacet
  facet normal 0.0747939 -0.376017 0.923589
    outer loop
      vertex 0.173191 -1.31551 2.69062
      vertex 0.343418 -1.28165 2.69062
      vertex 0.125869 -0.956069 2.84079
    endloop
  endfacet
  facet normal 0.0747959 -0.376016 0.923589
    outer loop
      vertex 0.343418 -1.28165 2.69062
      vertex 0.249584 -0.93146 2.84079
      vertex 0.125869 -0.956069 2.84079
    endloop
  endfacet
  facet normal 0.123234 -0.363037 0.923589
    outer loop
      vertex 0.343418 -1.28165 2.69062
      vertex 0.50777 -1.22586 2.69062
      vertex 0.249584 -0.93146 2.84079
    endloop
  endfacet
  facet normal 0.123234 -0.363037 0.923589
    outer loop
      vertex 0.50777 -1.22586 2.69062
      vertex 0.369029 -0.890914 2.84079
      vertex 0.249584 -0.93146 2.84079
    endloop
  endfacet
  facet normal 0.169558 -0.343849 0.92359
    outer loop
      vertex 0.50777 -1.22586 2.69062
      vertex 0.663433 -1.1491 2.69062
      vertex 0.369029 -0.890914 2.84079
    endloop
  endfacet
  facet normal 0.169565 -0.343841 0.923591
    outer loop
      vertex 0.663433 -1.1491 2.69062
      vertex 0.482159 -0.835124 2.84079
      vertex 0.369029 -0.890914 2.84079
    endloop
  endfacet
  facet normal 0.213 -0.318764 0.923591
    outer loop
      vertex 0.663433 -1.1491 2.69062
      vertex 0.807745 -1.05267 2.69062
      vertex 0.482159 -0.835124 2.84079
    endloop
  endfacet
  facet normal 0.212995 -0.318771 0.92359
    outer loop
      vertex 0.807745 -1.05267 2.69062
      vertex 0.58704 -0.765045 2.84079
      vertex 0.482159 -0.835124 2.84079
    endloop
  endfacet
  facet normal 0.252776 -0.288245 0.92359
    outer loop
      vertex 0.807745 -1.05267 2.69062
      vertex 0.938236 -0.938236 2.69062
      vertex 0.58704 -0.765045 2.84079
    endloop
  endfacet
  facet normal 0.25278 -0.28824 0.923591
    outer loop
      vertex 0.938236 -0.938236 2.69062
      vertex 0.681876 -0.681876 2.84079
      vertex 0.58704 -0.765045 2.84079
    endloop
  endfacet
  facet normal 0.288244 -0.252775 0.923591
    outer loop
      vertex 0.938236 -0.938236 2.69062
      vertex 1.05267 -0.807745 2.69062
      vertex 0.681876 -0.681876 2.84079
    endloop
  endfacet
  facet normal 0.288241 -0.252781 0.92359
    outer loop
      vertex 1.05267 -0.807745 2.69062
      vertex 0.765045 -0.58704 2.84079
      vertex 0.681876 -0.681876 2.84079
    endloop
  endfacet
  facet normal 0.318766 -0.213001 0.92359
    outer loop
      vertex 1.05267 -0.807745 2.69062
      vertex 1.1491 -0.663433 2.69062
      vertex 0.765045 -0.58704 2.84079
    endloop
  endfacet
  facet normal 0.318768 -0.212993 0.923591
    outer loop
      vertex 1.1491 -0.663433 2.69062
      vertex 0.835124 -0.482159 2.84079
      vertex 0.765045 -0.58704 2.84079
    endloop
  endfacet
  facet normal 0.343846 -0.169556 0.923591
    outer loop
      vertex 1.1491 -0.663433 2.69062
      vertex 1.22586 -0.50777 2.69062
      vertex 0.835124 -0.482159 2.84079
    endloop
  endfacet
  facet normal 0.343845 -0.169567 0.92359
    outer loop
      vertex 1.22586 -0.50777 2.69062
      vertex 0.890914 -0.369029 2.84079
      vertex 0.835124 -0.482159 2.84079
    endloop
  endfacet
  facet normal 0.363037 -0.123234 0.923589
    outer loop
      vertex 1.22586 -0.50777 2.69062
      vertex 1.28165 -0.343418 2.69062
      vertex 0.890914 -0.369029 2.84079
    endloop
  endfacet
  facet normal 0.363037 -0.123234 0.92359
    outer loop
      vertex 1.28165 -0.343418 2.69062
      vertex 0.93146 -0.249584 2.84079
      vertex 0.890914 -0.369029 2.84079
    endloop
  endfacet
  facet normal 0.376017 -0.0747938 0.923589
    outer loop
      vertex 1.28165 -0.343418 2.69062
      vertex 1.31551 -0.173191 2.69062
      vertex 0.93146 -0.249584 2.84079
    endloop
  endfacet
  facet normal 0.376017 -0.0747961 0.923589
    outer loop
      vertex 1.31551 -0.173191 2.69062
      vertex 0.956069 -0.125869 2.84079
      vertex 0.93146 -0.249584 2.84079
    endloop
  endfacet
  facet normal 0.382561 -0.025093 0.92359
    outer loop
      vertex 1.31551 -0.173191 2.69062
      vertex 1.32687 0 2.69062
      vertex 0.956069 -0.125869 2.84079
    endloop
  endfacet
  facet normal 0.382555 -0.0250712 0.923593
    outer loop
      vertex 1.32687 0 2.69062
      vertex 0.964318 0 2.84079
      vertex 0.956069 -0.125869 2.84079
    endloop
  endfacet
  facet normal 0.499738 0.032757 0.865557
    outer loop
      vertex 1.66671 0 2.49441
      vertex 1.65245 0.217549 2.49441
      vertex 1.32687 0 2.69062
    endloop
  endfacet
  facet normal 0.499727 0.0327783 0.865562
    outer loop
      vertex 1.65245 0.217549 2.49441
      vertex 1.31551 0.173191 2.69062
      vertex 1.32687 0 2.69062
    endloop
  endfacet
  facet normal 0.49118 0.0976953 0.865562
    outer loop
      vertex 1.65245 0.217549 2.49441
      vertex 1.60992 0.431376 2.49441
      vertex 1.31551 0.173191 2.69062
    endloop
  endfacet
  facet normal 0.491177 0.0977004 0.865563
    outer loop
      vertex 1.60992 0.431376 2.49441
      vertex 1.28165 0.343418 2.69062
      vertex 1.31551 0.173191 2.69062
    endloop
  endfacet
  facet normal 0.474222 0.160978 0.865563
    outer loop
      vertex 1.60992 0.431376 2.49441
      vertex 1.53984 0.637823 2.49441
      vertex 1.28165 0.343418 2.69062
    endloop
  endfacet
  facet normal 0.474223 0.160977 0.865563
    outer loop
      vertex 1.53984 0.637823 2.49441
      vertex 1.22586 0.50777 2.69062
      vertex 1.28165 0.343418 2.69062
    endloop
  endfacet
  facet normal 0.449151 0.221507 0.865562
    outer loop
      vertex 1.53984 0.637823 2.49441
      vertex 1.44341 0.833355 2.49441
      vertex 1.22586 0.50777 2.69062
    endloop
  endfacet
  facet normal 0.449168 0.221492 0.865557
    outer loop
      vertex 1.44341 0.833355 2.49441
      vertex 1.1491 0.663433 2.69062
      vertex 1.22586 0.50777 2.69062
    endloop
  endfacet
  facet normal 0.416412 0.278228 0.865558
    outer loop
      vertex 1.44341 0.833355 2.49441
      vertex 1.32229 1.01463 2.49441
      vertex 1.1491 0.663433 2.69062
    endloop
  endfacet
  facet normal 0.416396 0.278238 0.865562
    outer loop
      vertex 1.32229 1.01463 2.49441
      vertex 1.05267 0.807745 2.69062
      vertex 1.1491 0.663433 2.69062
    endloop
  endfacet
  facet normal 0.376518 0.330208 0.865562
    outer loop
      vertex 1.32229 1.01463 2.49441
      vertex 1.17854 1.17854 2.49441
      vertex 1.05267 0.807745 2.69062
    endloop
  endfacet
  facet normal 0.376533 0.330201 0.865558
    outer loop
      vertex 1.17854 1.17854 2.49441
      vertex 0.938236 0.938236 2.69062
      vertex 1.05267 0.807745 2.69062
    endloop
  endfacet
  facet normal 0.330212 0.376522 0.865558
    outer loop
      vertex 1.17854 1.17854 2.49441
      vertex 1.01463 1.32229 2.49441
      vertex 0.938236 0.938236 2.69062
    endloop
  endfacet
  facet normal 0.330196 0.376528 0.865562
    outer loop
      vertex 1.01463 1.32229 2.49441
      vertex 0.807745 1.05267 2.69062
      vertex 0.938236 0.938236 2.69062
    endloop
  endfacet
  facet normal 0.278224 0.416406 0.865562
    outer loop
      vertex 1.01463 1.32229 2.49441
      vertex 0.833355 1.44341 2.49441
      vertex 0.807745 1.05267 2.69062
    endloop
  endfacet
  facet normal 0.278242 0.416403 0.865558
    outer loop
      vertex 0.833355 1.44341 2.49441
      vertex 0.663433 1.1491 2.69062
      vertex 0.807745 1.05267 2.69062
    endloop
  endfacet
  facet normal 0.22151 0.449158 0.865558
    outer loop
      vertex 0.833355 1.44341 2.49441
      vertex 0.637823 1.53984 2.49441
      vertex 0.663433 1.1491 2.69062
    endloop
  endfacet
  facet normal 0.221488 0.449159 0.865563
    outer loop
      vertex 0.637823 1.53984 2.49441
      vertex 0.50777 1.22586 2.69062
      vertex 0.663433 1.1491 2.69062
    endloop
  endfacet
  facet normal 0.160978 0.474222 0.865563
    outer loop
      vertex 0.637823 1.53984 2.49441
      vertex 0.431376 1.60992 2.49441
      vertex 0.50777 1.22586 2.69062
    endloop
  endfacet
  facet normal 0.160977 0.474222 0.865563
    outer loop
      vertex 0.431376 1.60992 2.49441
      vertex 0.343418 1.28165 2.69062
      vertex 0.50777 1.22586 2.69062
    endloop
  endfacet
  facet normal 0.0976949 0.491178 0.865563
    outer loop
      vertex 0.431376 1.60992 2.49441
      vertex 0.217549 1.65245 2.49441
      vertex 0.343418 1.28165 2.69062
    endloop
  endfacet
  facet normal 0.097701 0.49118 0.865562
    outer loop
      vertex 0.217549 1.65245 2.49441
      vertex 0.173191 1.31551 2.69062
      vertex 0.343418 1.28165 2.69062
    endloop
  endfacet
  facet normal 0.0327565 0.49973 0.865562
    outer loop
      vertex 0.217549 1.65245 2.49441
      vertex 0 1.66671 2.49441
      vertex 0.173191 1.31551 2.69062
    endloop
  endfacet
  facet normal 0.0327789 0.499738 0.865556
    outer loop
      vertex 0 1.66671 2.49441
      vertex 0 1.32687 2.69062
      vertex 0.173191 1.31551 2.69062
    endloop
  endfacet
  facet normal -0.032757 0.499738 0.865557
    outer loop
      vertex 0 1.66671 2.49441
      vertex -0.217549 1.65245 2.49441
      vertex 0 1.32687 2.69062
    endloop
  endfacet
  facet normal -0.0327783 0.499727 0.865562
    outer loop
      vertex -0.217549 1.65245 2.49441
      vertex -0.173191 1.31551 2.69062
      vertex 0 1.32687 2.69062
    endloop
  endfacet
  facet normal -0.0976953 0.49118 0.865562
    outer loop
      vertex -0.217549 1.65245 2.49441
      vertex -0.431376 1.60992 2.49441
      vertex -0.173191 1.31551 2.69062
    endloop
  endfacet
  facet normal -0.0977004 0.491177 0.865563
    outer loop
      vertex -0.431376 1.60992 2.49441
      vertex -0.343418 1.28165 2.69062
      vertex -0.173191 1.31551 2.69062
    endloop
  endfacet
  facet normal -0.160978 0.474222 0.865563
    outer loop
      vertex -0.431376 1.60992 2.49441
      vertex -0.637823 1.53984 2.49441
      vertex -0.343418 1.28165 2.69062
    endloop
  endfacet
  facet normal -0.160977 0.474223 0.865563
    outer loop
      vertex -0.637823 1.53984 2.49441
      vertex -0.50777 1.22586 2.69062
      vertex -0.343418 1.28165 2.69062
    endloop
  endfacet
  facet normal -0.221507 0.449151 0.865562
    outer loop
      vertex -0.637823 1.53984 2.49441
      vertex -0.833355 1.44341 2.49441
      vertex -0.50777 1.22586 2.69062
    endloop
  endfacet
  facet normal -0.221492 0.449168 0.865557
    outer loop
      vertex -0.833355 1.44341 2.49441
      vertex -0.663433 1.1491 2.69062
      vertex -0.50777 1.22586 2.69062
    endloop
  endfacet
  facet normal -0.278228 0.416412 0.865558
    outer loop
      vertex -0.833355 1.44341 2.49441
      vertex -1.01463 1.32229 2.49441
      vertex -0.663433 1.1491 2.69062
    endloop
  endfacet
  facet normal -0.278238 0.416396 0.865562
    outer loop
      vertex -1.01463 1.32229 2.49441
      vertex -0.807745 1.05267 2.69062
      vertex -0.663433 1.1491 2.69062
    endloop
  endfacet
  facet normal -0.330208 0.376518 0.865562
    outer loop
      vertex -1.01463 1.32229 2.49441
      vertex -1.17854 1.17854 2.49441
      vertex -0.807745 1.05267 2.69062
    endloop
  endfacet
  facet normal -0.330201 0.376533 0.865558
    outer loop
      vertex -1.17854 1.17854 2.49441
      vertex -0.938236 0.938236 2.69062
      vertex -0.807745 1.05267 2.69062
    endloop
  endfacet
  facet normal -0.376522 0.330212 0.865558
    outer loop
      vertex -1.17854 1.17854 2.49441
      vertex -1.32229 1.01463 2.49441
      vertex -0.938236 0.938236 2.69062
    endloop
  endfacet
  facet normal -0.376528 0.330196 0.865562
    outer loop
      vertex -1.32229 1.01463 2.49441
      vertex -1.05267 0.807745 2.69062
      vertex -0.938236 0.938236 2.69062
    endloop
  endfacet
  facet normal -0.416406 0.278224 0.865562
    outer loop
      vertex -1.32229 1.01463 2.49441
      vertex -1.44341 0.833355 2.49441
      vertex -1.05267 0.807745 2.69062
    endloop
  endfacet
  facet normal -0.416403 0.278242 0.865558
    outer loop
      vertex -1.44341 0.833355 2.49441
      vertex -1.1491 0.663433 2.69062
      vertex -1.05267 0.807745 2.69062
    endloop
  endfacet
  facet normal -0.449158 0.22151 0.865558
    outer loop
      vertex -1.44341 0.833355 2.49441
      vertex -1.53984 0.637823 2.49441
      vertex -1.1491 0.663433 2.69062
    endloop
  endfacet
  facet normal -0.449159 0.221488 0.865563
    outer loop
      vertex -1.53984 0.637823 2.49441
      vertex -1.22586 0.50777 2.69062
      vertex -1.1491 0.663433 2.69062
    endloop
  endfacet
  facet normal -0.474222 0.160978 0.865563
    outer loop
      vertex -1.53984 0.637823 2.49441
      vertex -1.60992 0.431376 2.49441
      vertex -1.22586 0.50777 2.69062
    endloop
  endfacet
  facet normal -0.474222 0.160977 0.865563
    outer loop
      vertex -1.60992 0.431376 2.49441
      vertex -1.28165 0.343418 2.69062
      vertex -1.22586 0.50777 2.69062
    endloop
  endfacet
  facet normal -0.491178 0.0976949 0.865563
    outer loop
      vertex -1.60992 0.431376 2.49441
      vertex -1.65245 0.217549 2.49441
      vertex -1.28165 0.343418 2.69062
    endloop
  endfacet
  facet normal -0.49118 0.097701 0.865562
    outer loop
      vertex -1.65245 0.217549 2.49441
      vertex -1.31551 0.173191 2.69062
      vertex -1.28165 0.343418 2.69062
    endloop
  endfacet
  facet normal -0.49973 0.0327565 0.865562
    outer loop
      vertex -1.65245 0.217549 2.49441
      vertex -1.66671 -0 2.49441
      vertex -1.31551 0.173191 2.69062
    endloop
  endfacet
  facet normal -0.499738 0.0327789 0.865556
    outer loop
      vertex -1.66671 -0 2.49441
      vertex -1.32687 -0 2.69062
      vertex -1.31551 0.173191 2.69062
    endloop
  endfacet
  facet normal -0.499738 -0.032757 0.865557
    outer loop
      vertex -1.66671 -0 2.49441
      vertex -1.65245 -0.217549 2.49441
      vertex -1.32687 -0 2.69062
    endloop
  endfacet
  facet normal -0.499727 -0.0327783 0.865562
    outer loop
      vertex -1.65245 -0.217549 2.49441
      vertex -1.31551 -0.173191 2.69062
      vertex -1.32687 -0 2.69062
    endloop
  endfacet
  facet normal -0.49118 -0.0976953 0.865562
    outer loop
      vertex -1.65245 -0.217549 2.49441
      vertex -1.60992 -0.431376 2.49441
      vertex -1.31551 -0.173191 2.69062
    endloop
  endfacet
  facet normal -0.491177 -0.0977004 0.865563
    outer loop
      vertex -1.60992 -0.431376 2.49441
      vertex -1.28165 -0.343418 2.69062
      vertex -1.31551 -0.173191 2.69062
    endloop
  endfacet
  facet normal -0.474222 -0.160978 0.865563
    outer loop
      vertex -1.60992 -0.431376 2.49441
      vertex -1.53984 -0.637823 2.49441
      vertex -1.28165 -0.343418 2.69062
    endloop
  endfacet
  facet normal -0.474223 -0.160977 0.865563
    outer loop
      vertex -1.53984 -0.637823 2.49441
      vertex -1.22586 -0.50777 2.69062
      vertex -1.28165 -0.343418 2.69062
    endloop
  endfacet
  facet normal -0.449151 -0.221507 0.865562
    outer loop
      vertex -1.53984 -0.637823 2.49441
      vertex -1.44341 -0.833355 2.49441
      vertex -1.22586 -0.50777 2.69062
    endloop
  endfacet
  facet normal -0.449168 -0.221492 0.865557
    outer loop
      vertex -1.44341 -0.833355 2.49441
      vertex -1.1491 -0.663433 2.69062
      vertex -1.22586 -0.50777 2.69062
    endloop
  endfacet
  facet normal -0.416412 -0.278228 0.865558
    outer loop
      vertex -1.44341 -0.833355 2.49441
      vertex -1.32229 -1.01463 2.49441
      vertex -1.1491 -0.663433 2.69062
    endloop
  endfacet
  facet normal -0.416396 -0.278238 0.865562
    outer loop
      vertex -1.32229 -1.01463 2.49441
      vertex -1.05267 -0.807745 2.69062
      vertex -1.1491 -0.663433 2.69062
    endloop
  endfacet
  facet normal -0.376518 -0.330208 0.865562
    outer loop
      vertex -1.32229 -1.01463 2.49441
      vertex -1.17854 -1.17854 2.49441
      vertex -1.05267 -0.807745 2.69062
    endloop
  endfacet
  facet normal -0.376533 -0.330201 0.865558
    outer loop
      vertex -1.17854 -1.17854 2.49441
      vertex -0.938236 -0.938236 2.69062
      vertex -1.05267 -0.807745 2.69062
    endloop
  endfacet
  facet normal -0.330212 -0.376522 0.865558
    outer loop
      vertex -1.17854 -1.17854 2.49441
      vertex -1.01463 -1.32229 2.49441
      vertex -0.938236 -0.938236 2.69062
    endloop
  endfacet
  facet normal -0.330196 -0.376528 0.865562
    outer loop
      vertex -1.01463 -1.32229 2.49441
      vertex -0.807745 -1.05267 2.69062
      vertex -0.938236 -0.938236 2.69062
    endloop
  endfacet
  facet normal -0.278224 -0.416406 0.865562
    outer loop
      vertex -1.01463 -1.32229 2.49441
      vertex -0.833355 -1.44341 2.49441
      vertex -0.807745 -1.05267 2.69062
    endloop
  endfacet
  facet normal -0.278242 -0.416403 0.865558
    outer loop
      vertex -0.833355 -1.44341 2.49441
      vertex -0.663433 -1.1491 2.69062
      vertex -0.807745 -1.05267 2.69062
    endloop
  endfacet
  facet normal -0.22151 -0.449158 0.865558
    outer loop
      vertex -0.833355 -1.44341 2.49441
      vertex -0.637823 -1.53984 2.49441
      vertex -0.663433 -1.1491 2.69062
    endloop
  endfacet
  facet normal -0.221488 -0.449159 0.865563
    outer loop
      vertex -0.637823 -1.53984 2.49441
      vertex -0.50777 -1.22586 2.69062
      vertex -0.663433 -1.1491 2.69062
    endloop
  endfacet
  facet normal -0.160978 -0.474222 0.865563
    outer loop
      vertex -0.637823 -1.53984 2.49441
      vertex -0.431376 -1.60992 2.49441
      vertex -0.50777 -1.22586 2.69062
    endloop
  endfacet
  facet normal -0.160977 -0.474222 0.865563
    outer loop
      vertex -0.431376 -1.60992 2.49441
      vertex -0.343418 -1.28165 2.69062
      vertex -0.50777 -1.22586 2.69062
    endloop
  endfacet
  facet normal -0.0976949 -0.491178 0.865563
    outer loop
      vertex -0.431376 -1.60992 2.49441
      vertex -0.217549 -1.65245 2.49441
      vertex -0.343418 -1.28165 2.69062
    endloop
  endfacet
  facet normal -0.097701 -0.49118 0.865562
    outer loop
      vertex -0.217549 -1.65245 2.49441
      vertex -0.173191 -1.31551 2.69062
      vertex -0.343418 -1.28165 2.69062
    endloop
  endfacet
  facet normal -0.0327565 -0.49973 0.865562
    outer loop
      vertex -0.217549 -1.65245 2.49441
      vertex -0 -1.66671 2.49441
      vertex -0.173191 -1.31551 2.69062
    endloop
  endfacet
  facet normal -0.0327789 -0.499738 0.865556
    outer loop
      vertex -0 -1.66671 2.49441
      vertex -0 -1.32687 2.69062
      vertex -0.173191 -1.31551 2.69062
    endloop
  endfacet
  facet normal 0.032757 -0.499738 0.865557
    outer loop
      vertex -0 -1.66671 2.49441
      vertex 0.217549 -1.65245 2.49441
      vertex -0 -1.32687 2.69062
    endloop
  endfacet
  facet normal 0.0327783 -0.499727 0.865562
    outer loop
      vertex 0.217549 -1.65245 2.49441
      vertex 0.173191 -1.31551 2.69062
      vertex -0 -1.32687 2.69062
    endloop
  endfacet
  facet normal 0.0976953 -0.49118 0.865562
    outer loop
      vertex 0.217549 -1.65245 2.49441
      vertex 0.431376 -1.60992 2.49441
      vertex 0.173191 -1.31551 2.69062
    endloop
  endfacet
  facet normal 0.0977004 -0.491177 0.865563
    outer loop
      vertex 0.431376 -1.60992 2.49441
      vertex 0.343418 -1.28165 2.69062
      vertex 0.173191 -1.31551 2.69062
    endloop
  endfacet
  facet normal 0.160978 -0.474222 0.865563
    outer loop
      vertex 0.431376 -1.60992 2.49441
      vertex 0.637823 -1.53984 2.49441
      vertex 0.343418 -1.28165 2.69062
    endloop
  endfacet
  facet normal 0.160977 -0.474223 0.865563
    outer loop
      vertex 0.637823 -1.53984 2.49441
      vertex 0.50777 -1.22586 2.69062
      vertex 0.343418 -1.28165 2.69062
    endloop
  endfacet
  facet normal 0.221507 -0.449151 0.865562
    outer loop
      vertex 0.637823 -1.53984 2.49441
      vertex 0.833355 -1.44341 2.49441
      vertex 0.50777 -1.22586 2.69062
    endloop
  endfacet
  facet normal 0.221492 -0.449168 0.865557
    outer loop
      vertex 0.833355 -1.44341 2.49441
      vertex 0.663433 -1.1491 2.69062
      vertex 0.50777 -1.22586 2.69062
    endloop
  endfacet
  facet normal 0.278228 -0.416412 0.865558
    outer loop
      vertex 0.833355 -1.44341 2.49441
      vertex 1.01463 -1.32229 2.49441
      vertex 0.663433 -1.1491 2.69062
    endloop
  endfacet
  facet normal 0.278238 -0.416396 0.865562
    outer loop
      vertex 1.01463 -1.32229 2.49441
      vertex 0.807745 -1.05267 2.69062
      vertex 0.663433 -1.1491 2.69062
    endloop
  endfacet
  facet normal 0.330208 -0.376518 0.865562
    outer loop
      vertex 1.01463 -1.32229 2.49441
      vertex 1.17854 -1.17854 2.49441
      vertex 0.807745 -1.05267 2.69062
    endloop
  endfacet
  facet normal 0.330201 -0.376533 0.865558
    outer loop
      vertex 1.17854 -1.17854 2.49441
      vertex 0.938236 -0.938236 2.69062
      vertex 0.807745 -1.05267 2.69062
    endloop
  endfacet
  facet normal 0.376522 -0.330212 0.865558
    outer loop
      vertex 1.17854 -1.17854 2.49441
      vertex 1.32229 -1.01463 2.49441
      vertex 0.938236 -0.938236 2.69062
    endloop
  endfacet
  facet normal 0.376528 -0.330196 0.865562
    outer loop
      vertex 1.32229 -1.01463 2.49441
      vertex 1.05267 -0.807745 2.69062
      vertex 0.938236 -0.938236 2.69062
    endloop
  endfacet
  facet normal 0.416406 -0.278224 0.865562
    outer loop
      vertex 1.32229 -1.01463 2.49441
      vertex 1.44341 -0.833355 2.49441
      vertex 1.05267 -0.807745 2.69062
    endloop
  endfacet
  facet normal 0.416403 -0.278242 0.865558
    outer loop
      vertex 1.44341 -0.833355 2.49441
      vertex 1.1491 -0.663433 2.69062
      vertex 1.05267 -0.807745 2.69062
    endloop
  endfacet
  facet normal 0.449158 -0.22151 0.865558
    outer loop
      vertex 1.44341 -0.833355 2.49441
      vertex 1.53984 -0.637823 2.49441
      vertex 1.1491 -0.663433 2.69062
    endloop
  endfacet
  facet normal 0.449159 -0.221488 0.865563
    outer loop
      vertex 1.53984 -0.637823 2.49441
      vertex 1.22586 -0.50777 2.69062
      vertex 1.1491 -0.663433 2.69062
    endloop
  endfacet
  facet normal 0.474222 -0.160978 0.865563
    outer loop
      vertex 1.53984 -0.637823 2.49441
      vertex 1.60992 -0.431376 2.49441
      vertex 1.22586 -0.50777 2.69062
    endloop
  endfacet
  facet normal 0.474222 -0.160977 0.865563
    outer loop
      vertex 1.60992 -0.431376 2.49441
      vertex 1.28165 -0.343418 2.69062
      vertex 1.22586 -0.50777 2.69062
    endloop
  endfacet
  facet normal 0.491178 -0.0976949 0.865563
    outer loop
      vertex 1.60992 -0.431376 2.49441
      vertex 1.65245 -0.217549 2.49441
      vertex 1.28165 -0.343418 2.69062
    endloop
  endfacet
  facet normal 0.49118 -0.097701 0.865562
    outer loop
      vertex 1.65245 -0.217549 2.49441
      vertex 1.31551 -0.173191 2.69062
      vertex 1.28165 -0.343418 2.69062
    endloop
  endfacet
  facet normal 0.49973 -0.0327565 0.865562
    outer loop
      vertex 1.65245 -0.217549 2.49441
      vertex 1.66671 0 2.49441
      vertex 1.31551 -0.173191 2.69062
    endloop
  endfacet
  facet normal 0.499738 -0.0327789 0.865556
    outer loop
      vertex 1.66671 0 2.49441
      vertex 1.32687 0 2.69062
      vertex 1.31551 -0.173191 2.69062
    endloop
  endfacet
  facet normal 0.608275 0.0398628 0.792725
    outer loop
      vertex 1.97804 0 2.25552
      vertex 1.96112 0.258186 2.25552
      vertex 1.66671 0 2.49441
    endloop
  endfacet
  facet normal 0.60827 0.0398711 0.792728
    outer loop
      vertex 1.96112 0.258186 2.25552
      vertex 1.65245 0.217549 2.49441
      vertex 1.66671 0 2.49441
    endloop
  endfacet
  facet normal 0.597862 0.118928 0.792728
    outer loop
      vertex 1.96112 0.258186 2.25552
      vertex 1.91064 0.511954 2.25552
      vertex 1.65245 0.217549 2.49441
    endloop
  endfacet
  facet normal 0.59787 0.118916 0.792723
    outer loop
      vertex 1.91064 0.511954 2.25552
      vertex 1.60992 0.431376 2.49441
      vertex 1.65245 0.217549 2.49441
    endloop
  endfacet
  facet normal 0.577231 0.195946 0.792723
    outer loop
      vertex 1.91064 0.511954 2.25552
      vertex 1.82747 0.756962 2.25552
      vertex 1.60992 0.431376 2.49441
    endloop
  endfacet
  facet normal 0.577231 0.195945 0.792723
    outer loop
      vertex 1.82747 0.756962 2.25552
      vertex 1.53984 0.637823 2.49441
      vertex 1.60992 0.431376 2.49441
    endloop
  endfacet
  facet normal 0.546716 0.269615 0.792723
    outer loop
      vertex 1.82747 0.756962 2.25552
      vertex 1.71303 0.989019 2.25552
      vertex 1.53984 0.637823 2.49441
    endloop
  endfacet
  facet normal 0.54671 0.26962 0.792725
    outer loop
      vertex 1.71303 0.989019 2.25552
      vertex 1.44341 0.833355 2.49441
      vertex 1.53984 0.637823 2.49441
    endloop
  endfacet
  facet normal 0.506843 0.338671 0.792724
    outer loop
      vertex 1.71303 0.989019 2.25552
      vertex 1.56928 1.20415 2.25552
      vertex 1.44341 0.833355 2.49441
    endloop
  endfacet
  facet normal 0.50686 0.338661 0.792718
    outer loop
      vertex 1.56928 1.20415 2.25552
      vertex 1.32229 1.01463 2.49441
      vertex 1.44341 0.833355 2.49441
    endloop
  endfacet
  facet normal 0.458311 0.401932 0.792718
    outer loop
      vertex 1.56928 1.20415 2.25552
      vertex 1.39868 1.39868 2.25552
      vertex 1.32229 1.01463 2.49441
    endloop
  endfacet
  facet normal 0.458304 0.401935 0.79272
    outer loop
      vertex 1.39868 1.39868 2.25552
      vertex 1.17854 1.17854 2.49441
      vertex 1.32229 1.01463 2.49441
    endloop
  endfacet
  facet normal 0.40193 0.458309 0.79272
    outer loop
      vertex 1.39868 1.39868 2.25552
      vertex 1.20415 1.56928 2.25552
      vertex 1.17854 1.17854 2.49441
    endloop
  endfacet
  facet normal 0.401937 0.458307 0.792718
    outer loop
      vertex 1.20415 1.56928 2.25552
      vertex 1.01463 1.32229 2.49441
      vertex 1.17854 1.17854 2.49441
    endloop
  endfacet
  facet normal 0.338676 0.506849 0.792718
    outer loop
      vertex 1.20415 1.56928 2.25552
      vertex 0.989019 1.71303 2.25552
      vertex 1.01463 1.32229 2.49441
    endloop
  endfacet
  facet normal 0.338656 0.506852 0.792725
    outer loop
      vertex 0.989019 1.71303 2.25552
      vertex 0.833355 1.44341 2.49441
      vertex 1.01463 1.32229 2.49441
    endloop
  endfacet
  facet normal 0.269614 0.546713 0.792725
    outer loop
      vertex 0.989019 1.71303 2.25552
      vertex 0.756962 1.82747 2.25552
      vertex 0.833355 1.44341 2.49441
    endloop
  endfacet
  facet normal 0.269621 0.546713 0.792723
    outer loop
      vertex 0.756962 1.82747 2.25552
      vertex 0.637823 1.53984 2.49441
      vertex 0.833355 1.44341 2.49441
    endloop
  endfacet
  facet normal 0.195946 0.577231 0.792723
    outer loop
      vertex 0.756962 1.82747 2.25552
      vertex 0.511954 1.91064 2.25552
      vertex 0.637823 1.53984 2.49441
    endloop
  endfacet
  facet normal 0.195945 0.577231 0.792723
    outer loop
      vertex 0.511954 1.91064 2.25552
      vertex 0.431376 1.60992 2.49441
      vertex 0.637823 1.53984 2.49441
    endloop
  endfacet
  facet normal 0.118929 0.597867 0.792724
    outer loop
      vertex 0.511954 1.91064 2.25552
      vertex 0.258186 1.96112 2.25552
      vertex 0.431376 1.60992 2.49441
    endloop
  endfacet
  facet normal 0.118915 0.597864 0.792728
    outer loop
      vertex 0.258186 1.96112 2.25552
      vertex 0.217549 1.65245 2.49441
      vertex 0.431376 1.60992 2.49441
    endloop
  endfacet
  facet normal 0.0398625 0.608271 0.792728
    outer loop
      vertex 0.258186 1.96112 2.25552
      vertex 0 1.97804 2.25552
      vertex 0.217549 1.65245 2.49441
    endloop
  endfacet
  facet normal 0.0398714 0.608274 0.792725
    outer loop
      vertex 0 1.97804 2.25552
      vertex 0 1.66671 2.49441
      vertex 0.217549 1.65245 2.49441
    endloop
  endfacet
  facet normal -0.0398628 0.608275 0.792725
    outer loop
      vertex 0 1.97804 2.25552
      vertex -0.258186 1.96112 2.25552
      vertex 0 1.66671 2.49441
    endloop
  endfacet
  facet normal -0.0398711 0.60827 0.792728
    outer loop
      vertex -0.258186 1.96112 2.25552
      vertex -0.217549 1.65245 2.49441
      vertex 0 1.66671 2.49441
    endloop
  endfacet
  facet normal -0.118928 0.597862 0.792728
    outer loop
      vertex -0.258186 1.96112 2.25552
      vertex -0.511954 1.91064 2.25552
      vertex -0.217549 1.65245 2.49441
    endloop
  endfacet
  facet normal -0.118916 0.59787 0.792723
    outer loop
      vertex -0.511954 1.91064 2.25552
      vertex -0.431376 1.60992 2.49441
      vertex -0.217549 1.65245 2.49441
    endloop
  endfacet
  facet normal -0.195946 0.577231 0.792723
    outer loop
      vertex -0.511954 1.91064 2.25552
      vertex -0.756962 1.82747 2.25552
      vertex -0.431376 1.60992 2.49441
    endloop
  endfacet
  facet normal -0.195945 0.577231 0.792723
    outer loop
      vertex -0.756962 1.82747 2.25552
      vertex -0.637823 1.53984 2.49441
      vertex -0.431376 1.60992 2.49441
    endloop
  endfacet
  facet normal -0.269615 0.546716 0.792723
    outer loop
      vertex -0.756962 1.82747 2.25552
      vertex -0.989019 1.71303 2.25552
      vertex -0.637823 1.53984 2.49441
    endloop
  endfacet
  facet normal -0.26962 0.54671 0.792725
    outer loop
      vertex -0.989019 1.71303 2.25552
      vertex -0.833355 1.44341 2.49441
      vertex -0.637823 1.53984 2.49441
    endloop
  endfacet
  facet normal -0.338671 0.506843 0.792724
    outer loop
      vertex -0.989019 1.71303 2.25552
      vertex -1.20415 1.56928 2.25552
      vertex -0.833355 1.44341 2.49441
    endloop
  endfacet
  facet normal -0.338661 0.50686 0.792718
    outer loop
      vertex -1.20415 1.56928 2.25552
      vertex -1.01463 1.32229 2.49441
      vertex -0.833355 1.44341 2.49441
    endloop
  endfacet
  facet normal -0.401932 0.458311 0.792718
    outer loop
      vertex -1.20415 1.56928 2.25552
      vertex -1.39868 1.39868 2.25552
      vertex -1.01463 1.32229 2.49441
    endloop
  endfacet
  facet normal -0.401935 0.458304 0.79272
    outer loop
      vertex -1.39868 1.39868 2.25552
      vertex -1.17854 1.17854 2.49441
      vertex -1.01463 1.32229 2.49441
    endloop
  endfacet
  facet normal -0.458309 0.40193 0.79272
    outer loop
      vertex -1.39868 1.39868 2.25552
      vertex -1.56928 1.20415 2.25552
      vertex -1.17854 1.17854 2.49441
    endloop
  endfacet
  facet normal -0.458307 0.401937 0.792718
    outer loop
      vertex -1.56928 1.20415 2.25552
      vertex -1.32229 1.01463 2.49441
      vertex -1.17854 1.17854 2.49441
    endloop
  endfacet
  facet normal -0.506849 0.338676 0.792718
    outer loop
      vertex -1.56928 1.20415 2.25552
      vertex -1.71303 0.989019 2.25552
      vertex -1.32229 1.01463 2.49441
    endloop
  endfacet
  facet normal -0.506852 0.338656 0.792725
    outer loop
      vertex -1.71303 0.989019 2.25552
      vertex -1.44341 0.833355 2.49441
      vertex -1.32229 1.01463 2.49441
    endloop
  endfacet
  facet normal -0.546713 0.269614 0.792725
    outer loop
      vertex -1.71303 0.989019 2.25552
      vertex -1.82747 0.756962 2.25552
      vertex -1.44341 0.833355 2.49441
    endloop
  endfacet
  facet normal -0.546713 0.269621 0.792723
    outer loop
      vertex -1.82747 0.756962 2.25552
      vertex -1.53984 0.637823 2.49441
      vertex -1.44341 0.833355 2.49441
    endloop
  endfacet
  facet normal -0.577231 0.195946 0.792723
    outer loop
      vertex -1.82747 0.756962 2.25552
      vertex -1.91064 0.511954 2.25552
      vertex -1.53984 0.637823 2.49441
    endloop
  endfacet
  facet normal -0.577231 0.195945 0.792723
    outer loop
      vertex -1.91064 0.511954 2.25552
      vertex -1.60992 0.431376 2.49441
      vertex -1.53984 0.637823 2.49441
    endloop
  endfacet
  facet normal -0.597867 0.118929 0.792724
    outer loop
      vertex -1.91064 0.511954 2.25552
      vertex -1.96112 0.258186 2.25552
      vertex -1.60992 0.431376 2.49441
    endloop
  endfacet
  facet normal -0.597864 0.118915 0.792728
    outer loop
      vertex -1.96112 0.258186 2.25552
      vertex -1.65245 0.217549 2.49441
      vertex -1.60992 0.431376 2.49441
    endloop
  endfacet
  facet normal -0.608271 0.0398625 0.792728
    outer loop
      vertex -1.96112 0.258186 2.25552
      vertex -1.97804 -0 2.25552
      vertex -1.65245 0.217549 2.49441
    endloop
  endfacet
  facet normal -0.608274 0.0398714 0.792725
    outer loop
      vertex -1.97804 -0 2.25552
      vertex -1.66671 -0 2.49441
      vertex -1.65245 0.217549 2.49441
    endloop
  endfacet
  facet normal -0.608275 -0.0398628 0.792725
    outer loop
      vertex -1.97804 -0 2.25552
      vertex -1.96112 -0.258186 2.25552
      vertex -1.66671 -0 2.49441
    endloop
  endfacet
  facet normal -0.60827 -0.0398711 0.792728
    outer loop
      vertex -1.96112 -0.258186 2.25552
      vertex -1.65245 -0.217549 2.49441
      vertex -1.66671 -0 2.49441
    endloop
  endfacet
  facet normal -0.597862 -0.118928 0.792728
    outer loop
      vertex -1.96112 -0.258186 2.25552
      vertex -1.91064 -0.511954 2.25552
      vertex -1.65245 -0.217549 2.49441
    endloop
  endfacet
  facet normal -0.59787 -0.118916 0.792723
    outer loop
      vertex -1.91064 -0.511954 2.25552
      vertex -1.60992 -0.431376 2.49441
      vertex -1.65245 -0.217549 2.49441
    endloop
  endfacet
  facet normal -0.577231 -0.195946 0.792723
    outer loop
      vertex -1.91064 -0.511954 2.25552
      vertex -1.82747 -0.756962 2.25552
      vertex -1.60992 -0.431376 2.49441
    endloop
  endfacet
  facet normal -0.577231 -0.195945 0.792723
    outer loop
      vertex -1.82747 -0.756962 2.25552
      vertex -1.53984 -0.637823 2.49441
      vertex -1.60992 -0.431376 2.49441
    endloop
  endfacet
  facet normal -0.546716 -0.269615 0.792723
    outer loop
      vertex -1.82747 -0.756962 2.25552
      vertex -1.71303 -0.989019 2.25552
      vertex -1.53984 -0.637823 2.49441
    endloop
  endfacet
  facet normal -0.54671 -0.26962 0.792725
    outer loop
      vertex -1.71303 -0.989019 2.25552
      vertex -1.44341 -0.833355 2.49441
      vertex -1.53984 -0.637823 2.49441
    endloop
  endfacet
  facet normal -0.506843 -0.338671 0.792724
    outer loop
      vertex -1.71303 -0.989019 2.25552
      vertex -1.56928 -1.20415 2.25552
      vertex -1.44341 -0.833355 2.49441
    endloop
  endfacet
  facet normal -0.50686 -0.338661 0.792718
    outer loop
      vertex -1.56928 -1.20415 2.25552
      vertex -1.32229 -1.01463 2.49441
      vertex -1.44341 -0.833355 2.49441
    endloop
  endfacet
  facet normal -0.458311 -0.401932 0.792718
    outer loop
      vertex -1.56928 -1.20415 2.25552
      vertex -1.39868 -1.39868 2.25552
      vertex -1.32229 -1.01463 2.49441
    endloop
  endfacet
  facet normal -0.458304 -0.401935 0.79272
    outer loop
      vertex -1.39868 -1.39868 2.25552
      vertex -1.17854 -1.17854 2.49441
      vertex -1.32229 -1.01463 2.49441
    endloop
  endfacet
  facet normal -0.40193 -0.458309 0.79272
    outer loop
      vertex -1.39868 -1.39868 2.25552
      vertex -1.20415 -1.56928 2.25552
      vertex -1.17854 -1.17854 2.49441
    endloop
  endfacet
  facet normal -0.401937 -0.458307 0.792718
    outer loop
      vertex -1.20415 -1.56928 2.25552
      vertex -1.01463 -1.32229 2.49441
      vertex -1.17854 -1.17854 2.49441
    endloop
  endfacet
  facet normal -0.338676 -0.506849 0.792718
    outer loop
      vertex -1.20415 -1.56928 2.25552
      vertex -0.989019 -1.71303 2.25552
      vertex -1.01463 -1.32229 2.49441
    endloop
  endfacet
  facet normal -0.338656 -0.506852 0.792725
    outer loop
      vertex -0.989019 -1.71303 2.25552
      vertex -0.833355 -1.44341 2.49441
      vertex -1.01463 -1.32229 2.49441
    endloop
  endfacet
  facet normal -0.269614 -0.546713 0.792725
    outer loop
      vertex -0.989019 -1.71303 2.25552
      vertex -0.756962 -1.82747 2.25552
      vertex -0.833355 -1.44341 2.49441
    endloop
  endfacet
  facet normal -0.269621 -0.546713 0.792723
    outer loop
      vertex -0.756962 -1.82747 2.25552
      vertex -0.637823 -1.53984 2.49441
      vertex -0.833355 -1.44341 2.49441
    endloop
  endfacet
  facet normal -0.195946 -0.577231 0.792723
    outer loop
      vertex -0.756962 -1.82747 2.25552
      vertex -0.511954 -1.91064 2.25552
      vertex -0.637823 -1.53984 2.49441
    endloop
  endfacet
  facet normal -0.195945 -0.577231 0.792723
    outer loop
      vertex -0.511954 -1.91064 2.25552
      vertex -0.431376 -1.60992 2.49441
      vertex -0.637823 -1.53984 2.49441
    endloop
  endfacet
  facet normal -0.118929 -0.597867 0.792724
    outer loop
      vertex -0.511954 -1.91064 2.25552
      vertex -0.258186 -1.96112 2.25552
      vertex -0.431376 -1.60992 2.49441
    endloop
  endfacet
  facet normal -0.118915 -0.597864 0.792728
    outer loop
      vertex -0.258186 -1.96112 2.25552
      vertex -0.217549 -1.65245 2.49441
      vertex -0.431376 -1.60992 2.49441
    endloop
  endfacet
  facet normal -0.0398625 -0.608271 0.792728
    outer loop
      vertex -0.258186 -1.96112 2.25552
      vertex -0 -1.97804 2.25552
      vertex -0.217549 -1.65245 2.49441
    endloop
  endfacet
  facet normal -0.0398714 -0.608274 0.792725
    outer loop
      vertex -0 -1.97804 2.25552
      vertex -0 -1.66671 2.49441
      vertex -0.217549 -1.65245 2.49441
    endloop
  endfacet
  facet normal 0.0398628 -0.608275 0.792725
    outer loop
      vertex -0 -1.97804 2.25552
      vertex 0.258186 -1.96112 2.25552
      vertex -0 -1.66671 2.49441
    endloop
  endfacet
  facet normal 0.0398711 -0.60827 0.792728
    outer loop
      vertex 0.258186 -1.96112 2.25552
      vertex 0.217549 -1.65245 2.49441
      vertex -0 -1.66671 2.49441
    endloop
  endfacet
  facet normal 0.118928 -0.597862 0.792728
    outer loop
      vertex 0.258186 -1.96112 2.25552
      vertex 0.511954 -1.91064 2.25552
      vertex 0.217549 -1.65245 2.49441
    endloop
  endfacet
  facet normal 0.118916 -0.59787 0.792723
    outer loop
      vertex 0.511954 -1.91064 2.25552
      vertex 0.431376 -1.60992 2.49441
      vertex 0.217549 -1.65245 2.49441
    endloop
  endfacet
  facet normal 0.195946 -0.577231 0.792723
    outer loop
      vertex 0.511954 -1.91064 2.25552
      vertex 0.756962 -1.82747 2.25552
      vertex 0.431376 -1.60992 2.49441
    endloop
  endfacet
  facet normal 0.195945 -0.577231 0.792723
    outer loop
      vertex 0.756962 -1.82747 2.25552
      vertex 0.637823 -1.53984 2.49441
      vertex 0.431376 -1.60992 2.49441
    endloop
  endfacet
  facet normal 0.269615 -0.546716 0.792723
    outer loop
      vertex 0.756962 -1.82747 2.25552
      vertex 0.989019 -1.71303 2.25552
      vertex 0.637823 -1.53984 2.49441
    endloop
  endfacet
  facet normal 0.26962 -0.54671 0.792725
    outer loop
      vertex 0.989019 -1.71303 2.25552
      vertex 0.833355 -1.44341 2.49441
      vertex 0.637823 -1.53984 2.49441
    endloop
  endfacet
  facet normal 0.338671 -0.506843 0.792724
    outer loop
      vertex 0.989019 -1.71303 2.25552
      vertex 1.20415 -1.56928 2.25552
      vertex 0.833355 -1.44341 2.49441
    endloop
  endfacet
  facet normal 0.338661 -0.50686 0.792718
    outer loop
      vertex 1.20415 -1.56928 2.25552
      vertex 1.01463 -1.32229 2.49441
      vertex 0.833355 -1.44341 2.49441
    endloop
  endfacet
  facet normal 0.401932 -0.458311 0.792718
    outer loop
      vertex 1.20415 -1.56928 2.25552
      vertex 1.39868 -1.39868 2.25552
      vertex 1.01463 -1.32229 2.49441
    endloop
  endfacet
  facet normal 0.401935 -0.458304 0.79272
    outer loop
      vertex 1.39868 -1.39868 2.25552
      vertex 1.17854 -1.17854 2.49441
      vertex 1.01463 -1.32229 2.49441
    endloop
  endfacet
  facet normal 0.458309 -0.40193 0.79272
    outer loop
      vertex 1.39868 -1.39868 2.25552
      vertex 1.56928 -1.20415 2.25552
      vertex 1.17854 -1.17854 2.49441
    endloop
  endfacet
  facet normal 0.458307 -0.401937 0.792718
    outer loop
      vertex 1.56928 -1.20415 2.25552
      vertex 1.32229 -1.01463 2.49441
      vertex 1.17854 -1.17854 2.49441
    endloop
  endfacet
  facet normal 0.506849 -0.338676 0.792718
    outer loop
      vertex 1.56928 -1.20415 2.25552
      vertex 1.71303 -0.989019 2.25552
      vertex 1.32229 -1.01463 2.49441
    endloop
  endfacet
  facet normal 0.506852 -0.338656 0.792725
    outer loop
      vertex 1.71303 -0.989019 2.25552
      vertex 1.44341 -0.833355 2.49441
      vertex 1.32229 -1.01463 2.49441
    endloop
  endfacet
  facet normal 0.546713 -0.269614 0.792725
    outer loop
      vertex 1.71303 -0.989019 2.25552
      vertex 1.82747 -0.756962 2.25552
      vertex 1.44341 -0.833355 2.49441
    endloop
  endfacet
  facet normal 0.546713 -0.269621 0.792723
    outer loop
      vertex 1.82747 -0.756962 2.25552
      vertex 1.53984 -0.637823 2.49441
      vertex 1.44341 -0.833355 2.49441
    endloop
  endfacet
  facet normal 0.577231 -0.195946 0.792723
    outer loop
      vertex 1.82747 -0.756962 2.25552
      vertex 1.91064 -0.511954 2.25552
      vertex 1.53984 -0.637823 2.49441
    endloop
  endfacet
  facet normal 0.577231 -0.195945 0.792723
    outer loop
      vertex 1.91064 -0.511954 2.25552
      vertex 1.60992 -0.431376 2.49441
      vertex 1.53984 -0.637823 2.49441
    endloop
  endfacet
  facet normal 0.597867 -0.118929 0.792724
    outer loop
      vertex 1.91064 -0.511954 2.25552
      vertex 1.96112 -0.258186 2.25552
      vertex 1.60992 -0.431376 2.49441
    endloop
  endfacet
  facet normal 0.597864 -0.118915 0.792728
    outer loop
      vertex 1.96112 -0.258186 2.25552
      vertex 1.65245 -0.217549 2.49441
      vertex 1.60992 -0.431376 2.49441
    endloop
  endfacet
  facet normal 0.608271 -0.0398625 0.792728
    outer loop
      vertex 1.96112 -0.258186 2.25552
      vertex 1.97804 0 2.25552
      vertex 1.65245 -0.217549 2.49441
    endloop
  endfacet
  facet normal 0.608274 -0.0398714 0.792725
    outer loop
      vertex 1.97804 0 2.25552
      vertex 1.66671 0 2.49441
      vertex 1.65245 -0.217549 2.49441
    endloop
  endfacet
  facet normal 0.706348 0.0463055 0.706348
    outer loop
      vertex 2.25552 0 1.97804
      vertex 2.23622 0.294404 1.97804
      vertex 1.97804 0 2.25552
    endloop
  endfacet
  facet normal 0.706357 0.0462905 0.706341
    outer loop
      vertex 2.23622 0.294404 1.97804
      vertex 1.96112 0.258186 2.25552
      vertex 1.97804 0 2.25552
    endloop
  endfacet
  facet normal 0.69427 0.138102 0.706341
    outer loop
      vertex 2.23622 0.294404 1.97804
      vertex 2.17866 0.583771 1.97804
      vertex 1.96112 0.258186 2.25552
    endloop
  endfacet
  facet normal 0.694268 0.138105 0.706342
    outer loop
      vertex 2.17866 0.583771 1.97804
      vertex 1.91064 0.511954 2.25552
      vertex 1.96112 0.258186 2.25552
    endloop
  endfacet
  facet normal 0.670308 0.227524 0.706343
    outer loop
      vertex 2.17866 0.583771 1.97804
      vertex 2.08383 0.86315 1.97804
      vertex 1.91064 0.511954 2.25552
    endloop
  endfacet
  facet normal 0.670294 0.227537 0.706351
    outer loop
      vertex 2.08383 0.86315 1.97804
      vertex 1.82747 0.756962 2.25552
      vertex 1.91064 0.511954 2.25552
    endloop
  endfacet
  facet normal 0.634863 0.313077 0.706351
    outer loop
      vertex 2.08383 0.86315 1.97804
      vertex 1.95334 1.12776 1.97804
      vertex 1.82747 0.756962 2.25552
    endloop
  endfacet
  facet normal 0.634856 0.313082 0.706355
    outer loop
      vertex 1.95334 1.12776 1.97804
      vertex 1.71303 0.989019 2.25552
      vertex 1.82747 0.756962 2.25552
    endloop
  endfacet
  facet normal 0.588553 0.39328 0.706354
    outer loop
      vertex 1.95334 1.12776 1.97804
      vertex 1.78942 1.37307 1.97804
      vertex 1.71303 0.989019 2.25552
    endloop
  endfacet
  facet normal 0.588561 0.393275 0.70635
    outer loop
      vertex 1.78942 1.37307 1.97804
      vertex 1.56928 1.20415 2.25552
      vertex 1.71303 0.989019 2.25552
    endloop
  endfacet
  facet normal 0.532201 0.466725 0.70635
    outer loop
      vertex 1.78942 1.37307 1.97804
      vertex 1.59489 1.59489 1.97804
      vertex 1.56928 1.20415 2.25552
    endloop
  endfacet
  facet normal 0.532195 0.466728 0.706352
    outer loop
      vertex 1.59489 1.59489 1.97804
      vertex 1.39868 1.39868 2.25552
      vertex 1.56928 1.20415 2.25552
    endloop
  endfacet
  facet normal 0.466724 0.532199 0.706352
    outer loop
      vertex 1.59489 1.59489 1.97804
      vertex 1.37307 1.78942 1.97804
      vertex 1.39868 1.39868 2.25552
    endloop
  endfacet
  facet normal 0.466729 0.532197 0.70635
    outer loop
      vertex 1.37307 1.78942 1.97804
      vertex 1.20415 1.56928 2.25552
      vertex 1.39868 1.39868 2.25552
    endloop
  endfacet
  facet normal 0.393282 0.588556 0.70635
    outer loop
      vertex 1.37307 1.78942 1.97804
      vertex 1.12776 1.95334 1.97804
      vertex 1.20415 1.56928 2.25552
    endloop
  endfacet
  facet normal 0.393273 0.588557 0.706355
    outer loop
      vertex 1.12776 1.95334 1.97804
      vertex 0.989019 1.71303 2.25552
      vertex 1.20415 1.56928 2.25552
    endloop
  endfacet
  facet normal 0.313075 0.634859 0.706355
    outer loop
      vertex 1.12776 1.95334 1.97804
      vertex 0.86315 2.08383 1.97804
      vertex 0.989019 1.71303 2.25552
    endloop
  endfacet
  facet normal 0.313084 0.634859 0.706351
    outer loop
      vertex 0.86315 2.08383 1.97804
      vertex 0.756962 1.82747 2.25552
      vertex 0.989019 1.71303 2.25552
    endloop
  endfacet
  facet normal 0.227521 0.6703 0.706351
    outer loop
      vertex 0.86315 2.08383 1.97804
      vertex 0.583771 2.17866 1.97804
      vertex 0.756962 1.82747 2.25552
    endloop
  endfacet
  facet normal 0.22754 0.670303 0.706342
    outer loop
      vertex 0.583771 2.17866 1.97804
      vertex 0.511954 1.91064 2.25552
      vertex 0.756962 1.82747 2.25552
    endloop
  endfacet
  facet normal 0.138102 0.694268 0.706342
    outer loop
      vertex 0.583771 2.17866 1.97804
      vertex 0.294404 2.23622 1.97804
      vertex 0.511954 1.91064 2.25552
    endloop
  endfacet
  facet normal 0.138105 0.694269 0.706341
    outer loop
      vertex 0.294404 2.23622 1.97804
      vertex 0.258186 1.96112 2.25552
      vertex 0.511954 1.91064 2.25552
    endloop
  endfacet
  facet normal 0.046306 0.706356 0.706341
    outer loop
      vertex 0.294404 2.23622 1.97804
      vertex 0 2.25552 1.97804
      vertex 0.258186 1.96112 2.25552
    endloop
  endfacet
  facet normal 0.04629 0.706349 0.706349
    outer loop
      vertex 0 2.25552 1.97804
      vertex 0 1.97804 2.25552
      vertex 0.258186 1.96112 2.25552
    endloop
  endfacet
  facet normal -0.0463055 0.706348 0.706348
    outer loop
      vertex 0 2.25552 1.97804
      vertex -0.294404 2.23622 1.97804
      vertex 0 1.97804 2.25552
    endloop
  endfacet
  facet normal -0.0462905 0.706357 0.706341
    outer loop
      vertex -0.294404 2.23622 1.97804
      vertex -0.258186 1.96112 2.25552
      vertex 0 1.97804 2.25552
    endloop
  endfacet
  facet normal -0.138102 0.69427 0.706341
    outer loop
      vertex -0.294404 2.23622 1.97804
      vertex -0.583771 2.17866 1.97804
      vertex -0.258186 1.96112 2.25552
    endloop
  endfacet
  facet normal -0.138105 0.694268 0.706342
    outer loop
      vertex -0.583771 2.17866 1.97804
      vertex -0.511954 1.91064 2.25552
      vertex -0.258186 1.96112 2.25552
    endloop
  endfacet
  facet normal -0.227524 0.670308 0.706343
    outer loop
      vertex -0.583771 2.17866 1.97804
      vertex -0.86315 2.08383 1.97804
      vertex -0.511954 1.91064 2.25552
    endloop
  endfacet
  facet normal -0.227537 0.670294 0.706351
    outer loop
      vertex -0.86315 2.08383 1.97804
      vertex -0.756962 1.82747 2.25552
      vertex -0.511954 1.91064 2.25552
    endloop
  endfacet
  facet normal -0.313077 0.634863 0.706351
    outer loop
      vertex -0.86315 2.08383 1.97804
      vertex -1.12776 1.95334 1.97804
      vertex -0.756962 1.82747 2.25552
    endloop
  endfacet
  facet normal -0.313082 0.634856 0.706355
    outer loop
      vertex -1.12776 1.95334 1.97804
      vertex -0.989019 1.71303 2.25552
      vertex -0.756962 1.82747 2.25552
    endloop
  endfacet
  facet normal -0.39328 0.588553 0.706354
    outer loop
      vertex -1.12776 1.95334 1.97804
      vertex -1.37307 1.78942 1.97804
      vertex -0.989019 1.71303 2.25552
    endloop
  endfacet
  facet normal -0.393275 0.588561 0.70635
    outer loop
      vertex -1.37307 1.78942 1.97804
      vertex -1.20415 1.56928 2.25552
      vertex -0.989019 1.71303 2.25552
    endloop
  endfacet
  facet normal -0.466725 0.532201 0.70635
    outer loop
      vertex -1.37307 1.78942 1.97804
      vertex -1.59489 1.59489 1.97804
      vertex -1.20415 1.56928 2.25552
    endloop
  endfacet
  facet normal -0.466728 0.532195 0.706352
    outer loop
      vertex -1.59489 1.59489 1.97804
      vertex -1.39868 1.39868 2.25552
      vertex -1.20415 1.56928 2.25552
    endloop
  endfacet
  facet normal -0.532199 0.466724 0.706352
    outer loop
      vertex -1.59489 1.59489 1.97804
      vertex -1.78942 1.37307 1.97804
      vertex -1.39868 1.39868 2.25552
    endloop
  endfacet
  facet normal -0.532197 0.466729 0.70635
    outer loop
      vertex -1.78942 1.37307 1.97804
      vertex -1.56928 1.20415 2.25552
      vertex -1.39868 1.39868 2.25552
    endloop
  endfacet
  facet normal -0.588556 0.393282 0.70635
    outer loop
      vertex -1.78942 1.37307 1.97804
      vertex -1.95334 1.12776 1.97804
      vertex -1.56928 1.20415 2.25552
    endloop
  endfacet
  facet normal -0.588557 0.393273 0.706355
    outer loop
      vertex -1.95334 1.12776 1.97804
      vertex -1.71303 0.989019 2.25552
      vertex -1.56928 1.20415 2.25552
    endloop
  endfacet
  facet normal -0.634859 0.313075 0.706355
    outer loop
      vertex -1.95334 1.12776 1.97804
      vertex -2.08383 0.86315 1.97804
      vertex -1.71303 0.989019 2.25552
    endloop
  endfacet
  facet normal -0.634859 0.313084 0.706351
    outer loop
      vertex -2.08383 0.86315 1.97804
      vertex -1.82747 0.756962 2.25552
      vertex -1.71303 0.989019 2.25552
    endloop
  endfacet
  facet normal -0.6703 0.227521 0.706351
    outer loop
      vertex -2.08383 0.86315 1.97804
      vertex -2.17866 0.583771 1.97804
      vertex -1.82747 0.756962 2.25552
    endloop
  endfacet
  facet normal -0.670303 0.22754 0.706342
    outer loop
      vertex -2.17866 0.583771 1.97804
      vertex -1.91064 0.511954 2.25552
      vertex -1.82747 0.756962 2.25552
    endloop
  endfacet
  facet normal -0.694268 0.138102 0.706342
    outer loop
      vertex -2.17866 0.583771 1.97804
      vertex -2.23622 0.294404 1.97804
      vertex -1.91064 0.511954 2.25552
    endloop
  endfacet
  facet normal -0.694269 0.138105 0.706341
    outer loop
      vertex -2.23622 0.294404 1.97804
      vertex -1.96112 0.258186 2.25552
      vertex -1.91064 0.511954 2.25552
    endloop
  endfacet
  facet normal -0.706356 0.046306 0.706341
    outer loop
      vertex -2.23622 0.294404 1.97804
      vertex -2.25552 -0 1.97804
      vertex -1.96112 0.258186 2.25552
    endloop
  endfacet
  facet normal -0.706349 0.04629 0.706349
    outer loop
      vertex -2.25552 -0 1.97804
      vertex -1.97804 -0 2.25552
      vertex -1.96112 0.258186 2.25552
    endloop
  endfacet
  facet normal -0.706348 -0.0463055 0.706348
    outer loop
      vertex -2.25552 -0 1.97804
      vertex -2.23622 -0.294404 1.97804
      vertex -1.97804 -0 2.25552
    endloop
  endfacet
  facet normal -0.706357 -0.0462905 0.706341
    outer loop
      vertex -2.23622 -0.294404 1.97804
      vertex -1.96112 -0.258186 2.25552
      vertex -1.97804 -0 2.25552
    endloop
  endfacet
  facet normal -0.69427 -0.138102 0.706341
    outer loop
      vertex -2.23622 -0.294404 1.97804
      vertex -2.17866 -0.583771 1.97804
      vertex -1.96112 -0.258186 2.25552
    endloop
  endfacet
  facet normal -0.694268 -0.138105 0.706342
    outer loop
      vertex -2.17866 -0.583771 1.97804
      vertex -1.91064 -0.511954 2.25552
      vertex -1.96112 -0.258186 2.25552
    endloop
  endfacet
  facet normal -0.670308 -0.227524 0.706343
    outer loop
      vertex -2.17866 -0.583771 1.97804
      vertex -2.08383 -0.86315 1.97804
      vertex -1.91064 -0.511954 2.25552
    endloop
  endfacet
  facet normal -0.670294 -0.227537 0.706351
    outer loop
      vertex -2.08383 -0.86315 1.97804
      vertex -1.82747 -0.756962 2.25552
      vertex -1.91064 -0.511954 2.25552
    endloop
  endfacet
  facet normal -0.634863 -0.313077 0.706351
    outer loop
      vertex -2.08383 -0.86315 1.97804
      vertex -1.95334 -1.12776 1.97804
      vertex -1.82747 -0.756962 2.25552
    endloop
  endfacet
  facet normal -0.634856 -0.313082 0.706355
    outer loop
      vertex -1.95334 -1.12776 1.97804
      vertex -1.71303 -0.989019 2.25552
      vertex -1.82747 -0.756962 2.25552
    endloop
  endfacet
  facet normal -0.588553 -0.39328 0.706354
    outer loop
      vertex -1.95334 -1.12776 1.97804
      vertex -1.78942 -1.37307 1.97804
      vertex -1.71303 -0.989019 2.25552
    endloop
  endfacet
  facet normal -0.588561 -0.393275 0.70635
    outer loop
      vertex -1.78942 -1.37307 1.97804
      vertex -1.56928 -1.20415 2.25552
      vertex -1.71303 -0.989019 2.25552
    endloop
  endfacet
  facet normal -0.532201 -0.466725 0.70635
    outer loop
      vertex -1.78942 -1.37307 1.97804
      vertex -1.59489 -1.59489 1.97804
      vertex -1.56928 -1.20415 2.25552
    endloop
  endfacet
  facet normal -0.532195 -0.466728 0.706352
    outer loop
      vertex -1.59489 -1.59489 1.97804
      vertex -1.39868 -1.39868 2.25552
      vertex -1.56928 -1.20415 2.25552
    endloop
  endfacet
  facet normal -0.466724 -0.532199 0.706352
    outer loop
      vertex -1.59489 -1.59489 1.97804
      vertex -1.37307 -1.78942 1.97804
      vertex -1.39868 -1.39868 2.25552
    endloop
  endfacet
  facet normal -0.466729 -0.532197 0.70635
    outer loop
      vertex -1.37307 -1.78942 1.97804
      vertex -1.20415 -1.56928 2.25552
      vertex -1.39868 -1.39868 2.25552
    endloop
  endfacet
  facet normal -0.393282 -0.588556 0.70635
    outer loop
      vertex -1.37307 -1.78942 1.97804
      vertex -1.12776 -1.95334 1.97804
      vertex -1.20415 -1.56928 2.25552
    endloop
  endfacet
  facet normal -0.393273 -0.588557 0.706355
    outer loop
      vertex -1.12776 -1.95334 1.97804
      vertex -0.989019 -1.71303 2.25552
      vertex -1.20415 -1.56928 2.25552
    endloop
  endfacet
  facet normal -0.313075 -0.634859 0.706355
    outer loop
      vertex -1.12776 -1.95334 1.97804
      vertex -0.86315 -2.08383 1.97804
      vertex -0.989019 -1.71303 2.25552
    endloop
  endfacet
  facet normal -0.313084 -0.634859 0.706351
    outer loop
      vertex -0.86315 -2.08383 1.97804
      vertex -0.756962 -1.82747 2.25552
      vertex -0.989019 -1.71303 2.25552
    endloop
  endfacet
  facet normal -0.227521 -0.6703 0.706351
    outer loop
      vertex -0.86315 -2.08383 1.97804
      vertex -0.583771 -2.17866 1.97804
      vertex -0.756962 -1.82747 2.25552
    endloop
  endfacet
  facet normal -0.22754 -0.670303 0.706342
    outer loop
      vertex -0.583771 -2.17866 1.97804
      vertex -0.511954 -1.91064 2.25552
      vertex -0.756962 -1.82747 2.25552
    endloop
  endfacet
  facet normal -0.138102 -0.694268 0.706342
    outer loop
      vertex -0.583771 -2.17866 1.97804
      vertex -0.294404 -2.23622 1.97804
      vertex -0.511954 -1.91064 2.25552
    endloop
  endfacet
  facet normal -0.138105 -0.694269 0.706341
    outer loop
      vertex -0.294404 -2.23622 1.97804
      vertex -0.258186 -1.96112 2.25552
      vertex -0.511954 -1.91064 2.25552
    endloop
  endfacet
  facet normal -0.046306 -0.706356 0.706341
    outer loop
      vertex -0.294404 -2.23622 1.97804
      vertex -0 -2.25552 1.97804
      vertex -0.258186 -1.96112 2.25552
    endloop
  endfacet
  facet normal -0.04629 -0.706349 0.706349
    outer loop
      vertex -0 -2.25552 1.97804
      vertex -0 -1.97804 2.25552
      vertex -0.258186 -1.96112 2.25552
    endloop
  endfacet
  facet normal 0.0463055 -0.706348 0.706348
    outer loop
      vertex -0 -2.25552 1.97804
      vertex 0.294404 -2.23622 1.97804
      vertex -0 -1.97804 2.25552
    endloop
  endfacet
  facet normal 0.0462905 -0.706357 0.706341
    outer loop
      vertex 0.294404 -2.23622 1.97804
      vertex 0.258186 -1.96112 2.25552
      vertex -0 -1.97804 2.25552
    endloop
  endfacet
  facet normal 0.138102 -0.69427 0.706341
    outer loop
      vertex 0.294404 -2.23622 1.97804
      vertex 0.583771 -2.17866 1.97804
      vertex 0.258186 -1.96112 2.25552
    endloop
  endfacet
  facet normal 0.138105 -0.694268 0.706342
    outer loop
      vertex 0.583771 -2.17866 1.97804
      vertex 0.511954 -1.91064 2.25552
      vertex 0.258186 -1.96112 2.25552
    endloop
  endfacet
  facet normal 0.227524 -0.670308 0.706343
    outer loop
      vertex 0.583771 -2.17866 1.97804
      vertex 0.86315 -2.08383 1.97804
      vertex 0.511954 -1.91064 2.25552
    endloop
  endfacet
  facet normal 0.227537 -0.670294 0.706351
    outer loop
      vertex 0.86315 -2.08383 1.97804
      vertex 0.756962 -1.82747 2.25552
      vertex 0.511954 -1.91064 2.25552
    endloop
  endfacet
  facet normal 0.313077 -0.634863 0.706351
    outer loop
      vertex 0.86315 -2.08383 1.97804
      vertex 1.12776 -1.95334 1.97804
      vertex 0.756962 -1.82747 2.25552
    endloop
  endfacet
  facet normal 0.313082 -0.634856 0.706355
    outer loop
      vertex 1.12776 -1.95334 1.97804
      vertex 0.989019 -1.71303 2.25552
      vertex 0.756962 -1.82747 2.25552
    endloop
  endfacet
  facet normal 0.39328 -0.588553 0.706354
    outer loop
      vertex 1.12776 -1.95334 1.97804
      vertex 1.37307 -1.78942 1.97804
      vertex 0.989019 -1.71303 2.25552
    endloop
  endfacet
  facet normal 0.393275 -0.588561 0.70635
    outer loop
      vertex 1.37307 -1.78942 1.97804
      vertex 1.20415 -1.56928 2.25552
      vertex 0.989019 -1.71303 2.25552
    endloop
  endfacet
  facet normal 0.466725 -0.532201 0.70635
    outer loop
      vertex 1.37307 -1.78942 1.97804
      vertex 1.59489 -1.59489 1.97804
      vertex 1.20415 -1.56928 2.25552
    endloop
  endfacet
  facet normal 0.466728 -0.532195 0.706352
    outer loop
      vertex 1.59489 -1.59489 1.97804
      vertex 1.39868 -1.39868 2.25552
      vertex 1.20415 -1.56928 2.25552
    endloop
  endfacet
  facet normal 0.532199 -0.466724 0.706352
    outer loop
      vertex 1.59489 -1.59489 1.97804
      vertex 1.78942 -1.37307 1.97804
      vertex 1.39868 -1.39868 2.25552
    endloop
  endfacet
  facet normal 0.532197 -0.466729 0.70635
    outer loop
      vertex 1.78942 -1.37307 1.97804
      vertex 1.56928 -1.20415 2.25552
      vertex 1.39868 -1.39868 2.25552
    endloop
  endfacet
  facet normal 0.588556 -0.393282 0.70635
    outer loop
      vertex 1.78942 -1.37307 1.97804
      vertex 1.95334 -1.12776 1.97804
      vertex 1.56928 -1.20415 2.25552
    endloop
  endfacet
  facet normal 0.588557 -0.393273 0.706355
    outer loop
      vertex 1.95334 -1.12776 1.97804
      vertex 1.71303 -0.989019 2.25552
      vertex 1.56928 -1.20415 2.25552
    endloop
  endfacet
  facet normal 0.634859 -0.313075 0.706355
    outer loop
      vertex 1.95334 -1.12776 1.97804
      vertex 2.08383 -0.86315 1.97804
      vertex 1.71303 -0.989019 2.25552
    endloop
  endfacet
  facet normal 0.634859 -0.313084 0.706351
    outer loop
      vertex 2.08383 -0.86315 1.97804
      vertex 1.82747 -0.756962 2.25552
      vertex 1.71303 -0.989019 2.25552
    endloop
  endfacet
  facet normal 0.6703 -0.227521 0.706351
    outer loop
      vertex 2.08383 -0.86315 1.97804
      vertex 2.17866 -0.583771 1.97804
      vertex 1.82747 -0.756962 2.25552
    endloop
  endfacet
  facet normal 0.670303 -0.22754 0.706342
    outer loop
      vertex 2.17866 -0.583771 1.97804
      vertex 1.91064 -0.511954 2.25552
      vertex 1.82747 -0.756962 2.25552
    endloop
  endfacet
  facet normal 0.694268 -0.138102 0.706342
    outer loop
      vertex 2.17866 -0.583771 1.97804
      vertex 2.23622 -0.294404 1.97804
      vertex 1.91064 -0.511954 2.25552
    endloop
  endfacet
  facet normal 0.694269 -0.138105 0.706341
    outer loop
      vertex 2.23622 -0.294404 1.97804
      vertex 1.96112 -0.258186 2.25552
      vertex 1.91064 -0.511954 2.25552
    endloop
  endfacet
  facet normal 0.706356 -0.046306 0.706341
    outer loop
      vertex 2.23622 -0.294404 1.97804
      vertex 2.25552 0 1.97804
      vertex 1.96112 -0.258186 2.25552
    endloop
  endfacet
  facet normal 0.706349 -0.04629 0.706349
    outer loop
      vertex 2.25552 0 1.97804
      vertex 1.97804 0 2.25552
      vertex 1.96112 -0.258186 2.25552
    endloop
  endfacet
  facet normal 0.792285 0.051929 0.607937
    outer loop
      vertex 2.49441 0 1.66671
      vertex 2.47307 0.325586 1.66671
      vertex 2.25552 0 1.97804
    endloop
  endfacet
  facet normal 0.79228 0.0519388 0.607943
    outer loop
      vertex 2.47307 0.325586 1.66671
      vertex 2.23622 0.294404 1.97804
      vertex 2.25552 0 1.97804
    endloop
  endfacet
  facet normal 0.778722 0.15491 0.607943
    outer loop
      vertex 2.47307 0.325586 1.66671
      vertex 2.40941 0.6456 1.66671
      vertex 2.23622 0.294404 1.97804
    endloop
  endfacet
  facet normal 0.778728 0.154902 0.607937
    outer loop
      vertex 2.40941 0.6456 1.66671
      vertex 2.17866 0.583771 1.97804
      vertex 2.23622 0.294404 1.97804
    endloop
  endfacet
  facet normal 0.751849 0.255216 0.607937
    outer loop
      vertex 2.40941 0.6456 1.66671
      vertex 2.30453 0.954569 1.66671
      vertex 2.17866 0.583771 1.97804
    endloop
  endfacet
  facet normal 0.75186 0.255205 0.607928
    outer loop
      vertex 2.30453 0.954569 1.66671
      vertex 2.08383 0.86315 1.97804
      vertex 2.17866 0.583771 1.97804
    endloop
  endfacet
  facet normal 0.712109 0.351174 0.607929
    outer loop
      vertex 2.30453 0.954569 1.66671
      vertex 2.16022 1.2472 1.66671
      vertex 2.08383 0.86315 1.97804
    endloop
  endfacet
  facet normal 0.712112 0.351172 0.607926
    outer loop
      vertex 2.16022 1.2472 1.66671
      vertex 1.95334 1.12776 1.97804
      vertex 2.08383 0.86315 1.97804
    endloop
  endfacet
  facet normal 0.660189 0.441107 0.607927
    outer loop
      vertex 2.16022 1.2472 1.66671
      vertex 1.97895 1.5185 1.66671
      vertex 1.95334 1.12776 1.97804
    endloop
  endfacet
  facet normal 0.660156 0.441127 0.607948
    outer loop
      vertex 1.97895 1.5185 1.66671
      vertex 1.78942 1.37307 1.97804
      vertex 1.95334 1.12776 1.97804
    endloop
  endfacet
  facet normal 0.596933 0.523518 0.607947
    outer loop
      vertex 1.97895 1.5185 1.66671
      vertex 1.76381 1.76381 1.66671
      vertex 1.78942 1.37307 1.97804
    endloop
  endfacet
  facet normal 0.596952 0.52351 0.607935
    outer loop
      vertex 1.76381 1.76381 1.66671
      vertex 1.59489 1.59489 1.97804
      vertex 1.78942 1.37307 1.97804
    endloop
  endfacet
  facet normal 0.523524 0.59694 0.607936
    outer loop
      vertex 1.76381 1.76381 1.66671
      vertex 1.5185 1.97895 1.66671
      vertex 1.59489 1.59489 1.97804
    endloop
  endfacet
  facet normal 0.523504 0.596945 0.607947
    outer loop
      vertex 1.5185 1.97895 1.66671
      vertex 1.37307 1.78942 1.97804
      vertex 1.59489 1.59489 1.97804
    endloop
  endfacet
  facet normal 0.441099 0.660176 0.607947
    outer loop
      vertex 1.5185 1.97895 1.66671
      vertex 1.2472 2.16022 1.66671
      vertex 1.37307 1.78942 1.97804
    endloop
  endfacet
  facet normal 0.441136 0.660171 0.607925
    outer loop
      vertex 1.2472 2.16022 1.66671
      vertex 1.12776 1.95334 1.97804
      vertex 1.37307 1.78942 1.97804
    endloop
  endfacet
  facet normal 0.351175 0.712111 0.607927
    outer loop
      vertex 1.2472 2.16022 1.66671
      vertex 0.954569 2.30453 1.66671
      vertex 1.12776 1.95334 1.97804
    endloop
  endfacet
  facet normal 0.351171 0.712111 0.607929
    outer loop
      vertex 0.954569 2.30453 1.66671
      vertex 0.86315 2.08383 1.97804
      vertex 1.12776 1.95334 1.97804
    endloop
  endfacet
  facet normal 0.255218 0.751855 0.607928
    outer loop
      vertex 0.954569 2.30453 1.66671
      vertex 0.6456 2.40941 1.66671
      vertex 0.86315 2.08383 1.97804
    endloop
  endfacet
  facet normal 0.255203 0.751854 0.607937
    outer loop
      vertex 0.6456 2.40941 1.66671
      vertex 0.583771 2.17866 1.97804
      vertex 0.86315 2.08383 1.97804
    endloop
  endfacet
  facet normal 0.154911 0.778726 0.607937
    outer loop
      vertex 0.6456 2.40941 1.66671
      vertex 0.325586 2.47307 1.66671
      vertex 0.583771 2.17866 1.97804
    endloop
  endfacet
  facet normal 0.154901 0.778724 0.607943
    outer loop
      vertex 0.325586 2.47307 1.66671
      vertex 0.294404 2.23622 1.97804
      vertex 0.583771 2.17866 1.97804
    endloop
  endfacet
  facet normal 0.0519287 0.792281 0.607943
    outer loop
      vertex 0.325586 2.47307 1.66671
      vertex 0 2.49441 1.66671
      vertex 0.294404 2.23622 1.97804
    endloop
  endfacet
  facet normal 0.0519392 0.792285 0.607937
    outer loop
      vertex 0 2.49441 1.66671
      vertex 0 2.25552 1.97804
      vertex 0.294404 2.23622 1.97804
    endloop
  endfacet
  facet normal -0.051929 0.792285 0.607937
    outer loop
      vertex 0 2.49441 1.66671
      vertex -0.325586 2.47307 1.66671
      vertex 0 2.25552 1.97804
    endloop
  endfacet
  facet normal -0.0519388 0.79228 0.607943
    outer loop
      vertex -0.325586 2.47307 1.66671
      vertex -0.294404 2.23622 1.97804
      vertex 0 2.25552 1.97804
    endloop
  endfacet
  facet normal -0.15491 0.778722 0.607943
    outer loop
      vertex -0.325586 2.47307 1.66671
      vertex -0.6456 2.40941 1.66671
      vertex -0.294404 2.23622 1.97804
    endloop
  endfacet
  facet normal -0.154902 0.778728 0.607937
    outer loop
      vertex -0.6456 2.40941 1.66671
      vertex -0.583771 2.17866 1.97804
      vertex -0.294404 2.23622 1.97804
    endloop
  endfacet
  facet normal -0.255216 0.751849 0.607937
    outer loop
      vertex -0.6456 2.40941 1.66671
      vertex -0.954569 2.30453 1.66671
      vertex -0.583771 2.17866 1.97804
    endloop
  endfacet
  facet normal -0.255205 0.75186 0.607928
    outer loop
      vertex -0.954569 2.30453 1.66671
      vertex -0.86315 2.08383 1.97804
      vertex -0.583771 2.17866 1.97804
    endloop
  endfacet
  facet normal -0.351174 0.712109 0.607929
    outer loop
      vertex -0.954569 2.30453 1.66671
      vertex -1.2472 2.16022 1.66671
      vertex -0.86315 2.08383 1.97804
    endloop
  endfacet
  facet normal -0.351172 0.712112 0.607926
    outer loop
      vertex -1.2472 2.16022 1.66671
      vertex -1.12776 1.95334 1.97804
      vertex -0.86315 2.08383 1.97804
    endloop
  endfacet
  facet normal -0.441107 0.660189 0.607927
    outer loop
      vertex -1.2472 2.16022 1.66671
      vertex -1.5185 1.97895 1.66671
      vertex -1.12776 1.95334 1.97804
    endloop
  endfacet
  facet normal -0.441127 0.660156 0.607948
    outer loop
      vertex -1.5185 1.97895 1.66671
      vertex -1.37307 1.78942 1.97804
      vertex -1.12776 1.95334 1.97804
    endloop
  endfacet
  facet normal -0.523518 0.596933 0.607947
    outer loop
      vertex -1.5185 1.97895 1.66671
      vertex -1.76381 1.76381 1.66671
      vertex -1.37307 1.78942 1.97804
    endloop
  endfacet
  facet normal -0.52351 0.596952 0.607935
    outer loop
      vertex -1.76381 1.76381 1.66671
      vertex -1.59489 1.59489 1.97804
      vertex -1.37307 1.78942 1.97804
    endloop
  endfacet
  facet normal -0.59694 0.523524 0.607936
    outer loop
      vertex -1.76381 1.76381 1.66671
      vertex -1.97895 1.5185 1.66671
      vertex -1.59489 1.59489 1.97804
    endloop
  endfacet
  facet normal -0.596945 0.523504 0.607947
    outer loop
      vertex -1.97895 1.5185 1.66671
      vertex -1.78942 1.37307 1.97804
      vertex -1.59489 1.59489 1.97804
    endloop
  endfacet
  facet normal -0.660176 0.441099 0.607947
    outer loop
      vertex -1.97895 1.5185 1.66671
      vertex -2.16022 1.2472 1.66671
      vertex -1.78942 1.37307 1.97804
    endloop
  endfacet
  facet normal -0.660171 0.441136 0.607925
    outer loop
      vertex -2.16022 1.2472 1.66671
      vertex -1.95334 1.12776 1.97804
      vertex -1.78942 1.37307 1.97804
    endloop
  endfacet
  facet normal -0.712111 0.351175 0.607927
    outer loop
      vertex -2.16022 1.2472 1.66671
      vertex -2.30453 0.954569 1.66671
      vertex -1.95334 1.12776 1.97804
    endloop
  endfacet
  facet normal -0.712111 0.351171 0.607929
    outer loop
      vertex -2.30453 0.954569 1.66671
      vertex -2.08383 0.86315 1.97804
      vertex -1.95334 1.12776 1.97804
    endloop
  endfacet
  facet normal -0.751855 0.255218 0.607928
    outer loop
      vertex -2.30453 0.954569 1.66671
      vertex -2.40941 0.6456 1.66671
      vertex -2.08383 0.86315 1.97804
    endloop
  endfacet
  facet normal -0.751854 0.255203 0.607937
    outer loop
      vertex -2.40941 0.6456 1.66671
      vertex -2.17866 0.583771 1.97804
      vertex -2.08383 0.86315 1.97804
    endloop
  endfacet
  facet normal -0.778726 0.154911 0.607937
    outer loop
      vertex -2.40941 0.6456 1.66671
      vertex -2.47307 0.325586 1.66671
      vertex -2.17866 0.583771 1.97804
    endloop
  endfacet
  facet normal -0.778724 0.154901 0.607943
    outer loop
      vertex -2.47307 0.325586 1.66671
      vertex -2.23622 0.294404 1.97804
      vertex -2.17866 0.583771 1.97804
    endloop
  endfacet
  facet normal -0.792281 0.0519287 0.607943
    outer loop
      vertex -2.47307 0.325586 1.66671
      vertex -2.49441 -0 1.66671
      vertex -2.23622 0.294404 1.97804
    endloop
  endfacet
  facet normal -0.792285 0.0519392 0.607937
    outer loop
      vertex -2.49441 -0 1.66671
      vertex -2.25552 -0 1.97804
      vertex -2.23622 0.294404 1.97804
    endloop
  endfacet
  facet normal -0.792285 -0.051929 0.607937
    outer loop
      vertex -2.49441 -0 1.66671
      vertex -2.47307 -0.325586 1.66671
      vertex -2.25552 -0 1.97804
    endloop
  endfacet
  facet normal -0.79228 -0.0519388 0.607943
    outer loop
      vertex -2.47307 -0.325586 1.66671
      vertex -2.23622 -0.294404 1.97804
      vertex -2.25552 -0 1.97804
    endloop
  endfacet
  facet normal -0.778722 -0.15491 0.607943
    outer loop
      vertex -2.47307 -0.325586 1.66671
      vertex -2.40941 -0.6456 1.66671
      vertex -2.23622 -0.294404 1.97804
    endloop
  endfacet
  facet normal -0.778728 -0.154902 0.607937
    outer loop
      vertex -2.40941 -0.6456 1.66671
      vertex -2.17866 -0.583771 1.97804
      vertex -2.23622 -0.294404 1.97804
    endloop
  endfacet
  facet normal -0.751849 -0.255216 0.607937
    outer loop
      vertex -2.40941 -0.6456 1.66671
      vertex -2.30453 -0.954569 1.66671
      vertex -2.17866 -0.583771 1.97804
    endloop
  endfacet
  facet normal -0.75186 -0.255205 0.607928
    outer loop
      vertex -2.30453 -0.954569 1.66671
      vertex -2.08383 -0.86315 1.97804
      vertex -2.17866 -0.583771 1.97804
    endloop
  endfacet
  facet normal -0.712109 -0.351174 0.607929
    outer loop
      vertex -2.30453 -0.954569 1.66671
      vertex -2.16022 -1.2472 1.66671
      vertex -2.08383 -0.86315 1.97804
    endloop
  endfacet
  facet normal -0.712112 -0.351172 0.607926
    outer loop
      vertex -2.16022 -1.2472 1.66671
      vertex -1.95334 -1.12776 1.97804
      vertex -2.08383 -0.86315 1.97804
    endloop
  endfacet
  facet normal -0.660189 -0.441107 0.607927
    outer loop
      vertex -2.16022 -1.2472 1.66671
      vertex -1.97895 -1.5185 1.66671
      vertex -1.95334 -1.12776 1.97804
    endloop
  endfacet
  facet normal -0.660156 -0.441127 0.607948
    outer loop
      vertex -1.97895 -1.5185 1.66671
      vertex -1.78942 -1.37307 1.97804
      vertex -1.95334 -1.12776 1.97804
    endloop
  endfacet
  facet normal -0.596933 -0.523518 0.607947
    outer loop
      vertex -1.97895 -1.5185 1.66671
      vertex -1.76381 -1.76381 1.66671
      vertex -1.78942 -1.37307 1.97804
    endloop
  endfacet
  facet normal -0.596952 -0.52351 0.607935
    outer loop
      vertex -1.76381 -1.76381 1.66671
      vertex -1.59489 -1.59489 1.97804
      vertex -1.78942 -1.37307 1.97804
    endloop
  endfacet
  facet normal -0.523524 -0.59694 0.607936
    outer loop
      vertex -1.76381 -1.76381 1.66671
      vertex -1.5185 -1.97895 1.66671
      vertex -1.59489 -1.59489 1.97804
    endloop
  endfacet
  facet normal -0.523504 -0.596945 0.607947
    outer loop
      vertex -1.5185 -1.97895 1.66671
      vertex -1.37307 -1.78942 1.97804
      vertex -1.59489 -1.59489 1.97804
    endloop
  endfacet
  facet normal -0.441099 -0.660176 0.607947
    outer loop
      vertex -1.5185 -1.97895 1.66671
      vertex -1.2472 -2.16022 1.66671
      vertex -1.37307 -1.78942 1.97804
    endloop
  endfacet
  facet normal -0.441136 -0.660171 0.607925
    outer loop
      vertex -1.2472 -2.16022 1.66671
      vertex -1.12776 -1.95334 1.97804
      vertex -1.37307 -1.78942 1.97804
    endloop
  endfacet
  facet normal -0.351175 -0.712111 0.607927
    outer loop
      vertex -1.2472 -2.16022 1.66671
      vertex -0.954569 -2.30453 1.66671
      vertex -1.12776 -1.95334 1.97804
    endloop
  endfacet
  facet normal -0.351171 -0.712111 0.607929
    outer loop
      vertex -0.954569 -2.30453 1.66671
      vertex -0.86315 -2.08383 1.97804
      vertex -1.12776 -1.95334 1.97804
    endloop
  endfacet
  facet normal -0.255218 -0.751855 0.607928
    outer loop
      vertex -0.954569 -2.30453 1.66671
      vertex -0.6456 -2.40941 1.66671
      vertex -0.86315 -2.08383 1.97804
    endloop
  endfacet
  facet normal -0.255203 -0.751854 0.607937
    outer loop
      vertex -0.6456 -2.40941 1.66671
      vertex -0.583771 -2.17866 1.97804
      vertex -0.86315 -2.08383 1.97804
    endloop
  endfacet
  facet normal -0.154911 -0.778726 0.607937
    outer loop
      vertex -0.6456 -2.40941 1.66671
      vertex -0.325586 -2.47307 1.66671
      vertex -0.583771 -2.17866 1.97804
    endloop
  endfacet
  facet normal -0.154901 -0.778724 0.607943
    outer loop
      vertex -0.325586 -2.47307 1.66671
      vertex -0.294404 -2.23622 1.97804
      vertex -0.583771 -2.17866 1.97804
    endloop
  endfacet
  facet normal -0.0519287 -0.792281 0.607943
    outer loop
      vertex -0.325586 -2.47307 1.66671
      vertex -0 -2.49441 1.66671
      vertex -0.294404 -2.23622 1.97804
    endloop
  endfacet
  facet normal -0.0519392 -0.792285 0.607937
    outer loop
      vertex -0 -2.49441 1.66671
      vertex -0 -2.25552 1.97804
      vertex -0.294404 -2.23622 1.97804
    endloop
  endfacet
  facet normal 0.051929 -0.792285 0.607937
    outer loop
      vertex -0 -2.49441 1.66671
      vertex 0.325586 -2.47307 1.66671
      vertex -0 -2.25552 1.97804
    endloop
  endfacet
  facet normal 0.0519388 -0.79228 0.607943
    outer loop
      vertex 0.325586 -2.47307 1.66671
      vertex 0.294404 -2.23622 1.97804
      vertex -0 -2.25552 1.97804
    endloop
  endfacet
  facet normal 0.15491 -0.778722 0.607943
    outer loop
      vertex 0.325586 -2.47307 1.66671
      vertex 0.6456 -2.40941 1.66671
      vertex 0.294404 -2.23622 1.97804
    endloop
  endfacet
  facet normal 0.154902 -0.778728 0.607937
    outer loop
      vertex 0.6456 -2.40941 1.66671
      vertex 0.583771 -2.17866 1.97804
      vertex 0.294404 -2.23622 1.97804
    endloop
  endfacet
  facet normal 0.255216 -0.751849 0.607937
    outer loop
      vertex 0.6456 -2.40941 1.66671
      vertex 0.954569 -2.30453 1.66671
      vertex 0.583771 -2.17866 1.97804
    endloop
  endfacet
  facet normal 0.255205 -0.75186 0.607928
    outer loop
      vertex 0.954569 -2.30453 1.66671
      vertex 0.86315 -2.08383 1.97804
      vertex 0.583771 -2.17866 1.97804
    endloop
  endfacet
  facet normal 0.351174 -0.712109 0.607929
    outer loop
      vertex 0.954569 -2.30453 1.66671
      vertex 1.2472 -2.16022 1.66671
      vertex 0.86315 -2.08383 1.97804
    endloop
  endfacet
  facet normal 0.351172 -0.712112 0.607926
    outer loop
      vertex 1.2472 -2.16022 1.66671
      vertex 1.12776 -1.95334 1.97804
      vertex 0.86315 -2.08383 1.97804
    endloop
  endfacet
  facet normal 0.441107 -0.660189 0.607927
    outer loop
      vertex 1.2472 -2.16022 1.66671
      vertex 1.5185 -1.97895 1.66671
      vertex 1.12776 -1.95334 1.97804
    endloop
  endfacet
  facet normal 0.441127 -0.660156 0.607948
    outer loop
      vertex 1.5185 -1.97895 1.66671
      vertex 1.37307 -1.78942 1.97804
      vertex 1.12776 -1.95334 1.97804
    endloop
  endfacet
  facet normal 0.523518 -0.596933 0.607947
    outer loop
      vertex 1.5185 -1.97895 1.66671
      vertex 1.76381 -1.76381 1.66671
      vertex 1.37307 -1.78942 1.97804
    endloop
  endfacet
  facet normal 0.52351 -0.596952 0.607935
    outer loop
      vertex 1.76381 -1.76381 1.66671
      vertex 1.59489 -1.59489 1.97804
      vertex 1.37307 -1.78942 1.97804
    endloop
  endfacet
  facet normal 0.59694 -0.523524 0.607936
    outer loop
      vertex 1.76381 -1.76381 1.66671
      vertex 1.97895 -1.5185 1.66671
      vertex 1.59489 -1.59489 1.97804
    endloop
  endfacet
  facet normal 0.596945 -0.523504 0.607947
    outer loop
      vertex 1.97895 -1.5185 1.66671
      vertex 1.78942 -1.37307 1.97804
      vertex 1.59489 -1.59489 1.97804
    endloop
  endfacet
  facet normal 0.660176 -0.441099 0.607947
    outer loop
      vertex 1.97895 -1.5185 1.66671
      vertex 2.16022 -1.2472 1.66671
      vertex 1.78942 -1.37307 1.97804
    endloop
  endfacet
  facet normal 0.660171 -0.441136 0.607925
    outer loop
      vertex 2.16022 -1.2472 1.66671
      vertex 1.95334 -1.12776 1.97804
      vertex 1.78942 -1.37307 1.97804
    endloop
  endfacet
  facet normal 0.712111 -0.351175 0.607927
    outer loop
      vertex 2.16022 -1.2472 1.66671
      vertex 2.30453 -0.954569 1.66671
      vertex 1.95334 -1.12776 1.97804
    endloop
  endfacet
  facet normal 0.712111 -0.351171 0.607929
    outer loop
      vertex 2.30453 -0.954569 1.66671
      vertex 2.08383 -0.86315 1.97804
      vertex 1.95334 -1.12776 1.97804
    endloop
  endfacet
  facet normal 0.751855 -0.255218 0.607928
    outer loop
      vertex 2.30453 -0.954569 1.66671
      vertex 2.40941 -0.6456 1.66671
      vertex 2.08383 -0.86315 1.97804
    endloop
  endfacet
  facet normal 0.751854 -0.255203 0.607937
    outer loop
      vertex 2.40941 -0.6456 1.66671
      vertex 2.17866 -0.583771 1.97804
      vertex 2.08383 -0.86315 1.97804
    endloop
  endfacet
  facet normal 0.778726 -0.154911 0.607937
    outer loop
      vertex 2.40941 -0.6456 1.66671
      vertex 2.47307 -0.325586 1.66671
      vertex 2.17866 -0.583771 1.97804
    endloop
  endfacet
  facet normal 0.778724 -0.154901 0.607943
    outer loop
      vertex 2.47307 -0.325586 1.66671
      vertex 2.23622 -0.294404 1.97804
      vertex 2.17866 -0.583771 1.97804
    endloop
  endfacet
  facet normal 0.792281 -0.0519287 0.607943
    outer loop
      vertex 2.47307 -0.325586 1.66671
      vertex 2.49441 0 1.66671
      vertex 2.23622 -0.294404 1.97804
    endloop
  endfacet
  facet normal 0.792285 -0.0519392 0.607937
    outer loop
      vertex 2.49441 0 1.66671
      vertex 2.25552 0 1.97804
      vertex 2.23622 -0.294404 1.97804
    endloop
  endfacet
  facet normal 0.86463 0.0566743 0.499203
    outer loop
      vertex 2.69062 0 1.32687
      vertex 2.6676 0.351196 1.32687
      vertex 2.49441 0 1.66671
    endloop
  endfacet
  facet normal 0.864632 0.0566709 0.4992
    outer loop
      vertex 2.6676 0.351196 1.32687
      vertex 2.47307 0.325586 1.66671
      vertex 2.49441 0 1.66671
    endloop
  endfacet
  facet normal 0.849838 0.169039 0.4992
    outer loop
      vertex 2.6676 0.351196 1.32687
      vertex 2.59894 0.696383 1.32687
      vertex 2.47307 0.325586 1.66671
    endloop
  endfacet
  facet normal 0.849827 0.169055 0.499214
    outer loop
      vertex 2.59894 0.696383 1.32687
      vertex 2.40941 0.6456 1.66671
      vertex 2.47307 0.325586 1.66671
    endloop
  endfacet
  facet normal 0.820495 0.278523 0.499213
    outer loop
      vertex 2.59894 0.696383 1.32687
      vertex 2.48581 1.02965 1.32687
      vertex 2.40941 0.6456 1.66671
    endloop
  endfacet
  facet normal 0.820498 0.278519 0.49921
    outer loop
      vertex 2.48581 1.02965 1.32687
      vertex 2.30453 0.954569 1.66671
      vertex 2.40941 0.6456 1.66671
    endloop
  endfacet
  facet normal 0.777121 0.383243 0.499208
    outer loop
      vertex 2.48581 1.02965 1.32687
      vertex 2.33014 1.34531 1.32687
      vertex 2.30453 0.954569 1.66671
    endloop
  endfacet
  facet normal 0.777127 0.383238 0.499202
    outer loop
      vertex 2.33014 1.34531 1.32687
      vertex 2.16022 1.2472 1.66671
      vertex 2.30453 0.954569 1.66671
    endloop
  endfacet
  facet normal 0.720455 0.481395 0.499203
    outer loop
      vertex 2.33014 1.34531 1.32687
      vertex 2.13461 1.63794 1.32687
      vertex 2.16022 1.2472 1.66671
    endloop
  endfacet
  facet normal 0.72047 0.481385 0.499191
    outer loop
      vertex 2.13461 1.63794 1.32687
      vertex 1.97895 1.5185 1.66671
      vertex 2.16022 1.2472 1.66671
    endloop
  endfacet
  facet normal 0.651459 0.571323 0.499191
    outer loop
      vertex 2.13461 1.63794 1.32687
      vertex 1.90255 1.90255 1.32687
      vertex 1.97895 1.5185 1.66671
    endloop
  endfacet
  facet normal 0.651448 0.571328 0.499199
    outer loop
      vertex 1.90255 1.90255 1.32687
      vertex 1.76381 1.76381 1.66671
      vertex 1.97895 1.5185 1.66671
    endloop
  endfacet
  facet normal 0.571319 0.651456 0.499199
    outer loop
      vertex 1.90255 1.90255 1.32687
      vertex 1.63794 2.13461 1.32687
      vertex 1.76381 1.76381 1.66671
    endloop
  endfacet
  facet normal 0.571332 0.651452 0.49919
    outer loop
      vertex 1.63794 2.13461 1.32687
      vertex 1.5185 1.97895 1.66671
      vertex 1.76381 1.76381 1.66671
    endloop
  endfacet
  facet normal 0.481399 0.720461 0.499191
    outer loop
      vertex 1.63794 2.13461 1.32687
      vertex 1.34531 2.33014 1.32687
      vertex 1.5185 1.97895 1.66671
    endloop
  endfacet
  facet normal 0.48138 0.720464 0.499204
    outer loop
      vertex 1.34531 2.33014 1.32687
      vertex 1.2472 2.16022 1.66671
      vertex 1.5185 1.97895 1.66671
    endloop
  endfacet
  facet normal 0.383244 0.777124 0.499202
    outer loop
      vertex 1.34531 2.33014 1.32687
      vertex 1.02965 2.48581 1.32687
      vertex 1.2472 2.16022 1.66671
    endloop
  endfacet
  facet normal 0.383236 0.777124 0.499208
    outer loop
      vertex 1.02965 2.48581 1.32687
      vertex 0.954569 2.30453 1.66671
      vertex 1.2472 2.16022 1.66671
    endloop
  endfacet
  facet normal 0.278524 0.820496 0.49921
    outer loop
      vertex 1.02965 2.48581 1.32687
      vertex 0.696383 2.59894 1.32687
      vertex 0.954569 2.30453 1.66671
    endloop
  endfacet
  facet normal 0.278519 0.820496 0.499213
    outer loop
      vertex 0.696383 2.59894 1.32687
      vertex 0.6456 2.40941 1.66671
      vertex 0.954569 2.30453 1.66671
    endloop
  endfacet
  facet normal 0.169037 0.849831 0.499213
    outer loop
      vertex 0.696383 2.59894 1.32687
      vertex 0.351196 2.6676 1.32687
      vertex 0.6456 2.40941 1.66671
    endloop
  endfacet
  facet normal 0.169057 0.849835 0.4992
    outer loop
      vertex 0.351196 2.6676 1.32687
      vertex 0.325586 2.47307 1.66671
      vertex 0.6456 2.40941 1.66671
    endloop
  endfacet
  facet normal 0.0566744 0.864631 0.4992
    outer loop
      vertex 0.351196 2.6676 1.32687
      vertex 0 2.69062 1.32687
      vertex 0.325586 2.47307 1.66671
    endloop
  endfacet
  facet normal 0.0566708 0.86463 0.499203
    outer loop
      vertex 0 2.69062 1.32687
      vertex 0 2.49441 1.66671
      vertex 0.325586 2.47307 1.66671
    endloop
  endfacet
  facet normal -0.0566743 0.86463 0.499203
    outer loop
      vertex 0 2.69062 1.32687
      vertex -0.351196 2.6676 1.32687
      vertex 0 2.49441 1.66671
    endloop
  endfacet
  facet normal -0.0566709 0.864632 0.4992
    outer loop
      vertex -0.351196 2.6676 1.32687
      vertex -0.325586 2.47307 1.66671
      vertex 0 2.49441 1.66671
    endloop
  endfacet
  facet normal -0.169039 0.849838 0.4992
    outer loop
      vertex -0.351196 2.6676 1.32687
      vertex -0.696383 2.59894 1.32687
      vertex -0.325586 2.47307 1.66671
    endloop
  endfacet
  facet normal -0.169055 0.849827 0.499214
    outer loop
      vertex -0.696383 2.59894 1.32687
      vertex -0.6456 2.40941 1.66671
      vertex -0.325586 2.47307 1.66671
    endloop
  endfacet
  facet normal -0.278523 0.820495 0.499213
    outer loop
      vertex -0.696383 2.59894 1.32687
      vertex -1.02965 2.48581 1.32687
      vertex -0.6456 2.40941 1.66671
    endloop
  endfacet
  facet normal -0.278519 0.820498 0.49921
    outer loop
      vertex -1.02965 2.48581 1.32687
      vertex -0.954569 2.30453 1.66671
      vertex -0.6456 2.40941 1.66671
    endloop
  endfacet
  facet normal -0.383243 0.777121 0.499208
    outer loop
      vertex -1.02965 2.48581 1.32687
      vertex -1.34531 2.33014 1.32687
      vertex -0.954569 2.30453 1.66671
    endloop
  endfacet
  facet normal -0.383238 0.777127 0.499202
    outer loop
      vertex -1.34531 2.33014 1.32687
      vertex -1.2472 2.16022 1.66671
      vertex -0.954569 2.30453 1.66671
    endloop
  endfacet
  facet normal -0.481395 0.720455 0.499203
    outer loop
      vertex -1.34531 2.33014 1.32687
      vertex -1.63794 2.13461 1.32687
      vertex -1.2472 2.16022 1.66671
    endloop
  endfacet
  facet normal -0.481385 0.72047 0.499191
    outer loop
      vertex -1.63794 2.13461 1.32687
      vertex -1.5185 1.97895 1.66671
      vertex -1.2472 2.16022 1.66671
    endloop
  endfacet
  facet normal -0.571323 0.651459 0.499191
    outer loop
      vertex -1.63794 2.13461 1.32687
      vertex -1.90255 1.90255 1.32687
      vertex -1.5185 1.97895 1.66671
    endloop
  endfacet
  facet normal -0.571328 0.651448 0.499199
    outer loop
      vertex -1.90255 1.90255 1.32687
      vertex -1.76381 1.76381 1.66671
      vertex -1.5185 1.97895 1.66671
    endloop
  endfacet
  facet normal -0.651456 0.571319 0.499199
    outer loop
      vertex -1.90255 1.90255 1.32687
      vertex -2.13461 1.63794 1.32687
      vertex -1.76381 1.76381 1.66671
    endloop
  endfacet
  facet normal -0.651452 0.571332 0.49919
    outer loop
      vertex -2.13461 1.63794 1.32687
      vertex -1.97895 1.5185 1.66671
      vertex -1.76381 1.76381 1.66671
    endloop
  endfacet
  facet normal -0.720461 0.481399 0.499191
    outer loop
      vertex -2.13461 1.63794 1.32687
      vertex -2.33014 1.34531 1.32687
      vertex -1.97895 1.5185 1.66671
    endloop
  endfacet
  facet normal -0.720464 0.48138 0.499204
    outer loop
      vertex -2.33014 1.34531 1.32687
      vertex -2.16022 1.2472 1.66671
      vertex -1.97895 1.5185 1.66671
    endloop
  endfacet
  facet normal -0.777124 0.383244 0.499202
    outer loop
      vertex -2.33014 1.34531 1.32687
      vertex -2.48581 1.02965 1.32687
      vertex -2.16022 1.2472 1.66671
    endloop
  endfacet
  facet normal -0.777124 0.383236 0.499208
    outer loop
      vertex -2.48581 1.02965 1.32687
      vertex -2.30453 0.954569 1.66671
      vertex -2.16022 1.2472 1.66671
    endloop
  endfacet
  facet normal -0.820496 0.278524 0.49921
    outer loop
      vertex -2.48581 1.02965 1.32687
      vertex -2.59894 0.696383 1.32687
      vertex -2.30453 0.954569 1.66671
    endloop
  endfacet
  facet normal -0.820496 0.278519 0.499213
    outer loop
      vertex -2.59894 0.696383 1.32687
      vertex -2.40941 0.6456 1.66671
      vertex -2.30453 0.954569 1.66671
    endloop
  endfacet
  facet normal -0.849831 0.169037 0.499213
    outer loop
      vertex -2.59894 0.696383 1.32687
      vertex -2.6676 0.351196 1.32687
      vertex -2.40941 0.6456 1.66671
    endloop
  endfacet
  facet normal -0.849835 0.169057 0.4992
    outer loop
      vertex -2.6676 0.351196 1.32687
      vertex -2.47307 0.325586 1.66671
      vertex -2.40941 0.6456 1.66671
    endloop
  endfacet
  facet normal -0.864631 0.0566744 0.4992
    outer loop
      vertex -2.6676 0.351196 1.32687
      vertex -2.69062 -0 1.32687
      vertex -2.47307 0.325586 1.66671
    endloop
  endfacet
  facet normal -0.86463 0.0566708 0.499203
    outer loop
      vertex -2.69062 -0 1.32687
      vertex -2.49441 -0 1.66671
      vertex -2.47307 0.325586 1.66671
    endloop
  endfacet
  facet normal -0.86463 -0.0566743 0.499203
    outer loop
      vertex -2.69062 -0 1.32687
      vertex -2.6676 -0.351196 1.32687
      vertex -2.49441 -0 1.66671
    endloop
  endfacet
  facet normal -0.864632 -0.0566709 0.4992
    outer loop
      vertex -2.6676 -0.351196 1.32687
      vertex -2.47307 -0.325586 1.66671
      vertex -2.49441 -0 1.66671
    endloop
  endfacet
  facet normal -0.849838 -0.169039 0.4992
    outer loop
      vertex -2.6676 -0.351196 1.32687
      vertex -2.59894 -0.696383 1.32687
      vertex -2.47307 -0.325586 1.66671
    endloop
  endfacet
  facet normal -0.849827 -0.169055 0.499214
    outer loop
      vertex -2.59894 -0.696383 1.32687
      vertex -2.40941 -0.6456 1.66671
      vertex -2.47307 -0.325586 1.66671
    endloop
  endfacet
  facet normal -0.820495 -0.278523 0.499213
    outer loop
      vertex -2.59894 -0.696383 1.32687
      vertex -2.48581 -1.02965 1.32687
      vertex -2.40941 -0.6456 1.66671
    endloop
  endfacet
  facet normal -0.820498 -0.278519 0.49921
    outer loop
      vertex -2.48581 -1.02965 1.32687
      vertex -2.30453 -0.954569 1.66671
      vertex -2.40941 -0.6456 1.66671
    endloop
  endfacet
  facet normal -0.777121 -0.383243 0.499208
    outer loop
      vertex -2.48581 -1.02965 1.32687
      vertex -2.33014 -1.34531 1.32687
      vertex -2.30453 -0.954569 1.66671
    endloop
  endfacet
  facet normal -0.777127 -0.383238 0.499202
    outer loop
      vertex -2.33014 -1.34531 1.32687
      vertex -2.16022 -1.2472 1.66671
      vertex -2.30453 -0.954569 1.66671
    endloop
  endfacet
  facet normal -0.720455 -0.481395 0.499203
    outer loop
      vertex -2.33014 -1.34531 1.32687
      vertex -2.13461 -1.63794 1.32687
      vertex -2.16022 -1.2472 1.66671
    endloop
  endfacet
  facet normal -0.72047 -0.481385 0.499191
    outer loop
      vertex -2.13461 -1.63794 1.32687
      vertex -1.97895 -1.5185 1.66671
      vertex -2.16022 -1.2472 1.66671
    endloop
  endfacet
  facet normal -0.651459 -0.571323 0.499191
    outer loop
      vertex -2.13461 -1.63794 1.32687
      vertex -1.90255 -1.90255 1.32687
      vertex -1.97895 -1.5185 1.66671
    endloop
  endfacet
  facet normal -0.651448 -0.571328 0.499199
    outer loop
      vertex -1.90255 -1.90255 1.32687
      vertex -1.76381 -1.76381 1.66671
      vertex -1.97895 -1.5185 1.66671
    endloop
  endfacet
  facet normal -0.571319 -0.651456 0.499199
    outer loop
      vertex -1.90255 -1.90255 1.32687
      vertex -1.63794 -2.13461 1.32687
      vertex -1.76381 -1.76381 1.66671
    endloop
  endfacet
  facet normal -0.571332 -0.651452 0.49919
    outer loop
      vertex -1.63794 -2.13461 1.32687
      vertex -1.5185 -1.97895 1.66671
      vertex -1.76381 -1.76381 1.66671
    endloop
  endfacet
  facet normal -0.481399 -0.720461 0.499191
    outer loop
      vertex -1.63794 -2.13461 1.32687
      vertex -1.34531 -2.33014 1.32687
      vertex -1.5185 -1.97895 1.66671
    endloop
  endfacet
  facet normal -0.48138 -0.720464 0.499204
    outer loop
      vertex -1.34531 -2.33014 1.32687
      vertex -1.2472 -2.16022 1.66671
      vertex -1.5185 -1.97895 1.66671
    endloop
  endfacet
  facet normal -0.383244 -0.777124 0.499202
    outer loop
      vertex -1.34531 -2.33014 1.32687
      vertex -1.02965 -2.48581 1.32687
      vertex -1.2472 -2.16022 1.66671
    endloop
  endfacet
  facet normal -0.383236 -0.777124 0.499208
    outer loop
      vertex -1.02965 -2.48581 1.32687
      vertex -0.954569 -2.30453 1.66671
      vertex -1.2472 -2.16022 1.66671
    endloop
  endfacet
  facet normal -0.278524 -0.820496 0.49921
    outer loop
      vertex -1.02965 -2.48581 1.32687
      vertex -0.696383 -2.59894 1.32687
      vertex -0.954569 -2.30453 1.66671
    endloop
  endfacet
  facet normal -0.278519 -0.820496 0.499213
    outer loop
      vertex -0.696383 -2.59894 1.32687
      vertex -0.6456 -2.40941 1.66671
      vertex -0.954569 -2.30453 1.66671
    endloop
  endfacet
  facet normal -0.169037 -0.849831 0.499213
    outer loop
      vertex -0.696383 -2.59894 1.32687
      vertex -0.351196 -2.6676 1.32687
      vertex -0.6456 -2.40941 1.66671
    endloop
  endfacet
  facet normal -0.169057 -0.849835 0.4992
    outer loop
      vertex -0.351196 -2.6676 1.32687
      vertex -0.325586 -2.47307 1.66671
      vertex -0.6456 -2.40941 1.66671
    endloop
  endfacet
  facet normal -0.0566744 -0.864631 0.4992
    outer loop
      vertex -0.351196 -2.6676 1.32687
      vertex -0 -2.69062 1.32687
      vertex -0.325586 -2.47307 1.66671
    endloop
  endfacet
  facet normal -0.0566708 -0.86463 0.499203
    outer loop
      vertex -0 -2.69062 1.32687
      vertex -0 -2.49441 1.66671
      vertex -0.325586 -2.47307 1.66671
    endloop
  endfacet
  facet normal 0.0566743 -0.86463 0.499203
    outer loop
      vertex -0 -2.69062 1.32687
      vertex 0.351196 -2.6676 1.32687
      vertex -0 -2.49441 1.66671
    endloop
  endfacet
  facet normal 0.0566709 -0.864632 0.4992
    outer loop
      vertex 0.351196 -2.6676 1.32687
      vertex 0.325586 -2.47307 1.66671
      vertex -0 -2.49441 1.66671
    endloop
  endfacet
  facet normal 0.169039 -0.849838 0.4992
    outer loop
      vertex 0.351196 -2.6676 1.32687
      vertex 0.696383 -2.59894 1.32687
      vertex 0.325586 -2.47307 1.66671
    endloop
  endfacet
  facet normal 0.169055 -0.849827 0.499214
    outer loop
      vertex 0.696383 -2.59894 1.32687
      vertex 0.6456 -2.40941 1.66671
      vertex 0.325586 -2.47307 1.66671
    endloop
  endfacet
  facet normal 0.278523 -0.820495 0.499213
    outer loop
      vertex 0.696383 -2.59894 1.32687
      vertex 1.02965 -2.48581 1.32687
      vertex 0.6456 -2.40941 1.66671
    endloop
  endfacet
  facet normal 0.278519 -0.820498 0.49921
    outer loop
      vertex 1.02965 -2.48581 1.32687
      vertex 0.954569 -2.30453 1.66671
      vertex 0.6456 -2.40941 1.66671
    endloop
  endfacet
  facet normal 0.383243 -0.777121 0.499208
    outer loop
      vertex 1.02965 -2.48581 1.32687
      vertex 1.34531 -2.33014 1.32687
      vertex 0.954569 -2.30453 1.66671
    endloop
  endfacet
  facet normal 0.383238 -0.777127 0.499202
    outer loop
      vertex 1.34531 -2.33014 1.32687
      vertex 1.2472 -2.16022 1.66671
      vertex 0.954569 -2.30453 1.66671
    endloop
  endfacet
  facet normal 0.481395 -0.720455 0.499203
    outer loop
      vertex 1.34531 -2.33014 1.32687
      vertex 1.63794 -2.13461 1.32687
      vertex 1.2472 -2.16022 1.66671
    endloop
  endfacet
  facet normal 0.481385 -0.72047 0.499191
    outer loop
      vertex 1.63794 -2.13461 1.32687
      vertex 1.5185 -1.97895 1.66671
      vertex 1.2472 -2.16022 1.66671
    endloop
  endfacet
  facet normal 0.571323 -0.651459 0.499191
    outer loop
      vertex 1.63794 -2.13461 1.32687
      vertex 1.90255 -1.90255 1.32687
      vertex 1.5185 -1.97895 1.66671
    endloop
  endfacet
  facet normal 0.571328 -0.651448 0.499199
    outer loop
      vertex 1.90255 -1.90255 1.32687
      vertex 1.76381 -1.76381 1.66671
      vertex 1.5185 -1.97895 1.66671
    endloop
  endfacet
  facet normal 0.651456 -0.571319 0.499199
    outer loop
      vertex 1.90255 -1.90255 1.32687
      vertex 2.13461 -1.63794 1.32687
      vertex 1.76381 -1.76381 1.66671
    endloop
  endfacet
  facet normal 0.651452 -0.571332 0.49919
    outer loop
      vertex 2.13461 -1.63794 1.32687
      vertex 1.97895 -1.5185 1.66671
      vertex 1.76381 -1.76381 1.66671
    endloop
  endfacet
  facet normal 0.720461 -0.481399 0.499191
    outer loop
      vertex 2.13461 -1.63794 1.32687
      vertex 2.33014 -1.34531 1.32687
      vertex 1.97895 -1.5185 1.66671
    endloop
  endfacet
  facet normal 0.720464 -0.48138 0.499204
    outer loop
      vertex 2.33014 -1.34531 1.32687
      vertex 2.16022 -1.2472 1.66671
      vertex 1.97895 -1.5185 1.66671
    endloop
  endfacet
  facet normal 0.777124 -0.383244 0.499202
    outer loop
      vertex 2.33014 -1.34531 1.32687
      vertex 2.48581 -1.02965 1.32687
      vertex 2.16022 -1.2472 1.66671
    endloop
  endfacet
  facet normal 0.777124 -0.383236 0.499208
    outer loop
      vertex 2.48581 -1.02965 1.32687
      vertex 2.30453 -0.954569 1.66671
      vertex 2.16022 -1.2472 1.66671
    endloop
  endfacet
  facet normal 0.820496 -0.278524 0.49921
    outer loop
      vertex 2.48581 -1.02965 1.32687
      vertex 2.59894 -0.696383 1.32687
      vertex 2.30453 -0.954569 1.66671
    endloop
  endfacet
  facet normal 0.820496 -0.278519 0.499213
    outer loop
      vertex 2.59894 -0.696383 1.32687
      vertex 2.40941 -0.6456 1.66671
      vertex 2.30453 -0.954569 1.66671
    endloop
  endfacet
  facet normal 0.849831 -0.169037 0.499213
    outer loop
      vertex 2.59894 -0.696383 1.32687
      vertex 2.6676 -0.351196 1.32687
      vertex 2.40941 -0.6456 1.66671
    endloop
  endfacet
  facet normal 0.849835 -0.169057 0.4992
    outer loop
      vertex 2.6676 -0.351196 1.32687
      vertex 2.47307 -0.325586 1.66671
      vertex 2.40941 -0.6456 1.66671
    endloop
  endfacet
  facet normal 0.864631 -0.0566744 0.4992
    outer loop
      vertex 2.6676 -0.351196 1.32687
      vertex 2.69062 0 1.32687
      vertex 2.47307 -0.325586 1.66671
    endloop
  endfacet
  facet normal 0.86463 -0.0566708 0.499203
    outer loop
      vertex 2.69062 0 1.32687
      vertex 2.49441 0 1.66671
      vertex 2.47307 -0.325586 1.66671
    endloop
  endfacet
  facet normal 0.922194 0.0604354 0.381975
    outer loop
      vertex 2.84079 0 0.964318
      vertex 2.81649 0.370798 0.964318
      vertex 2.69062 0 1.32687
    endloop
  endfacet
  facet normal 0.922189 0.0604472 0.381986
    outer loop
      vertex 2.81649 0.370798 0.964318
      vertex 2.6676 0.351196 1.32687
      vertex 2.69062 0 1.32687
    endloop
  endfacet
  facet normal 0.906408 0.18031 0.381985
    outer loop
      vertex 2.81649 0.370798 0.964318
      vertex 2.74399 0.735251 0.964318
      vertex 2.6676 0.351196 1.32687
    endloop
  endfacet
  facet normal 0.906418 0.180293 0.381969
    outer loop
      vertex 2.74399 0.735251 0.964318
      vertex 2.59894 0.696383 1.32687
      vertex 2.6676 0.351196 1.32687
    endloop
  endfacet
  facet normal 0.875132 0.297059 0.38197
    outer loop
      vertex 2.74399 0.735251 0.964318
      vertex 2.62455 1.08712 0.964318
      vertex 2.59894 0.696383 1.32687
    endloop
  endfacet
  facet normal 0.875124 0.297068 0.381979
    outer loop
      vertex 2.62455 1.08712 0.964318
      vertex 2.48581 1.02965 1.32687
      vertex 2.59894 0.696383 1.32687
    endloop
  endfacet
  facet normal 0.828869 0.408739 0.38198
    outer loop
      vertex 2.62455 1.08712 0.964318
      vertex 2.4602 1.4204 0.964318
      vertex 2.48581 1.02965 1.32687
    endloop
  endfacet
  facet normal 0.828853 0.408755 0.381998
    outer loop
      vertex 2.4602 1.4204 0.964318
      vertex 2.33014 1.34531 1.32687
      vertex 2.48581 1.02965 1.32687
    endloop
  endfacet
  facet normal 0.768403 0.513454 0.381997
    outer loop
      vertex 2.4602 1.4204 0.964318
      vertex 2.25375 1.72936 0.964318
      vertex 2.33014 1.34531 1.32687
    endloop
  endfacet
  facet normal 0.768418 0.513443 0.381982
    outer loop
      vertex 2.25375 1.72936 0.964318
      vertex 2.13461 1.63794 1.32687
      vertex 2.33014 1.34531 1.32687
    endloop
  endfacet
  facet normal 0.694827 0.609348 0.381982
    outer loop
      vertex 2.25375 1.72936 0.964318
      vertex 2.00874 2.00874 0.964318
      vertex 2.13461 1.63794 1.32687
    endloop
  endfacet
  facet normal 0.694822 0.609351 0.381987
    outer loop
      vertex 2.00874 2.00874 0.964318
      vertex 1.90255 1.90255 1.32687
      vertex 2.13461 1.63794 1.32687
    endloop
  endfacet
  facet normal 0.609347 0.694826 0.381987
    outer loop
      vertex 2.00874 2.00874 0.964318
      vertex 1.72936 2.25375 0.964318
      vertex 1.90255 1.90255 1.32687
    endloop
  endfacet
  facet normal 0.609352 0.694823 0.381982
    outer loop
      vertex 1.72936 2.25375 0.964318
      vertex 1.63794 2.13461 1.32687
      vertex 1.90255 1.90255 1.32687
    endloop
  endfacet
  facet normal 0.513458 0.768408 0.381982
    outer loop
      vertex 1.72936 2.25375 0.964318
      vertex 1.4204 2.4602 0.964318
      vertex 1.63794 2.13461 1.32687
    endloop
  endfacet
  facet normal 0.513439 0.768413 0.381997
    outer loop
      vertex 1.4204 2.4602 0.964318
      vertex 1.34531 2.33014 1.32687
      vertex 1.63794 2.13461 1.32687
    endloop
  endfacet
  facet normal 0.408736 0.828862 0.381997
    outer loop
      vertex 1.4204 2.4602 0.964318
      vertex 1.08712 2.62455 0.964318
      vertex 1.34531 2.33014 1.32687
    endloop
  endfacet
  facet normal 0.408758 0.82886 0.381979
    outer loop
      vertex 1.08712 2.62455 0.964318
      vertex 1.02965 2.48581 1.32687
      vertex 1.34531 2.33014 1.32687
    endloop
  endfacet
  facet normal 0.297057 0.875128 0.381979
    outer loop
      vertex 1.08712 2.62455 0.964318
      vertex 0.735251 2.74399 0.964318
      vertex 1.02965 2.48581 1.32687
    endloop
  endfacet
  facet normal 0.297069 0.875128 0.38197
    outer loop
      vertex 0.735251 2.74399 0.964318
      vertex 0.696383 2.59894 1.32687
      vertex 1.02965 2.48581 1.32687
    endloop
  endfacet
  facet normal 0.180311 0.906414 0.381969
    outer loop
      vertex 0.735251 2.74399 0.964318
      vertex 0.370798 2.81649 0.964318
      vertex 0.696383 2.59894 1.32687
    endloop
  endfacet
  facet normal 0.180291 0.906412 0.381986
    outer loop
      vertex 0.370798 2.81649 0.964318
      vertex 0.351196 2.6676 1.32687
      vertex 0.696383 2.59894 1.32687
    endloop
  endfacet
  facet normal 0.0604351 0.92219 0.381985
    outer loop
      vertex 0.370798 2.81649 0.964318
      vertex 0 2.84079 0.964318
      vertex 0.351196 2.6676 1.32687
    endloop
  endfacet
  facet normal 0.0604474 0.922194 0.381975
    outer loop
      vertex 0 2.84079 0.964318
      vertex 0 2.69062 1.32687
      vertex 0.351196 2.6676 1.32687
    endloop
  endfacet
  facet normal -0.0604354 0.922194 0.381975
    outer loop
      vertex 0 2.84079 0.964318
      vertex -0.370798 2.81649 0.964318
      vertex 0 2.69062 1.32687
    endloop
  endfacet
  facet normal -0.0604472 0.922189 0.381986
    outer loop
      vertex -0.370798 2.81649 0.964318
      vertex -0.351196 2.6676 1.32687
      vertex 0 2.69062 1.32687
    endloop
  endfacet
  facet normal -0.18031 0.906408 0.381985
    outer loop
      vertex -0.370798 2.81649 0.964318
      vertex -0.735251 2.74399 0.964318
      vertex -0.351196 2.6676 1.32687
    endloop
  endfacet
  facet normal -0.180293 0.906418 0.381969
    outer loop
      vertex -0.735251 2.74399 0.964318
      vertex -0.696383 2.59894 1.32687
      vertex -0.351196 2.6676 1.32687
    endloop
  endfacet
  facet normal -0.297059 0.875132 0.38197
    outer loop
      vertex -0.735251 2.74399 0.964318
      vertex -1.08712 2.62455 0.964318
      vertex -0.696383 2.59894 1.32687
    endloop
  endfacet
  facet normal -0.297068 0.875124 0.381979
    outer loop
      vertex -1.08712 2.62455 0.964318
      vertex -1.02965 2.48581 1.32687
      vertex -0.696383 2.59894 1.32687
    endloop
  endfacet
  facet normal -0.408739 0.828869 0.38198
    outer loop
      vertex -1.08712 2.62455 0.964318
      vertex -1.4204 2.4602 0.964318
      vertex -1.02965 2.48581 1.32687
    endloop
  endfacet
  facet normal -0.408755 0.828853 0.381998
    outer loop
      vertex -1.4204 2.4602 0.964318
      vertex -1.34531 2.33014 1.32687
      vertex -1.02965 2.48581 1.32687
    endloop
  endfacet
  facet normal -0.513454 0.768403 0.381997
    outer loop
      vertex -1.4204 2.4602 0.964318
      vertex -1.72936 2.25375 0.964318
      vertex -1.34531 2.33014 1.32687
    endloop
  endfacet
  facet normal -0.513443 0.768418 0.381982
    outer loop
      vertex -1.72936 2.25375 0.964318
      vertex -1.63794 2.13461 1.32687
      vertex -1.34531 2.33014 1.32687
    endloop
  endfacet
  facet normal -0.609348 0.694827 0.381982
    outer loop
      vertex -1.72936 2.25375 0.964318
      vertex -2.00874 2.00874 0.964318
      vertex -1.63794 2.13461 1.32687
    endloop
  endfacet
  facet normal -0.609351 0.694822 0.381987
    outer loop
      vertex -2.00874 2.00874 0.964318
      vertex -1.90255 1.90255 1.32687
      vertex -1.63794 2.13461 1.32687
    endloop
  endfacet
  facet normal -0.694826 0.609347 0.381987
    outer loop
      vertex -2.00874 2.00874 0.964318
      vertex -2.25375 1.72936 0.964318
      vertex -1.90255 1.90255 1.32687
    endloop
  endfacet
  facet normal -0.694823 0.609352 0.381982
    outer loop
      vertex -2.25375 1.72936 0.964318
      vertex -2.13461 1.63794 1.32687
      vertex -1.90255 1.90255 1.32687
    endloop
  endfacet
  facet normal -0.768408 0.513458 0.381982
    outer loop
      vertex -2.25375 1.72936 0.964318
      vertex -2.4602 1.4204 0.964318
      vertex -2.13461 1.63794 1.32687
    endloop
  endfacet
  facet normal -0.768413 0.513439 0.381997
    outer loop
      vertex -2.4602 1.4204 0.964318
      vertex -2.33014 1.34531 1.32687
      vertex -2.13461 1.63794 1.32687
    endloop
  endfacet
  facet normal -0.828862 0.408736 0.381997
    outer loop
      vertex -2.4602 1.4204 0.964318
      vertex -2.62455 1.08712 0.964318
      vertex -2.33014 1.34531 1.32687
    endloop
  endfacet
  facet normal -0.82886 0.408758 0.381979
    outer loop
      vertex -2.62455 1.08712 0.964318
      vertex -2.48581 1.02965 1.32687
      vertex -2.33014 1.34531 1.32687
    endloop
  endfacet
  facet normal -0.875128 0.297057 0.381979
    outer loop
      vertex -2.62455 1.08712 0.964318
      vertex -2.74399 0.735251 0.964318
      vertex -2.48581 1.02965 1.32687
    endloop
  endfacet
  facet normal -0.875128 0.297069 0.38197
    outer loop
      vertex -2.74399 0.735251 0.964318
      vertex -2.59894 0.696383 1.32687
      vertex -2.48581 1.02965 1.32687
    endloop
  endfacet
  facet normal -0.906414 0.180311 0.381969
    outer loop
      vertex -2.74399 0.735251 0.964318
      vertex -2.81649 0.370798 0.964318
      vertex -2.59894 0.696383 1.32687
    endloop
  endfacet
  facet normal -0.906412 0.180291 0.381986
    outer loop
      vertex -2.81649 0.370798 0.964318
      vertex -2.6676 0.351196 1.32687
      vertex -2.59894 0.696383 1.32687
    endloop
  endfacet
  facet normal -0.92219 0.0604351 0.381985
    outer loop
      vertex -2.81649 0.370798 0.964318
      vertex -2.84079 -0 0.964318
      vertex -2.6676 0.351196 1.32687
    endloop
  endfacet
  facet normal -0.922194 0.0604474 0.381975
    outer loop
      vertex -2.84079 -0 0.964318
      vertex -2.69062 -0 1.32687
      vertex -2.6676 0.351196 1.32687
    endloop
  endfacet
  facet normal -0.922194 -0.0604354 0.381975
    outer loop
      vertex -2.84079 -0 0.964318
      vertex -2.81649 -0.370798 0.964318
      vertex -2.69062 -0 1.32687
    endloop
  endfacet
  facet normal -0.922189 -0.0604472 0.381986
    outer loop
      vertex -2.81649 -0.370798 0.964318
      vertex -2.6676 -0.351196 1.32687
      vertex -2.69062 -0 1.32687
    endloop
  endfacet
  facet normal -0.906408 -0.18031 0.381985
    outer loop
      vertex -2.81649 -0.370798 0.964318
      vertex -2.74399 -0.735251 0.964318
      vertex -2.6676 -0.351196 1.32687
    endloop
  endfacet
  facet normal -0.906418 -0.180293 0.381969
    outer loop
      vertex -2.74399 -0.735251 0.964318
      vertex -2.59894 -0.696383 1.32687
      vertex -2.6676 -0.351196 1.32687
    endloop
  endfacet
  facet normal -0.875132 -0.297059 0.38197
    outer loop
      vertex -2.74399 -0.735251 0.964318
      vertex -2.62455 -1.08712 0.964318
      vertex -2.59894 -0.696383 1.32687
    endloop
  endfacet
  facet normal -0.875124 -0.297068 0.381979
    outer loop
      vertex -2.62455 -1.08712 0.964318
      vertex -2.48581 -1.02965 1.32687
      vertex -2.59894 -0.696383 1.32687
    endloop
  endfacet
  facet normal -0.828869 -0.408739 0.38198
    outer loop
      vertex -2.62455 -1.08712 0.964318
      vertex -2.4602 -1.4204 0.964318
      vertex -2.48581 -1.02965 1.32687
    endloop
  endfacet
  facet normal -0.828853 -0.408755 0.381998
    outer loop
      vertex -2.4602 -1.4204 0.964318
      vertex -2.33014 -1.34531 1.32687
      vertex -2.48581 -1.02965 1.32687
    endloop
  endfacet
  facet normal -0.768403 -0.513454 0.381997
    outer loop
      vertex -2.4602 -1.4204 0.964318
      vertex -2.25375 -1.72936 0.964318
      vertex -2.33014 -1.34531 1.32687
    endloop
  endfacet
  facet normal -0.768418 -0.513443 0.381982
    outer loop
      vertex -2.25375 -1.72936 0.964318
      vertex -2.13461 -1.63794 1.32687
      vertex -2.33014 -1.34531 1.32687
    endloop
  endfacet
  facet normal -0.694827 -0.609348 0.381982
    outer loop
      vertex -2.25375 -1.72936 0.964318
      vertex -2.00874 -2.00874 0.964318
      vertex -2.13461 -1.63794 1.32687
    endloop
  endfacet
  facet normal -0.694822 -0.609351 0.381987
    outer loop
      vertex -2.00874 -2.00874 0.964318
      vertex -1.90255 -1.90255 1.32687
      vertex -2.13461 -1.63794 1.32687
    endloop
  endfacet
  facet normal -0.609347 -0.694826 0.381987
    outer loop
      vertex -2.00874 -2.00874 0.964318
      vertex -1.72936 -2.25375 0.964318
      vertex -1.90255 -1.90255 1.32687
    endloop
  endfacet
  facet normal -0.609352 -0.694823 0.381982
    outer loop
      vertex -1.72936 -2.25375 0.964318
      vertex -1.63794 -2.13461 1.32687
      vertex -1.90255 -1.90255 1.32687
    endloop
  endfacet
  facet normal -0.513458 -0.768408 0.381982
    outer loop
      vertex -1.72936 -2.25375 0.964318
      vertex -1.4204 -2.4602 0.964318
      vertex -1.63794 -2.13461 1.32687
    endloop
  endfacet
  facet normal -0.513439 -0.768413 0.381997
    outer loop
      vertex -1.4204 -2.4602 0.964318
      vertex -1.34531 -2.33014 1.32687
      vertex -1.63794 -2.13461 1.32687
    endloop
  endfacet
  facet normal -0.408736 -0.828862 0.381997
    outer loop
      vertex -1.4204 -2.4602 0.964318
      vertex -1.08712 -2.62455 0.964318
      vertex -1.34531 -2.33014 1.32687
    endloop
  endfacet
  facet normal -0.408758 -0.82886 0.381979
    outer loop
      vertex -1.08712 -2.62455 0.964318
      vertex -1.02965 -2.48581 1.32687
      vertex -1.34531 -2.33014 1.32687
    endloop
  endfacet
  facet normal -0.297057 -0.875128 0.381979
    outer loop
      vertex -1.08712 -2.62455 0.964318
      vertex -0.735251 -2.74399 0.964318
      vertex -1.02965 -2.48581 1.32687
    endloop
  endfacet
  facet normal -0.297069 -0.875128 0.38197
    outer loop
      vertex -0.735251 -2.74399 0.964318
      vertex -0.696383 -2.59894 1.32687
      vertex -1.02965 -2.48581 1.32687
    endloop
  endfacet
  facet normal -0.180311 -0.906414 0.381969
    outer loop
      vertex -0.735251 -2.74399 0.964318
      vertex -0.370798 -2.81649 0.964318
      vertex -0.696383 -2.59894 1.32687
    endloop
  endfacet
  facet normal -0.180291 -0.906412 0.381986
    outer loop
      vertex -0.370798 -2.81649 0.964318
      vertex -0.351196 -2.6676 1.32687
      vertex -0.696383 -2.59894 1.32687
    endloop
  endfacet
  facet normal -0.0604351 -0.92219 0.381985
    outer loop
      vertex -0.370798 -2.81649 0.964318
      vertex -0 -2.84079 0.964318
      vertex -0.351196 -2.6676 1.32687
    endloop
  endfacet
  facet normal -0.0604474 -0.922194 0.381975
    outer loop
      vertex -0 -2.84079 0.964318
      vertex -0 -2.69062 1.32687
      vertex -0.351196 -2.6676 1.32687
    endloop
  endfacet
  facet normal 0.0604354 -0.922194 0.381975
    outer loop
      vertex -0 -2.84079 0.964318
      vertex 0.370798 -2.81649 0.964318
      vertex -0 -2.69062 1.32687
    endloop
  endfacet
  facet normal 0.0604472 -0.922189 0.381986
    outer loop
      vertex 0.370798 -2.81649 0.964318
      vertex 0.351196 -2.6676 1.32687
      vertex -0 -2.69062 1.32687
    endloop
  endfacet
  facet normal 0.18031 -0.906408 0.381985
    outer loop
      vertex 0.370798 -2.81649 0.964318
      vertex 0.735251 -2.74399 0.964318
      vertex 0.351196 -2.6676 1.32687
    endloop
  endfacet
  facet normal 0.180293 -0.906418 0.381969
    outer loop
      vertex 0.735251 -2.74399 0.964318
      vertex 0.696383 -2.59894 1.32687
      vertex 0.351196 -2.6676 1.32687
    endloop
  endfacet
  facet normal 0.297059 -0.875132 0.38197
    outer loop
      vertex 0.735251 -2.74399 0.964318
      vertex 1.08712 -2.62455 0.964318
      vertex 0.696383 -2.59894 1.32687
    endloop
  endfacet
  facet normal 0.297068 -0.875124 0.381979
    outer loop
      vertex 1.08712 -2.62455 0.964318
      vertex 1.02965 -2.48581 1.32687
      vertex 0.696383 -2.59894 1.32687
    endloop
  endfacet
  facet normal 0.408739 -0.828869 0.38198
    outer loop
      vertex 1.08712 -2.62455 0.964318
      vertex 1.4204 -2.4602 0.964318
      vertex 1.02965 -2.48581 1.32687
    endloop
  endfacet
  facet normal 0.408755 -0.828853 0.381998
    outer loop
      vertex 1.4204 -2.4602 0.964318
      vertex 1.34531 -2.33014 1.32687
      vertex 1.02965 -2.48581 1.32687
    endloop
  endfacet
  facet normal 0.513454 -0.768403 0.381997
    outer loop
      vertex 1.4204 -2.4602 0.964318
      vertex 1.72936 -2.25375 0.964318
      vertex 1.34531 -2.33014 1.32687
    endloop
  endfacet
  facet normal 0.513443 -0.768418 0.381982
    outer loop
      vertex 1.72936 -2.25375 0.964318
      vertex 1.63794 -2.13461 1.32687
      vertex 1.34531 -2.33014 1.32687
    endloop
  endfacet
  facet normal 0.609348 -0.694827 0.381982
    outer loop
      vertex 1.72936 -2.25375 0.964318
      vertex 2.00874 -2.00874 0.964318
      vertex 1.63794 -2.13461 1.32687
    endloop
  endfacet
  facet normal 0.609351 -0.694822 0.381987
    outer loop
      vertex 2.00874 -2.00874 0.964318
      vertex 1.90255 -1.90255 1.32687
      vertex 1.63794 -2.13461 1.32687
    endloop
  endfacet
  facet normal 0.694826 -0.609347 0.381987
    outer loop
      vertex 2.00874 -2.00874 0.964318
      vertex 2.25375 -1.72936 0.964318
      vertex 1.90255 -1.90255 1.32687
    endloop
  endfacet
  facet normal 0.694823 -0.609352 0.381982
    outer loop
      vertex 2.25375 -1.72936 0.964318
      vertex 2.13461 -1.63794 1.32687
      vertex 1.90255 -1.90255 1.32687
    endloop
  endfacet
  facet normal 0.768408 -0.513458 0.381982
    outer loop
      vertex 2.25375 -1.72936 0.964318
      vertex 2.4602 -1.4204 0.964318
      vertex 2.13461 -1.63794 1.32687
    endloop
  endfacet
  facet normal 0.768413 -0.513439 0.381997
    outer loop
      vertex 2.4602 -1.4204 0.964318
      vertex 2.33014 -1.34531 1.32687
      vertex 2.13461 -1.63794 1.32687
    endloop
  endfacet
  facet normal 0.828862 -0.408736 0.381997
    outer loop
      vertex 2.4602 -1.4204 0.964318
      vertex 2.62455 -1.08712 0.964318
      vertex 2.33014 -1.34531 1.32687
    endloop
  endfacet
  facet normal 0.82886 -0.408758 0.381979
    outer loop
      vertex 2.62455 -1.08712 0.964318
      vertex 2.48581 -1.02965 1.32687
      vertex 2.33014 -1.34531 1.32687
    endloop
  endfacet
  facet normal 0.875128 -0.297057 0.381979
    outer loop
      vertex 2.62455 -1.08712 0.964318
      vertex 2.74399 -0.735251 0.964318
      vertex 2.48581 -1.02965 1.32687
    endloop
  endfacet
  facet normal 0.875128 -0.297069 0.38197
    outer loop
      vertex 2.74399 -0.735251 0.964318
      vertex 2.59894 -0.696383 1.32687
      vertex 2.48581 -1.02965 1.32687
    endloop
  endfacet
  facet normal 0.906414 -0.180311 0.381969
    outer loop
      vertex 2.74399 -0.735251 0.964318
      vertex 2.81649 -0.370798 0.964318
      vertex 2.59894 -0.696383 1.32687
    endloop
  endfacet
  facet normal 0.906412 -0.180291 0.381986
    outer loop
      vertex 2.81649 -0.370798 0.964318
      vertex 2.6676 -0.351196 1.32687
      vertex 2.59894 -0.696383 1.32687
    endloop
  endfacet
  facet normal 0.92219 -0.0604351 0.381985
    outer loop
      vertex 2.81649 -0.370798 0.964318
      vertex 2.84079 0 0.964318
      vertex 2.6676 -0.351196 1.32687
    endloop
  endfacet
  facet normal 0.922194 -0.0604474 0.381975
    outer loop
      vertex 2.84079 0 0.964318
      vertex 2.69062 0 1.32687
      vertex 2.6676 -0.351196 1.32687
    endloop
  endfacet
  facet normal 0.963992 0.0632027 0.258313
    outer loop
      vertex 2.94236 0 0.585271
      vertex 2.91718 0.384055 0.585271
      vertex 2.84079 0 0.964318
    endloop
  endfacet
  facet normal 0.964001 0.0631751 0.258287
    outer loop
      vertex 2.91718 0.384055 0.585271
      vertex 2.81649 0.370798 0.964318
      vertex 2.84079 0 0.964318
    endloop
  endfacet
  facet normal 0.947508 0.188456 0.258287
    outer loop
      vertex 2.91718 0.384055 0.585271
      vertex 2.8421 0.761538 0.585271
      vertex 2.81649 0.370798 0.964318
    endloop
  endfacet
  facet normal 0.947495 0.188484 0.258315
    outer loop
      vertex 2.8421 0.761538 0.585271
      vertex 2.74399 0.735251 0.964318
      vertex 2.81649 0.370798 0.964318
    endloop
  endfacet
  facet normal 0.914788 0.310542 0.258314
    outer loop
      vertex 2.8421 0.761538 0.585271
      vertex 2.71838 1.12599 0.585271
      vertex 2.74399 0.735251 0.964318
    endloop
  endfacet
  facet normal 0.9148 0.310524 0.258294
    outer loop
      vertex 2.71838 1.12599 0.585271
      vertex 2.62455 1.08712 0.964318
      vertex 2.74399 0.735251 0.964318
    endloop
  endfacet
  facet normal 0.866437 0.427282 0.258296
    outer loop
      vertex 2.71838 1.12599 0.585271
      vertex 2.54815 1.47118 0.585271
      vertex 2.62455 1.08712 0.964318
    endloop
  endfacet
  facet normal 0.866447 0.42727 0.258281
    outer loop
      vertex 2.54815 1.47118 0.585271
      vertex 2.4602 1.4204 0.964318
      vertex 2.62455 1.08712 0.964318
    endloop
  endfacet
  facet normal 0.803262 0.536713 0.258282
    outer loop
      vertex 2.54815 1.47118 0.585271
      vertex 2.33433 1.79119 0.585271
      vertex 2.4602 1.4204 0.964318
    endloop
  endfacet
  facet normal 0.80324 0.536733 0.258309
    outer loop
      vertex 2.33433 1.79119 0.585271
      vertex 2.25375 1.72936 0.964318
      vertex 2.4602 1.4204 0.964318
    endloop
  endfacet
  facet normal 0.726325 0.636968 0.258308
    outer loop
      vertex 2.33433 1.79119 0.585271
      vertex 2.08056 2.08056 0.585271
      vertex 2.25375 1.72936 0.964318
    endloop
  endfacet
  facet normal 0.726323 0.636969 0.25831
    outer loop
      vertex 2.08056 2.08056 0.585271
      vertex 2.00874 2.00874 0.964318
      vertex 2.25375 1.72936 0.964318
    endloop
  endfacet
  facet normal 0.636968 0.726325 0.25831
    outer loop
      vertex 2.08056 2.08056 0.585271
      vertex 1.79119 2.33433 0.585271
      vertex 2.00874 2.00874 0.964318
    endloop
  endfacet
  facet normal 0.63697 0.726324 0.258308
    outer loop
      vertex 1.79119 2.33433 0.585271
      vertex 1.72936 2.25375 0.964318
      vertex 2.00874 2.00874 0.964318
    endloop
  endfacet
  facet normal 0.536709 0.803256 0.258309
    outer loop
      vertex 1.79119 2.33433 0.585271
      vertex 1.47118 2.54815 0.585271
      vertex 1.72936 2.25375 0.964318
    endloop
  endfacet
  facet normal 0.536737 0.803246 0.258282
    outer loop
      vertex 1.47118 2.54815 0.585271
      vertex 1.4204 2.4602 0.964318
      vertex 1.72936 2.25375 0.964318
    endloop
  endfacet
  facet normal 0.427284 0.86644 0.258282
    outer loop
      vertex 1.47118 2.54815 0.585271
      vertex 1.12599 2.71838 0.585271
      vertex 1.4204 2.4602 0.964318
    endloop
  endfacet
  facet normal 0.427268 0.866444 0.258296
    outer loop
      vertex 1.12599 2.71838 0.585271
      vertex 1.08712 2.62455 0.964318
      vertex 1.4204 2.4602 0.964318
    endloop
  endfacet
  facet normal 0.310544 0.914793 0.258295
    outer loop
      vertex 1.12599 2.71838 0.585271
      vertex 0.761538 2.8421 0.585271
      vertex 1.08712 2.62455 0.964318
    endloop
  endfacet
  facet normal 0.310522 0.914795 0.258314
    outer loop
      vertex 0.761538 2.8421 0.585271
      vertex 0.735251 2.74399 0.964318
      vertex 1.08712 2.62455 0.964318
    endloop
  endfacet
  facet normal 0.188455 0.947501 0.258314
    outer loop
      vertex 0.761538 2.8421 0.585271
      vertex 0.384055 2.91718 0.585271
      vertex 0.735251 2.74399 0.964318
    endloop
  endfacet
  facet normal 0.188485 0.947503 0.258287
    outer loop
      vertex 0.384055 2.91718 0.585271
      vertex 0.370798 2.81649 0.964318
      vertex 0.735251 2.74399 0.964318
    endloop
  endfacet
  facet normal 0.0632031 0.963999 0.258287
    outer loop
      vertex 0.384055 2.91718 0.585271
      vertex 0 2.94236 0.585271
      vertex 0.370798 2.81649 0.964318
    endloop
  endfacet
  facet normal 0.0631747 0.963993 0.258313
    outer loop
      vertex 0 2.94236 0.585271
      vertex 0 2.84079 0.964318
      vertex 0.370798 2.81649 0.964318
    endloop
  endfacet
  facet normal -0.0632027 0.963992 0.258313
    outer loop
      vertex 0 2.94236 0.585271
      vertex -0.384055 2.91718 0.585271
      vertex 0 2.84079 0.964318
    endloop
  endfacet
  facet normal -0.0631751 0.964001 0.258287
    outer loop
      vertex -0.384055 2.91718 0.585271
      vertex -0.370798 2.81649 0.964318
      vertex 0 2.84079 0.964318
    endloop
  endfacet
  facet normal -0.188456 0.947508 0.258287
    outer loop
      vertex -0.384055 2.91718 0.585271
      vertex -0.761538 2.8421 0.585271
      vertex -0.370798 2.81649 0.964318
    endloop
  endfacet
  facet normal -0.188484 0.947495 0.258315
    outer loop
      vertex -0.761538 2.8421 0.585271
      vertex -0.735251 2.74399 0.964318
      vertex -0.370798 2.81649 0.964318
    endloop
  endfacet
  facet normal -0.310542 0.914788 0.258314
    outer loop
      vertex -0.761538 2.8421 0.585271
      vertex -1.12599 2.71838 0.585271
      vertex -0.735251 2.74399 0.964318
    endloop
  endfacet
  facet normal -0.310524 0.9148 0.258294
    outer loop
      vertex -1.12599 2.71838 0.585271
      vertex -1.08712 2.62455 0.964318
      vertex -0.735251 2.74399 0.964318
    endloop
  endfacet
  facet normal -0.427282 0.866437 0.258296
    outer loop
      vertex -1.12599 2.71838 0.585271
      vertex -1.47118 2.54815 0.585271
      vertex -1.08712 2.62455 0.964318
    endloop
  endfacet
  facet normal -0.42727 0.866447 0.258281
    outer loop
      vertex -1.47118 2.54815 0.585271
      vertex -1.4204 2.4602 0.964318
      vertex -1.08712 2.62455 0.964318
    endloop
  endfacet
  facet normal -0.536713 0.803262 0.258282
    outer loop
      vertex -1.47118 2.54815 0.585271
      vertex -1.79119 2.33433 0.585271
      vertex -1.4204 2.4602 0.964318
    endloop
  endfacet
  facet normal -0.536733 0.80324 0.258309
    outer loop
      vertex -1.79119 2.33433 0.585271
      vertex -1.72936 2.25375 0.964318
      vertex -1.4204 2.4602 0.964318
    endloop
  endfacet
  facet normal -0.636968 0.726325 0.258308
    outer loop
      vertex -1.79119 2.33433 0.585271
      vertex -2.08056 2.08056 0.585271
      vertex -1.72936 2.25375 0.964318
    endloop
  endfacet
  facet normal -0.636969 0.726323 0.25831
    outer loop
      vertex -2.08056 2.08056 0.585271
      vertex -2.00874 2.00874 0.964318
      vertex -1.72936 2.25375 0.964318
    endloop
  endfacet
  facet normal -0.726325 0.636968 0.25831
    outer loop
      vertex -2.08056 2.08056 0.585271
      vertex -2.33433 1.79119 0.585271
      vertex -2.00874 2.00874 0.964318
    endloop
  endfacet
  facet normal -0.726324 0.63697 0.258308
    outer loop
      vertex -2.33433 1.79119 0.585271
      vertex -2.25375 1.72936 0.964318
      vertex -2.00874 2.00874 0.964318
    endloop
  endfacet
  facet normal -0.803256 0.536709 0.258309
    outer loop
      vertex -2.33433 1.79119 0.585271
      vertex -2.54815 1.47118 0.585271
      vertex -2.25375 1.72936 0.964318
    endloop
  endfacet
  facet normal -0.803246 0.536737 0.258282
    outer loop
      vertex -2.54815 1.47118 0.585271
      vertex -2.4602 1.4204 0.964318
      vertex -2.25375 1.72936 0.964318
    endloop
  endfacet
  facet normal -0.86644 0.427284 0.258282
    outer loop
      vertex -2.54815 1.47118 0.585271
      vertex -2.71838 1.12599 0.585271
      vertex -2.4602 1.4204 0.964318
    endloop
  endfacet
  facet normal -0.866444 0.427268 0.258296
    outer loop
      vertex -2.71838 1.12599 0.585271
      vertex -2.62455 1.08712 0.964318
      vertex -2.4602 1.4204 0.964318
    endloop
  endfacet
  facet normal -0.914793 0.310544 0.258295
    outer loop
      vertex -2.71838 1.12599 0.585271
      vertex -2.8421 0.761538 0.585271
      vertex -2.62455 1.08712 0.964318
    endloop
  endfacet
  facet normal -0.914795 0.310522 0.258314
    outer loop
      vertex -2.8421 0.761538 0.585271
      vertex -2.74399 0.735251 0.964318
      vertex -2.62455 1.08712 0.964318
    endloop
  endfacet
  facet normal -0.947501 0.188455 0.258314
    outer loop
      vertex -2.8421 0.761538 0.585271
      vertex -2.91718 0.384055 0.585271
      vertex -2.74399 0.735251 0.964318
    endloop
  endfacet
  facet normal -0.947503 0.188485 0.258287
    outer loop
      vertex -2.91718 0.384055 0.585271
      vertex -2.81649 0.370798 0.964318
      vertex -2.74399 0.735251 0.964318
    endloop
  endfacet
  facet normal -0.963999 0.0632031 0.258287
    outer loop
      vertex -2.91718 0.384055 0.585271
      vertex -2.94236 -0 0.585271
      vertex -2.81649 0.370798 0.964318
    endloop
  endfacet
  facet normal -0.963993 0.0631747 0.258313
    outer loop
      vertex -2.94236 -0 0.585271
      vertex -2.84079 -0 0.964318
      vertex -2.81649 0.370798 0.964318
    endloop
  endfacet
  facet normal -0.963992 -0.0632027 0.258313
    outer loop
      vertex -2.94236 -0 0.585271
      vertex -2.91718 -0.384055 0.585271
      vertex -2.84079 -0 0.964318
    endloop
  endfacet
  facet normal -0.964001 -0.0631751 0.258287
    outer loop
      vertex -2.91718 -0.384055 0.585271
      vertex -2.81649 -0.370798 0.964318
      vertex -2.84079 -0 0.964318
    endloop
  endfacet
  facet normal -0.947508 -0.188456 0.258287
    outer loop
      vertex -2.91718 -0.384055 0.585271
      vertex -2.8421 -0.761538 0.585271
      vertex -2.81649 -0.370798 0.964318
    endloop
  endfacet
  facet normal -0.947495 -0.188484 0.258315
    outer loop
      vertex -2.8421 -0.761538 0.585271
      vertex -2.74399 -0.735251 0.964318
      vertex -2.81649 -0.370798 0.964318
    endloop
  endfacet
  facet normal -0.914788 -0.310542 0.258314
    outer loop
      vertex -2.8421 -0.761538 0.585271
      vertex -2.71838 -1.12599 0.585271
      vertex -2.74399 -0.735251 0.964318
    endloop
  endfacet
  facet normal -0.9148 -0.310524 0.258294
    outer loop
      vertex -2.71838 -1.12599 0.585271
      vertex -2.62455 -1.08712 0.964318
      vertex -2.74399 -0.735251 0.964318
    endloop
  endfacet
  facet normal -0.866437 -0.427282 0.258296
    outer loop
      vertex -2.71838 -1.12599 0.585271
      vertex -2.54815 -1.47118 0.585271
      vertex -2.62455 -1.08712 0.964318
    endloop
  endfacet
  facet normal -0.866447 -0.42727 0.258281
    outer loop
      vertex -2.54815 -1.47118 0.585271
      vertex -2.4602 -1.4204 0.964318
      vertex -2.62455 -1.08712 0.964318
    endloop
  endfacet
  facet normal -0.803262 -0.536713 0.258282
    outer loop
      vertex -2.54815 -1.47118 0.585271
      vertex -2.33433 -1.79119 0.585271
      vertex -2.4602 -1.4204 0.964318
    endloop
  endfacet
  facet normal -0.80324 -0.536733 0.258309
    outer loop
      vertex -2.33433 -1.79119 0.585271
      vertex -2.25375 -1.72936 0.964318
      vertex -2.4602 -1.4204 0.964318
    endloop
  endfacet
  facet normal -0.726325 -0.636968 0.258308
    outer loop
      vertex -2.33433 -1.79119 0.585271
      vertex -2.08056 -2.08056 0.585271
      vertex -2.25375 -1.72936 0.964318
    endloop
  endfacet
  facet normal -0.726323 -0.636969 0.25831
    outer loop
      vertex -2.08056 -2.08056 0.585271
      vertex -2.00874 -2.00874 0.964318
      vertex -2.25375 -1.72936 0.964318
    endloop
  endfacet
  facet normal -0.636968 -0.726325 0.25831
    outer loop
      vertex -2.08056 -2.08056 0.585271
      vertex -1.79119 -2.33433 0.585271
      vertex -2.00874 -2.00874 0.964318
    endloop
  endfacet
  facet normal -0.63697 -0.726324 0.258308
    outer loop
      vertex -1.79119 -2.33433 0.585271
      vertex -1.72936 -2.25375 0.964318
      vertex -2.00874 -2.00874 0.964318
    endloop
  endfacet
  facet normal -0.536709 -0.803256 0.258309
    outer loop
      vertex -1.79119 -2.33433 0.585271
      vertex -1.47118 -2.54815 0.585271
      vertex -1.72936 -2.25375 0.964318
    endloop
  endfacet
  facet normal -0.536737 -0.803246 0.258282
    outer loop
      vertex -1.47118 -2.54815 0.585271
      vertex -1.4204 -2.4602 0.964318
      vertex -1.72936 -2.25375 0.964318
    endloop
  endfacet
  facet normal -0.427284 -0.86644 0.258282
    outer loop
      vertex -1.47118 -2.54815 0.585271
      vertex -1.12599 -2.71838 0.585271
      vertex -1.4204 -2.4602 0.964318
    endloop
  endfacet
  facet normal -0.427268 -0.866444 0.258296
    outer loop
      vertex -1.12599 -2.71838 0.585271
      vertex -1.08712 -2.62455 0.964318
      vertex -1.4204 -2.4602 0.964318
    endloop
  endfacet
  facet normal -0.310544 -0.914793 0.258295
    outer loop
      vertex -1.12599 -2.71838 0.585271
      vertex -0.761538 -2.8421 0.585271
      vertex -1.08712 -2.62455 0.964318
    endloop
  endfacet
  facet normal -0.310522 -0.914795 0.258314
    outer loop
      vertex -0.761538 -2.8421 0.585271
      vertex -0.735251 -2.74399 0.964318
      vertex -1.08712 -2.62455 0.964318
    endloop
  endfacet
  facet normal -0.188455 -0.947501 0.258314
    outer loop
      vertex -0.761538 -2.8421 0.585271
      vertex -0.384055 -2.91718 0.585271
      vertex -0.735251 -2.74399 0.964318
    endloop
  endfacet
  facet normal -0.188485 -0.947503 0.258287
    outer loop
      vertex -0.384055 -2.91718 0.585271
      vertex -0.370798 -2.81649 0.964318
      vertex -0.735251 -2.74399 0.964318
    endloop
  endfacet
  facet normal -0.0632031 -0.963999 0.258287
    outer loop
      vertex -0.384055 -2.91718 0.585271
      vertex -0 -2.94236 0.585271
      vertex -0.370798 -2.81649 0.964318
    endloop
  endfacet
  facet normal -0.0631747 -0.963993 0.258313
    outer loop
      vertex -0 -2.94236 0.585271
      vertex -0 -2.84079 0.964318
      vertex -0.370798 -2.81649 0.964318
    endloop
  endfacet
  facet normal 0.0632027 -0.963992 0.258313
    outer loop
      vertex -0 -2.94236 0.585271
      vertex 0.384055 -2.91718 0.585271
      vertex -0 -2.84079 0.964318
    endloop
  endfacet
  facet normal 0.0631751 -0.964001 0.258287
    outer loop
      vertex 0.384055 -2.91718 0.585271
      vertex 0.370798 -2.81649 0.964318
      vertex -0 -2.84079 0.964318
    endloop
  endfacet
  facet normal 0.188456 -0.947508 0.258287
    outer loop
      vertex 0.384055 -2.91718 0.585271
      vertex 0.761538 -2.8421 0.585271
      vertex 0.370798 -2.81649 0.964318
    endloop
  endfacet
  facet normal 0.188484 -0.947495 0.258315
    outer loop
      vertex 0.761538 -2.8421 0.585271
      vertex 0.735251 -2.74399 0.964318
      vertex 0.370798 -2.81649 0.964318
    endloop
  endfacet
  facet normal 0.310542 -0.914788 0.258314
    outer loop
      vertex 0.761538 -2.8421 0.585271
      vertex 1.12599 -2.71838 0.585271
      vertex 0.735251 -2.74399 0.964318
    endloop
  endfacet
  facet normal 0.310524 -0.9148 0.258294
    outer loop
      vertex 1.12599 -2.71838 0.585271
      vertex 1.08712 -2.62455 0.964318
      vertex 0.735251 -2.74399 0.964318
    endloop
  endfacet
  facet normal 0.427282 -0.866437 0.258296
    outer loop
      vertex 1.12599 -2.71838 0.585271
      vertex 1.47118 -2.54815 0.585271
      vertex 1.08712 -2.62455 0.964318
    endloop
  endfacet
  facet normal 0.42727 -0.866447 0.258281
    outer loop
      vertex 1.47118 -2.54815 0.585271
      vertex 1.4204 -2.4602 0.964318
      vertex 1.08712 -2.62455 0.964318
    endloop
  endfacet
  facet normal 0.536713 -0.803262 0.258282
    outer loop
      vertex 1.47118 -2.54815 0.585271
      vertex 1.79119 -2.33433 0.585271
      vertex 1.4204 -2.4602 0.964318
    endloop
  endfacet
  facet normal 0.536733 -0.80324 0.258309
    outer loop
      vertex 1.79119 -2.33433 0.585271
      vertex 1.72936 -2.25375 0.964318
      vertex 1.4204 -2.4602 0.964318
    endloop
  endfacet
  facet normal 0.636968 -0.726325 0.258308
    outer loop
      vertex 1.79119 -2.33433 0.585271
      vertex 2.08056 -2.08056 0.585271
      vertex 1.72936 -2.25375 0.964318
    endloop
  endfacet
  facet normal 0.636969 -0.726323 0.25831
    outer loop
      vertex 2.08056 -2.08056 0.585271
      vertex 2.00874 -2.00874 0.964318
      vertex 1.72936 -2.25375 0.964318
    endloop
  endfacet
  facet normal 0.726325 -0.636968 0.25831
    outer loop
      vertex 2.08056 -2.08056 0.585271
      vertex 2.33433 -1.79119 0.585271
      vertex 2.00874 -2.00874 0.964318
    endloop
  endfacet
  facet normal 0.726324 -0.63697 0.258308
    outer loop
      vertex 2.33433 -1.79119 0.585271
      vertex 2.25375 -1.72936 0.964318
      vertex 2.00874 -2.00874 0.964318
    endloop
  endfacet
  facet normal 0.803256 -0.536709 0.258309
    outer loop
      vertex 2.33433 -1.79119 0.585271
      vertex 2.54815 -1.47118 0.585271
      vertex 2.25375 -1.72936 0.964318
    endloop
  endfacet
  facet normal 0.803246 -0.536737 0.258282
    outer loop
      vertex 2.54815 -1.47118 0.585271
      vertex 2.4602 -1.4204 0.964318
      vertex 2.25375 -1.72936 0.964318
    endloop
  endfacet
  facet normal 0.86644 -0.427284 0.258282
    outer loop
      vertex 2.54815 -1.47118 0.585271
      vertex 2.71838 -1.12599 0.585271
      vertex 2.4602 -1.4204 0.964318
    endloop
  endfacet
  facet normal 0.866444 -0.427268 0.258296
    outer loop
      vertex 2.71838 -1.12599 0.585271
      vertex 2.62455 -1.08712 0.964318
      vertex 2.4602 -1.4204 0.964318
    endloop
  endfacet
  facet normal 0.914793 -0.310544 0.258295
    outer loop
      vertex 2.71838 -1.12599 0.585271
      vertex 2.8421 -0.761538 0.585271
      vertex 2.62455 -1.08712 0.964318
    endloop
  endfacet
  facet normal 0.914795 -0.310522 0.258314
    outer loop
      vertex 2.8421 -0.761538 0.585271
      vertex 2.74399 -0.735251 0.964318
      vertex 2.62455 -1.08712 0.964318
    endloop
  endfacet
  facet normal 0.947501 -0.188455 0.258314
    outer loop
      vertex 2.8421 -0.761538 0.585271
      vertex 2.91718 -0.384055 0.585271
      vertex 2.74399 -0.735251 0.964318
    endloop
  endfacet
  facet normal 0.947503 -0.188485 0.258287
    outer loop
      vertex 2.91718 -0.384055 0.585271
      vertex 2.81649 -0.370798 0.964318
      vertex 2.74399 -0.735251 0.964318
    endloop
  endfacet
  facet normal 0.963999 -0.0632031 0.258287
    outer loop
      vertex 2.91718 -0.384055 0.585271
      vertex 2.94236 0 0.585271
      vertex 2.81649 -0.370798 0.964318
    endloop
  endfacet
  facet normal 0.963993 -0.0631747 0.258313
    outer loop
      vertex 2.94236 0 0.585271
      vertex 2.84079 0 0.964318
      vertex 2.81649 -0.370798 0.964318
    endloop
  endfacet
  facet normal 0.989359 0.0648448 0.130249
    outer loop
      vertex 2.99358 0 0.196209
      vertex 2.96797 0.39074 0.196209
      vertex 2.94236 0 0.585271
    endloop
  endfacet
  facet normal 0.989354 0.0648656 0.13027
    outer loop
      vertex 2.96797 0.39074 0.196209
      vertex 2.91718 0.384055 0.585271
      vertex 2.94236 0 0.585271
    endloop
  endfacet
  facet normal 0.972424 0.193444 0.130269
    outer loop
      vertex 2.96797 0.39074 0.196209
      vertex 2.89157 0.774795 0.196209
      vertex 2.91718 0.384055 0.585271
    endloop
  endfacet
  facet normal 0.972435 0.193414 0.130237
    outer loop
      vertex 2.89157 0.774795 0.196209
      vertex 2.8421 0.761538 0.585271
      vertex 2.91718 0.384055 0.585271
    endloop
  endfacet
  facet normal 0.938863 0.318706 0.130238
    outer loop
      vertex 2.89157 0.774795 0.196209
      vertex 2.7657 1.14559 0.196209
      vertex 2.8421 0.761538 0.585271
    endloop
  endfacet
  facet normal 0.93886 0.318713 0.130246
    outer loop
      vertex 2.7657 1.14559 0.196209
      vertex 2.71838 1.12599 0.585271
      vertex 2.8421 0.761538 0.585271
    endloop
  endfacet
  facet normal 0.889236 0.438516 0.130245
    outer loop
      vertex 2.7657 1.14559 0.196209
      vertex 2.59251 1.49679 0.196209
      vertex 2.71838 1.12599 0.585271
    endloop
  endfacet
  facet normal 0.889231 0.438523 0.130254
    outer loop
      vertex 2.59251 1.49679 0.196209
      vertex 2.54815 1.47118 0.585271
      vertex 2.71838 1.12599 0.585271
    endloop
  endfacet
  facet normal 0.824381 0.550845 0.130253
    outer loop
      vertex 2.59251 1.49679 0.196209
      vertex 2.37496 1.82237 0.196209
      vertex 2.54815 1.47118 0.585271
    endloop
  endfacet
  facet normal 0.824393 0.550832 0.130236
    outer loop
      vertex 2.37496 1.82237 0.196209
      vertex 2.33433 1.79119 0.585271
      vertex 2.54815 1.47118 0.585271
    endloop
  endfacet
  facet normal 0.74545 0.653715 0.130237
    outer loop
      vertex 2.37496 1.82237 0.196209
      vertex 2.11678 2.11678 0.196209
      vertex 2.33433 1.79119 0.585271
    endloop
  endfacet
  facet normal 0.745435 0.653727 0.130256
    outer loop
      vertex 2.11678 2.11678 0.196209
      vertex 2.08056 2.08056 0.585271
      vertex 2.33433 1.79119 0.585271
    endloop
  endfacet
  facet normal 0.653713 0.745448 0.130256
    outer loop
      vertex 2.11678 2.11678 0.196209
      vertex 1.82237 2.37496 0.196209
      vertex 2.08056 2.08056 0.585271
    endloop
  endfacet
  facet normal 0.653729 0.745437 0.130237
    outer loop
      vertex 1.82237 2.37496 0.196209
      vertex 1.79119 2.33433 0.585271
      vertex 2.08056 2.08056 0.585271
    endloop
  endfacet
  facet normal 0.550846 0.824383 0.130236
    outer loop
      vertex 1.82237 2.37496 0.196209
      vertex 1.49679 2.59251 0.196209
      vertex 1.79119 2.33433 0.585271
    endloop
  endfacet
  facet normal 0.55083 0.824391 0.130254
    outer loop
      vertex 1.49679 2.59251 0.196209
      vertex 1.47118 2.54815 0.585271
      vertex 1.79119 2.33433 0.585271
    endloop
  endfacet
  facet normal 0.438515 0.889235 0.130254
    outer loop
      vertex 1.49679 2.59251 0.196209
      vertex 1.14559 2.7657 0.196209
      vertex 1.47118 2.54815 0.585271
    endloop
  endfacet
  facet normal 0.438524 0.889232 0.130245
    outer loop
      vertex 1.14559 2.7657 0.196209
      vertex 1.12599 2.71838 0.585271
      vertex 1.47118 2.54815 0.585271
    endloop
  endfacet
  facet normal 0.318706 0.938862 0.130246
    outer loop
      vertex 1.14559 2.7657 0.196209
      vertex 0.774795 2.89157 0.196209
      vertex 1.12599 2.71838 0.585271
    endloop
  endfacet
  facet normal 0.318714 0.938861 0.130238
    outer loop
      vertex 0.774795 2.89157 0.196209
      vertex 0.761538 2.8421 0.585271
      vertex 1.12599 2.71838 0.585271
    endloop
  endfacet
  facet normal 0.193445 0.972428 0.130238
    outer loop
      vertex 0.774795 2.89157 0.196209
      vertex 0.39074 2.96797 0.196209
      vertex 0.761538 2.8421 0.585271
    endloop
  endfacet
  facet normal 0.193413 0.972431 0.130269
    outer loop
      vertex 0.39074 2.96797 0.196209
      vertex 0.384055 2.91718 0.585271
      vertex 0.761538 2.8421 0.585271
    endloop
  endfacet
  facet normal 0.0648447 0.989356 0.130269
    outer loop
      vertex 0.39074 2.96797 0.196209
      vertex 0 2.99358 0.196209
      vertex 0.384055 2.91718 0.585271
    endloop
  endfacet
  facet normal 0.0648657 0.989357 0.130249
    outer loop
      vertex 0 2.99358 0.196209
      vertex 0 2.94236 0.585271
      vertex 0.384055 2.91718 0.585271
    endloop
  endfacet
  facet normal -0.0648448 0.989359 0.130249
    outer loop
      vertex 0 2.99358 0.196209
      vertex -0.39074 2.96797 0.196209
      vertex 0 2.94236 0.585271
    endloop
  endfacet
  facet normal -0.0648656 0.989354 0.13027
    outer loop
      vertex -0.39074 2.96797 0.196209
      vertex -0.384055 2.91718 0.585271
      vertex 0 2.94236 0.585271
    endloop
  endfacet
  facet normal -0.193444 0.972424 0.130269
    outer loop
      vertex -0.39074 2.96797 0.196209
      vertex -0.774795 2.89157 0.196209
      vertex -0.384055 2.91718 0.585271
    endloop
  endfacet
  facet normal -0.193414 0.972435 0.130237
    outer loop
      vertex -0.774795 2.89157 0.196209
      vertex -0.761538 2.8421 0.585271
      vertex -0.384055 2.91718 0.585271
    endloop
  endfacet
  facet normal -0.318706 0.938863 0.130238
    outer loop
      vertex -0.774795 2.89157 0.196209
      vertex -1.14559 2.7657 0.196209
      vertex -0.761538 2.8421 0.585271
    endloop
  endfacet
  facet normal -0.318713 0.93886 0.130246
    outer loop
      vertex -1.14559 2.7657 0.196209
      vertex -1.12599 2.71838 0.585271
      vertex -0.761538 2.8421 0.585271
    endloop
  endfacet
  facet normal -0.438516 0.889236 0.130245
    outer loop
      vertex -1.14559 2.7657 0.196209
      vertex -1.49679 2.59251 0.196209
      vertex -1.12599 2.71838 0.585271
    endloop
  endfacet
  facet normal -0.438523 0.889231 0.130254
    outer loop
      vertex -1.49679 2.59251 0.196209
      vertex -1.47118 2.54815 0.585271
      vertex -1.12599 2.71838 0.585271
    endloop
  endfacet
  facet normal -0.550845 0.824381 0.130253
    outer loop
      vertex -1.49679 2.59251 0.196209
      vertex -1.82237 2.37496 0.196209
      vertex -1.47118 2.54815 0.585271
    endloop
  endfacet
  facet normal -0.550832 0.824393 0.130236
    outer loop
      vertex -1.82237 2.37496 0.196209
      vertex -1.79119 2.33433 0.585271
      vertex -1.47118 2.54815 0.585271
    endloop
  endfacet
  facet normal -0.653715 0.74545 0.130237
    outer loop
      vertex -1.82237 2.37496 0.196209
      vertex -2.11678 2.11678 0.196209
      vertex -1.79119 2.33433 0.585271
    endloop
  endfacet
  facet normal -0.653727 0.745435 0.130256
    outer loop
      vertex -2.11678 2.11678 0.196209
      vertex -2.08056 2.08056 0.585271
      vertex -1.79119 2.33433 0.585271
    endloop
  endfacet
  facet normal -0.745448 0.653713 0.130256
    outer loop
      vertex -2.11678 2.11678 0.196209
      vertex -2.37496 1.82237 0.196209
      vertex -2.08056 2.08056 0.585271
    endloop
  endfacet
  facet normal -0.745437 0.653729 0.130237
    outer loop
      vertex -2.37496 1.82237 0.196209
      vertex -2.33433 1.79119 0.585271
      vertex -2.08056 2.08056 0.585271
    endloop
  endfacet
  facet normal -0.824383 0.550846 0.130236
    outer loop
      vertex -2.37496 1.82237 0.196209
      vertex -2.59251 1.49679 0.196209
      vertex -2.33433 1.79119 0.585271
    endloop
  endfacet
  facet normal -0.824391 0.55083 0.130254
    outer loop
      vertex -2.59251 1.49679 0.196209
      vertex -2.54815 1.47118 0.585271
      vertex -2.33433 1.79119 0.585271
    endloop
  endfacet
  facet normal -0.889235 0.438515 0.130254
    outer loop
      vertex -2.59251 1.49679 0.196209
      vertex -2.7657 1.14559 0.196209
      vertex -2.54815 1.47118 0.585271
    endloop
  endfacet
  facet normal -0.889232 0.438524 0.130245
    outer loop
      vertex -2.7657 1.14559 0.196209
      vertex -2.71838 1.12599 0.585271
      vertex -2.54815 1.47118 0.585271
    endloop
  endfacet
  facet normal -0.938862 0.318706 0.130246
    outer loop
      vertex -2.7657 1.14559 0.196209
      vertex -2.89157 0.774795 0.196209
      vertex -2.71838 1.12599 0.585271
    endloop
  endfacet
  facet normal -0.938861 0.318714 0.130238
    outer loop
      vertex -2.89157 0.774795 0.196209
      vertex -2.8421 0.761538 0.585271
      vertex -2.71838 1.12599 0.585271
    endloop
  endfacet
  facet normal -0.972428 0.193445 0.130238
    outer loop
      vertex -2.89157 0.774795 0.196209
      vertex -2.96797 0.39074 0.196209
      vertex -2.8421 0.761538 0.585271
    endloop
  endfacet
  facet normal -0.972431 0.193413 0.130269
    outer loop
      vertex -2.96797 0.39074 0.196209
      vertex -2.91718 0.384055 0.585271
      vertex -2.8421 0.761538 0.585271
    endloop
  endfacet
  facet normal -0.989356 0.0648447 0.130269
    outer loop
      vertex -2.96797 0.39074 0.196209
      vertex -2.99358 -0 0.196209
      vertex -2.91718 0.384055 0.585271
    endloop
  endfacet
  facet normal -0.989357 0.0648657 0.130249
    outer loop
      vertex -2.99358 -0 0.196209
      vertex -2.94236 -0 0.585271
      vertex -2.91718 0.384055 0.585271
    endloop
  endfacet
  facet normal -0.989359 -0.0648448 0.130249
    outer loop
      vertex -2.99358 -0 0.196209
      vertex -2.96797 -0.39074 0.196209
      vertex -2.94236 -0 0.585271
    endloop
  endfacet
  facet normal -0.989354 -0.0648656 0.13027
    outer loop
      vertex -2.96797 -0.39074 0.196209
      vertex -2.91718 -0.384055 0.585271
      vertex -2.94236 -0 0.585271
    endloop
  endfacet
  facet normal -0.972424 -0.193444 0.130269
    outer loop
      vertex -2.96797 -0.39074 0.196209
      vertex -2.89157 -0.774795 0.196209
      vertex -2.91718 -0.384055 0.585271
    endloop
  endfacet
  facet normal -0.972435 -0.193414 0.130237
    outer loop
      vertex -2.89157 -0.774795 0.196209
      vertex -2.8421 -0.761538 0.585271
      vertex -2.91718 -0.384055 0.585271
    endloop
  endfacet
  facet normal -0.938863 -0.318706 0.130238
    outer loop
      vertex -2.89157 -0.774795 0.196209
      vertex -2.7657 -1.14559 0.196209
      vertex -2.8421 -0.761538 0.585271
    endloop
  endfacet
  facet normal -0.93886 -0.318713 0.130246
    outer loop
      vertex -2.7657 -1.14559 0.196209
      vertex -2.71838 -1.12599 0.585271
      vertex -2.8421 -0.761538 0.585271
    endloop
  endfacet
  facet normal -0.889236 -0.438516 0.130245
    outer loop
      vertex -2.7657 -1.14559 0.196209
      vertex -2.59251 -1.49679 0.196209
      vertex -2.71838 -1.12599 0.585271
    endloop
  endfacet
  facet normal -0.889231 -0.438523 0.130254
    outer loop
      vertex -2.59251 -1.49679 0.196209
      vertex -2.54815 -1.47118 0.585271
      vertex -2.71838 -1.12599 0.585271
    endloop
  endfacet
  facet normal -0.824381 -0.550845 0.130253
    outer loop
      vertex -2.59251 -1.49679 0.196209
      vertex -2.37496 -1.82237 0.196209
      vertex -2.54815 -1.47118 0.585271
    endloop
  endfacet
  facet normal -0.824393 -0.550832 0.130236
    outer loop
      vertex -2.37496 -1.82237 0.196209
      vertex -2.33433 -1.79119 0.585271
      vertex -2.54815 -1.47118 0.585271
    endloop
  endfacet
  facet normal -0.74545 -0.653715 0.130237
    outer loop
      vertex -2.37496 -1.82237 0.196209
      vertex -2.11678 -2.11678 0.196209
      vertex -2.33433 -1.79119 0.585271
    endloop
  endfacet
  facet normal -0.745435 -0.653727 0.130256
    outer loop
      vertex -2.11678 -2.11678 0.196209
      vertex -2.08056 -2.08056 0.585271
      vertex -2.33433 -1.79119 0.585271
    endloop
  endfacet
  facet normal -0.653713 -0.745448 0.130256
    outer loop
      vertex -2.11678 -2.11678 0.196209
      vertex -1.82237 -2.37496 0.196209
      vertex -2.08056 -2.08056 0.585271
    endloop
  endfacet
  facet normal -0.653729 -0.745437 0.130237
    outer loop
      vertex -1.82237 -2.37496 0.196209
      vertex -1.79119 -2.33433 0.585271
      vertex -2.08056 -2.08056 0.585271
    endloop
  endfacet
  facet normal -0.550846 -0.824383 0.130236
    outer loop
      vertex -1.82237 -2.37496 0.196209
      vertex -1.49679 -2.59251 0.196209
      vertex -1.79119 -2.33433 0.585271
    endloop
  endfacet
  facet normal -0.55083 -0.824391 0.130254
    outer loop
      vertex -1.49679 -2.59251 0.196209
      vertex -1.47118 -2.54815 0.585271
      vertex -1.79119 -2.33433 0.585271
    endloop
  endfacet
  facet normal -0.438515 -0.889235 0.130254
    outer loop
      vertex -1.49679 -2.59251 0.196209
      vertex -1.14559 -2.7657 0.196209
      vertex -1.47118 -2.54815 0.585271
    endloop
  endfacet
  facet normal -0.438524 -0.889232 0.130245
    outer loop
      vertex -1.14559 -2.7657 0.196209
      vertex -1.12599 -2.71838 0.585271
      vertex -1.47118 -2.54815 0.585271
    endloop
  endfacet
  facet normal -0.318706 -0.938862 0.130246
    outer loop
      vertex -1.14559 -2.7657 0.196209
      vertex -0.774795 -2.89157 0.196209
      vertex -1.12599 -2.71838 0.585271
    endloop
  endfacet
  facet normal -0.318714 -0.938861 0.130238
    outer loop
      vertex -0.774795 -2.89157 0.196209
      vertex -0.761538 -2.8421 0.585271
      vertex -1.12599 -2.71838 0.585271
    endloop
  endfacet
  facet normal -0.193445 -0.972428 0.130238
    outer loop
      vertex -0.774795 -2.89157 0.196209
      vertex -0.39074 -2.96797 0.196209
      vertex -0.761538 -2.8421 0.585271
    endloop
  endfacet
  facet normal -0.193413 -0.972431 0.130269
    outer loop
      vertex -0.39074 -2.96797 0.196209
      vertex -0.384055 -2.91718 0.585271
      vertex -0.761538 -2.8421 0.585271
    endloop
  endfacet
  facet normal -0.0648447 -0.989356 0.130269
    outer loop
      vertex -0.39074 -2.96797 0.196209
      vertex -0 -2.99358 0.196209
      vertex -0.384055 -2.91718 0.585271
    endloop
  endfacet
  facet normal -0.0648657 -0.989357 0.130249
    outer loop
      vertex -0 -2.99358 0.196209
      vertex -0 -2.94236 0.585271
      vertex -0.384055 -2.91718 0.585271
    endloop
  endfacet
  facet normal 0.0648448 -0.989359 0.130249
    outer loop
      vertex -0 -2.99358 0.196209
      vertex 0.39074 -2.96797 0.196209
      vertex -0 -2.94236 0.585271
    endloop
  endfacet
  facet normal 0.0648656 -0.989354 0.13027
    outer loop
      vertex 0.39074 -2.96797 0.196209
      vertex 0.384055 -2.91718 0.585271
      vertex -0 -2.94236 0.585271
    endloop
  endfacet
  facet normal 0.193444 -0.972424 0.130269
    outer loop
      vertex 0.39074 -2.96797 0.196209
      vertex 0.774795 -2.89157 0.196209
      vertex 0.384055 -2.91718 0.585271
    endloop
  endfacet
  facet normal 0.193414 -0.972435 0.130237
    outer loop
      vertex 0.774795 -2.89157 0.196209
      vertex 0.761538 -2.8421 0.585271
      vertex 0.384055 -2.91718 0.585271
    endloop
  endfacet
  facet normal 0.318706 -0.938863 0.130238
    outer loop
      vertex 0.774795 -2.89157 0.196209
      vertex 1.14559 -2.7657 0.196209
      vertex 0.761538 -2.8421 0.585271
    endloop
  endfacet
  facet normal 0.318713 -0.93886 0.130246
    outer loop
      vertex 1.14559 -2.7657 0.196209
      vertex 1.12599 -2.71838 0.585271
      vertex 0.761538 -2.8421 0.585271
    endloop
  endfacet
  facet normal 0.438516 -0.889236 0.130245
    outer loop
      vertex 1.14559 -2.7657 0.196209
      vertex 1.49679 -2.59251 0.196209
      vertex 1.12599 -2.71838 0.585271
    endloop
  endfacet
  facet normal 0.438523 -0.889231 0.130254
    outer loop
      vertex 1.49679 -2.59251 0.196209
      vertex 1.47118 -2.54815 0.585271
      vertex 1.12599 -2.71838 0.585271
    endloop
  endfacet
  facet normal 0.550845 -0.824381 0.130253
    outer loop
      vertex 1.49679 -2.59251 0.196209
      vertex 1.82237 -2.37496 0.196209
      vertex 1.47118 -2.54815 0.585271
    endloop
  endfacet
  facet normal 0.550832 -0.824393 0.130236
    outer loop
      vertex 1.82237 -2.37496 0.196209
      vertex 1.79119 -2.33433 0.585271
      vertex 1.47118 -2.54815 0.585271
    endloop
  endfacet
  facet normal 0.653715 -0.74545 0.130237
    outer loop
      vertex 1.82237 -2.37496 0.196209
      vertex 2.11678 -2.11678 0.196209
      vertex 1.79119 -2.33433 0.585271
    endloop
  endfacet
  facet normal 0.653727 -0.745435 0.130256
    outer loop
      vertex 2.11678 -2.11678 0.196209
      vertex 2.08056 -2.08056 0.585271
      vertex 1.79119 -2.33433 0.585271
    endloop
  endfacet
  facet normal 0.745448 -0.653713 0.130256
    outer loop
      vertex 2.11678 -2.11678 0.196209
      vertex 2.37496 -1.82237 0.196209
      vertex 2.08056 -2.08056 0.585271
    endloop
  endfacet
  facet normal 0.745437 -0.653729 0.130237
    outer loop
      vertex 2.37496 -1.82237 0.196209
      vertex 2.33433 -1.79119 0.585271
      vertex 2.08056 -2.08056 0.585271
    endloop
  endfacet
  facet normal 0.824383 -0.550846 0.130236
    outer loop
      vertex 2.37496 -1.82237 0.196209
      vertex 2.59251 -1.49679 0.196209
      vertex 2.33433 -1.79119 0.585271
    endloop
  endfacet
  facet normal 0.824391 -0.55083 0.130254
    outer loop
      vertex 2.59251 -1.49679 0.196209
      vertex 2.54815 -1.47118 0.585271
      vertex 2.33433 -1.79119 0.585271
    endloop
  endfacet
  facet normal 0.889235 -0.438515 0.130254
    outer loop
      vertex 2.59251 -1.49679 0.196209
      vertex 2.7657 -1.14559 0.196209
      vertex 2.54815 -1.47118 0.585271
    endloop
  endfacet
  facet normal 0.889232 -0.438524 0.130245
    outer loop
      vertex 2.7657 -1.14559 0.196209
      vertex 2.71838 -1.12599 0.585271
      vertex 2.54815 -1.47118 0.585271
    endloop
  endfacet
  facet normal 0.938862 -0.318706 0.130246
    outer loop
      vertex 2.7657 -1.14559 0.196209
      vertex 2.89157 -0.774795 0.196209
      vertex 2.71838 -1.12599 0.585271
    endloop
  endfacet
  facet normal 0.938861 -0.318714 0.130238
    outer loop
      vertex 2.89157 -0.774795 0.196209
      vertex 2.8421 -0.761538 0.585271
      vertex 2.71838 -1.12599 0.585271
    endloop
  endfacet
  facet normal 0.972428 -0.193445 0.130238
    outer loop
      vertex 2.89157 -0.774795 0.196209
      vertex 2.96797 -0.39074 0.196209
      vertex 2.8421 -0.761538 0.585271
    endloop
  endfacet
  facet normal 0.972431 -0.193413 0.130269
    outer loop
      vertex 2.96797 -0.39074 0.196209
      vertex 2.91718 -0.384055 0.585271
      vertex 2.8421 -0.761538 0.585271
    endloop
  endfacet
  facet normal 0.989356 -0.0648447 0.130269
    outer loop
      vertex 2.96797 -0.39074 0.196209
      vertex 2.99358 0 0.196209
      vertex 2.91718 -0.384055 0.585271
    endloop
  endfacet
  facet normal 0.989357 -0.0648657 0.130249
    outer loop
      vertex 2.99358 0 0.196209
      vertex 2.94236 0 0.585271
      vertex 2.91718 -0.384055 0.585271
    endloop
  endfacet
  facet normal 0.997859 0.065402 -0
    outer loop
      vertex 2.99358 0 -0.196209
      vertex 2.96797 0.39074 -0.196209
      vertex 2.99358 0 0.196209
    endloop
  endfacet
  facet normal 0.997859 0.065402 -0
    outer loop
      vertex 2.96797 0.39074 -0.196209
      vertex 2.96797 0.39074 0.196209
      vertex 2.99358 0 0.196209
    endloop
  endfacet
  facet normal 0.980782 0.195107 -0
    outer loop
      vertex 2.96797 0.39074 -0.196209
      vertex 2.89157 0.774795 -0.196209
      vertex 2.96797 0.39074 0.196209
    endloop
  endfacet
  facet normal 0.980782 0.195107 -0
    outer loop
      vertex 2.89157 0.774795 -0.196209
      vertex 2.89157 0.774795 0.196209
      vertex 2.96797 0.39074 0.196209
    endloop
  endfacet
  facet normal 0.946929 0.321444 -0
    outer loop
      vertex 2.89157 0.774795 -0.196209
      vertex 2.7657 1.14559 -0.196209
      vertex 2.89157 0.774795 0.196209
    endloop
  endfacet
  facet normal 0.946929 0.321444 -0
    outer loop
      vertex 2.7657 1.14559 -0.196209
      vertex 2.7657 1.14559 0.196209
      vertex 2.89157 0.774795 0.196209
    endloop
  endfacet
  facet normal 0.896875 0.442283 -0
    outer loop
      vertex 2.7657 1.14559 -0.196209
      vertex 2.59251 1.49679 -0.196209
      vertex 2.7657 1.14559 0.196209
    endloop
  endfacet
  facet normal 0.896875 0.442283 -0
    outer loop
      vertex 2.59251 1.49679 -0.196209
      vertex 2.59251 1.49679 0.196209
      vertex 2.7657 1.14559 0.196209
    endloop
  endfacet
  facet normal 0.831464 0.555578 -0
    outer loop
      vertex 2.59251 1.49679 -0.196209
      vertex 2.37496 1.82237 -0.196209
      vertex 2.59251 1.49679 0.196209
    endloop
  endfacet
  facet normal 0.831464 0.555578 -0
    outer loop
      vertex 2.37496 1.82237 -0.196209
      vertex 2.37496 1.82237 0.196209
      vertex 2.59251 1.49679 0.196209
    endloop
  endfacet
  facet normal 0.751853 0.65933 -0
    outer loop
      vertex 2.37496 1.82237 -0.196209
      vertex 2.11678 2.11678 -0.196209
      vertex 2.37496 1.82237 0.196209
    endloop
  endfacet
  facet normal 0.751853 0.65933 -0
    outer loop
      vertex 2.11678 2.11678 -0.196209
      vertex 2.11678 2.11678 0.196209
      vertex 2.37496 1.82237 0.196209
    endloop
  endfacet
  facet normal 0.65933 0.751853 -0
    outer loop
      vertex 2.11678 2.11678 -0.196209
      vertex 1.82237 2.37496 -0.196209
      vertex 2.11678 2.11678 0.196209
    endloop
  endfacet
  facet normal 0.65933 0.751853 -0
    outer loop
      vertex 1.82237 2.37496 -0.196209
      vertex 1.82237 2.37496 0.196209
      vertex 2.11678 2.11678 0.196209
    endloop
  endfacet
  facet normal 0.555578 0.831464 -0
    outer loop
      vertex 1.82237 2.37496 -0.196209
      vertex 1.49679 2.59251 -0.196209
      vertex 1.82237 2.37496 0.196209
    endloop
  endfacet
  facet normal 0.555578 0.831464 -0
    outer loop
      vertex 1.49679 2.59251 -0.196209
      vertex 1.49679 2.59251 0.196209
      vertex 1.82237 2.37496 0.196209
    endloop
  endfacet
  facet normal 0.442283 0.896875 -0
    outer loop
      vertex 1.49679 2.59251 -0.196209
      vertex 1.14559 2.7657 -0.196209
      vertex 1.49679 2.59251 0.196209
    endloop
  endfacet
  facet normal 0.442283 0.896875 -0
    outer loop
      vertex 1.14559 2.7657 -0.196209
      vertex 1.14559 2.7657 0.196209
      vertex 1.49679 2.59251 0.196209
    endloop
  endfacet
  facet normal 0.321444 0.946929 -0
    outer loop
      vertex 1.14559 2.7657 -0.196209
      vertex 0.774795 2.89157 -0.196209
      vertex 1.14559 2.7657 0.196209
    endloop
  endfacet
  facet normal 0.321444 0.946929 -0
    outer loop
      vertex 0.774795 2.89157 -0.196209
      vertex 0.774795 2.89157 0.196209
      vertex 1.14559 2.7657 0.196209
    endloop
  endfacet
  facet normal 0.195107 0.980782 -0
    outer loop
      vertex 0.774795 2.89157 -0.196209
      vertex 0.39074 2.96797 -0.196209
      vertex 0.774795 2.89157 0.196209
    endloop
  endfacet
  facet normal 0.195107 0.980782 -0
    outer loop
      vertex 0.39074 2.96797 -0.196209
      vertex 0.39074 2.96797 0.196209
      vertex 0.774795 2.89157 0.196209
    endloop
  endfacet
  facet normal 0.065402 0.997859 -0
    outer loop
      vertex 0.39074 2.96797 -0.196209
      vertex 0 2.99358 -0.196209
      vertex 0.39074 2.96797 0.196209
    endloop
  endfacet
  facet normal 0.065402 0.997859 -0
    outer loop
      vertex 0 2.99358 -0.196209
      vertex 0 2.99358 0.196209
      vertex 0.39074 2.96797 0.196209
    endloop
  endfacet
  facet normal -0.065402 0.997859 0
    outer loop
      vertex 0 2.99358 -0.196209
      vertex -0.39074 2.96797 -0.196209
      vertex 0 2.99358 0.196209
    endloop
  endfacet
  facet normal -0.065402 0.997859 0
    outer loop
      vertex -0.39074 2.96797 -0.196209
      vertex -0.39074 2.96797 0.196209
      vertex 0 2.99358 0.196209
    endloop
  endfacet
  facet normal -0.195107 0.980782 0
    outer loop
      vertex -0.39074 2.96797 -0.196209
      vertex -0.774795 2.89157 -0.196209
      vertex -0.39074 2.96797 0.196209
    endloop
  endfacet
  facet normal -0.195107 0.980782 0
    outer loop
      vertex -0.774795 2.89157 -0.196209
      vertex -0.774795 2.89157 0.196209
      vertex -0.39074 2.96797 0.196209
    endloop
  endfacet
  facet normal -0.321444 0.946929 0
    outer loop
      vertex -0.774795 2.89157 -0.196209
      vertex -1.14559 2.7657 -0.196209
      vertex -0.774795 2.89157 0.196209
    endloop
  endfacet
  facet normal -0.321444 0.946929 0
    outer loop
      vertex -1.14559 2.7657 -0.196209
      vertex -1.14559 2.7657 0.196209
      vertex -0.774795 2.89157 0.196209
    endloop
  endfacet
  facet normal -0.442283 0.896875 0
    outer loop
      vertex -1.14559 2.7657 -0.196209
      vertex -1.49679 2.59251 -0.196209
      vertex -1.14559 2.7657 0.196209
    endloop
  endfacet
  facet normal -0.442283 0.896875 0
    outer loop
      vertex -1.49679 2.59251 -0.196209
      vertex -1.49679 2.59251 0.196209
      vertex -1.14559 2.7657 0.196209
    endloop
  endfacet
  facet normal -0.555578 0.831464 0
    outer loop
      vertex -1.49679 2.59251 -0.196209
      vertex -1.82237 2.37496 -0.196209
      vertex -1.49679 2.59251 0.196209
    endloop
  endfacet
  facet normal -0.555578 0.831464 0
    outer loop
      vertex -1.82237 2.37496 -0.196209
      vertex -1.82237 2.37496 0.196209
      vertex -1.49679 2.59251 0.196209
    endloop
  endfacet
  facet normal -0.65933 0.751853 0
    outer loop
      vertex -1.82237 2.37496 -0.196209
      vertex -2.11678 2.11678 -0.196209
      vertex -1.82237 2.37496 0.196209
    endloop
  endfacet
  facet normal -0.65933 0.751853 0
    outer loop
      vertex -2.11678 2.11678 -0.196209
      vertex -2.11678 2.11678 0.196209
      vertex -1.82237 2.37496 0.196209
    endloop
  endfacet
  facet normal -0.751853 0.65933 0
    outer loop
      vertex -2.11678 2.11678 -0.196209
      vertex -2.37496 1.82237 -0.196209
      vertex -2.11678 2.11678 0.196209
    endloop
  endfacet
  facet normal -0.751853 0.65933 0
    outer loop
      vertex -2.37496 1.82237 -0.196209
      vertex -2.37496 1.82237 0.196209
      vertex -2.11678 2.11678 0.196209
    endloop
  endfacet
  facet normal -0.831464 0.555578 0
    outer loop
      vertex -2.37496 1.82237 -0.196209
      vertex -2.59251 1.49679 -0.196209
      vertex -2.37496 1.82237 0.196209
    endloop
  endfacet
  facet normal -0.831464 0.555578 0
    outer loop
      vertex -2.59251 1.49679 -0.196209
      vertex -2.59251 1.49679 0.196209
      vertex -2.37496 1.82237 0.196209
    endloop
  endfacet
  facet normal -0.896875 0.442283 0
    outer loop
      vertex -2.59251 1.49679 -0.196209
      vertex -2.7657 1.14559 -0.196209
      vertex -2.59251 1.49679 0.196209
    endloop
  endfacet
  facet normal -0.896875 0.442283 0
    outer loop
      vertex -2.7657 1.14559 -0.196209
      vertex -2.7657 1.14559 0.196209
      vertex -2.59251 1.49679 0.196209
    endloop
  endfacet
  facet normal -0.946929 0.321444 0
    outer loop
      vertex -2.7657 1.14559 -0.196209
      vertex -2.89157 0.774795 -0.196209
      vertex -2.7657 1.14559 0.196209
    endloop
  endfacet
  facet normal -0.946929 0.321444 0
    outer loop
      vertex -2.89157 0.774795 -0.196209
      vertex -2.89157 0.774795 0.196209
      vertex -2.7657 1.14559 0.196209
    endloop
  endfacet
  facet normal -0.980782 0.195107 0
    outer loop
      vertex -2.89157 0.774795 -0.196209
      vertex -2.96797 0.39074 -0.196209
      vertex -2.89157 0.774795 0.196209
    endloop
  endfacet
  facet normal -0.980782 0.195107 0
    outer loop
      vertex -2.96797 0.39074 -0.196209
      vertex -2.96797 0.39074 0.196209
      vertex -2.89157 0.774795 0.196209
    endloop
  endfacet
  facet normal -0.997859 0.065402 0
    outer loop
      vertex -2.96797 0.39074 -0.196209
      vertex -2.99358 -0 -0.196209
      vertex -2.96797 0.39074 0.196209
    endloop
  endfacet
  facet normal -0.997859 0.065402 0
    outer loop
      vertex -2.99358 -0 -0.196209
      vertex -2.99358 -0 0.196209
      vertex -2.96797 0.39074 0.196209
    endloop
  endfacet
  facet normal -0.997859 -0.065402 0
    outer loop
      vertex -2.99358 -0 -0.196209
      vertex -2.96797 -0.39074 -0.196209
      vertex -2.99358 -0 0.196209
    endloop
  endfacet
  facet normal -0.997859 -0.065402 0
    outer loop
      vertex -2.96797 -0.39074 -0.196209
      vertex -2.96797 -0.39074 0.196209
      vertex -2.99358 -0 0.196209
    endloop
  endfacet
  facet normal -0.980782 -0.195107 0
    outer loop
      vertex -2.96797 -0.39074 -0.196209
      vertex -2.89157 -0.774795 -0.196209
      vertex -2.96797 -0.39074 0.196209
    endloop
  endfacet
  facet normal -0.980782 -0.195107 0
    outer loop
      vertex -2.89157 -0.774795 -0.196209
      vertex -2.89157 -0.774795 0.196209
      vertex -2.96797 -0.39074 0.196209
    endloop
  endfacet
  facet normal -0.946929 -0.321444 0
    outer loop
      vertex -2.89157 -0.774795 -0.196209
      vertex -2.7657 -1.14559 -0.196209
      vertex -2.89157 -0.774795 0.196209
    endloop
  endfacet
  facet normal -0.946929 -0.321444 0
    outer loop
      vertex -2.7657 -1.14559 -0.196209
      vertex -2.7657 -1.14559 0.196209
      vertex -2.89157 -0.774795 0.196209
    endloop
  endfacet
  facet normal -0.896875 -0.442283 0
    outer loop
      vertex -2.7657 -1.14559 -0.196209
      vertex -2.59251 -1.49679 -0.196209
      vertex -2.7657 -1.14559 0.196209
    endloop
  endfacet
  facet normal -0.896875 -0.442283 0
    outer loop
      vertex -2.59251 -1.49679 -0.196209
      vertex -2.59251 -1.49679 0.196209
      vertex -2.7657 -1.14559 0.196209
    endloop
  endfacet
  facet normal -0.831464 -0.555578 0
    outer loop
      vertex -2.59251 -1.49679 -0.196209
      vertex -2.37496 -1.82237 -0.196209
      vertex -2.59251 -1.49679 0.196209
    endloop
  endfacet
  facet normal -0.831464 -0.555578 0
    outer loop
      vertex -2.37496 -1.82237 -0.196209
      vertex -2.37496 -1.82237 0.196209
      vertex -2.59251 -1.49679 0.196209
    endloop
  endfacet
  facet normal -0.751853 -0.65933 0
    outer loop
      vertex -2.37496 -1.82237 -0.196209
      vertex -2.11678 -2.11678 -0.196209
      vertex -2.37496 -1.82237 0.196209
    endloop
  endfacet
  facet normal -0.751853 -0.65933 0
    outer loop
      vertex -2.11678 -2.11678 -0.196209
      vertex -2.11678 -2.11678 0.196209
      vertex -2.37496 -1.82237 0.196209
    endloop
  endfacet
  facet normal -0.65933 -0.751853 0
    outer loop
      vertex -2.11678 -2.11678 -0.196209
      vertex -1.82237 -2.37496 -0.196209
      vertex -2.11678 -2.11678 0.196209
    endloop
  endfacet
  facet normal -0.65933 -0.751853 0
    outer loop
      vertex -1.82237 -2.37496 -0.196209
      vertex -1.82237 -2.37496 0.196209
      vertex -2.11678 -2.11678 0.196209
    endloop
  endfacet
  facet normal -0.555578 -0.831464 0
    outer loop
      vertex -1.82237 -2.37496 -0.196209
      vertex -1.49679 -2.59251 -0.196209
      vertex -1.82237 -2.37496 0.196209
    endloop
  endfacet
  facet normal -0.555578 -0.831464 0
    outer loop
      vertex -1.49679 -2.59251 -0.196209
      vertex -1.49679 -2.59251 0.196209
      vertex -1.82237 -2.37496 0.196209
    endloop
  endfacet
  facet normal -0.442283 -0.896875 0
    outer loop
      vertex -1.49679 -2.59251 -0.196209
      vertex -1.14559 -2.7657 -0.196209
      vertex -1.49679 -2.59251 0.196209
    endloop
  endfacet
  facet normal -0.442283 -0.896875 0
    outer loop
      vertex -1.14559 -2.7657 -0.196209
      vertex -1.14559 -2.7657 0.196209
      vertex -1.49679 -2.59251 0.196209
    endloop
  endfacet
  facet normal -0.321444 -0.946929 0
    outer loop
      vertex -1.14559 -2.7657 -0.196209
      vertex -0.774795 -2.89157 -0.196209
      vertex -1.14559 -2.7657 0.196209
    endloop
  endfacet
  facet normal -0.321444 -0.946929 0
    outer loop
      vertex -0.774795 -2.89157 -0.196209
      vertex -0.774795 -2.89157 0.196209
      vertex -1.14559 -2.7657 0.196209
    endloop
  endfacet
  facet normal -0.195107 -0.980782 0
    outer loop
      vertex -0.774795 -2.89157 -0.196209
      vertex -0.39074 -2.96797 -0.196209
      vertex -0.774795 -2.89157 0.196209
    endloop
  endfacet
  facet normal -0.195107 -0.980782 0
    outer loop
      vertex -0.39074 -2.96797 -0.196209
      vertex -0.39074 -2.96797 0.196209
      vertex -0.774795 -2.89157 0.196209
    endloop
  endfacet
  facet normal -0.065402 -0.997859 0
    outer loop
      vertex -0.39074 -2.96797 -0.196209
      vertex -0 -2.99358 -0.196209
      vertex -0.39074 -2.96797 0.196209
    endloop
  endfacet
  facet normal -0.065402 -0.997859 0
    outer loop
      vertex -0 -2.99358 -0.196209
      vertex -0 -2.99358 0.196209
      vertex -0.39074 -2.96797 0.196209
    endloop
  endfacet
  facet normal 0.065402 -0.997859 0
    outer loop
      vertex -0 -2.99358 -0.196209
      vertex 0.39074 -2.96797 -0.196209
      vertex -0 -2.99358 0.196209
    endloop
  endfacet
  facet normal 0.065402 -0.997859 0
    outer loop
      vertex 0.39074 -2.96797 -0.196209
      vertex 0.39074 -2.96797 0.196209
      vertex -0 -2.99358 0.196209
    endloop
  endfacet
  facet normal 0.195107 -0.980782 0
    outer loop
      vertex 0.39074 -2.96797 -0.196209
      vertex 0.774795 -2.89157 -0.196209
      vertex 0.39074 -2.96797 0.196209
    endloop
  endfacet
  facet normal 0.195107 -0.980782 0
    outer loop
      vertex 0.774795 -2.89157 -0.196209
      vertex 0.774795 -2.89157 0.196209
      vertex 0.39074 -2.96797 0.196209
    endloop
  endfacet
  facet normal 0.321444 -0.946929 0
    outer loop
      vertex 0.774795 -2.89157 -0.196209
      vertex 1.14559 -2.7657 -0.196209
      vertex 0.774795 -2.89157 0.196209
    endloop
  endfacet
  facet normal 0.321444 -0.946929 0
    outer loop
      vertex 1.14559 -2.7657 -0.196209
      vertex 1.14559 -2.7657 0.196209
      vertex 0.774795 -2.89157 0.196209
    endloop
  endfacet
  facet normal 0.442283 -0.896875 0
    outer loop
      vertex 1.14559 -2.7657 -0.196209
      vertex 1.49679 -2.59251 -0.196209
      vertex 1.14559 -2.7657 0.196209
    endloop
  endfacet
  facet normal 0.442283 -0.896875 0
    outer loop
      vertex 1.49679 -2.59251 -0.196209
      vertex 1.49679 -2.59251 0.196209
      vertex 1.14559 -2.7657 0.196209
    endloop
  endfacet
  facet normal 0.555578 -0.831464 0
    outer loop
      vertex 1.49679 -2.59251 -0.196209
      vertex 1.82237 -2.37496 -0.196209
      vertex 1.49679 -2.59251 0.196209
    endloop
  endfacet
  facet normal 0.555578 -0.831464 0
    outer loop
      vertex 1.82237 -2.37496 -0.196209
      vertex 1.82237 -2.37496 0.196209
      vertex 1.49679 -2.59251 0.196209
    endloop
  endfacet
  facet normal 0.65933 -0.751853 0
    outer loop
      vertex 1.82237 -2.37496 -0.196209
      vertex 2.11678 -2.11678 -0.196209
      vertex 1.82237 -2.37496 0.196209
    endloop
  endfacet
  facet normal 0.65933 -0.751853 0
    outer loop
      vertex 2.11678 -2.11678 -0.196209
      vertex 2.11678 -2.11678 0.196209
      vertex 1.82237 -2.37496 0.196209
    endloop
  endfacet
  facet normal 0.751853 -0.65933 0
    outer loop
      vertex 2.11678 -2.11678 -0.196209
      vertex 2.37496 -1.82237 -0.196209
      vertex 2.11678 -2.11678 0.196209
    endloop
  endfacet
  facet normal 0.751853 -0.65933 0
    outer loop
      vertex 2.37496 -1.82237 -0.196209
      vertex 2.37496 -1.82237 0.196209
      vertex 2.11678 -2.11678 0.196209
    endloop
  endfacet
  facet normal 0.831464 -0.555578 0
    outer loop
      vertex 2.37496 -1.82237 -0.196209
      vertex 2.59251 -1.49679 -0.196209
      vertex 2.37496 -1.82237 0.196209
    endloop
  endfacet
  facet normal 0.831464 -0.555578 0
    outer loop
      vertex 2.59251 -1.49679 -0.196209
      vertex 2.59251 -1.49679 0.196209
      vertex 2.37496 -1.82237 0.196209
    endloop
  endfacet
  facet normal 0.896875 -0.442283 0
    outer loop
      vertex 2.59251 -1.49679 -0.196209
      vertex 2.7657 -1.14559 -0.196209
      vertex 2.59251 -1.49679 0.196209
    endloop
  endfacet
  facet normal 0.896875 -0.442283 0
    outer loop
      vertex 2.7657 -1.14559 -0.196209
      vertex 2.7657 -1.14559 0.196209
      vertex 2.59251 -1.49679 0.196209
    endloop
  endfacet
  facet normal 0.946929 -0.321444 0
    outer loop
      vertex 2.7657 -1.14559 -0.196209
      vertex 2.89157 -0.774795 -0.196209
      vertex 2.7657 -1.14559 0.196209
    endloop
  endfacet
  facet normal 0.946929 -0.321444 0
    outer loop
      vertex 2.89157 -0.774795 -0.196209
      vertex 2.89157 -0.774795 0.196209
      vertex 2.7657 -1.14559 0.196209
    endloop
  endfacet
  facet normal 0.980782 -0.195107 0
    outer loop
      vertex 2.89157 -0.774795 -0.196209
      vertex 2.96797 -0.39074 -0.196209
      vertex 2.89157 -0.774795 0.196209
    endloop
  endfacet
  facet normal 0.980782 -0.195107 0
    outer loop
      vertex 2.96797 -0.39074 -0.196209
      vertex 2.96797 -0.39074 0.196209
      vertex 2.89157 -0.774795 0.196209
    endloop
  endfacet
  facet normal 0.997859 -0.065402 0
    outer loop
      vertex 2.96797 -0.39074 -0.196209
      vertex 2.99358 0 -0.196209
      vertex 2.96797 -0.39074 0.196209
    endloop
  endfacet
  facet normal 0.997859 -0.065402 0
    outer loop
      vertex 2.99358 0 -0.196209
      vertex 2.99358 0 0.196209
      vertex 2.96797 -0.39074 0.196209
    endloop
  endfacet
  facet normal 0.989357 0.0648657 -0.130249
    outer loop
      vertex 2.94236 0 -0.585271
      vertex 2.91718 0.384055 -0.585271
      vertex 2.99358 0 -0.196209
    endloop
  endfacet
  facet normal 0.989356 0.0648447 -0.130269
    outer loop
      vertex 2.91718 0.384055 -0.585271
      vertex 2.96797 0.39074 -0.196209
      vertex 2.99358 0 -0.196209
    endloop
  endfacet
  facet normal 0.972431 0.193413 -0.130269
    outer loop
      vertex 2.91718 0.384055 -0.585271
      vertex 2.8421 0.761538 -0.585271
      vertex 2.96797 0.39074 -0.196209
    endloop
  endfacet
  facet normal 0.972428 0.193445 -0.130238
    outer loop
      vertex 2.8421 0.761538 -0.585271
      vertex 2.89157 0.774795 -0.196209
      vertex 2.96797 0.39074 -0.196209
    endloop
  endfacet
  facet normal 0.938861 0.318714 -0.130238
    outer loop
      vertex 2.8421 0.761538 -0.585271
      vertex 2.71838 1.12599 -0.585271
      vertex 2.89157 0.774795 -0.196209
    endloop
  endfacet
  facet normal 0.938862 0.318706 -0.130246
    outer loop
      vertex 2.71838 1.12599 -0.585271
      vertex 2.7657 1.14559 -0.196209
      vertex 2.89157 0.774795 -0.196209
    endloop
  endfacet
  facet normal 0.889232 0.438524 -0.130245
    outer loop
      vertex 2.71838 1.12599 -0.585271
      vertex 2.54815 1.47118 -0.585271
      vertex 2.7657 1.14559 -0.196209
    endloop
  endfacet
  facet normal 0.889235 0.438515 -0.130254
    outer loop
      vertex 2.54815 1.47118 -0.585271
      vertex 2.59251 1.49679 -0.196209
      vertex 2.7657 1.14559 -0.196209
    endloop
  endfacet
  facet normal 0.824391 0.55083 -0.130254
    outer loop
      vertex 2.54815 1.47118 -0.585271
      vertex 2.33433 1.79119 -0.585271
      vertex 2.59251 1.49679 -0.196209
    endloop
  endfacet
  facet normal 0.824383 0.550846 -0.130236
    outer loop
      vertex 2.33433 1.79119 -0.585271
      vertex 2.37496 1.82237 -0.196209
      vertex 2.59251 1.49679 -0.196209
    endloop
  endfacet
  facet normal 0.745437 0.653729 -0.130237
    outer loop
      vertex 2.33433 1.79119 -0.585271
      vertex 2.08056 2.08056 -0.585271
      vertex 2.37496 1.82237 -0.196209
    endloop
  endfacet
  facet normal 0.745448 0.653713 -0.130256
    outer loop
      vertex 2.08056 2.08056 -0.585271
      vertex 2.11678 2.11678 -0.196209
      vertex 2.37496 1.82237 -0.196209
    endloop
  endfacet
  facet normal 0.653727 0.745435 -0.130256
    outer loop
      vertex 2.08056 2.08056 -0.585271
      vertex 1.79119 2.33433 -0.585271
      vertex 2.11678 2.11678 -0.196209
    endloop
  endfacet
  facet normal 0.653715 0.74545 -0.130237
    outer loop
      vertex 1.79119 2.33433 -0.585271
      vertex 1.82237 2.37496 -0.196209
      vertex 2.11678 2.11678 -0.196209
    endloop
  endfacet
  facet normal 0.550832 0.824393 -0.130236
    outer loop
      vertex 1.79119 2.33433 -0.585271
      vertex 1.47118 2.54815 -0.585271
      vertex 1.82237 2.37496 -0.196209
    endloop
  endfacet
  facet normal 0.550845 0.824381 -0.130253
    outer loop
      vertex 1.47118 2.54815 -0.585271
      vertex 1.49679 2.59251 -0.196209
      vertex 1.82237 2.37496 -0.196209
    endloop
  endfacet
  facet normal 0.438523 0.889231 -0.130254
    outer loop
      vertex 1.47118 2.54815 -0.585271
      vertex 1.12599 2.71838 -0.585271
      vertex 1.49679 2.59251 -0.196209
    endloop
  endfacet
  facet normal 0.438516 0.889236 -0.130245
    outer loop
      vertex 1.12599 2.71838 -0.585271
      vertex 1.14559 2.7657 -0.196209
      vertex 1.49679 2.59251 -0.196209
    endloop
  endfacet
  facet normal 0.318713 0.93886 -0.130246
    outer loop
      vertex 1.12599 2.71838 -0.585271
      vertex 0.761538 2.8421 -0.585271
      vertex 1.14559 2.7657 -0.196209
    endloop
  endfacet
  facet normal 0.318706 0.938863 -0.130238
    outer loop
      vertex 0.761538 2.8421 -0.585271
      vertex 0.774795 2.89157 -0.196209
      vertex 1.14559 2.7657 -0.196209
    endloop
  endfacet
  facet normal 0.193414 0.972435 -0.130237
    outer loop
      vertex 0.761538 2.8421 -0.585271
      vertex 0.384055 2.91718 -0.585271
      vertex 0.774795 2.89157 -0.196209
    endloop
  endfacet
  facet normal 0.193444 0.972424 -0.130269
    outer loop
      vertex 0.384055 2.91718 -0.585271
      vertex 0.39074 2.96797 -0.196209
      vertex 0.774795 2.89157 -0.196209
    endloop
  endfacet
  facet normal 0.0648656 0.989354 -0.13027
    outer loop
      vertex 0.384055 2.91718 -0.585271
      vertex 0 2.94236 -0.585271
      vertex 0.39074 2.96797 -0.196209
    endloop
  endfacet
  facet normal 0.0648448 0.989359 -0.130249
    outer loop
      vertex 0 2.94236 -0.585271
      vertex 0 2.99358 -0.196209
      vertex 0.39074 2.96797 -0.196209
    endloop
  endfacet
  facet normal -0.0648657 0.989357 -0.130249
    outer loop
      vertex 0 2.94236 -0.585271
      vertex -0.384055 2.91718 -0.585271
      vertex 0 2.99358 -0.196209
    endloop
  endfacet
  facet normal -0.0648447 0.989356 -0.130269
    outer loop
      vertex -0.384055 2.91718 -0.585271
      vertex -0.39074 2.96797 -0.196209
      vertex 0 2.99358 -0.196209
    endloop
  endfacet
  facet normal -0.193413 0.972431 -0.130269
    outer loop
      vertex -0.384055 2.91718 -0.585271
      vertex -0.761538 2.8421 -0.585271
      vertex -0.39074 2.96797 -0.196209
    endloop
  endfacet
  facet normal -0.193445 0.972428 -0.130238
    outer loop
      vertex -0.761538 2.8421 -0.585271
      vertex -0.774795 2.89157 -0.196209
      vertex -0.39074 2.96797 -0.196209
    endloop
  endfacet
  facet normal -0.318714 0.938861 -0.130238
    outer loop
      vertex -0.761538 2.8421 -0.585271
      vertex -1.12599 2.71838 -0.585271
      vertex -0.774795 2.89157 -0.196209
    endloop
  endfacet
  facet normal -0.318706 0.938862 -0.130246
    outer loop
      vertex -1.12599 2.71838 -0.585271
      vertex -1.14559 2.7657 -0.196209
      vertex -0.774795 2.89157 -0.196209
    endloop
  endfacet
  facet normal -0.438524 0.889232 -0.130245
    outer loop
      vertex -1.12599 2.71838 -0.585271
      vertex -1.47118 2.54815 -0.585271
      vertex -1.14559 2.7657 -0.196209
    endloop
  endfacet
  facet normal -0.438515 0.889235 -0.130254
    outer loop
      vertex -1.47118 2.54815 -0.585271
      vertex -1.49679 2.59251 -0.196209
      vertex -1.14559 2.7657 -0.196209
    endloop
  endfacet
  facet normal -0.55083 0.824391 -0.130254
    outer loop
      vertex -1.47118 2.54815 -0.585271
      vertex -1.79119 2.33433 -0.585271
      vertex -1.49679 2.59251 -0.196209
    endloop
  endfacet
  facet normal -0.550846 0.824383 -0.130236
    outer loop
      vertex -1.79119 2.33433 -0.585271
      vertex -1.82237 2.37496 -0.196209
      vertex -1.49679 2.59251 -0.196209
    endloop
  endfacet
  facet normal -0.653729 0.745437 -0.130237
    outer loop
      vertex -1.79119 2.33433 -0.585271
      vertex -2.08056 2.08056 -0.585271
      vertex -1.82237 2.37496 -0.196209
    endloop
  endfacet
  facet normal -0.653713 0.745448 -0.130256
    outer loop
      vertex -2.08056 2.08056 -0.585271
      vertex -2.11678 2.11678 -0.196209
      vertex -1.82237 2.37496 -0.196209
    endloop
  endfacet
  facet normal -0.745435 0.653727 -0.130256
    outer loop
      vertex -2.08056 2.08056 -0.585271
      vertex -2.33433 1.79119 -0.585271
      vertex -2.11678 2.11678 -0.196209
    endloop
  endfacet
  facet normal -0.74545 0.653715 -0.130237
    outer loop
      vertex -2.33433 1.79119 -0.585271
      vertex -2.37496 1.82237 -0.196209
      vertex -2.11678 2.11678 -0.196209
    endloop
  endfacet
  facet normal -0.824393 0.550832 -0.130236
    outer loop
      vertex -2.33433 1.79119 -0.585271
      vertex -2.54815 1.47118 -0.585271
      vertex -2.37496 1.82237 -0.196209
    endloop
  endfacet
  facet normal -0.824381 0.550845 -0.130253
    outer loop
      vertex -2.54815 1.47118 -0.585271
      vertex -2.59251 1.49679 -0.196209
      vertex -2.37496 1.82237 -0.196209
    endloop
  endfacet
  facet normal -0.889231 0.438523 -0.130254
    outer loop
      vertex -2.54815 1.47118 -0.585271
      vertex -2.71838 1.12599 -0.585271
      vertex -2.59251 1.49679 -0.196209
    endloop
  endfacet
  facet normal -0.889236 0.438516 -0.130245
    outer loop
      vertex -2.71838 1.12599 -0.585271
      vertex -2.7657 1.14559 -0.196209
      vertex -2.59251 1.49679 -0.196209
    endloop
  endfacet
  facet normal -0.93886 0.318713 -0.130246
    outer loop
      vertex -2.71838 1.12599 -0.585271
      vertex -2.8421 0.761538 -0.585271
      vertex -2.7657 1.14559 -0.196209
    endloop
  endfacet
  facet normal -0.938863 0.318706 -0.130238
    outer loop
      vertex -2.8421 0.761538 -0.585271
      vertex -2.89157 0.774795 -0.196209
      vertex -2.7657 1.14559 -0.196209
    endloop
  endfacet
  facet normal -0.972435 0.193414 -0.130237
    outer loop
      vertex -2.8421 0.761538 -0.585271
      vertex -2.91718 0.384055 -0.585271
      vertex -2.89157 0.774795 -0.196209
    endloop
  endfacet
  facet normal -0.972424 0.193444 -0.130269
    outer loop
      vertex -2.91718 0.384055 -0.585271
      vertex -2.96797 0.39074 -0.196209
      vertex -2.89157 0.774795 -0.196209
    endloop
  endfacet
  facet normal -0.989354 0.0648656 -0.13027
    outer loop
      vertex -2.91718 0.384055 -0.585271
      vertex -2.94236 -0 -0.585271
      vertex -2.96797 0.39074 -0.196209
    endloop
  endfacet
  facet normal -0.989359 0.0648448 -0.130249
    outer loop
      vertex -2.94236 -0 -0.585271
      vertex -2.99358 -0 -0.196209
      vertex -2.96797 0.39074 -0.196209
    endloop
  endfacet
  facet normal -0.989357 -0.0648657 -0.130249
    outer loop
      vertex -2.94236 -0 -0.585271
      vertex -2.91718 -0.384055 -0.585271
      vertex -2.99358 -0 -0.196209
    endloop
  endfacet
  facet normal -0.989356 -0.0648447 -0.130269
    outer loop
      vertex -2.91718 -0.384055 -0.585271
      vertex -2.96797 -0.39074 -0.196209
      vertex -2.99358 -0 -0.196209
    endloop
  endfacet
  facet normal -0.972431 -0.193413 -0.130269
    outer loop
      vertex -2.91718 -0.384055 -0.585271
      vertex -2.8421 -0.761538 -0.585271
      vertex -2.96797 -0.39074 -0.196209
    endloop
  endfacet
  facet normal -0.972428 -0.193445 -0.130238
    outer loop
      vertex -2.8421 -0.761538 -0.585271
      vertex -2.89157 -0.774795 -0.196209
      vertex -2.96797 -0.39074 -0.196209
    endloop
  endfacet
  facet normal -0.938861 -0.318714 -0.130238
    outer loop
      vertex -2.8421 -0.761538 -0.585271
      vertex -2.71838 -1.12599 -0.585271
      vertex -2.89157 -0.774795 -0.196209
    endloop
  endfacet
  facet normal -0.938862 -0.318706 -0.130246
    outer loop
      vertex -2.71838 -1.12599 -0.585271
      vertex -2.7657 -1.14559 -0.196209
      vertex -2.89157 -0.774795 -0.196209
    endloop
  endfacet
  facet normal -0.889232 -0.438524 -0.130245
    outer loop
      vertex -2.71838 -1.12599 -0.585271
      vertex -2.54815 -1.47118 -0.585271
      vertex -2.7657 -1.14559 -0.196209
    endloop
  endfacet
  facet normal -0.889235 -0.438515 -0.130254
    outer loop
      vertex -2.54815 -1.47118 -0.585271
      vertex -2.59251 -1.49679 -0.196209
      vertex -2.7657 -1.14559 -0.196209
    endloop
  endfacet
  facet normal -0.824391 -0.55083 -0.130254
    outer loop
      vertex -2.54815 -1.47118 -0.585271
      vertex -2.33433 -1.79119 -0.585271
      vertex -2.59251 -1.49679 -0.196209
    endloop
  endfacet
  facet normal -0.824383 -0.550846 -0.130236
    outer loop
      vertex -2.33433 -1.79119 -0.585271
      vertex -2.37496 -1.82237 -0.196209
      vertex -2.59251 -1.49679 -0.196209
    endloop
  endfacet
  facet normal -0.745437 -0.653729 -0.130237
    outer loop
      vertex -2.33433 -1.79119 -0.585271
      vertex -2.08056 -2.08056 -0.585271
      vertex -2.37496 -1.82237 -0.196209
    endloop
  endfacet
  facet normal -0.745448 -0.653713 -0.130256
    outer loop
      vertex -2.08056 -2.08056 -0.585271
      vertex -2.11678 -2.11678 -0.196209
      vertex -2.37496 -1.82237 -0.196209
    endloop
  endfacet
  facet normal -0.653727 -0.745435 -0.130256
    outer loop
      vertex -2.08056 -2.08056 -0.585271
      vertex -1.79119 -2.33433 -0.585271
      vertex -2.11678 -2.11678 -0.196209
    endloop
  endfacet
  facet normal -0.653715 -0.74545 -0.130237
    outer loop
      vertex -1.79119 -2.33433 -0.585271
      vertex -1.82237 -2.37496 -0.196209
      vertex -2.11678 -2.11678 -0.196209
    endloop
  endfacet
  facet normal -0.550832 -0.824393 -0.130236
    outer loop
      vertex -1.79119 -2.33433 -0.585271
      vertex -1.47118 -2.54815 -0.585271
      vertex -1.82237 -2.37496 -0.196209
    endloop
  endfacet
  facet normal -0.550845 -0.824381 -0.130253
    outer loop
      vertex -1.47118 -2.54815 -0.585271
      vertex -1.49679 -2.59251 -0.196209
      vertex -1.82237 -2.37496 -0.196209
    endloop
  endfacet
  facet normal -0.438523 -0.889231 -0.130254
    outer loop
      vertex -1.47118 -2.54815 -0.585271
      vertex -1.12599 -2.71838 -0.585271
      vertex -1.49679 -2.59251 -0.196209
    endloop
  endfacet
  facet normal -0.438516 -0.889236 -0.130245
    outer loop
      vertex -1.12599 -2.71838 -0.585271
      vertex -1.14559 -2.7657 -0.196209
      vertex -1.49679 -2.59251 -0.196209
    endloop
  endfacet
  facet normal -0.318713 -0.93886 -0.130246
    outer loop
      vertex -1.12599 -2.71838 -0.585271
      vertex -0.761538 -2.8421 -0.585271
      vertex -1.14559 -2.7657 -0.196209
    endloop
  endfacet
  facet normal -0.318706 -0.938863 -0.130238
    outer loop
      vertex -0.761538 -2.8421 -0.585271
      vertex -0.774795 -2.89157 -0.196209
      vertex -1.14559 -2.7657 -0.196209
    endloop
  endfacet
  facet normal -0.193414 -0.972435 -0.130237
    outer loop
      vertex -0.761538 -2.8421 -0.585271
      vertex -0.384055 -2.91718 -0.585271
      vertex -0.774795 -2.89157 -0.196209
    endloop
  endfacet
  facet normal -0.193444 -0.972424 -0.130269
    outer loop
      vertex -0.384055 -2.91718 -0.585271
      vertex -0.39074 -2.96797 -0.196209
      vertex -0.774795 -2.89157 -0.196209
    endloop
  endfacet
  facet normal -0.0648656 -0.989354 -0.13027
    outer loop
      vertex -0.384055 -2.91718 -0.585271
      vertex -0 -2.94236 -0.585271
      vertex -0.39074 -2.96797 -0.196209
    endloop
  endfacet
  facet normal -0.0648448 -0.989359 -0.130249
    outer loop
      vertex -0 -2.94236 -0.585271
      vertex -0 -2.99358 -0.196209
      vertex -0.39074 -2.96797 -0.196209
    endloop
  endfacet
  facet normal 0.0648657 -0.989357 -0.130249
    outer loop
      vertex -0 -2.94236 -0.585271
      vertex 0.384055 -2.91718 -0.585271
      vertex -0 -2.99358 -0.196209
    endloop
  endfacet
  facet normal 0.0648447 -0.989356 -0.130269
    outer loop
      vertex 0.384055 -2.91718 -0.585271
      vertex 0.39074 -2.96797 -0.196209
      vertex -0 -2.99358 -0.196209
    endloop
  endfacet
  facet normal 0.193413 -0.972431 -0.130269
    outer loop
      vertex 0.384055 -2.91718 -0.585271
      vertex 0.761538 -2.8421 -0.585271
      vertex 0.39074 -2.96797 -0.196209
    endloop
  endfacet
  facet normal 0.193445 -0.972428 -0.130238
    outer loop
      vertex 0.761538 -2.8421 -0.585271
      vertex 0.774795 -2.89157 -0.196209
      vertex 0.39074 -2.96797 -0.196209
    endloop
  endfacet
  facet normal 0.318714 -0.938861 -0.130238
    outer loop
      vertex 0.761538 -2.8421 -0.585271
      vertex 1.12599 -2.71838 -0.585271
      vertex 0.774795 -2.89157 -0.196209
    endloop
  endfacet
  facet normal 0.318706 -0.938862 -0.130246
    outer loop
      vertex 1.12599 -2.71838 -0.585271
      vertex 1.14559 -2.7657 -0.196209
      vertex 0.774795 -2.89157 -0.196209
    endloop
  endfacet
  facet normal 0.438524 -0.889232 -0.130245
    outer loop
      vertex 1.12599 -2.71838 -0.585271
      vertex 1.47118 -2.54815 -0.585271
      vertex 1.14559 -2.7657 -0.196209
    endloop
  endfacet
  facet normal 0.438515 -0.889235 -0.130254
    outer loop
      vertex 1.47118 -2.54815 -0.585271
      vertex 1.49679 -2.59251 -0.196209
      vertex 1.14559 -2.7657 -0.196209
    endloop
  endfacet
  facet normal 0.55083 -0.824391 -0.130254
    outer loop
      vertex 1.47118 -2.54815 -0.585271
      vertex 1.79119 -2.33433 -0.585271
      vertex 1.49679 -2.59251 -0.196209
    endloop
  endfacet
  facet normal 0.550846 -0.824383 -0.130236
    outer loop
      vertex 1.79119 -2.33433 -0.585271
      vertex 1.82237 -2.37496 -0.196209
      vertex 1.49679 -2.59251 -0.196209
    endloop
  endfacet
  facet normal 0.653729 -0.745437 -0.130237
    outer loop
      vertex 1.79119 -2.33433 -0.585271
      vertex 2.08056 -2.08056 -0.585271
      vertex 1.82237 -2.37496 -0.196209
    endloop
  endfacet
  facet normal 0.653713 -0.745448 -0.130256
    outer loop
      vertex 2.08056 -2.08056 -0.585271
      vertex 2.11678 -2.11678 -0.196209
      vertex 1.82237 -2.37496 -0.196209
    endloop
  endfacet
  facet normal 0.745435 -0.653727 -0.130256
    outer loop
      vertex 2.08056 -2.08056 -0.585271
      vertex 2.33433 -1.79119 -0.585271
      vertex 2.11678 -2.11678 -0.196209
    endloop
  endfacet
  facet normal 0.74545 -0.653715 -0.130237
    outer loop
      vertex 2.33433 -1.79119 -0.585271
      vertex 2.37496 -1.82237 -0.196209
      vertex 2.11678 -2.11678 -0.196209
    endloop
  endfacet
  facet normal 0.824393 -0.550832 -0.130236
    outer loop
      vertex 2.33433 -1.79119 -0.585271
      vertex 2.54815 -1.47118 -0.585271
      vertex 2.37496 -1.82237 -0.196209
    endloop
  endfacet
  facet normal 0.824381 -0.550845 -0.130253
    outer loop
      vertex 2.54815 -1.47118 -0.585271
      vertex 2.59251 -1.49679 -0.196209
      vertex 2.37496 -1.82237 -0.196209
    endloop
  endfacet
  facet normal 0.889231 -0.438523 -0.130254
    outer loop
      vertex 2.54815 -1.47118 -0.585271
      vertex 2.71838 -1.12599 -0.585271
      vertex 2.59251 -1.49679 -0.196209
    endloop
  endfacet
  facet normal 0.889236 -0.438516 -0.130245
    outer loop
      vertex 2.71838 -1.12599 -0.585271
      vertex 2.7657 -1.14559 -0.196209
      vertex 2.59251 -1.49679 -0.196209
    endloop
  endfacet
  facet normal 0.93886 -0.318713 -0.130246
    outer loop
      vertex 2.71838 -1.12599 -0.585271
      vertex 2.8421 -0.761538 -0.585271
      vertex 2.7657 -1.14559 -0.196209
    endloop
  endfacet
  facet normal 0.938863 -0.318706 -0.130238
    outer loop
      vertex 2.8421 -0.761538 -0.585271
      vertex 2.89157 -0.774795 -0.196209
      vertex 2.7657 -1.14559 -0.196209
    endloop
  endfacet
  facet normal 0.972435 -0.193414 -0.130237
    outer loop
      vertex 2.8421 -0.761538 -0.585271
      vertex 2.91718 -0.384055 -0.585271
      vertex 2.89157 -0.774795 -0.196209
    endloop
  endfacet
  facet normal 0.972424 -0.193444 -0.130269
    outer loop
      vertex 2.91718 -0.384055 -0.585271
      vertex 2.96797 -0.39074 -0.196209
      vertex 2.89157 -0.774795 -0.196209
    endloop
  endfacet
  facet normal 0.989354 -0.0648656 -0.13027
    outer loop
      vertex 2.91718 -0.384055 -0.585271
      vertex 2.94236 0 -0.585271
      vertex 2.96797 -0.39074 -0.196209
    endloop
  endfacet
  facet normal 0.989359 -0.0648448 -0.130249
    outer loop
      vertex 2.94236 0 -0.585271
      vertex 2.99358 0 -0.196209
      vertex 2.96797 -0.39074 -0.196209
    endloop
  endfacet
  facet normal 0.963993 0.0631747 -0.258313
    outer loop
      vertex 2.84079 0 -0.964318
      vertex 2.81649 0.370798 -0.964318
      vertex 2.94236 0 -0.585271
    endloop
  endfacet
  facet normal 0.963999 0.0632031 -0.258287
    outer loop
      vertex 2.81649 0.370798 -0.964318
      vertex 2.91718 0.384055 -0.585271
      vertex 2.94236 0 -0.585271
    endloop
  endfacet
  facet normal 0.947503 0.188485 -0.258287
    outer loop
      vertex 2.81649 0.370798 -0.964318
      vertex 2.74399 0.735251 -0.964318
      vertex 2.91718 0.384055 -0.585271
    endloop
  endfacet
  facet normal 0.947501 0.188455 -0.258314
    outer loop
      vertex 2.74399 0.735251 -0.964318
      vertex 2.8421 0.761538 -0.585271
      vertex 2.91718 0.384055 -0.585271
    endloop
  endfacet
  facet normal 0.914795 0.310522 -0.258314
    outer loop
      vertex 2.74399 0.735251 -0.964318
      vertex 2.62455 1.08712 -0.964318
      vertex 2.8421 0.761538 -0.585271
    endloop
  endfacet
  facet normal 0.914793 0.310544 -0.258295
    outer loop
      vertex 2.62455 1.08712 -0.964318
      vertex 2.71838 1.12599 -0.585271
      vertex 2.8421 0.761538 -0.585271
    endloop
  endfacet
  facet normal 0.866444 0.427268 -0.258296
    outer loop
      vertex 2.62455 1.08712 -0.964318
      vertex 2.4602 1.4204 -0.964318
      vertex 2.71838 1.12599 -0.585271
    endloop
  endfacet
  facet normal 0.86644 0.427284 -0.258282
    outer loop
      vertex 2.4602 1.4204 -0.964318
      vertex 2.54815 1.47118 -0.585271
      vertex 2.71838 1.12599 -0.585271
    endloop
  endfacet
  facet normal 0.803246 0.536737 -0.258282
    outer loop
      vertex 2.4602 1.4204 -0.964318
      vertex 2.25375 1.72936 -0.964318
      vertex 2.54815 1.47118 -0.585271
    endloop
  endfacet
  facet normal 0.803256 0.536709 -0.258309
    outer loop
      vertex 2.25375 1.72936 -0.964318
      vertex 2.33433 1.79119 -0.585271
      vertex 2.54815 1.47118 -0.585271
    endloop
  endfacet
  facet normal 0.726324 0.63697 -0.258308
    outer loop
      vertex 2.25375 1.72936 -0.964318
      vertex 2.00874 2.00874 -0.964318
      vertex 2.33433 1.79119 -0.585271
    endloop
  endfacet
  facet normal 0.726325 0.636968 -0.25831
    outer loop
      vertex 2.00874 2.00874 -0.964318
      vertex 2.08056 2.08056 -0.585271
      vertex 2.33433 1.79119 -0.585271
    endloop
  endfacet
  facet normal 0.636969 0.726323 -0.25831
    outer loop
      vertex 2.00874 2.00874 -0.964318
      vertex 1.72936 2.25375 -0.964318
      vertex 2.08056 2.08056 -0.585271
    endloop
  endfacet
  facet normal 0.636968 0.726325 -0.258308
    outer loop
      vertex 1.72936 2.25375 -0.964318
      vertex 1.79119 2.33433 -0.585271
      vertex 2.08056 2.08056 -0.585271
    endloop
  endfacet
  facet normal 0.536733 0.80324 -0.258309
    outer loop
      vertex 1.72936 2.25375 -0.964318
      vertex 1.4204 2.4602 -0.964318
      vertex 1.79119 2.33433 -0.585271
    endloop
  endfacet
  facet normal 0.536713 0.803262 -0.258282
    outer loop
      vertex 1.4204 2.4602 -0.964318
      vertex 1.47118 2.54815 -0.585271
      vertex 1.79119 2.33433 -0.585271
    endloop
  endfacet
  facet normal 0.42727 0.866447 -0.258281
    outer loop
      vertex 1.4204 2.4602 -0.964318
      vertex 1.08712 2.62455 -0.964318
      vertex 1.47118 2.54815 -0.585271
    endloop
  endfacet
  facet normal 0.427282 0.866437 -0.258296
    outer loop
      vertex 1.08712 2.62455 -0.964318
      vertex 1.12599 2.71838 -0.585271
      vertex 1.47118 2.54815 -0.585271
    endloop
  endfacet
  facet normal 0.310524 0.9148 -0.258294
    outer loop
      vertex 1.08712 2.62455 -0.964318
      vertex 0.735251 2.74399 -0.964318
      vertex 1.12599 2.71838 -0.585271
    endloop
  endfacet
  facet normal 0.310542 0.914788 -0.258314
    outer loop
      vertex 0.735251 2.74399 -0.964318
      vertex 0.761538 2.8421 -0.585271
      vertex 1.12599 2.71838 -0.585271
    endloop
  endfacet
  facet normal 0.188484 0.947495 -0.258315
    outer loop
      vertex 0.735251 2.74399 -0.964318
      vertex 0.370798 2.81649 -0.964318
      vertex 0.761538 2.8421 -0.585271
    endloop
  endfacet
  facet normal 0.188456 0.947508 -0.258287
    outer loop
      vertex 0.370798 2.81649 -0.964318
      vertex 0.384055 2.91718 -0.585271
      vertex 0.761538 2.8421 -0.585271
    endloop
  endfacet
  facet normal 0.0631751 0.964001 -0.258287
    outer loop
      vertex 0.370798 2.81649 -0.964318
      vertex 0 2.84079 -0.964318
      vertex 0.384055 2.91718 -0.585271
    endloop
  endfacet
  facet normal 0.0632027 0.963992 -0.258313
    outer loop
      vertex 0 2.84079 -0.964318
      vertex 0 2.94236 -0.585271
      vertex 0.384055 2.91718 -0.585271
    endloop
  endfacet
  facet normal -0.0631747 0.963993 -0.258313
    outer loop
      vertex 0 2.84079 -0.964318
      vertex -0.370798 2.81649 -0.964318
      vertex 0 2.94236 -0.585271
    endloop
  endfacet
  facet normal -0.0632031 0.963999 -0.258287
    outer loop
      vertex -0.370798 2.81649 -0.964318
      vertex -0.384055 2.91718 -0.585271
      vertex 0 2.94236 -0.585271
    endloop
  endfacet
  facet normal -0.188485 0.947503 -0.258287
    outer loop
      vertex -0.370798 2.81649 -0.964318
      vertex -0.735251 2.74399 -0.964318
      vertex -0.384055 2.91718 -0.585271
    endloop
  endfacet
  facet normal -0.188455 0.947501 -0.258314
    outer loop
      vertex -0.735251 2.74399 -0.964318
      vertex -0.761538 2.8421 -0.585271
      vertex -0.384055 2.91718 -0.585271
    endloop
  endfacet
  facet normal -0.310522 0.914795 -0.258314
    outer loop
      vertex -0.735251 2.74399 -0.964318
      vertex -1.08712 2.62455 -0.964318
      vertex -0.761538 2.8421 -0.585271
    endloop
  endfacet
  facet normal -0.310544 0.914793 -0.258295
    outer loop
      vertex -1.08712 2.62455 -0.964318
      vertex -1.12599 2.71838 -0.585271
      vertex -0.761538 2.8421 -0.585271
    endloop
  endfacet
  facet normal -0.427268 0.866444 -0.258296
    outer loop
      vertex -1.08712 2.62455 -0.964318
      vertex -1.4204 2.4602 -0.964318
      vertex -1.12599 2.71838 -0.585271
    endloop
  endfacet
  facet normal -0.427284 0.86644 -0.258282
    outer loop
      vertex -1.4204 2.4602 -0.964318
      vertex -1.47118 2.54815 -0.585271
      vertex -1.12599 2.71838 -0.585271
    endloop
  endfacet
  facet normal -0.536737 0.803246 -0.258282
    outer loop
      vertex -1.4204 2.4602 -0.964318
      vertex -1.72936 2.25375 -0.964318
      vertex -1.47118 2.54815 -0.585271
    endloop
  endfacet
  facet normal -0.536709 0.803256 -0.258309
    outer loop
      vertex -1.72936 2.25375 -0.964318
      vertex -1.79119 2.33433 -0.585271
      vertex -1.47118 2.54815 -0.585271
    endloop
  endfacet
  facet normal -0.63697 0.726324 -0.258308
    outer loop
      vertex -1.72936 2.25375 -0.964318
      vertex -2.00874 2.00874 -0.964318
      vertex -1.79119 2.33433 -0.585271
    endloop
  endfacet
  facet normal -0.636968 0.726325 -0.25831
    outer loop
      vertex -2.00874 2.00874 -0.964318
      vertex -2.08056 2.08056 -0.585271
      vertex -1.79119 2.33433 -0.585271
    endloop
  endfacet
  facet normal -0.726323 0.636969 -0.25831
    outer loop
      vertex -2.00874 2.00874 -0.964318
      vertex -2.25375 1.72936 -0.964318
      vertex -2.08056 2.08056 -0.585271
    endloop
  endfacet
  facet normal -0.726325 0.636968 -0.258308
    outer loop
      vertex -2.25375 1.72936 -0.964318
      vertex -2.33433 1.79119 -0.585271
      vertex -2.08056 2.08056 -0.585271
    endloop
  endfacet
  facet normal -0.80324 0.536733 -0.258309
    outer loop
      vertex -2.25375 1.72936 -0.964318
      vertex -2.4602 1.4204 -0.964318
      vertex -2.33433 1.79119 -0.585271
    endloop
  endfacet
  facet normal -0.803262 0.536713 -0.258282
    outer loop
      vertex -2.4602 1.4204 -0.964318
      vertex -2.54815 1.47118 -0.585271
      vertex -2.33433 1.79119 -0.585271
    endloop
  endfacet
  facet normal -0.866447 0.42727 -0.258281
    outer loop
      vertex -2.4602 1.4204 -0.964318
      vertex -2.62455 1.08712 -0.964318
      vertex -2.54815 1.47118 -0.585271
    endloop
  endfacet
  facet normal -0.866437 0.427282 -0.258296
    outer loop
      vertex -2.62455 1.08712 -0.964318
      vertex -2.71838 1.12599 -0.585271
      vertex -2.54815 1.47118 -0.585271
    endloop
  endfacet
  facet normal -0.9148 0.310524 -0.258294
    outer loop
      vertex -2.62455 1.08712 -0.964318
      vertex -2.74399 0.735251 -0.964318
      vertex -2.71838 1.12599 -0.585271
    endloop
  endfacet
  facet normal -0.914788 0.310542 -0.258314
    outer loop
      vertex -2.74399 0.735251 -0.964318
      vertex -2.8421 0.761538 -0.585271
      vertex -2.71838 1.12599 -0.585271
    endloop
  endfacet
  facet normal -0.947495 0.188484 -0.258315
    outer loop
      vertex -2.74399 0.735251 -0.964318
      vertex -2.81649 0.370798 -0.964318
      vertex -2.8421 0.761538 -0.585271
    endloop
  endfacet
  facet normal -0.947508 0.188456 -0.258287
    outer loop
      vertex -2.81649 0.370798 -0.964318
      vertex -2.91718 0.384055 -0.585271
      vertex -2.8421 0.761538 -0.585271
    endloop
  endfacet
  facet normal -0.964001 0.0631751 -0.258287
    outer loop
      vertex -2.81649 0.370798 -0.964318
      vertex -2.84079 -0 -0.964318
      vertex -2.91718 0.384055 -0.585271
    endloop
  endfacet
  facet normal -0.963992 0.0632027 -0.258313
    outer loop
      vertex -2.84079 -0 -0.964318
      vertex -2.94236 -0 -0.585271
      vertex -2.91718 0.384055 -0.585271
    endloop
  endfacet
  facet normal -0.963993 -0.0631747 -0.258313
    outer loop
      vertex -2.84079 -0 -0.964318
      vertex -2.81649 -0.370798 -0.964318
      vertex -2.94236 -0 -0.585271
    endloop
  endfacet
  facet normal -0.963999 -0.0632031 -0.258287
    outer loop
      vertex -2.81649 -0.370798 -0.964318
      vertex -2.91718 -0.384055 -0.585271
      vertex -2.94236 -0 -0.585271
    endloop
  endfacet
  facet normal -0.947503 -0.188485 -0.258287
    outer loop
      vertex -2.81649 -0.370798 -0.964318
      vertex -2.74399 -0.735251 -0.964318
      vertex -2.91718 -0.384055 -0.585271
    endloop
  endfacet
  facet normal -0.947501 -0.188455 -0.258314
    outer loop
      vertex -2.74399 -0.735251 -0.964318
      vertex -2.8421 -0.761538 -0.585271
      vertex -2.91718 -0.384055 -0.585271
    endloop
  endfacet
  facet normal -0.914795 -0.310522 -0.258314
    outer loop
      vertex -2.74399 -0.735251 -0.964318
      vertex -2.62455 -1.08712 -0.964318
      vertex -2.8421 -0.761538 -0.585271
    endloop
  endfacet
  facet normal -0.914793 -0.310544 -0.258295
    outer loop
      vertex -2.62455 -1.08712 -0.964318
      vertex -2.71838 -1.12599 -0.585271
      vertex -2.8421 -0.761538 -0.585271
    endloop
  endfacet
  facet normal -0.866444 -0.427268 -0.258296
    outer loop
      vertex -2.62455 -1.08712 -0.964318
      vertex -2.4602 -1.4204 -0.964318
      vertex -2.71838 -1.12599 -0.585271
    endloop
  endfacet
  facet normal -0.86644 -0.427284 -0.258282
    outer loop
      vertex -2.4602 -1.4204 -0.964318
      vertex -2.54815 -1.47118 -0.585271
      vertex -2.71838 -1.12599 -0.585271
    endloop
  endfacet
  facet normal -0.803246 -0.536737 -0.258282
    outer loop
      vertex -2.4602 -1.4204 -0.964318
      vertex -2.25375 -1.72936 -0.964318
      vertex -2.54815 -1.47118 -0.585271
    endloop
  endfacet
  facet normal -0.803256 -0.536709 -0.258309
    outer loop
      vertex -2.25375 -1.72936 -0.964318
      vertex -2.33433 -1.79119 -0.585271
      vertex -2.54815 -1.47118 -0.585271
    endloop
  endfacet
  facet normal -0.726324 -0.63697 -0.258308
    outer loop
      vertex -2.25375 -1.72936 -0.964318
      vertex -2.00874 -2.00874 -0.964318
      vertex -2.33433 -1.79119 -0.585271
    endloop
  endfacet
  facet normal -0.726325 -0.636968 -0.25831
    outer loop
      vertex -2.00874 -2.00874 -0.964318
      vertex -2.08056 -2.08056 -0.585271
      vertex -2.33433 -1.79119 -0.585271
    endloop
  endfacet
  facet normal -0.636969 -0.726323 -0.25831
    outer loop
      vertex -2.00874 -2.00874 -0.964318
      vertex -1.72936 -2.25375 -0.964318
      vertex -2.08056 -2.08056 -0.585271
    endloop
  endfacet
  facet normal -0.636968 -0.726325 -0.258308
    outer loop
      vertex -1.72936 -2.25375 -0.964318
      vertex -1.79119 -2.33433 -0.585271
      vertex -2.08056 -2.08056 -0.585271
    endloop
  endfacet
  facet normal -0.536733 -0.80324 -0.258309
    outer loop
      vertex -1.72936 -2.25375 -0.964318
      vertex -1.4204 -2.4602 -0.964318
      vertex -1.79119 -2.33433 -0.585271
    endloop
  endfacet
  facet normal -0.536713 -0.803262 -0.258282
    outer loop
      vertex -1.4204 -2.4602 -0.964318
      vertex -1.47118 -2.54815 -0.585271
      vertex -1.79119 -2.33433 -0.585271
    endloop
  endfacet
  facet normal -0.42727 -0.866447 -0.258281
    outer loop
      vertex -1.4204 -2.4602 -0.964318
      vertex -1.08712 -2.62455 -0.964318
      vertex -1.47118 -2.54815 -0.585271
    endloop
  endfacet
  facet normal -0.427282 -0.866437 -0.258296
    outer loop
      vertex -1.08712 -2.62455 -0.964318
      vertex -1.12599 -2.71838 -0.585271
      vertex -1.47118 -2.54815 -0.585271
    endloop
  endfacet
  facet normal -0.310524 -0.9148 -0.258294
    outer loop
      vertex -1.08712 -2.62455 -0.964318
      vertex -0.735251 -2.74399 -0.964318
      vertex -1.12599 -2.71838 -0.585271
    endloop
  endfacet
  facet normal -0.310542 -0.914788 -0.258314
    outer loop
      vertex -0.735251 -2.74399 -0.964318
      vertex -0.761538 -2.8421 -0.585271
      vertex -1.12599 -2.71838 -0.585271
    endloop
  endfacet
  facet normal -0.188484 -0.947495 -0.258315
    outer loop
      vertex -0.735251 -2.74399 -0.964318
      vertex -0.370798 -2.81649 -0.964318
      vertex -0.761538 -2.8421 -0.585271
    endloop
  endfacet
  facet normal -0.188456 -0.947508 -0.258287
    outer loop
      vertex -0.370798 -2.81649 -0.964318
      vertex -0.384055 -2.91718 -0.585271
      vertex -0.761538 -2.8421 -0.585271
    endloop
  endfacet
  facet normal -0.0631751 -0.964001 -0.258287
    outer loop
      vertex -0.370798 -2.81649 -0.964318
      vertex -0 -2.84079 -0.964318
      vertex -0.384055 -2.91718 -0.585271
    endloop
  endfacet
  facet normal -0.0632027 -0.963992 -0.258313
    outer loop
      vertex -0 -2.84079 -0.964318
      vertex -0 -2.94236 -0.585271
      vertex -0.384055 -2.91718 -0.585271
    endloop
  endfacet
  facet normal 0.0631747 -0.963993 -0.258313
    outer loop
      vertex -0 -2.84079 -0.964318
      vertex 0.370798 -2.81649 -0.964318
      vertex -0 -2.94236 -0.585271
    endloop
  endfacet
  facet normal 0.0632031 -0.963999 -0.258287
    outer loop
      vertex 0.370798 -2.81649 -0.964318
      vertex 0.384055 -2.91718 -0.585271
      vertex -0 -2.94236 -0.585271
    endloop
  endfacet
  facet normal 0.188485 -0.947503 -0.258287
    outer loop
      vertex 0.370798 -2.81649 -0.964318
      vertex 0.735251 -2.74399 -0.964318
      vertex 0.384055 -2.91718 -0.585271
    endloop
  endfacet
  facet normal 0.188455 -0.947501 -0.258314
    outer loop
      vertex 0.735251 -2.74399 -0.964318
      vertex 0.761538 -2.8421 -0.585271
      vertex 0.384055 -2.91718 -0.585271
    endloop
  endfacet
  facet normal 0.310522 -0.914795 -0.258314
    outer loop
      vertex 0.735251 -2.74399 -0.964318
      vertex 1.08712 -2.62455 -0.964318
      vertex 0.761538 -2.8421 -0.585271
    endloop
  endfacet
  facet normal 0.310544 -0.914793 -0.258295
    outer loop
      vertex 1.08712 -2.62455 -0.964318
      vertex 1.12599 -2.71838 -0.585271
      vertex 0.761538 -2.8421 -0.585271
    endloop
  endfacet
  facet normal 0.427268 -0.866444 -0.258296
    outer loop
      vertex 1.08712 -2.62455 -0.964318
      vertex 1.4204 -2.4602 -0.964318
      vertex 1.12599 -2.71838 -0.585271
    endloop
  endfacet
  facet normal 0.427284 -0.86644 -0.258282
    outer loop
      vertex 1.4204 -2.4602 -0.964318
      vertex 1.47118 -2.54815 -0.585271
      vertex 1.12599 -2.71838 -0.585271
    endloop
  endfacet
  facet normal 0.536737 -0.803246 -0.258282
    outer loop
      vertex 1.4204 -2.4602 -0.964318
      vertex 1.72936 -2.25375 -0.964318
      vertex 1.47118 -2.54815 -0.585271
    endloop
  endfacet
  facet normal 0.536709 -0.803256 -0.258309
    outer loop
      vertex 1.72936 -2.25375 -0.964318
      vertex 1.79119 -2.33433 -0.585271
      vertex 1.47118 -2.54815 -0.585271
    endloop
  endfacet
  facet normal 0.63697 -0.726324 -0.258308
    outer loop
      vertex 1.72936 -2.25375 -0.964318
      vertex 2.00874 -2.00874 -0.964318
      vertex 1.79119 -2.33433 -0.585271
    endloop
  endfacet
  facet normal 0.636968 -0.726325 -0.25831
    outer loop
      vertex 2.00874 -2.00874 -0.964318
      vertex 2.08056 -2.08056 -0.585271
      vertex 1.79119 -2.33433 -0.585271
    endloop
  endfacet
  facet normal 0.726323 -0.636969 -0.25831
    outer loop
      vertex 2.00874 -2.00874 -0.964318
      vertex 2.25375 -1.72936 -0.964318
      vertex 2.08056 -2.08056 -0.585271
    endloop
  endfacet
  facet normal 0.726325 -0.636968 -0.258308
    outer loop
      vertex 2.25375 -1.72936 -0.964318
      vertex 2.33433 -1.79119 -0.585271
      vertex 2.08056 -2.08056 -0.585271
    endloop
  endfacet
  facet normal 0.80324 -0.536733 -0.258309
    outer loop
      vertex 2.25375 -1.72936 -0.964318
      vertex 2.4602 -1.4204 -0.964318
      vertex 2.33433 -1.79119 -0.585271
    endloop
  endfacet
  facet normal 0.803262 -0.536713 -0.258282
    outer loop
      vertex 2.4602 -1.4204 -0.964318
      vertex 2.54815 -1.47118 -0.585271
      vertex 2.33433 -1.79119 -0.585271
    endloop
  endfacet
  facet normal 0.866447 -0.42727 -0.258281
    outer loop
      vertex 2.4602 -1.4204 -0.964318
      vertex 2.62455 -1.08712 -0.964318
      vertex 2.54815 -1.47118 -0.585271
    endloop
  endfacet
  facet normal 0.866437 -0.427282 -0.258296
    outer loop
      vertex 2.62455 -1.08712 -0.964318
      vertex 2.71838 -1.12599 -0.585271
      vertex 2.54815 -1.47118 -0.585271
    endloop
  endfacet
  facet normal 0.9148 -0.310524 -0.258294
    outer loop
      vertex 2.62455 -1.08712 -0.964318
      vertex 2.74399 -0.735251 -0.964318
      vertex 2.71838 -1.12599 -0.585271
    endloop
  endfacet
  facet normal 0.914788 -0.310542 -0.258314
    outer loop
      vertex 2.74399 -0.735251 -0.964318
      vertex 2.8421 -0.761538 -0.585271
      vertex 2.71838 -1.12599 -0.585271
    endloop
  endfacet
  facet normal 0.947495 -0.188484 -0.258315
    outer loop
      vertex 2.74399 -0.735251 -0.964318
      vertex 2.81649 -0.370798 -0.964318
      vertex 2.8421 -0.761538 -0.585271
    endloop
  endfacet
  facet normal 0.947508 -0.188456 -0.258287
    outer loop
      vertex 2.81649 -0.370798 -0.964318
      vertex 2.91718 -0.384055 -0.585271
      vertex 2.8421 -0.761538 -0.585271
    endloop
  endfacet
  facet normal 0.964001 -0.0631751 -0.258287
    outer loop
      vertex 2.81649 -0.370798 -0.964318
      vertex 2.84079 0 -0.964318
      vertex 2.91718 -0.384055 -0.585271
    endloop
  endfacet
  facet normal 0.963992 -0.0632027 -0.258313
    outer loop
      vertex 2.84079 0 -0.964318
      vertex 2.94236 0 -0.585271
      vertex 2.91718 -0.384055 -0.585271
    endloop
  endfacet
  facet normal 0.922194 0.0604474 -0.381975
    outer loop
      vertex 2.69062 0 -1.32687
      vertex 2.6676 0.351196 -1.32687
      vertex 2.84079 0 -0.964318
    endloop
  endfacet
  facet normal 0.92219 0.0604351 -0.381985
    outer loop
      vertex 2.6676 0.351196 -1.32687
      vertex 2.81649 0.370798 -0.964318
      vertex 2.84079 0 -0.964318
    endloop
  endfacet
  facet normal 0.906412 0.180291 -0.381986
    outer loop
      vertex 2.6676 0.351196 -1.32687
      vertex 2.59894 0.696383 -1.32687
      vertex 2.81649 0.370798 -0.964318
    endloop
  endfacet
  facet normal 0.906414 0.180311 -0.381969
    outer loop
      vertex 2.59894 0.696383 -1.32687
      vertex 2.74399 0.735251 -0.964318
      vertex 2.81649 0.370798 -0.964318
    endloop
  endfacet
  facet normal 0.875128 0.297069 -0.38197
    outer loop
      vertex 2.59894 0.696383 -1.32687
      vertex 2.48581 1.02965 -1.32687
      vertex 2.74399 0.735251 -0.964318
    endloop
  endfacet
  facet normal 0.875128 0.297057 -0.381979
    outer loop
      vertex 2.48581 1.02965 -1.32687
      vertex 2.62455 1.08712 -0.964318
      vertex 2.74399 0.735251 -0.964318
    endloop
  endfacet
  facet normal 0.82886 0.408758 -0.381979
    outer loop
      vertex 2.48581 1.02965 -1.32687
      vertex 2.33014 1.34531 -1.32687
      vertex 2.62455 1.08712 -0.964318
    endloop
  endfacet
  facet normal 0.828862 0.408736 -0.381997
    outer loop
      vertex 2.33014 1.34531 -1.32687
      vertex 2.4602 1.4204 -0.964318
      vertex 2.62455 1.08712 -0.964318
    endloop
  endfacet
  facet normal 0.768413 0.513439 -0.381997
    outer loop
      vertex 2.33014 1.34531 -1.32687
      vertex 2.13461 1.63794 -1.32687
      vertex 2.4602 1.4204 -0.964318
    endloop
  endfacet
  facet normal 0.768408 0.513458 -0.381982
    outer loop
      vertex 2.13461 1.63794 -1.32687
      vertex 2.25375 1.72936 -0.964318
      vertex 2.4602 1.4204 -0.964318
    endloop
  endfacet
  facet normal 0.694823 0.609352 -0.381982
    outer loop
      vertex 2.13461 1.63794 -1.32687
      vertex 1.90255 1.90255 -1.32687
      vertex 2.25375 1.72936 -0.964318
    endloop
  endfacet
  facet normal 0.694826 0.609347 -0.381987
    outer loop
      vertex 1.90255 1.90255 -1.32687
      vertex 2.00874 2.00874 -0.964318
      vertex 2.25375 1.72936 -0.964318
    endloop
  endfacet
  facet normal 0.609351 0.694822 -0.381987
    outer loop
      vertex 1.90255 1.90255 -1.32687
      vertex 1.63794 2.13461 -1.32687
      vertex 2.00874 2.00874 -0.964318
    endloop
  endfacet
  facet normal 0.609348 0.694827 -0.381982
    outer loop
      vertex 1.63794 2.13461 -1.32687
      vertex 1.72936 2.25375 -0.964318
      vertex 2.00874 2.00874 -0.964318
    endloop
  endfacet
  facet normal 0.513443 0.768418 -0.381982
    outer loop
      vertex 1.63794 2.13461 -1.32687
      vertex 1.34531 2.33014 -1.32687
      vertex 1.72936 2.25375 -0.964318
    endloop
  endfacet
  facet normal 0.513454 0.768403 -0.381997
    outer loop
      vertex 1.34531 2.33014 -1.32687
      vertex 1.4204 2.4602 -0.964318
      vertex 1.72936 2.25375 -0.964318
    endloop
  endfacet
  facet normal 0.408755 0.828853 -0.381998
    outer loop
      vertex 1.34531 2.33014 -1.32687
      vertex 1.02965 2.48581 -1.32687
      vertex 1.4204 2.4602 -0.964318
    endloop
  endfacet
  facet normal 0.408739 0.828869 -0.38198
    outer loop
      vertex 1.02965 2.48581 -1.32687
      vertex 1.08712 2.62455 -0.964318
      vertex 1.4204 2.4602 -0.964318
    endloop
  endfacet
  facet normal 0.297068 0.875124 -0.381979
    outer loop
      vertex 1.02965 2.48581 -1.32687
      vertex 0.696383 2.59894 -1.32687
      vertex 1.08712 2.62455 -0.964318
    endloop
  endfacet
  facet normal 0.297059 0.875132 -0.38197
    outer loop
      vertex 0.696383 2.59894 -1.32687
      vertex 0.735251 2.74399 -0.964318
      vertex 1.08712 2.62455 -0.964318
    endloop
  endfacet
  facet normal 0.180293 0.906418 -0.381969
    outer loop
      vertex 0.696383 2.59894 -1.32687
      vertex 0.351196 2.6676 -1.32687
      vertex 0.735251 2.74399 -0.964318
    endloop
  endfacet
  facet normal 0.18031 0.906408 -0.381985
    outer loop
      vertex 0.351196 2.6676 -1.32687
      vertex 0.370798 2.81649 -0.964318
      vertex 0.735251 2.74399 -0.964318
    endloop
  endfacet
  facet normal 0.0604472 0.922189 -0.381986
    outer loop
      vertex 0.351196 2.6676 -1.32687
      vertex 0 2.69062 -1.32687
      vertex 0.370798 2.81649 -0.964318
    endloop
  endfacet
  facet normal 0.0604354 0.922194 -0.381975
    outer loop
      vertex 0 2.69062 -1.32687
      vertex 0 2.84079 -0.964318
      vertex 0.370798 2.81649 -0.964318
    endloop
  endfacet
  facet normal -0.0604474 0.922194 -0.381975
    outer loop
      vertex 0 2.69062 -1.32687
      vertex -0.351196 2.6676 -1.32687
      vertex 0 2.84079 -0.964318
    endloop
  endfacet
  facet normal -0.0604351 0.92219 -0.381985
    outer loop
      vertex -0.351196 2.6676 -1.32687
      vertex -0.370798 2.81649 -0.964318
      vertex 0 2.84079 -0.964318
    endloop
  endfacet
  facet normal -0.180291 0.906412 -0.381986
    outer loop
      vertex -0.351196 2.6676 -1.32687
      vertex -0.696383 2.59894 -1.32687
      vertex -0.370798 2.81649 -0.964318
    endloop
  endfacet
  facet normal -0.180311 0.906414 -0.381969
    outer loop
      vertex -0.696383 2.59894 -1.32687
      vertex -0.735251 2.74399 -0.964318
      vertex -0.370798 2.81649 -0.964318
    endloop
  endfacet
  facet normal -0.297069 0.875128 -0.38197
    outer loop
      vertex -0.696383 2.59894 -1.32687
      vertex -1.02965 2.48581 -1.32687
      vertex -0.735251 2.74399 -0.964318
    endloop
  endfacet
  facet normal -0.297057 0.875128 -0.381979
    outer loop
      vertex -1.02965 2.48581 -1.32687
      vertex -1.08712 2.62455 -0.964318
      vertex -0.735251 2.74399 -0.964318
    endloop
  endfacet
  facet normal -0.408758 0.82886 -0.381979
    outer loop
      vertex -1.02965 2.48581 -1.32687
      vertex -1.34531 2.33014 -1.32687
      vertex -1.08712 2.62455 -0.964318
    endloop
  endfacet
  facet normal -0.408736 0.828862 -0.381997
    outer loop
      vertex -1.34531 2.33014 -1.32687
      vertex -1.4204 2.4602 -0.964318
      vertex -1.08712 2.62455 -0.964318
    endloop
  endfacet
  facet normal -0.513439 0.768413 -0.381997
    outer loop
      vertex -1.34531 2.33014 -1.32687
      vertex -1.63794 2.13461 -1.32687
      vertex -1.4204 2.4602 -0.964318
    endloop
  endfacet
  facet normal -0.513458 0.768408 -0.381982
    outer loop
      vertex -1.63794 2.13461 -1.32687
      vertex -1.72936 2.25375 -0.964318
      vertex -1.4204 2.4602 -0.964318
    endloop
  endfacet
  facet normal -0.609352 0.694823 -0.381982
    outer loop
      vertex -1.63794 2.13461 -1.32687
      vertex -1.90255 1.90255 -1.32687
      vertex -1.72936 2.25375 -0.964318
    endloop
  endfacet
  facet normal -0.609347 0.694826 -0.381987
    outer loop
      vertex -1.90255 1.90255 -1.32687
      vertex -2.00874 2.00874 -0.964318
      vertex -1.72936 2.25375 -0.964318
    endloop
  endfacet
  facet normal -0.694822 0.609351 -0.381987
    outer loop
      vertex -1.90255 1.90255 -1.32687
      vertex -2.13461 1.63794 -1.32687
      vertex -2.00874 2.00874 -0.964318
    endloop
  endfacet
  facet normal -0.694827 0.609348 -0.381982
    outer loop
      vertex -2.13461 1.63794 -1.32687
      vertex -2.25375 1.72936 -0.964318
      vertex -2.00874 2.00874 -0.964318
    endloop
  endfacet
  facet normal -0.768418 0.513443 -0.381982
    outer loop
      vertex -2.13461 1.63794 -1.32687
      vertex -2.33014 1.34531 -1.32687
      vertex -2.25375 1.72936 -0.964318
    endloop
  endfacet
  facet normal -0.768403 0.513454 -0.381997
    outer loop
      vertex -2.33014 1.34531 -1.32687
      vertex -2.4602 1.4204 -0.964318
      vertex -2.25375 1.72936 -0.964318
    endloop
  endfacet
  facet normal -0.828853 0.408755 -0.381998
    outer loop
      vertex -2.33014 1.34531 -1.32687
      vertex -2.48581 1.02965 -1.32687
      vertex -2.4602 1.4204 -0.964318
    endloop
  endfacet
  facet normal -0.828869 0.408739 -0.38198
    outer loop
      vertex -2.48581 1.02965 -1.32687
      vertex -2.62455 1.08712 -0.964318
      vertex -2.4602 1.4204 -0.964318
    endloop
  endfacet
  facet normal -0.875124 0.297068 -0.381979
    outer loop
      vertex -2.48581 1.02965 -1.32687
      vertex -2.59894 0.696383 -1.32687
      vertex -2.62455 1.08712 -0.964318
    endloop
  endfacet
  facet normal -0.875132 0.297059 -0.38197
    outer loop
      vertex -2.59894 0.696383 -1.32687
      vertex -2.74399 0.735251 -0.964318
      vertex -2.62455 1.08712 -0.964318
    endloop
  endfacet
  facet normal -0.906418 0.180293 -0.381969
    outer loop
      vertex -2.59894 0.696383 -1.32687
      vertex -2.6676 0.351196 -1.32687
      vertex -2.74399 0.735251 -0.964318
    endloop
  endfacet
  facet normal -0.906408 0.18031 -0.381985
    outer loop
      vertex -2.6676 0.351196 -1.32687
      vertex -2.81649 0.370798 -0.964318
      vertex -2.74399 0.735251 -0.964318
    endloop
  endfacet
  facet normal -0.922189 0.0604472 -0.381986
    outer loop
      vertex -2.6676 0.351196 -1.32687
      vertex -2.69062 -0 -1.32687
      vertex -2.81649 0.370798 -0.964318
    endloop
  endfacet
  facet normal -0.922194 0.0604354 -0.381975
    outer loop
      vertex -2.69062 -0 -1.32687
      vertex -2.84079 -0 -0.964318
      vertex -2.81649 0.370798 -0.964318
    endloop
  endfacet
  facet normal -0.922194 -0.0604474 -0.381975
    outer loop
      vertex -2.69062 -0 -1.32687
      vertex -2.6676 -0.351196 -1.32687
      vertex -2.84079 -0 -0.964318
    endloop
  endfacet
  facet normal -0.92219 -0.0604351 -0.381985
    outer loop
      vertex -2.6676 -0.351196 -1.32687
      vertex -2.81649 -0.370798 -0.964318
      vertex -2.84079 -0 -0.964318
    endloop
  endfacet
  facet normal -0.906412 -0.180291 -0.381986
    outer loop
      vertex -2.6676 -0.351196 -1.32687
      vertex -2.59894 -0.696383 -1.32687
      vertex -2.81649 -0.370798 -0.964318
    endloop
  endfacet
  facet normal -0.906414 -0.180311 -0.381969
    outer loop
      vertex -2.59894 -0.696383 -1.32687
      vertex -2.74399 -0.735251 -0.964318
      vertex -2.81649 -0.370798 -0.964318
    endloop
  endfacet
  facet normal -0.875128 -0.297069 -0.38197
    outer loop
      vertex -2.59894 -0.696383 -1.32687
      vertex -2.48581 -1.02965 -1.32687
      vertex -2.74399 -0.735251 -0.964318
    endloop
  endfacet
  facet normal -0.875128 -0.297057 -0.381979
    outer loop
      vertex -2.48581 -1.02965 -1.32687
      vertex -2.62455 -1.08712 -0.964318
      vertex -2.74399 -0.735251 -0.964318
    endloop
  endfacet
  facet normal -0.82886 -0.408758 -0.381979
    outer loop
      vertex -2.48581 -1.02965 -1.32687
      vertex -2.33014 -1.34531 -1.32687
      vertex -2.62455 -1.08712 -0.964318
    endloop
  endfacet
  facet normal -0.828862 -0.408736 -0.381997
    outer loop
      vertex -2.33014 -1.34531 -1.32687
      vertex -2.4602 -1.4204 -0.964318
      vertex -2.62455 -1.08712 -0.964318
    endloop
  endfacet
  facet normal -0.768413 -0.513439 -0.381997
    outer loop
      vertex -2.33014 -1.34531 -1.32687
      vertex -2.13461 -1.63794 -1.32687
      vertex -2.4602 -1.4204 -0.964318
    endloop
  endfacet
  facet normal -0.768408 -0.513458 -0.381982
    outer loop
      vertex -2.13461 -1.63794 -1.32687
      vertex -2.25375 -1.72936 -0.964318
      vertex -2.4602 -1.4204 -0.964318
    endloop
  endfacet
  facet normal -0.694823 -0.609352 -0.381982
    outer loop
      vertex -2.13461 -1.63794 -1.32687
      vertex -1.90255 -1.90255 -1.32687
      vertex -2.25375 -1.72936 -0.964318
    endloop
  endfacet
  facet normal -0.694826 -0.609347 -0.381987
    outer loop
      vertex -1.90255 -1.90255 -1.32687
      vertex -2.00874 -2.00874 -0.964318
      vertex -2.25375 -1.72936 -0.964318
    endloop
  endfacet
  facet normal -0.609351 -0.694822 -0.381987
    outer loop
      vertex -1.90255 -1.90255 -1.32687
      vertex -1.63794 -2.13461 -1.32687
      vertex -2.00874 -2.00874 -0.964318
    endloop
  endfacet
  facet normal -0.609348 -0.694827 -0.381982
    outer loop
      vertex -1.63794 -2.13461 -1.32687
      vertex -1.72936 -2.25375 -0.964318
      vertex -2.00874 -2.00874 -0.964318
    endloop
  endfacet
  facet normal -0.513443 -0.768418 -0.381982
    outer loop
      vertex -1.63794 -2.13461 -1.32687
      vertex -1.34531 -2.33014 -1.32687
      vertex -1.72936 -2.25375 -0.964318
    endloop
  endfacet
  facet normal -0.513454 -0.768403 -0.381997
    outer loop
      vertex -1.34531 -2.33014 -1.32687
      vertex -1.4204 -2.4602 -0.964318
      vertex -1.72936 -2.25375 -0.964318
    endloop
  endfacet
  facet normal -0.408755 -0.828853 -0.381998
    outer loop
      vertex -1.34531 -2.33014 -1.32687
      vertex -1.02965 -2.48581 -1.32687
      vertex -1.4204 -2.4602 -0.964318
    endloop
  endfacet
  facet normal -0.408739 -0.828869 -0.38198
    outer loop
      vertex -1.02965 -2.48581 -1.32687
      vertex -1.08712 -2.62455 -0.964318
      vertex -1.4204 -2.4602 -0.964318
    endloop
  endfacet
  facet normal -0.297068 -0.875124 -0.381979
    outer loop
      vertex -1.02965 -2.48581 -1.32687
      vertex -0.696383 -2.59894 -1.32687
      vertex -1.08712 -2.62455 -0.964318
    endloop
  endfacet
  facet normal -0.297059 -0.875132 -0.38197
    outer loop
      vertex -0.696383 -2.59894 -1.32687
      vertex -0.735251 -2.74399 -0.964318
      vertex -1.08712 -2.62455 -0.964318
    endloop
  endfacet
  facet normal -0.180293 -0.906418 -0.381969
    outer loop
      vertex -0.696383 -2.59894 -1.32687
      vertex -0.351196 -2.6676 -1.32687
      vertex -0.735251 -2.74399 -0.964318
    endloop
  endfacet
  facet normal -0.18031 -0.906408 -0.381985
    outer loop
      vertex -0.351196 -2.6676 -1.32687
      vertex -0.370798 -2.81649 -0.964318
      vertex -0.735251 -2.74399 -0.964318
    endloop
  endfacet
  facet normal -0.0604472 -0.922189 -0.381986
    outer loop
      vertex -0.351196 -2.6676 -1.32687
      vertex -0 -2.69062 -1.32687
      vertex -0.370798 -2.81649 -0.964318
    endloop
  endfacet
  facet normal -0.0604354 -0.922194 -0.381975
    outer loop
      vertex -0 -2.69062 -1.32687
      vertex -0 -2.84079 -0.964318
      vertex -0.370798 -2.81649 -0.964318
    endloop
  endfacet
  facet normal 0.0604474 -0.922194 -0.381975
    outer loop
      vertex -0 -2.69062 -1.32687
      vertex 0.351196 -2.6676 -1.32687
      vertex -0 -2.84079 -0.964318
    endloop
  endfacet
  facet normal 0.0604351 -0.92219 -0.381985
    outer loop
      vertex 0.351196 -2.6676 -1.32687
      vertex 0.370798 -2.81649 -0.964318
      vertex -0 -2.84079 -0.964318
    endloop
  endfacet
  facet normal 0.180291 -0.906412 -0.381986
    outer loop
      vertex 0.351196 -2.6676 -1.32687
      vertex 0.696383 -2.59894 -1.32687
      vertex 0.370798 -2.81649 -0.964318
    endloop
  endfacet
  facet normal 0.180311 -0.906414 -0.381969
    outer loop
      vertex 0.696383 -2.59894 -1.32687
      vertex 0.735251 -2.74399 -0.964318
      vertex 0.370798 -2.81649 -0.964318
    endloop
  endfacet
  facet normal 0.297069 -0.875128 -0.38197
    outer loop
      vertex 0.696383 -2.59894 -1.32687
      vertex 1.02965 -2.48581 -1.32687
      vertex 0.735251 -2.74399 -0.964318
    endloop
  endfacet
  facet normal 0.297057 -0.875128 -0.381979
    outer loop
      vertex 1.02965 -2.48581 -1.32687
      vertex 1.08712 -2.62455 -0.964318
      vertex 0.735251 -2.74399 -0.964318
    endloop
  endfacet
  facet normal 0.408758 -0.82886 -0.381979
    outer loop
      vertex 1.02965 -2.48581 -1.32687
      vertex 1.34531 -2.33014 -1.32687
      vertex 1.08712 -2.62455 -0.964318
    endloop
  endfacet
  facet normal 0.408736 -0.828862 -0.381997
    outer loop
      vertex 1.34531 -2.33014 -1.32687
      vertex 1.4204 -2.4602 -0.964318
      vertex 1.08712 -2.62455 -0.964318
    endloop
  endfacet
  facet normal 0.513439 -0.768413 -0.381997
    outer loop
      vertex 1.34531 -2.33014 -1.32687
      vertex 1.63794 -2.13461 -1.32687
      vertex 1.4204 -2.4602 -0.964318
    endloop
  endfacet
  facet normal 0.513458 -0.768408 -0.381982
    outer loop
      vertex 1.63794 -2.13461 -1.32687
      vertex 1.72936 -2.25375 -0.964318
      vertex 1.4204 -2.4602 -0.964318
    endloop
  endfacet
  facet normal 0.609352 -0.694823 -0.381982
    outer loop
      vertex 1.63794 -2.13461 -1.32687
      vertex 1.90255 -1.90255 -1.32687
      vertex 1.72936 -2.25375 -0.964318
    endloop
  endfacet
  facet normal 0.609347 -0.694826 -0.381987
    outer loop
      vertex 1.90255 -1.90255 -1.32687
      vertex 2.00874 -2.00874 -0.964318
      vertex 1.72936 -2.25375 -0.964318
    endloop
  endfacet
  facet normal 0.694822 -0.609351 -0.381987
    outer loop
      vertex 1.90255 -1.90255 -1.32687
      vertex 2.13461 -1.63794 -1.32687
      vertex 2.00874 -2.00874 -0.964318
    endloop
  endfacet
  facet normal 0.694827 -0.609348 -0.381982
    outer loop
      vertex 2.13461 -1.63794 -1.32687
      vertex 2.25375 -1.72936 -0.964318
      vertex 2.00874 -2.00874 -0.964318
    endloop
  endfacet
  facet normal 0.768418 -0.513443 -0.381982
    outer loop
      vertex 2.13461 -1.63794 -1.32687
      vertex 2.33014 -1.34531 -1.32687
      vertex 2.25375 -1.72936 -0.964318
    endloop
  endfacet
  facet normal 0.768403 -0.513454 -0.381997
    outer loop
      vertex 2.33014 -1.34531 -1.32687
      vertex 2.4602 -1.4204 -0.964318
      vertex 2.25375 -1.72936 -0.964318
    endloop
  endfacet
  facet normal 0.828853 -0.408755 -0.381998
    outer loop
      vertex 2.33014 -1.34531 -1.32687
      vertex 2.48581 -1.02965 -1.32687
      vertex 2.4602 -1.4204 -0.964318
    endloop
  endfacet
  facet normal 0.828869 -0.408739 -0.38198
    outer loop
      vertex 2.48581 -1.02965 -1.32687
      vertex 2.62455 -1.08712 -0.964318
      vertex 2.4602 -1.4204 -0.964318
    endloop
  endfacet
  facet normal 0.875124 -0.297068 -0.381979
    outer loop
      vertex 2.48581 -1.02965 -1.32687
      vertex 2.59894 -0.696383 -1.32687
      vertex 2.62455 -1.08712 -0.964318
    endloop
  endfacet
  facet normal 0.875132 -0.297059 -0.38197
    outer loop
      vertex 2.59894 -0.696383 -1.32687
      vertex 2.74399 -0.735251 -0.964318
      vertex 2.62455 -1.08712 -0.964318
    endloop
  endfacet
  facet normal 0.906418 -0.180293 -0.381969
    outer loop
      vertex 2.59894 -0.696383 -1.32687
      vertex 2.6676 -0.351196 -1.32687
      vertex 2.74399 -0.735251 -0.964318
    endloop
  endfacet
  facet normal 0.906408 -0.18031 -0.381985
    outer loop
      vertex 2.6676 -0.351196 -1.32687
      vertex 2.81649 -0.370798 -0.964318
      vertex 2.74399 -0.735251 -0.964318
    endloop
  endfacet
  facet normal 0.922189 -0.0604472 -0.381986
    outer loop
      vertex 2.6676 -0.351196 -1.32687
      vertex 2.69062 0 -1.32687
      vertex 2.81649 -0.370798 -0.964318
    endloop
  endfacet
  facet normal 0.922194 -0.0604354 -0.381975
    outer loop
      vertex 2.69062 0 -1.32687
      vertex 2.84079 0 -0.964318
      vertex 2.81649 -0.370798 -0.964318
    endloop
  endfacet
  facet normal 0.86463 0.0566708 -0.499203
    outer loop
      vertex 2.49441 0 -1.66671
      vertex 2.47307 0.325586 -1.66671
      vertex 2.69062 0 -1.32687
    endloop
  endfacet
  facet normal 0.864631 0.0566744 -0.4992
    outer loop
      vertex 2.47307 0.325586 -1.66671
      vertex 2.6676 0.351196 -1.32687
      vertex 2.69062 0 -1.32687
    endloop
  endfacet
  facet normal 0.849835 0.169057 -0.4992
    outer loop
      vertex 2.47307 0.325586 -1.66671
      vertex 2.40941 0.6456 -1.66671
      vertex 2.6676 0.351196 -1.32687
    endloop
  endfacet
  facet normal 0.849831 0.169037 -0.499213
    outer loop
      vertex 2.40941 0.6456 -1.66671
      vertex 2.59894 0.696383 -1.32687
      vertex 2.6676 0.351196 -1.32687
    endloop
  endfacet
  facet normal 0.820496 0.278519 -0.499213
    outer loop
      vertex 2.40941 0.6456 -1.66671
      vertex 2.30453 0.954569 -1.66671
      vertex 2.59894 0.696383 -1.32687
    endloop
  endfacet
  facet normal 0.820496 0.278524 -0.49921
    outer loop
      vertex 2.30453 0.954569 -1.66671
      vertex 2.48581 1.02965 -1.32687
      vertex 2.59894 0.696383 -1.32687
    endloop
  endfacet
  facet normal 0.777124 0.383236 -0.499208
    outer loop
      vertex 2.30453 0.954569 -1.66671
      vertex 2.16022 1.2472 -1.66671
      vertex 2.48581 1.02965 -1.32687
    endloop
  endfacet
  facet normal 0.777124 0.383244 -0.499202
    outer loop
      vertex 2.16022 1.2472 -1.66671
      vertex 2.33014 1.34531 -1.32687
      vertex 2.48581 1.02965 -1.32687
    endloop
  endfacet
  facet normal 0.720464 0.48138 -0.499204
    outer loop
      vertex 2.16022 1.2472 -1.66671
      vertex 1.97895 1.5185 -1.66671
      vertex 2.33014 1.34531 -1.32687
    endloop
  endfacet
  facet normal 0.720461 0.481399 -0.499191
    outer loop
      vertex 1.97895 1.5185 -1.66671
      vertex 2.13461 1.63794 -1.32687
      vertex 2.33014 1.34531 -1.32687
    endloop
  endfacet
  facet normal 0.651452 0.571332 -0.49919
    outer loop
      vertex 1.97895 1.5185 -1.66671
      vertex 1.76381 1.76381 -1.66671
      vertex 2.13461 1.63794 -1.32687
    endloop
  endfacet
  facet normal 0.651456 0.571319 -0.499199
    outer loop
      vertex 1.76381 1.76381 -1.66671
      vertex 1.90255 1.90255 -1.32687
      vertex 2.13461 1.63794 -1.32687
    endloop
  endfacet
  facet normal 0.571328 0.651448 -0.499199
    outer loop
      vertex 1.76381 1.76381 -1.66671
      vertex 1.5185 1.97895 -1.66671
      vertex 1.90255 1.90255 -1.32687
    endloop
  endfacet
  facet normal 0.571323 0.651459 -0.499191
    outer loop
      vertex 1.5185 1.97895 -1.66671
      vertex 1.63794 2.13461 -1.32687
      vertex 1.90255 1.90255 -1.32687
    endloop
  endfacet
  facet normal 0.481385 0.72047 -0.499191
    outer loop
      vertex 1.5185 1.97895 -1.66671
      vertex 1.2472 2.16022 -1.66671
      vertex 1.63794 2.13461 -1.32687
    endloop
  endfacet
  facet normal 0.481395 0.720455 -0.499203
    outer loop
      vertex 1.2472 2.16022 -1.66671
      vertex 1.34531 2.33014 -1.32687
      vertex 1.63794 2.13461 -1.32687
    endloop
  endfacet
  facet normal 0.383238 0.777127 -0.499202
    outer loop
      vertex 1.2472 2.16022 -1.66671
      vertex 0.954569 2.30453 -1.66671
      vertex 1.34531 2.33014 -1.32687
    endloop
  endfacet
  facet normal 0.383243 0.777121 -0.499208
    outer loop
      vertex 0.954569 2.30453 -1.66671
      vertex 1.02965 2.48581 -1.32687
      vertex 1.34531 2.33014 -1.32687
    endloop
  endfacet
  facet normal 0.278519 0.820498 -0.49921
    outer loop
      vertex 0.954569 2.30453 -1.66671
      vertex 0.6456 2.40941 -1.66671
      vertex 1.02965 2.48581 -1.32687
    endloop
  endfacet
  facet normal 0.278523 0.820495 -0.499213
    outer loop
      vertex 0.6456 2.40941 -1.66671
      vertex 0.696383 2.59894 -1.32687
      vertex 1.02965 2.48581 -1.32687
    endloop
  endfacet
  facet normal 0.169055 0.849827 -0.499214
    outer loop
      vertex 0.6456 2.40941 -1.66671
      vertex 0.325586 2.47307 -1.66671
      vertex 0.696383 2.59894 -1.32687
    endloop
  endfacet
  facet normal 0.169039 0.849838 -0.4992
    outer loop
      vertex 0.325586 2.47307 -1.66671
      vertex 0.351196 2.6676 -1.32687
      vertex 0.696383 2.59894 -1.32687
    endloop
  endfacet
  facet normal 0.0566709 0.864632 -0.4992
    outer loop
      vertex 0.325586 2.47307 -1.66671
      vertex 0 2.49441 -1.66671
      vertex 0.351196 2.6676 -1.32687
    endloop
  endfacet
  facet normal 0.0566743 0.86463 -0.499203
    outer loop
      vertex 0 2.49441 -1.66671
      vertex 0 2.69062 -1.32687
      vertex 0.351196 2.6676 -1.32687
    endloop
  endfacet
  facet normal -0.0566708 0.86463 -0.499203
    outer loop
      vertex 0 2.49441 -1.66671
      vertex -0.325586 2.47307 -1.66671
      vertex 0 2.69062 -1.32687
    endloop
  endfacet
  facet normal -0.0566744 0.864631 -0.4992
    outer loop
      vertex -0.325586 2.47307 -1.66671
      vertex -0.351196 2.6676 -1.32687
      vertex 0 2.69062 -1.32687
    endloop
  endfacet
  facet normal -0.169057 0.849835 -0.4992
    outer loop
      vertex -0.325586 2.47307 -1.66671
      vertex -0.6456 2.40941 -1.66671
      vertex -0.351196 2.6676 -1.32687
    endloop
  endfacet
  facet normal -0.169037 0.849831 -0.499213
    outer loop
      vertex -0.6456 2.40941 -1.66671
      vertex -0.696383 2.59894 -1.32687
      vertex -0.351196 2.6676 -1.32687
    endloop
  endfacet
  facet normal -0.278519 0.820496 -0.499213
    outer loop
      vertex -0.6456 2.40941 -1.66671
      vertex -0.954569 2.30453 -1.66671
      vertex -0.696383 2.59894 -1.32687
    endloop
  endfacet
  facet normal -0.278524 0.820496 -0.49921
    outer loop
      vertex -0.954569 2.30453 -1.66671
      vertex -1.02965 2.48581 -1.32687
      vertex -0.696383 2.59894 -1.32687
    endloop
  endfacet
  facet normal -0.383236 0.777124 -0.499208
    outer loop
      vertex -0.954569 2.30453 -1.66671
      vertex -1.2472 2.16022 -1.66671
      vertex -1.02965 2.48581 -1.32687
    endloop
  endfacet
  facet normal -0.383244 0.777124 -0.499202
    outer loop
      vertex -1.2472 2.16022 -1.66671
      vertex -1.34531 2.33014 -1.32687
      vertex -1.02965 2.48581 -1.32687
    endloop
  endfacet
  facet normal -0.48138 0.720464 -0.499204
    outer loop
      vertex -1.2472 2.16022 -1.66671
      vertex -1.5185 1.97895 -1.66671
      vertex -1.34531 2.33014 -1.32687
    endloop
  endfacet
  facet normal -0.481399 0.720461 -0.499191
    outer loop
      vertex -1.5185 1.97895 -1.66671
      vertex -1.63794 2.13461 -1.32687
      vertex -1.34531 2.33014 -1.32687
    endloop
  endfacet
  facet normal -0.571332 0.651452 -0.49919
    outer loop
      vertex -1.5185 1.97895 -1.66671
      vertex -1.76381 1.76381 -1.66671
      vertex -1.63794 2.13461 -1.32687
    endloop
  endfacet
  facet normal -0.571319 0.651456 -0.499199
    outer loop
      vertex -1.76381 1.76381 -1.66671
      vertex -1.90255 1.90255 -1.32687
      vertex -1.63794 2.13461 -1.32687
    endloop
  endfacet
  facet normal -0.651448 0.571328 -0.499199
    outer loop
      vertex -1.76381 1.76381 -1.66671
      vertex -1.97895 1.5185 -1.66671
      vertex -1.90255 1.90255 -1.32687
    endloop
  endfacet
  facet normal -0.651459 0.571323 -0.499191
    outer loop
      vertex -1.97895 1.5185 -1.66671
      vertex -2.13461 1.63794 -1.32687
      vertex -1.90255 1.90255 -1.32687
    endloop
  endfacet
  facet normal -0.72047 0.481385 -0.499191
    outer loop
      vertex -1.97895 1.5185 -1.66671
      vertex -2.16022 1.2472 -1.66671
      vertex -2.13461 1.63794 -1.32687
    endloop
  endfacet
  facet normal -0.720455 0.481395 -0.499203
    outer loop
      vertex -2.16022 1.2472 -1.66671
      vertex -2.33014 1.34531 -1.32687
      vertex -2.13461 1.63794 -1.32687
    endloop
  endfacet
  facet normal -0.777127 0.383238 -0.499202
    outer loop
      vertex -2.16022 1.2472 -1.66671
      vertex -2.30453 0.954569 -1.66671
      vertex -2.33014 1.34531 -1.32687
    endloop
  endfacet
  facet normal -0.777121 0.383243 -0.499208
    outer loop
      vertex -2.30453 0.954569 -1.66671
      vertex -2.48581 1.02965 -1.32687
      vertex -2.33014 1.34531 -1.32687
    endloop
  endfacet
  facet normal -0.820498 0.278519 -0.49921
    outer loop
      vertex -2.30453 0.954569 -1.66671
      vertex -2.40941 0.6456 -1.66671
      vertex -2.48581 1.02965 -1.32687
    endloop
  endfacet
  facet normal -0.820495 0.278523 -0.499213
    outer loop
      vertex -2.40941 0.6456 -1.66671
      vertex -2.59894 0.696383 -1.32687
      vertex -2.48581 1.02965 -1.32687
    endloop
  endfacet
  facet normal -0.849827 0.169055 -0.499214
    outer loop
      vertex -2.40941 0.6456 -1.66671
      vertex -2.47307 0.325586 -1.66671
      vertex -2.59894 0.696383 -1.32687
    endloop
  endfacet
  facet normal -0.849838 0.169039 -0.4992
    outer loop
      vertex -2.47307 0.325586 -1.66671
      vertex -2.6676 0.351196 -1.32687
      vertex -2.59894 0.696383 -1.32687
    endloop
  endfacet
  facet normal -0.864632 0.0566709 -0.4992
    outer loop
      vertex -2.47307 0.325586 -1.66671
      vertex -2.49441 -0 -1.66671
      vertex -2.6676 0.351196 -1.32687
    endloop
  endfacet
  facet normal -0.86463 0.0566743 -0.499203
    outer loop
      vertex -2.49441 -0 -1.66671
      vertex -2.69062 -0 -1.32687
      vertex -2.6676 0.351196 -1.32687
    endloop
  endfacet
  facet normal -0.86463 -0.0566708 -0.499203
    outer loop
      vertex -2.49441 -0 -1.66671
      vertex -2.47307 -0.325586 -1.66671
      vertex -2.69062 -0 -1.32687
    endloop
  endfacet
  facet normal -0.864631 -0.0566744 -0.4992
    outer loop
      vertex -2.47307 -0.325586 -1.66671
      vertex -2.6676 -0.351196 -1.32687
      vertex -2.69062 -0 -1.32687
    endloop
  endfacet
  facet normal -0.849835 -0.169057 -0.4992
    outer loop
      vertex -2.47307 -0.325586 -1.66671
      vertex -2.40941 -0.6456 -1.66671
      vertex -2.6676 -0.351196 -1.32687
    endloop
  endfacet
  facet normal -0.849831 -0.169037 -0.499213
    outer loop
      vertex -2.40941 -0.6456 -1.66671
      vertex -2.59894 -0.696383 -1.32687
      vertex -2.6676 -0.351196 -1.32687
    endloop
  endfacet
  facet normal -0.820496 -0.278519 -0.499213
    outer loop
      vertex -2.40941 -0.6456 -1.66671
      vertex -2.30453 -0.954569 -1.66671
      vertex -2.59894 -0.696383 -1.32687
    endloop
  endfacet
  facet normal -0.820496 -0.278524 -0.49921
    outer loop
      vertex -2.30453 -0.954569 -1.66671
      vertex -2.48581 -1.02965 -1.32687
      vertex -2.59894 -0.696383 -1.32687
    endloop
  endfacet
  facet normal -0.777124 -0.383236 -0.499208
    outer loop
      vertex -2.30453 -0.954569 -1.66671
      vertex -2.16022 -1.2472 -1.66671
      vertex -2.48581 -1.02965 -1.32687
    endloop
  endfacet
  facet normal -0.777124 -0.383244 -0.499202
    outer loop
      vertex -2.16022 -1.2472 -1.66671
      vertex -2.33014 -1.34531 -1.32687
      vertex -2.48581 -1.02965 -1.32687
    endloop
  endfacet
  facet normal -0.720464 -0.48138 -0.499204
    outer loop
      vertex -2.16022 -1.2472 -1.66671
      vertex -1.97895 -1.5185 -1.66671
      vertex -2.33014 -1.34531 -1.32687
    endloop
  endfacet
  facet normal -0.720461 -0.481399 -0.499191
    outer loop
      vertex -1.97895 -1.5185 -1.66671
      vertex -2.13461 -1.63794 -1.32687
      vertex -2.33014 -1.34531 -1.32687
    endloop
  endfacet
  facet normal -0.651452 -0.571332 -0.49919
    outer loop
      vertex -1.97895 -1.5185 -1.66671
      vertex -1.76381 -1.76381 -1.66671
      vertex -2.13461 -1.63794 -1.32687
    endloop
  endfacet
  facet normal -0.651456 -0.571319 -0.499199
    outer loop
      vertex -1.76381 -1.76381 -1.66671
      vertex -1.90255 -1.90255 -1.32687
      vertex -2.13461 -1.63794 -1.32687
    endloop
  endfacet
  facet normal -0.571328 -0.651448 -0.499199
    outer loop
      vertex -1.76381 -1.76381 -1.66671
      vertex -1.5185 -1.97895 -1.66671
      vertex -1.90255 -1.90255 -1.32687
    endloop
  endfacet
  facet normal -0.571323 -0.651459 -0.499191
    outer loop
      vertex -1.5185 -1.97895 -1.66671
      vertex -1.63794 -2.13461 -1.32687
      vertex -1.90255 -1.90255 -1.32687
    endloop
  endfacet
  facet normal -0.481385 -0.72047 -0.499191
    outer loop
      vertex -1.5185 -1.97895 -1.66671
      vertex -1.2472 -2.16022 -1.66671
      vertex -1.63794 -2.13461 -1.32687
    endloop
  endfacet
  facet normal -0.481395 -0.720455 -0.499203
    outer loop
      vertex -1.2472 -2.16022 -1.66671
      vertex -1.34531 -2.33014 -1.32687
      vertex -1.63794 -2.13461 -1.32687
    endloop
  endfacet
  facet normal -0.383238 -0.777127 -0.499202
    outer loop
      vertex -1.2472 -2.16022 -1.66671
      vertex -0.954569 -2.30453 -1.66671
      vertex -1.34531 -2.33014 -1.32687
    endloop
  endfacet
  facet normal -0.383243 -0.777121 -0.499208
    outer loop
      vertex -0.954569 -2.30453 -1.66671
      vertex -1.02965 -2.48581 -1.32687
      vertex -1.34531 -2.33014 -1.32687
    endloop
  endfacet
  facet normal -0.278519 -0.820498 -0.49921
    outer loop
      vertex -0.954569 -2.30453 -1.66671
      vertex -0.6456 -2.40941 -1.66671
      vertex -1.02965 -2.48581 -1.32687
    endloop
  endfacet
  facet normal -0.278523 -0.820495 -0.499213
    outer loop
      vertex -0.6456 -2.40941 -1.66671
      vertex -0.696383 -2.59894 -1.32687
      vertex -1.02965 -2.48581 -1.32687
    endloop
  endfacet
  facet normal -0.169055 -0.849827 -0.499214
    outer loop
      vertex -0.6456 -2.40941 -1.66671
      vertex -0.325586 -2.47307 -1.66671
      vertex -0.696383 -2.59894 -1.32687
    endloop
  endfacet
  facet normal -0.169039 -0.849838 -0.4992
    outer loop
      vertex -0.325586 -2.47307 -1.66671
      vertex -0.351196 -2.6676 -1.32687
      vertex -0.696383 -2.59894 -1.32687
    endloop
  endfacet
  facet normal -0.0566709 -0.864632 -0.4992
    outer loop
      vertex -0.325586 -2.47307 -1.66671
      vertex -0 -2.49441 -1.66671
      vertex -0.351196 -2.6676 -1.32687
    endloop
  endfacet
  facet normal -0.0566743 -0.86463 -0.499203
    outer loop
      vertex -0 -2.49441 -1.66671
      vertex -0 -2.69062 -1.32687
      vertex -0.351196 -2.6676 -1.32687
    endloop
  endfacet
  facet normal 0.0566708 -0.86463 -0.499203
    outer loop
      vertex -0 -2.49441 -1.66671
      vertex 0.325586 -2.47307 -1.66671
      vertex -0 -2.69062 -1.32687
    endloop
  endfacet
  facet normal 0.0566744 -0.864631 -0.4992
    outer loop
      vertex 0.325586 -2.47307 -1.66671
      vertex 0.351196 -2.6676 -1.32687
      vertex -0 -2.69062 -1.32687
    endloop
  endfacet
  facet normal 0.169057 -0.849835 -0.4992
    outer loop
      vertex 0.325586 -2.47307 -1.66671
      vertex 0.6456 -2.40941 -1.66671
      vertex 0.351196 -2.6676 -1.32687
    endloop
  endfacet
  facet normal 0.169037 -0.849831 -0.499213
    outer loop
      vertex 0.6456 -2.40941 -1.66671
      vertex 0.696383 -2.59894 -1.32687
      vertex 0.351196 -2.6676 -1.32687
    endloop
  endfacet
  facet normal 0.278519 -0.820496 -0.499213
    outer loop
      vertex 0.6456 -2.40941 -1.66671
      vertex 0.954569 -2.30453 -1.66671
      vertex 0.696383 -2.59894 -1.32687
    endloop
  endfacet
  facet normal 0.278524 -0.820496 -0.49921
    outer loop
      vertex 0.954569 -2.30453 -1.66671
      vertex 1.02965 -2.48581 -1.32687
      vertex 0.696383 -2.59894 -1.32687
    endloop
  endfacet
  facet normal 0.383236 -0.777124 -0.499208
    outer loop
      vertex 0.954569 -2.30453 -1.66671
      vertex 1.2472 -2.16022 -1.66671
      vertex 1.02965 -2.48581 -1.32687
    endloop
  endfacet
  facet normal 0.383244 -0.777124 -0.499202
    outer loop
      vertex 1.2472 -2.16022 -1.66671
      vertex 1.34531 -2.33014 -1.32687
      vertex 1.02965 -2.48581 -1.32687
    endloop
  endfacet
  facet normal 0.48138 -0.720464 -0.499204
    outer loop
      vertex 1.2472 -2.16022 -1.66671
      vertex 1.5185 -1.97895 -1.66671
      vertex 1.34531 -2.33014 -1.32687
    endloop
  endfacet
  facet normal 0.481399 -0.720461 -0.499191
    outer loop
      vertex 1.5185 -1.97895 -1.66671
      vertex 1.63794 -2.13461 -1.32687
      vertex 1.34531 -2.33014 -1.32687
    endloop
  endfacet
  facet normal 0.571332 -0.651452 -0.49919
    outer loop
      vertex 1.5185 -1.97895 -1.66671
      vertex 1.76381 -1.76381 -1.66671
      vertex 1.63794 -2.13461 -1.32687
    endloop
  endfacet
  facet normal 0.571319 -0.651456 -0.499199
    outer loop
      vertex 1.76381 -1.76381 -1.66671
      vertex 1.90255 -1.90255 -1.32687
      vertex 1.63794 -2.13461 -1.32687
    endloop
  endfacet
  facet normal 0.651448 -0.571328 -0.499199
    outer loop
      vertex 1.76381 -1.76381 -1.66671
      vertex 1.97895 -1.5185 -1.66671
      vertex 1.90255 -1.90255 -1.32687
    endloop
  endfacet
  facet normal 0.651459 -0.571323 -0.499191
    outer loop
      vertex 1.97895 -1.5185 -1.66671
      vertex 2.13461 -1.63794 -1.32687
      vertex 1.90255 -1.90255 -1.32687
    endloop
  endfacet
  facet normal 0.72047 -0.481385 -0.499191
    outer loop
      vertex 1.97895 -1.5185 -1.66671
      vertex 2.16022 -1.2472 -1.66671
      vertex 2.13461 -1.63794 -1.32687
    endloop
  endfacet
  facet normal 0.720455 -0.481395 -0.499203
    outer loop
      vertex 2.16022 -1.2472 -1.66671
      vertex 2.33014 -1.34531 -1.32687
      vertex 2.13461 -1.63794 -1.32687
    endloop
  endfacet
  facet normal 0.777127 -0.383238 -0.499202
    outer loop
      vertex 2.16022 -1.2472 -1.66671
      vertex 2.30453 -0.954569 -1.66671
      vertex 2.33014 -1.34531 -1.32687
    endloop
  endfacet
  facet normal 0.777121 -0.383243 -0.499208
    outer loop
      vertex 2.30453 -0.954569 -1.66671
      vertex 2.48581 -1.02965 -1.32687
      vertex 2.33014 -1.34531 -1.32687
    endloop
  endfacet
  facet normal 0.820498 -0.278519 -0.49921
    outer loop
      vertex 2.30453 -0.954569 -1.66671
      vertex 2.40941 -0.6456 -1.66671
      vertex 2.48581 -1.02965 -1.32687
    endloop
  endfacet
  facet normal 0.820495 -0.278523 -0.499213
    outer loop
      vertex 2.40941 -0.6456 -1.66671
      vertex 2.59894 -0.696383 -1.32687
      vertex 2.48581 -1.02965 -1.32687
    endloop
  endfacet
  facet normal 0.849827 -0.169055 -0.499214
    outer loop
      vertex 2.40941 -0.6456 -1.66671
      vertex 2.47307 -0.325586 -1.66671
      vertex 2.59894 -0.696383 -1.32687
    endloop
  endfacet
  facet normal 0.849838 -0.169039 -0.4992
    outer loop
      vertex 2.47307 -0.325586 -1.66671
      vertex 2.6676 -0.351196 -1.32687
      vertex 2.59894 -0.696383 -1.32687
    endloop
  endfacet
  facet normal 0.864632 -0.0566709 -0.4992
    outer loop
      vertex 2.47307 -0.325586 -1.66671
      vertex 2.49441 0 -1.66671
      vertex 2.6676 -0.351196 -1.32687
    endloop
  endfacet
  facet normal 0.86463 -0.0566743 -0.499203
    outer loop
      vertex 2.49441 0 -1.66671
      vertex 2.69062 0 -1.32687
      vertex 2.6676 -0.351196 -1.32687
    endloop
  endfacet
  facet normal 0.792285 0.0519392 -0.607937
    outer loop
      vertex 2.25552 0 -1.97804
      vertex 2.23622 0.294404 -1.97804
      vertex 2.49441 0 -1.66671
    endloop
  endfacet
  facet normal 0.792281 0.0519287 -0.607943
    outer loop
      vertex 2.23622 0.294404 -1.97804
      vertex 2.47307 0.325586 -1.66671
      vertex 2.49441 0 -1.66671
    endloop
  endfacet
  facet normal 0.778724 0.154901 -0.607943
    outer loop
      vertex 2.23622 0.294404 -1.97804
      vertex 2.17866 0.583771 -1.97804
      vertex 2.47307 0.325586 -1.66671
    endloop
  endfacet
  facet normal 0.778726 0.154911 -0.607937
    outer loop
      vertex 2.17866 0.583771 -1.97804
      vertex 2.40941 0.6456 -1.66671
      vertex 2.47307 0.325586 -1.66671
    endloop
  endfacet
  facet normal 0.751854 0.255203 -0.607937
    outer loop
      vertex 2.17866 0.583771 -1.97804
      vertex 2.08383 0.86315 -1.97804
      vertex 2.40941 0.6456 -1.66671
    endloop
  endfacet
  facet normal 0.751855 0.255218 -0.607928
    outer loop
      vertex 2.08383 0.86315 -1.97804
      vertex 2.30453 0.954569 -1.66671
      vertex 2.40941 0.6456 -1.66671
    endloop
  endfacet
  facet normal 0.712111 0.351171 -0.607929
    outer loop
      vertex 2.08383 0.86315 -1.97804
      vertex 1.95334 1.12776 -1.97804
      vertex 2.30453 0.954569 -1.66671
    endloop
  endfacet
  facet normal 0.712111 0.351175 -0.607927
    outer loop
      vertex 1.95334 1.12776 -1.97804
      vertex 2.16022 1.2472 -1.66671
      vertex 2.30453 0.954569 -1.66671
    endloop
  endfacet
  facet normal 0.660171 0.441136 -0.607925
    outer loop
      vertex 1.95334 1.12776 -1.97804
      vertex 1.78942 1.37307 -1.97804
      vertex 2.16022 1.2472 -1.66671
    endloop
  endfacet
  facet normal 0.660176 0.441099 -0.607947
    outer loop
      vertex 1.78942 1.37307 -1.97804
      vertex 1.97895 1.5185 -1.66671
      vertex 2.16022 1.2472 -1.66671
    endloop
  endfacet
  facet normal 0.596945 0.523504 -0.607947
    outer loop
      vertex 1.78942 1.37307 -1.97804
      vertex 1.59489 1.59489 -1.97804
      vertex 1.97895 1.5185 -1.66671
    endloop
  endfacet
  facet normal 0.59694 0.523524 -0.607936
    outer loop
      vertex 1.59489 1.59489 -1.97804
      vertex 1.76381 1.76381 -1.66671
      vertex 1.97895 1.5185 -1.66671
    endloop
  endfacet
  facet normal 0.52351 0.596952 -0.607935
    outer loop
      vertex 1.59489 1.59489 -1.97804
      vertex 1.37307 1.78942 -1.97804
      vertex 1.76381 1.76381 -1.66671
    endloop
  endfacet
  facet normal 0.523518 0.596933 -0.607947
    outer loop
      vertex 1.37307 1.78942 -1.97804
      vertex 1.5185 1.97895 -1.66671
      vertex 1.76381 1.76381 -1.66671
    endloop
  endfacet
  facet normal 0.441127 0.660156 -0.607948
    outer loop
      vertex 1.37307 1.78942 -1.97804
      vertex 1.12776 1.95334 -1.97804
      vertex 1.5185 1.97895 -1.66671
    endloop
  endfacet
  facet normal 0.441107 0.660189 -0.607927
    outer loop
      vertex 1.12776 1.95334 -1.97804
      vertex 1.2472 2.16022 -1.66671
      vertex 1.5185 1.97895 -1.66671
    endloop
  endfacet
  facet normal 0.351172 0.712112 -0.607926
    outer loop
      vertex 1.12776 1.95334 -1.97804
      vertex 0.86315 2.08383 -1.97804
      vertex 1.2472 2.16022 -1.66671
    endloop
  endfacet
  facet normal 0.351174 0.712109 -0.607929
    outer loop
      vertex 0.86315 2.08383 -1.97804
      vertex 0.954569 2.30453 -1.66671
      vertex 1.2472 2.16022 -1.66671
    endloop
  endfacet
  facet normal 0.255205 0.75186 -0.607928
    outer loop
      vertex 0.86315 2.08383 -1.97804
      vertex 0.583771 2.17866 -1.97804
      vertex 0.954569 2.30453 -1.66671
    endloop
  endfacet
  facet normal 0.255216 0.751849 -0.607937
    outer loop
      vertex 0.583771 2.17866 -1.97804
      vertex 0.6456 2.40941 -1.66671
      vertex 0.954569 2.30453 -1.66671
    endloop
  endfacet
  facet normal 0.154902 0.778728 -0.607937
    outer loop
      vertex 0.583771 2.17866 -1.97804
      vertex 0.294404 2.23622 -1.97804
      vertex 0.6456 2.40941 -1.66671
    endloop
  endfacet
  facet normal 0.15491 0.778722 -0.607943
    outer loop
      vertex 0.294404 2.23622 -1.97804
      vertex 0.325586 2.47307 -1.66671
      vertex 0.6456 2.40941 -1.66671
    endloop
  endfacet
  facet normal 0.0519388 0.79228 -0.607943
    outer loop
      vertex 0.294404 2.23622 -1.97804
      vertex 0 2.25552 -1.97804
      vertex 0.325586 2.47307 -1.66671
    endloop
  endfacet
  facet normal 0.051929 0.792285 -0.607937
    outer loop
      vertex 0 2.25552 -1.97804
      vertex 0 2.49441 -1.66671
      vertex 0.325586 2.47307 -1.66671
    endloop
  endfacet
  facet normal -0.0519392 0.792285 -0.607937
    outer loop
      vertex 0 2.25552 -1.97804
      vertex -0.294404 2.23622 -1.97804
      vertex 0 2.49441 -1.66671
    endloop
  endfacet
  facet normal -0.0519287 0.792281 -0.607943
    outer loop
      vertex -0.294404 2.23622 -1.97804
      vertex -0.325586 2.47307 -1.66671
      vertex 0 2.49441 -1.66671
    endloop
  endfacet
  facet normal -0.154901 0.778724 -0.607943
    outer loop
      vertex -0.294404 2.23622 -1.97804
      vertex -0.583771 2.17866 -1.97804
      vertex -0.325586 2.47307 -1.66671
    endloop
  endfacet
  facet normal -0.154911 0.778726 -0.607937
    outer loop
      vertex -0.583771 2.17866 -1.97804
      vertex -0.6456 2.40941 -1.66671
      vertex -0.325586 2.47307 -1.66671
    endloop
  endfacet
  facet normal -0.255203 0.751854 -0.607937
    outer loop
      vertex -0.583771 2.17866 -1.97804
      vertex -0.86315 2.08383 -1.97804
      vertex -0.6456 2.40941 -1.66671
    endloop
  endfacet
  facet normal -0.255218 0.751855 -0.607928
    outer loop
      vertex -0.86315 2.08383 -1.97804
      vertex -0.954569 2.30453 -1.66671
      vertex -0.6456 2.40941 -1.66671
    endloop
  endfacet
  facet normal -0.351171 0.712111 -0.607929
    outer loop
      vertex -0.86315 2.08383 -1.97804
      vertex -1.12776 1.95334 -1.97804
      vertex -0.954569 2.30453 -1.66671
    endloop
  endfacet
  facet normal -0.351175 0.712111 -0.607927
    outer loop
      vertex -1.12776 1.95334 -1.97804
      vertex -1.2472 2.16022 -1.66671
      vertex -0.954569 2.30453 -1.66671
    endloop
  endfacet
  facet normal -0.441136 0.660171 -0.607925
    outer loop
      vertex -1.12776 1.95334 -1.97804
      vertex -1.37307 1.78942 -1.97804
      vertex -1.2472 2.16022 -1.66671
    endloop
  endfacet
  facet normal -0.441099 0.660176 -0.607947
    outer loop
      vertex -1.37307 1.78942 -1.97804
      vertex -1.5185 1.97895 -1.66671
      vertex -1.2472 2.16022 -1.66671
    endloop
  endfacet
  facet normal -0.523504 0.596945 -0.607947
    outer loop
      vertex -1.37307 1.78942 -1.97804
      vertex -1.59489 1.59489 -1.97804
      vertex -1.5185 1.97895 -1.66671
    endloop
  endfacet
  facet normal -0.523524 0.59694 -0.607936
    outer loop
      vertex -1.59489 1.59489 -1.97804
      vertex -1.76381 1.76381 -1.66671
      vertex -1.5185 1.97895 -1.66671
    endloop
  endfacet
  facet normal -0.596952 0.52351 -0.607935
    outer loop
      vertex -1.59489 1.59489 -1.97804
      vertex -1.78942 1.37307 -1.97804
      vertex -1.76381 1.76381 -1.66671
    endloop
  endfacet
  facet normal -0.596933 0.523518 -0.607947
    outer loop
      vertex -1.78942 1.37307 -1.97804
      vertex -1.97895 1.5185 -1.66671
      vertex -1.76381 1.76381 -1.66671
    endloop
  endfacet
  facet normal -0.660156 0.441127 -0.607948
    outer loop
      vertex -1.78942 1.37307 -1.97804
      vertex -1.95334 1.12776 -1.97804
      vertex -1.97895 1.5185 -1.66671
    endloop
  endfacet
  facet normal -0.660189 0.441107 -0.607927
    outer loop
      vertex -1.95334 1.12776 -1.97804
      vertex -2.16022 1.2472 -1.66671
      vertex -1.97895 1.5185 -1.66671
    endloop
  endfacet
  facet normal -0.712112 0.351172 -0.607926
    outer loop
      vertex -1.95334 1.12776 -1.97804
      vertex -2.08383 0.86315 -1.97804
      vertex -2.16022 1.2472 -1.66671
    endloop
  endfacet
  facet normal -0.712109 0.351174 -0.607929
    outer loop
      vertex -2.08383 0.86315 -1.97804
      vertex -2.30453 0.954569 -1.66671
      vertex -2.16022 1.2472 -1.66671
    endloop
  endfacet
  facet normal -0.75186 0.255205 -0.607928
    outer loop
      vertex -2.08383 0.86315 -1.97804
      vertex -2.17866 0.583771 -1.97804
      vertex -2.30453 0.954569 -1.66671
    endloop
  endfacet
  facet normal -0.751849 0.255216 -0.607937
    outer loop
      vertex -2.17866 0.583771 -1.97804
      vertex -2.40941 0.6456 -1.66671
      vertex -2.30453 0.954569 -1.66671
    endloop
  endfacet
  facet normal -0.778728 0.154902 -0.607937
    outer loop
      vertex -2.17866 0.583771 -1.97804
      vertex -2.23622 0.294404 -1.97804
      vertex -2.40941 0.6456 -1.66671
    endloop
  endfacet
  facet normal -0.778722 0.15491 -0.607943
    outer loop
      vertex -2.23622 0.294404 -1.97804
      vertex -2.47307 0.325586 -1.66671
      vertex -2.40941 0.6456 -1.66671
    endloop
  endfacet
  facet normal -0.79228 0.0519388 -0.607943
    outer loop
      vertex -2.23622 0.294404 -1.97804
      vertex -2.25552 -0 -1.97804
      vertex -2.47307 0.325586 -1.66671
    endloop
  endfacet
  facet normal -0.792285 0.051929 -0.607937
    outer loop
      vertex -2.25552 -0 -1.97804
      vertex -2.49441 -0 -1.66671
      vertex -2.47307 0.325586 -1.66671
    endloop
  endfacet
  facet normal -0.792285 -0.0519392 -0.607937
    outer loop
      vertex -2.25552 -0 -1.97804
      vertex -2.23622 -0.294404 -1.97804
      vertex -2.49441 -0 -1.66671
    endloop
  endfacet
  facet normal -0.792281 -0.0519287 -0.607943
    outer loop
      vertex -2.23622 -0.294404 -1.97804
      vertex -2.47307 -0.325586 -1.66671
      vertex -2.49441 -0 -1.66671
    endloop
  endfacet
  facet normal -0.778724 -0.154901 -0.607943
    outer loop
      vertex -2.23622 -0.294404 -1.97804
      vertex -2.17866 -0.583771 -1.97804
      vertex -2.47307 -0.325586 -1.66671
    endloop
  endfacet
  facet normal -0.778726 -0.154911 -0.607937
    outer loop
      vertex -2.17866 -0.583771 -1.97804
      vertex -2.40941 -0.6456 -1.66671
      vertex -2.47307 -0.325586 -1.66671
    endloop
  endfacet
  facet normal -0.751854 -0.255203 -0.607937
    outer loop
      vertex -2.17866 -0.583771 -1.97804
      vertex -2.08383 -0.86315 -1.97804
      vertex -2.40941 -0.6456 -1.66671
    endloop
  endfacet
  facet normal -0.751855 -0.255218 -0.607928
    outer loop
      vertex -2.08383 -0.86315 -1.97804
      vertex -2.30453 -0.954569 -1.66671
      vertex -2.40941 -0.6456 -1.66671
    endloop
  endfacet
  facet normal -0.712111 -0.351171 -0.607929
    outer loop
      vertex -2.08383 -0.86315 -1.97804
      vertex -1.95334 -1.12776 -1.97804
      vertex -2.30453 -0.954569 -1.66671
    endloop
  endfacet
  facet normal -0.712111 -0.351175 -0.607927
    outer loop
      vertex -1.95334 -1.12776 -1.97804
      vertex -2.16022 -1.2472 -1.66671
      vertex -2.30453 -0.954569 -1.66671
    endloop
  endfacet
  facet normal -0.660171 -0.441136 -0.607925
    outer loop
      vertex -1.95334 -1.12776 -1.97804
      vertex -1.78942 -1.37307 -1.97804
      vertex -2.16022 -1.2472 -1.66671
    endloop
  endfacet
  facet normal -0.660176 -0.441099 -0.607947
    outer loop
      vertex -1.78942 -1.37307 -1.97804
      vertex -1.97895 -1.5185 -1.66671
      vertex -2.16022 -1.2472 -1.66671
    endloop
  endfacet
  facet normal -0.596945 -0.523504 -0.607947
    outer loop
      vertex -1.78942 -1.37307 -1.97804
      vertex -1.59489 -1.59489 -1.97804
      vertex -1.97895 -1.5185 -1.66671
    endloop
  endfacet
  facet normal -0.59694 -0.523524 -0.607936
    outer loop
      vertex -1.59489 -1.59489 -1.97804
      vertex -1.76381 -1.76381 -1.66671
      vertex -1.97895 -1.5185 -1.66671
    endloop
  endfacet
  facet normal -0.52351 -0.596952 -0.607935
    outer loop
      vertex -1.59489 -1.59489 -1.97804
      vertex -1.37307 -1.78942 -1.97804
      vertex -1.76381 -1.76381 -1.66671
    endloop
  endfacet
  facet normal -0.523518 -0.596933 -0.607947
    outer loop
      vertex -1.37307 -1.78942 -1.97804
      vertex -1.5185 -1.97895 -1.66671
      vertex -1.76381 -1.76381 -1.66671
    endloop
  endfacet
  facet normal -0.441127 -0.660156 -0.607948
    outer loop
      vertex -1.37307 -1.78942 -1.97804
      vertex -1.12776 -1.95334 -1.97804
      vertex -1.5185 -1.97895 -1.66671
    endloop
  endfacet
  facet normal -0.441107 -0.660189 -0.607927
    outer loop
      vertex -1.12776 -1.95334 -1.97804
      vertex -1.2472 -2.16022 -1.66671
      vertex -1.5185 -1.97895 -1.66671
    endloop
  endfacet
  facet normal -0.351172 -0.712112 -0.607926
    outer loop
      vertex -1.12776 -1.95334 -1.97804
      vertex -0.86315 -2.08383 -1.97804
      vertex -1.2472 -2.16022 -1.66671
    endloop
  endfacet
  facet normal -0.351174 -0.712109 -0.607929
    outer loop
      vertex -0.86315 -2.08383 -1.97804
      vertex -0.954569 -2.30453 -1.66671
      vertex -1.2472 -2.16022 -1.66671
    endloop
  endfacet
  facet normal -0.255205 -0.75186 -0.607928
    outer loop
      vertex -0.86315 -2.08383 -1.97804
      vertex -0.583771 -2.17866 -1.97804
      vertex -0.954569 -2.30453 -1.66671
    endloop
  endfacet
  facet normal -0.255216 -0.751849 -0.607937
    outer loop
      vertex -0.583771 -2.17866 -1.97804
      vertex -0.6456 -2.40941 -1.66671
      vertex -0.954569 -2.30453 -1.66671
    endloop
  endfacet
  facet normal -0.154902 -0.778728 -0.607937
    outer loop
      vertex -0.583771 -2.17866 -1.97804
      vertex -0.294404 -2.23622 -1.97804
      vertex -0.6456 -2.40941 -1.66671
    endloop
  endfacet
  facet normal -0.15491 -0.778722 -0.607943
    outer loop
      vertex -0.294404 -2.23622 -1.97804
      vertex -0.325586 -2.47307 -1.66671
      vertex -0.6456 -2.40941 -1.66671
    endloop
  endfacet
  facet normal -0.0519388 -0.79228 -0.607943
    outer loop
      vertex -0.294404 -2.23622 -1.97804
      vertex -0 -2.25552 -1.97804
      vertex -0.325586 -2.47307 -1.66671
    endloop
  endfacet
  facet normal -0.051929 -0.792285 -0.607937
    outer loop
      vertex -0 -2.25552 -1.97804
      vertex -0 -2.49441 -1.66671
      vertex -0.325586 -2.47307 -1.66671
    endloop
  endfacet
  facet normal 0.0519392 -0.792285 -0.607937
    outer loop
      vertex -0 -2.25552 -1.97804
      vertex 0.294404 -2.23622 -1.97804
      vertex -0 -2.49441 -1.66671
    endloop
  endfacet
  facet normal 0.0519287 -0.792281 -0.607943
    outer loop
      vertex 0.294404 -2.23622 -1.97804
      vertex 0.325586 -2.47307 -1.66671
      vertex -0 -2.49441 -1.66671
    endloop
  endfacet
  facet normal 0.154901 -0.778724 -0.607943
    outer loop
      vertex 0.294404 -2.23622 -1.97804
      vertex 0.583771 -2.17866 -1.97804
      vertex 0.325586 -2.47307 -1.66671
    endloop
  endfacet
  facet normal 0.154911 -0.778726 -0.607937
    outer loop
      vertex 0.583771 -2.17866 -1.97804
      vertex 0.6456 -2.40941 -1.66671
      vertex 0.325586 -2.47307 -1.66671
    endloop
  endfacet
  facet normal 0.255203 -0.751854 -0.607937
    outer loop
      vertex 0.583771 -2.17866 -1.97804
      vertex 0.86315 -2.08383 -1.97804
      vertex 0.6456 -2.40941 -1.66671
    endloop
  endfacet
  facet normal 0.255218 -0.751855 -0.607928
    outer loop
      vertex 0.86315 -2.08383 -1.97804
      vertex 0.954569 -2.30453 -1.66671
      vertex 0.6456 -2.40941 -1.66671
    endloop
  endfacet
  facet normal 0.351171 -0.712111 -0.607929
    outer loop
      vertex 0.86315 -2.08383 -1.97804
      vertex 1.12776 -1.95334 -1.97804
      vertex 0.954569 -2.30453 -1.66671
    endloop
  endfacet
  facet normal 0.351175 -0.712111 -0.607927
    outer loop
      vertex 1.12776 -1.95334 -1.97804
      vertex 1.2472 -2.16022 -1.66671
      vertex 0.954569 -2.30453 -1.66671
    endloop
  endfacet
  facet normal 0.441136 -0.660171 -0.607925
    outer loop
      vertex 1.12776 -1.95334 -1.97804
      vertex 1.37307 -1.78942 -1.97804
      vertex 1.2472 -2.16022 -1.66671
    endloop
  endfacet
  facet normal 0.441099 -0.660176 -0.607947
    outer loop
      vertex 1.37307 -1.78942 -1.97804
      vertex 1.5185 -1.97895 -1.66671
      vertex 1.2472 -2.16022 -1.66671
    endloop
  endfacet
  facet normal 0.523504 -0.596945 -0.607947
    outer loop
      vertex 1.37307 -1.78942 -1.97804
      vertex 1.59489 -1.59489 -1.97804
      vertex 1.5185 -1.97895 -1.66671
    endloop
  endfacet
  facet normal 0.523524 -0.59694 -0.607936
    outer loop
      vertex 1.59489 -1.59489 -1.97804
      vertex 1.76381 -1.76381 -1.66671
      vertex 1.5185 -1.97895 -1.66671
    endloop
  endfacet
  facet normal 0.596952 -0.52351 -0.607935
    outer loop
      vertex 1.59489 -1.59489 -1.97804
      vertex 1.78942 -1.37307 -1.97804
      vertex 1.76381 -1.76381 -1.66671
    endloop
  endfacet
  facet normal 0.596933 -0.523518 -0.607947
    outer loop
      vertex 1.78942 -1.37307 -1.97804
      vertex 1.97895 -1.5185 -1.66671
      vertex 1.76381 -1.76381 -1.66671
    endloop
  endfacet
  facet normal 0.660156 -0.441127 -0.607948
    outer loop
      vertex 1.78942 -1.37307 -1.97804
      vertex 1.95334 -1.12776 -1.97804
      vertex 1.97895 -1.5185 -1.66671
    endloop
  endfacet
  facet normal 0.660189 -0.441107 -0.607927
    outer loop
      vertex 1.95334 -1.12776 -1.97804
      vertex 2.16022 -1.2472 -1.66671
      vertex 1.97895 -1.5185 -1.66671
    endloop
  endfacet
  facet normal 0.712112 -0.351172 -0.607926
    outer loop
      vertex 1.95334 -1.12776 -1.97804
      vertex 2.08383 -0.86315 -1.97804
      vertex 2.16022 -1.2472 -1.66671
    endloop
  endfacet
  facet normal 0.712109 -0.351174 -0.607929
    outer loop
      vertex 2.08383 -0.86315 -1.97804
      vertex 2.30453 -0.954569 -1.66671
      vertex 2.16022 -1.2472 -1.66671
    endloop
  endfacet
  facet normal 0.75186 -0.255205 -0.607928
    outer loop
      vertex 2.08383 -0.86315 -1.97804
      vertex 2.17866 -0.583771 -1.97804
      vertex 2.30453 -0.954569 -1.66671
    endloop
  endfacet
  facet normal 0.751849 -0.255216 -0.607937
    outer loop
      vertex 2.17866 -0.583771 -1.97804
      vertex 2.40941 -0.6456 -1.66671
      vertex 2.30453 -0.954569 -1.66671
    endloop
  endfacet
  facet normal 0.778728 -0.154902 -0.607937
    outer loop
      vertex 2.17866 -0.583771 -1.97804
      vertex 2.23622 -0.294404 -1.97804
      vertex 2.40941 -0.6456 -1.66671
    endloop
  endfacet
  facet normal 0.778722 -0.15491 -0.607943
    outer loop
      vertex 2.23622 -0.294404 -1.97804
      vertex 2.47307 -0.325586 -1.66671
      vertex 2.40941 -0.6456 -1.66671
    endloop
  endfacet
  facet normal 0.79228 -0.0519388 -0.607943
    outer loop
      vertex 2.23622 -0.294404 -1.97804
      vertex 2.25552 0 -1.97804
      vertex 2.47307 -0.325586 -1.66671
    endloop
  endfacet
  facet normal 0.792285 -0.051929 -0.607937
    outer loop
      vertex 2.25552 0 -1.97804
      vertex 2.49441 0 -1.66671
      vertex 2.47307 -0.325586 -1.66671
    endloop
  endfacet
  facet normal 0.706349 0.04629 -0.706349
    outer loop
      vertex 1.97804 0 -2.25552
      vertex 1.96112 0.258186 -2.25552
      vertex 2.25552 0 -1.97804
    endloop
  endfacet
  facet normal 0.706356 0.046306 -0.706341
    outer loop
      vertex 1.96112 0.258186 -2.25552
      vertex 2.23622 0.294404 -1.97804
      vertex 2.25552 0 -1.97804
    endloop
  endfacet
  facet normal 0.694269 0.138105 -0.706341
    outer loop
      vertex 1.96112 0.258186 -2.25552
      vertex 1.91064 0.511954 -2.25552
      vertex 2.23622 0.294404 -1.97804
    endloop
  endfacet
  facet normal 0.694268 0.138102 -0.706342
    outer loop
      vertex 1.91064 0.511954 -2.25552
      vertex 2.17866 0.583771 -1.97804
      vertex 2.23622 0.294404 -1.97804
    endloop
  endfacet
  facet normal 0.670303 0.22754 -0.706342
    outer loop
      vertex 1.91064 0.511954 -2.25552
      vertex 1.82747 0.756962 -2.25552
      vertex 2.17866 0.583771 -1.97804
    endloop
  endfacet
  facet normal 0.6703 0.227521 -0.706351
    outer loop
      vertex 1.82747 0.756962 -2.25552
      vertex 2.08383 0.86315 -1.97804
      vertex 2.17866 0.583771 -1.97804
    endloop
  endfacet
  facet normal 0.634859 0.313084 -0.706351
    outer loop
      vertex 1.82747 0.756962 -2.25552
      vertex 1.71303 0.989019 -2.25552
      vertex 2.08383 0.86315 -1.97804
    endloop
  endfacet
  facet normal 0.634859 0.313075 -0.706355
    outer loop
      vertex 1.71303 0.989019 -2.25552
      vertex 1.95334 1.12776 -1.97804
      vertex 2.08383 0.86315 -1.97804
    endloop
  endfacet
  facet normal 0.588557 0.393273 -0.706355
    outer loop
      vertex 1.71303 0.989019 -2.25552
      vertex 1.56928 1.20415 -2.25552
      vertex 1.95334 1.12776 -1.97804
    endloop
  endfacet
  facet normal 0.588556 0.393282 -0.70635
    outer loop
      vertex 1.56928 1.20415 -2.25552
      vertex 1.78942 1.37307 -1.97804
      vertex 1.95334 1.12776 -1.97804
    endloop
  endfacet
  facet normal 0.532197 0.466729 -0.70635
    outer loop
      vertex 1.56928 1.20415 -2.25552
      vertex 1.39868 1.39868 -2.25552
      vertex 1.78942 1.37307 -1.97804
    endloop
  endfacet
  facet normal 0.532199 0.466724 -0.706352
    outer loop
      vertex 1.39868 1.39868 -2.25552
      vertex 1.59489 1.59489 -1.97804
      vertex 1.78942 1.37307 -1.97804
    endloop
  endfacet
  facet normal 0.466728 0.532195 -0.706352
    outer loop
      vertex 1.39868 1.39868 -2.25552
      vertex 1.20415 1.56928 -2.25552
      vertex 1.59489 1.59489 -1.97804
    endloop
  endfacet
  facet normal 0.466725 0.532201 -0.70635
    outer loop
      vertex 1.20415 1.56928 -2.25552
      vertex 1.37307 1.78942 -1.97804
      vertex 1.59489 1.59489 -1.97804
    endloop
  endfacet
  facet normal 0.393275 0.588561 -0.70635
    outer loop
      vertex 1.20415 1.56928 -2.25552
      vertex 0.989019 1.71303 -2.25552
      vertex 1.37307 1.78942 -1.97804
    endloop
  endfacet
  facet normal 0.39328 0.588553 -0.706354
    outer loop
      vertex 0.989019 1.71303 -2.25552
      vertex 1.12776 1.95334 -1.97804
      vertex 1.37307 1.78942 -1.97804
    endloop
  endfacet
  facet normal 0.313082 0.634856 -0.706355
    outer loop
      vertex 0.989019 1.71303 -2.25552
      vertex 0.756962 1.82747 -2.25552
      vertex 1.12776 1.95334 -1.97804
    endloop
  endfacet
  facet normal 0.313077 0.634863 -0.706351
    outer loop
      vertex 0.756962 1.82747 -2.25552
      vertex 0.86315 2.08383 -1.97804
      vertex 1.12776 1.95334 -1.97804
    endloop
  endfacet
  facet normal 0.227537 0.670294 -0.706351
    outer loop
      vertex 0.756962 1.82747 -2.25552
      vertex 0.511954 1.91064 -2.25552
      vertex 0.86315 2.08383 -1.97804
    endloop
  endfacet
  facet normal 0.227524 0.670308 -0.706343
    outer loop
      vertex 0.511954 1.91064 -2.25552
      vertex 0.583771 2.17866 -1.97804
      vertex 0.86315 2.08383 -1.97804
    endloop
  endfacet
  facet normal 0.138105 0.694268 -0.706342
    outer loop
      vertex 0.511954 1.91064 -2.25552
      vertex 0.258186 1.96112 -2.25552
      vertex 0.583771 2.17866 -1.97804
    endloop
  endfacet
  facet normal 0.138102 0.69427 -0.706341
    outer loop
      vertex 0.258186 1.96112 -2.25552
      vertex 0.294404 2.23622 -1.97804
      vertex 0.583771 2.17866 -1.97804
    endloop
  endfacet
  facet normal 0.0462905 0.706357 -0.706341
    outer loop
      vertex 0.258186 1.96112 -2.25552
      vertex 0 1.97804 -2.25552
      vertex 0.294404 2.23622 -1.97804
    endloop
  endfacet
  facet normal 0.0463055 0.706348 -0.706348
    outer loop
      vertex 0 1.97804 -2.25552
      vertex 0 2.25552 -1.97804
      vertex 0.294404 2.23622 -1.97804
    endloop
  endfacet
  facet normal -0.04629 0.706349 -0.706349
    outer loop
      vertex 0 1.97804 -2.25552
      vertex -0.258186 1.96112 -2.25552
      vertex 0 2.25552 -1.97804
    endloop
  endfacet
  facet normal -0.046306 0.706356 -0.706341
    outer loop
      vertex -0.258186 1.96112 -2.25552
      vertex -0.294404 2.23622 -1.97804
      vertex 0 2.25552 -1.97804
    endloop
  endfacet
  facet normal -0.138105 0.694269 -0.706341
    outer loop
      vertex -0.258186 1.96112 -2.25552
      vertex -0.511954 1.91064 -2.25552
      vertex -0.294404 2.23622 -1.97804
    endloop
  endfacet
  facet normal -0.138102 0.694268 -0.706342
    outer loop
      vertex -0.511954 1.91064 -2.25552
      vertex -0.583771 2.17866 -1.97804
      vertex -0.294404 2.23622 -1.97804
    endloop
  endfacet
  facet normal -0.22754 0.670303 -0.706342
    outer loop
      vertex -0.511954 1.91064 -2.25552
      vertex -0.756962 1.82747 -2.25552
      vertex -0.583771 2.17866 -1.97804
    endloop
  endfacet
  facet normal -0.227521 0.6703 -0.706351
    outer loop
      vertex -0.756962 1.82747 -2.25552
      vertex -0.86315 2.08383 -1.97804
      vertex -0.583771 2.17866 -1.97804
    endloop
  endfacet
  facet normal -0.313084 0.634859 -0.706351
    outer loop
      vertex -0.756962 1.82747 -2.25552
      vertex -0.989019 1.71303 -2.25552
      vertex -0.86315 2.08383 -1.97804
    endloop
  endfacet
  facet normal -0.313075 0.634859 -0.706355
    outer loop
      vertex -0.989019 1.71303 -2.25552
      vertex -1.12776 1.95334 -1.97804
      vertex -0.86315 2.08383 -1.97804
    endloop
  endfacet
  facet normal -0.393273 0.588557 -0.706355
    outer loop
      vertex -0.989019 1.71303 -2.25552
      vertex -1.20415 1.56928 -2.25552
      vertex -1.12776 1.95334 -1.97804
    endloop
  endfacet
  facet normal -0.393282 0.588556 -0.70635
    outer loop
      vertex -1.20415 1.56928 -2.25552
      vertex -1.37307 1.78942 -1.97804
      vertex -1.12776 1.95334 -1.97804
    endloop
  endfacet
  facet normal -0.466729 0.532197 -0.70635
    outer loop
      vertex -1.20415 1.56928 -2.25552
      vertex -1.39868 1.39868 -2.25552
      vertex -1.37307 1.78942 -1.97804
    endloop
  endfacet
  facet normal -0.466724 0.532199 -0.706352
    outer loop
      vertex -1.39868 1.39868 -2.25552
      vertex -1.59489 1.59489 -1.97804
      vertex -1.37307 1.78942 -1.97804
    endloop
  endfacet
  facet normal -0.532195 0.466728 -0.706352
    outer loop
      vertex -1.39868 1.39868 -2.25552
      vertex -1.56928 1.20415 -2.25552
      vertex -1.59489 1.59489 -1.97804
    endloop
  endfacet
  facet normal -0.532201 0.466725 -0.70635
    outer loop
      vertex -1.56928 1.20415 -2.25552
      vertex -1.78942 1.37307 -1.97804
      vertex -1.59489 1.59489 -1.97804
    endloop
  endfacet
  facet normal -0.588561 0.393275 -0.70635
    outer loop
      vertex -1.56928 1.20415 -2.25552
      vertex -1.71303 0.989019 -2.25552
      vertex -1.78942 1.37307 -1.97804
    endloop
  endfacet
  facet normal -0.588553 0.39328 -0.706354
    outer loop
      vertex -1.71303 0.989019 -2.25552
      vertex -1.95334 1.12776 -1.97804
      vertex -1.78942 1.37307 -1.97804
    endloop
  endfacet
  facet normal -0.634856 0.313082 -0.706355
    outer loop
      vertex -1.71303 0.989019 -2.25552
      vertex -1.82747 0.756962 -2.25552
      vertex -1.95334 1.12776 -1.97804
    endloop
  endfacet
  facet normal -0.634863 0.313077 -0.706351
    outer loop
      vertex -1.82747 0.756962 -2.25552
      vertex -2.08383 0.86315 -1.97804
      vertex -1.95334 1.12776 -1.97804
    endloop
  endfacet
  facet normal -0.670294 0.227537 -0.706351
    outer loop
      vertex -1.82747 0.756962 -2.25552
      vertex -1.91064 0.511954 -2.25552
      vertex -2.08383 0.86315 -1.97804
    endloop
  endfacet
  facet normal -0.670308 0.227524 -0.706343
    outer loop
      vertex -1.91064 0.511954 -2.25552
      vertex -2.17866 0.583771 -1.97804
      vertex -2.08383 0.86315 -1.97804
    endloop
  endfacet
  facet normal -0.694268 0.138105 -0.706342
    outer loop
      vertex -1.91064 0.511954 -2.25552
      vertex -1.96112 0.258186 -2.25552
      vertex -2.17866 0.583771 -1.97804
    endloop
  endfacet
  facet normal -0.69427 0.138102 -0.706341
    outer loop
      vertex -1.96112 0.258186 -2.25552
      vertex -2.23622 0.294404 -1.97804
      vertex -2.17866 0.583771 -1.97804
    endloop
  endfacet
  facet normal -0.706357 0.0462905 -0.706341
    outer loop
      vertex -1.96112 0.258186 -2.25552
      vertex -1.97804 -0 -2.25552
      vertex -2.23622 0.294404 -1.97804
    endloop
  endfacet
  facet normal -0.706348 0.0463055 -0.706348
    outer loop
      vertex -1.97804 -0 -2.25552
      vertex -2.25552 -0 -1.97804
      vertex -2.23622 0.294404 -1.97804
    endloop
  endfacet
  facet normal -0.706349 -0.04629 -0.706349
    outer loop
      vertex -1.97804 -0 -2.25552
      vertex -1.96112 -0.258186 -2.25552
      vertex -2.25552 -0 -1.97804
    endloop
  endfacet
  facet normal -0.706356 -0.046306 -0.706341
    outer loop
      vertex -1.96112 -0.258186 -2.25552
      vertex -2.23622 -0.294404 -1.97804
      vertex -2.25552 -0 -1.97804
    endloop
  endfacet
  facet normal -0.694269 -0.138105 -0.706341
    outer loop
      vertex -1.96112 -0.258186 -2.25552
      vertex -1.91064 -0.511954 -2.25552
      vertex -2.23622 -0.294404 -1.97804
    endloop
  endfacet
  facet normal -0.694268 -0.138102 -0.706342
    outer loop
      vertex -1.91064 -0.511954 -2.25552
      vertex -2.17866 -0.583771 -1.97804
      vertex -2.23622 -0.294404 -1.97804
    endloop
  endfacet
  facet normal -0.670303 -0.22754 -0.706342
    outer loop
      vertex -1.91064 -0.511954 -2.25552
      vertex -1.82747 -0.756962 -2.25552
      vertex -2.17866 -0.583771 -1.97804
    endloop
  endfacet
  facet normal -0.6703 -0.227521 -0.706351
    outer loop
      vertex -1.82747 -0.756962 -2.25552
      vertex -2.08383 -0.86315 -1.97804
      vertex -2.17866 -0.583771 -1.97804
    endloop
  endfacet
  facet normal -0.634859 -0.313084 -0.706351
    outer loop
      vertex -1.82747 -0.756962 -2.25552
      vertex -1.71303 -0.989019 -2.25552
      vertex -2.08383 -0.86315 -1.97804
    endloop
  endfacet
  facet normal -0.634859 -0.313075 -0.706355
    outer loop
      vertex -1.71303 -0.989019 -2.25552
      vertex -1.95334 -1.12776 -1.97804
      vertex -2.08383 -0.86315 -1.97804
    endloop
  endfacet
  facet normal -0.588557 -0.393273 -0.706355
    outer loop
      vertex -1.71303 -0.989019 -2.25552
      vertex -1.56928 -1.20415 -2.25552
      vertex -1.95334 -1.12776 -1.97804
    endloop
  endfacet
  facet normal -0.588556 -0.393282 -0.70635
    outer loop
      vertex -1.56928 -1.20415 -2.25552
      vertex -1.78942 -1.37307 -1.97804
      vertex -1.95334 -1.12776 -1.97804
    endloop
  endfacet
  facet normal -0.532197 -0.466729 -0.70635
    outer loop
      vertex -1.56928 -1.20415 -2.25552
      vertex -1.39868 -1.39868 -2.25552
      vertex -1.78942 -1.37307 -1.97804
    endloop
  endfacet
  facet normal -0.532199 -0.466724 -0.706352
    outer loop
      vertex -1.39868 -1.39868 -2.25552
      vertex -1.59489 -1.59489 -1.97804
      vertex -1.78942 -1.37307 -1.97804
    endloop
  endfacet
  facet normal -0.466728 -0.532195 -0.706352
    outer loop
      vertex -1.39868 -1.39868 -2.25552
      vertex -1.20415 -1.56928 -2.25552
      vertex -1.59489 -1.59489 -1.97804
    endloop
  endfacet
  facet normal -0.466725 -0.532201 -0.70635
    outer loop
      vertex -1.20415 -1.56928 -2.25552
      vertex -1.37307 -1.78942 -1.97804
      vertex -1.59489 -1.59489 -1.97804
    endloop
  endfacet
  facet normal -0.393275 -0.588561 -0.70635
    outer loop
      vertex -1.20415 -1.56928 -2.25552
      vertex -0.989019 -1.71303 -2.25552
      vertex -1.37307 -1.78942 -1.97804
    endloop
  endfacet
  facet normal -0.39328 -0.588553 -0.706354
    outer loop
      vertex -0.989019 -1.71303 -2.25552
      vertex -1.12776 -1.95334 -1.97804
      vertex -1.37307 -1.78942 -1.97804
    endloop
  endfacet
  facet normal -0.313082 -0.634856 -0.706355
    outer loop
      vertex -0.989019 -1.71303 -2.25552
      vertex -0.756962 -1.82747 -2.25552
      vertex -1.12776 -1.95334 -1.97804
    endloop
  endfacet
  facet normal -0.313077 -0.634863 -0.706351
    outer loop
      vertex -0.756962 -1.82747 -2.25552
      vertex -0.86315 -2.08383 -1.97804
      vertex -1.12776 -1.95334 -1.97804
    endloop
  endfacet
  facet normal -0.227537 -0.670294 -0.706351
    outer loop
      vertex -0.756962 -1.82747 -2.25552
      vertex -0.511954 -1.91064 -2.25552
      vertex -0.86315 -2.08383 -1.97804
    endloop
  endfacet
  facet normal -0.227524 -0.670308 -0.706343
    outer loop
      vertex -0.511954 -1.91064 -2.25552
      vertex -0.583771 -2.17866 -1.97804
      vertex -0.86315 -2.08383 -1.97804
    endloop
  endfacet
  facet normal -0.138105 -0.694268 -0.706342
    outer loop
      vertex -0.511954 -1.91064 -2.25552
      vertex -0.258186 -1.96112 -2.25552
      vertex -0.583771 -2.17866 -1.97804
    endloop
  endfacet
  facet normal -0.138102 -0.69427 -0.706341
    outer loop
      vertex -0.258186 -1.96112 -2.25552
      vertex -0.294404 -2.23622 -1.97804
      vertex -0.583771 -2.17866 -1.97804
    endloop
  endfacet
  facet normal -0.0462905 -0.706357 -0.706341
    outer loop
      vertex -0.258186 -1.96112 -2.25552
      vertex -0 -1.97804 -2.25552
      vertex -0.294404 -2.23622 -1.97804
    endloop
  endfacet
  facet normal -0.0463055 -0.706348 -0.706348
    outer loop
      vertex -0 -1.97804 -2.25552
      vertex -0 -2.25552 -1.97804
      vertex -0.294404 -2.23622 -1.97804
    endloop
  endfacet
  facet normal 0.04629 -0.706349 -0.706349
    outer loop
      vertex -0 -1.97804 -2.25552
      vertex 0.258186 -1.96112 -2.25552
      vertex -0 -2.25552 -1.97804
    endloop
  endfacet
  facet normal 0.046306 -0.706356 -0.706341
    outer loop
      vertex 0.258186 -1.96112 -2.25552
      vertex 0.294404 -2.23622 -1.97804
      vertex -0 -2.25552 -1.97804
    endloop
  endfacet
  facet normal 0.138105 -0.694269 -0.706341
    outer loop
      vertex 0.258186 -1.96112 -2.25552
      vertex 0.511954 -1.91064 -2.25552
      vertex 0.294404 -2.23622 -1.97804
    endloop
  endfacet
  facet normal 0.138102 -0.694268 -0.706342
    outer loop
      vertex 0.511954 -1.91064 -2.25552
      vertex 0.583771 -2.17866 -1.97804
      vertex 0.294404 -2.23622 -1.97804
    endloop
  endfacet
  facet normal 0.22754 -0.670303 -0.706342
    outer loop
      vertex 0.511954 -1.91064 -2.25552
      vertex 0.756962 -1.82747 -2.25552
      vertex 0.583771 -2.17866 -1.97804
    endloop
  endfacet
  facet normal 0.227521 -0.6703 -0.706351
    outer loop
      vertex 0.756962 -1.82747 -2.25552
      vertex 0.86315 -2.08383 -1.97804
      vertex 0.583771 -2.17866 -1.97804
    endloop
  endfacet
  facet normal 0.313084 -0.634859 -0.706351
    outer loop
      vertex 0.756962 -1.82747 -2.25552
      vertex 0.989019 -1.71303 -2.25552
      vertex 0.86315 -2.08383 -1.97804
    endloop
  endfacet
  facet normal 0.313075 -0.634859 -0.706355
    outer loop
      vertex 0.989019 -1.71303 -2.25552
      vertex 1.12776 -1.95334 -1.97804
      vertex 0.86315 -2.08383 -1.97804
    endloop
  endfacet
  facet normal 0.393273 -0.588557 -0.706355
    outer loop
      vertex 0.989019 -1.71303 -2.25552
      vertex 1.20415 -1.56928 -2.25552
      vertex 1.12776 -1.95334 -1.97804
    endloop
  endfacet
  facet normal 0.393282 -0.588556 -0.70635
    outer loop
      vertex 1.20415 -1.56928 -2.25552
      vertex 1.37307 -1.78942 -1.97804
      vertex 1.12776 -1.95334 -1.97804
    endloop
  endfacet
  facet normal 0.466729 -0.532197 -0.70635
    outer loop
      vertex 1.20415 -1.56928 -2.25552
      vertex 1.39868 -1.39868 -2.25552
      vertex 1.37307 -1.78942 -1.97804
    endloop
  endfacet
  facet normal 0.466724 -0.532199 -0.706352
    outer loop
      vertex 1.39868 -1.39868 -2.25552
      vertex 1.59489 -1.59489 -1.97804
      vertex 1.37307 -1.78942 -1.97804
    endloop
  endfacet
  facet normal 0.532195 -0.466728 -0.706352
    outer loop
      vertex 1.39868 -1.39868 -2.25552
      vertex 1.56928 -1.20415 -2.25552
      vertex 1.59489 -1.59489 -1.97804
    endloop
  endfacet
  facet normal 0.532201 -0.466725 -0.70635
    outer loop
      vertex 1.56928 -1.20415 -2.25552
      vertex 1.78942 -1.37307 -1.97804
      vertex 1.59489 -1.59489 -1.97804
    endloop
  endfacet
  facet normal 0.588561 -0.393275 -0.70635
    outer loop
      vertex 1.56928 -1.20415 -2.25552
      vertex 1.71303 -0.989019 -2.25552
      vertex 1.78942 -1.37307 -1.97804
    endloop
  endfacet
  facet normal 0.588553 -0.39328 -0.706354
    outer loop
      vertex 1.71303 -0.989019 -2.25552
      vertex 1.95334 -1.12776 -1.97804
      vertex 1.78942 -1.37307 -1.97804
    endloop
  endfacet
  facet normal 0.634856 -0.313082 -0.706355
    outer loop
      vertex 1.71303 -0.989019 -2.25552
      vertex 1.82747 -0.756962 -2.25552
      vertex 1.95334 -1.12776 -1.97804
    endloop
  endfacet
  facet normal 0.634863 -0.313077 -0.706351
    outer loop
      vertex 1.82747 -0.756962 -2.25552
      vertex 2.08383 -0.86315 -1.97804
      vertex 1.95334 -1.12776 -1.97804
    endloop
  endfacet
  facet normal 0.670294 -0.227537 -0.706351
    outer loop
      vertex 1.82747 -0.756962 -2.25552
      vertex 1.91064 -0.511954 -2.25552
      vertex 2.08383 -0.86315 -1.97804
    endloop
  endfacet
  facet normal 0.670308 -0.227524 -0.706343
    outer loop
      vertex 1.91064 -0.511954 -2.25552
      vertex 2.17866 -0.583771 -1.97804
      vertex 2.08383 -0.86315 -1.97804
    endloop
  endfacet
  facet normal 0.694268 -0.138105 -0.706342
    outer loop
      vertex 1.91064 -0.511954 -2.25552
      vertex 1.96112 -0.258186 -2.25552
      vertex 2.17866 -0.583771 -1.97804
    endloop
  endfacet
  facet normal 0.69427 -0.138102 -0.706341
    outer loop
      vertex 1.96112 -0.258186 -2.25552
      vertex 2.23622 -0.294404 -1.97804
      vertex 2.17866 -0.583771 -1.97804
    endloop
  endfacet
  facet normal 0.706357 -0.0462905 -0.706341
    outer loop
      vertex 1.96112 -0.258186 -2.25552
      vertex 1.97804 0 -2.25552
      vertex 2.23622 -0.294404 -1.97804
    endloop
  endfacet
  facet normal 0.706348 -0.0463055 -0.706348
    outer loop
      vertex 1.97804 0 -2.25552
      vertex 2.25552 0 -1.97804
      vertex 2.23622 -0.294404 -1.97804
    endloop
  endfacet
  facet normal 0.608274 0.0398714 -0.792725
    outer loop
      vertex 1.66671 0 -2.49441
      vertex 1.65245 0.217549 -2.49441
      vertex 1.97804 0 -2.25552
    endloop
  endfacet
  facet normal 0.608271 0.0398625 -0.792728
    outer loop
      vertex 1.65245 0.217549 -2.49441
      vertex 1.96112 0.258186 -2.25552
      vertex 1.97804 0 -2.25552
    endloop
  endfacet
  facet normal 0.597864 0.118915 -0.792728
    outer loop
      vertex 1.65245 0.217549 -2.49441
      vertex 1.60992 0.431376 -2.49441
      vertex 1.96112 0.258186 -2.25552
    endloop
  endfacet
  facet normal 0.597867 0.118929 -0.792724
    outer loop
      vertex 1.60992 0.431376 -2.49441
      vertex 1.91064 0.511954 -2.25552
      vertex 1.96112 0.258186 -2.25552
    endloop
  endfacet
  facet normal 0.577231 0.195945 -0.792723
    outer loop
      vertex 1.60992 0.431376 -2.49441
      vertex 1.53984 0.637823 -2.49441
      vertex 1.91064 0.511954 -2.25552
    endloop
  endfacet
  facet normal 0.577231 0.195946 -0.792723
    outer loop
      vertex 1.53984 0.637823 -2.49441
      vertex 1.82747 0.756962 -2.25552
      vertex 1.91064 0.511954 -2.25552
    endloop
  endfacet
  facet normal 0.546713 0.269621 -0.792723
    outer loop
      vertex 1.53984 0.637823 -2.49441
      vertex 1.44341 0.833355 -2.49441
      vertex 1.82747 0.756962 -2.25552
    endloop
  endfacet
  facet normal 0.546713 0.269614 -0.792725
    outer loop
      vertex 1.44341 0.833355 -2.49441
      vertex 1.71303 0.989019 -2.25552
      vertex 1.82747 0.756962 -2.25552
    endloop
  endfacet
  facet normal 0.506852 0.338656 -0.792725
    outer loop
      vertex 1.44341 0.833355 -2.49441
      vertex 1.32229 1.01463 -2.49441
      vertex 1.71303 0.989019 -2.25552
    endloop
  endfacet
  facet normal 0.506849 0.338676 -0.792718
    outer loop
      vertex 1.32229 1.01463 -2.49441
      vertex 1.56928 1.20415 -2.25552
      vertex 1.71303 0.989019 -2.25552
    endloop
  endfacet
  facet normal 0.458307 0.401937 -0.792718
    outer loop
      vertex 1.32229 1.01463 -2.49441
      vertex 1.17854 1.17854 -2.49441
      vertex 1.56928 1.20415 -2.25552
    endloop
  endfacet
  facet normal 0.458309 0.40193 -0.79272
    outer loop
      vertex 1.17854 1.17854 -2.49441
      vertex 1.39868 1.39868 -2.25552
      vertex 1.56928 1.20415 -2.25552
    endloop
  endfacet
  facet normal 0.401935 0.458304 -0.79272
    outer loop
      vertex 1.17854 1.17854 -2.49441
      vertex 1.01463 1.32229 -2.49441
      vertex 1.39868 1.39868 -2.25552
    endloop
  endfacet
  facet normal 0.401932 0.458311 -0.792718
    outer loop
      vertex 1.01463 1.32229 -2.49441
      vertex 1.20415 1.56928 -2.25552
      vertex 1.39868 1.39868 -2.25552
    endloop
  endfacet
  facet normal 0.338661 0.50686 -0.792718
    outer loop
      vertex 1.01463 1.32229 -2.49441
      vertex 0.833355 1.44341 -2.49441
      vertex 1.20415 1.56928 -2.25552
    endloop
  endfacet
  facet normal 0.338671 0.506843 -0.792724
    outer loop
      vertex 0.833355 1.44341 -2.49441
      vertex 0.989019 1.71303 -2.25552
      vertex 1.20415 1.56928 -2.25552
    endloop
  endfacet
  facet normal 0.26962 0.54671 -0.792725
    outer loop
      vertex 0.833355 1.44341 -2.49441
      vertex 0.637823 1.53984 -2.49441
      vertex 0.989019 1.71303 -2.25552
    endloop
  endfacet
  facet normal 0.269615 0.546716 -0.792723
    outer loop
      vertex 0.637823 1.53984 -2.49441
      vertex 0.756962 1.82747 -2.25552
      vertex 0.989019 1.71303 -2.25552
    endloop
  endfacet
  facet normal 0.195945 0.577231 -0.792723
    outer loop
      vertex 0.637823 1.53984 -2.49441
      vertex 0.431376 1.60992 -2.49441
      vertex 0.756962 1.82747 -2.25552
    endloop
  endfacet
  facet normal 0.195946 0.577231 -0.792723
    outer loop
      vertex 0.431376 1.60992 -2.49441
      vertex 0.511954 1.91064 -2.25552
      vertex 0.756962 1.82747 -2.25552
    endloop
  endfacet
  facet normal 0.118916 0.59787 -0.792723
    outer loop
      vertex 0.431376 1.60992 -2.49441
      vertex 0.217549 1.65245 -2.49441
      vertex 0.511954 1.91064 -2.25552
    endloop
  endfacet
  facet normal 0.118928 0.597862 -0.792728
    outer loop
      vertex 0.217549 1.65245 -2.49441
      vertex 0.258186 1.96112 -2.25552
      vertex 0.511954 1.91064 -2.25552
    endloop
  endfacet
  facet normal 0.0398711 0.60827 -0.792728
    outer loop
      vertex 0.217549 1.65245 -2.49441
      vertex 0 1.66671 -2.49441
      vertex 0.258186 1.96112 -2.25552
    endloop
  endfacet
  facet normal 0.0398628 0.608275 -0.792725
    outer loop
      vertex 0 1.66671 -2.49441
      vertex 0 1.97804 -2.25552
      vertex 0.258186 1.96112 -2.25552
    endloop
  endfacet
  facet normal -0.0398714 0.608274 -0.792725
    outer loop
      vertex 0 1.66671 -2.49441
      vertex -0.217549 1.65245 -2.49441
      vertex 0 1.97804 -2.25552
    endloop
  endfacet
  facet normal -0.0398625 0.608271 -0.792728
    outer loop
      vertex -0.217549 1.65245 -2.49441
      vertex -0.258186 1.96112 -2.25552
      vertex 0 1.97804 -2.25552
    endloop
  endfacet
  facet normal -0.118915 0.597864 -0.792728
    outer loop
      vertex -0.217549 1.65245 -2.49441
      vertex -0.431376 1.60992 -2.49441
      vertex -0.258186 1.96112 -2.25552
    endloop
  endfacet
  facet normal -0.118929 0.597867 -0.792724
    outer loop
      vertex -0.431376 1.60992 -2.49441
      vertex -0.511954 1.91064 -2.25552
      vertex -0.258186 1.96112 -2.25552
    endloop
  endfacet
  facet normal -0.195945 0.577231 -0.792723
    outer loop
      vertex -0.431376 1.60992 -2.49441
      vertex -0.637823 1.53984 -2.49441
      vertex -0.511954 1.91064 -2.25552
    endloop
  endfacet
  facet normal -0.195946 0.577231 -0.792723
    outer loop
      vertex -0.637823 1.53984 -2.49441
      vertex -0.756962 1.82747 -2.25552
      vertex -0.511954 1.91064 -2.25552
    endloop
  endfacet
  facet normal -0.269621 0.546713 -0.792723
    outer loop
      vertex -0.637823 1.53984 -2.49441
      vertex -0.833355 1.44341 -2.49441
      vertex -0.756962 1.82747 -2.25552
    endloop
  endfacet
  facet normal -0.269614 0.546713 -0.792725
    outer loop
      vertex -0.833355 1.44341 -2.49441
      vertex -0.989019 1.71303 -2.25552
      vertex -0.756962 1.82747 -2.25552
    endloop
  endfacet
  facet normal -0.338656 0.506852 -0.792725
    outer loop
      vertex -0.833355 1.44341 -2.49441
      vertex -1.01463 1.32229 -2.49441
      vertex -0.989019 1.71303 -2.25552
    endloop
  endfacet
  facet normal -0.338676 0.506849 -0.792718
    outer loop
      vertex -1.01463 1.32229 -2.49441
      vertex -1.20415 1.56928 -2.25552
      vertex -0.989019 1.71303 -2.25552
    endloop
  endfacet
  facet normal -0.401937 0.458307 -0.792718
    outer loop
      vertex -1.01463 1.32229 -2.49441
      vertex -1.17854 1.17854 -2.49441
      vertex -1.20415 1.56928 -2.25552
    endloop
  endfacet
  facet normal -0.40193 0.458309 -0.79272
    outer loop
      vertex -1.17854 1.17854 -2.49441
      vertex -1.39868 1.39868 -2.25552
      vertex -1.20415 1.56928 -2.25552
    endloop
  endfacet
  facet normal -0.458304 0.401935 -0.79272
    outer loop
      vertex -1.17854 1.17854 -2.49441
      vertex -1.32229 1.01463 -2.49441
      vertex -1.39868 1.39868 -2.25552
    endloop
  endfacet
  facet normal -0.458311 0.401932 -0.792718
    outer loop
      vertex -1.32229 1.01463 -2.49441
      vertex -1.56928 1.20415 -2.25552
      vertex -1.39868 1.39868 -2.25552
    endloop
  endfacet
  facet normal -0.50686 0.338661 -0.792718
    outer loop
      vertex -1.32229 1.01463 -2.49441
      vertex -1.44341 0.833355 -2.49441
      vertex -1.56928 1.20415 -2.25552
    endloop
  endfacet
  facet normal -0.506843 0.338671 -0.792724
    outer loop
      vertex -1.44341 0.833355 -2.49441
      vertex -1.71303 0.989019 -2.25552
      vertex -1.56928 1.20415 -2.25552
    endloop
  endfacet
  facet normal -0.54671 0.26962 -0.792725
    outer loop
      vertex -1.44341 0.833355 -2.49441
      vertex -1.53984 0.637823 -2.49441
      vertex -1.71303 0.989019 -2.25552
    endloop
  endfacet
  facet normal -0.546716 0.269615 -0.792723
    outer loop
      vertex -1.53984 0.637823 -2.49441
      vertex -1.82747 0.756962 -2.25552
      vertex -1.71303 0.989019 -2.25552
    endloop
  endfacet
  facet normal -0.577231 0.195945 -0.792723
    outer loop
      vertex -1.53984 0.637823 -2.49441
      vertex -1.60992 0.431376 -2.49441
      vertex -1.82747 0.756962 -2.25552
    endloop
  endfacet
  facet normal -0.577231 0.195946 -0.792723
    outer loop
      vertex -1.60992 0.431376 -2.49441
      vertex -1.91064 0.511954 -2.25552
      vertex -1.82747 0.756962 -2.25552
    endloop
  endfacet
  facet normal -0.59787 0.118916 -0.792723
    outer loop
      vertex -1.60992 0.431376 -2.49441
      vertex -1.65245 0.217549 -2.49441
      vertex -1.91064 0.511954 -2.25552
    endloop
  endfacet
  facet normal -0.597862 0.118928 -0.792728
    outer loop
      vertex -1.65245 0.217549 -2.49441
      vertex -1.96112 0.258186 -2.25552
      vertex -1.91064 0.511954 -2.25552
    endloop
  endfacet
  facet normal -0.60827 0.0398711 -0.792728
    outer loop
      vertex -1.65245 0.217549 -2.49441
      vertex -1.66671 -0 -2.49441
      vertex -1.96112 0.258186 -2.25552
    endloop
  endfacet
  facet normal -0.608275 0.0398628 -0.792725
    outer loop
      vertex -1.66671 -0 -2.49441
      vertex -1.97804 -0 -2.25552
      vertex -1.96112 0.258186 -2.25552
    endloop
  endfacet
  facet normal -0.608274 -0.0398714 -0.792725
    outer loop
      vertex -1.66671 -0 -2.49441
      vertex -1.65245 -0.217549 -2.49441
      vertex -1.97804 -0 -2.25552
    endloop
  endfacet
  facet normal -0.608271 -0.0398625 -0.792728
    outer loop
      vertex -1.65245 -0.217549 -2.49441
      vertex -1.96112 -0.258186 -2.25552
      vertex -1.97804 -0 -2.25552
    endloop
  endfacet
  facet normal -0.597864 -0.118915 -0.792728
    outer loop
      vertex -1.65245 -0.217549 -2.49441
      vertex -1.60992 -0.431376 -2.49441
      vertex -1.96112 -0.258186 -2.25552
    endloop
  endfacet
  facet normal -0.597867 -0.118929 -0.792724
    outer loop
      vertex -1.60992 -0.431376 -2.49441
      vertex -1.91064 -0.511954 -2.25552
      vertex -1.96112 -0.258186 -2.25552
    endloop
  endfacet
  facet normal -0.577231 -0.195945 -0.792723
    outer loop
      vertex -1.60992 -0.431376 -2.49441
      vertex -1.53984 -0.637823 -2.49441
      vertex -1.91064 -0.511954 -2.25552
    endloop
  endfacet
  facet normal -0.577231 -0.195946 -0.792723
    outer loop
      vertex -1.53984 -0.637823 -2.49441
      vertex -1.82747 -0.756962 -2.25552
      vertex -1.91064 -0.511954 -2.25552
    endloop
  endfacet
  facet normal -0.546713 -0.269621 -0.792723
    outer loop
      vertex -1.53984 -0.637823 -2.49441
      vertex -1.44341 -0.833355 -2.49441
      vertex -1.82747 -0.756962 -2.25552
    endloop
  endfacet
  facet normal -0.546713 -0.269614 -0.792725
    outer loop
      vertex -1.44341 -0.833355 -2.49441
      vertex -1.71303 -0.989019 -2.25552
      vertex -1.82747 -0.756962 -2.25552
    endloop
  endfacet
  facet normal -0.506852 -0.338656 -0.792725
    outer loop
      vertex -1.44341 -0.833355 -2.49441
      vertex -1.32229 -1.01463 -2.49441
      vertex -1.71303 -0.989019 -2.25552
    endloop
  endfacet
  facet normal -0.506849 -0.338676 -0.792718
    outer loop
      vertex -1.32229 -1.01463 -2.49441
      vertex -1.56928 -1.20415 -2.25552
      vertex -1.71303 -0.989019 -2.25552
    endloop
  endfacet
  facet normal -0.458307 -0.401937 -0.792718
    outer loop
      vertex -1.32229 -1.01463 -2.49441
      vertex -1.17854 -1.17854 -2.49441
      vertex -1.56928 -1.20415 -2.25552
    endloop
  endfacet
  facet normal -0.458309 -0.40193 -0.79272
    outer loop
      vertex -1.17854 -1.17854 -2.49441
      vertex -1.39868 -1.39868 -2.25552
      vertex -1.56928 -1.20415 -2.25552
    endloop
  endfacet
  facet normal -0.401935 -0.458304 -0.79272
    outer loop
      vertex -1.17854 -1.17854 -2.49441
      vertex -1.01463 -1.32229 -2.49441
      vertex -1.39868 -1.39868 -2.25552
    endloop
  endfacet
  facet normal -0.401932 -0.458311 -0.792718
    outer loop
      vertex -1.01463 -1.32229 -2.49441
      vertex -1.20415 -1.56928 -2.25552
      vertex -1.39868 -1.39868 -2.25552
    endloop
  endfacet
  facet normal -0.338661 -0.50686 -0.792718
    outer loop
      vertex -1.01463 -1.32229 -2.49441
      vertex -0.833355 -1.44341 -2.49441
      vertex -1.20415 -1.56928 -2.25552
    endloop
  endfacet
  facet normal -0.338671 -0.506843 -0.792724
    outer loop
      vertex -0.833355 -1.44341 -2.49441
      vertex -0.989019 -1.71303 -2.25552
      vertex -1.20415 -1.56928 -2.25552
    endloop
  endfacet
  facet normal -0.26962 -0.54671 -0.792725
    outer loop
      vertex -0.833355 -1.44341 -2.49441
      vertex -0.637823 -1.53984 -2.49441
      vertex -0.989019 -1.71303 -2.25552
    endloop
  endfacet
  facet normal -0.269615 -0.546716 -0.792723
    outer loop
      vertex -0.637823 -1.53984 -2.49441
      vertex -0.756962 -1.82747 -2.25552
      vertex -0.989019 -1.71303 -2.25552
    endloop
  endfacet
  facet normal -0.195945 -0.577231 -0.792723
    outer loop
      vertex -0.637823 -1.53984 -2.49441
      vertex -0.431376 -1.60992 -2.49441
      vertex -0.756962 -1.82747 -2.25552
    endloop
  endfacet
  facet normal -0.195946 -0.577231 -0.792723
    outer loop
      vertex -0.431376 -1.60992 -2.49441
      vertex -0.511954 -1.91064 -2.25552
      vertex -0.756962 -1.82747 -2.25552
    endloop
  endfacet
  facet normal -0.118916 -0.59787 -0.792723
    outer loop
      vertex -0.431376 -1.60992 -2.49441
      vertex -0.217549 -1.65245 -2.49441
      vertex -0.511954 -1.91064 -2.25552
    endloop
  endfacet
  facet normal -0.118928 -0.597862 -0.792728
    outer loop
      vertex -0.217549 -1.65245 -2.49441
      vertex -0.258186 -1.96112 -2.25552
      vertex -0.511954 -1.91064 -2.25552
    endloop
  endfacet
  facet normal -0.0398711 -0.60827 -0.792728
    outer loop
      vertex -0.217549 -1.65245 -2.49441
      vertex -0 -1.66671 -2.49441
      vertex -0.258186 -1.96112 -2.25552
    endloop
  endfacet
  facet normal -0.0398628 -0.608275 -0.792725
    outer loop
      vertex -0 -1.66671 -2.49441
      vertex -0 -1.97804 -2.25552
      vertex -0.258186 -1.96112 -2.25552
    endloop
  endfacet
  facet normal 0.0398714 -0.608274 -0.792725
    outer loop
      vertex -0 -1.66671 -2.49441
      vertex 0.217549 -1.65245 -2.49441
      vertex -0 -1.97804 -2.25552
    endloop
  endfacet
  facet normal 0.0398625 -0.608271 -0.792728
    outer loop
      vertex 0.217549 -1.65245 -2.49441
      vertex 0.258186 -1.96112 -2.25552
      vertex -0 -1.97804 -2.25552
    endloop
  endfacet
  facet normal 0.118915 -0.597864 -0.792728
    outer loop
      vertex 0.217549 -1.65245 -2.49441
      vertex 0.431376 -1.60992 -2.49441
      vertex 0.258186 -1.96112 -2.25552
    endloop
  endfacet
  facet normal 0.118929 -0.597867 -0.792724
    outer loop
      vertex 0.431376 -1.60992 -2.49441
      vertex 0.511954 -1.91064 -2.25552
      vertex 0.258186 -1.96112 -2.25552
    endloop
  endfacet
  facet normal 0.195945 -0.577231 -0.792723
    outer loop
      vertex 0.431376 -1.60992 -2.49441
      vertex 0.637823 -1.53984 -2.49441
      vertex 0.511954 -1.91064 -2.25552
    endloop
  endfacet
  facet normal 0.195946 -0.577231 -0.792723
    outer loop
      vertex 0.637823 -1.53984 -2.49441
      vertex 0.756962 -1.82747 -2.25552
      vertex 0.511954 -1.91064 -2.25552
    endloop
  endfacet
  facet normal 0.269621 -0.546713 -0.792723
    outer loop
      vertex 0.637823 -1.53984 -2.49441
      vertex 0.833355 -1.44341 -2.49441
      vertex 0.756962 -1.82747 -2.25552
    endloop
  endfacet
  facet normal 0.269614 -0.546713 -0.792725
    outer loop
      vertex 0.833355 -1.44341 -2.49441
      vertex 0.989019 -1.71303 -2.25552
      vertex 0.756962 -1.82747 -2.25552
    endloop
  endfacet
  facet normal 0.338656 -0.506852 -0.792725
    outer loop
      vertex 0.833355 -1.44341 -2.49441
      vertex 1.01463 -1.32229 -2.49441
      vertex 0.989019 -1.71303 -2.25552
    endloop
  endfacet
  facet normal 0.338676 -0.506849 -0.792718
    outer loop
      vertex 1.01463 -1.32229 -2.49441
      vertex 1.20415 -1.56928 -2.25552
      vertex 0.989019 -1.71303 -2.25552
    endloop
  endfacet
  facet normal 0.401937 -0.458307 -0.792718
    outer loop
      vertex 1.01463 -1.32229 -2.49441
      vertex 1.17854 -1.17854 -2.49441
      vertex 1.20415 -1.56928 -2.25552
    endloop
  endfacet
  facet normal 0.40193 -0.458309 -0.79272
    outer loop
      vertex 1.17854 -1.17854 -2.49441
      vertex 1.39868 -1.39868 -2.25552
      vertex 1.20415 -1.56928 -2.25552
    endloop
  endfacet
  facet normal 0.458304 -0.401935 -0.79272
    outer loop
      vertex 1.17854 -1.17854 -2.49441
      vertex 1.32229 -1.01463 -2.49441
      vertex 1.39868 -1.39868 -2.25552
    endloop
  endfacet
  facet normal 0.458311 -0.401932 -0.792718
    outer loop
      vertex 1.32229 -1.01463 -2.49441
      vertex 1.56928 -1.20415 -2.25552
      vertex 1.39868 -1.39868 -2.25552
    endloop
  endfacet
  facet normal 0.50686 -0.338661 -0.792718
    outer loop
      vertex 1.32229 -1.01463 -2.49441
      vertex 1.44341 -0.833355 -2.49441
      vertex 1.56928 -1.20415 -2.25552
    endloop
  endfacet
  facet normal 0.506843 -0.338671 -0.792724
    outer loop
      vertex 1.44341 -0.833355 -2.49441
      vertex 1.71303 -0.989019 -2.25552
      vertex 1.56928 -1.20415 -2.25552
    endloop
  endfacet
  facet normal 0.54671 -0.26962 -0.792725
    outer loop
      vertex 1.44341 -0.833355 -2.49441
      vertex 1.53984 -0.637823 -2.49441
      vertex 1.71303 -0.989019 -2.25552
    endloop
  endfacet
  facet normal 0.546716 -0.269615 -0.792723
    outer loop
      vertex 1.53984 -0.637823 -2.49441
      vertex 1.82747 -0.756962 -2.25552
      vertex 1.71303 -0.989019 -2.25552
    endloop
  endfacet
  facet normal 0.577231 -0.195945 -0.792723
    outer loop
      vertex 1.53984 -0.637823 -2.49441
      vertex 1.60992 -0.431376 -2.49441
      vertex 1.82747 -0.756962 -2.25552
    endloop
  endfacet
  facet normal 0.577231 -0.195946 -0.792723
    outer loop
      vertex 1.60992 -0.431376 -2.49441
      vertex 1.91064 -0.511954 -2.25552
      vertex 1.82747 -0.756962 -2.25552
    endloop
  endfacet
  facet normal 0.59787 -0.118916 -0.792723
    outer loop
      vertex 1.60992 -0.431376 -2.49441
      vertex 1.65245 -0.217549 -2.49441
      vertex 1.91064 -0.511954 -2.25552
    endloop
  endfacet
  facet normal 0.597862 -0.118928 -0.792728
    outer loop
      vertex 1.65245 -0.217549 -2.49441
      vertex 1.96112 -0.258186 -2.25552
      vertex 1.91064 -0.511954 -2.25552
    endloop
  endfacet
  facet normal 0.60827 -0.0398711 -0.792728
    outer loop
      vertex 1.65245 -0.217549 -2.49441
      vertex 1.66671 0 -2.49441
      vertex 1.96112 -0.258186 -2.25552
    endloop
  endfacet
  facet normal 0.608275 -0.0398628 -0.792725
    outer loop
      vertex 1.66671 0 -2.49441
      vertex 1.97804 0 -2.25552
      vertex 1.96112 -0.258186 -2.25552
    endloop
  endfacet
  facet normal 0.499738 0.0327789 -0.865556
    outer loop
      vertex 1.32687 0 -2.69062
      vertex 1.31551 0.173191 -2.69062
      vertex 1.66671 0 -2.49441
    endloop
  endfacet
  facet normal 0.49973 0.0327565 -0.865562
    outer loop
      vertex 1.31551 0.173191 -2.69062
      vertex 1.65245 0.217549 -2.49441
      vertex 1.66671 0 -2.49441
    endloop
  endfacet
  facet normal 0.49118 0.097701 -0.865562
    outer loop
      vertex 1.31551 0.173191 -2.69062
      vertex 1.28165 0.343418 -2.69062
      vertex 1.65245 0.217549 -2.49441
    endloop
  endfacet
  facet normal 0.491178 0.0976949 -0.865563
    outer loop
      vertex 1.28165 0.343418 -2.69062
      vertex 1.60992 0.431376 -2.49441
      vertex 1.65245 0.217549 -2.49441
    endloop
  endfacet
  facet normal 0.474222 0.160977 -0.865563
    outer loop
      vertex 1.28165 0.343418 -2.69062
      vertex 1.22586 0.50777 -2.69062
      vertex 1.60992 0.431376 -2.49441
    endloop
  endfacet
  facet normal 0.474222 0.160978 -0.865563
    outer loop
      vertex 1.22586 0.50777 -2.69062
      vertex 1.53984 0.637823 -2.49441
      vertex 1.60992 0.431376 -2.49441
    endloop
  endfacet
  facet normal 0.449159 0.221488 -0.865563
    outer loop
      vertex 1.22586 0.50777 -2.69062
      vertex 1.1491 0.663433 -2.69062
      vertex 1.53984 0.637823 -2.49441
    endloop
  endfacet
  facet normal 0.449158 0.22151 -0.865558
    outer loop
      vertex 1.1491 0.663433 -2.69062
      vertex 1.44341 0.833355 -2.49441
      vertex 1.53984 0.637823 -2.49441
    endloop
  endfacet
  facet normal 0.416403 0.278242 -0.865558
    outer loop
      vertex 1.1491 0.663433 -2.69062
      vertex 1.05267 0.807745 -2.69062
      vertex 1.44341 0.833355 -2.49441
    endloop
  endfacet
  facet normal 0.416406 0.278224 -0.865562
    outer loop
      vertex 1.05267 0.807745 -2.69062
      vertex 1.32229 1.01463 -2.49441
      vertex 1.44341 0.833355 -2.49441
    endloop
  endfacet
  facet normal 0.376528 0.330196 -0.865562
    outer loop
      vertex 1.05267 0.807745 -2.69062
      vertex 0.938236 0.938236 -2.69062
      vertex 1.32229 1.01463 -2.49441
    endloop
  endfacet
  facet normal 0.376522 0.330212 -0.865558
    outer loop
      vertex 0.938236 0.938236 -2.69062
      vertex 1.17854 1.17854 -2.49441
      vertex 1.32229 1.01463 -2.49441
    endloop
  endfacet
  facet normal 0.330201 0.376533 -0.865558
    outer loop
      vertex 0.938236 0.938236 -2.69062
      vertex 0.807745 1.05267 -2.69062
      vertex 1.17854 1.17854 -2.49441
    endloop
  endfacet
  facet normal 0.330208 0.376518 -0.865562
    outer loop
      vertex 0.807745 1.05267 -2.69062
      vertex 1.01463 1.32229 -2.49441
      vertex 1.17854 1.17854 -2.49441
    endloop
  endfacet
  facet normal 0.278238 0.416396 -0.865562
    outer loop
      vertex 0.807745 1.05267 -2.69062
      vertex 0.663433 1.1491 -2.69062
      vertex 1.01463 1.32229 -2.49441
    endloop
  endfacet
  facet normal 0.278228 0.416412 -0.865558
    outer loop
      vertex 0.663433 1.1491 -2.69062
      vertex 0.833355 1.44341 -2.49441
      vertex 1.01463 1.32229 -2.49441
    endloop
  endfacet
  facet normal 0.221492 0.449168 -0.865557
    outer loop
      vertex 0.663433 1.1491 -2.69062
      vertex 0.50777 1.22586 -2.69062
      vertex 0.833355 1.44341 -2.49441
    endloop
  endfacet
  facet normal 0.221507 0.449151 -0.865562
    outer loop
      vertex 0.50777 1.22586 -2.69062
      vertex 0.637823 1.53984 -2.49441
      vertex 0.833355 1.44341 -2.49441
    endloop
  endfacet
  facet normal 0.160977 0.474223 -0.865563
    outer loop
      vertex 0.50777 1.22586 -2.69062
      vertex 0.343418 1.28165 -2.69062
      vertex 0.637823 1.53984 -2.49441
    endloop
  endfacet
  facet normal 0.160978 0.474222 -0.865563
    outer loop
      vertex 0.343418 1.28165 -2.69062
      vertex 0.431376 1.60992 -2.49441
      vertex 0.637823 1.53984 -2.49441
    endloop
  endfacet
  facet normal 0.0977004 0.491177 -0.865563
    outer loop
      vertex 0.343418 1.28165 -2.69062
      vertex 0.173191 1.31551 -2.69062
      vertex 0.431376 1.60992 -2.49441
    endloop
  endfacet
  facet normal 0.0976953 0.49118 -0.865562
    outer loop
      vertex 0.173191 1.31551 -2.69062
      vertex 0.217549 1.65245 -2.49441
      vertex 0.431376 1.60992 -2.49441
    endloop
  endfacet
  facet normal 0.0327783 0.499727 -0.865562
    outer loop
      vertex 0.173191 1.31551 -2.69062
      vertex 0 1.32687 -2.69062
      vertex 0.217549 1.65245 -2.49441
    endloop
  endfacet
  facet normal 0.032757 0.499738 -0.865557
    outer loop
      vertex 0 1.32687 -2.69062
      vertex 0 1.66671 -2.49441
      vertex 0.217549 1.65245 -2.49441
    endloop
  endfacet
  facet normal -0.0327789 0.499738 -0.865556
    outer loop
      vertex 0 1.32687 -2.69062
      vertex -0.173191 1.31551 -2.69062
      vertex 0 1.66671 -2.49441
    endloop
  endfacet
  facet normal -0.0327565 0.49973 -0.865562
    outer loop
      vertex -0.173191 1.31551 -2.69062
      vertex -0.217549 1.65245 -2.49441
      vertex 0 1.66671 -2.49441
    endloop
  endfacet
  facet normal -0.097701 0.49118 -0.865562
    outer loop
      vertex -0.173191 1.31551 -2.69062
      vertex -0.343418 1.28165 -2.69062
      vertex -0.217549 1.65245 -2.49441
    endloop
  endfacet
  facet normal -0.0976949 0.491178 -0.865563
    outer loop
      vertex -0.343418 1.28165 -2.69062
      vertex -0.431376 1.60992 -2.49441
      vertex -0.217549 1.65245 -2.49441
    endloop
  endfacet
  facet normal -0.160977 0.474222 -0.865563
    outer loop
      vertex -0.343418 1.28165 -2.69062
      vertex -0.50777 1.22586 -2.69062
      vertex -0.431376 1.60992 -2.49441
    endloop
  endfacet
  facet normal -0.160978 0.474222 -0.865563
    outer loop
      vertex -0.50777 1.22586 -2.69062
      vertex -0.637823 1.53984 -2.49441
      vertex -0.431376 1.60992 -2.49441
    endloop
  endfacet
  facet normal -0.221488 0.449159 -0.865563
    outer loop
      vertex -0.50777 1.22586 -2.69062
      vertex -0.663433 1.1491 -2.69062
      vertex -0.637823 1.53984 -2.49441
    endloop
  endfacet
  facet normal -0.22151 0.449158 -0.865558
    outer loop
      vertex -0.663433 1.1491 -2.69062
      vertex -0.833355 1.44341 -2.49441
      vertex -0.637823 1.53984 -2.49441
    endloop
  endfacet
  facet normal -0.278242 0.416403 -0.865558
    outer loop
      vertex -0.663433 1.1491 -2.69062
      vertex -0.807745 1.05267 -2.69062
      vertex -0.833355 1.44341 -2.49441
    endloop
  endfacet
  facet normal -0.278224 0.416406 -0.865562
    outer loop
      vertex -0.807745 1.05267 -2.69062
      vertex -1.01463 1.32229 -2.49441
      vertex -0.833355 1.44341 -2.49441
    endloop
  endfacet
  facet normal -0.330196 0.376528 -0.865562
    outer loop
      vertex -0.807745 1.05267 -2.69062
      vertex -0.938236 0.938236 -2.69062
      vertex -1.01463 1.32229 -2.49441
    endloop
  endfacet
  facet normal -0.330212 0.376522 -0.865558
    outer loop
      vertex -0.938236 0.938236 -2.69062
      vertex -1.17854 1.17854 -2.49441
      vertex -1.01463 1.32229 -2.49441
    endloop
  endfacet
  facet normal -0.376533 0.330201 -0.865558
    outer loop
      vertex -0.938236 0.938236 -2.69062
      vertex -1.05267 0.807745 -2.69062
      vertex -1.17854 1.17854 -2.49441
    endloop
  endfacet
  facet normal -0.376518 0.330208 -0.865562
    outer loop
      vertex -1.05267 0.807745 -2.69062
      vertex -1.32229 1.01463 -2.49441
      vertex -1.17854 1.17854 -2.49441
    endloop
  endfacet
  facet normal -0.416396 0.278238 -0.865562
    outer loop
      vertex -1.05267 0.807745 -2.69062
      vertex -1.1491 0.663433 -2.69062
      vertex -1.32229 1.01463 -2.49441
    endloop
  endfacet
  facet normal -0.416412 0.278228 -0.865558
    outer loop
      vertex -1.1491 0.663433 -2.69062
      vertex -1.44341 0.833355 -2.49441
      vertex -1.32229 1.01463 -2.49441
    endloop
  endfacet
  facet normal -0.449168 0.221492 -0.865557
    outer loop
      vertex -1.1491 0.663433 -2.69062
      vertex -1.22586 0.50777 -2.69062
      vertex -1.44341 0.833355 -2.49441
    endloop
  endfacet
  facet normal -0.449151 0.221507 -0.865562
    outer loop
      vertex -1.22586 0.50777 -2.69062
      vertex -1.53984 0.637823 -2.49441
      vertex -1.44341 0.833355 -2.49441
    endloop
  endfacet
  facet normal -0.474223 0.160977 -0.865563
    outer loop
      vertex -1.22586 0.50777 -2.69062
      vertex -1.28165 0.343418 -2.69062
      vertex -1.53984 0.637823 -2.49441
    endloop
  endfacet
  facet normal -0.474222 0.160978 -0.865563
    outer loop
      vertex -1.28165 0.343418 -2.69062
      vertex -1.60992 0.431376 -2.49441
      vertex -1.53984 0.637823 -2.49441
    endloop
  endfacet
  facet normal -0.491177 0.0977004 -0.865563
    outer loop
      vertex -1.28165 0.343418 -2.69062
      vertex -1.31551 0.173191 -2.69062
      vertex -1.60992 0.431376 -2.49441
    endloop
  endfacet
  facet normal -0.49118 0.0976953 -0.865562
    outer loop
      vertex -1.31551 0.173191 -2.69062
      vertex -1.65245 0.217549 -2.49441
      vertex -1.60992 0.431376 -2.49441
    endloop
  endfacet
  facet normal -0.499727 0.0327783 -0.865562
    outer loop
      vertex -1.31551 0.173191 -2.69062
      vertex -1.32687 -0 -2.69062
      vertex -1.65245 0.217549 -2.49441
    endloop
  endfacet
  facet normal -0.499738 0.032757 -0.865557
    outer loop
      vertex -1.32687 -0 -2.69062
      vertex -1.66671 -0 -2.49441
      vertex -1.65245 0.217549 -2.49441
    endloop
  endfacet
  facet normal -0.499738 -0.0327789 -0.865556
    outer loop
      vertex -1.32687 -0 -2.69062
      vertex -1.31551 -0.173191 -2.69062
      vertex -1.66671 -0 -2.49441
    endloop
  endfacet
  facet normal -0.49973 -0.0327565 -0.865562
    outer loop
      vertex -1.31551 -0.173191 -2.69062
      vertex -1.65245 -0.217549 -2.49441
      vertex -1.66671 -0 -2.49441
    endloop
  endfacet
  facet normal -0.49118 -0.097701 -0.865562
    outer loop
      vertex -1.31551 -0.173191 -2.69062
      vertex -1.28165 -0.343418 -2.69062
      vertex -1.65245 -0.217549 -2.49441
    endloop
  endfacet
  facet normal -0.491178 -0.0976949 -0.865563
    outer loop
      vertex -1.28165 -0.343418 -2.69062
      vertex -1.60992 -0.431376 -2.49441
      vertex -1.65245 -0.217549 -2.49441
    endloop
  endfacet
  facet normal -0.474222 -0.160977 -0.865563
    outer loop
      vertex -1.28165 -0.343418 -2.69062
      vertex -1.22586 -0.50777 -2.69062
      vertex -1.60992 -0.431376 -2.49441
    endloop
  endfacet
  facet normal -0.474222 -0.160978 -0.865563
    outer loop
      vertex -1.22586 -0.50777 -2.69062
      vertex -1.53984 -0.637823 -2.49441
      vertex -1.60992 -0.431376 -2.49441
    endloop
  endfacet
  facet normal -0.449159 -0.221488 -0.865563
    outer loop
      vertex -1.22586 -0.50777 -2.69062
      vertex -1.1491 -0.663433 -2.69062
      vertex -1.53984 -0.637823 -2.49441
    endloop
  endfacet
  facet normal -0.449158 -0.22151 -0.865558
    outer loop
      vertex -1.1491 -0.663433 -2.69062
      vertex -1.44341 -0.833355 -2.49441
      vertex -1.53984 -0.637823 -2.49441
    endloop
  endfacet
  facet normal -0.416403 -0.278242 -0.865558
    outer loop
      vertex -1.1491 -0.663433 -2.69062
      vertex -1.05267 -0.807745 -2.69062
      vertex -1.44341 -0.833355 -2.49441
    endloop
  endfacet
  facet normal -0.416406 -0.278224 -0.865562
    outer loop
      vertex -1.05267 -0.807745 -2.69062
      vertex -1.32229 -1.01463 -2.49441
      vertex -1.44341 -0.833355 -2.49441
    endloop
  endfacet
  facet normal -0.376528 -0.330196 -0.865562
    outer loop
      vertex -1.05267 -0.807745 -2.69062
      vertex -0.938236 -0.938236 -2.69062
      vertex -1.32229 -1.01463 -2.49441
    endloop
  endfacet
  facet normal -0.376522 -0.330212 -0.865558
    outer loop
      vertex -0.938236 -0.938236 -2.69062
      vertex -1.17854 -1.17854 -2.49441
      vertex -1.32229 -1.01463 -2.49441
    endloop
  endfacet
  facet normal -0.330201 -0.376533 -0.865558
    outer loop
      vertex -0.938236 -0.938236 -2.69062
      vertex -0.807745 -1.05267 -2.69062
      vertex -1.17854 -1.17854 -2.49441
    endloop
  endfacet
  facet normal -0.330208 -0.376518 -0.865562
    outer loop
      vertex -0.807745 -1.05267 -2.69062
      vertex -1.01463 -1.32229 -2.49441
      vertex -1.17854 -1.17854 -2.49441
    endloop
  endfacet
  facet normal -0.278238 -0.416396 -0.865562
    outer loop
      vertex -0.807745 -1.05267 -2.69062
      vertex -0.663433 -1.1491 -2.69062
      vertex -1.01463 -1.32229 -2.49441
    endloop
  endfacet
  facet normal -0.278228 -0.416412 -0.865558
    outer loop
      vertex -0.663433 -1.1491 -2.69062
      vertex -0.833355 -1.44341 -2.49441
      vertex -1.01463 -1.32229 -2.49441
    endloop
  endfacet
  facet normal -0.221492 -0.449168 -0.865557
    outer loop
      vertex -0.663433 -1.1491 -2.69062
      vertex -0.50777 -1.22586 -2.69062
      vertex -0.833355 -1.44341 -2.49441
    endloop
  endfacet
  facet normal -0.221507 -0.449151 -0.865562
    outer loop
      vertex -0.50777 -1.22586 -2.69062
      vertex -0.637823 -1.53984 -2.49441
      vertex -0.833355 -1.44341 -2.49441
    endloop
  endfacet
  facet normal -0.160977 -0.474223 -0.865563
    outer loop
      vertex -0.50777 -1.22586 -2.69062
      vertex -0.343418 -1.28165 -2.69062
      vertex -0.637823 -1.53984 -2.49441
    endloop
  endfacet
  facet normal -0.160978 -0.474222 -0.865563
    outer loop
      vertex -0.343418 -1.28165 -2.69062
      vertex -0.431376 -1.60992 -2.49441
      vertex -0.637823 -1.53984 -2.49441
    endloop
  endfacet
  facet normal -0.0977004 -0.491177 -0.865563
    outer loop
      vertex -0.343418 -1.28165 -2.69062
      vertex -0.173191 -1.31551 -2.69062
      vertex -0.431376 -1.60992 -2.49441
    endloop
  endfacet
  facet normal -0.0976953 -0.49118 -0.865562
    outer loop
      vertex -0.173191 -1.31551 -2.69062
      vertex -0.217549 -1.65245 -2.49441
      vertex -0.431376 -1.60992 -2.49441
    endloop
  endfacet
  facet normal -0.0327783 -0.499727 -0.865562
    outer loop
      vertex -0.173191 -1.31551 -2.69062
      vertex -0 -1.32687 -2.69062
      vertex -0.217549 -1.65245 -2.49441
    endloop
  endfacet
  facet normal -0.032757 -0.499738 -0.865557
    outer loop
      vertex -0 -1.32687 -2.69062
      vertex -0 -1.66671 -2.49441
      vertex -0.217549 -1.65245 -2.49441
    endloop
  endfacet
  facet normal 0.0327789 -0.499738 -0.865556
    outer loop
      vertex -0 -1.32687 -2.69062
      vertex 0.173191 -1.31551 -2.69062
      vertex -0 -1.66671 -2.49441
    endloop
  endfacet
  facet normal 0.0327565 -0.49973 -0.865562
    outer loop
      vertex 0.173191 -1.31551 -2.69062
      vertex 0.217549 -1.65245 -2.49441
      vertex -0 -1.66671 -2.49441
    endloop
  endfacet
  facet normal 0.097701 -0.49118 -0.865562
    outer loop
      vertex 0.173191 -1.31551 -2.69062
      vertex 0.343418 -1.28165 -2.69062
      vertex 0.217549 -1.65245 -2.49441
    endloop
  endfacet
  facet normal 0.0976949 -0.491178 -0.865563
    outer loop
      vertex 0.343418 -1.28165 -2.69062
      vertex 0.431376 -1.60992 -2.49441
      vertex 0.217549 -1.65245 -2.49441
    endloop
  endfacet
  facet normal 0.160977 -0.474222 -0.865563
    outer loop
      vertex 0.343418 -1.28165 -2.69062
      vertex 0.50777 -1.22586 -2.69062
      vertex 0.431376 -1.60992 -2.49441
    endloop
  endfacet
  facet normal 0.160978 -0.474222 -0.865563
    outer loop
      vertex 0.50777 -1.22586 -2.69062
      vertex 0.637823 -1.53984 -2.49441
      vertex 0.431376 -1.60992 -2.49441
    endloop
  endfacet
  facet normal 0.221488 -0.449159 -0.865563
    outer loop
      vertex 0.50777 -1.22586 -2.69062
      vertex 0.663433 -1.1491 -2.69062
      vertex 0.637823 -1.53984 -2.49441
    endloop
  endfacet
  facet normal 0.22151 -0.449158 -0.865558
    outer loop
      vertex 0.663433 -1.1491 -2.69062
      vertex 0.833355 -1.44341 -2.49441
      vertex 0.637823 -1.53984 -2.49441
    endloop
  endfacet
  facet normal 0.278242 -0.416403 -0.865558
    outer loop
      vertex 0.663433 -1.1491 -2.69062
      vertex 0.807745 -1.05267 -2.69062
      vertex 0.833355 -1.44341 -2.49441
    endloop
  endfacet
  facet normal 0.278224 -0.416406 -0.865562
    outer loop
      vertex 0.807745 -1.05267 -2.69062
      vertex 1.01463 -1.32229 -2.49441
      vertex 0.833355 -1.44341 -2.49441
    endloop
  endfacet
  facet normal 0.330196 -0.376528 -0.865562
    outer loop
      vertex 0.807745 -1.05267 -2.69062
      vertex 0.938236 -0.938236 -2.69062
      vertex 1.01463 -1.32229 -2.49441
    endloop
  endfacet
  facet normal 0.330212 -0.376522 -0.865558
    outer loop
      vertex 0.938236 -0.938236 -2.69062
      vertex 1.17854 -1.17854 -2.49441
      vertex 1.01463 -1.32229 -2.49441
    endloop
  endfacet
  facet normal 0.376533 -0.330201 -0.865558
    outer loop
      vertex 0.938236 -0.938236 -2.69062
      vertex 1.05267 -0.807745 -2.69062
      vertex 1.17854 -1.17854 -2.49441
    endloop
  endfacet
  facet normal 0.376518 -0.330208 -0.865562
    outer loop
      vertex 1.05267 -0.807745 -2.69062
      vertex 1.32229 -1.01463 -2.49441
      vertex 1.17854 -1.17854 -2.49441
    endloop
  endfacet
  facet normal 0.416396 -0.278238 -0.865562
    outer loop
      vertex 1.05267 -0.807745 -2.69062
      vertex 1.1491 -0.663433 -2.69062
      vertex 1.32229 -1.01463 -2.49441
    endloop
  endfacet
  facet normal 0.416412 -0.278228 -0.865558
    outer loop
      vertex 1.1491 -0.663433 -2.69062
      vertex 1.44341 -0.833355 -2.49441
      vertex 1.32229 -1.01463 -2.49441
    endloop
  endfacet
  facet normal 0.449168 -0.221492 -0.865557
    outer loop
      vertex 1.1491 -0.663433 -2.69062
      vertex 1.22586 -0.50777 -2.69062
      vertex 1.44341 -0.833355 -2.49441
    endloop
  endfacet
  facet normal 0.449151 -0.221507 -0.865562
    outer loop
      vertex 1.22586 -0.50777 -2.69062
      vertex 1.53984 -0.637823 -2.49441
      vertex 1.44341 -0.833355 -2.49441
    endloop
  endfacet
  facet normal 0.474223 -0.160977 -0.865563
    outer loop
      vertex 1.22586 -0.50777 -2.69062
      vertex 1.28165 -0.343418 -2.69062
      vertex 1.53984 -0.637823 -2.49441
    endloop
  endfacet
  facet normal 0.474222 -0.160978 -0.865563
    outer loop
      vertex 1.28165 -0.343418 -2.69062
      vertex 1.60992 -0.431376 -2.49441
      vertex 1.53984 -0.637823 -2.49441
    endloop
  endfacet
  facet normal 0.491177 -0.0977004 -0.865563
    outer loop
      vertex 1.28165 -0.343418 -2.69062
      vertex 1.31551 -0.173191 -2.69062
      vertex 1.60992 -0.431376 -2.49441
    endloop
  endfacet
  facet normal 0.49118 -0.0976953 -0.865562
    outer loop
      vertex 1.31551 -0.173191 -2.69062
      vertex 1.65245 -0.217549 -2.49441
      vertex 1.60992 -0.431376 -2.49441
    endloop
  endfacet
  facet normal 0.499727 -0.0327783 -0.865562
    outer loop
      vertex 1.31551 -0.173191 -2.69062
      vertex 1.32687 0 -2.69062
      vertex 1.65245 -0.217549 -2.49441
    endloop
  endfacet
  facet normal 0.499738 -0.032757 -0.865557
    outer loop
      vertex 1.32687 0 -2.69062
      vertex 1.66671 0 -2.49441
      vertex 1.65245 -0.217549 -2.49441
    endloop
  endfacet
  facet normal 0.382555 0.0250712 -0.923593
    outer loop
      vertex 0.964318 0 -2.84079
      vertex 0.956069 0.125869 -2.84079
      vertex 1.32687 0 -2.69062
    endloop
  endfacet
  facet normal 0.382561 0.025093 -0.92359
    outer loop
      vertex 0.956069 0.125869 -2.84079
      vertex 1.31551 0.173191 -2.69062
      vertex 1.32687 0 -2.69062
    endloop
  endfacet
  facet normal 0.376017 0.0747961 -0.923589
    outer loop
      vertex 0.956069 0.125869 -2.84079
      vertex 0.93146 0.249584 -2.84079
      vertex 1.31551 0.173191 -2.69062
    endloop
  endfacet
  facet normal 0.376017 0.0747938 -0.923589
    outer loop
      vertex 0.93146 0.249584 -2.84079
      vertex 1.28165 0.343418 -2.69062
      vertex 1.31551 0.173191 -2.69062
    endloop
  endfacet
  facet normal 0.363037 0.123234 -0.92359
    outer loop
      vertex 0.93146 0.249584 -2.84079
      vertex 0.890914 0.369029 -2.84079
      vertex 1.28165 0.343418 -2.69062
    endloop
  endfacet
  facet normal 0.363037 0.123234 -0.923589
    outer loop
      vertex 0.890914 0.369029 -2.84079
      vertex 1.22586 0.50777 -2.69062
      vertex 1.28165 0.343418 -2.69062
    endloop
  endfacet
  facet normal 0.343845 0.169567 -0.92359
    outer loop
      vertex 0.890914 0.369029 -2.84079
      vertex 0.835124 0.482159 -2.84079
      vertex 1.22586 0.50777 -2.69062
    endloop
  endfacet
  facet normal 0.343846 0.169556 -0.923591
    outer loop
      vertex 0.835124 0.482159 -2.84079
      vertex 1.1491 0.663433 -2.69062
      vertex 1.22586 0.50777 -2.69062
    endloop
  endfacet
  facet normal 0.318768 0.212993 -0.923591
    outer loop
      vertex 0.835124 0.482159 -2.84079
      vertex 0.765045 0.58704 -2.84079
      vertex 1.1491 0.663433 -2.69062
    endloop
  endfacet
  facet normal 0.318766 0.213001 -0.92359
    outer loop
      vertex 0.765045 0.58704 -2.84079
      vertex 1.05267 0.807745 -2.69062
      vertex 1.1491 0.663433 -2.69062
    endloop
  endfacet
  facet normal 0.288241 0.252781 -0.92359
    outer loop
      vertex 0.765045 0.58704 -2.84079
      vertex 0.681876 0.681876 -2.84079
      vertex 1.05267 0.807745 -2.69062
    endloop
  endfacet
  facet normal 0.288244 0.252775 -0.923591
    outer loop
      vertex 0.681876 0.681876 -2.84079
      vertex 0.938236 0.938236 -2.69062
      vertex 1.05267 0.807745 -2.69062
    endloop
  endfacet
  facet normal 0.25278 0.28824 -0.923591
    outer loop
      vertex 0.681876 0.681876 -2.84079
      vertex 0.58704 0.765045 -2.84079
      vertex 0.938236 0.938236 -2.69062
    endloop
  endfacet
  facet normal 0.252776 0.288245 -0.92359
    outer loop
      vertex 0.58704 0.765045 -2.84079
      vertex 0.807745 1.05267 -2.69062
      vertex 0.938236 0.938236 -2.69062
    endloop
  endfacet
  facet normal 0.212995 0.318771 -0.92359
    outer loop
      vertex 0.58704 0.765045 -2.84079
      vertex 0.482159 0.835124 -2.84079
      vertex 0.807745 1.05267 -2.69062
    endloop
  endfacet
  facet normal 0.213 0.318764 -0.923591
    outer loop
      vertex 0.482159 0.835124 -2.84079
      vertex 0.663433 1.1491 -2.69062
      vertex 0.807745 1.05267 -2.69062
    endloop
  endfacet
  facet normal 0.169565 0.343841 -0.923591
    outer loop
      vertex 0.482159 0.835124 -2.84079
      vertex 0.369029 0.890914 -2.84079
      vertex 0.663433 1.1491 -2.69062
    endloop
  endfacet
  facet normal 0.169558 0.343849 -0.92359
    outer loop
      vertex 0.369029 0.890914 -2.84079
      vertex 0.50777 1.22586 -2.69062
      vertex 0.663433 1.1491 -2.69062
    endloop
  endfacet
  facet normal 0.123234 0.363037 -0.923589
    outer loop
      vertex 0.369029 0.890914 -2.84079
      vertex 0.249584 0.93146 -2.84079
      vertex 0.50777 1.22586 -2.69062
    endloop
  endfacet
  facet normal 0.123234 0.363037 -0.923589
    outer loop
      vertex 0.249584 0.93146 -2.84079
      vertex 0.343418 1.28165 -2.69062
      vertex 0.50777 1.22586 -2.69062
    endloop
  endfacet
  facet normal 0.0747959 0.376016 -0.923589
    outer loop
      vertex 0.249584 0.93146 -2.84079
      vertex 0.125869 0.956069 -2.84079
      vertex 0.343418 1.28165 -2.69062
    endloop
  endfacet
  facet normal 0.0747939 0.376017 -0.923589
    outer loop
      vertex 0.125869 0.956069 -2.84079
      vertex 0.173191 1.31551 -2.69062
      vertex 0.343418 1.28165 -2.69062
    endloop
  endfacet
  facet normal 0.0250718 0.382563 -0.923589
    outer loop
      vertex 0.125869 0.956069 -2.84079
      vertex 0 0.964318 -2.84079
      vertex 0.173191 1.31551 -2.69062
    endloop
  endfacet
  facet normal 0.0250926 0.382554 -0.923592
    outer loop
      vertex 0 0.964318 -2.84079
      vertex 0 1.32687 -2.69062
      vertex 0.173191 1.31551 -2.69062
    endloop
  endfacet
  facet normal -0.0250712 0.382555 -0.923593
    outer loop
      vertex 0 0.964318 -2.84079
      vertex -0.125869 0.956069 -2.84079
      vertex 0 1.32687 -2.69062
    endloop
  endfacet
  facet normal -0.025093 0.382561 -0.92359
    outer loop
      vertex -0.125869 0.956069 -2.84079
      vertex -0.173191 1.31551 -2.69062
      vertex 0 1.32687 -2.69062
    endloop
  endfacet
  facet normal -0.0747961 0.376017 -0.923589
    outer loop
      vertex -0.125869 0.956069 -2.84079
      vertex -0.249584 0.93146 -2.84079
      vertex -0.173191 1.31551 -2.69062
    endloop
  endfacet
  facet normal -0.0747938 0.376017 -0.923589
    outer loop
      vertex -0.249584 0.93146 -2.84079
      vertex -0.343418 1.28165 -2.69062
      vertex -0.173191 1.31551 -2.69062
    endloop
  endfacet
  facet normal -0.123234 0.363037 -0.92359
    outer loop
      vertex -0.249584 0.93146 -2.84079
      vertex -0.369029 0.890914 -2.84079
      vertex -0.343418 1.28165 -2.69062
    endloop
  endfacet
  facet normal -0.123234 0.363037 -0.923589
    outer loop
      vertex -0.369029 0.890914 -2.84079
      vertex -0.50777 1.22586 -2.69062
      vertex -0.343418 1.28165 -2.69062
    endloop
  endfacet
  facet normal -0.169567 0.343845 -0.92359
    outer loop
      vertex -0.369029 0.890914 -2.84079
      vertex -0.482159 0.835124 -2.84079
      vertex -0.50777 1.22586 -2.69062
    endloop
  endfacet
  facet normal -0.169556 0.343846 -0.923591
    outer loop
      vertex -0.482159 0.835124 -2.84079
      vertex -0.663433 1.1491 -2.69062
      vertex -0.50777 1.22586 -2.69062
    endloop
  endfacet
  facet normal -0.212993 0.318768 -0.923591
    outer loop
      vertex -0.482159 0.835124 -2.84079
      vertex -0.58704 0.765045 -2.84079
      vertex -0.663433 1.1491 -2.69062
    endloop
  endfacet
  facet normal -0.213001 0.318766 -0.92359
    outer loop
      vertex -0.58704 0.765045 -2.84079
      vertex -0.807745 1.05267 -2.69062
      vertex -0.663433 1.1491 -2.69062
    endloop
  endfacet
  facet normal -0.252781 0.288241 -0.92359
    outer loop
      vertex -0.58704 0.765045 -2.84079
      vertex -0.681876 0.681876 -2.84079
      vertex -0.807745 1.05267 -2.69062
    endloop
  endfacet
  facet normal -0.252775 0.288244 -0.923591
    outer loop
      vertex -0.681876 0.681876 -2.84079
      vertex -0.938236 0.938236 -2.69062
      vertex -0.807745 1.05267 -2.69062
    endloop
  endfacet
  facet normal -0.28824 0.25278 -0.923591
    outer loop
      vertex -0.681876 0.681876 -2.84079
      vertex -0.765045 0.58704 -2.84079
      vertex -0.938236 0.938236 -2.69062
    endloop
  endfacet
  facet normal -0.288245 0.252776 -0.92359
    outer loop
      vertex -0.765045 0.58704 -2.84079
      vertex -1.05267 0.807745 -2.69062
      vertex -0.938236 0.938236 -2.69062
    endloop
  endfacet
  facet normal -0.318771 0.212995 -0.92359
    outer loop
      vertex -0.765045 0.58704 -2.84079
      vertex -0.835124 0.482159 -2.84079
      vertex -1.05267 0.807745 -2.69062
    endloop
  endfacet
  facet normal -0.318764 0.213 -0.923591
    outer loop
      vertex -0.835124 0.482159 -2.84079
      vertex -1.1491 0.663433 -2.69062
      vertex -1.05267 0.807745 -2.69062
    endloop
  endfacet
  facet normal -0.343841 0.169565 -0.923591
    outer loop
      vertex -0.835124 0.482159 -2.84079
      vertex -0.890914 0.369029 -2.84079
      vertex -1.1491 0.663433 -2.69062
    endloop
  endfacet
  facet normal -0.343849 0.169558 -0.92359
    outer loop
      vertex -0.890914 0.369029 -2.84079
      vertex -1.22586 0.50777 -2.69062
      vertex -1.1491 0.663433 -2.69062
    endloop
  endfacet
  facet normal -0.363037 0.123234 -0.923589
    outer loop
      vertex -0.890914 0.369029 -2.84079
      vertex -0.93146 0.249584 -2.84079
      vertex -1.22586 0.50777 -2.69062
    endloop
  endfacet
  facet normal -0.363037 0.123234 -0.923589
    outer loop
      vertex -0.93146 0.249584 -2.84079
      vertex -1.28165 0.343418 -2.69062
      vertex -1.22586 0.50777 -2.69062
    endloop
  endfacet
  facet normal -0.376016 0.0747959 -0.923589
    outer loop
      vertex -0.93146 0.249584 -2.84079
      vertex -0.956069 0.125869 -2.84079
      vertex -1.28165 0.343418 -2.69062
    endloop
  endfacet
  facet normal -0.376017 0.0747939 -0.923589
    outer loop
      vertex -0.956069 0.125869 -2.84079
      vertex -1.31551 0.173191 -2.69062
      vertex -1.28165 0.343418 -2.69062
    endloop
  endfacet
  facet normal -0.382563 0.0250718 -0.923589
    outer loop
      vertex -0.956069 0.125869 -2.84079
      vertex -0.964318 -0 -2.84079
      vertex -1.31551 0.173191 -2.69062
    endloop
  endfacet
  facet normal -0.382554 0.0250926 -0.923592
    outer loop
      vertex -0.964318 -0 -2.84079
      vertex -1.32687 -0 -2.69062
      vertex -1.31551 0.173191 -2.69062
    endloop
  endfacet
  facet normal -0.382555 -0.0250712 -0.923593
    outer loop
      vertex -0.964318 -0 -2.84079
      vertex -0.956069 -0.125869 -2.84079
      vertex -1.32687 -0 -2.69062
    endloop
  endfacet
  facet normal -0.382561 -0.025093 -0.92359
    outer loop
      vertex -0.956069 -0.125869 -2.84079
      vertex -1.31551 -0.173191 -2.69062
      vertex -1.32687 -0 -2.69062
    endloop
  endfacet
  facet normal -0.376017 -0.0747961 -0.923589
    outer loop
      vertex -0.956069 -0.125869 -2.84079
      vertex -0.93146 -0.249584 -2.84079
      vertex -1.31551 -0.173191 -2.69062
    endloop
  endfacet
  facet normal -0.376017 -0.0747938 -0.923589
    outer loop
      vertex -0.93146 -0.249584 -2.84079
      vertex -1.28165 -0.343418 -2.69062
      vertex -1.31551 -0.173191 -2.69062
    endloop
  endfacet
  facet normal -0.363037 -0.123234 -0.92359
    outer loop
      vertex -0.93146 -0.249584 -2.84079
      vertex -0.890914 -0.369029 -2.84079
      vertex -1.28165 -0.343418 -2.69062
    endloop
  endfacet
  facet normal -0.363037 -0.123234 -0.923589
    outer loop
      vertex -0.890914 -0.369029 -2.84079
      vertex -1.22586 -0.50777 -2.69062
      vertex -1.28165 -0.343418 -2.69062
    endloop
  endfacet
  facet normal -0.343845 -0.169567 -0.92359
    outer loop
      vertex -0.890914 -0.369029 -2.84079
      vertex -0.835124 -0.482159 -2.84079
      vertex -1.22586 -0.50777 -2.69062
    endloop
  endfacet
  facet normal -0.343846 -0.169556 -0.923591
    outer loop
      vertex -0.835124 -0.482159 -2.84079
      vertex -1.1491 -0.663433 -2.69062
      vertex -1.22586 -0.50777 -2.69062
    endloop
  endfacet
  facet normal -0.318768 -0.212993 -0.923591
    outer loop
      vertex -0.835124 -0.482159 -2.84079
      vertex -0.765045 -0.58704 -2.84079
      vertex -1.1491 -0.663433 -2.69062
    endloop
  endfacet
  facet normal -0.318766 -0.213001 -0.92359
    outer loop
      vertex -0.765045 -0.58704 -2.84079
      vertex -1.05267 -0.807745 -2.69062
      vertex -1.1491 -0.663433 -2.69062
    endloop
  endfacet
  facet normal -0.288241 -0.252781 -0.92359
    outer loop
      vertex -0.765045 -0.58704 -2.84079
      vertex -0.681876 -0.681876 -2.84079
      vertex -1.05267 -0.807745 -2.69062
    endloop
  endfacet
  facet normal -0.288244 -0.252775 -0.923591
    outer loop
      vertex -0.681876 -0.681876 -2.84079
      vertex -0.938236 -0.938236 -2.69062
      vertex -1.05267 -0.807745 -2.69062
    endloop
  endfacet
  facet normal -0.25278 -0.28824 -0.923591
    outer loop
      vertex -0.681876 -0.681876 -2.84079
      vertex -0.58704 -0.765045 -2.84079
      vertex -0.938236 -0.938236 -2.69062
    endloop
  endfacet
  facet normal -0.252776 -0.288245 -0.92359
    outer loop
      vertex -0.58704 -0.765045 -2.84079
      vertex -0.807745 -1.05267 -2.69062
      vertex -0.938236 -0.938236 -2.69062
    endloop
  endfacet
  facet normal -0.212995 -0.318771 -0.92359
    outer loop
      vertex -0.58704 -0.765045 -2.84079
      vertex -0.482159 -0.835124 -2.84079
      vertex -0.807745 -1.05267 -2.69062
    endloop
  endfacet
  facet normal -0.213 -0.318764 -0.923591
    outer loop
      vertex -0.482159 -0.835124 -2.84079
      vertex -0.663433 -1.1491 -2.69062
      vertex -0.807745 -1.05267 -2.69062
    endloop
  endfacet
  facet normal -0.169565 -0.343841 -0.923591
    outer loop
      vertex -0.482159 -0.835124 -2.84079
      vertex -0.369029 -0.890914 -2.84079
      vertex -0.663433 -1.1491 -2.69062
    endloop
  endfacet
  facet normal -0.169558 -0.343849 -0.92359
    outer loop
      vertex -0.369029 -0.890914 -2.84079
      vertex -0.50777 -1.22586 -2.69062
      vertex -0.663433 -1.1491 -2.69062
    endloop
  endfacet
  facet normal -0.123234 -0.363037 -0.923589
    outer loop
      vertex -0.369029 -0.890914 -2.84079
      vertex -0.249584 -0.93146 -2.84079
      vertex -0.50777 -1.22586 -2.69062
    endloop
  endfacet
  facet normal -0.123234 -0.363037 -0.923589
    outer loop
      vertex -0.249584 -0.93146 -2.84079
      vertex -0.343418 -1.28165 -2.69062
      vertex -0.50777 -1.22586 -2.69062
    endloop
  endfacet
  facet normal -0.0747959 -0.376016 -0.923589
    outer loop
      vertex -0.249584 -0.93146 -2.84079
      vertex -0.125869 -0.956069 -2.84079
      vertex -0.343418 -1.28165 -2.69062
    endloop
  endfacet
  facet normal -0.0747939 -0.376017 -0.923589
    outer loop
      vertex -0.125869 -0.956069 -2.84079
      vertex -0.173191 -1.31551 -2.69062
      vertex -0.343418 -1.28165 -2.69062
    endloop
  endfacet
  facet normal -0.0250718 -0.382563 -0.923589
    outer loop
      vertex -0.125869 -0.956069 -2.84079
      vertex -0 -0.964318 -2.84079
      vertex -0.173191 -1.31551 -2.69062
    endloop
  endfacet
  facet normal -0.0250926 -0.382554 -0.923592
    outer loop
      vertex -0 -0.964318 -2.84079
      vertex -0 -1.32687 -2.69062
      vertex -0.173191 -1.31551 -2.69062
    endloop
  endfacet
  facet normal 0.0250712 -0.382555 -0.923593
    outer loop
      vertex -0 -0.964318 -2.84079
      vertex 0.125869 -0.956069 -2.84079
      vertex -0 -1.32687 -2.69062
    endloop
  endfacet
  facet normal 0.025093 -0.382561 -0.92359
    outer loop
      vertex 0.125869 -0.956069 -2.84079
      vertex 0.173191 -1.31551 -2.69062
      vertex -0 -1.32687 -2.69062
    endloop
  endfacet
  facet normal 0.0747961 -0.376017 -0.923589
    outer loop
      vertex 0.125869 -0.956069 -2.84079
      vertex 0.249584 -0.93146 -2.84079
      vertex 0.173191 -1.31551 -2.69062
    endloop
  endfacet
  facet normal 0.0747938 -0.376017 -0.923589
    outer loop
      vertex 0.249584 -0.93146 -2.84079
      vertex 0.343418 -1.28165 -2.69062
      vertex 0.173191 -1.31551 -2.69062
    endloop
  endfacet
  facet normal 0.123234 -0.363037 -0.92359
    outer loop
      vertex 0.249584 -0.93146 -2.84079
      vertex 0.369029 -0.890914 -2.84079
      vertex 0.343418 -1.28165 -2.69062
    endloop
  endfacet
  facet normal 0.123234 -0.363037 -0.923589
    outer loop
      vertex 0.369029 -0.890914 -2.84079
      vertex 0.50777 -1.22586 -2.69062
      vertex 0.343418 -1.28165 -2.69062
    endloop
  endfacet
  facet normal 0.169567 -0.343845 -0.92359
    outer loop
      vertex 0.369029 -0.890914 -2.84079
      vertex 0.482159 -0.835124 -2.84079
      vertex 0.50777 -1.22586 -2.69062
    endloop
  endfacet
  facet normal 0.169556 -0.343846 -0.923591
    outer loop
      vertex 0.482159 -0.835124 -2.84079
      vertex 0.663433 -1.1491 -2.69062
      vertex 0.50777 -1.22586 -2.69062
    endloop
  endfacet
  facet normal 0.212993 -0.318768 -0.923591
    outer loop
      vertex 0.482159 -0.835124 -2.84079
      vertex 0.58704 -0.765045 -2.84079
      vertex 0.663433 -1.1491 -2.69062
    endloop
  endfacet
  facet normal 0.213001 -0.318766 -0.92359
    outer loop
      vertex 0.58704 -0.765045 -2.84079
      vertex 0.807745 -1.05267 -2.69062
      vertex 0.663433 -1.1491 -2.69062
    endloop
  endfacet
  facet normal 0.252781 -0.288241 -0.92359
    outer loop
      vertex 0.58704 -0.765045 -2.84079
      vertex 0.681876 -0.681876 -2.84079
      vertex 0.807745 -1.05267 -2.69062
    endloop
  endfacet
  facet normal 0.252775 -0.288244 -0.923591
    outer loop
      vertex 0.681876 -0.681876 -2.84079
      vertex 0.938236 -0.938236 -2.69062
      vertex 0.807745 -1.05267 -2.69062
    endloop
  endfacet
  facet normal 0.28824 -0.25278 -0.923591
    outer loop
      vertex 0.681876 -0.681876 -2.84079
      vertex 0.765045 -0.58704 -2.84079
      vertex 0.938236 -0.938236 -2.69062
    endloop
  endfacet
  facet normal 0.288245 -0.252776 -0.92359
    outer loop
      vertex 0.765045 -0.58704 -2.84079
      vertex 1.05267 -0.807745 -2.69062
      vertex 0.938236 -0.938236 -2.69062
    endloop
  endfacet
  facet normal 0.318771 -0.212995 -0.92359
    outer loop
      vertex 0.765045 -0.58704 -2.84079
      vertex 0.835124 -0.482159 -2.84079
      vertex 1.05267 -0.807745 -2.69062
    endloop
  endfacet
  facet normal 0.318764 -0.213 -0.923591
    outer loop
      vertex 0.835124 -0.482159 -2.84079
      vertex 1.1491 -0.663433 -2.69062
      vertex 1.05267 -0.807745 -2.69062
    endloop
  endfacet
  facet normal 0.343841 -0.169565 -0.923591
    outer loop
      vertex 0.835124 -0.482159 -2.84079
      vertex 0.890914 -0.369029 -2.84079
      vertex 1.1491 -0.663433 -2.69062
    endloop
  endfacet
  facet normal 0.343849 -0.169558 -0.92359
    outer loop
      vertex 0.890914 -0.369029 -2.84079
      vertex 1.22586 -0.50777 -2.69062
      vertex 1.1491 -0.663433 -2.69062
    endloop
  endfacet
  facet normal 0.363037 -0.123234 -0.923589
    outer loop
      vertex 0.890914 -0.369029 -2.84079
      vertex 0.93146 -0.249584 -2.84079
      vertex 1.22586 -0.50777 -2.69062
    endloop
  endfacet
  facet normal 0.363037 -0.123234 -0.923589
    outer loop
      vertex 0.93146 -0.249584 -2.84079
      vertex 1.28165 -0.343418 -2.69062
      vertex 1.22586 -0.50777 -2.69062
    endloop
  endfacet
  facet normal 0.376016 -0.0747959 -0.923589
    outer loop
      vertex 0.93146 -0.249584 -2.84079
      vertex 0.956069 -0.125869 -2.84079
      vertex 1.28165 -0.343418 -2.69062
    endloop
  endfacet
  facet normal 0.376017 -0.0747939 -0.923589
    outer loop
      vertex 0.956069 -0.125869 -2.84079
      vertex 1.31551 -0.173191 -2.69062
      vertex 1.28165 -0.343418 -2.69062
    endloop
  endfacet
  facet normal 0.382563 -0.0250718 -0.923589
    outer loop
      vertex 0.956069 -0.125869 -2.84079
      vertex 0.964318 0 -2.84079
      vertex 1.31551 -0.173191 -2.69062
    endloop
  endfacet
  facet normal 0.382554 -0.0250926 -0.923592
    outer loop
      vertex 0.964318 0 -2.84079
      vertex 1.32687 0 -2.69062
      vertex 1.31551 -0.173191 -2.69062
    endloop
  endfacet
  facet normal 0.258793 0.0169619 -0.965784
    outer loop
      vertex 0.585271 0 -2.94236
      vertex 0.580264 0.0763932 -2.94236
      vertex 0.964318 0 -2.84079
    endloop
  endfacet
  facet normal 0.258793 0.0169603 -0.965784
    outer loop
      vertex 0.580264 0.0763932 -2.94236
      vertex 0.956069 0.125869 -2.84079
      vertex 0.964318 0 -2.84079
    endloop
  endfacet
  facet normal 0.254364 0.0505979 -0.965784
    outer loop
      vertex 0.580264 0.0763932 -2.94236
      vertex 0.565328 0.151479 -2.94236
      vertex 0.956069 0.125869 -2.84079
    endloop
  endfacet
  facet normal 0.254364 0.0505973 -0.965784
    outer loop
      vertex 0.565328 0.151479 -2.94236
      vertex 0.93146 0.249584 -2.84079
      vertex 0.956069 0.125869 -2.84079
    endloop
  endfacet
  facet normal 0.245584 0.0833633 -0.965784
    outer loop
      vertex 0.565328 0.151479 -2.94236
      vertex 0.54072 0.223973 -2.94236
      vertex 0.93146 0.249584 -2.84079
    endloop
  endfacet
  facet normal 0.245584 0.0833644 -0.965784
    outer loop
      vertex 0.54072 0.223973 -2.94236
      vertex 0.890914 0.369029 -2.84079
      vertex 0.93146 0.249584 -2.84079
    endloop
  endfacet
  facet normal 0.232602 0.114706 -0.965784
    outer loop
      vertex 0.54072 0.223973 -2.94236
      vertex 0.50686 0.292635 -2.94236
      vertex 0.890914 0.369029 -2.84079
    endloop
  endfacet
  facet normal 0.232602 0.114708 -0.965784
    outer loop
      vertex 0.50686 0.292635 -2.94236
      vertex 0.835124 0.482159 -2.84079
      vertex 0.890914 0.369029 -2.84079
    endloop
  endfacet
  facet normal 0.21564 0.144086 -0.965784
    outer loop
      vertex 0.50686 0.292635 -2.94236
      vertex 0.464327 0.35629 -2.94236
      vertex 0.835124 0.482159 -2.84079
    endloop
  endfacet
  facet normal 0.21564 0.144086 -0.965784
    outer loop
      vertex 0.464327 0.35629 -2.94236
      vertex 0.765045 0.58704 -2.84079
      vertex 0.835124 0.482159 -2.84079
    endloop
  endfacet
  facet normal 0.194988 0.171 -0.965784
    outer loop
      vertex 0.464327 0.35629 -2.94236
      vertex 0.413849 0.413849 -2.94236
      vertex 0.765045 0.58704 -2.84079
    endloop
  endfacet
  facet normal 0.194988 0.171 -0.965784
    outer loop
      vertex 0.413849 0.413849 -2.94236
      vertex 0.681876 0.681876 -2.84079
      vertex 0.765045 0.58704 -2.84079
    endloop
  endfacet
  facet normal 0.171 0.194988 -0.965784
    outer loop
      vertex 0.413849 0.413849 -2.94236
      vertex 0.35629 0.464327 -2.94236
      vertex 0.681876 0.681876 -2.84079
    endloop
  endfacet
  facet normal 0.171 0.194988 -0.965784
    outer loop
      vertex 0.35629 0.464327 -2.94236
      vertex 0.58704 0.765045 -2.84079
      vertex 0.681876 0.681876 -2.84079
    endloop
  endfacet
  facet normal 0.144086 0.21564 -0.965784
    outer loop
      vertex 0.35629 0.464327 -2.94236
      vertex 0.292635 0.50686 -2.94236
      vertex 0.58704 0.765045 -2.84079
    endloop
  endfacet
  facet normal 0.144086 0.21564 -0.965784
    outer loop
      vertex 0.292635 0.50686 -2.94236
      vertex 0.482159 0.835124 -2.84079
      vertex 0.58704 0.765045 -2.84079
    endloop
  endfacet
  facet normal 0.114706 0.232603 -0.965784
    outer loop
      vertex 0.292635 0.50686 -2.94236
      vertex 0.223973 0.54072 -2.94236
      vertex 0.482159 0.835124 -2.84079
    endloop
  endfacet
  facet normal 0.114707 0.232602 -0.965784
    outer loop
      vertex 0.223973 0.54072 -2.94236
      vertex 0.369029 0.890914 -2.84079
      vertex 0.482159 0.835124 -2.84079
    endloop
  endfacet
  facet normal 0.0833634 0.245585 -0.965784
    outer loop
      vertex 0.223973 0.54072 -2.94236
      vertex 0.151479 0.565328 -2.94236
      vertex 0.369029 0.890914 -2.84079
    endloop
  endfacet
  facet normal 0.0833644 0.245584 -0.965784
    outer loop
      vertex 0.151479 0.565328 -2.94236
      vertex 0.249584 0.93146 -2.84079
      vertex 0.369029 0.890914 -2.84079
    endloop
  endfacet
  facet normal 0.0505979 0.254364 -0.965784
    outer loop
      vertex 0.151479 0.565328 -2.94236
      vertex 0.0763932 0.580264 -2.94236
      vertex 0.249584 0.93146 -2.84079
    endloop
  endfacet
  facet normal 0.0505973 0.254364 -0.965784
    outer loop
      vertex 0.0763932 0.580264 -2.94236
      vertex 0.125869 0.956069 -2.84079
      vertex 0.249584 0.93146 -2.84079
    endloop
  endfacet
  facet normal 0.0169619 0.258792 -0.965784
    outer loop
      vertex 0.0763932 0.580264 -2.94236
      vertex 0 0.585271 -2.94236
      vertex 0.125869 0.956069 -2.84079
    endloop
  endfacet
  facet normal 0.0169604 0.258793 -0.965784
    outer loop
      vertex 0 0.585271 -2.94236
      vertex 0 0.964318 -2.84079
      vertex 0.125869 0.956069 -2.84079
    endloop
  endfacet
  facet normal -0.0169619 0.258793 -0.965784
    outer loop
      vertex 0 0.585271 -2.94236
      vertex -0.0763932 0.580264 -2.94236
      vertex 0 0.964318 -2.84079
    endloop
  endfacet
  facet normal -0.0169603 0.258793 -0.965784
    outer loop
      vertex -0.0763932 0.580264 -2.94236
      vertex -0.125869 0.956069 -2.84079
      vertex 0 0.964318 -2.84079
    endloop
  endfacet
  facet normal -0.0505979 0.254364 -0.965784
    outer loop
      vertex -0.0763932 0.580264 -2.94236
      vertex -0.151479 0.565328 -2.94236
      vertex -0.125869 0.956069 -2.84079
    endloop
  endfacet
  facet normal -0.0505973 0.254364 -0.965784
    outer loop
      vertex -0.151479 0.565328 -2.94236
      vertex -0.249584 0.93146 -2.84079
      vertex -0.125869 0.956069 -2.84079
    endloop
  endfacet
  facet normal -0.0833633 0.245584 -0.965784
    outer loop
      vertex -0.151479 0.565328 -2.94236
      vertex -0.223973 0.54072 -2.94236
      vertex -0.249584 0.93146 -2.84079
    endloop
  endfacet
  facet normal -0.0833644 0.245584 -0.965784
    outer loop
      vertex -0.223973 0.54072 -2.94236
      vertex -0.369029 0.890914 -2.84079
      vertex -0.249584 0.93146 -2.84079
    endloop
  endfacet
  facet normal -0.114706 0.232602 -0.965784
    outer loop
      vertex -0.223973 0.54072 -2.94236
      vertex -0.292635 0.50686 -2.94236
      vertex -0.369029 0.890914 -2.84079
    endloop
  endfacet
  facet normal -0.114708 0.232602 -0.965784
    outer loop
      vertex -0.292635 0.50686 -2.94236
      vertex -0.482159 0.835124 -2.84079
      vertex -0.369029 0.890914 -2.84079
    endloop
  endfacet
  facet normal -0.144086 0.21564 -0.965784
    outer loop
      vertex -0.292635 0.50686 -2.94236
      vertex -0.35629 0.464327 -2.94236
      vertex -0.482159 0.835124 -2.84079
    endloop
  endfacet
  facet normal -0.144086 0.21564 -0.965784
    outer loop
      vertex -0.35629 0.464327 -2.94236
      vertex -0.58704 0.765045 -2.84079
      vertex -0.482159 0.835124 -2.84079
    endloop
  endfacet
  facet normal -0.171 0.194988 -0.965784
    outer loop
      vertex -0.35629 0.464327 -2.94236
      vertex -0.413849 0.413849 -2.94236
      vertex -0.58704 0.765045 -2.84079
    endloop
  endfacet
  facet normal -0.171 0.194988 -0.965784
    outer loop
      vertex -0.413849 0.413849 -2.94236
      vertex -0.681876 0.681876 -2.84079
      vertex -0.58704 0.765045 -2.84079
    endloop
  endfacet
  facet normal -0.194988 0.171 -0.965784
    outer loop
      vertex -0.413849 0.413849 -2.94236
      vertex -0.464327 0.35629 -2.94236
      vertex -0.681876 0.681876 -2.84079
    endloop
  endfacet
  facet normal -0.194988 0.171 -0.965784
    outer loop
      vertex -0.464327 0.35629 -2.94236
      vertex -0.765045 0.58704 -2.84079
      vertex -0.681876 0.681876 -2.84079
    endloop
  endfacet
  facet normal -0.21564 0.144086 -0.965784
    outer loop
      vertex -0.464327 0.35629 -2.94236
      vertex -0.50686 0.292635 -2.94236
      vertex -0.765045 0.58704 -2.84079
    endloop
  endfacet
  facet normal -0.21564 0.144086 -0.965784
    outer loop
      vertex -0.50686 0.292635 -2.94236
      vertex -0.835124 0.482159 -2.84079
      vertex -0.765045 0.58704 -2.84079
    endloop
  endfacet
  facet normal -0.232603 0.114706 -0.965784
    outer loop
      vertex -0.50686 0.292635 -2.94236
      vertex -0.54072 0.223973 -2.94236
      vertex -0.835124 0.482159 -2.84079
    endloop
  endfacet
  facet normal -0.232602 0.114707 -0.965784
    outer loop
      vertex -0.54072 0.223973 -2.94236
      vertex -0.890914 0.369029 -2.84079
      vertex -0.835124 0.482159 -2.84079
    endloop
  endfacet
  facet normal -0.245585 0.0833634 -0.965784
    outer loop
      vertex -0.54072 0.223973 -2.94236
      vertex -0.565328 0.151479 -2.94236
      vertex -0.890914 0.369029 -2.84079
    endloop
  endfacet
  facet normal -0.245584 0.0833644 -0.965784
    outer loop
      vertex -0.565328 0.151479 -2.94236
      vertex -0.93146 0.249584 -2.84079
      vertex -0.890914 0.369029 -2.84079
    endloop
  endfacet
  facet normal -0.254364 0.0505979 -0.965784
    outer loop
      vertex -0.565328 0.151479 -2.94236
      vertex -0.580264 0.0763932 -2.94236
      vertex -0.93146 0.249584 -2.84079
    endloop
  endfacet
  facet normal -0.254364 0.0505973 -0.965784
    outer loop
      vertex -0.580264 0.0763932 -2.94236
      vertex -0.956069 0.125869 -2.84079
      vertex -0.93146 0.249584 -2.84079
    endloop
  endfacet
  facet normal -0.258792 0.0169619 -0.965784
    outer loop
      vertex -0.580264 0.0763932 -2.94236
      vertex -0.585271 -0 -2.94236
      vertex -0.956069 0.125869 -2.84079
    endloop
  endfacet
  facet normal -0.258793 0.0169604 -0.965784
    outer loop
      vertex -0.585271 -0 -2.94236
      vertex -0.964318 -0 -2.84079
      vertex -0.956069 0.125869 -2.84079
    endloop
  endfacet
  facet normal -0.258793 -0.0169619 -0.965784
    outer loop
      vertex -0.585271 -0 -2.94236
      vertex -0.580264 -0.0763932 -2.94236
      vertex -0.964318 -0 -2.84079
    endloop
  endfacet
  facet normal -0.258793 -0.0169603 -0.965784
    outer loop
      vertex -0.580264 -0.0763932 -2.94236
      vertex -0.956069 -0.125869 -2.84079
      vertex -0.964318 -0 -2.84079
    endloop
  endfacet
  facet normal -0.254364 -0.0505979 -0.965784
    outer loop
      vertex -0.580264 -0.0763932 -2.94236
      vertex -0.565328 -0.151479 -2.94236
      vertex -0.956069 -0.125869 -2.84079
    endloop
  endfacet
  facet normal -0.254364 -0.0505973 -0.965784
    outer loop
      vertex -0.565328 -0.151479 -2.94236
      vertex -0.93146 -0.249584 -2.84079
      vertex -0.956069 -0.125869 -2.84079
    endloop
  endfacet
  facet normal -0.245584 -0.0833633 -0.965784
    outer loop
      vertex -0.565328 -0.151479 -2.94236
      vertex -0.54072 -0.223973 -2.94236
      vertex -0.93146 -0.249584 -2.84079
    endloop
  endfacet
  facet normal -0.245584 -0.0833644 -0.965784
    outer loop
      vertex -0.54072 -0.223973 -2.94236
      vertex -0.890914 -0.369029 -2.84079
      vertex -0.93146 -0.249584 -2.84079
    endloop
  endfacet
  facet normal -0.232602 -0.114706 -0.965784
    outer loop
      vertex -0.54072 -0.223973 -2.94236
      vertex -0.50686 -0.292635 -2.94236
      vertex -0.890914 -0.369029 -2.84079
    endloop
  endfacet
  facet normal -0.232602 -0.114708 -0.965784
    outer loop
      vertex -0.50686 -0.292635 -2.94236
      vertex -0.835124 -0.482159 -2.84079
      vertex -0.890914 -0.369029 -2.84079
    endloop
  endfacet
  facet normal -0.21564 -0.144086 -0.965784
    outer loop
      vertex -0.50686 -0.292635 -2.94236
      vertex -0.464327 -0.35629 -2.94236
      vertex -0.835124 -0.482159 -2.84079
    endloop
  endfacet
  facet normal -0.21564 -0.144086 -0.965784
    outer loop
      vertex -0.464327 -0.35629 -2.94236
      vertex -0.765045 -0.58704 -2.84079
      vertex -0.835124 -0.482159 -2.84079
    endloop
  endfacet
  facet normal -0.194988 -0.171 -0.965784
    outer loop
      vertex -0.464327 -0.35629 -2.94236
      vertex -0.413849 -0.413849 -2.94236
      vertex -0.765045 -0.58704 -2.84079
    endloop
  endfacet
  facet normal -0.194988 -0.171 -0.965784
    outer loop
      vertex -0.413849 -0.413849 -2.94236
      vertex -0.681876 -0.681876 -2.84079
      vertex -0.765045 -0.58704 -2.84079
    endloop
  endfacet
  facet normal -0.171 -0.194988 -0.965784
    outer loop
      vertex -0.413849 -0.413849 -2.94236
      vertex -0.35629 -0.464327 -2.94236
      vertex -0.681876 -0.681876 -2.84079
    endloop
  endfacet
  facet normal -0.171 -0.194988 -0.965784
    outer loop
      vertex -0.35629 -0.464327 -2.94236
      vertex -0.58704 -0.765045 -2.84079
      vertex -0.681876 -0.681876 -2.84079
    endloop
  endfacet
  facet normal -0.144086 -0.21564 -0.965784
    outer loop
      vertex -0.35629 -0.464327 -2.94236
      vertex -0.292635 -0.50686 -2.94236
      vertex -0.58704 -0.765045 -2.84079
    endloop
  endfacet
  facet normal -0.144086 -0.21564 -0.965784
    outer loop
      vertex -0.292635 -0.50686 -2.94236
      vertex -0.482159 -0.835124 -2.84079
      vertex -0.58704 -0.765045 -2.84079
    endloop
  endfacet
  facet normal -0.114706 -0.232603 -0.965784
    outer loop
      vertex -0.292635 -0.50686 -2.94236
      vertex -0.223973 -0.54072 -2.94236
      vertex -0.482159 -0.835124 -2.84079
    endloop
  endfacet
  facet normal -0.114707 -0.232602 -0.965784
    outer loop
      vertex -0.223973 -0.54072 -2.94236
      vertex -0.369029 -0.890914 -2.84079
      vertex -0.482159 -0.835124 -2.84079
    endloop
  endfacet
  facet normal -0.0833634 -0.245585 -0.965784
    outer loop
      vertex -0.223973 -0.54072 -2.94236
      vertex -0.151479 -0.565328 -2.94236
      vertex -0.369029 -0.890914 -2.84079
    endloop
  endfacet
  facet normal -0.0833644 -0.245584 -0.965784
    outer loop
      vertex -0.151479 -0.565328 -2.94236
      vertex -0.249584 -0.93146 -2.84079
      vertex -0.369029 -0.890914 -2.84079
    endloop
  endfacet
  facet normal -0.0505979 -0.254364 -0.965784
    outer loop
      vertex -0.151479 -0.565328 -2.94236
      vertex -0.0763932 -0.580264 -2.94236
      vertex -0.249584 -0.93146 -2.84079
    endloop
  endfacet
  facet normal -0.0505973 -0.254364 -0.965784
    outer loop
      vertex -0.0763932 -0.580264 -2.94236
      vertex -0.125869 -0.956069 -2.84079
      vertex -0.249584 -0.93146 -2.84079
    endloop
  endfacet
  facet normal -0.0169619 -0.258792 -0.965784
    outer loop
      vertex -0.0763932 -0.580264 -2.94236
      vertex -0 -0.585271 -2.94236
      vertex -0.125869 -0.956069 -2.84079
    endloop
  endfacet
  facet normal -0.0169604 -0.258793 -0.965784
    outer loop
      vertex -0 -0.585271 -2.94236
      vertex -0 -0.964318 -2.84079
      vertex -0.125869 -0.956069 -2.84079
    endloop
  endfacet
  facet normal 0.0169619 -0.258793 -0.965784
    outer loop
      vertex -0 -0.585271 -2.94236
      vertex 0.0763932 -0.580264 -2.94236
      vertex -0 -0.964318 -2.84079
    endloop
  endfacet
  facet normal 0.0169603 -0.258793 -0.965784
    outer loop
      vertex 0.0763932 -0.580264 -2.94236
      vertex 0.125869 -0.956069 -2.84079
      vertex -0 -0.964318 -2.84079
    endloop
  endfacet
  facet normal 0.0505979 -0.254364 -0.965784
    outer loop
      vertex 0.0763932 -0.580264 -2.94236
      vertex 0.151479 -0.565328 -2.94236
      vertex 0.125869 -0.956069 -2.84079
    endloop
  endfacet
  facet normal 0.0505973 -0.254364 -0.965784
    outer loop
      vertex 0.151479 -0.565328 -2.94236
      vertex 0.249584 -0.93146 -2.84079
      vertex 0.125869 -0.956069 -2.84079
    endloop
  endfacet
  facet normal 0.0833633 -0.245584 -0.965784
    outer loop
      vertex 0.151479 -0.565328 -2.94236
      vertex 0.223973 -0.54072 -2.94236
      vertex 0.249584 -0.93146 -2.84079
    endloop
  endfacet
  facet normal 0.0833644 -0.245584 -0.965784
    outer loop
      vertex 0.223973 -0.54072 -2.94236
      vertex 0.369029 -0.890914 -2.84079
      vertex 0.249584 -0.93146 -2.84079
    endloop
  endfacet
  facet normal 0.114706 -0.232602 -0.965784
    outer loop
      vertex 0.223973 -0.54072 -2.94236
      vertex 0.292635 -0.50686 -2.94236
      vertex 0.369029 -0.890914 -2.84079
    endloop
  endfacet
  facet normal 0.114708 -0.232602 -0.965784
    outer loop
      vertex 0.292635 -0.50686 -2.94236
      vertex 0.482159 -0.835124 -2.84079
      vertex 0.369029 -0.890914 -2.84079
    endloop
  endfacet
  facet normal 0.144086 -0.21564 -0.965784
    outer loop
      vertex 0.292635 -0.50686 -2.94236
      vertex 0.35629 -0.464327 -2.94236
      vertex 0.482159 -0.835124 -2.84079
    endloop
  endfacet
  facet normal 0.144086 -0.21564 -0.965784
    outer loop
      vertex 0.35629 -0.464327 -2.94236
      vertex 0.58704 -0.765045 -2.84079
      vertex 0.482159 -0.835124 -2.84079
    endloop
  endfacet
  facet normal 0.171 -0.194988 -0.965784
    outer loop
      vertex 0.35629 -0.464327 -2.94236
      vertex 0.413849 -0.413849 -2.94236
      vertex 0.58704 -0.765045 -2.84079
    endloop
  endfacet
  facet normal 0.171 -0.194988 -0.965784
    outer loop
      vertex 0.413849 -0.413849 -2.94236
      vertex 0.681876 -0.681876 -2.84079
      vertex 0.58704 -0.765045 -2.84079
    endloop
  endfacet
  facet normal 0.194988 -0.171 -0.965784
    outer loop
      vertex 0.413849 -0.413849 -2.94236
      vertex 0.464327 -0.35629 -2.94236
      vertex 0.681876 -0.681876 -2.84079
    endloop
  endfacet
  facet normal 0.194988 -0.171 -0.965784
    outer loop
      vertex 0.464327 -0.35629 -2.94236
      vertex 0.765045 -0.58704 -2.84079
      vertex 0.681876 -0.681876 -2.84079
    endloop
  endfacet
  facet normal 0.21564 -0.144086 -0.965784
    outer loop
      vertex 0.464327 -0.35629 -2.94236
      vertex 0.50686 -0.292635 -2.94236
      vertex 0.765045 -0.58704 -2.84079
    endloop
  endfacet
  facet normal 0.21564 -0.144086 -0.965784
    outer loop
      vertex 0.50686 -0.292635 -2.94236
      vertex 0.835124 -0.482159 -2.84079
      vertex 0.765045 -0.58704 -2.84079
    endloop
  endfacet
  facet normal 0.232603 -0.114706 -0.965784
    outer loop
      vertex 0.50686 -0.292635 -2.94236
      vertex 0.54072 -0.223973 -2.94236
      vertex 0.835124 -0.482159 -2.84079
    endloop
  endfacet
  facet normal 0.232602 -0.114707 -0.965784
    outer loop
      vertex 0.54072 -0.223973 -2.94236
      vertex 0.890914 -0.369029 -2.84079
      vertex 0.835124 -0.482159 -2.84079
    endloop
  endfacet
  facet normal 0.245585 -0.0833634 -0.965784
    outer loop
      vertex 0.54072 -0.223973 -2.94236
      vertex 0.565328 -0.151479 -2.94236
      vertex 0.890914 -0.369029 -2.84079
    endloop
  endfacet
  facet normal 0.245584 -0.0833644 -0.965784
    outer loop
      vertex 0.565328 -0.151479 -2.94236
      vertex 0.93146 -0.249584 -2.84079
      vertex 0.890914 -0.369029 -2.84079
    endloop
  endfacet
  facet normal 0.254364 -0.0505979 -0.965784
    outer loop
      vertex 0.565328 -0.151479 -2.94236
      vertex 0.580264 -0.0763932 -2.94236
      vertex 0.93146 -0.249584 -2.84079
    endloop
  endfacet
  facet normal 0.254364 -0.0505973 -0.965784
    outer loop
      vertex 0.580264 -0.0763932 -2.94236
      vertex 0.956069 -0.125869 -2.84079
      vertex 0.93146 -0.249584 -2.84079
    endloop
  endfacet
  facet normal 0.258792 -0.0169619 -0.965784
    outer loop
      vertex 0.580264 -0.0763932 -2.94236
      vertex 0.585271 0 -2.94236
      vertex 0.956069 -0.125869 -2.84079
    endloop
  endfacet
  facet normal 0.258793 -0.0169604 -0.965784
    outer loop
      vertex 0.585271 0 -2.94236
      vertex 0.964318 0 -2.84079
      vertex 0.956069 -0.125869 -2.84079
    endloop
  endfacet
  facet normal 0.130519 0.0085516 -0.991409
    outer loop
      vertex 0.196209 0 -2.99358
      vertex 0.194531 0.0256105 -2.99358
      vertex 0.585271 0 -2.94236
    endloop
  endfacet
  facet normal 0.130519 0.00855455 -0.991409
    outer loop
      vertex 0.194531 0.0256105 -2.99358
      vertex 0.580264 0.0763932 -2.94236
      vertex 0.585271 0 -2.94236
    endloop
  endfacet
  facet normal 0.128286 0.0255173 -0.991409
    outer loop
      vertex 0.194531 0.0256105 -2.99358
      vertex 0.189524 0.0507827 -2.99358
      vertex 0.580264 0.0763932 -2.94236
    endloop
  endfacet
  facet normal 0.128286 0.0255185 -0.991409
    outer loop
      vertex 0.189524 0.0507827 -2.99358
      vertex 0.565328 0.151479 -2.94236
      vertex 0.580264 0.0763932 -2.94236
    endloop
  endfacet
  facet normal 0.123858 0.0420446 -0.991409
    outer loop
      vertex 0.189524 0.0507827 -2.99358
      vertex 0.181274 0.0750861 -2.99358
      vertex 0.565328 0.151479 -2.94236
    endloop
  endfacet
  facet normal 0.123858 0.0420434 -0.991409
    outer loop
      vertex 0.181274 0.0750861 -2.99358
      vertex 0.54072 0.223973 -2.94236
      vertex 0.565328 0.151479 -2.94236
    endloop
  endfacet
  facet normal 0.117309 0.0578531 -0.991409
    outer loop
      vertex 0.181274 0.0750861 -2.99358
      vertex 0.169922 0.0981047 -2.99358
      vertex 0.54072 0.223973 -2.94236
    endloop
  endfacet
  facet normal 0.11731 0.0578504 -0.991409
    outer loop
      vertex 0.169922 0.0981047 -2.99358
      vertex 0.50686 0.292635 -2.94236
      vertex 0.54072 0.223973 -2.94236
    endloop
  endfacet
  facet normal 0.108756 0.0726676 -0.991409
    outer loop
      vertex 0.169922 0.0981047 -2.99358
      vertex 0.155663 0.119445 -2.99358
      vertex 0.50686 0.292635 -2.94236
    endloop
  endfacet
  facet normal 0.108755 0.0726682 -0.991409
    outer loop
      vertex 0.155663 0.119445 -2.99358
      vertex 0.464327 0.35629 -2.94236
      vertex 0.50686 0.292635 -2.94236
    endloop
  endfacet
  facet normal 0.0983403 0.0862414 -0.991409
    outer loop
      vertex 0.155663 0.119445 -2.99358
      vertex 0.138741 0.138741 -2.99358
      vertex 0.464327 0.35629 -2.94236
    endloop
  endfacet
  facet normal 0.0983399 0.086242 -0.991409
    outer loop
      vertex 0.138741 0.138741 -2.99358
      vertex 0.413849 0.413849 -2.94236
      vertex 0.464327 0.35629 -2.94236
    endloop
  endfacet
  facet normal 0.0862415 0.0983404 -0.991409
    outer loop
      vertex 0.138741 0.138741 -2.99358
      vertex 0.119445 0.155663 -2.99358
      vertex 0.413849 0.413849 -2.94236
    endloop
  endfacet
  facet normal 0.086242 0.0983399 -0.991409
    outer loop
      vertex 0.119445 0.155663 -2.99358
      vertex 0.35629 0.464327 -2.94236
      vertex 0.413849 0.413849 -2.94236
    endloop
  endfacet
  facet normal 0.0726676 0.108756 -0.991409
    outer loop
      vertex 0.119445 0.155663 -2.99358
      vertex 0.0981047 0.169922 -2.99358
      vertex 0.35629 0.464327 -2.94236
    endloop
  endfacet
  facet normal 0.0726681 0.108755 -0.991409
    outer loop
      vertex 0.0981047 0.169922 -2.99358
      vertex 0.292635 0.50686 -2.94236
      vertex 0.35629 0.464327 -2.94236
    endloop
  endfacet
  facet normal 0.0578528 0.117309 -0.991409
    outer loop
      vertex 0.0981047 0.169922 -2.99358
      vertex 0.0750861 0.181274 -2.99358
      vertex 0.292635 0.50686 -2.94236
    endloop
  endfacet
  facet normal 0.0578505 0.11731 -0.991409
    outer loop
      vertex 0.0750861 0.181274 -2.99358
      vertex 0.223973 0.54072 -2.94236
      vertex 0.292635 0.50686 -2.94236
    endloop
  endfacet
  facet normal 0.0420445 0.123858 -0.991409
    outer loop
      vertex 0.0750861 0.181274 -2.99358
      vertex 0.0507827 0.189524 -2.99358
      vertex 0.223973 0.54072 -2.94236
    endloop
  endfacet
  facet normal 0.0420435 0.123858 -0.991409
    outer loop
      vertex 0.0507827 0.189524 -2.99358
      vertex 0.151479 0.565328 -2.94236
      vertex 0.223973 0.54072 -2.94236
    endloop
  endfacet
  facet normal 0.0255174 0.128286 -0.991409
    outer loop
      vertex 0.0507827 0.189524 -2.99358
      vertex 0.0256105 0.194531 -2.99358
      vertex 0.151479 0.565328 -2.94236
    endloop
  endfacet
  facet normal 0.0255185 0.128286 -0.991409
    outer loop
      vertex 0.0256105 0.194531 -2.99358
      vertex 0.0763932 0.580264 -2.94236
      vertex 0.151479 0.565328 -2.94236
    endloop
  endfacet
  facet normal 0.00855164 0.13052 -0.991409
    outer loop
      vertex 0.0256105 0.194531 -2.99358
      vertex 0 0.196209 -2.99358
      vertex 0.0763932 0.580264 -2.94236
    endloop
  endfacet
  facet normal 0.00855454 0.130519 -0.991409
    outer loop
      vertex 0 0.196209 -2.99358
      vertex 0 0.585271 -2.94236
      vertex 0.0763932 0.580264 -2.94236
    endloop
  endfacet
  facet normal -0.0085516 0.130519 -0.991409
    outer loop
      vertex 0 0.196209 -2.99358
      vertex -0.0256105 0.194531 -2.99358
      vertex 0 0.585271 -2.94236
    endloop
  endfacet
  facet normal -0.00855455 0.130519 -0.991409
    outer loop
      vertex -0.0256105 0.194531 -2.99358
      vertex -0.0763932 0.580264 -2.94236
      vertex 0 0.585271 -2.94236
    endloop
  endfacet
  facet normal -0.0255173 0.128286 -0.991409
    outer loop
      vertex -0.0256105 0.194531 -2.99358
      vertex -0.0507827 0.189524 -2.99358
      vertex -0.0763932 0.580264 -2.94236
    endloop
  endfacet
  facet normal -0.0255185 0.128286 -0.991409
    outer loop
      vertex -0.0507827 0.189524 -2.99358
      vertex -0.151479 0.565328 -2.94236
      vertex -0.0763932 0.580264 -2.94236
    endloop
  endfacet
  facet normal -0.0420446 0.123858 -0.991409
    outer loop
      vertex -0.0507827 0.189524 -2.99358
      vertex -0.0750861 0.181274 -2.99358
      vertex -0.151479 0.565328 -2.94236
    endloop
  endfacet
  facet normal -0.0420434 0.123858 -0.991409
    outer loop
      vertex -0.0750861 0.181274 -2.99358
      vertex -0.223973 0.54072 -2.94236
      vertex -0.151479 0.565328 -2.94236
    endloop
  endfacet
  facet normal -0.0578531 0.117309 -0.991409
    outer loop
      vertex -0.0750861 0.181274 -2.99358
      vertex -0.0981047 0.169922 -2.99358
      vertex -0.223973 0.54072 -2.94236
    endloop
  endfacet
  facet normal -0.0578504 0.11731 -0.991409
    outer loop
      vertex -0.0981047 0.169922 -2.99358
      vertex -0.292635 0.50686 -2.94236
      vertex -0.223973 0.54072 -2.94236
    endloop
  endfacet
  facet normal -0.0726676 0.108756 -0.991409
    outer loop
      vertex -0.0981047 0.169922 -2.99358
      vertex -0.119445 0.155663 -2.99358
      vertex -0.292635 0.50686 -2.94236
    endloop
  endfacet
  facet normal -0.0726682 0.108755 -0.991409
    outer loop
      vertex -0.119445 0.155663 -2.99358
      vertex -0.35629 0.464327 -2.94236
      vertex -0.292635 0.50686 -2.94236
    endloop
  endfacet
  facet normal -0.0862414 0.0983403 -0.991409
    outer loop
      vertex -0.119445 0.155663 -2.99358
      vertex -0.138741 0.138741 -2.99358
      vertex -0.35629 0.464327 -2.94236
    endloop
  endfacet
  facet normal -0.086242 0.0983399 -0.991409
    outer loop
      vertex -0.138741 0.138741 -2.99358
      vertex -0.413849 0.413849 -2.94236
      vertex -0.35629 0.464327 -2.94236
    endloop
  endfacet
  facet normal -0.0983404 0.0862415 -0.991409
    outer loop
      vertex -0.138741 0.138741 -2.99358
      vertex -0.155663 0.119445 -2.99358
      vertex -0.413849 0.413849 -2.94236
    endloop
  endfacet
  facet normal -0.0983399 0.086242 -0.991409
    outer loop
      vertex -0.155663 0.119445 -2.99358
      vertex -0.464327 0.35629 -2.94236
      vertex -0.413849 0.413849 -2.94236
    endloop
  endfacet
  facet normal -0.108756 0.0726676 -0.991409
    outer loop
      vertex -0.155663 0.119445 -2.99358
      vertex -0.169922 0.0981047 -2.99358
      vertex -0.464327 0.35629 -2.94236
    endloop
  endfacet
  facet normal -0.108755 0.0726681 -0.991409
    outer loop
      vertex -0.169922 0.0981047 -2.99358
      vertex -0.50686 0.292635 -2.94236
      vertex -0.464327 0.35629 -2.94236
    endloop
  endfacet
  facet normal -0.117309 0.0578528 -0.991409
    outer loop
      vertex -0.169922 0.0981047 -2.99358
      vertex -0.181274 0.0750861 -2.99358
      vertex -0.50686 0.292635 -2.94236
    endloop
  endfacet
  facet normal -0.11731 0.0578505 -0.991409
    outer loop
      vertex -0.181274 0.0750861 -2.99358
      vertex -0.54072 0.223973 -2.94236
      vertex -0.50686 0.292635 -2.94236
    endloop
  endfacet
  facet normal -0.123858 0.0420445 -0.991409
    outer loop
      vertex -0.181274 0.0750861 -2.99358
      vertex -0.189524 0.0507827 -2.99358
      vertex -0.54072 0.223973 -2.94236
    endloop
  endfacet
  facet normal -0.123858 0.0420435 -0.991409
    outer loop
      vertex -0.189524 0.0507827 -2.99358
      vertex -0.565328 0.151479 -2.94236
      vertex -0.54072 0.223973 -2.94236
    endloop
  endfacet
  facet normal -0.128286 0.0255174 -0.991409
    outer loop
      vertex -0.189524 0.0507827 -2.99358
      vertex -0.194531 0.0256105 -2.99358
      vertex -0.565328 0.151479 -2.94236
    endloop
  endfacet
  facet normal -0.128286 0.0255185 -0.991409
    outer loop
      vertex -0.194531 0.0256105 -2.99358
      vertex -0.580264 0.0763932 -2.94236
      vertex -0.565328 0.151479 -2.94236
    endloop
  endfacet
  facet normal -0.13052 0.00855164 -0.991409
    outer loop
      vertex -0.194531 0.0256105 -2.99358
      vertex -0.196209 -0 -2.99358
      vertex -0.580264 0.0763932 -2.94236
    endloop
  endfacet
  facet normal -0.130519 0.00855454 -0.991409
    outer loop
      vertex -0.196209 -0 -2.99358
      vertex -0.585271 -0 -2.94236
      vertex -0.580264 0.0763932 -2.94236
    endloop
  endfacet
  facet normal -0.130519 -0.0085516 -0.991409
    outer loop
      vertex -0.196209 -0 -2.99358
      vertex -0.194531 -0.0256105 -2.99358
      vertex -0.585271 -0 -2.94236
    endloop
  endfacet
  facet normal -0.130519 -0.00855455 -0.991409
    outer loop
      vertex -0.194531 -0.0256105 -2.99358
      vertex -0.580264 -0.0763932 -2.94236
      vertex -0.585271 -0 -2.94236
    endloop
  endfacet
  facet normal -0.128286 -0.0255173 -0.991409
    outer loop
      vertex -0.194531 -0.0256105 -2.99358
      vertex -0.189524 -0.0507827 -2.99358
      vertex -0.580264 -0.0763932 -2.94236
    endloop
  endfacet
  facet normal -0.128286 -0.0255185 -0.991409
    outer loop
      vertex -0.189524 -0.0507827 -2.99358
      vertex -0.565328 -0.151479 -2.94236
      vertex -0.580264 -0.0763932 -2.94236
    endloop
  endfacet
  facet normal -0.123858 -0.0420446 -0.991409
    outer loop
      vertex -0.189524 -0.0507827 -2.99358
      vertex -0.181274 -0.0750861 -2.99358
      vertex -0.565328 -0.151479 -2.94236
    endloop
  endfacet
  facet normal -0.123858 -0.0420434 -0.991409
    outer loop
      vertex -0.181274 -0.0750861 -2.99358
      vertex -0.54072 -0.223973 -2.94236
      vertex -0.565328 -0.151479 -2.94236
    endloop
  endfacet
  facet normal -0.117309 -0.0578531 -0.991409
    outer loop
      vertex -0.181274 -0.0750861 -2.99358
      vertex -0.169922 -0.0981047 -2.99358
      vertex -0.54072 -0.223973 -2.94236
    endloop
  endfacet
  facet normal -0.11731 -0.0578504 -0.991409
    outer loop
      vertex -0.169922 -0.0981047 -2.99358
      vertex -0.50686 -0.292635 -2.94236
      vertex -0.54072 -0.223973 -2.94236
    endloop
  endfacet
  facet normal -0.108756 -0.0726676 -0.991409
    outer loop
      vertex -0.169922 -0.0981047 -2.99358
      vertex -0.155663 -0.119445 -2.99358
      vertex -0.50686 -0.292635 -2.94236
    endloop
  endfacet
  facet normal -0.108755 -0.0726682 -0.991409
    outer loop
      vertex -0.155663 -0.119445 -2.99358
      vertex -0.464327 -0.35629 -2.94236
      vertex -0.50686 -0.292635 -2.94236
    endloop
  endfacet
  facet normal -0.0983403 -0.0862414 -0.991409
    outer loop
      vertex -0.155663 -0.119445 -2.99358
      vertex -0.138741 -0.138741 -2.99358
      vertex -0.464327 -0.35629 -2.94236
    endloop
  endfacet
  facet normal -0.0983399 -0.086242 -0.991409
    outer loop
      vertex -0.138741 -0.138741 -2.99358
      vertex -0.413849 -0.413849 -2.94236
      vertex -0.464327 -0.35629 -2.94236
    endloop
  endfacet
  facet normal -0.0862415 -0.0983404 -0.991409
    outer loop
      vertex -0.138741 -0.138741 -2.99358
      vertex -0.119445 -0.155663 -2.99358
      vertex -0.413849 -0.413849 -2.94236
    endloop
  endfacet
  facet normal -0.086242 -0.0983399 -0.991409
    outer loop
      vertex -0.119445 -0.155663 -2.99358
      vertex -0.35629 -0.464327 -2.94236
      vertex -0.413849 -0.413849 -2.94236
    endloop
  endfacet
  facet normal -0.0726676 -0.108756 -0.991409
    outer loop
      vertex -0.119445 -0.155663 -2.99358
      vertex -0.0981047 -0.169922 -2.99358
      vertex -0.35629 -0.464327 -2.94236
    endloop
  endfacet
  facet normal -0.0726681 -0.108755 -0.991409
    outer loop
      vertex -0.0981047 -0.169922 -2.99358
      vertex -0.292635 -0.50686 -2.94236
      vertex -0.35629 -0.464327 -2.94236
    endloop
  endfacet
  facet normal -0.0578528 -0.117309 -0.991409
    outer loop
      vertex -0.0981047 -0.169922 -2.99358
      vertex -0.0750861 -0.181274 -2.99358
      vertex -0.292635 -0.50686 -2.94236
    endloop
  endfacet
  facet normal -0.0578505 -0.11731 -0.991409
    outer loop
      vertex -0.0750861 -0.181274 -2.99358
      vertex -0.223973 -0.54072 -2.94236
      vertex -0.292635 -0.50686 -2.94236
    endloop
  endfacet
  facet normal -0.0420445 -0.123858 -0.991409
    outer loop
      vertex -0.0750861 -0.181274 -2.99358
      vertex -0.0507827 -0.189524 -2.99358
      vertex -0.223973 -0.54072 -2.94236
    endloop
  endfacet
  facet normal -0.0420435 -0.123858 -0.991409
    outer loop
      vertex -0.0507827 -0.189524 -2.99358
      vertex -0.151479 -0.565328 -2.94236
      vertex -0.223973 -0.54072 -2.94236
    endloop
  endfacet
  facet normal -0.0255174 -0.128286 -0.991409
    outer loop
      vertex -0.0507827 -0.189524 -2.99358
      vertex -0.0256105 -0.194531 -2.99358
      vertex -0.151479 -0.565328 -2.94236
    endloop
  endfacet
  facet normal -0.0255185 -0.128286 -0.991409
    outer loop
      vertex -0.0256105 -0.194531 -2.99358
      vertex -0.0763932 -0.580264 -2.94236
      vertex -0.151479 -0.565328 -2.94236
    endloop
  endfacet
  facet normal -0.00855164 -0.13052 -0.991409
    outer loop
      vertex -0.0256105 -0.194531 -2.99358
      vertex -0 -0.196209 -2.99358
      vertex -0.0763932 -0.580264 -2.94236
    endloop
  endfacet
  facet normal -0.00855454 -0.130519 -0.991409
    outer loop
      vertex -0 -0.196209 -2.99358
      vertex -0 -0.585271 -2.94236
      vertex -0.0763932 -0.580264 -2.94236
    endloop
  endfacet
  facet normal 0.0085516 -0.130519 -0.991409
    outer loop
      vertex -0 -0.196209 -2.99358
      vertex 0.0256105 -0.194531 -2.99358
      vertex -0 -0.585271 -2.94236
    endloop
  endfacet
  facet normal 0.00855455 -0.130519 -0.991409
    outer loop
      vertex 0.0256105 -0.194531 -2.99358
      vertex 0.0763932 -0.580264 -2.94236
      vertex -0 -0.585271 -2.94236
    endloop
  endfacet
  facet normal 0.0255173 -0.128286 -0.991409
    outer loop
      vertex 0.0256105 -0.194531 -2.99358
      vertex 0.0507827 -0.189524 -2.99358
      vertex 0.0763932 -0.580264 -2.94236
    endloop
  endfacet
  facet normal 0.0255185 -0.128286 -0.991409
    outer loop
      vertex 0.0507827 -0.189524 -2.99358
      vertex 0.151479 -0.565328 -2.94236
      vertex 0.0763932 -0.580264 -2.94236
    endloop
  endfacet
  facet normal 0.0420446 -0.123858 -0.991409
    outer loop
      vertex 0.0507827 -0.189524 -2.99358
      vertex 0.0750861 -0.181274 -2.99358
      vertex 0.151479 -0.565328 -2.94236
    endloop
  endfacet
  facet normal 0.0420434 -0.123858 -0.991409
    outer loop
      vertex 0.0750861 -0.181274 -2.99358
      vertex 0.223973 -0.54072 -2.94236
      vertex 0.151479 -0.565328 -2.94236
    endloop
  endfacet
  facet normal 0.0578531 -0.117309 -0.991409
    outer loop
      vertex 0.0750861 -0.181274 -2.99358
      vertex 0.0981047 -0.169922 -2.99358
      vertex 0.223973 -0.54072 -2.94236
    endloop
  endfacet
  facet normal 0.0578504 -0.11731 -0.991409
    outer loop
      vertex 0.0981047 -0.169922 -2.99358
      vertex 0.292635 -0.50686 -2.94236
      vertex 0.223973 -0.54072 -2.94236
    endloop
  endfacet
  facet normal 0.0726676 -0.108756 -0.991409
    outer loop
      vertex 0.0981047 -0.169922 -2.99358
      vertex 0.119445 -0.155663 -2.99358
      vertex 0.292635 -0.50686 -2.94236
    endloop
  endfacet
  facet normal 0.0726682 -0.108755 -0.991409
    outer loop
      vertex 0.119445 -0.155663 -2.99358
      vertex 0.35629 -0.464327 -2.94236
      vertex 0.292635 -0.50686 -2.94236
    endloop
  endfacet
  facet normal 0.0862414 -0.0983403 -0.991409
    outer loop
      vertex 0.119445 -0.155663 -2.99358
      vertex 0.138741 -0.138741 -2.99358
      vertex 0.35629 -0.464327 -2.94236
    endloop
  endfacet
  facet normal 0.086242 -0.0983399 -0.991409
    outer loop
      vertex 0.138741 -0.138741 -2.99358
      vertex 0.413849 -0.413849 -2.94236
      vertex 0.35629 -0.464327 -2.94236
    endloop
  endfacet
  facet normal 0.0983404 -0.0862415 -0.991409
    outer loop
      vertex 0.138741 -0.138741 -2.99358
      vertex 0.155663 -0.119445 -2.99358
      vertex 0.413849 -0.413849 -2.94236
    endloop
  endfacet
  facet normal 0.0983399 -0.086242 -0.991409
    outer loop
      vertex 0.155663 -0.119445 -2.99358
      vertex 0.464327 -0.35629 -2.94236
      vertex 0.413849 -0.413849 -2.94236
    endloop
  endfacet
  facet normal 0.108756 -0.0726676 -0.991409
    outer loop
      vertex 0.155663 -0.119445 -2.99358
      vertex 0.169922 -0.0981047 -2.99358
      vertex 0.464327 -0.35629 -2.94236
    endloop
  endfacet
  facet normal 0.108755 -0.0726681 -0.991409
    outer loop
      vertex 0.169922 -0.0981047 -2.99358
      vertex 0.50686 -0.292635 -2.94236
      vertex 0.464327 -0.35629 -2.94236
    endloop
  endfacet
  facet normal 0.117309 -0.0578528 -0.991409
    outer loop
      vertex 0.169922 -0.0981047 -2.99358
      vertex 0.181274 -0.0750861 -2.99358
      vertex 0.50686 -0.292635 -2.94236
    endloop
  endfacet
  facet normal 0.11731 -0.0578505 -0.991409
    outer loop
      vertex 0.181274 -0.0750861 -2.99358
      vertex 0.54072 -0.223973 -2.94236
      vertex 0.50686 -0.292635 -2.94236
    endloop
  endfacet
  facet normal 0.123858 -0.0420445 -0.991409
    outer loop
      vertex 0.181274 -0.0750861 -2.99358
      vertex 0.189524 -0.0507827 -2.99358
      vertex 0.54072 -0.223973 -2.94236
    endloop
  endfacet
  facet normal 0.123858 -0.0420435 -0.991409
    outer loop
      vertex 0.189524 -0.0507827 -2.99358
      vertex 0.565328 -0.151479 -2.94236
      vertex 0.54072 -0.223973 -2.94236
    endloop
  endfacet
  facet normal 0.128286 -0.0255174 -0.991409
    outer loop
      vertex 0.189524 -0.0507827 -2.99358
      vertex 0.194531 -0.0256105 -2.99358
      vertex 0.565328 -0.151479 -2.94236
    endloop
  endfacet
  facet normal 0.128286 -0.0255185 -0.991409
    outer loop
      vertex 0.194531 -0.0256105 -2.99358
      vertex 0.580264 -0.0763932 -2.94236
      vertex 0.565328 -0.151479 -2.94236
    endloop
  endfacet
  facet normal 0.13052 -0.00855164 -0.991409
    outer loop
      vertex 0.194531 -0.0256105 -2.99358
      vertex 0.196209 0 -2.99358
      vertex 0.580264 -0.0763932 -2.94236
    endloop
  endfacet
  facet normal 0.130519 -0.00855454 -0.991409
    outer loop
      vertex 0.196209 0 -2.99358
      vertex 0.585271 0 -2.94236
      vertex 0.580264 -0.0763932 -2.94236
    endloop
  endfacet
  facet normal 0 0 -1
    outer loop
      vertex 0.194531 -0.0256105 -2.99358
      vertex 0.194531 0.0256105 -2.99358
      vertex 0.196209 0 -2.99358
    endloop
  endfacet
  facet normal 0 0 -1
    outer loop
      vertex 0.189524 -0.0507827 -2.99358
      vertex 0.194531 0.0256105 -2.99358
      vertex 0.194531 -0.0256105 -2.99358
    endloop
  endfacet
  facet normal 0 0 -1
    outer loop
      vertex 0.189524 -0.0507827 -2.99358
      vertex 0.189524 0.0507827 -2.99358
      vertex 0.194531 0.0256105 -2.99358
    endloop
  endfacet
  facet normal 0 0 -1
    outer loop
      vertex 0.181274 -0.0750861 -2.99358
      vertex 0.189524 0.0507827 -2.99358
      vertex 0.189524 -0.0507827 -2.99358
    endloop
  endfacet
  facet normal 0 0 -1
    outer loop
      vertex 0.181274 -0.0750861 -2.99358
      vertex 0.181274 0.0750861 -2.99358
      vertex 0.189524 0.0507827 -2.99358
    endloop
  endfacet
  facet normal 0 0 -1
    outer loop
      vertex 0.169922 -0.0981047 -2.99358
      vertex 0.181274 0.0750861 -2.99358
      vertex 0.181274 -0.0750861 -2.99358
    endloop
  endfacet
  facet normal 0 0 -1
    outer loop
      vertex 0.169922 -0.0981047 -2.99358
      vertex 0.169922 0.0981047 -2.99358
      vertex 0.181274 0.0750861 -2.99358
    endloop
  endfacet
  facet normal 0 0 -1
    outer loop
      vertex 0.155663 -0.119445 -2.99358
      vertex 0.169922 0.0981047 -2.99358
      vertex 0.169922 -0.0981047 -2.99358
    endloop
  endfacet
  facet normal 0 0 -1
    outer loop
      vertex 0.155663 -0.119445 -2.99358
      vertex 0.155663 0.119445 -2.99358
      vertex 0.169922 0.0981047 -2.99358
    endloop
  endfacet
  facet normal 0 0 -1
    outer loop
      vertex 0.138741 -0.138741 -2.99358
      vertex 0.155663 0.119445 -2.99358
      vertex 0.155663 -0.119445 -2.99358
    endloop
  endfacet
  facet normal 0 0 -1
    outer loop
      vertex 0.138741 -0.138741 -2.99358
      vertex 0.138741 0.138741 -2.99358
      vertex 0.155663 0.119445 -2.99358
    endloop
  endfacet
  facet normal 0 0 -1
    outer loop
      vertex 0.119445 -0.155663 -2.99358
      vertex 0.138741 0.138741 -2.99358
      vertex 0.138741 -0.138741 -2.99358
    endloop
  endfacet
  facet normal 0 0 -1
    outer loop
      vertex 0.119445 -0.155663 -2.99358
      vertex 0.119445 0.155663 -2.99358
      vertex 0.138741 0.138741 -2.99358
    endloop
  endfacet
  facet normal 0 0 -1
    outer loop
      vertex 0.0981047 -0.169922 -2.99358
      vertex 0.119445 0.155663 -2.99358
      vertex 0.119445 -0.155663 -2.99358
    endloop
  endfacet
  facet normal 0 0 -1
    outer loop
      vertex 0.0981047 -0.169922 -2.99358
      vertex 0.0981047 0.169922 -2.99358
      vertex 0.119445 0.155663 -2.99358
    endloop
  endfacet
  facet normal 0 0 -1
    outer loop
      vertex 0.0750861 -0.181274 -2.99358
      vertex 0.0981047 0.169922 -2.99358
      vertex 0.0981047 -0.169922 -2.99358
    endloop
  endfacet
  facet normal 0 0 -1
    outer loop
      vertex 0.0750861 -0.181274 -2.99358
      vertex 0.0750861 0.181274 -2.99358
      vertex 0.0981047 0.169922 -2.99358
    endloop
  endfacet
  facet normal 0 0 -1
    outer loop
      vertex 0.0507827 -0.189524 -2.99358
      vertex 0.0750861 0.181274 -2.99358
      vertex 0.0750861 -0.181274 -2.99358
    endloop
  endfacet
  facet normal 0 0 -1
    outer loop
      vertex 0.0507827 -0.189524 -2.99358
      vertex 0.0507827 0.189524 -2.99358
      vertex 0.0750861 0.181274 -2.99358
    endloop
  endfacet
  facet normal 0 0 -1
    outer loop
      vertex 0.0256105 -0.194531 -2.99358
      vertex 0.0507827 0.189524 -2.99358
      vertex 0.0507827 -0.189524 -2.99358
    endloop
  endfacet
  facet normal 0 0 -1
    outer loop
      vertex 0.0256105 -0.194531 -2.99358
      vertex 0.0256105 0.194531 -2.99358
      vertex 0.0507827 0.189524 -2.99358
    endloop
  endfacet
  facet normal 0 0 -1
    outer loop
      vertex -0 -0.196209 -2.99358
      vertex 0.0256105 0.194531 -2.99358
      vertex 0.0256105 -0.194531 -2.99358
    endloop
  endfacet
  facet normal 0 0 -1
    outer loop
      vertex -0 -0.196209 -2.99358
      vertex 0 0.196209 -2.99358
      vertex 0.0256105 0.194531 -2.99358
    endloop
  endfacet
  facet normal 0 0 -1
    outer loop
      vertex -0.0256105 -0.194531 -2.99358
      vertex 0 0.196209 -2.99358
      vertex -0 -0.196209 -2.99358
    endloop
  endfacet
  facet normal 0 0 -1
    outer loop
      vertex -0.0256105 -0.194531 -2.99358
      vertex -0.0256105 0.194531 -2.99358
      vertex 0 0.196209 -2.99358
    endloop
  endfacet
  facet normal 0 0 -1
    outer loop
      vertex -0.0507827 -0.189524 -2.99358
      vertex -0.0256105 0.194531 -2.99358
      vertex -0.0256105 -0.194531 -2.99358
    endloop
  endfacet
  facet normal 0 0 -1
    outer loop
      vertex -0.0507827 -0.189524 -2.99358
      vertex -0.0507827 0.189524 -2.99358
      vertex -0.0256105 0.194531 -2.99358
    endloop
  endfacet
  facet normal 0 0 -1
    outer loop
      vertex -0.0750861 -0.181274 -2.99358
      vertex -0.0507827 0.189524 -2.99358
      vertex -0.0507827 -0.189524 -2.99358
    endloop
  endfacet
  facet normal 0 0 -1
    outer loop
      vertex -0.0750861 -0.181274 -2.99358
      vertex -0.0750861 0.181274 -2.99358
      vertex -0.0507827 0.189524 -2.99358
    endloop
  endfacet
  facet normal 0 0 -1
    outer loop
      vertex -0.0981047 -0.169922 -2.99358
      vertex -0.0750861 0.181274 -2.99358
      vertex -0.0750861 -0.181274 -2.99358
    endloop
  endfacet
  facet normal 0 0 -1
    outer loop
      vertex -0.0981047 -0.169922 -2.99358
      vertex -0.0981047 0.169922 -2.99358
      vertex -0.0750861 0.181274 -2.99358
    endloop
  endfacet
  facet normal 0 0 -1
    outer loop
      vertex -0.119445 -0.155663 -2.99358
      vertex -0.0981047 0.169922 -2.99358
      vertex -0.0981047 -0.169922 -2.99358
    endloop
  endfacet
  facet normal 0 0 -1
    outer loop
      vertex -0.119445 -0.155663 -2.99358
      vertex -0.119445 0.155663 -2.99358
      vertex -0.0981047 0.169922 -2.99358
    endloop
  endfacet
  facet normal 0 0 -1
    outer loop
      vertex -0.138741 -0.138741 -2.99358
      vertex -0.119445 0.155663 -2.99358
      vertex -0.119445 -0.155663 -2.99358
    endloop
  endfacet
  facet normal 0 0 -1
    outer loop
      vertex -0.138741 -0.138741 -2.99358
      vertex -0.138741 0.138741 -2.99358
      vertex -0.119445 0.155663 -2.99358
    endloop
  endfacet
  facet normal 0 0 -1
    outer loop
      vertex -0.155663 -0.119445 -2.99358
      vertex -0.138741 0.138741 -2.99358
      vertex -0.138741 -0.138741 -2.99358
    endloop
  endfacet
  facet normal 0 0 -1
    outer loop
      vertex -0.155663 -0.119445 -2.99358
      vertex -0.155663 0.119445 -2.99358
      vertex -0.138741 0.138741 -2.99358
    endloop
  endfacet
  facet normal 0 0 -1
    outer loop
      vertex -0.169922 -0.0981047 -2.99358
      vertex -0.155663 0.119445 -2.99358
      vertex -0.155663 -0.119445 -2.99358
    endloop
  endfacet
  facet normal 0 0 -1
    outer loop
      vertex -0.169922 -0.0981047 -2.99358
      vertex -0.169922 0.0981047 -2.99358
      vertex -0.155663 0.119445 -2.99358
    endloop
  endfacet
  facet normal 0 0 -1
    outer loop
      vertex -0.181274 -0.0750861 -2.99358
      vertex -0.169922 0.0981047 -2.99358
      vertex -0.169922 -0.0981047 -2.99358
    endloop
  endfacet
  facet normal 0 0 -1
    outer loop
      vertex -0.181274 -0.0750861 -2.99358
      vertex -0.181274 0.0750861 -2.99358
      vertex -0.169922 0.0981047 -2.99358
    endloop
  endfacet
  facet normal 0 0 -1
    outer loop
      vertex -0.189524 -0.0507827 -2.99358
      vertex -0.181274 0.0750861 -2.99358
      vertex -0.181274 -0.0750861 -2.99358
    endloop
  endfacet
  facet normal 0 0 -1
    outer loop
      vertex -0.189524 -0.0507827 -2.99358
      vertex -0.189524 0.0507827 -2.99358
      vertex -0.181274 0.0750861 -2.99358
    endloop
  endfacet
  facet normal 0 0 -1
    outer loop
      vertex -0.194531 -0.0256105 -2.99358
      vertex -0.189524 0.0507827 -2.99358
      vertex -0.189524 -0.0507827 -2.99358
    endloop
  endfacet
  facet normal 0 0 -1
    outer loop
      vertex -0.194531 -0.0256105 -2.99358
      vertex -0.194531 0.0256105 -2.99358
      vertex -0.189524 0.0507827 -2.99358
    endloop
  endfacet
  facet normal 0 -0 -1
    outer loop
      vertex -0.194531 0.0256105 -2.99358
      vertex -0.194531 -0.0256105 -2.99358
      vertex -0.196209 -0 -2.99358
    endloop
  endfacet
endsolid OpenSCAD_Model
